K_label,K_value,objective,n_lsoa_with_xj_gt_0,M1_avg_dist_m,M2_coverage_800m,M3_imd_gap,M4_gini
K0,16.70702596904573,78892913.91305958,250,230.42726469094606,0.9198545506336246,-0.018154185865108086,0.32785121320070554
0.5*K0,8.353512984522865,80997680.66110355,250,236.76515179326574,0.914295583329999,-0.003060631147580928,0.33124924151136437
2*K0,33.41405193809146,74548873.50474289,250,217.50238009003354,0.9288900749454804,-0.030969962589055378,0.3214552567345252
