K_label,K_value,objective,n_lsoa_with_xj_gt_0,M1_avg_dist_m,M2_coverage_800m,M3_imd_gap,M4_gini
K0,12.57655688138312,77146087.3340691,250,225.2486314266069,0.9227210308022731,-0.022273487347333143,0.3248550658619356
0.5*K0,6.28827844069156,80514740.62231079,250,235.31188085039472,0.91552491385693,-0.003060631147580928,0.3304497641401
2*K0,25.15311376276624,73915508.87157673,250,215.66375282965703,0.9313362554863784,-0.02348455342476885,0.3208536359630064
