lsoa_code,lsoa_name,Hi,Ci,vehicle_stock_proxy,cars_0,cars_1,cars_2,cars_3plus
E01000001,City of London 001A,837.0,0.3954599761051374,331.0,555,243.0,29.0,10.0
E01000002,City of London 001B,824.0,0.3592233009708738,296.0,578,208.0,26.0,12.0
E01000003,City of London 001C,1017.0,0.21632251720747295,220.0,826,169.0,15.0,7.0
E01000005,City of London 001E,479.0,0.24843423799582465,119.0,375,92.0,9.0,3.0
E01000006,Barking and Dagenham 016A,554.0,0.9314079422382672,516.0,183,251.0,95.0,25.0
E01000007,Barking and Dagenham 015A,1191.0,0.4441645675902603,529.0,726,408.0,50.0,7.0
E01000008,Barking and Dagenham 015B,547.0,0.6179159049360147,338.0,281,205.0,50.0,11.0
E01000009,Barking and Dagenham 016B,600.0,0.6733333333333333,404.0,303,215.0,57.0,25.0
E01000011,Barking and Dagenham 016C,474.0,0.7552742616033755,358.0,217,173.0,67.0,17.0
E01000012,Barking and Dagenham 015D,782.0,0.6048593350383632,473.0,389,322.0,62.0,9.0
E01000013,Barking and Dagenham 013A,619.0,0.8626817447495961,534.0,216,296.0,83.0,24.0
E01000014,Barking and Dagenham 013B,637.0,0.9701726844583988,618.0,195,293.0,122.0,27.0
E01000015,Barking and Dagenham 009A,835.0,0.8359281437125748,698.0,308,384.0,115.0,28.0
E01000016,Barking and Dagenham 009B,627.0,0.9824561403508771,616.0,202,269.0,121.0,35.0
E01000017,Barking and Dagenham 009C,598.0,0.939799331103679,562.0,187,289.0,93.0,29.0
E01000018,Barking and Dagenham 009D,644.0,0.9642857142857143,621.0,190,312.0,117.0,25.0
E01000019,Barking and Dagenham 023A,498.0,1.0441767068273093,520.0,136,239.0,88.0,35.0
E01000020,Barking and Dagenham 023B,664.0,1.016566265060241,675.0,195,305.0,122.0,42.0
E01000021,Barking and Dagenham 008A,591.0,0.9035532994923858,534.0,208,265.0,85.0,33.0
E01000022,Barking and Dagenham 008B,477.0,1.0482180293501049,500.0,120,233.0,105.0,19.0
E01000024,Barking and Dagenham 008D,460.0,1.1,506.0,116,215.0,96.0,33.0
E01000025,Barking and Dagenham 008E,694.0,0.8703170028818443,604.0,253,304.0,111.0,26.0
E01000027,Barking and Dagenham 001A,662.0,1.0483383685800605,694.0,203,269.0,145.0,45.0
E01000028,Barking and Dagenham 001B,622.0,0.8231511254019293,512.0,249,253.0,101.0,19.0
E01000029,Barking and Dagenham 001C,681.0,1.143906020558003,779.0,147,334.0,155.0,45.0
E01000030,Barking and Dagenham 001D,907.0,0.8732083792723263,792.0,316,417.0,147.0,27.0
E01000031,Barking and Dagenham 002A,594.0,1.1632996632996633,691.0,148,252.0,143.0,51.0
E01000032,Barking and Dagenham 002B,723.0,0.9529737206085753,689.0,234,325.0,128.0,36.0
E01000033,Barking and Dagenham 006A,551.0,0.9382940108892922,517.0,195,222.0,107.0,27.0
E01000034,Barking and Dagenham 003A,514.0,1.0894941634241244,560.0,153,208.0,107.0,46.0
E01000035,Barking and Dagenham 010A,596.0,0.9546979865771812,569.0,192,268.0,107.0,29.0
E01000036,Barking and Dagenham 010B,471.0,1.0615711252653928,500.0,130,210.0,103.0,28.0
E01000037,Barking and Dagenham 003B,588.0,1.3350340136054422,785.0,103,257.0,156.0,72.0
E01000038,Barking and Dagenham 003C,564.0,1.1879432624113475,670.0,132,244.0,138.0,50.0
E01000039,Barking and Dagenham 003D,642.0,1.14797507788162,737.0,156,275.0,171.0,40.0
E01000040,Barking and Dagenham 019A,654.0,0.7874617737003058,515.0,268,278.0,87.0,21.0
E01000041,Barking and Dagenham 017A,600.0,1.0033333333333334,602.0,178,266.0,132.0,24.0
E01000042,Barking and Dagenham 017B,655.0,0.7435114503816794,487.0,275,285.0,83.0,12.0
E01000043,Barking and Dagenham 019B,470.0,1.0148936170212766,477.0,157,178.0,106.0,29.0
E01000044,Barking and Dagenham 016D,661.0,0.7095310136157338,469.0,292,278.0,82.0,9.0
E01000045,Barking and Dagenham 017C,577.0,0.9081455805892548,524.0,201,254.0,96.0,26.0
E01000046,Barking and Dagenham 017D,660.0,0.9212121212121213,608.0,213,308.0,117.0,22.0
E01000049,Barking and Dagenham 021C,575.0,0.7565217391304347,435.0,242,248.0,68.0,17.0
E01000050,Barking and Dagenham 019C,631.0,0.716323296354992,452.0,269,284.0,66.0,12.0
E01000051,Barking and Dagenham 021D,432.0,0.5393518518518519,233.0,223,186.0,22.0,1.0
E01000052,Barking and Dagenham 019D,797.0,0.7503136762860728,598.0,323,367.0,90.0,17.0
E01000053,Barking and Dagenham 020A,651.0,0.7711213517665131,502.0,267,287.0,76.0,21.0
E01000054,Barking and Dagenham 018A,639.0,0.9671361502347418,618.0,201,290.0,116.0,32.0
E01000055,Barking and Dagenham 018B,567.0,0.9576719576719577,543.0,179,251.0,119.0,18.0
E01000056,Barking and Dagenham 018C,563.0,0.9467140319715808,533.0,178,258.0,106.0,21.0
E01000057,Barking and Dagenham 012A,531.0,0.815442561205273,433.0,200,244.0,72.0,15.0
E01000058,Barking and Dagenham 018D,698.0,0.9068767908309455,633.0,221,339.0,120.0,18.0
E01000059,Barking and Dagenham 013C,571.0,1.031523642732049,589.0,163,262.0,111.0,35.0
E01000060,Barking and Dagenham 006B,813.0,0.7884378843788438,641.0,342,332.0,108.0,31.0
E01000061,Barking and Dagenham 006C,752.0,0.6183510638297872,465.0,379,291.0,72.0,10.0
E01000062,Barking and Dagenham 006D,766.0,0.9725848563968669,745.0,243,342.0,140.0,41.0
E01000063,Barking and Dagenham 004A,624.0,0.9391025641025641,586.0,198,297.0,98.0,31.0
E01000064,Barking and Dagenham 006E,796.0,0.9484924623115578,755.0,219,425.0,126.0,26.0
E01000065,Barking and Dagenham 007A,783.0,0.8314176245210728,651.0,329,295.0,121.0,38.0
E01000066,Barking and Dagenham 011A,709.0,1.0959097320169253,777.0,194,300.0,168.0,47.0
E01000067,Barking and Dagenham 011B,659.0,1.118361153262519,737.0,173,280.0,161.0,45.0
E01000068,Barking and Dagenham 016E,477.0,1.121593291404612,535.0,127,200.0,115.0,35.0
E01000069,Barking and Dagenham 011C,534.0,1.4138576779026217,755.0,74,233.0,159.0,68.0
E01000070,Barking and Dagenham 011D,578.0,1.207612456747405,698.0,138,235.0,152.0,53.0
E01000071,Barking and Dagenham 011E,806.0,1.0893300248138957,878.0,190,414.0,142.0,60.0
E01000072,Barking and Dagenham 017E,739.0,0.8538565629228687,631.0,270,336.0,104.0,29.0
E01000073,Barking and Dagenham 012B,665.0,0.9278195488721804,617.0,197,340.0,107.0,21.0
E01000074,Barking and Dagenham 012C,624.0,0.8958333333333334,559.0,218,280.0,99.0,27.0
E01000075,Barking and Dagenham 012D,639.0,1.0422535211267605,666.0,179,285.0,144.0,31.0
E01000076,Barking and Dagenham 012E,795.0,0.8301886792452831,660.0,316,336.0,105.0,38.0
E01000077,Barking and Dagenham 008F,592.0,0.8699324324324325,515.0,219,255.0,94.0,24.0
E01000078,Barking and Dagenham 007B,621.0,0.9533011272141707,592.0,194,286.0,117.0,24.0
E01000079,Barking and Dagenham 009E,622.0,0.8762057877813505,545.0,222,275.0,105.0,20.0
E01000080,Barking and Dagenham 007C,607.0,0.9555189456342669,580.0,179,298.0,108.0,22.0
E01000081,Barking and Dagenham 007D,653.0,1.004594180704441,656.0,186,316.0,113.0,38.0
E01000082,Barking and Dagenham 007E,697.0,0.9827833572453372,685.0,224,297.0,140.0,36.0
E01000083,Barking and Dagenham 007F,633.0,0.9652448657187994,611.0,190,302.0,114.0,27.0
E01000084,Barking and Dagenham 013D,503.0,0.827037773359841,416.0,182,245.0,57.0,19.0
E01000085,Barking and Dagenham 013E,576.0,0.7829861111111112,451.0,238,248.0,67.0,23.0
E01000086,Barking and Dagenham 013F,488.0,0.8770491803278688,428.0,174,221.0,72.0,21.0
E01000087,Barking and Dagenham 020B,518.0,0.9652509652509652,500.0,169,230.0,87.0,32.0
E01000088,Barking and Dagenham 020C,605.0,0.9619834710743802,582.0,191,274.0,112.0,28.0
E01000089,Barking and Dagenham 020D,602.0,0.9534883720930233,574.0,166,319.0,96.0,21.0
E01000090,Barking and Dagenham 020E,557.0,0.9461400359066428,527.0,184,243.0,106.0,24.0
E01000091,Barking and Dagenham 022A,672.0,0.8258928571428571,555.0,260,295.0,91.0,26.0
E01000093,Barking and Dagenham 022B,664.0,0.6957831325301205,462.0,307,272.0,65.0,20.0
E01000094,Barking and Dagenham 022C,843.0,0.8540925266903915,720.0,272,440.0,113.0,18.0
E01000095,Barking and Dagenham 018E,737.0,0.9579375848032564,706.0,221,357.0,128.0,31.0
E01000096,Barking and Dagenham 022D,484.0,0.9008264462809917,436.0,160,224.0,88.0,12.0
E01000097,Barking and Dagenham 023C,685.0,0.8744525547445255,599.0,245,308.0,105.0,27.0
E01000098,Barking and Dagenham 023D,622.0,0.9646302250803859,600.0,176,319.0,100.0,27.0
E01000099,Barking and Dagenham 023E,934.0,1.032119914346895,964.0,231,490.0,165.0,48.0
E01000100,Barking and Dagenham 004B,656.0,0.9451219512195121,620.0,216,290.0,120.0,30.0
E01000101,Barking and Dagenham 004C,582.0,0.9587628865979382,558.0,192,249.0,114.0,27.0
E01000102,Barking and Dagenham 007G,629.0,0.918918918918919,578.0,206,292.0,107.0,24.0
E01000103,Barking and Dagenham 014A,533.0,1.1575984990619137,617.0,129,232.0,131.0,41.0
E01000104,Barking and Dagenham 014B,693.0,0.84992784992785,589.0,252,318.0,98.0,25.0
E01000105,Barking and Dagenham 014C,935.0,0.6919786096256685,647.0,429,389.0,93.0,24.0
E01000106,Barking and Dagenham 014D,872.0,0.7293577981651376,636.0,374,381.0,96.0,21.0
E01000107,Barking and Dagenham 010C,604.0,1.0513245033112584,635.0,153,300.0,118.0,33.0
E01000108,Barking and Dagenham 010D,684.0,0.9181286549707602,628.0,228,310.0,120.0,26.0
E01000110,Barking and Dagenham 002C,522.0,1.2203065134099618,637.0,99,256.0,120.0,47.0
E01000111,Barking and Dagenham 002D,745.0,0.8778523489932886,654.0,253,356.0,110.0,26.0
E01000112,Barking and Dagenham 002E,700.0,0.9328571428571428,653.0,211,353.0,108.0,28.0
E01000113,Barking and Dagenham 002F,643.0,0.9237947122861586,594.0,210,298.0,109.0,26.0
E01000114,Barking and Dagenham 004E,757.0,1.0792602377807134,817.0,187,364.0,165.0,41.0
E01000115,Barnet 009A,481.0,1.553014553014553,747.0,54,183.0,168.0,76.0
E01000116,Barnet 009B,617.0,1.2868719611021069,794.0,105,274.0,194.0,44.0
E01000117,Barnet 010A,694.0,1.2348703170028819,857.0,128,333.0,175.0,58.0
E01000118,Barnet 010B,751.0,1.2836218375499335,964.0,126,349.0,213.0,63.0
E01000119,Barnet 009C,629.0,1.3100158982511925,824.0,90,308.0,177.0,54.0
E01000120,Barnet 009D,498.0,1.4759036144578312,735.0,54,218.0,161.0,65.0
E01000121,Barnet 010C,525.0,1.0723809523809524,563.0,142,233.0,120.0,30.0
E01000122,Barnet 009E,519.0,1.3564547206165702,704.0,75,231.0,166.0,47.0
E01000123,Barnet 010D,731.0,1.0875512995896033,795.0,159,380.0,161.0,31.0
E01000124,Barnet 010E,793.0,0.7566204287515763,600.0,329,348.0,96.0,20.0
E01000126,Barnet 026A,769.0,0.9076723016905072,698.0,268,334.0,137.0,30.0
E01000127,Barnet 024B,519.0,0.9036608863198459,469.0,173,245.0,79.0,22.0
E01000128,Barnet 024C,635.0,1.0771653543307087,684.0,161,298.0,142.0,34.0
E01000129,Barnet 024D,574.0,0.6689895470383276,384.0,278,223.0,58.0,15.0
E01000130,Barnet 021A,658.0,0.9802431610942249,645.0,206,296.0,119.0,37.0
E01000131,Barnet 024E,714.0,0.9523809523809523,680.0,232,317.0,132.0,33.0
E01000132,Barnet 021B,506.0,1.0276679841897234,520.0,151,216.0,113.0,26.0
E01000133,Barnet 021C,578.0,0.9325259515570934,539.0,197,247.0,110.0,24.0
E01000134,Barnet 024F,636.0,0.8647798742138365,550.0,230,286.0,96.0,24.0
E01000135,Barnet 038A,628.0,1.071656050955414,673.0,180,263.0,145.0,40.0
E01000136,Barnet 038B,564.0,1.2180851063829787,687.0,134,233.0,137.0,60.0
E01000137,Barnet 041A,673.0,0.637444279346211,429.0,317,293.0,53.0,10.0
E01000138,Barnet 040A,654.0,0.8761467889908257,573.0,255,260.0,104.0,35.0
E01000139,Barnet 041B,541.0,0.9390018484288355,508.0,208,195.0,101.0,37.0
E01000140,Barnet 041C,867.0,0.7047289504036909,611.0,401,340.0,107.0,19.0
E01000141,Barnet 039A,788.0,0.467005076142132,368.0,486,244.0,50.0,8.0
E01000142,Barnet 040B,891.0,0.7631874298540965,680.0,351,423.0,94.0,23.0
E01000143,Barnet 041D,679.0,0.6229749631811488,423.0,346,261.0,54.0,18.0
E01000144,Barnet 038C,745.0,0.6120805369127517,456.0,395,256.0,82.0,12.0
E01000145,Barnet 037A,489.0,1.1267893660531698,551.0,134,188.0,138.0,29.0
E01000146,Barnet 038D,868.0,0.5633640552995391,489.0,498,274.0,73.0,23.0
E01000147,Barnet 043F,558.0,1.32078853046595,737.0,93,254.0,150.0,61.0
E01000150,Barnet 036A,775.0,1.0735483870967741,832.0,206,354.0,167.0,48.0
E01000151,Barnet 026B,654.0,0.6162079510703364,403.0,329,258.0,56.0,11.0
E01000152,Barnet 026C,928.0,0.8943965517241379,830.0,271,506.0,129.0,22.0
E01000153,Barnet 026D,742.0,0.807277628032345,599.0,287,338.0,90.0,27.0
E01000154,Barnet 026E,707.0,0.6902404526166902,488.0,310,318.0,67.0,12.0
E01000156,Barnet 022A,748.0,0.8836898395721925,661.0,247,371.0,100.0,30.0
E01000157,Barnet 022B,668.0,0.7949101796407185,531.0,234,349.0,73.0,12.0
E01000158,Barnet 015A,546.0,1.032967032967033,564.0,155,248.0,113.0,30.0
E01000159,Barnet 015B,649.0,1.3035439137134053,846.0,124,270.0,189.0,66.0
E01000160,Barnet 015C,802.0,0.9351620947630923,750.0,225,430.0,121.0,26.0
E01000161,Barnet 015D,808.0,0.8898514851485149,719.0,252,422.0,105.0,29.0
E01000162,Barnet 015E,548.0,1.0912408759124088,598.0,130,265.0,126.0,27.0
E01000163,Barnet 022C,800.0,0.68375,547.0,363,344.0,76.0,17.0
E01000164,Barnet 022D,647.0,0.8516228748068007,551.0,224,315.0,88.0,20.0
E01000165,Barnet 022E,706.0,1.0396600566572238,734.0,179,347.0,153.0,27.0
E01000166,Barnet 003A,653.0,1.2695252679938744,829.0,109,320.0,163.0,61.0
E01000167,Barnet 002A,522.0,1.1800766283524904,616.0,104,264.0,110.0,44.0
E01000168,Barnet 003B,558.0,1.478494623655914,825.0,61,243.0,180.0,74.0
E01000169,Barnet 003C,696.0,1.160919540229885,808.0,139,364.0,135.0,58.0
E01000170,Barnet 006A,697.0,1.1779053084648494,821.0,150,322.0,176.0,49.0
E01000171,Barnet 006B,997.0,0.8144433299899699,812.0,357,490.0,128.0,22.0
E01000172,Barnet 003D,607.0,1.385502471169687,841.0,66,306.0,170.0,65.0
E01000173,Barnet 006C,609.0,1.284072249589491,782.0,89,293.0,192.0,35.0
E01000174,Barnet 006D,763.0,0.8689384010484927,663.0,270,347.0,122.0,24.0
E01000175,Barnet 006E,643.0,1.412130637636081,908.0,81,297.0,184.0,81.0
E01000176,Barnet 027A,720.0,0.8319444444444445,599.0,292,292.0,101.0,35.0
E01000177,Barnet 029A,692.0,0.8598265895953757,595.0,210,386.0,79.0,17.0
E01000178,Barnet 027B,677.0,0.8744460856720827,592.0,223,336.0,98.0,20.0
E01000179,Barnet 029B,770.0,0.8558441558441559,659.0,230,435.0,91.0,14.0
E01000180,Barnet 029C,669.0,0.7907324364723468,529.0,256,311.0,88.0,14.0
E01000181,Barnet 029D,684.0,0.8289473684210527,567.0,235,349.0,82.0,18.0
E01000182,Barnet 029E,731.0,0.7291381668946648,533.0,294,350.0,78.0,9.0
E01000183,Barnet 033A,603.0,0.9601990049751243,579.0,180,288.0,114.0,21.0
E01000184,Barnet 027C,709.0,0.8138222849083215,577.0,291,290.0,97.0,31.0
E01000185,Barnet 029F,643.0,0.6314152410575428,406.0,318,254.0,61.0,10.0
E01000186,Barnet 014A,510.0,1.6431372549019607,838.0,34,192.0,206.0,78.0
E01000187,Barnet 014B,593.0,1.2175379426644182,722.0,138,235.0,173.0,47.0
E01000188,Barnet 014C,509.0,1.7406679764243616,886.0,34,147.0,245.0,83.0
E01000189,Barnet 014D,981.0,0.9327217125382263,915.0,263,537.0,165.0,16.0
E01000190,Barnet 014E,569.0,1.421792618629174,809.0,84,224.0,198.0,63.0
E01000191,Barnet 014F,554.0,1.4097472924187726,781.0,76,231.0,191.0,56.0
E01000192,Barnet 018A,710.0,1.0549295774647887,749.0,220,285.0,151.0,54.0
E01000193,Barnet 018B,711.0,1.0056258790436006,715.0,240,282.0,134.0,55.0
E01000194,Barnet 018C,704.0,0.8423295454545454,593.0,262,318.0,97.0,27.0
E01000195,Barnet 013A,717.0,0.8842398884239888,634.0,250,323.0,121.0,23.0
E01000196,Barnet 028A,1092.0,0.6364468864468864,695.0,517,469.0,92.0,14.0
E01000197,Barnet 023A,731.0,0.8823529411764706,645.0,268,306.0,132.0,25.0
E01000198,Barnet 025A,779.0,1.27599486521181,994.0,122,376.0,225.0,56.0
E01000199,Barnet 025B,658.0,1.2416413373860182,817.0,98,347.0,169.0,44.0
E01000200,Barnet 028B,875.0,1.0731428571428572,939.0,214,423.0,198.0,40.0
E01000201,Barnet 028C,525.0,1.620952380952381,851.0,53,183.0,199.0,90.0
E01000202,Barnet 028D,616.0,1.1866883116883118,731.0,133,279.0,160.0,44.0
E01000203,Barnet 028E,684.0,1.0350877192982457,708.0,184,332.0,128.0,40.0
E01000204,Barnet 025C,694.0,1.11671469740634,775.0,177,302.0,172.0,43.0
E01000205,Barnet 035A,604.0,1.2069536423841059,729.0,96,317.0,161.0,30.0
E01000206,Barnet 033B,523.0,1.6921606118546846,885.0,62,161.0,176.0,124.0
E01000207,Barnet 033C,644.0,1.2437888198757765,801.0,136,265.0,193.0,50.0
E01000208,Barnet 033D,635.0,1.206299212598425,766.0,121,305.0,166.0,43.0
E01000209,Barnet 035B,742.0,0.9245283018867925,686.0,215,383.0,129.0,15.0
E01000210,Barnet 033E,585.0,1.1555555555555554,676.0,113,300.0,140.0,32.0
E01000211,Barnet 035C,925.0,0.5956756756756757,551.0,470,372.0,70.0,13.0
E01000212,Barnet 035D,552.0,1.0978260869565217,606.0,163,215.0,131.0,43.0
E01000213,Barnet 033F,453.0,1.6556291390728477,750.0,55,128.0,188.0,82.0
E01000214,Barnet 038E,772.0,0.8238341968911918,636.0,281,364.0,109.0,18.0
E01000215,Barnet 037B,707.0,1.0056577086280056,711.0,229,283.0,157.0,38.0
E01000216,Barnet 035E,721.0,0.9292649098474342,670.0,243,316.0,132.0,30.0
E01000217,Barnet 035F,553.0,1.2025316455696202,665.0,121,238.0,155.0,39.0
E01000218,Barnet 037C,583.0,0.9862778730703259,575.0,200,218.0,138.0,27.0
E01000219,Barnet 037D,660.0,0.9181818181818182,606.0,228,286.0,118.0,28.0
E01000220,Barnet 037E,680.0,0.7838235294117647,533.0,283,278.0,102.0,17.0
E01000221,Barnet 039B,526.0,0.6482889733840305,341.0,258,204.0,55.0,9.0
E01000222,Barnet 040C,730.0,0.8821917808219178,644.0,270,307.0,122.0,31.0
E01000223,Barnet 039C,746.0,0.7788203753351206,581.0,284,356.0,93.0,13.0
E01000224,Barnet 040D,557.0,0.992818671454219,553.0,165,262.0,99.0,31.0
E01000225,Barnet 037F,580.0,1.3086206896551724,759.0,134,186.0,207.0,53.0
E01000226,Barnet 018D,601.0,1.0,601.0,191,253.0,123.0,34.0
E01000227,Barnet 018E,602.0,1.393687707641196,839.0,71,280.0,194.0,57.0
E01000228,Barnet 007A,460.0,1.617391304347826,744.0,46,164.0,170.0,80.0
E01000229,Barnet 013B,584.0,1.1421232876712328,667.0,134,274.0,135.0,41.0
E01000230,Barnet 013C,659.0,1.3216995447647952,871.0,104,294.0,206.0,55.0
E01000231,Barnet 013D,619.0,1.2859450726978998,796.0,100,298.0,165.0,56.0
E01000232,Barnet 013E,705.0,1.3035460992907801,919.0,123,318.0,191.0,73.0
E01000233,Barnet 013F,658.0,1.3358662613981762,879.0,101,295.0,202.0,60.0
E01000234,Barnet 021D,674.0,1.185459940652819,799.0,128,327.0,185.0,34.0
E01000235,Barnet 021E,655.0,1.0229007633587786,670.0,191,299.0,124.0,41.0
E01000236,Barnet 034A,696.0,1.0057471264367817,700.0,198,323.0,148.0,27.0
E01000237,Barnet 032A,727.0,0.9312242090784044,677.0,262,291.0,136.0,38.0
E01000238,Barnet 034B,646.0,1.0928792569659442,706.0,175,281.0,145.0,45.0
E01000239,Barnet 031A,934.0,0.7558886509635975,706.0,376,433.0,102.0,23.0
E01000240,Barnet 031B,626.0,1.15814696485623,725.0,158,272.0,135.0,61.0
E01000241,Barnet 031C,702.0,1.123931623931624,789.0,183,304.0,160.0,55.0
E01000242,Barnet 032B,597.0,1.2462311557788945,744.0,123,263.0,152.0,59.0
E01000243,Barnet 032C,902.0,0.6807095343680709,614.0,418,375.0,88.0,21.0
E01000244,Barnet 032D,624.0,0.7740384615384616,483.0,283,223.0,94.0,24.0
E01000245,Barnet 032E,877.0,0.6351197263397947,557.0,459,310.0,77.0,31.0
E01000246,Barnet 002B,643.0,1.2643856920684293,813.0,108,314.0,164.0,57.0
E01000247,Barnet 002C,731.0,1.1409028727770179,834.0,169,348.0,156.0,58.0
E01000248,Barnet 001A,718.0,0.9749303621169917,700.0,186,390.0,116.0,26.0
E01000249,Barnet 001B,619.0,1.3618739903069468,843.0,85,285.0,189.0,60.0
E01000250,Barnet 001C,1144.0,0.916958041958042,1049.0,382,529.0,179.0,54.0
E01000251,Barnet 002D,1058.0,0.8213610586011342,869.0,370,540.0,115.0,33.0
E01000252,Barnet 002E,793.0,1.0264817150063053,814.0,219,369.0,170.0,35.0
E01000253,Barnet 007B,709.0,1.7249647390691114,1223.0,55,226.0,287.0,141.0
E01000254,Barnet 001D,632.0,1.3180379746835442,833.0,96,307.0,161.0,68.0
E01000255,Barnet 017A,632.0,1.2183544303797469,770.0,130,276.0,184.0,42.0
E01000256,Barnet 016A,677.0,1.3072378138847858,885.0,119,293.0,203.0,62.0
E01000257,Barnet 017B,909.0,0.801980198019802,729.0,326,453.0,114.0,16.0
E01000258,Barnet 016B,781.0,1.1702944942381561,914.0,147,407.0,174.0,53.0
E01000259,Barnet 025D,980.0,1.219387755102041,1195.0,170,490.0,255.0,65.0
E01000260,Barnet 025E,840.0,1.1214285714285714,942.0,191,405.0,195.0,49.0
E01000261,Barnet 017C,677.0,1.3175775480059084,892.0,128,267.0,221.0,61.0
E01000263,Barnet 016C,501.0,1.7884231536926147,896.0,27,155.0,216.0,103.0
E01000264,Barnet 016D,715.0,1.1104895104895105,794.0,196,300.0,163.0,56.0
E01000265,Barnet 011A,770.0,0.9753246753246754,751.0,230,366.0,137.0,37.0
E01000266,Barnet 011B,507.0,1.6390532544378698,831.0,43,180.0,201.0,83.0
E01000267,Barnet 005A,581.0,1.3889845094664373,807.0,84,254.0,176.0,67.0
E01000268,Barnet 005B,930.0,0.8688172043010752,808.0,318,452.0,124.0,36.0
E01000269,Barnet 005C,545.0,1.2954128440366972,706.0,93,252.0,146.0,54.0
E01000270,Barnet 005D,635.0,1.2110236220472441,769.0,116,314.0,160.0,45.0
E01000271,Barnet 008A,613.0,1.3800978792822185,846.0,107,239.0,194.0,73.0
E01000272,Barnet 008B,498.0,1.6004016064257027,797.0,43,198.0,172.0,85.0
E01000273,Barnet 008C,740.0,1.0216216216216216,756.0,217,337.0,139.0,47.0
E01000274,Barnet 011C,700.0,1.1214285714285714,785.0,168,317.0,177.0,38.0
E01000275,Barnet 012A,666.0,1.1366366366366367,757.0,122,359.0,157.0,28.0
E01000276,Barnet 020A,496.0,1.532258064516129,760.0,42,202.0,198.0,54.0
E01000277,Barnet 012B,744.0,0.6868279569892473,511.0,328,336.0,65.0,15.0
E01000278,Barnet 020B,506.0,1.4387351778656126,728.0,39,253.0,167.0,47.0
E01000279,Barnet 007C,508.0,1.860236220472441,945.0,27,151.0,196.0,134.0
E01000280,Barnet 007D,507.0,1.581854043392505,802.0,39,203.0,196.0,69.0
E01000281,Barnet 008D,782.0,0.8682864450127877,679.0,219,455.0,100.0,8.0
E01000282,Barnet 008E,691.0,1.1534008683068018,797.0,123,370.0,167.0,31.0
E01000283,Barnet 012C,479.0,1.5762004175365345,755.0,41,184.0,191.0,63.0
E01000284,Barnet 012D,814.0,0.8673218673218673,706.0,272,399.0,122.0,21.0
E01000285,Barnet 004A,615.0,1.146341463414634,705.0,142,283.0,148.0,42.0
E01000286,Barnet 007E,665.0,1.0796992481203007,718.0,164,324.0,137.0,40.0
E01000287,Barnet 004B,611.0,1.072013093289689,655.0,174,267.0,122.0,48.0
E01000288,Barnet 004C,569.0,1.2038664323374342,685.0,109,273.0,149.0,38.0
E01000289,Barnet 004D,547.0,0.926873857404022,507.0,176,255.0,96.0,20.0
E01000290,Barnet 007F,669.0,1.3303437967115097,890.0,129,276.0,178.0,86.0
E01000291,Barnet 004E,619.0,0.9838449111470113,609.0,182,295.0,112.0,30.0
E01000292,Barnet 001E,656.0,1.0503048780487805,689.0,165,324.0,136.0,31.0
E01000293,Barnet 001F,709.0,1.0987306064880114,779.0,172,338.0,156.0,43.0
E01000294,Barnet 004F,732.0,1.034153005464481,757.0,189,366.0,140.0,37.0
E01000295,Barnet 023B,647.0,0.8918083462132921,577.0,203,329.0,97.0,18.0
E01000296,Barnet 023C,767.0,0.7340286831812256,563.0,319,343.0,95.0,10.0
E01000297,Barnet 027D,539.0,0.8868274582560297,478.0,164,285.0,77.0,13.0
E01000298,Barnet 023D,732.0,0.7786885245901639,570.0,276,359.0,80.0,17.0
E01000299,Barnet 019A,905.0,0.7016574585635359,635.0,393,405.0,91.0,16.0
E01000300,Barnet 019B,682.0,0.9164222873900293,625.0,209,342.0,110.0,21.0
E01000301,Barnet 020C,531.0,1.1958568738229756,635.0,100,261.0,136.0,34.0
E01000302,Barnet 019C,838.0,0.6420047732696897,538.0,395,364.0,63.0,16.0
E01000303,Barnet 020D,534.0,1.1198501872659177,598.0,117,274.0,105.0,38.0
E01000304,Barnet 020E,601.0,0.8768718801996672,527.0,196,298.0,92.0,15.0
E01000305,Barnet 036B,652.0,0.7300613496932515,476.0,297,260.0,69.0,26.0
E01000306,Barnet 036C,618.0,0.8090614886731392,500.0,257,240.0,103.0,18.0
E01000307,Barnet 039D,552.0,0.947463768115942,523.0,193,223.0,108.0,28.0
E01000308,Barnet 036D,961.0,0.663891779396462,638.0,426,443.0,81.0,11.0
E01000309,Barnet 031D,709.0,1.0169252468265162,721.0,210,321.0,134.0,44.0
E01000310,Barnet 034C,845.0,0.8142011834319527,688.0,362,319.0,123.0,41.0
E01000311,Barnet 034D,519.0,1.2851637764932562,667.0,124,175.0,168.0,52.0
E01000312,Barnet 036E,721.0,0.8210818307905686,592.0,260,350.0,91.0,20.0
E01000313,Barnet 036F,712.0,0.6938202247191011,494.0,320,308.0,66.0,18.0
E01000314,Barnet 032F,779.0,0.9127086007702182,711.0,297,296.0,143.0,43.0
E01000315,Barnet 022F,635.0,0.9874015748031496,627.0,200,275.0,128.0,32.0
E01000316,Barnet 027E,889.0,0.8650168728908887,769.0,287,456.0,125.0,21.0
E01000317,Barnet 019D,639.0,0.8888888888888888,568.0,202,319.0,105.0,13.0
E01000318,Barnet 019E,634.0,1.2302839116719242,780.0,112,301.0,184.0,37.0
E01000319,Barnet 027F,498.0,1.178714859437751,587.0,92,250.0,131.0,25.0
E01000320,Barnet 011D,809.0,0.9752781211372065,789.0,243,374.0,161.0,31.0
E01000321,Barnet 012E,829.0,0.7852834740651388,651.0,334,359.0,116.0,20.0
E01000322,Barnet 011E,803.0,0.8418430884184309,676.0,273,407.0,100.0,23.0
E01000323,Barnet 019F,1019.0,0.6123650637880275,624.0,519,395.0,86.0,19.0
E01000324,Barnet 015F,649.0,1.1910631741140216,773.0,153,271.0,173.0,52.0
E01000325,Bexley 014A,585.0,1.5572649572649573,911.0,58,239.0,192.0,96.0
E01000326,Bexley 014B,542.0,1.2509225092250922,678.0,92,261.0,150.0,39.0
E01000327,Bexley 017A,623.0,1.4077046548956662,877.0,88,280.0,168.0,87.0
E01000328,Bexley 017B,612.0,1.3398692810457515,820.0,92,280.0,180.0,60.0
E01000329,Bexley 017C,660.0,1.1696969696969697,772.0,136,334.0,132.0,58.0
E01000330,Bexley 017D,763.0,0.9161205766710354,699.0,257,346.0,127.0,33.0
E01000331,Bexley 017E,617.0,1.1961102106969206,738.0,132,277.0,163.0,45.0
E01000332,Bexley 005A,615.0,1.2097560975609756,744.0,127,285.0,150.0,53.0
E01000333,Bexley 003A,810.0,0.9395061728395062,761.0,228,430.0,125.0,27.0
E01000334,Bexley 006A,637.0,1.2370486656200943,788.0,119,298.0,170.0,50.0
E01000335,Bexley 003B,1045.0,0.9416267942583733,984.0,321,516.0,156.0,52.0
E01000336,Bexley 003C,793.0,0.7301387137452712,579.0,346,338.0,86.0,23.0
E01000337,Bexley 003D,644.0,1.0031055900621118,646.0,196,288.0,122.0,38.0
E01000338,Bexley 003E,693.0,1.0836940836940836,751.0,170,345.0,128.0,50.0
E01000339,Bexley 025A,601.0,1.3427620632279533,807.0,86,280.0,178.0,57.0
E01000340,Bexley 018A,627.0,1.3237639553429028,830.0,112,266.0,183.0,66.0
E01000341,Bexley 022A,624.0,1.3830128205128205,863.0,90,274.0,191.0,69.0
E01000342,Bexley 022B,637.0,1.2888540031397173,821.0,93,318.0,175.0,51.0
E01000343,Bexley 022C,559.0,1.447227191413238,809.0,77,237.0,163.0,82.0
E01000344,Bexley 025B,636.0,1.270440251572327,808.0,114,301.0,156.0,65.0
E01000345,Bexley 022D,489.0,1.5357873210633948,751.0,49,197.0,175.0,68.0
E01000346,Bexley 021A,616.0,1.3863636363636365,854.0,74,291.0,190.0,61.0
E01000347,Bexley 021B,625.0,1.1808,738.0,143,276.0,156.0,50.0
E01000348,Bexley 020A,525.0,1.7142857142857142,900.0,28,192.0,207.0,98.0
E01000349,Bexley 020B,656.0,1.4740853658536586,967.0,72,286.0,213.0,85.0
E01000350,Bexley 021C,525.0,1.5314285714285714,804.0,52,229.0,157.0,87.0
E01000351,Bexley 024A,623.0,1.447833065810594,902.0,72,280.0,191.0,80.0
E01000352,Bexley 021D,667.0,1.2338830584707645,823.0,133,307.0,165.0,62.0
E01000353,Bexley 011A,654.0,1.4311926605504588,936.0,86,285.0,198.0,85.0
E01000354,Bexley 011B,607.0,1.1762767710049424,714.0,145,262.0,148.0,52.0
E01000355,Bexley 011C,601.0,1.3810316139767056,830.0,87,269.0,174.0,71.0
E01000356,Bexley 009A,628.0,1.230891719745223,773.0,116,300.0,163.0,49.0
E01000357,Bexley 009B,488.0,1.5368852459016393,750.0,45,202.0,175.0,66.0
E01000358,Bexley 011D,665.0,1.2330827067669172,820.0,126,315.0,167.0,57.0
E01000359,Bexley 009C,494.0,1.374493927125506,679.0,68,230.0,139.0,57.0
E01000360,Bexley 015A,772.0,0.9235751295336787,713.0,252,354.0,139.0,27.0
E01000361,Bexley 020C,600.0,1.3816666666666666,829.0,78,277.0,183.0,62.0
E01000362,Bexley 015B,774.0,1.1563307493540051,895.0,193,336.0,176.0,69.0
E01000363,Bexley 020D,566.0,1.46113074204947,827.0,62,255.0,175.0,74.0
E01000364,Bexley 023A,649.0,1.4268104776579353,926.0,85,287.0,192.0,85.0
E01000365,Bexley 015C,708.0,1.0197740112994351,722.0,225,297.0,133.0,53.0
E01000366,Bexley 015D,659.0,1.0910470409711683,719.0,146,338.0,144.0,31.0
E01000367,Bexley 010A,798.0,1.0902255639097744,870.0,189,393.0,171.0,45.0
E01000368,Bexley 010B,627.0,1.1180223285486444,701.0,153,290.0,141.0,43.0
E01000369,Bexley 014C,629.0,1.3847376788553258,871.0,92,272.0,196.0,69.0
E01000370,Bexley 014D,634.0,1.2917981072555205,819.0,126,266.0,173.0,69.0
E01000371,Bexley 014E,629.0,1.3227344992050873,832.0,101,289.0,174.0,65.0
E01000372,Bexley 010C,590.0,1.1966101694915254,706.0,148,238.0,144.0,60.0
E01000373,Bexley 008A,463.0,0.9935205183585313,460.0,131,220.0,96.0,16.0
E01000374,Bexley 019A,523.0,1.1988527724665392,627.0,120,233.0,116.0,54.0
E01000375,Bexley 019B,786.0,1.2061068702290076,948.0,136,408.0,186.0,56.0
E01000376,Bexley 019C,611.0,1.3076923076923077,799.0,110,261.0,182.0,58.0
E01000377,Bexley 019D,653.0,1.22052067381317,797.0,114,323.0,174.0,42.0
E01000379,Bexley 019F,670.0,1.2283582089552239,823.0,129,309.0,182.0,50.0
E01000380,Bexley 010D,905.0,1.0022099447513813,907.0,248,451.0,162.0,44.0
E01000381,Bexley 028A,657.0,1.156773211567732,760.0,140,321.0,149.0,47.0
E01000382,Bexley 027A,588.0,1.5136054421768708,890.0,56,261.0,184.0,87.0
E01000383,Bexley 028B,624.0,1.4887820512820513,929.0,82,241.0,215.0,86.0
E01000384,Bexley 027B,758.0,1.0316622691292876,782.0,216,344.0,156.0,42.0
E01000385,Bexley 028C,786.0,1.0916030534351144,858.0,191,371.0,185.0,39.0
E01000386,Bexley 028D,644.0,0.8571428571428571,552.0,243,280.0,91.0,30.0
E01000387,Bexley 027C,623.0,1.3852327447833066,863.0,74,297.0,190.0,62.0
E01000388,Bexley 016A,598.0,1.2876254180602007,770.0,96,285.0,166.0,51.0
E01000389,Bexley 020E,713.0,1.2019635343618513,857.0,165,313.0,161.0,74.0
E01000390,Bexley 020F,515.0,1.396116504854369,719.0,75,225.0,151.0,64.0
E01000391,Bexley 021E,639.0,1.3176838810641627,842.0,98,298.0,185.0,58.0
E01000392,Bexley 016B,764.0,0.8992146596858639,687.0,252,367.0,115.0,30.0
E01000393,Bexley 020G,624.0,1.2403846153846154,774.0,108,307.0,160.0,49.0
E01000394,Bexley 015E,669.0,1.0986547085201794,735.0,169,306.0,153.0,41.0
E01000395,Bexley 018B,546.0,1.468864468864469,802.0,78,220.0,162.0,86.0
E01000396,Bexley 018C,508.0,1.4232283464566928,723.0,74,208.0,163.0,63.0
E01000398,Bexley 029A,607.0,1.227347611202636,745.0,116,286.0,156.0,49.0
E01000399,Bexley 029B,622.0,1.2363344051446945,769.0,124,290.0,145.0,63.0
E01000400,Bexley 029C,588.0,1.1819727891156462,695.0,122,282.0,139.0,45.0
E01000401,Bexley 013A,691.0,1.0274963820549927,710.0,198,326.0,117.0,50.0
E01000402,Bexley 005B,652.0,1.0107361963190185,659.0,206,279.0,121.0,46.0
E01000403,Bexley 004A,1060.0,0.7981132075471699,846.0,433,451.0,133.0,43.0
E01000404,Bexley 004B,991.0,0.7346115035317861,728.0,412,456.0,97.0,26.0
E01000405,Bexley 004C,564.0,1.0602836879432624,598.0,162,243.0,122.0,37.0
E01000406,Bexley 005C,788.0,1.0748730964467006,847.0,209,356.0,178.0,45.0
E01000407,Bexley 005D,757.0,1.1558784676354028,875.0,173,357.0,163.0,64.0
E01000408,Bexley 004D,582.0,1.0945017182130585,637.0,159,253.0,126.0,44.0
E01000409,Bexley 016C,654.0,1.3287461773700306,869.0,99,294.0,208.0,53.0
E01000410,Bexley 018D,598.0,1.334448160535117,798.0,91,283.0,157.0,67.0
E01000411,Bexley 016D,553.0,1.376130198915009,761.0,64,267.0,172.0,50.0
E01000412,Bexley 018E,643.0,1.3157076205287714,846.0,104,296.0,179.0,64.0
E01000413,Bexley 018F,524.0,1.3549618320610688,710.0,79,240.0,145.0,60.0
E01000414,Bexley 016E,728.0,1.0302197802197801,750.0,230,306.0,132.0,60.0
E01000415,Bexley 016F,517.0,1.551257253384913,802.0,51,215.0,166.0,85.0
E01000416,Bexley 002A,510.0,0.9705882352941176,495.0,160,228.0,99.0,23.0
E01000417,Bexley 006B,703.0,1.0753911806543386,756.0,195,311.0,146.0,51.0
E01000418,Bexley 002B,727.0,1.0123796423658873,736.0,214,331.0,141.0,41.0
E01000419,Bexley 006C,583.0,1.3379073756432247,780.0,93,264.0,162.0,64.0
E01000420,Bexley 006D,590.0,1.3694915254237288,808.0,90,272.0,148.0,80.0
E01000421,Bexley 009D,599.0,1.3939899833055092,835.0,108,235.0,168.0,88.0
E01000422,Bexley 002C,501.0,0.6806387225548902,341.0,229,210.0,55.0,7.0
E01000423,Bexley 025C,606.0,1.334983498349835,809.0,81,296.0,174.0,55.0
E01000424,Bexley 026A,749.0,1.2109479305740989,907.0,151,366.0,155.0,77.0
E01000425,Bexley 025D,608.0,1.5148026315789473,921.0,50,269.0,215.0,74.0
E01000426,Bexley 026B,707.0,1.1951909476661953,845.0,121,374.0,165.0,47.0
E01000427,Bexley 026C,907.0,1.093715545755237,992.0,224,431.0,195.0,57.0
E01000428,Bexley 027D,907.0,0.8787210584343991,797.0,307,436.0,131.0,33.0
E01000429,Bexley 008B,712.0,0.7485955056179775,533.0,305,301.0,86.0,20.0
E01000430,Bexley 008C,706.0,1.1813031161473089,834.0,147,327.0,189.0,43.0
E01000431,Bexley 008D,433.0,1.0115473441108545,438.0,139,174.0,96.0,24.0
E01000433,Bexley 008F,713.0,0.9172510518934082,654.0,251,300.0,132.0,30.0
E01000434,Bexley 008G,574.0,1.005226480836237,577.0,183,248.0,100.0,43.0
E01000435,Bexley 010E,585.0,1.0068376068376068,589.0,190,234.0,128.0,33.0
E01000436,Bexley 011E,622.0,1.5096463022508038,939.0,61,270.0,204.0,87.0
E01000437,Bexley 007A,502.0,1.3964143426294822,701.0,80,209.0,147.0,66.0
E01000438,Bexley 007B,603.0,1.2189054726368158,735.0,124,280.0,142.0,57.0
E01000439,Bexley 007C,517.0,1.11605415860735,577.0,136,227.0,112.0,42.0
E01000440,Bexley 007D,514.0,1.5038910505836576,773.0,53,222.0,166.0,73.0
E01000441,Bexley 007E,703.0,1.0099573257467995,710.0,218,316.0,113.0,56.0
E01000442,Bexley 006E,627.0,1.444976076555024,906.0,90,266.0,173.0,98.0
E01000443,Bexley 024B,517.0,1.2727272727272727,658.0,101,230.0,130.0,56.0
E01000444,Bexley 023B,635.0,1.6724409448818898,1062.0,49,231.0,234.0,121.0
E01000445,Bexley 024C,673.0,1.300148588410104,875.0,99,333.0,181.0,60.0
E01000446,Bexley 024D,596.0,1.3674496644295302,815.0,72,296.0,165.0,63.0
E01000447,Bexley 023C,881.0,1.076049943246311,948.0,200,452.0,191.0,38.0
E01000448,Bexley 023D,512.0,1.486328125,761.0,61,220.0,152.0,79.0
E01000449,Bexley 023E,643.0,1.3032659409020217,838.0,114,276.0,197.0,56.0
E01000450,Bexley 009E,633.0,1.3601895734597156,861.0,115,251.0,191.0,76.0
E01000451,Bexley 009F,622.0,1.382636655948553,860.0,78,285.0,202.0,57.0
E01000452,Bexley 009G,492.0,1.548780487804878,762.0,57,185.0,173.0,77.0
E01000453,Bexley 013B,515.0,1.4893203883495145,767.0,61,215.0,165.0,74.0
E01000454,Bexley 013C,629.0,1.1128775834658187,700.0,155,298.0,126.0,50.0
E01000455,Bexley 013D,621.0,1.3333333333333333,828.0,92,300.0,159.0,70.0
E01000456,Bexley 013E,482.0,1.4024896265560165,676.0,58,230.0,136.0,58.0
E01000457,Bexley 026D,993.0,0.8469284994964753,841.0,326,515.0,130.0,22.0
E01000458,Bexley 027E,685.0,1.1737226277372264,804.0,167,297.0,156.0,65.0
E01000459,Bexley 027F,883.0,0.9932049830124575,877.0,281,379.0,171.0,52.0
E01000460,Bexley 022E,482.0,1.5352697095435686,740.0,43,213.0,151.0,75.0
E01000461,Bexley 024E,572.0,1.5734265734265733,900.0,52,227.0,206.0,87.0
E01000462,Bexley 026E,837.0,0.8888888888888888,744.0,300,377.0,113.0,47.0
E01000463,Bexley 025E,453.0,1.4172185430463575,642.0,48,211.0,151.0,43.0
E01000464,Bexley 002D,551.0,0.822141560798548,453.0,216,234.0,84.0,17.0
E01000465,Bexley 002E,731.0,0.7113543091655267,520.0,326,310.0,75.0,20.0
E01000466,Bexley 001A,601.0,0.7936772046589018,477.0,251,252.0,69.0,29.0
E01000467,Bexley 001B,592.0,0.9256756756756757,548.0,196,270.0,100.0,26.0
E01000468,Bexley 001C,944.0,0.9692796610169492,915.0,293,435.0,168.0,48.0
E01000469,Bexley 001D,640.0,0.9375,600.0,211,284.0,119.0,26.0
E01000470,Bexley 002F,526.0,0.6406844106463878,337.0,270,189.0,53.0,14.0
E01000471,Brent 026A,493.0,1.0344827586206897,510.0,144,216.0,105.0,28.0
E01000472,Brent 029A,913.0,0.5914567360350493,540.0,461,378.0,60.0,14.0
E01000473,Brent 029B,789.0,0.6159695817490495,486.0,414,284.0,71.0,20.0
E01000474,Brent 026B,520.0,1.0557692307692308,549.0,160,213.0,105.0,42.0
E01000475,Brent 029C,614.0,1.001628664495114,615.0,181,285.0,114.0,34.0
E01000476,Brent 026C,554.0,1.032490974729242,572.0,184,210.0,118.0,42.0
E01000477,Brent 026D,682.0,0.7331378299120235,500.0,289,304.0,71.0,18.0
E01000478,Brent 029D,716.0,0.7723463687150838,553.0,316,278.0,91.0,31.0
E01000479,Brent 009A,514.0,1.5116731517509727,777.0,67,193.0,178.0,76.0
E01000480,Brent 006A,513.0,1.3528265107212476,694.0,81,226.0,150.0,56.0
E01000481,Brent 009B,601.0,0.7936772046589018,477.0,251,244.0,85.0,21.0
E01000483,Brent 009D,657.0,0.6590563165905632,433.0,314,264.0,68.0,11.0
E01000484,Brent 006B,614.0,0.8436482084690554,518.0,240,249.0,106.0,19.0
E01000485,Brent 006C,529.0,0.9565217391304348,506.0,186,212.0,99.0,32.0
E01000486,Brent 006D,520.0,1.3192307692307692,686.0,82,245.0,138.0,55.0
E01000487,Brent 006E,699.0,0.8597997138769671,601.0,268,292.0,108.0,31.0
E01000488,Brent 022A,551.0,0.8148820326678766,449.0,248,198.0,64.0,41.0
E01000489,Brent 030A,688.0,0.8023255813953488,552.0,297,255.0,111.0,25.0
E01000490,Brent 023A,888.0,0.42342342342342343,376.0,555,294.0,35.0,4.0
E01000491,Brent 030B,864.0,0.7418981481481481,641.0,407,318.0,94.0,45.0
E01000492,Brent 030C,451.0,1.017738359201774,459.0,119,223.0,91.0,18.0
E01000493,Brent 030D,564.0,1.0070921985815602,568.0,159,270.0,107.0,28.0
E01000494,Brent 023B,721.0,0.6532593619972261,471.0,358,278.0,62.0,23.0
E01000495,Brent 023C,782.0,0.4629156010230179,362.0,482,250.0,38.0,12.0
E01000497,Brent 011A,686.0,0.8177842565597667,561.0,270,298.0,91.0,27.0
E01000498,Brent 010B,515.0,1.0058252427184466,518.0,161,223.0,98.0,33.0
E01000499,Brent 011B,582.0,0.8195876288659794,477.0,220,268.0,73.0,21.0
E01000501,Brent 011C,759.0,0.7325428194993412,556.0,315,349.0,78.0,17.0
E01000502,Brent 011D,657.0,0.8417047184170472,553.0,238,311.0,82.0,26.0
E01000503,Brent 011E,774.0,0.8682170542635659,672.0,291,328.0,121.0,34.0
E01000504,Brent 018A,698.0,0.6432664756446992,449.0,345,273.0,64.0,16.0
E01000505,Brent 018B,573.0,0.8289703315881326,475.0,234,227.0,88.0,24.0
E01000506,Brent 014A,669.0,0.47832585949177875,320.0,400,228.0,31.0,10.0
E01000507,Brent 018C,518.0,0.8841698841698842,458.0,174,249.0,76.0,19.0
E01000508,Brent 025A,863.0,0.574739281575898,496.0,456,328.0,69.0,10.0
E01000509,Brent 014B,455.0,0.8813186813186813,401.0,182,172.0,74.0,27.0
E01000510,Brent 014C,576.0,0.7690972222222222,443.0,258,216.0,79.0,23.0
E01000511,Brent 014D,561.0,0.8110516934046346,455.0,223,245.0,69.0,24.0
E01000512,Brent 018D,650.0,0.6692307692307692,435.0,290,296.0,53.0,11.0
E01000513,Brent 002A,468.0,1.3247863247863247,620.0,89,184.0,149.0,46.0
E01000514,Brent 002B,496.0,1.2278225806451613,609.0,111,207.0,132.0,46.0
E01000515,Brent 003A,649.0,0.810477657935285,526.0,248,295.0,87.0,19.0
E01000516,Brent 002C,747.0,1.0200803212851406,762.0,247,291.0,156.0,53.0
E01000517,Brent 003B,489.0,1.2208588957055215,597.0,97,226.0,127.0,39.0
E01000518,Brent 005A,627.0,1.0079744816586922,632.0,206,253.0,125.0,43.0
E01000519,Brent 005B,631.0,1.0855784469096672,685.0,178,273.0,128.0,52.0
E01000520,Brent 002D,611.0,0.9427168576104746,576.0,209,266.0,98.0,38.0
E01000521,Brent 025B,920.0,0.41195652173913044,379.0,610,251.0,49.0,10.0
E01000522,Brent 025C,699.0,0.65379113018598,457.0,332,289.0,66.0,12.0
E01000523,Brent 031A,865.0,0.4867052023121387,421.0,516,285.0,56.0,8.0
E01000524,Brent 031B,987.0,0.4204660587639311,415.0,646,281.0,46.0,14.0
E01000525,Brent 031C,758.0,0.48548812664907653,368.0,451,251.0,51.0,5.0
E01000526,Brent 025D,808.0,0.594059405940594,480.0,430,294.0,66.0,18.0
E01000527,Brent 025E,736.0,0.5122282608695652,377.0,423,261.0,40.0,12.0
E01000528,Brent 025F,732.0,0.5409836065573771,396.0,388,298.0,40.0,6.0
E01000530,Brent 033A,674.0,0.8234421364985163,555.0,244,323.0,89.0,18.0
E01000531,Brent 033B,859.0,0.459837019790454,395.0,533,266.0,51.0,9.0
E01000532,Brent 033C,609.0,0.6174055829228243,376.0,309,237.0,50.0,13.0
E01000533,Brent 031E,879.0,0.4732650739476678,416.0,527,295.0,50.0,7.0
E01000534,Brent 033D,658.0,0.8541033434650456,562.0,216,338.0,88.0,16.0
E01000535,Brent 031F,847.0,0.6009445100354192,509.0,429,340.0,65.0,13.0
E01000536,Brent 004A,504.0,1.253968253968254,632.0,114,190.0,158.0,42.0
E01000538,Brent 004B,486.0,1.5823045267489713,769.0,39,194.0,184.0,69.0
E01000539,Brent 004C,540.0,1.1925925925925926,644.0,126,231.0,136.0,47.0
E01000540,Brent 004D,483.0,1.4306418219461698,691.0,66,205.0,150.0,62.0
E01000541,Brent 004E,486.0,1.0576131687242798,514.0,144,204.0,104.0,34.0
E01000543,Brent 003E,494.0,1.1680161943319838,577.0,118,217.0,117.0,42.0
E01000544,Brent 034A,740.0,0.3945945945945946,292.0,473,244.0,21.0,2.0
E01000545,Brent 028A,910.0,0.3813186813186813,347.0,609,263.0,30.0,8.0
E01000546,Brent 028B,754.0,0.47745358090185674,360.0,452,253.0,40.0,9.0
E01000547,Brent 028C,688.0,0.5581395348837209,384.0,354,287.0,44.0,3.0
E01000548,Brent 028D,1002.0,0.33532934131736525,336.0,699,273.0,27.0,3.0
E01000549,Brent 028E,894.0,0.47651006711409394,426.0,522,325.0,40.0,7.0
E01000550,Brent 034B,910.0,0.4032967032967033,367.0,594,268.0,45.0,3.0
E01000551,Brent 034C,1176.0,0.46003401360544216,541.0,717,387.0,62.0,10.0
E01000552,Brent 034D,579.0,0.48704663212435234,282.0,329,222.0,24.0,4.0
E01000553,Brent 015A,743.0,0.5558546433378196,413.0,422,244.0,62.0,15.0
E01000554,Brent 015B,757.0,0.665785997357992,504.0,346,325.0,79.0,7.0
E01000555,Brent 015C,527.0,0.9032258064516129,476.0,205,198.0,94.0,30.0
E01000556,Brent 015D,860.0,0.3511627906976744,302.0,611,207.0,31.0,11.0
E01000557,Brent 015E,830.0,0.43614457831325304,362.0,530,251.0,36.0,13.0
E01000558,Brent 015F,642.0,0.6059190031152648,389.0,348,214.0,65.0,15.0
E01000559,Brent 018E,656.0,0.5335365853658537,350.0,373,228.0,43.0,12.0
E01000560,Brent 023D,663.0,0.6998491704374057,464.0,326,234.0,79.0,24.0
E01000561,Brent 023E,823.0,0.5176184690157959,426.0,460,305.0,53.0,5.0
E01000562,Brent 008A,477.0,1.5450733752620545,737.0,76,149.0,168.0,84.0
E01000563,Brent 008B,480.0,1.55,744.0,48,200.0,152.0,80.0
E01000564,Brent 013A,491.0,1.0264765784114054,504.0,151,205.0,106.0,29.0
E01000565,Brent 013B,484.0,1.0557851239669422,511.0,152,194.0,97.0,41.0
E01000566,Brent 008C,464.0,1.3512931034482758,627.0,69,212.0,134.0,49.0
E01000567,Brent 016A,460.0,1.1760869565217391,541.0,98,219.0,107.0,36.0
E01000568,Brent 008D,663.0,0.77526395173454,514.0,304,237.0,89.0,33.0
E01000569,Brent 008E,484.0,1.4400826446280992,697.0,60,221.0,133.0,70.0
E01000570,Brent 012A,513.0,0.9688109161793372,497.0,159,247.0,71.0,36.0
E01000571,Brent 012B,495.0,1.3171717171717172,652.0,115,175.0,138.0,67.0
E01000572,Brent 007A,463.0,1.2224622030237582,566.0,90,220.0,113.0,40.0
E01000573,Brent 007B,480.0,1.1229166666666666,539.0,106,239.0,105.0,30.0
E01000574,Brent 007C,457.0,1.2669584245076586,579.0,88,203.0,122.0,44.0
E01000575,Brent 007D,661.0,0.989409984871407,654.0,212,288.0,117.0,44.0
E01000576,Brent 012C,572.0,1.117132867132867,639.0,164,236.0,113.0,59.0
E01000577,Brent 007E,862.0,0.7575406032482599,653.0,348,397.0,95.0,22.0
E01000578,Brent 012D,833.0,0.8247298919567827,687.0,332,350.0,116.0,35.0
E01000579,Brent 032A,635.0,0.6299212598425197,400.0,312,260.0,49.0,14.0
E01000580,Brent 032B,853.0,0.6975381008206331,595.0,369,388.0,81.0,15.0
E01000581,Brent 030E,593.0,0.7841483979763912,465.0,221,292.0,67.0,13.0
E01000582,Brent 032C,685.0,0.8043795620437956,551.0,259,320.0,87.0,19.0
E01000583,Brent 032D,902.0,0.5875831485587583,530.0,440,398.0,60.0,4.0
E01000584,Brent 033E,550.0,0.8309090909090909,457.0,194,275.0,61.0,20.0
E01000585,Brent 033F,592.0,0.6824324324324325,404.0,249,289.0,47.0,7.0
E01000586,Brent 032E,1087.0,0.4250229990800368,462.0,702,322.0,49.0,14.0
E01000587,Brent 001A,459.0,1.4640522875816993,672.0,66,179.0,149.0,65.0
E01000589,Brent 001B,803.0,1.0759651307596514,864.0,201,390.0,162.0,50.0
E01000590,Brent 001C,631.0,1.1141045958795563,703.0,153,303.0,125.0,50.0
E01000591,Brent 003F,643.0,0.9346811819595645,601.0,212,290.0,112.0,29.0
E01000592,Brent 001D,618.0,1.1440129449838188,707.0,169,241.0,158.0,50.0
E01000593,Brent 001E,670.0,1.1014925373134328,738.0,170,304.0,154.0,42.0
E01000594,Brent 001F,557.0,1.0466786355475763,583.0,169,231.0,119.0,38.0
E01000595,Brent 027A,653.0,0.5329249617151608,348.0,364,236.0,47.0,6.0
E01000596,Brent 021A,626.0,0.7188498402555911,450.0,310,203.0,92.0,21.0
E01000599,Brent 027D,698.0,0.6131805157593123,428.0,347,284.0,57.0,10.0
E01000601,Brent 021B,514.0,0.6673151750972762,343.0,245,206.0,52.0,11.0
E01000602,Brent 021C,502.0,0.7629482071713147,383.0,221,194.0,72.0,15.0
E01000603,Brent 021D,564.0,0.5478723404255319,309.0,307,213.0,36.0,8.0
E01000604,Brent 021E,513.0,0.898635477582846,461.0,184,223.0,80.0,26.0
E01000605,Brent 021F,571.0,0.723292469352014,413.0,261,224.0,69.0,17.0
E01000606,Brent 016B,575.0,0.8643478260869565,497.0,210,245.0,108.0,12.0
E01000607,Brent 013C,688.0,1.0334302325581395,711.0,215,292.0,124.0,57.0
E01000608,Brent 013D,808.0,0.8056930693069307,651.0,344,315.0,111.0,38.0
E01000609,Brent 016C,632.0,1.0284810126582278,650.0,187,279.0,127.0,39.0
E01000610,Brent 019A,687.0,0.858806404657933,590.0,242,327.0,91.0,27.0
E01000611,Brent 016D,605.0,0.9322314049586777,564.0,207,267.0,96.0,35.0
E01000612,Brent 019B,544.0,0.9724264705882353,529.0,169,246.0,104.0,25.0
E01000613,Brent 013E,638.0,0.7648902821316614,488.0,258,290.0,72.0,18.0
E01000615,Brent 036A,827.0,0.652962515114873,540.0,430,283.0,85.0,29.0
E01000616,Brent 020A,591.0,0.6463620981387479,382.0,293,227.0,58.0,13.0
E01000617,Brent 036B,720.0,0.7722222222222223,556.0,339,249.0,89.0,43.0
E01000618,Brent 036D,480.0,1.075,516.0,122,230.0,98.0,30.0
E01000619,Brent 036C,477.0,1.1719077568134173,559.0,105,228.0,101.0,43.0
E01000620,Brent 020B,509.0,0.9803536345776032,499.0,166,224.0,82.0,37.0
E01000621,Brent 020C,514.0,0.9416342412451362,484.0,180,211.0,96.0,27.0
E01000622,Brent 010D,706.0,0.7988668555240793,564.0,281,307.0,97.0,21.0
E01000623,Brent 005C,567.0,1.2433862433862435,705.0,127,234.0,147.0,59.0
E01000624,Brent 005D,589.0,1.2207130730050935,719.0,111,287.0,141.0,50.0
E01000625,Brent 009E,588.0,0.9982993197278912,587.0,180,267.0,103.0,38.0
E01000626,Brent 010E,606.0,0.665016501650165,403.0,284,250.0,63.0,9.0
E01000627,Brent 014E,688.0,0.7340116279069767,505.0,303,286.0,78.0,21.0
E01000628,Brent 014F,641.0,0.7457098283931357,478.0,300,230.0,85.0,26.0
E01000629,Brent 005E,623.0,1.189406099518459,741.0,140,287.0,134.0,62.0
E01000630,Brent 026E,907.0,0.5468577728776185,496.0,512,301.0,87.0,7.0
E01000631,Brent 019C,580.0,1.0103448275862068,586.0,200,224.0,106.0,50.0
E01000632,Brent 029E,593.0,0.9224283305227656,547.0,225,218.0,121.0,29.0
E01000633,Brent 019D,615.0,0.656910569105691,404.0,328,193.0,71.0,23.0
E01000634,Brent 019E,765.0,0.7189542483660131,550.0,348,304.0,93.0,20.0
E01000636,Brent 020E,766.0,0.685378590078329,525.0,373,283.0,88.0,22.0
E01000637,Brent 022B,615.0,0.46504065040650405,286.0,370,208.0,33.0,4.0
E01000638,Brent 024A,790.0,0.46582278481012657,368.0,480,258.0,46.0,6.0
E01000639,Brent 022C,750.0,0.4693333333333333,352.0,458,238.0,48.0,6.0
E01000640,Brent 024B,816.0,0.43504901960784315,355.0,519,251.0,34.0,12.0
E01000641,Brent 024C,740.0,0.4905405405405405,363.0,435,256.0,40.0,9.0
E01000642,Brent 022D,1027.0,0.34469328140214217,354.0,726,256.0,37.0,8.0
E01000643,Brent 024D,896.0,0.5926339285714286,531.0,458,355.0,73.0,10.0
E01000644,Brent 022E,763.0,0.5688073394495413,434.0,415,277.0,56.0,15.0
E01000645,Bromley 007A,541.0,1.7245841035120149,933.0,38,181.0,214.0,108.0
E01000646,Bromley 016A,783.0,1.0651340996168583,834.0,205,370.0,160.0,48.0
E01000647,Bromley 016B,651.0,1.1597542242703534,755.0,121,341.0,153.0,36.0
E01000648,Bromley 016C,727.0,1.2709766162310867,924.0,112,373.0,175.0,67.0
E01000649,Bromley 007B,817.0,1.4357405140758874,1173.0,100,359.0,260.0,98.0
E01000650,Bromley 022A,748.0,1.3943850267379678,1043.0,109,322.0,230.0,87.0
E01000651,Bromley 020A,624.0,1.1746794871794872,733.0,106,335.0,151.0,32.0
E01000652,Bromley 022B,672.0,1.3973214285714286,939.0,82,314.0,203.0,73.0
E01000653,Bromley 016D,595.0,1.4840336134453782,883.0,63,259.0,195.0,78.0
E01000654,Bromley 039A,490.0,1.7224489795918367,844.0,25,177.0,197.0,91.0
E01000655,Bromley 039B,490.0,1.7244897959183674,845.0,32,169.0,191.0,98.0
E01000656,Bromley 039C,563.0,1.7850799289520427,1005.0,36,173.0,230.0,124.0
E01000657,Bromley 039D,676.0,1.3994082840236686,946.0,100,288.0,206.0,82.0
E01000658,Bromley 042A,561.0,1.5098039215686274,847.0,73,214.0,189.0,85.0
E01000659,Bromley 039E,523.0,1.7609942638623326,921.0,24,181.0,214.0,104.0
E01000661,Bromley 026A,1180.0,0.911864406779661,1076.0,381,567.0,187.0,45.0
E01000662,Bromley 026B,652.0,1.3358895705521472,871.0,105,293.0,184.0,70.0
E01000663,Bromley 026C,664.0,1.1762048192771084,781.0,137,318.0,164.0,45.0
E01000664,Bromley 026D,601.0,1.4193011647254576,853.0,76,263.0,196.0,66.0
E01000665,Bromley 033A,743.0,1.3593539703903095,1010.0,105,348.0,208.0,82.0
E01000666,Bromley 033B,803.0,1.6662515566625156,1338.0,59,297.0,300.0,147.0
E01000667,Bromley 033C,627.0,1.8022328548644337,1130.0,48,186.0,235.0,158.0
E01000668,Bromley 020B,974.0,0.9938398357289527,968.0,250,521.0,162.0,41.0
E01000669,Bromley 020C,744.0,1.1115591397849462,827.0,160,383.0,159.0,42.0
E01000670,Bromley 018A,836.0,1.069377990430622,894.0,227,376.0,181.0,52.0
E01000671,Bromley 020D,1017.0,0.904621435594887,920.0,337,483.0,154.0,43.0
E01000672,Bromley 011A,695.0,1.139568345323741,792.0,131,377.0,146.0,41.0
E01000673,Bromley 011B,635.0,1.1968503937007875,760.0,101,351.0,140.0,43.0
E01000674,Bromley 008A,799.0,0.853566958698373,682.0,260,419.0,97.0,23.0
E01000676,Bromley 008B,968.0,0.5826446280991735,564.0,493,393.0,75.0,7.0
E01000677,Bromley 018C,800.0,0.89875,719.0,225,447.0,112.0,16.0
E01000678,Bromley 016E,699.0,1.1301859799713876,790.0,143,369.0,140.0,47.0
E01000679,Bromley 020E,677.0,1.1698670605612997,792.0,122,359.0,155.0,41.0
E01000680,Bromley 037A,647.0,1.758887171561051,1138.0,38,214.0,261.0,134.0
E01000681,Bromley 035A,650.0,1.416923076923077,921.0,74,298.0,211.0,67.0
E01000682,Bromley 035B,640.0,1.278125,818.0,106,297.0,190.0,47.0
E01000683,Bromley 035C,705.0,1.198581560283688,845.0,107,398.0,153.0,47.0
E01000684,Bromley 035D,752.0,1.4893617021276595,1120.0,56,361.0,246.0,89.0
E01000685,Bromley 037B,613.0,1.33442088091354,818.0,93,286.0,170.0,64.0
E01000686,Bromley 037C,641.0,1.2589703588143526,807.0,112,307.0,166.0,56.0
E01000687,Bromley 037D,660.0,1.309090909090909,864.0,78,349.0,184.0,49.0
E01000688,Bromley 037E,508.0,1.6338582677165354,830.0,43,193.0,179.0,93.0
E01000689,Bromley 002A,616.0,1.2483766233766234,769.0,118,283.0,159.0,56.0
E01000690,Bromley 002B,536.0,1.367537313432836,733.0,56,273.0,161.0,46.0
E01000691,Bromley 002C,636.0,1.139937106918239,725.0,124,330.0,151.0,31.0
E01000692,Bromley 002D,683.0,1.232796486090776,842.0,128,321.0,181.0,53.0
E01000693,Bromley 010A,645.0,1.2728682170542636,821.0,141,263.0,165.0,76.0
E01000694,Bromley 007C,885.0,1.3875706214689265,1228.0,83,454.0,270.0,78.0
E01000695,Bromley 007D,620.0,1.4629032258064516,907.0,73,272.0,190.0,85.0
E01000696,Bromley 007E,688.0,1.431686046511628,985.0,83,312.0,206.0,87.0
E01000697,Bromley 007F,776.0,1.240979381443299,963.0,108,430.0,181.0,57.0
E01000698,Bromley 010B,437.0,1.7048054919908466,745.0,28,158.0,166.0,85.0
E01000699,Bromley 015A,665.0,0.7924812030075188,527.0,260,309.0,70.0,26.0
E01000700,Bromley 013A,670.0,0.8865671641791045,594.0,195,371.0,89.0,15.0
E01000701,Bromley 015B,607.0,0.9522240527182867,578.0,152,354.0,79.0,22.0
E01000702,Bromley 013B,640.0,0.9359375,599.0,182,341.0,93.0,24.0
E01000703,Bromley 013C,701.0,0.9643366619115549,676.0,192,370.0,111.0,28.0
E01000704,Bromley 015C,598.0,0.9966555183946488,596.0,155,323.0,87.0,33.0
E01000705,Bromley 015D,569.0,0.8875219683655536,505.0,198,264.0,80.0,27.0
E01000706,Bromley 013D,610.0,0.9540983606557377,582.0,173,322.0,85.0,30.0
E01000707,Bromley 041A,530.0,1.139622641509434,604.0,70,340.0,96.0,24.0
E01000708,Bromley 041B,713.0,1.0617110799438991,757.0,168,370.0,138.0,37.0
E01000709,Bromley 006A,733.0,0.7639836289222374,560.0,267,379.0,80.0,7.0
E01000710,Bromley 006B,1158.0,0.886873920552677,1027.0,320,669.0,149.0,20.0
E01000711,Bromley 006C,1026.0,0.776803118908382,797.0,365,547.0,92.0,22.0
E01000712,Bromley 012A,881.0,0.9523269012485811,839.0,244,468.0,136.0,33.0
E01000713,Bromley 012B,888.0,1.0518018018018018,934.0,204,479.0,160.0,45.0
E01000714,Bromley 006D,1092.0,0.7701465201465202,841.0,400,566.0,103.0,23.0
E01000715,Bromley 012C,927.0,0.9298813376483279,862.0,259,504.0,134.0,30.0
E01000716,Bromley 011C,709.0,1.214386459802539,861.0,134,344.0,176.0,55.0
E01000717,Bromley 011D,865.0,0.976878612716763,845.0,236,451.0,140.0,38.0
E01000718,Bromley 006E,928.0,0.8696120689655172,807.0,325,431.0,140.0,32.0
E01000719,Bromley 019A,864.0,1.0,864.0,259,395.0,161.0,49.0
E01000720,Bromley 019B,684.0,1.2105263157894737,828.0,148,309.0,162.0,65.0
E01000721,Bromley 019C,614.0,0.9511400651465798,584.0,205,264.0,115.0,30.0
E01000722,Bromley 023A,760.0,1.1592105263157895,881.0,177,342.0,184.0,57.0
E01000723,Bromley 029A,552.0,1.3333333333333333,736.0,85,253.0,159.0,55.0
E01000724,Bromley 019D,652.0,0.9723926380368099,634.0,208,286.0,126.0,32.0
E01000725,Bromley 023B,794.0,0.9143576826196473,726.0,262,371.0,128.0,33.0
E01000726,Bromley 029B,579.0,1.2607944732297063,730.0,97,278.0,160.0,44.0
E01000727,Bromley 028A,763.0,1.0498034076015728,801.0,206,362.0,146.0,49.0
E01000728,Bromley 019E,699.0,1.151645207439199,805.0,159,329.0,157.0,54.0
E01000729,Bromley 014A,834.0,0.9292565947242206,775.0,283,375.0,128.0,48.0
E01000730,Bromley 014B,666.0,0.9774774774774775,651.0,203,313.0,112.0,38.0
E01000731,Bromley 023C,514.0,1.2295719844357977,632.0,108,226.0,134.0,46.0
E01000732,Bromley 023D,583.0,1.4562607204116638,849.0,74,250.0,178.0,81.0
E01000733,Bromley 023E,635.0,1.2440944881889764,790.0,116,303.0,161.0,55.0
E01000734,Bromley 028B,510.0,1.392156862745098,710.0,59,246.0,151.0,54.0
E01000735,Bromley 014C,555.0,1.2396396396396396,688.0,130,222.0,143.0,60.0
E01000736,Bromley 010C,629.0,1.2798092209856915,805.0,131,258.0,173.0,67.0
E01000737,Bromley 010D,583.0,1.1749571183533447,685.0,140,260.0,124.0,59.0
E01000738,Bromley 014D,645.0,1.324031007751938,854.0,117,272.0,186.0,70.0
E01000739,Bromley 014E,637.0,0.9764521193092621,622.0,214,268.0,111.0,44.0
E01000741,Bromley 005B,931.0,0.5424274973147154,505.0,488,393.0,38.0,12.0
E01000742,Bromley 005C,1018.0,0.6483300589390962,660.0,466,460.0,76.0,16.0
E01000743,Bromley 009A,851.0,0.63689776733255,542.0,421,334.0,80.0,16.0
E01000744,Bromley 009B,661.0,0.642965204236006,425.0,324,263.0,60.0,14.0
E01000745,Bromley 005D,898.0,0.7104677060133631,638.0,372,425.0,90.0,11.0
E01000746,Bromley 005E,964.0,0.6286307053941909,606.0,459,425.0,59.0,21.0
E01000747,Bromley 042B,791.0,1.6510745891276866,1306.0,78,270.0,293.0,150.0
E01000748,Bromley 042C,705.0,1.778723404255319,1254.0,50,228.0,255.0,172.0
E01000749,Bromley 036A,639.0,1.6306729264475743,1042.0,76,212.0,223.0,128.0
E01000750,Bromley 036B,653.0,1.0382848392036754,678.0,184,295.0,139.0,35.0
E01000751,Bromley 036C,887.0,1.2153325817361893,1078.0,175,409.0,240.0,63.0
E01000752,Bromley 036D,784.0,1.246173469387755,977.0,158,352.0,197.0,77.0
E01000753,Bromley 031A,756.0,1.4801587301587302,1119.0,76,343.0,235.0,102.0
E01000754,Bromley 031B,735.0,1.2190476190476192,896.0,128,381.0,163.0,63.0
E01000755,Bromley 031C,631.0,1.4199683042789224,896.0,79,284.0,192.0,76.0
E01000756,Bromley 033D,649.0,1.5793528505392913,1025.0,75,246.0,205.0,123.0
E01000757,Bromley 031D,603.0,1.4859038142620231,896.0,44,284.0,213.0,62.0
E01000758,Bromley 031E,554.0,1.3411552346570397,743.0,62,294.0,145.0,53.0
E01000759,Bromley 034A,577.0,1.7192374350086654,992.0,31,204.0,238.0,104.0
E01000760,Bromley 034B,581.0,1.4199655765920827,825.0,91,243.0,159.0,88.0
E01000761,Bromley 034C,573.0,1.5549738219895288,891.0,51,236.0,203.0,83.0
E01000762,Bromley 018D,746.0,1.1648793565683646,869.0,144,384.0,169.0,49.0
E01000763,Bromley 027A,527.0,1.5673624288425048,826.0,41,220.0,192.0,74.0
E01000764,Bromley 027B,662.0,1.3066465256797584,865.0,102,317.0,181.0,62.0
E01000765,Bromley 034D,703.0,1.3513513513513513,950.0,91,340.0,206.0,66.0
E01000766,Bromley 027C,645.0,1.5069767441860464,972.0,55,291.0,216.0,83.0
E01000767,Bromley 027D,603.0,1.4643449419568824,883.0,76,246.0,206.0,75.0
E01000768,Bromley 034E,611.0,1.3338788870703764,815.0,102,266.0,180.0,63.0
E01000769,Bromley 024A,453.0,1.4591611479028697,661.0,60,180.0,158.0,55.0
E01000770,Bromley 012D,690.0,1.127536231884058,778.0,168,311.0,166.0,45.0
E01000771,Bromley 041C,622.0,1.2491961414790997,777.0,103,306.0,168.0,45.0
E01000772,Bromley 012E,755.0,1.1589403973509933,875.0,169,354.0,175.0,57.0
E01000773,Bromley 024B,609.0,1.1954022988505748,728.0,114,304.0,149.0,42.0
E01000774,Bromley 041D,582.0,1.2061855670103092,702.0,114,281.0,140.0,47.0
E01000775,Bromley 024C,855.0,1.449122807017544,1239.0,100,379.0,268.0,108.0
E01000777,Bromley 024D,560.0,1.3625,763.0,62,287.0,157.0,54.0
E01000778,Bromley 024E,639.0,1.2488262910798122,798.0,117,302.0,164.0,56.0
E01000779,Bromley 001A,588.0,1.16156462585034,683.0,120,294.0,133.0,41.0
E01000780,Bromley 001B,647.0,1.0046367851622875,650.0,180,314.0,123.0,30.0
E01000781,Bromley 001C,625.0,0.8528,533.0,218,305.0,78.0,24.0
E01000782,Bromley 001D,654.0,0.7874617737003058,515.0,265,284.0,84.0,21.0
E01000783,Bromley 001E,637.0,0.9105180533751962,580.0,202,314.0,97.0,24.0
E01000784,Bromley 002E,594.0,1.297979797979798,771.0,72,318.0,159.0,45.0
E01000785,Bromley 001F,632.0,0.9620253164556962,608.0,212,270.0,112.0,38.0
E01000786,Bromley 032A,636.0,1.400943396226415,891.0,103,259.0,190.0,84.0
E01000787,Bromley 029C,670.0,1.0805970149253732,724.0,151,349.0,135.0,35.0
E01000788,Bromley 029D,614.0,1.228013029315961,754.0,115,295.0,153.0,51.0
E01000789,Bromley 032B,662.0,0.8821752265861027,584.0,246,279.0,106.0,31.0
E01000790,Bromley 028C,1046.0,0.9588910133843213,1003.0,351,456.0,170.0,69.0
E01000791,Bromley 029E,624.0,1.3125,819.0,108,277.0,175.0,64.0
E01000792,Bromley 032C,573.0,1.2844677137870855,736.0,89,274.0,168.0,42.0
E01000793,Bromley 032D,629.0,1.424483306836248,896.0,78,275.0,207.0,69.0
E01000794,Bromley 035E,605.0,1.4611570247933885,884.0,64,272.0,195.0,74.0
E01000795,Bromley 032E,534.0,1.303370786516854,696.0,91,225.0,183.0,35.0
E01000796,Bromley 009C,617.0,0.646677471636953,399.0,294,257.0,56.0,10.0
E01000797,Bromley 013E,689.0,1.0246734397677795,706.0,174,358.0,123.0,34.0
E01000798,Bromley 009D,735.0,0.601360544217687,442.0,377,283.0,66.0,9.0
E01000799,Bromley 004A,753.0,0.7463479415670651,562.0,307,352.0,72.0,22.0
E01000800,Bromley 009E,800.0,0.67625,541.0,363,351.0,68.0,18.0
E01000801,Bromley 015E,651.0,0.8632872503840245,562.0,233,307.0,78.0,33.0
E01000802,Bromley 004B,804.0,0.7686567164179104,618.0,304,397.0,88.0,15.0
E01000803,Bromley 004C,746.0,0.7359249329758714,549.0,301,358.0,70.0,17.0
E01000804,Bromley 004D,559.0,1.2361359570661896,691.0,79,298.0,153.0,29.0
E01000805,Bromley 004E,798.0,0.6917293233082706,552.0,342,376.0,64.0,16.0
E01000806,Bromley 009F,778.0,0.5141388174807198,400.0,448,270.0,50.0,10.0
E01000807,Bromley 022C,633.0,1.2432859399684044,787.0,114,299.0,172.0,48.0
E01000808,Bromley 025A,623.0,1.3723916532905296,855.0,86,280.0,196.0,61.0
E01000809,Bromley 022D,642.0,1.2523364485981308,804.0,92,347.0,152.0,51.0
E01000810,Bromley 025B,595.0,1.4252100840336135,848.0,48,297.0,199.0,51.0
E01000811,Bromley 025C,574.0,1.1637630662020906,668.0,102,307.0,134.0,31.0
E01000812,Bromley 028D,675.0,1.1851851851851851,800.0,143,317.0,162.0,53.0
E01000813,Bromley 025D,622.0,1.287781350482315,801.0,93,308.0,170.0,51.0
E01000814,Bromley 028E,580.0,1.546551724137931,897.0,42,244.0,229.0,65.0
E01000815,Bromley 025E,561.0,1.5918003565062389,893.0,36,230.0,222.0,73.0
E01000816,Bromley 040A,613.0,1.1647634584013051,714.0,102,335.0,149.0,27.0
E01000818,Bromley 040B,639.0,1.402190923317684,896.0,68,313.0,191.0,67.0
E01000819,Bromley 040C,756.0,0.906084656084656,685.0,245,367.0,114.0,30.0
E01000820,Bromley 008C,702.0,1.0883190883190883,764.0,186,318.0,148.0,50.0
E01000822,Bromley 008D,713.0,0.9424964936886395,672.0,199,382.0,106.0,26.0
E01000823,Bromley 008E,733.0,1.0613915416098227,778.0,171,383.0,142.0,37.0
E01000824,Bromley 008F,577.0,0.9393414211438474,542.0,172,292.0,89.0,24.0
E01000825,Bromley 008G,811.0,0.8051787916152897,653.0,275,437.0,81.0,18.0
E01000826,Bromley 021A,561.0,1.7237076648841354,967.0,36,186.0,236.0,103.0
E01000827,Bromley 021B,782.0,1.108695652173913,867.0,180,386.0,167.0,49.0
E01000828,Bromley 011E,770.0,1.1116883116883116,856.0,180,371.0,172.0,47.0
E01000829,Bromley 018E,702.0,1.0085470085470085,708.0,177,364.0,139.0,22.0
E01000830,Bromley 021C,553.0,1.7703435804701628,979.0,28,192.0,212.0,121.0
E01000831,Bromley 021D,775.0,1.096774193548387,850.0,191,370.0,162.0,52.0
E01000832,Bromley 030A,586.0,1.4300341296928327,838.0,84,244.0,180.0,78.0
E01000833,Bromley 021E,498.0,1.7048192771084338,849.0,35,174.0,192.0,97.0
E01000834,Bromley 027E,463.0,1.5874730021598271,735.0,33,187.0,181.0,62.0
E01000835,Bromley 030B,699.0,1.1802575107296138,825.0,146,337.0,160.0,56.0
E01000836,Bromley 030C,493.0,1.488843813387424,734.0,47,216.0,172.0,58.0
E01000837,Bromley 030D,652.0,1.156441717791411,754.0,136,324.0,146.0,46.0
E01000838,Bromley 030E,545.0,1.4605504587155964,796.0,64,240.0,167.0,74.0
E01000839,Bromley 030F,541.0,1.5526802218114601,840.0,48,229.0,181.0,83.0
E01000840,Bromley 030G,687.0,1.279475982532751,879.0,156,256.0,202.0,73.0
E01000841,Bromley 030H,660.0,1.3424242424242425,886.0,94,308.0,196.0,62.0
E01000842,Camden 011A,705.0,0.5460992907801419,385.0,379,274.0,45.0,7.0
E01000843,Camden 014A,652.0,0.46932515337423314,306.0,387,229.0,31.0,5.0
E01000844,Camden 011B,821.0,0.49573690621193667,407.0,472,294.0,52.0,3.0
E01000845,Camden 014B,697.0,0.5552367288378766,387.0,377,264.0,45.0,11.0
E01000846,Camden 014C,581.0,0.5524956970740104,321.0,329,195.0,45.0,12.0
E01000847,Camden 014D,619.0,0.617124394184168,382.0,308,248.0,55.0,8.0
E01000848,Camden 011C,741.0,0.5074224021592443,376.0,434,249.0,47.0,11.0
E01000849,Camden 011D,738.0,0.36720867208672087,271.0,501,206.0,28.0,3.0
E01000850,Camden 026A,573.0,0.2356020942408377,135.0,461,91.0,19.0,2.0
E01000851,Camden 026B,632.0,0.23734177215189872,150.0,514,94.0,16.0,8.0
E01000853,Camden 029H,720.0,0.16666666666666666,120.0,604,112.0,4.0,0.0
E01000855,Camden 028A,810.0,0.1728395061728395,140.0,693,97.0,17.0,3.0
E01000856,Camden 019A,645.0,0.34108527131782945,220.0,453,168.0,20.0,4.0
E01000857,Camden 018A,635.0,0.6015748031496063,382.0,330,234.0,65.0,6.0
E01000858,Camden 018B,797.0,0.4127979924717691,329.0,507,257.0,27.0,6.0
E01000859,Camden 018C,700.0,0.6142857142857143,430.0,345,290.0,55.0,10.0
E01000860,Camden 018D,677.0,0.4091580502215657,277.0,458,167.0,46.0,6.0
E01000861,Camden 019B,696.0,0.27586206896551724,192.0,530,144.0,18.0,4.0
E01000862,Camden 018E,807.0,0.5700123915737298,460.0,440,284.0,73.0,10.0
E01000863,Camden 021A,694.0,0.3285302593659942,228.0,505,155.0,29.0,5.0
E01000866,Camden 009A,923.0,0.38894907908992415,359.0,614,266.0,36.0,7.0
E01000867,Camden 015C,768.0,0.2786458333333333,214.0,578,168.0,20.0,2.0
E01000868,Camden 015D,746.0,0.3485254691689008,260.0,527,181.0,35.0,3.0
E01000869,Camden 015E,876.0,0.4166666666666667,365.0,560,277.0,29.0,10.0
E01000870,Camden 009B,728.0,0.4217032967032967,307.0,461,230.0,34.0,3.0
E01000871,Camden 005A,651.0,0.847926267281106,552.0,251,283.0,82.0,35.0
E01000872,Camden 005B,855.0,0.3742690058479532,320.0,582,230.0,39.0,4.0
E01000873,Camden 005C,667.0,0.6776611694152923,452.0,294,305.0,57.0,11.0
E01000874,Camden 005D,630.0,0.573015873015873,361.0,318,264.0,47.0,1.0
E01000875,Camden 013A,768.0,0.41796875,321.0,483,250.0,34.0,1.0
E01000876,Camden 013B,827.0,0.4328899637243047,358.0,514,274.0,33.0,6.0
E01000877,Camden 005E,662.0,0.5181268882175226,343.0,377,232.0,48.0,5.0
E01000878,Camden 004A,764.0,0.7198952879581152,550.0,320,351.0,80.0,13.0
E01000879,Camden 004B,573.0,0.6108202443280978,350.0,294,215.0,57.0,7.0
E01000880,Camden 004C,578.0,0.7076124567474048,409.0,262,238.0,63.0,15.0
E01000881,Camden 008A,599.0,0.49081803005008345,294.0,357,201.0,30.0,11.0
E01000882,Camden 008B,663.0,0.6018099547511312,399.0,344,254.0,50.0,15.0
E01000883,Camden 008C,755.0,0.4105960264900662,310.0,499,210.0,38.0,8.0
E01000884,Camden 004D,582.0,1.006872852233677,586.0,195,233.0,109.0,45.0
E01000885,Camden 004E,528.0,1.0568181818181819,558.0,154,227.0,110.0,37.0
E01000886,Camden 006A,593.0,0.6627318718381113,393.0,273,257.0,53.0,10.0
E01000887,Camden 006B,653.0,0.4777947932618683,312.0,383,231.0,36.0,3.0
E01000888,Camden 006C,640.0,0.5546875,355.0,332,262.0,45.0,1.0
E01000889,Camden 007A,707.0,0.4526166902404526,320.0,432,234.0,37.0,4.0
E01000890,Camden 007B,602.0,0.3239202657807309,195.0,428,155.0,17.0,2.0
E01000891,Camden 007C,615.0,0.3203252032520325,197.0,444,148.0,20.0,3.0
E01000892,Camden 006D,816.0,0.5012254901960784,409.0,471,287.0,52.0,6.0
E01000893,Camden 002A,657.0,0.6986301369863014,459.0,295,282.0,63.0,17.0
E01000894,Camden 002B,566.0,0.7508833922261484,425.0,226,271.0,53.0,16.0
E01000895,Camden 002C,782.0,0.3874680306905371,303.0,517,232.0,28.0,5.0
E01000896,Camden 002D,659.0,0.7405159332321699,488.0,283,279.0,82.0,15.0
E01000897,Camden 008D,653.0,0.7641653905053599,499.0,266,297.0,68.0,22.0
E01000898,Camden 008E,825.0,0.3296969696969697,272.0,598,188.0,33.0,6.0
E01000899,Camden 002E,706.0,0.9263456090651558,654.0,248,297.0,126.0,35.0
E01000900,Camden 012A,716.0,0.4720670391061452,338.0,427,244.0,41.0,4.0
E01000901,Camden 007D,732.0,0.3866120218579235,283.0,476,232.0,21.0,3.0
E01000902,Camden 012B,545.0,0.3871559633027523,211.0,356,170.0,16.0,3.0
E01000903,Camden 006E,623.0,0.48314606741573035,301.0,354,241.0,24.0,4.0
E01000904,Camden 012C,895.0,0.37094972067039106,332.0,602,262.0,23.0,8.0
E01000905,Camden 012D,762.0,0.33727034120734906,257.0,532,205.0,23.0,2.0
E01000906,Camden 012E,734.0,0.4373297002724796,321.0,444,263.0,23.0,4.0
E01000907,Camden 001A,616.0,0.42694805194805197,263.0,393,186.0,34.0,3.0
E01000908,Camden 001B,772.0,0.46632124352331605,360.0,460,267.0,42.0,3.0
E01000909,Camden 001C,644.0,0.8229813664596274,530.0,230,311.0,90.0,13.0
E01000910,Camden 003A,557.0,0.7324955116696589,408.0,237,240.0,72.0,8.0
E01000911,Camden 003B,630.0,0.5793650793650794,365.0,320,262.0,41.0,7.0
E01000912,Camden 001D,682.0,0.4237536656891496,289.0,434,213.0,29.0,6.0
E01000913,Camden 001E,684.0,1.1242690058479532,769.0,174,302.0,157.0,51.0
E01000914,Camden 028B,766.0,0.22845953002610966,175.0,623,115.0,24.0,4.0
E01000915,Camden 027A,590.0,0.3152542372881356,186.0,424,147.0,18.0,1.0
E01000916,Camden 027B,933.0,0.21972132904608788,205.0,753,157.0,21.0,2.0
E01000917,Camden 027C,750.0,0.24,180.0,591,138.0,21.0,0.0
E01000918,Camden 028C,815.0,0.22208588957055214,181.0,659,137.0,13.0,6.0
E01000919,Camden 028D,713.0,0.22300140252454417,159.0,571,127.0,13.0,2.0
E01000920,Camden 027D,817.0,0.33659730722154224,275.0,589,190.0,29.0,9.0
E01000921,Camden 003C,922.0,0.3546637744034707,327.0,641,242.0,32.0,7.0
E01000922,Camden 007E,687.0,0.37554585152838427,258.0,467,187.0,28.0,5.0
E01000923,Camden 003D,632.0,0.5506329113924051,348.0,329,264.0,33.0,6.0
E01000924,Camden 009C,726.0,0.4490358126721763,326.0,438,254.0,30.0,4.0
E01000925,Camden 009D,567.0,0.37389770723104054,212.0,377,170.0,18.0,2.0
E01000926,Camden 009E,611.0,0.37152209492635024,227.0,422,159.0,22.0,8.0
E01000927,Camden 007F,688.0,0.4316860465116279,297.0,419,244.0,22.0,3.0
E01000928,Camden 003E,752.0,0.48936170212765956,368.0,432,277.0,38.0,5.0
E01000929,Camden 020A,728.0,0.4340659340659341,316.0,462,224.0,34.0,8.0
E01000930,Camden 020B,1105.0,0.2642533936651584,292.0,852,220.0,27.0,6.0
E01000931,Camden 013C,926.0,0.3045356371490281,282.0,669,235.0,19.0,3.0
E01000932,Camden 013D,879.0,0.36746302616609783,323.0,589,260.0,27.0,3.0
E01000933,Camden 020C,815.0,0.4306748466257669,351.0,524,234.0,54.0,3.0
E01000934,Camden 020D,719.0,0.28789986091794156,207.0,533,167.0,17.0,2.0
E01000935,Camden 020E,706.0,0.33994334277620397,240.0,492,191.0,20.0,3.0
E01000937,Camden 029G,418.0,0.1722488038277512,72.0,359,49.0,7.0,3.0
E01000938,Camden 029A,625.0,0.2112,132.0,509,100.0,16.0,0.0
E01000939,Camden 029B,485.0,0.2721649484536082,132.0,374,94.0,13.0,4.0
E01000941,Camden 029D,531.0,0.2824858757062147,150.0,396,124.0,7.0,4.0
E01000942,Camden 029C,508.0,0.20866141732283464,106.0,409,92.0,7.0,0.0
E01000943,Camden 029F,434.0,0.21658986175115208,94.0,346,83.0,4.0,1.0
E01000944,Camden 023A,566.0,0.33568904593639576,190.0,397,153.0,11.0,5.0
E01000946,Camden 021B,686.0,0.47230320699708456,324.0,437,186.0,51.0,12.0
E01000947,Camden 021C,816.0,0.2536764705882353,207.0,636,157.0,19.0,4.0
E01000948,Camden 021D,746.0,0.4597855227882037,343.0,465,227.0,46.0,8.0
E01000949,Camden 023C,694.0,0.30547550432276654,212.0,503,172.0,17.0,2.0
E01000951,Camden 023E,562.0,0.3594306049822064,202.0,385,154.0,21.0,2.0
E01000952,Camden 022A,657.0,0.3409436834094368,224.0,457,177.0,22.0,1.0
E01000954,Camden 022C,649.0,0.29583975346687214,192.0,473,160.0,16.0,0.0
E01000955,Camden 022D,536.0,0.30783582089552236,165.0,388,132.0,15.0,1.0
E01000956,Camden 022E,604.0,0.26490066225165565,160.0,466,120.0,14.0,4.0
E01000957,Camden 019C,652.0,0.34202453987730064,223.0,448,189.0,11.0,4.0
E01000958,Camden 019D,954.0,0.3249475890985325,310.0,687,230.0,31.0,6.0
E01000959,Camden 019E,686.0,0.26822157434402333,184.0,527,137.0,19.0,3.0
E01000960,Camden 017A,892.0,0.35650224215246634,318.0,612,246.0,30.0,4.0
E01000961,Camden 017B,726.0,0.4903581267217631,356.0,428,246.0,46.0,6.0
E01000962,Camden 016A,757.0,0.45046235138705415,341.0,459,260.0,33.0,5.0
E01000963,Camden 017C,828.0,0.5229468599033816,433.0,472,292.0,51.0,13.0
E01000964,Camden 016B,751.0,0.44607190412782954,335.0,457,256.0,35.0,3.0
E01000965,Camden 016C,812.0,0.437192118226601,355.0,504,267.0,35.0,6.0
E01000966,Camden 016D,698.0,0.6088825214899714,425.0,338,303.0,49.0,8.0
E01000967,Camden 017D,637.0,0.7708006279434851,491.0,279,250.0,83.0,25.0
E01000968,Camden 016E,728.0,0.46565934065934067,339.0,438,243.0,45.0,2.0
E01000969,Camden 010A,889.0,0.4949381327334083,440.0,519,309.0,52.0,9.0
E01000970,Camden 010B,760.0,0.40789473684210525,310.0,487,238.0,33.0,2.0
E01000971,Camden 010C,579.0,0.6183074265975821,358.0,273,257.0,46.0,3.0
E01000972,Camden 010D,958.0,0.3455114822546973,331.0,665,258.0,32.0,3.0
E01000973,Camden 010E,1121.0,0.3666369313113292,411.0,764,312.0,36.0,9.0
E01000974,Camden 013E,764.0,0.4018324607329843,307.0,509,215.0,28.0,12.0
E01000975,Croydon 022A,1039.0,0.6256015399422522,650.0,510,426.0,85.0,18.0
E01000976,Croydon 022B,872.0,0.5837155963302753,509.0,452,343.0,65.0,12.0
E01000977,Croydon 022C,947.0,0.5438225976768744,515.0,522,348.0,64.0,13.0
E01000978,Croydon 022D,838.0,0.6109785202863962,512.0,427,327.0,67.0,17.0
E01000979,Croydon 022E,775.0,0.6129032258064516,475.0,366,346.0,60.0,3.0
E01000980,Croydon 017A,578.0,0.889273356401384,514.0,186,285.0,92.0,15.0
E01000981,Croydon 017B,658.0,0.9954407294832827,655.0,178,335.0,115.0,30.0
E01000982,Croydon 017C,675.0,0.8296296296296296,560.0,243,328.0,80.0,24.0
E01000983,Croydon 017D,724.0,0.9157458563535912,663.0,232,350.0,113.0,29.0
E01000984,Croydon 022F,785.0,0.6254777070063694,491.0,385,326.0,57.0,17.0
E01000985,Croydon 021A,520.0,1.3096153846153846,681.0,80,251.0,137.0,52.0
E01000986,Croydon 021B,688.0,1.1133720930232558,766.0,190,288.0,152.0,58.0
E01000987,Croydon 021C,515.0,1.1436893203883496,589.0,117,248.0,109.0,41.0
E01000989,Croydon 018A,629.0,1.4324324324324325,901.0,85,260.0,211.0,73.0
E01000990,Croydon 045A,534.0,0.9307116104868914,497.0,185,225.0,100.0,24.0
E01000991,Croydon 018B,683.0,1.4875549048316252,1016.0,77,287.0,228.0,91.0
E01000992,Croydon 014A,684.0,1.0277777777777777,703.0,212,292.0,129.0,51.0
E01000993,Croydon 021D,605.0,1.0,605.0,159,316.0,101.0,29.0
E01000994,Croydon 009A,534.0,1.0449438202247192,558.0,137,264.0,105.0,28.0
E01000995,Croydon 009B,605.0,0.7570247933884298,458.0,255,257.0,78.0,15.0
E01000996,Croydon 009C,450.0,1.028888888888889,463.0,123,217.0,84.0,26.0
E01000997,Croydon 009D,490.0,0.8959183673469387,439.0,168,225.0,77.0,20.0
E01000998,Croydon 010A,587.0,0.6286201022146508,369.0,301,215.0,59.0,12.0
E01000999,Croydon 009E,433.0,1.0,433.0,124,207.0,80.0,22.0
E01001000,Croydon 010B,510.0,0.7254901960784313,370.0,234,200.0,58.0,18.0
E01001001,Croydon 013A,582.0,0.6735395189003437,392.0,287,220.0,53.0,22.0
E01001002,Croydon 009F,524.0,0.8473282442748091,444.0,190,241.0,76.0,17.0
E01001003,Croydon 010C,596.0,0.7516778523489933,448.0,251,259.0,69.0,17.0
E01001004,Croydon 015A,781.0,0.8514724711907811,665.0,279,366.0,109.0,27.0
E01001005,Croydon 019A,601.0,0.7071547420965059,425.0,269,250.0,71.0,11.0
E01001006,Croydon 016A,693.0,0.8556998556998557,593.0,220,367.0,92.0,14.0
E01001007,Croydon 016B,597.0,1.1423785594639866,682.0,133,282.0,146.0,36.0
E01001008,Croydon 019B,530.0,0.969811320754717,514.0,165,247.0,87.0,31.0
E01001009,Croydon 019C,667.0,0.8305847076461769,554.0,250,299.0,99.0,19.0
E01001010,Croydon 019D,608.0,0.9276315789473685,564.0,205,276.0,93.0,34.0
E01001011,Croydon 019E,859.0,0.5320139697322468,457.0,487,301.0,57.0,14.0
E01001012,Croydon 020A,810.0,0.5802469135802469,470.0,431,299.0,69.0,11.0
E01001013,Croydon 020B,903.0,0.5160575858250277,466.0,522,309.0,59.0,13.0
E01001015,Croydon 041A,557.0,1.1741472172351886,654.0,109,282.0,126.0,40.0
E01001016,Croydon 041B,651.0,1.4101382488479262,918.0,81,299.0,194.0,77.0
E01001017,Croydon 043A,631.0,1.5594294770206023,984.0,49,280.0,202.0,100.0
E01001018,Croydon 044A,633.0,1.5497630331753554,981.0,80,224.0,230.0,99.0
E01001019,Croydon 044B,593.0,1.4620573355817876,867.0,79,235.0,205.0,74.0
E01001020,Croydon 044C,642.0,1.398753894080997,898.0,97,264.0,209.0,72.0
E01001021,Croydon 044D,545.0,1.0201834862385322,556.0,171,232.0,102.0,40.0
E01001022,Croydon 044E,622.0,1.4935691318327975,929.0,69,257.0,216.0,80.0
E01001023,Croydon 041C,1119.0,0.9794459338695264,1096.0,324,543.0,203.0,49.0
E01001024,Croydon 043B,529.0,1.2930056710775046,684.0,82,249.0,159.0,39.0
E01001025,Croydon 043C,493.0,1.5050709939148073,742.0,46,216.0,167.0,64.0
E01001026,Croydon 043D,670.0,1.3985074626865672,937.0,91,288.0,224.0,67.0
E01001027,Croydon 043E,991.0,1.4480322906155398,1435.0,79,495.0,311.0,106.0
E01001028,Croydon 038A,542.0,1.8523985239852399,1004.0,33,156.0,211.0,142.0
E01001029,Croydon 038B,637.0,1.23861852433281,789.0,129,291.0,153.0,64.0
E01001030,Croydon 038C,493.0,1.5780933062880325,778.0,45,200.0,166.0,82.0
E01001031,Croydon 038D,515.0,1.6718446601941748,861.0,35,203.0,173.0,104.0
E01001032,Croydon 035A,555.0,1.5351351351351352,852.0,49,238.0,190.0,78.0
E01001033,Croydon 031A,682.0,0.9486803519061584,647.0,211,328.0,110.0,33.0
E01001034,Croydon 031B,665.0,1.025563909774436,682.0,167,344.0,124.0,30.0
E01001035,Croydon 047C,838.0,0.747016706443914,626.0,314,436.0,74.0,14.0
E01001036,Croydon 029A,661.0,1.2405446293494704,820.0,131,306.0,158.0,66.0
E01001037,Croydon 029B,684.0,0.7368421052631579,504.0,261,351.0,63.0,9.0
E01001038,Croydon 029C,949.0,0.7449947312961012,707.0,363,482.0,87.0,17.0
E01001039,Croydon 029D,598.0,1.2892976588628762,771.0,85,298.0,172.0,43.0
E01001040,Croydon 029E,744.0,0.8104838709677419,603.0,263,376.0,88.0,17.0
E01001041,Croydon 031C,727.0,0.781292984869326,568.0,292,324.0,89.0,22.0
E01001042,Croydon 024B,944.0,0.5264830508474576,497.0,525,350.0,60.0,9.0
E01001044,Croydon 023A,834.0,0.9184652278177458,766.0,230,471.0,104.0,29.0
E01001046,Croydon 023B,798.0,0.7180451127819549,573.0,304,421.0,67.0,6.0
E01001047,Croydon 047A,845.0,0.5822485207100592,492.0,442,328.0,61.0,14.0
E01001049,Croydon 023C,520.0,1.4346153846153846,746.0,64,230.0,162.0,64.0
E01001050,Croydon 023D,790.0,0.5784810126582278,457.0,407,319.0,54.0,10.0
E01001051,Croydon 030A,565.0,0.7893805309734513,446.0,254,205.0,77.0,29.0
E01001052,Croydon 030B,456.0,0.9890350877192983,451.0,154,183.0,89.0,30.0
E01001053,Croydon 032A,533.0,1.1219512195121952,598.0,141,229.0,120.0,43.0
E01001054,Croydon 030C,588.0,0.9863945578231292,580.0,195,247.0,105.0,41.0
E01001055,Croydon 032B,573.0,0.9738219895287958,558.0,204,216.0,117.0,36.0
E01001056,Croydon 030D,576.0,0.8541666666666666,492.0,225,236.0,89.0,26.0
E01001057,Croydon 030E,602.0,0.7259136212624585,437.0,268,247.0,71.0,16.0
E01001058,Croydon 034A,524.0,1.2614503816793894,661.0,83,261.0,140.0,40.0
E01001059,Croydon 034B,666.0,1.0735735735735736,715.0,136,367.0,141.0,22.0
E01001060,Croydon 034C,644.0,1.2236024844720497,788.0,108,329.0,162.0,45.0
E01001061,Croydon 034D,649.0,1.1710323574730355,760.0,141,306.0,152.0,50.0
E01001062,Croydon 026A,557.0,1.450628366247756,808.0,64,245.0,181.0,67.0
E01001063,Croydon 026B,577.0,1.3483535528596187,778.0,92,258.0,161.0,66.0
E01001064,Croydon 026C,614.0,1.509771986970684,927.0,70,259.0,187.0,98.0
E01001065,Croydon 034E,649.0,1.1140215716486903,723.0,153,314.0,137.0,45.0
E01001066,Croydon 034F,524.0,0.9141221374045801,479.0,186,225.0,85.0,28.0
E01001067,Croydon 041D,576.0,1.6649305555555556,959.0,41,216.0,214.0,105.0
E01001068,Croydon 042A,756.0,1.3015873015873016,984.0,117,370.0,193.0,76.0
E01001069,Croydon 040A,506.0,1.4288537549407114,723.0,56,235.0,157.0,58.0
E01001070,Croydon 040B,647.0,1.3616692426584236,881.0,101,279.0,199.0,68.0
E01001071,Croydon 042B,723.0,1.3706777316735823,991.0,107,321.0,215.0,80.0
E01001072,Croydon 042C,539.0,1.790352504638219,965.0,30,163.0,236.0,110.0
E01001073,Croydon 037A,582.0,1.0601374570446735,617.0,150,273.0,133.0,26.0
E01001074,Croydon 041E,814.0,1.0442260442260443,850.0,227,377.0,157.0,53.0
E01001075,Croydon 040C,644.0,1.1149068322981366,718.0,130,344.0,136.0,34.0
E01001076,Croydon 036A,570.0,1.043859649122807,595.0,176,230.0,127.0,37.0
E01001077,Croydon 032C,514.0,1.2957198443579767,666.0,93,228.0,141.0,52.0
E01001078,Croydon 032D,509.0,1.0766208251473477,548.0,141,224.0,108.0,36.0
E01001079,Croydon 036B,588.0,1.0680272108843538,628.0,177,237.0,131.0,43.0
E01001080,Croydon 036C,585.0,0.7264957264957265,425.0,278,218.0,60.0,29.0
E01001081,Croydon 036D,495.0,1.2565656565656567,622.0,113,202.0,120.0,60.0
E01001082,Croydon 032E,523.0,1.2466539196940727,652.0,127,210.0,116.0,70.0
E01001083,Croydon 003A,545.0,1.2678899082568806,691.0,95,263.0,133.0,54.0
E01001084,Croydon 002A,665.0,1.261654135338346,839.0,134,295.0,164.0,72.0
E01001085,Croydon 004A,648.0,0.8009259259259259,519.0,267,270.0,84.0,27.0
E01001086,Croydon 003B,588.0,1.0850340136054422,638.0,136,302.0,114.0,36.0
E01001087,Croydon 003C,1131.0,0.6808134394341291,770.0,569,402.0,112.0,48.0
E01001088,Croydon 004B,575.0,1.0417391304347825,599.0,149,283.0,113.0,30.0
E01001089,Croydon 004C,647.0,0.7573415765069552,490.0,264,291.0,77.0,15.0
E01001090,Croydon 004D,886.0,0.7708803611738149,683.0,344,420.0,103.0,19.0
E01001091,Croydon 004E,562.0,1.1921708185053381,670.0,141,230.0,133.0,58.0
E01001092,Croydon 037B,700.0,1.227142857142857,859.0,140,327.0,167.0,66.0
E01001093,Croydon 037C,711.0,1.120956399437412,797.0,152,367.0,146.0,46.0
E01001094,Croydon 038E,565.0,1.7716814159292036,1001.0,47,183.0,187.0,148.0
E01001095,Croydon 031D,595.0,1.0,595.0,150,320.0,100.0,25.0
E01001096,Croydon 037D,533.0,1.450281425891182,773.0,56,248.0,162.0,67.0
E01001097,Croydon 037E,1170.0,0.6444444444444445,754.0,552,503.0,94.0,21.0
E01001098,Croydon 037F,535.0,1.5214953271028038,814.0,45,240.0,176.0,74.0
E01001099,Croydon 040D,597.0,1.135678391959799,678.0,120,311.0,131.0,35.0
E01001100,Croydon 031E,603.0,1.1409618573797677,688.0,120,320.0,121.0,42.0
E01001101,Croydon 035B,506.0,1.691699604743083,856.0,30,180.0,212.0,84.0
E01001102,Croydon 035C,635.0,1.330708661417323,845.0,121,256.0,185.0,73.0
E01001103,Croydon 039A,644.0,1.4145962732919255,911.0,81,289.0,200.0,74.0
E01001104,Croydon 042D,642.0,1.4143302180685358,908.0,71,305.0,195.0,71.0
E01001105,Croydon 039B,623.0,1.4365971107544142,895.0,96,248.0,190.0,89.0
E01001106,Croydon 039C,561.0,1.4759358288770053,828.0,73,229.0,178.0,81.0
E01001107,Croydon 035D,667.0,1.4332833583208395,956.0,79,300.0,208.0,80.0
E01001108,Croydon 035E,643.0,1.5583203732503887,1002.0,55,261.0,240.0,87.0
E01001109,Croydon 013B,963.0,0.608515057113188,586.0,477,396.0,80.0,10.0
E01001110,Croydon 020D,892.0,0.5751121076233184,513.0,479,331.0,64.0,18.0
E01001111,Croydon 010D,641.0,0.7940717628705148,509.0,253,292.0,71.0,25.0
E01001112,Croydon 013C,854.0,0.7107728337236534,607.0,371,378.0,86.0,19.0
E01001113,Croydon 013D,858.0,0.682983682983683,586.0,395,362.0,79.0,22.0
E01001114,Croydon 013E,603.0,0.693200663349917,418.0,277,257.0,46.0,23.0
E01001115,Croydon 015B,649.0,0.7596302003081664,493.0,280,265.0,84.0,20.0
E01001116,Croydon 013F,606.0,0.6848184818481848,415.0,281,248.0,64.0,13.0
E01001118,Croydon 020E,878.0,0.6298405466970387,553.0,447,330.0,80.0,21.0
E01001119,Croydon 034G,579.0,1.4300518134715026,828.0,57,282.0,174.0,66.0
E01001120,Croydon 033A,508.0,1.3543307086614174,688.0,81,222.0,149.0,56.0
E01001121,Croydon 039D,540.0,1.5925925925925926,860.0,55,203.0,189.0,93.0
E01001122,Croydon 033B,459.0,1.5991285403050108,734.0,33,199.0,146.0,81.0
E01001123,Croydon 033C,604.0,1.4867549668874172,898.0,64,251.0,220.0,69.0
E01001124,Croydon 033D,603.0,1.5572139303482586,939.0,59,233.0,227.0,84.0
E01001125,Croydon 033E,609.0,1.3136288998357963,800.0,112,257.0,177.0,63.0
E01001126,Croydon 034H,593.0,1.3895446880269815,824.0,73,282.0,172.0,66.0
E01001127,Croydon 025A,586.0,1.5392491467576792,902.0,71,221.0,201.0,93.0
E01001128,Croydon 025B,569.0,0.9402460456942003,535.0,198,233.0,112.0,26.0
E01001129,Croydon 026D,506.0,1.634387351778656,827.0,33,203.0,186.0,84.0
E01001130,Croydon 025C,560.0,0.7625,427.0,246,226.0,63.0,25.0
E01001131,Croydon 018C,660.0,1.1712121212121211,773.0,134,319.0,167.0,40.0
E01001132,Croydon 018D,645.0,1.4449612403100776,932.0,76,288.0,199.0,82.0
E01001133,Croydon 026E,728.0,1.1483516483516483,836.0,185,315.0,163.0,65.0
E01001134,Croydon 018E,677.0,1.2688330871491875,859.0,117,329.0,163.0,68.0
E01001135,Croydon 025D,638.0,1.3620689655172413,869.0,113,260.0,186.0,79.0
E01001136,Croydon 007A,983.0,0.5717192268565615,562.0,527,360.0,86.0,10.0
E01001137,Croydon 001A,973.0,0.7091469681397738,690.0,398,476.0,83.0,16.0
E01001138,Croydon 001B,718.0,0.7270194986072424,522.0,297,333.0,75.0,13.0
E01001139,Croydon 007B,713.0,0.8302945301542777,592.0,267,327.0,92.0,27.0
E01001140,Croydon 007C,759.0,0.7351778656126482,558.0,307,364.0,70.0,18.0
E01001141,Croydon 008A,572.0,0.7465034965034965,427.0,256,225.0,71.0,20.0
E01001142,Croydon 007D,746.0,0.9369973190348525,699.0,242,349.0,115.0,40.0
E01001143,Croydon 008B,825.0,0.6921212121212121,571.0,381,340.0,81.0,23.0
E01001144,Croydon 007E,800.0,0.58625,469.0,423,301.0,60.0,16.0
E01001145,Croydon 008C,872.0,0.47706422018348627,416.0,511,312.0,43.0,6.0
E01001146,Croydon 006A,605.0,0.968595041322314,586.0,179,292.0,108.0,26.0
E01001147,Croydon 005A,669.0,0.8340807174887892,558.0,246,314.0,83.0,26.0
E01001148,Croydon 005B,702.0,0.8846153846153846,621.0,233,345.0,96.0,28.0
E01001149,Croydon 006B,623.0,0.9085072231139647,566.0,196,312.0,91.0,24.0
E01001150,Croydon 006C,638.0,0.9968652037617555,636.0,174,319.0,118.0,27.0
E01001151,Croydon 005C,672.0,0.7544642857142857,507.0,299,265.0,82.0,26.0
E01001152,Croydon 005D,789.0,0.6121673003802282,483.0,406,299.0,68.0,16.0
E01001153,Croydon 006D,614.0,0.8517915309446255,523.0,225,281.0,82.0,26.0
E01001154,Croydon 006E,727.0,0.7441540577716643,541.0,310,312.0,86.0,19.0
E01001155,Croydon 010E,785.0,0.45222929936305734,355.0,495,232.0,51.0,7.0
E01001156,Croydon 001C,720.0,0.8,576.0,279,330.0,87.0,24.0
E01001157,Croydon 002B,623.0,1.1396468699839486,710.0,144,298.0,131.0,50.0
E01001158,Croydon 005E,669.0,0.8325859491778774,557.0,244,318.0,82.0,25.0
E01001159,Croydon 002C,740.0,1.0810810810810811,800.0,190,358.0,134.0,58.0
E01001160,Croydon 002D,627.0,1.368421052631579,858.0,112,259.0,169.0,87.0
E01001161,Croydon 003D,550.0,1.0145454545454546,558.0,187,212.0,107.0,44.0
E01001162,Croydon 001D,804.0,0.7674129353233831,617.0,320,375.0,85.0,24.0
E01001163,Croydon 002E,835.0,0.9137724550898204,763.0,263,415.0,123.0,34.0
E01001164,Croydon 001E,992.0,0.6995967741935484,694.0,470,400.0,72.0,50.0
E01001165,Croydon 024C,723.0,0.8105117565698479,586.0,287,312.0,98.0,26.0
E01001166,Croydon 024D,877.0,0.5530216647662486,485.0,476,326.0,66.0,9.0
E01001167,Croydon 028A,819.0,1.0818070818070817,886.0,216,381.0,161.0,61.0
E01001168,Croydon 024E,733.0,0.869031377899045,637.0,246,358.0,108.0,21.0
E01001169,Croydon 028B,639.0,1.0172143974960877,650.0,196,278.0,123.0,42.0
E01001170,Croydon 047D,896.0,0.6473214285714286,580.0,410,404.0,70.0,12.0
E01001171,Croydon 028C,681.0,0.8149779735682819,555.0,279,284.0,83.0,35.0
E01001172,Croydon 028D,732.0,0.9453551912568307,692.0,241,324.0,133.0,34.0
E01001173,Croydon 028E,1120.0,1.0125,1134.0,316,539.0,200.0,65.0
E01001174,Croydon 011A,510.0,1.0411764705882354,531.0,135,247.0,100.0,28.0
E01001175,Croydon 011B,557.0,0.7666068222621185,427.0,238,228.0,74.0,17.0
E01001176,Croydon 011C,618.0,0.8705501618122977,538.0,230,270.0,86.0,32.0
E01001177,Croydon 016C,555.0,0.9891891891891892,549.0,183,226.0,115.0,31.0
E01001178,Croydon 015D,601.0,0.5374376039933444,323.0,342,209.0,36.0,14.0
E01001179,Croydon 016D,548.0,0.948905109489051,520.0,163,268.0,99.0,18.0
E01001180,Croydon 016E,675.0,0.762962962962963,515.0,269,310.0,83.0,13.0
E01001181,Croydon 015E,889.0,0.5905511811023622,525.0,470,327.0,78.0,14.0
E01001182,Croydon 011D,461.0,1.0607375271149675,489.0,138,193.0,94.0,36.0
E01001183,Croydon 011E,636.0,0.7374213836477987,469.0,284,251.0,85.0,16.0
E01001184,Croydon 011F,446.0,1.0874439461883407,485.0,126,185.0,105.0,30.0
E01001185,Croydon 014B,744.0,0.8225806451612904,612.0,268,361.0,94.0,21.0
E01001186,Croydon 014C,816.0,0.7034313725490197,574.0,383,313.0,99.0,21.0
E01001187,Croydon 017E,810.0,0.8901234567901235,721.0,269,389.0,124.0,28.0
E01001188,Croydon 014D,748.0,0.7580213903743316,567.0,302,347.0,77.0,22.0
E01001189,Croydon 045B,458.0,0.9650655021834061,442.0,112,266.0,64.0,16.0
E01001190,Croydon 045C,603.0,0.9419568822553898,568.0,179,298.0,108.0,18.0
E01001191,Croydon 008D,860.0,0.6837209302325581,588.0,402,343.0,100.0,15.0
E01001192,Croydon 008E,689.0,0.7024673439767779,484.0,304,301.0,69.0,15.0
E01001193,Croydon 014E,565.0,0.9982300884955753,564.0,182,227.0,131.0,25.0
E01001194,Croydon 045D,617.0,0.9513776337115073,587.0,178,311.0,108.0,20.0
E01001195,Ealing 021A,615.0,0.9821138211382113,604.0,175,302.0,112.0,26.0
E01001196,Ealing 015A,695.0,0.5884892086330935,409.0,369,255.0,59.0,12.0
E01001197,Ealing 021B,718.0,0.745125348189415,535.0,296,320.0,91.0,11.0
E01001198,Ealing 021C,596.0,0.8557046979865772,510.0,202,297.0,78.0,19.0
E01001199,Ealing 021D,671.0,0.6408345752608048,430.0,313,292.0,60.0,6.0
E01001200,Ealing 025A,630.0,0.8444444444444444,532.0,223,300.0,89.0,18.0
E01001201,Ealing 025B,630.0,0.7666666666666667,483.0,245,303.0,66.0,16.0
E01001202,Ealing 025C,999.0,0.5155155155155156,515.0,568,357.0,64.0,10.0
E01001203,Ealing 025D,851.0,0.43243243243243246,368.0,544,250.0,53.0,4.0
E01001204,Ealing 018A,594.0,1.1363636363636365,675.0,126,292.0,145.0,31.0
E01001205,Ealing 018B,654.0,0.8211009174311926,537.0,235,314.0,92.0,13.0
E01001206,Ealing 018C,553.0,0.6871609403254972,380.0,254,234.0,49.0,16.0
E01001207,Ealing 018D,758.0,0.7638522427440633,579.0,291,373.0,76.0,18.0
E01001208,Ealing 018E,509.0,1.200392927308448,611.0,83,270.0,127.0,29.0
E01001209,Ealing 013A,654.0,1.091743119266055,714.0,127,365.0,137.0,25.0
E01001210,Ealing 016A,753.0,0.6733067729083665,507.0,356,301.0,82.0,14.0
E01001211,Ealing 013B,718.0,0.8746518105849582,628.0,237,354.0,107.0,20.0
E01001212,Ealing 018F,724.0,0.9516574585635359,689.0,206,376.0,113.0,29.0
E01001213,Ealing 023A,536.0,1.0093283582089552,541.0,194,185.0,115.0,42.0
E01001214,Ealing 023B,500.0,1.306,653.0,110,187.0,143.0,60.0
E01001215,Ealing 023C,620.0,0.7516129032258064,466.0,300,206.0,82.0,32.0
E01001216,Ealing 023D,494.0,1.0870445344129556,537.0,143,218.0,80.0,53.0
E01001217,Ealing 014A,440.0,1.4068181818181817,619.0,73,179.0,124.0,64.0
E01001218,Ealing 012A,725.0,0.9255172413793104,671.0,265,289.0,131.0,40.0
E01001219,Ealing 029A,765.0,0.7699346405228759,589.0,330,316.0,84.0,35.0
E01001220,Ealing 029B,471.0,0.8067940552016986,380.0,192,197.0,63.0,19.0
E01001223,Ealing 041B,633.0,0.8483412322274881,537.0,250,266.0,80.0,37.0
E01001224,Ealing 019B,579.0,1.1848013816925733,686.0,120,266.0,159.0,34.0
E01001225,Ealing 041A,848.0,0.7122641509433962,604.0,384,346.0,96.0,22.0
E01001226,Ealing 019C,672.0,0.7827380952380952,526.0,262,316.0,72.0,22.0
E01001227,Ealing 019D,605.0,1.0231404958677686,619.0,158,301.0,120.0,26.0
E01001228,Ealing 019E,825.0,0.6909090909090909,570.0,386,331.0,85.0,23.0
E01001229,Ealing 031A,593.0,0.7892074198988196,468.0,241,256.0,76.0,20.0
E01001230,Ealing 031B,607.0,0.8583196046128501,521.0,208,299.0,78.0,22.0
E01001231,Ealing 027A,786.0,0.950381679389313,747.0,249,358.0,148.0,31.0
E01001232,Ealing 031C,616.0,0.9496753246753247,585.0,193,289.0,106.0,28.0
E01001233,Ealing 031D,621.0,0.7471819645732689,464.0,260,280.0,59.0,22.0
E01001234,Ealing 027B,608.0,0.7516447368421053,457.0,266,247.0,75.0,20.0
E01001235,Ealing 042D,777.0,0.6846846846846847,532.0,336,362.0,67.0,12.0
E01001236,Ealing 042C,686.0,0.6749271137026239,463.0,329,274.0,60.0,23.0
E01001237,Ealing 031E,673.0,0.8469539375928677,570.0,266,273.0,105.0,29.0
E01001239,Ealing 015C,562.0,0.6654804270462633,374.0,267,226.0,59.0,10.0
E01001240,Ealing 024A,657.0,0.593607305936073,390.0,369,204.0,66.0,18.0
E01001241,Ealing 024B,656.0,0.6920731707317073,454.0,317,243.0,77.0,19.0
E01001242,Ealing 024C,612.0,0.826797385620915,506.0,253,241.0,89.0,29.0
E01001243,Ealing 024D,959.0,0.5620437956204379,539.0,532,328.0,86.0,13.0
E01001244,Ealing 024E,1165.0,0.5004291845493563,583.0,664,427.0,66.0,8.0
E01001245,Ealing 024F,921.0,0.5211726384364821,480.0,507,356.0,50.0,8.0
E01001246,Ealing 015D,818.0,0.5158924205378973,422.0,482,262.0,62.0,12.0
E01001247,Ealing 015E,813.0,0.7650676506765067,622.0,355,320.0,112.0,26.0
E01001248,Ealing 035A,566.0,1.0035335689045937,568.0,165,261.0,113.0,27.0
E01001249,Ealing 028A,1090.0,0.45321100917431195,494.0,666,359.0,60.0,5.0
E01001250,Ealing 028B,978.0,0.556237218813906,544.0,495,427.0,51.0,5.0
E01001251,Ealing 030A,734.0,0.8310626702997275,610.0,240,386.0,100.0,8.0
E01001252,Ealing 030B,967.0,0.7094105480868665,686.0,423,423.0,100.0,21.0
E01001253,Ealing 030C,775.0,0.8838709677419355,685.0,233,415.0,111.0,16.0
E01001254,Ealing 030D,744.0,0.8266129032258065,615.0,253,381.0,96.0,14.0
E01001255,Ealing 028C,589.0,0.9592529711375212,565.0,155,315.0,107.0,12.0
E01001257,Ealing 008A,810.0,0.845679012345679,685.0,293,375.0,116.0,26.0
E01001258,Ealing 010B,649.0,1.1047765793528506,717.0,171,283.0,151.0,44.0
E01001259,Ealing 014B,516.0,1.0406976744186047,537.0,157,219.0,102.0,38.0
E01001260,Ealing 012B,688.0,1.0770348837209303,741.0,198,296.0,137.0,57.0
E01001261,Ealing 012C,858.0,0.7937062937062938,681.0,354,356.0,119.0,29.0
E01001262,Ealing 010C,542.0,0.9797047970479705,531.0,180,223.0,109.0,30.0
E01001263,Ealing 010D,736.0,0.9456521739130435,696.0,227,357.0,117.0,35.0
E01001264,Ealing 010E,626.0,1.1198083067092652,701.0,153,288.0,142.0,43.0
E01001265,Ealing 006A,631.0,1.0396196513470681,656.0,170,302.0,123.0,36.0
E01001266,Ealing 006B,597.0,1.2160804020100502,726.0,133,252.0,162.0,50.0
E01001267,Ealing 006C,820.0,0.7987804878048781,655.0,337,345.0,104.0,34.0
E01001268,Ealing 012D,641.0,1.2355694227769112,792.0,127,292.0,166.0,56.0
E01001269,Ealing 001A,796.0,0.9886934673366834,787.0,225,381.0,164.0,26.0
E01001270,Ealing 004A,585.0,1.2752136752136751,746.0,97,277.0,164.0,47.0
E01001271,Ealing 001B,633.0,1.0758293838862558,681.0,169,289.0,133.0,42.0
E01001272,Ealing 006D,590.0,1.011864406779661,597.0,177,258.0,126.0,29.0
E01001273,Ealing 041C,584.0,1.2089041095890412,706.0,132,242.0,166.0,44.0
E01001274,Ealing 041E,589.0,0.8845500848896435,521.0,177,315.0,85.0,12.0
E01001275,Ealing 041D,907.0,0.679162072767365,616.0,428,369.0,83.0,27.0
E01001276,Ealing 011A,697.0,0.8938307030129125,623.0,253,303.0,103.0,38.0
E01001277,Ealing 011B,716.0,0.8952513966480447,641.0,227,358.0,110.0,21.0
E01001278,Ealing 011C,800.0,0.8475,678.0,313,330.0,123.0,34.0
E01001279,Ealing 013C,555.0,1.2576576576576577,698.0,71,295.0,164.0,25.0
E01001280,Ealing 011D,776.0,0.8775773195876289,681.0,253,388.0,112.0,23.0
E01001281,Ealing 013D,618.0,1.0210355987055015,631.0,143,340.0,114.0,21.0
E01001282,Ealing 016B,612.0,0.9052287581699346,554.0,207,275.0,111.0,19.0
E01001283,Ealing 016C,773.0,0.6804657179818887,526.0,374,292.0,87.0,20.0
E01001284,Ealing 022A,587.0,1.0732538330494037,630.0,141,292.0,124.0,30.0
E01001285,Ealing 016D,576.0,0.9982638888888888,575.0,159,288.0,100.0,29.0
E01001286,Ealing 016E,613.0,0.866231647634584,531.0,204,299.0,98.0,12.0
E01001287,Ealing 016F,504.0,0.9007936507936508,454.0,159,254.0,73.0,18.0
E01001288,Ealing 022B,535.0,0.9327102803738317,499.0,163,260.0,97.0,15.0
E01001289,Ealing 022C,477.0,0.989517819706499,472.0,120,258.0,83.0,16.0
E01001290,Ealing 022D,797.0,0.9121706398996235,727.0,248,397.0,126.0,26.0
E01001291,Ealing 014C,509.0,1.3202357563850688,672.0,77,242.0,140.0,50.0
E01001292,Ealing 014D,508.0,1.328740157480315,675.0,95,212.0,140.0,61.0
E01001293,Ealing 014E,570.0,1.1736842105263159,669.0,153,227.0,128.0,62.0
E01001294,Ealing 017A,569.0,1.3462214411247804,766.0,117,223.0,144.0,85.0
E01001295,Ealing 017B,524.0,1.3454198473282444,705.0,98,215.0,143.0,68.0
E01001296,Ealing 017C,417.0,1.2949640287769784,540.0,97,153.0,114.0,53.0
E01001297,Ealing 017D,514.0,1.1070038910505837,569.0,154,200.0,111.0,49.0
E01001298,Ealing 017E,585.0,1.1145299145299146,652.0,168,232.0,135.0,50.0
E01001299,Ealing 035B,644.0,1.076086956521739,693.0,125,372.0,120.0,27.0
E01001300,Ealing 039A,598.0,0.8678929765886287,519.0,170,351.0,63.0,14.0
E01001301,Ealing 039B,809.0,0.6415327564894932,519.0,377,358.0,61.0,13.0
E01001302,Ealing 039C,619.0,0.864297253634895,535.0,195,331.0,75.0,18.0
E01001303,Ealing 032A,649.0,0.8489984591679507,551.0,203,355.0,77.0,14.0
E01001304,Ealing 039D,701.0,0.7960057061340942,558.0,252,351.0,87.0,11.0
E01001305,Ealing 035C,633.0,1.0647709320695102,674.0,125,367.0,116.0,25.0
E01001306,Ealing 035D,697.0,0.8393113342898135,585.0,215,390.0,81.0,11.0
E01001307,Ealing 002A,607.0,1.255354200988468,762.0,123,260.0,170.0,54.0
E01001308,Ealing 002B,687.0,1.1790393013100438,810.0,153,312.0,168.0,54.0
E01001309,Ealing 001C,600.0,1.2733333333333334,764.0,107,271.0,173.0,49.0
E01001310,Ealing 001D,755.0,1.0940397350993378,826.0,182,370.0,153.0,50.0
E01001311,Ealing 001E,955.0,0.8806282722513089,841.0,367,379.0,165.0,44.0
E01001312,Ealing 002C,606.0,1.1287128712871286,684.0,139,289.0,139.0,39.0
E01001313,Ealing 002D,519.0,1.2273603082851638,637.0,110,229.0,132.0,48.0
E01001314,Ealing 002E,510.0,1.2333333333333334,629.0,96,239.0,135.0,40.0
E01001315,Ealing 003A,499.0,1.128256513026052,563.0,108,248.0,114.0,29.0
E01001316,Ealing 003B,614.0,0.8631921824104235,530.0,234,259.0,92.0,29.0
E01001317,Ealing 003C,728.0,1.0631868131868132,774.0,189,346.0,151.0,42.0
E01001318,Ealing 003D,716.0,0.8547486033519553,612.0,276,290.0,128.0,22.0
E01001319,Ealing 004B,507.0,1.232741617357002,625.0,94,244.0,126.0,43.0
E01001320,Ealing 003E,547.0,0.9104204753199269,498.0,190,241.0,91.0,25.0
E01001321,Ealing 003F,794.0,1.0982367758186398,872.0,199,372.0,169.0,54.0
E01001322,Ealing 004C,732.0,1.0177595628415301,745.0,207,353.0,124.0,48.0
E01001323,Ealing 004D,775.0,0.9393548387096774,728.0,253,352.0,134.0,36.0
E01001324,Ealing 008B,644.0,0.84472049689441,544.0,230,305.0,88.0,21.0
E01001325,Ealing 009A,619.0,1.3408723747980613,830.0,117,250.0,176.0,76.0
E01001326,Ealing 008C,675.0,0.9925925925925926,670.0,221,279.0,134.0,41.0
E01001327,Ealing 009B,591.0,1.1336717428087986,670.0,156,247.0,141.0,47.0
E01001328,Ealing 009C,591.0,0.9932318104906938,587.0,181,274.0,95.0,41.0
E01001329,Ealing 009D,639.0,1.217527386541471,778.0,132,295.0,153.0,59.0
E01001330,Ealing 008D,641.0,0.8767550702028081,562.0,228,291.0,95.0,27.0
E01001331,Ealing 009E,629.0,0.7853736089030207,494.0,258,269.0,81.0,21.0
E01001332,Ealing 008E,579.0,0.8031088082901554,465.0,220,270.0,72.0,17.0
E01001333,Ealing 038A,712.0,0.6783707865168539,483.0,352,264.0,69.0,27.0
E01001334,Ealing 029C,517.0,0.8684719535783365,449.0,205,200.0,87.0,25.0
E01001335,Ealing 038B,515.0,1.5980582524271845,823.0,85,165.0,137.0,128.0
E01001336,Ealing 038C,565.0,1.1823008849557521,668.0,157,221.0,114.0,73.0
E01001337,Ealing 029D,764.0,0.8651832460732984,661.0,280,350.0,91.0,43.0
E01001338,Ealing 029E,534.0,1.0823970037453183,578.0,170,206.0,102.0,56.0
E01001339,Ealing 029F,700.0,1.0971428571428572,768.0,182,322.0,142.0,54.0
E01001340,Ealing 029G,545.0,0.8550458715596331,466.0,187,264.0,80.0,14.0
E01001341,Ealing 005A,588.0,1.096938775510204,645.0,148,267.0,141.0,32.0
E01001342,Ealing 005B,641.0,1.0686427457098284,685.0,166,303.0,134.0,38.0
E01001343,Ealing 005C,478.0,1.2217573221757323,584.0,104,212.0,114.0,48.0
E01001344,Ealing 007A,901.0,0.9322974472807991,840.0,282,438.0,141.0,40.0
E01001345,Ealing 005D,524.0,1.2194656488549618,639.0,105,236.0,146.0,37.0
E01001346,Ealing 007B,683.0,1.1537335285505124,788.0,180,281.0,159.0,63.0
E01001347,Ealing 007C,686.0,1.0262390670553936,704.0,197,318.0,127.0,44.0
E01001348,Ealing 007D,670.0,0.8865671641791045,594.0,236,296.0,116.0,22.0
E01001349,Ealing 006E,490.0,1.0775510204081633,528.0,140,218.0,86.0,46.0
E01001350,Ealing 027C,614.0,0.8599348534201955,528.0,223,276.0,93.0,22.0
E01001351,Ealing 025E,833.0,0.5306122448979592,442.0,471,292.0,60.0,10.0
E01001352,Ealing 027D,644.0,0.7795031055900621,502.0,261,278.0,91.0,14.0
E01001353,Ealing 033A,634.0,0.6041009463722398,383.0,329,236.0,60.0,9.0
E01001354,Ealing 027E,889.0,0.6895388076490439,613.0,393,394.0,87.0,15.0
E01001355,Ealing 033B,890.0,0.5584269662921348,497.0,467,360.0,52.0,11.0
E01001356,Ealing 033C,632.0,0.46677215189873417,295.0,389,198.0,38.0,7.0
E01001357,Ealing 033D,1139.0,0.5522388059701493,629.0,599,461.0,69.0,10.0
E01001358,Ealing 033E,822.0,0.5,411.0,467,308.0,38.0,9.0
E01001359,Ealing 026A,623.0,0.8940609951845907,557.0,256,224.0,96.0,47.0
E01001360,Ealing 026B,552.0,0.9891304347826086,546.0,194,215.0,98.0,45.0
E01001361,Ealing 023E,604.0,0.7218543046357616,436.0,298,204.0,74.0,28.0
E01001362,Ealing 026C,716.0,0.7891061452513967,565.0,303,286.0,102.0,25.0
E01001363,Ealing 026D,527.0,0.8918406072106262,470.0,205,206.0,84.0,32.0
E01001364,Ealing 026E,550.0,0.8181818181818182,450.0,241,192.0,93.0,24.0
E01001365,Ealing 026F,679.0,0.9970544918998527,677.0,234,267.0,124.0,54.0
E01001366,Ealing 044C,567.0,1.0440917107583774,592.0,189,211.0,120.0,47.0
E01001367,Ealing 043B,747.0,0.5823293172690763,435.0,428,225.0,72.0,22.0
E01001368,Ealing 044D,468.0,1.1282051282051282,528.0,141,184.0,85.0,58.0
E01001369,Ealing 038D,553.0,0.779385171790235,431.0,257,189.0,79.0,28.0
E01001370,Ealing 044A,571.0,1.1015761821366024,629.0,179,206.0,135.0,51.0
E01001371,Ealing 044B,618.0,0.9077669902912622,561.0,213,285.0,84.0,36.0
E01001372,Ealing 043C,696.0,0.7586206896551724,528.0,299,281.0,101.0,15.0
E01001373,Ealing 043A,585.0,0.7811965811965812,457.0,254,235.0,66.0,30.0
E01001374,Ealing 040A,903.0,0.7009966777408638,633.0,368,444.0,84.0,7.0
E01001375,Ealing 034A,708.0,0.9011299435028248,638.0,190,405.0,106.0,7.0
E01001376,Ealing 040B,736.0,0.6426630434782609,473.0,335,338.0,54.0,9.0
E01001377,Ealing 034B,700.0,0.9257142857142857,648.0,220,342.0,108.0,30.0
E01001379,Ealing 034C,716.0,0.888268156424581,636.0,199,410.0,95.0,12.0
E01001380,Ealing 040C,1058.0,0.6294896030245747,666.0,503,451.0,97.0,7.0
E01001381,Ealing 034D,857.0,0.6161026837806302,528.0,422,352.0,73.0,10.0
E01001382,Ealing 032B,563.0,1.0124333925399644,570.0,126,323.0,95.0,19.0
E01001383,Ealing 028D,649.0,0.8906009244992296,578.0,208,323.0,99.0,19.0
E01001384,Ealing 032C,701.0,0.8345221112696148,585.0,227,376.0,85.0,13.0
E01001385,Ealing 032D,666.0,0.8603603603603603,573.0,208,358.0,85.0,15.0
E01001386,Ealing 031F,753.0,0.8446215139442231,636.0,242,395.0,107.0,9.0
E01001387,Ealing 032E,723.0,0.7261410788381742,525.0,317,304.0,85.0,17.0
E01001388,Ealing 028E,669.0,0.5754857997010463,385.0,354,254.0,52.0,9.0
E01001389,Ealing 028F,758.0,0.6451187335092349,489.0,356,323.0,71.0,8.0
E01001390,Enfield 036A,714.0,0.7647058823529411,546.0,277,347.0,71.0,19.0
E01001391,Enfield 036B,731.0,0.6169630642954856,451.0,371,287.0,55.0,18.0
E01001392,Enfield 032A,667.0,0.9085457271364318,606.0,207,341.0,92.0,27.0
E01001393,Enfield 036C,818.0,0.687041564792176,562.0,371,342.0,95.0,10.0
E01001394,Enfield 035A,671.0,0.8301043219076006,557.0,264,278.0,108.0,21.0
E01001395,Enfield 035B,598.0,0.9013377926421404,539.0,210,264.0,97.0,27.0
E01001396,Enfield 036D,524.0,0.9026717557251909,473.0,196,203.0,105.0,20.0
E01001397,Enfield 035C,770.0,0.9142857142857143,704.0,239,387.0,115.0,29.0
E01001398,Enfield 021A,499.0,1.3206412825651304,659.0,67,243.0,151.0,38.0
E01001399,Enfield 021B,498.0,1.3855421686746987,690.0,75,218.0,143.0,62.0
E01001400,Enfield 021C,574.0,1.3205574912891986,758.0,107,241.0,161.0,65.0
E01001401,Enfield 016A,502.0,1.2390438247011952,622.0,81,246.0,149.0,26.0
E01001402,Enfield 021D,697.0,1.2883787661406025,898.0,126,325.0,165.0,81.0
E01001403,Enfield 021E,642.0,1.1853582554517135,761.0,160,267.0,151.0,64.0
E01001404,Enfield 026A,515.0,1.3514563106796116,696.0,79,229.0,154.0,53.0
E01001405,Enfield 015A,830.0,0.9228915662650602,766.0,258,410.0,130.0,32.0
E01001406,Enfield 015B,651.0,1.0,651.0,188,314.0,110.0,39.0
E01001407,Enfield 005A,594.0,1.3114478114478114,779.0,107,263.0,156.0,68.0
E01001408,Enfield 004A,709.0,0.9929478138222849,704.0,186,368.0,129.0,26.0
E01001409,Enfield 005B,781.0,1.0204865556978233,797.0,248,335.0,132.0,66.0
E01001410,Enfield 005C,815.0,0.8711656441717791,710.0,287,376.0,122.0,30.0
E01001411,Enfield 004B,740.0,1.0391891891891891,769.0,175,397.0,132.0,36.0
E01001412,Enfield 004C,664.0,1.4096385542168675,936.0,122,255.0,180.0,107.0
E01001413,Enfield 004D,610.0,1.4049180327868853,857.0,83,259.0,206.0,62.0
E01001414,Enfield 004E,695.0,0.7712230215827338,536.0,284,305.0,87.0,19.0
E01001415,Enfield 011A,871.0,1.0803673938002296,941.0,216,423.0,178.0,54.0
E01001416,Enfield 013A,591.0,1.5380710659898478,909.0,61,230.0,221.0,79.0
E01001417,Enfield 011B,664.0,1.730421686746988,1149.0,50,221.0,251.0,142.0
E01001418,Enfield 011C,722.0,1.0983379501385042,793.0,204,298.0,165.0,55.0
E01001419,Enfield 020A,768.0,1.0833333333333333,832.0,184,387.0,146.0,51.0
E01001420,Enfield 020B,634.0,1.0772870662460567,683.0,172,280.0,143.0,39.0
E01001421,Enfield 020C,620.0,0.917741935483871,569.0,205,284.0,108.0,23.0
E01001422,Enfield 011D,616.0,1.8636363636363635,1148.0,41,169.0,239.0,167.0
E01001423,Enfield 027A,624.0,0.8269230769230769,516.0,239,275.0,89.0,21.0
E01001424,Enfield 030A,476.0,0.657563025210084,313.0,232,183.0,53.0,8.0
E01001425,Enfield 027B,741.0,0.5546558704453441,411.0,412,255.0,66.0,8.0
E01001426,Enfield 030B,618.0,0.8300970873786407,513.0,255,242.0,92.0,29.0
E01001427,Enfield 030C,643.0,0.6531881804043546,420.0,322,239.0,65.0,17.0
E01001428,Enfield 027C,566.0,0.9469964664310954,536.0,195,244.0,89.0,38.0
E01001429,Enfield 030D,1013.0,0.420533070088845,426.0,647,313.0,46.0,7.0
E01001430,Enfield 030E,650.0,0.6061538461538462,394.0,335,249.0,53.0,13.0
E01001431,Enfield 033A,653.0,0.6921898928024502,452.0,300,269.0,69.0,15.0
E01001432,Enfield 033B,732.0,0.6229508196721312,456.0,383,262.0,67.0,20.0
E01001433,Enfield 007A,576.0,1.0434027777777777,601.0,160,268.0,111.0,37.0
E01001434,Enfield 007B,540.0,1.2148148148148148,656.0,130,227.0,120.0,63.0
E01001435,Enfield 007C,485.0,1.288659793814433,625.0,99,202.0,129.0,55.0
E01001436,Enfield 007D,651.0,1.1505376344086022,749.0,172,265.0,158.0,56.0
E01001437,Enfield 014A,894.0,0.8288590604026845,741.0,352,384.0,117.0,41.0
E01001438,Enfield 007E,548.0,1.1094890510948905,608.0,138,256.0,110.0,44.0
E01001439,Enfield 006A,768.0,0.7317708333333334,562.0,340,324.0,74.0,30.0
E01001440,Enfield 012A,575.0,1.0034782608695652,577.0,178,254.0,106.0,37.0
E01001441,Enfield 006B,623.0,0.8571428571428571,534.0,245,250.0,100.0,28.0
E01001442,Enfield 002A,637.0,0.7142857142857143,455.0,293,252.0,73.0,19.0
E01001444,Enfield 001A,649.0,1.1510015408320493,747.0,175,267.0,141.0,66.0
E01001445,Enfield 003B,1141.0,0.9255039439088519,1056.0,326,612.0,165.0,38.0
E01001446,Enfield 001B,706.0,0.9985835694050992,705.0,214,320.0,131.0,41.0
E01001447,Enfield 003C,741.0,0.863697705802969,640.0,277,319.0,114.0,31.0
E01001448,Enfield 003D,666.0,0.9369369369369369,624.0,240,270.0,114.0,42.0
E01001449,Enfield 003E,541.0,1.1016635859519408,596.0,132,255.0,121.0,33.0
E01001450,Enfield 015C,1113.0,0.7861635220125787,875.0,449,495.0,127.0,42.0
E01001451,Enfield 017A,693.0,1.227994227994228,851.0,150,301.0,176.0,66.0
E01001452,Enfield 017B,481.0,1.6091476091476091,774.0,45,174.0,186.0,76.0
E01001453,Enfield 017C,646.0,1.414860681114551,914.0,75,308.0,183.0,80.0
E01001454,Enfield 017D,666.0,1.3108108108108107,873.0,121,289.0,184.0,72.0
E01001455,Enfield 021F,561.0,1.3297682709447416,746.0,89,261.0,148.0,63.0
E01001456,Enfield 022A,491.0,1.4826883910386965,728.0,52,216.0,157.0,66.0
E01001457,Enfield 010A,843.0,0.9916963226571768,836.0,221,441.0,148.0,33.0
E01001458,Enfield 037A,644.0,0.6692546583850931,431.0,319,230.0,84.0,11.0
E01001459,Enfield 024A,559.0,1.0894454382826475,609.0,149,238.0,145.0,27.0
E01001460,Enfield 024B,669.0,0.6397608370702541,428.0,325,275.0,54.0,15.0
E01001461,Enfield 027D,627.0,0.6778309409888357,425.0,316,227.0,54.0,30.0
E01001462,Enfield 024C,528.0,0.8731060606060606,461.0,222,187.0,83.0,36.0
E01001463,Enfield 031A,512.0,1.25390625,642.0,111,220.0,121.0,60.0
E01001464,Enfield 027E,420.0,1.1595238095238096,487.0,112,167.0,103.0,38.0
E01001465,Enfield 031B,500.0,1.134,567.0,128,219.0,111.0,42.0
E01001466,Enfield 031C,624.0,0.8076923076923077,504.0,242,278.0,86.0,18.0
E01001467,Enfield 031D,664.0,0.8719879518072289,579.0,247,292.0,88.0,37.0
E01001468,Enfield 010B,575.0,1.222608695652174,703.0,112,269.0,148.0,46.0
E01001469,Enfield 008A,671.0,1.1684053651266766,784.0,146,316.0,159.0,50.0
E01001470,Enfield 013B,651.0,1.34715821812596,877.0,101,283.0,207.0,60.0
E01001471,Enfield 010C,967.0,0.9968976215098242,964.0,248,505.0,183.0,31.0
E01001472,Enfield 010D,755.0,1.023841059602649,773.0,188,403.0,122.0,42.0
E01001473,Enfield 013C,546.0,1.413919413919414,772.0,74,238.0,168.0,66.0
E01001474,Enfield 010E,861.0,1.1289198606271778,972.0,205,399.0,198.0,59.0
E01001475,Enfield 013D,638.0,1.5517241379310345,990.0,54,276.0,210.0,98.0
E01001476,Enfield 018A,611.0,1.0294599018003274,629.0,189,253.0,131.0,38.0
E01001477,Enfield 018B,612.0,1.0620915032679739,650.0,173,274.0,119.0,46.0
E01001478,Enfield 016B,571.0,1.1978984238178634,684.0,140,234.0,141.0,56.0
E01001479,Enfield 023A,641.0,0.8003120124804992,513.0,266,263.0,86.0,26.0
E01001480,Enfield 024D,578.0,0.9740484429065744,563.0,181,265.0,98.0,34.0
E01001481,Enfield 018C,556.0,1.1384892086330936,633.0,159,220.0,118.0,59.0
E01001482,Enfield 023B,658.0,0.8145896656534954,536.0,269,265.0,101.0,23.0
E01001483,Enfield 025A,530.0,0.6113207547169811,324.0,274,200.0,44.0,12.0
E01001484,Enfield 016C,500.0,1.118,559.0,108,260.0,97.0,35.0
E01001485,Enfield 025B,665.0,0.675187969924812,449.0,310,278.0,60.0,17.0
E01001486,Enfield 025C,804.0,0.6915422885572139,556.0,382,308.0,94.0,20.0
E01001487,Enfield 023C,667.0,0.712143928035982,475.0,311,262.0,69.0,25.0
E01001488,Enfield 024E,664.0,0.8087349397590361,537.0,270,284.0,77.0,33.0
E01001489,Enfield 023D,655.0,0.8748091603053435,573.0,251,262.0,115.0,27.0
E01001491,Enfield 023E,694.0,0.7319884726224783,508.0,307,288.0,77.0,22.0
E01001492,Enfield 025E,663.0,0.8446455505279035,560.0,252,290.0,93.0,28.0
E01001493,Enfield 026B,733.0,0.9427012278308322,691.0,249,316.0,129.0,39.0
E01001494,Enfield 026C,502.0,1.3605577689243027,683.0,74,221.0,159.0,48.0
E01001495,Enfield 029A,719.0,0.9360222531293463,673.0,201,378.0,125.0,15.0
E01001496,Enfield 026D,641.0,1.2449297971918876,798.0,125,299.0,152.0,65.0
E01001497,Enfield 031E,508.0,1.263779527559055,642.0,106,208.0,148.0,46.0
E01001498,Enfield 029B,697.0,0.8522238163558106,594.0,246,338.0,83.0,30.0
E01001499,Enfield 031F,537.0,1.1564245810055866,621.0,137,226.0,127.0,47.0
E01001500,Enfield 035D,549.0,1.0273224043715847,564.0,156,247.0,121.0,25.0
E01001501,Enfield 036E,921.0,0.750271444082519,691.0,382,417.0,92.0,30.0
E01001502,Enfield 018D,658.0,0.958966565349544,631.0,223,278.0,118.0,39.0
E01001503,Enfield 018E,643.0,0.9548989113530326,614.0,218,276.0,109.0,40.0
E01001504,Enfield 012B,561.0,1.1622103386809268,652.0,140,254.0,103.0,64.0
E01001505,Enfield 012C,597.0,1.0603015075376885,633.0,183,235.0,139.0,40.0
E01001507,Enfield 012D,809.0,0.7379480840543882,597.0,359,326.0,101.0,23.0
E01001508,Enfield 012E,786.0,0.8078880407124682,635.0,306,354.0,97.0,29.0
E01001509,Enfield 014C,646.0,0.7739938080495357,500.0,266,281.0,78.0,21.0
E01001511,Enfield 016D,668.0,1.0209580838323353,682.0,193,305.0,133.0,37.0
E01001512,Enfield 015D,992.0,0.7550403225806451,749.0,393,470.0,108.0,21.0
E01001513,Enfield 012F,725.0,0.9255172413793104,671.0,264,289.0,134.0,38.0
E01001514,Enfield 016E,669.0,0.9820627802690582,657.0,191,333.0,111.0,34.0
E01001515,Enfield 015E,744.0,0.8145161290322581,606.0,295,317.0,107.0,25.0
E01001516,Enfield 005D,669.0,1.2152466367713004,813.0,163,270.0,165.0,71.0
E01001517,Enfield 006C,689.0,0.7968069666182874,549.0,293,275.0,89.0,32.0
E01001518,Enfield 016F,660.0,0.9409090909090909,621.0,202,320.0,113.0,25.0
E01001520,Enfield 019A,695.0,1.0388489208633094,722.0,192,339.0,109.0,55.0
E01001521,Enfield 028A,681.0,1.1262848751835537,767.0,148,337.0,158.0,38.0
E01001522,Enfield 019B,746.0,1.0120643431635388,755.0,169,421.0,134.0,22.0
E01001523,Enfield 019C,723.0,1.1562932226832643,836.0,153,356.0,162.0,52.0
E01001524,Enfield 019D,549.0,1.2422586520947176,682.0,124,230.0,133.0,62.0
E01001525,Enfield 020E,756.0,1.0211640211640212,772.0,191,394.0,135.0,36.0
E01001526,Enfield 019E,636.0,1.3034591194968554,829.0,115,276.0,182.0,63.0
E01001527,Enfield 036F,785.0,0.9515923566878981,747.0,231,399.0,117.0,38.0
E01001528,Enfield 032B,684.0,0.7251461988304093,496.0,289,308.0,73.0,14.0
E01001529,Enfield 032C,654.0,0.7003058103975535,458.0,306,259.0,68.0,21.0
E01001530,Enfield 032D,618.0,0.8915857605177994,551.0,188,331.0,77.0,22.0
E01001531,Enfield 028B,530.0,1.3471698113207546,714.0,63,272.0,143.0,52.0
E01001532,Enfield 028C,662.0,1.2235649546827794,810.0,123,311.0,185.0,43.0
E01001533,Enfield 028D,538.0,1.5910780669144982,856.0,42,213.0,206.0,77.0
E01001534,Enfield 032E,604.0,1.1870860927152318,717.0,136,273.0,141.0,54.0
E01001535,Enfield 028E,497.0,1.3762575452716297,684.0,76,214.0,151.0,56.0
E01001536,Enfield 008B,848.0,0.9044811320754716,767.0,265,427.0,128.0,28.0
E01001537,Enfield 005E,690.0,1.1231884057971016,775.0,157,345.0,134.0,54.0
E01001538,Enfield 009A,596.0,1.4530201342281879,866.0,65,262.0,203.0,66.0
E01001539,Enfield 009B,636.0,1.2358490566037736,786.0,121,291.0,177.0,47.0
E01001540,Enfield 008C,796.0,0.9396984924623115,748.0,222,424.0,126.0,24.0
E01001541,Enfield 008D,647.0,1.0571870170015456,684.0,139,358.0,124.0,26.0
E01001542,Enfield 008E,656.0,0.9085365853658537,596.0,233,280.0,113.0,30.0
E01001543,Enfield 009C,584.0,1.3681506849315068,799.0,82,265.0,177.0,60.0
E01001544,Enfield 009D,639.0,1.2926447574334898,826.0,119,283.0,168.0,69.0
E01001545,Enfield 002B,664.0,0.9171686746987951,609.0,234,279.0,123.0,28.0
E01001546,Enfield 001C,611.0,1.1292962356792144,690.0,179,234.0,138.0,60.0
E01001547,Enfield 002C,723.0,1.049792531120332,759.0,194,341.0,146.0,42.0
E01001548,Enfield 002D,676.0,1.0,676.0,198,324.0,110.0,44.0
E01001549,Enfield 006D,813.0,0.8265682656826568,672.0,320,349.0,109.0,35.0
E01001550,Enfield 006E,577.0,1.1611785095320624,670.0,135,265.0,126.0,51.0
E01001551,Enfield 002E,640.0,1.05625,676.0,183,291.0,113.0,53.0
E01001552,Enfield 001D,662.0,1.1555891238670695,765.0,160,295.0,151.0,56.0
E01001553,Enfield 037B,547.0,0.9012797074954296,493.0,189,248.0,85.0,25.0
E01001554,Enfield 037C,686.0,0.5889212827988338,404.0,366,249.0,58.0,13.0
E01001555,Enfield 033C,774.0,0.7054263565891473,546.0,354,312.0,90.0,18.0
E01001556,Enfield 035E,534.0,1.2734082397003745,680.0,103,237.0,139.0,55.0
E01001557,Enfield 033D,551.0,0.9473684210526315,522.0,168,266.0,95.0,22.0
E01001558,Enfield 033E,605.0,0.6661157024793388,403.0,279,259.0,57.0,10.0
E01001559,Enfield 033F,676.0,0.7677514792899408,519.0,283,286.0,88.0,19.0
E01001560,Enfield 035F,511.0,1.0626223091976517,543.0,147,218.0,113.0,33.0
E01001562,Enfield 037D,826.0,0.648910411622276,536.0,406,325.0,74.0,21.0
E01001563,Enfield 029C,699.0,0.927038626609442,648.0,212,342.0,129.0,16.0
E01001564,Enfield 022B,639.0,1.1486697965571204,734.0,110,353.0,147.0,29.0
E01001565,Enfield 029D,707.0,0.9943422913719944,703.0,190,361.0,126.0,30.0
E01001566,Enfield 029E,627.0,1.1323763955342903,710.0,139,313.0,128.0,47.0
E01001567,Enfield 022C,608.0,1.3486842105263157,820.0,85,288.0,173.0,62.0
E01001568,Enfield 022D,568.0,1.7904929577464788,1017.0,39,195.0,180.0,154.0
E01001569,Enfield 022E,751.0,1.022636484687084,768.0,204,372.0,129.0,46.0
E01001570,Enfield 026E,727.0,1.0577716643741404,769.0,185,360.0,137.0,45.0
E01001571,Greenwich 008A,629.0,0.9364069952305246,589.0,192,313.0,96.0,28.0
E01001572,Greenwich 008B,651.0,0.8894009216589862,579.0,218,310.0,100.0,23.0
E01001573,Greenwich 008C,522.0,1.0440613026819923,545.0,161,222.0,94.0,45.0
E01001574,Greenwich 008D,753.0,0.649402390438247,489.0,375,287.0,71.0,20.0
E01001575,Greenwich 003A,620.0,0.7774193548387097,482.0,248,280.0,74.0,18.0
E01001576,Greenwich 003B,669.0,0.7757847533632287,519.0,276,287.0,86.0,20.0
E01001577,Greenwich 003C,726.0,0.7369146005509641,535.0,328,283.0,93.0,22.0
E01001578,Greenwich 003D,849.0,0.7667844522968198,651.0,357,355.0,115.0,22.0
E01001579,Greenwich 003E,625.0,0.8416,526.0,222,289.0,105.0,9.0
E01001580,Greenwich 021A,790.0,0.7810126582278482,617.0,302,378.0,91.0,19.0
E01001581,Greenwich 016A,727.0,0.672627235213205,489.0,336,302.0,80.0,9.0
E01001582,Greenwich 021B,660.0,0.7909090909090909,522.0,249,319.0,73.0,19.0
E01001583,Greenwich 021C,767.0,0.8226857887874837,631.0,280,369.0,92.0,26.0
E01001584,Greenwich 021D,665.0,0.8902255639097745,592.0,206,344.0,97.0,18.0
E01001585,Greenwich 016B,602.0,0.8471760797342193,510.0,199,311.0,77.0,15.0
E01001586,Greenwich 016C,664.0,0.7168674698795181,476.0,299,277.0,65.0,23.0
E01001587,Greenwich 016D,953.0,0.6988457502623295,666.0,411,436.0,88.0,18.0
E01001588,Greenwich 012A,638.0,0.7460815047021944,476.0,294,244.0,68.0,32.0
E01001589,Greenwich 012B,677.0,0.7503692762186115,508.0,290,284.0,85.0,18.0
E01001590,Greenwich 014A,714.0,0.7086834733893558,506.0,304,329.0,66.0,15.0
E01001591,Greenwich 012C,808.0,0.625,505.0,402,329.0,55.0,22.0
E01001592,Greenwich 014B,736.0,0.8491847826086957,625.0,241,390.0,80.0,25.0
E01001593,Greenwich 014C,763.0,0.8322411533420708,635.0,246,414.0,88.0,15.0
E01001594,Greenwich 014D,831.0,0.7521058965102286,625.0,376,330.0,80.0,45.0
E01001595,Greenwich 012D,731.0,0.8180574555403557,598.0,279,330.0,98.0,24.0
E01001596,Greenwich 032A,638.0,1.45141065830721,926.0,72,290.0,192.0,84.0
E01001597,Greenwich 031A,633.0,1.127962085308057,714.0,172,254.0,161.0,46.0
E01001598,Greenwich 031B,606.0,1.2871287128712872,780.0,92,309.0,144.0,61.0
E01001599,Greenwich 032B,603.0,1.2354892205638475,745.0,110,287.0,160.0,46.0
E01001600,Greenwich 032C,638.0,1.0454545454545454,667.0,152,338.0,115.0,33.0
E01001601,Greenwich 032D,568.0,1.2235915492957747,695.0,109,271.0,140.0,48.0
E01001602,Greenwich 031C,714.0,1.0546218487394958,753.0,191,334.0,148.0,41.0
E01001603,Greenwich 031D,742.0,0.8706199460916442,646.0,282,309.0,116.0,35.0
E01001604,Greenwich 027A,600.0,0.9666666666666667,580.0,172,303.0,98.0,27.0
E01001605,Greenwich 023A,570.0,1.3385964912280701,763.0,76,280.0,159.0,55.0
E01001606,Greenwich 023B,607.0,1.1812191103789127,717.0,111,317.0,137.0,42.0
E01001607,Greenwich 027B,669.0,0.9805680119581465,656.0,195,326.0,114.0,34.0
E01001608,Greenwich 027C,583.0,1.1234991423670668,655.0,147,267.0,119.0,50.0
E01001609,Greenwich 027D,740.0,0.8364864864864865,619.0,302,299.0,97.0,42.0
E01001610,Greenwich 023C,704.0,1.0539772727272727,742.0,160,381.0,128.0,35.0
E01001611,Greenwich 023D,713.0,0.879382889200561,627.0,246,331.0,112.0,24.0
E01001613,Greenwich 028A,799.0,0.7934918648310388,634.0,314,364.0,93.0,28.0
E01001614,Greenwich 028B,546.0,1.5787545787545787,862.0,62,195.0,200.0,89.0
E01001615,Greenwich 028C,941.0,0.6865037194473964,646.0,434,396.0,83.0,28.0
E01001617,Greenwich 028D,734.0,0.9591280653950953,704.0,213,372.0,115.0,34.0
E01001618,Greenwich 030C,755.0,1.018543046357616,769.0,207,365.0,145.0,38.0
E01001619,Greenwich 030D,828.0,0.9589371980676329,794.0,224,442.0,134.0,28.0
E01001620,Greenwich 025A,503.0,1.0815109343936382,544.0,127,240.0,104.0,32.0
E01001621,Greenwich 025B,668.0,0.8877245508982036,593.0,230,313.0,95.0,30.0
E01001623,Greenwich 025C,667.0,0.8980509745127436,599.0,216,325.0,104.0,22.0
E01001624,Greenwich 025D,628.0,0.9777070063694268,614.0,175,318.0,109.0,26.0
E01001625,Greenwich 025E,619.0,0.9612277867528272,595.0,186,306.0,92.0,35.0
E01001629,Greenwich 009A,838.0,0.6181384248210023,518.0,419,331.0,77.0,11.0
E01001631,Greenwich 007B,789.0,0.5754119138149556,454.0,427,287.0,58.0,17.0
E01001632,Greenwich 007C,664.0,0.6822289156626506,453.0,300,290.0,59.0,15.0
E01001633,Greenwich 009B,777.0,0.6486486486486487,504.0,375,313.0,76.0,13.0
E01001634,Greenwich 009C,656.0,0.551829268292683,362.0,354,248.0,48.0,6.0
E01001635,Greenwich 007D,641.0,0.8330733229329174,534.0,215,336.0,72.0,18.0
E01001636,Greenwich 007E,598.0,0.68561872909699,410.0,278,241.0,68.0,11.0
E01001637,Greenwich 009D,688.0,0.6918604651162791,476.0,311,294.0,67.0,16.0
E01001638,Greenwich 038A,678.0,0.556047197640118,377.0,366,255.0,49.0,8.0
E01001641,Greenwich 038B,815.0,0.5595092024539877,456.0,433,317.0,56.0,9.0
E01001642,Greenwich 038C,757.0,0.8745046235138706,662.0,232,407.0,99.0,19.0
E01001644,Greenwich 038D,1181.0,0.54614733276884,645.0,618,495.0,54.0,14.0
E01001645,Greenwich 022A,705.0,0.9687943262411347,683.0,208,342.0,124.0,31.0
E01001646,Greenwich 019A,1131.0,0.762157382847038,862.0,443,541.0,120.0,27.0
E01001647,Greenwich 022B,568.0,1.0704225352112675,608.0,141,279.0,115.0,33.0
E01001648,Greenwich 022C,695.0,1.037410071942446,721.0,174,352.0,138.0,31.0
E01001649,Greenwich 022D,574.0,1.0348432055749128,594.0,156,275.0,110.0,33.0
E01001650,Greenwich 019B,610.0,0.9688524590163935,591.0,184,289.0,109.0,28.0
E01001651,Greenwich 019C,745.0,0.7248322147651006,540.0,336,312.0,63.0,34.0
E01001652,Greenwich 019D,705.0,0.8638297872340426,609.0,257,315.0,105.0,28.0
E01001653,Greenwich 029A,598.0,0.8076923076923077,483.0,226,279.0,75.0,18.0
E01001654,Greenwich 029B,570.0,0.9614035087719298,548.0,178,264.0,100.0,28.0
E01001655,Greenwich 029C,631.0,0.7781299524564184,491.0,258,272.0,84.0,17.0
E01001656,Greenwich 034A,585.0,0.8444444444444444,494.0,201,291.0,76.0,17.0
E01001657,Greenwich 034B,704.0,0.8863636363636364,624.0,261,301.0,103.0,39.0
E01001658,Greenwich 034C,730.0,0.8246575342465754,602.0,264,353.0,90.0,23.0
E01001659,Greenwich 034D,551.0,1.234119782214156,680.0,104,272.0,117.0,58.0
E01001660,Greenwich 029D,564.0,1.0212765957446808,576.0,152,273.0,114.0,25.0
E01001661,Greenwich 029E,578.0,1.0363321799307958,599.0,156,275.0,117.0,30.0
E01001664,Greenwich 037B,880.0,0.6147727272727272,541.0,418,392.0,61.0,9.0
E01001665,Greenwich 037C,772.0,0.6580310880829016,508.0,355,344.0,55.0,18.0
E01001666,Greenwich 041G,742.0,0.522911051212938,388.0,419,267.0,47.0,9.0
E01001669,Greenwich 033A,917.0,0.8157033805888768,748.0,355,407.0,124.0,31.0
E01001671,Greenwich 033B,683.0,0.7833089311859444,535.0,263,319.0,87.0,14.0
E01001672,Greenwich 006A,642.0,0.6261682242990654,402.0,328,239.0,62.0,13.0
E01001673,Greenwich 006B,799.0,0.5669586983729662,453.0,444,270.0,72.0,13.0
E01001674,Greenwich 006C,711.0,0.8537271448663853,607.0,265,314.0,103.0,29.0
E01001675,Greenwich 006D,701.0,0.6990014265335235,490.0,317,296.0,70.0,18.0
E01001676,Greenwich 033C,674.0,0.7077151335311572,477.0,301,285.0,72.0,16.0
E01001677,Greenwich 006E,728.0,0.7060439560439561,514.0,324,308.0,82.0,14.0
E01001678,Greenwich 017A,645.0,1.0635658914728683,686.0,193,274.0,122.0,56.0
E01001679,Greenwich 020A,553.0,1.0289330922242315,569.0,141,284.0,99.0,29.0
E01001680,Greenwich 020B,617.0,1.1636952998379255,718.0,129,304.0,138.0,46.0
E01001681,Greenwich 020C,524.0,0.9408396946564885,493.0,167,241.0,96.0,20.0
E01001682,Greenwich 020D,552.0,1.0579710144927537,584.0,129,291.0,103.0,29.0
E01001683,Greenwich 017B,599.0,0.7863105175292153,471.0,253,245.0,77.0,24.0
E01001684,Greenwich 017C,566.0,0.941696113074205,533.0,181,260.0,102.0,23.0
E01001685,Greenwich 017D,652.0,0.8374233128834356,546.0,243,294.0,93.0,22.0
E01001686,Greenwich 020E,754.0,0.7625994694960212,575.0,304,348.0,79.0,23.0
E01001687,Greenwich 002A,513.0,0.6900584795321637,354.0,218,243.0,45.0,7.0
E01001688,Greenwich 002B,936.0,0.7970085470085471,746.0,366,426.0,112.0,32.0
E01001690,Greenwich 001A,814.0,0.6081081081081081,495.0,411,320.0,74.0,9.0
E01001692,Greenwich 001B,558.0,0.6505376344086021,363.0,271,227.0,44.0,16.0
E01001693,Greenwich 001C,613.0,0.5938009787928222,364.0,311,247.0,48.0,7.0
E01001694,Greenwich 001D,611.0,0.8952536824877251,547.0,220,266.0,94.0,31.0
E01001695,Greenwich 011A,564.0,0.6737588652482269,380.0,282,208.0,50.0,24.0
E01001696,Greenwich 011B,1144.0,0.3732517482517482,427.0,774,318.0,47.0,5.0
E01001697,Greenwich 011C,935.0,0.586096256684492,548.0,535,283.0,86.0,31.0
E01001698,Greenwich 015A,753.0,0.6148738379814077,463.0,369,315.0,59.0,10.0
E01001699,Greenwich 015B,664.0,0.4954819277108434,329.0,381,240.0,40.0,3.0
E01001700,Greenwich 011D,798.0,0.6215538847117794,496.0,402,314.0,64.0,18.0
E01001701,Greenwich 015C,776.0,0.7048969072164949,547.0,331,360.0,68.0,17.0
E01001702,Greenwich 015D,440.0,0.7272727272727273,320.0,193,189.0,43.0,15.0
E01001703,Greenwich 011E,764.0,0.5680628272251309,434.0,420,266.0,66.0,12.0
E01001704,Greenwich 011F,619.0,0.8222940226171244,509.0,237,276.0,85.0,21.0
E01001705,Greenwich 005A,848.0,0.5613207547169812,476.0,451,328.0,59.0,10.0
E01001708,Greenwich 005C,686.0,0.7886297376093294,541.0,261,326.0,82.0,17.0
E01001710,Greenwich 005D,651.0,0.5145929339477726,335.0,367,240.0,37.0,7.0
E01001712,Greenwich 042A,911.0,0.5005488474204172,456.0,525,322.0,58.0,6.0
E01001714,Hackney 002A,855.0,0.34385964912280703,294.0,592,233.0,29.0,1.0
E01001715,Hackney 007A,657.0,0.3059360730593607,201.0,479,158.0,17.0,3.0
E01001716,Hackney 007B,836.0,0.3181818181818182,266.0,592,223.0,20.0,1.0
E01001717,Hackney 007C,427.0,0.6323185011709602,270.0,202,187.0,31.0,7.0
E01001718,Hackney 007D,825.0,0.3381818181818182,279.0,573,228.0,21.0,3.0
E01001719,Hackney 007E,697.0,0.38737446197991393,270.0,466,196.0,31.0,4.0
E01001720,Hackney 007F,789.0,0.4207858048162231,332.0,485,278.0,24.0,2.0
E01001722,Hackney 029A,922.0,0.38611713665943603,356.0,610,273.0,34.0,5.0
E01001723,Hackney 006A,681.0,0.4919236417033774,335.0,416,213.0,34.0,18.0
E01001724,Hackney 006B,1069.0,0.3292797006548176,352.0,776,244.0,39.0,10.0
E01001725,Hackney 004A,567.0,0.48853615520282184,277.0,327,206.0,31.0,3.0
E01001726,Hackney 004B,464.0,0.5021551724137931,233.0,263,171.0,28.0,2.0
E01001727,Hackney 006C,561.0,0.5561497326203209,312.0,303,216.0,30.0,12.0
E01001728,Hackney 029B,588.0,0.5204081632653061,306.0,323,227.0,35.0,3.0
E01001729,Hackney 019A,499.0,0.3186372745490982,159.0,353,134.0,11.0,1.0
E01001730,Hackney 019B,1130.0,0.31150442477876106,352.0,806,297.0,26.0,1.0
E01001731,Hackney 017A,1155.0,0.3246753246753247,375.0,808,319.0,28.0,0.0
E01001732,Hackney 019C,756.0,0.3611111111111111,273.0,520,202.0,31.0,3.0
E01001733,Hackney 015A,735.0,0.4421768707482993,325.0,443,263.0,25.0,4.0
E01001734,Hackney 017B,852.0,0.3544600938967136,302.0,586,233.0,30.0,3.0
E01001735,Hackney 019D,651.0,0.434715821812596,283.0,399,224.0,25.0,3.0
E01001736,Hackney 012A,678.0,0.47640117994100295,323.0,397,246.0,28.0,7.0
E01001737,Hackney 012B,706.0,0.5481586402266289,387.0,365,299.0,38.0,4.0
E01001738,Hackney 012C,793.0,0.41488020176544765,329.0,494,275.0,18.0,6.0
E01001739,Hackney 012D,885.0,0.4485875706214689,397.0,535,310.0,33.0,7.0
E01001740,Hackney 014A,626.0,0.426517571884984,267.0,407,181.0,28.0,10.0
E01001741,Hackney 009A,575.0,0.5878260869565217,338.0,283,252.0,34.0,6.0
E01001742,Hackney 008A,781.0,0.47503201024327785,371.0,456,285.0,34.0,6.0
E01001744,Hackney 031A,813.0,0.4489544895448955,365.0,500,267.0,40.0,6.0
E01001745,Hackney 016A,911.0,0.35236004390779363,321.0,628,248.0,32.0,3.0
E01001746,Hackney 016B,598.0,0.4397993311036789,263.0,355,224.0,18.0,1.0
E01001747,Hackney 014B,1078.0,0.2829313543599258,305.0,795,263.0,18.0,2.0
E01001749,Hackney 020B,670.0,0.42388059701492536,284.0,426,214.0,20.0,10.0
E01001750,Hackney 031D,930.0,0.4,372.0,611,275.0,35.0,9.0
E01001751,Hackney 031B,647.0,0.5749613601236476,372.0,335,258.0,48.0,6.0
E01001753,Hackney 025B,626.0,0.4057507987220447,254.0,413,176.0,33.0,4.0
E01001755,Hackney 025D,692.0,0.34971098265895956,242.0,469,207.0,13.0,3.0
E01001756,Hackney 030C,956.0,0.39330543933054396,376.0,624,294.0,32.0,6.0
E01001757,Hackney 016C,606.0,0.41089108910891087,249.0,387,193.0,22.0,4.0
E01001758,Hackney 016D,1081.0,0.2978723404255319,322.0,792,258.0,29.0,2.0
E01001759,Hackney 016E,725.0,0.4206896551724138,305.0,465,222.0,31.0,7.0
E01001760,Hackney 017C,874.0,0.30434782608695654,266.0,639,209.0,21.0,5.0
E01001761,Hackney 016F,924.0,0.3463203463203463,320.0,635,262.0,23.0,4.0
E01001762,Hackney 017D,799.0,0.3166458072590738,253.0,563,220.0,15.0,1.0
E01001763,Hackney 020C,815.0,0.37055214723926383,302.0,546,241.0,23.0,5.0
E01001764,Hackney 010A,669.0,0.5112107623318386,342.0,378,244.0,43.0,4.0
E01001765,Hackney 010B,749.0,0.45927903871829107,344.0,456,249.0,37.0,7.0
E01001767,Hackney 010D,630.0,0.5349206349206349,337.0,350,230.0,43.0,7.0
E01001768,Hackney 006D,749.0,0.5433911882510013,407.0,405,290.0,45.0,9.0
E01001769,Hackney 006E,632.0,0.5174050632911392,327.0,361,224.0,38.0,9.0
E01001770,Hackney 010E,769.0,0.37971391417425226,292.0,503,242.0,22.0,2.0
E01001772,Hackney 024A,768.0,0.3880208333333333,298.0,518,209.0,34.0,7.0
E01001773,Hackney 025E,1041.0,0.35446685878962536,369.0,724,267.0,48.0,2.0
E01001774,Hackney 024B,853.0,0.2977725674091442,254.0,624,206.0,21.0,2.0
E01001775,Hackney 024C,705.0,0.3900709219858156,275.0,483,178.0,35.0,9.0
E01001776,Hackney 025F,752.0,0.33111702127659576,249.0,526,207.0,15.0,4.0
E01001777,Hackney 033A,1148.0,0.26306620209059234,302.0,881,235.0,29.0,3.0
E01001780,Hackney 032D,851.0,0.3137485311398355,267.0,615,207.0,27.0,2.0
E01001781,Hackney 026B,686.0,0.3425655976676385,235.0,490,160.0,33.0,3.0
E01001783,Hackney 026D,669.0,0.3064275037369208,205.0,484,166.0,18.0,1.0
E01001784,Hackney 032A,757.0,0.2985468956406869,226.0,556,178.0,21.0,2.0
E01001785,Hackney 015B,589.0,0.5857385398981324,345.0,293,253.0,37.0,6.0
E01001786,Hackney 013A,842.0,0.43942992874109266,370.0,529,268.0,33.0,12.0
E01001787,Hackney 013B,646.0,0.47832817337461303,309.0,387,216.0,36.0,7.0
E01001788,Hackney 013C,648.0,0.44598765432098764,289.0,407,196.0,42.0,3.0
E01001789,Hackney 015C,625.0,0.5776,361.0,313,270.0,35.0,7.0
E01001790,Hackney 013D,583.0,0.39622641509433965,231.0,377,183.0,21.0,2.0
E01001791,Hackney 015D,492.0,0.6646341463414634,327.0,221,220.0,46.0,5.0
E01001792,Hackney 011A,715.0,0.5482517482517483,392.0,397,254.0,54.0,10.0
E01001793,Hackney 011B,605.0,0.5537190082644629,335.0,314,253.0,32.0,6.0
E01001794,Hackney 011C,643.0,0.6251944012441679,402.0,320,255.0,57.0,11.0
E01001795,Hackney 011D,515.0,0.4970873786407767,256.0,294,191.0,25.0,5.0
E01001796,Hackney 011E,634.0,0.4416403785488959,280.0,397,202.0,27.0,8.0
E01001798,Hackney 028A,726.0,0.4573002754820937,332.0,453,220.0,47.0,6.0
E01001799,Hackney 003A,449.0,0.44097995545657015,198.0,266,169.0,13.0,1.0
E01001800,Hackney 004C,662.0,0.3187311178247734,211.0,466,183.0,11.0,2.0
E01001801,Hackney 008B,546.0,0.5347985347985348,292.0,303,205.0,27.0,11.0
E01001802,Hackney 003B,456.0,0.5197368421052632,237.0,243,192.0,18.0,3.0
E01001803,Hackney 008C,684.0,0.5292397660818714,362.0,372,270.0,34.0,8.0
E01001804,Hackney 003C,461.0,0.5249457700650759,242.0,252,182.0,21.0,6.0
E01001805,Hackney 009B,508.0,0.4035433070866142,205.0,322,170.0,13.0,3.0
E01001806,Hackney 008D,675.0,0.48148148148148145,325.0,393,241.0,39.0,2.0
E01001807,Hackney 003D,651.0,0.46543778801843316,303.0,394,220.0,28.0,9.0
E01001808,Hackney 001A,542.0,0.42435424354243545,230.0,335,189.0,13.0,5.0
E01001809,Hackney 001B,570.0,0.5210526315789473,297.0,329,195.0,36.0,10.0
E01001811,Hackney 002D,673.0,0.4457652303120357,300.0,426,205.0,31.0,11.0
E01001812,Hackney 003E,565.0,0.4725663716814159,267.0,330,208.0,22.0,5.0
E01001813,Hackney 002E,795.0,0.3534591194968553,281.0,555,208.0,23.0,9.0
E01001814,Hackney 001C,554.0,0.4566787003610108,253.0,334,190.0,27.0,3.0
E01001815,Hackney 024D,668.0,0.5119760479041916,342.0,390,225.0,42.0,11.0
E01001816,Hackney 020D,618.0,0.5194174757281553,321.0,338,241.0,37.0,2.0
E01001819,Hackney 020E,747.0,0.5020080321285141,375.0,425,276.0,39.0,7.0
E01001820,Hackney 024E,575.0,0.48,276.0,332,214.0,25.0,4.0
E01001821,Hackney 024F,587.0,0.3986371379897785,234.0,387,172.0,22.0,6.0
E01001822,Hackney 029C,675.0,0.4162962962962963,281.0,430,209.0,36.0,0.0
E01001823,Hackney 001D,518.0,0.61003861003861,316.0,256,212.0,46.0,4.0
E01001824,Hackney 004D,505.0,0.4693069306930693,237.0,299,177.0,27.0,2.0
E01001825,Hackney 001E,402.0,0.654228855721393,263.0,176,193.0,29.0,4.0
E01001826,Hackney 004E,526.0,0.4619771863117871,243.0,321,172.0,28.0,5.0
E01001827,Hackney 029D,594.0,0.5151515151515151,306.0,342,204.0,42.0,6.0
E01001828,Hackney 028B,815.0,0.45153374233128835,368.0,493,281.0,36.0,5.0
E01001829,Hackney 009C,663.0,0.6153846153846154,408.0,312,300.0,45.0,6.0
E01001830,Hackney 014C,898.0,0.3273942093541203,294.0,638,229.0,28.0,3.0
E01001831,Hackney 009D,785.0,0.3910828025477707,307.0,510,247.0,24.0,4.0
E01001832,Hackney 009E,624.0,0.47435897435897434,296.0,380,201.0,34.0,9.0
E01001833,Hackney 014D,921.0,0.36482084690553745,336.0,618,274.0,25.0,4.0
E01001834,Hackney 014E,805.0,0.4360248447204969,351.0,521,237.0,27.0,20.0
E01001835,Hackney 014F,492.0,0.5365853658536586,264.0,269,187.0,31.0,5.0
E01001836,Hackney 022A,813.0,0.4403444034440344,358.0,495,284.0,28.0,6.0
E01001837,Hackney 023B,637.0,0.5164835164835165,329.0,352,244.0,38.0,3.0
E01001838,Hackney 019E,695.0,0.36546762589928056,254.0,473,195.0,22.0,5.0
E01001839,Hackney 023C,1039.0,0.2762271414821944,287.0,781,232.0,23.0,3.0
E01001840,Hackney 022B,660.0,0.4590909090909091,303.0,405,214.0,34.0,7.0
E01001841,Hackney 022C,630.0,0.5476190476190477,345.0,342,242.0,35.0,11.0
E01001842,Hackney 023D,640.0,0.4203125,269.0,406,205.0,23.0,6.0
E01001843,Hackney 023E,477.0,0.5953878406708596,284.0,230,213.0,31.0,3.0
E01001844,Hackney 022D,709.0,0.5895627644569816,418.0,353,302.0,46.0,8.0
E01001845,Hackney 022E,725.0,0.3793103448275862,275.0,484,210.0,28.0,3.0
E01001846,Hackney 018A,536.0,0.47201492537313433,253.0,314,195.0,23.0,4.0
E01001847,Hackney 018B,555.0,0.43423423423423424,241.0,337,196.0,21.0,1.0
E01001848,Hackney 018C,696.0,0.47413793103448276,330.0,405,256.0,31.0,4.0
E01001849,Hackney 018D,1018.0,0.46168958742632615,470.0,625,327.0,55.0,11.0
E01001850,Hackney 019F,709.0,0.4104372355430183,291.0,461,208.0,37.0,3.0
E01001851,Hammersmith and Fulham 010A,646.0,0.6099071207430341,394.0,317,273.0,47.0,9.0
E01001852,Hammersmith and Fulham 007A,920.0,0.3630434782608696,334.0,632,248.0,34.0,6.0
E01001853,Hammersmith and Fulham 007B,665.0,0.5518796992481203,367.0,361,251.0,43.0,10.0
E01001854,Hammersmith and Fulham 007C,883.0,0.3556058890147225,314.0,601,252.0,28.0,2.0
E01001855,Hammersmith and Fulham 010B,883.0,0.40656851642129105,359.0,567,278.0,33.0,5.0
E01001856,Hammersmith and Fulham 010C,722.0,0.4792243767313019,346.0,437,233.0,43.0,9.0
E01001857,Hammersmith and Fulham 007D,782.0,0.2647058823529412,207.0,582,193.0,7.0,0.0
E01001858,Hammersmith and Fulham 006A,724.0,0.4599447513812155,333.0,443,237.0,36.0,8.0
E01001859,Hammersmith and Fulham 008A,1149.0,0.5317667536988686,611.0,608,480.0,52.0,9.0
E01001860,Hammersmith and Fulham 006B,774.0,0.3953488372093023,306.0,516,218.0,32.0,8.0
E01001861,Hammersmith and Fulham 006C,627.0,0.507177033492823,318.0,366,211.0,43.0,7.0
E01001862,Hammersmith and Fulham 005A,839.0,0.4362336114421931,366.0,527,266.0,38.0,8.0
E01001863,Hammersmith and Fulham 006D,627.0,0.594896331738437,373.0,315,259.0,45.0,8.0
E01001864,Hammersmith and Fulham 006E,695.0,0.5251798561151079,365.0,376,278.0,36.0,5.0
E01001865,Hammersmith and Fulham 008B,668.0,0.6706586826347305,448.0,283,329.0,49.0,7.0
E01001866,Hammersmith and Fulham 012A,656.0,0.3978658536585366,261.0,423,209.0,20.0,4.0
E01001867,Hammersmith and Fulham 012B,536.0,0.3208955223880597,172.0,391,124.0,15.0,6.0
E01001868,Hammersmith and Fulham 012C,592.0,0.33614864864864863,199.0,415,157.0,18.0,2.0
E01001869,Hammersmith and Fulham 010D,588.0,0.6955782312925171,409.0,272,244.0,51.0,21.0
E01001870,Hammersmith and Fulham 012D,910.0,0.2945054945054945,268.0,662,230.0,16.0,2.0
E01001871,Hammersmith and Fulham 012E,703.0,0.47083926031294454,331.0,417,247.0,33.0,6.0
E01001872,Hammersmith and Fulham 012F,716.0,0.42877094972067037,307.0,461,211.0,36.0,8.0
E01001873,Hammersmith and Fulham 010E,707.0,0.413012729844413,292.0,445,232.0,30.0,0.0
E01001875,Hammersmith and Fulham 001B,655.0,0.5312977099236641,348.0,370,229.0,49.0,7.0
E01001876,Hammersmith and Fulham 001C,810.0,0.38271604938271603,310.0,535,246.0,23.0,6.0
E01001877,Hammersmith and Fulham 001D,611.0,0.49427168576104746,302.0,363,203.0,36.0,9.0
E01001878,Hammersmith and Fulham 001E,590.0,0.5677966101694916,335.0,309,232.0,44.0,5.0
E01001879,Hammersmith and Fulham 019A,634.0,0.5504731861198738,349.0,353,221.0,52.0,8.0
E01001880,Hammersmith and Fulham 017A,744.0,0.4422043010752688,329.0,449,265.0,26.0,4.0
E01001881,Hammersmith and Fulham 017B,820.0,0.5158536585365854,423.0,460,304.0,49.0,7.0
E01001882,Hammersmith and Fulham 017C,710.0,0.5422535211267606,385.0,386,272.0,43.0,9.0
E01001883,Hammersmith and Fulham 017D,943.0,0.40827147401908803,385.0,602,304.0,30.0,7.0
E01001884,Hammersmith and Fulham 017E,918.0,0.35076252723311546,322.0,637,244.0,33.0,4.0
E01001885,Hammersmith and Fulham 015A,517.0,0.42940038684719534,222.0,327,161.0,26.0,3.0
E01001886,Hammersmith and Fulham 016A,628.0,0.5111464968152867,321.0,362,221.0,35.0,10.0
E01001887,Hammersmith and Fulham 016B,634.0,0.45741324921135645,290.0,394,192.0,46.0,2.0
E01001888,Hammersmith and Fulham 018A,615.0,0.6325203252032521,389.0,289,270.0,49.0,7.0
E01001889,Hammersmith and Fulham 014A,576.0,0.5451388888888888,314.0,312,219.0,40.0,5.0
E01001890,Hammersmith and Fulham 016C,741.0,0.3643724696356275,270.0,523,173.0,38.0,7.0
E01001891,Hammersmith and Fulham 018B,1154.0,0.47746967071057195,551.0,680,407.0,57.0,10.0
E01001892,Hammersmith and Fulham 016D,581.0,0.4853700516351119,282.0,333,221.0,20.0,7.0
E01001893,Hammersmith and Fulham 013A,642.0,0.40031152647975077,257.0,419,193.0,26.0,4.0
E01001894,Hammersmith and Fulham 013B,704.0,0.328125,231.0,502,175.0,25.0,2.0
E01001895,Hammersmith and Fulham 009A,641.0,0.5912636505460218,379.0,322,265.0,48.0,6.0
E01001896,Hammersmith and Fulham 009B,706.0,0.45325779036827196,320.0,422,252.0,28.0,4.0
E01001897,Hammersmith and Fulham 009C,558.0,0.6344086021505376,354.0,269,229.0,55.0,5.0
E01001898,Hammersmith and Fulham 013C,950.0,0.3989473684210526,379.0,622,281.0,43.0,4.0
E01001899,Hammersmith and Fulham 013D,793.0,0.33039092055485497,262.0,558,209.0,25.0,1.0
E01001900,Hammersmith and Fulham 013E,718.0,0.3732590529247911,268.0,480,212.0,22.0,4.0
E01001901,Hammersmith and Fulham 019B,683.0,0.7086383601756955,484.0,280,328.0,69.0,6.0
E01001902,Hammersmith and Fulham 019C,806.0,0.5049627791563276,407.0,458,293.0,51.0,4.0
E01001903,Hammersmith and Fulham 019D,595.0,0.5579831932773109,332.0,326,218.0,39.0,12.0
E01001904,Hammersmith and Fulham 022A,709.0,0.6473906911142454,459.0,325,321.0,51.0,12.0
E01001905,Hammersmith and Fulham 022B,709.0,0.6346967559943583,450.0,336,309.0,51.0,13.0
E01001906,Hammersmith and Fulham 022C,624.0,0.6522435897435898,407.0,279,290.0,48.0,7.0
E01001907,Hammersmith and Fulham 022D,544.0,0.6930147058823529,377.0,246,233.0,51.0,14.0
E01001908,Hammersmith and Fulham 015B,760.0,0.3078947368421053,234.0,557,176.0,23.0,4.0
E01001909,Hammersmith and Fulham 015C,858.0,0.4382284382284382,376.0,540,272.0,34.0,12.0
E01001910,Hammersmith and Fulham 014B,739.0,0.38159675236806495,282.0,495,209.0,32.0,3.0
E01001911,Hammersmith and Fulham 015D,706.0,0.3951841359773371,279.0,470,196.0,37.0,3.0
E01001912,Hammersmith and Fulham 015E,522.0,0.4386973180076628,229.0,327,165.0,26.0,4.0
E01001913,Hammersmith and Fulham 014C,711.0,0.4472573839662447,318.0,435,239.0,32.0,5.0
E01001914,Hammersmith and Fulham 014D,828.0,0.23671497584541062,196.0,646,169.0,12.0,1.0
E01001915,Hammersmith and Fulham 024A,628.0,0.8057324840764332,506.0,259,257.0,87.0,25.0
E01001916,Hammersmith and Fulham 024B,604.0,0.8410596026490066,508.0,225,278.0,73.0,28.0
E01001917,Hammersmith and Fulham 018C,698.0,0.6232091690544412,435.0,340,292.0,55.0,11.0
E01001918,Hammersmith and Fulham 018D,611.0,0.7021276595744681,429.0,245,310.0,49.0,7.0
E01001919,Hammersmith and Fulham 018E,600.0,0.9183333333333333,551.0,185,303.0,88.0,24.0
E01001920,Hammersmith and Fulham 020A,776.0,0.37371134020618557,290.0,534,201.0,34.0,7.0
E01001921,Hammersmith and Fulham 020B,604.0,0.6788079470198676,410.0,287,237.0,67.0,13.0
E01001922,Hammersmith and Fulham 020C,642.0,0.8130841121495327,522.0,231,319.0,73.0,19.0
E01001923,Hammersmith and Fulham 020D,649.0,0.5916795069337443,384.0,337,247.0,58.0,7.0
E01001924,Hammersmith and Fulham 020E,610.0,0.840983606557377,513.0,220,281.0,95.0,14.0
E01001925,Hammersmith and Fulham 025A,617.0,0.8525121555915721,526.0,223,284.0,88.0,22.0
E01001926,Hammersmith and Fulham 024C,582.0,0.8247422680412371,480.0,210,278.0,80.0,14.0
E01001927,Hammersmith and Fulham 008C,516.0,1.0833333333333333,559.0,113,268.0,114.0,21.0
E01001928,Hammersmith and Fulham 011A,681.0,0.5961820851688693,406.0,337,286.0,54.0,4.0
E01001929,Hammersmith and Fulham 009D,589.0,0.6926994906621392,408.0,240,295.0,49.0,5.0
E01001930,Hammersmith and Fulham 008D,771.0,0.5551232166018158,428.0,414,293.0,57.0,7.0
E01001931,Hammersmith and Fulham 011B,656.0,0.4115853658536585,270.0,410,223.0,22.0,1.0
E01001932,Hammersmith and Fulham 011C,743.0,0.46837146702557203,348.0,447,248.0,44.0,4.0
E01001933,Hammersmith and Fulham 011D,688.0,0.684593023255814,471.0,312,297.0,63.0,16.0
E01001934,Hammersmith and Fulham 025B,795.0,0.6238993710691824,496.0,386,332.0,67.0,10.0
E01001935,Hammersmith and Fulham 023A,923.0,0.6175514626218852,570.0,440,402.0,75.0,6.0
E01001937,Hammersmith and Fulham 025C,724.0,0.7113259668508287,515.0,305,335.0,72.0,12.0
E01001938,Hammersmith and Fulham 025D,632.0,0.5522151898734177,349.0,334,248.0,49.0,1.0
E01001940,Hammersmith and Fulham 005B,709.0,0.3921015514809591,278.0,467,209.0,30.0,3.0
E01001941,Hammersmith and Fulham 005C,770.0,0.3207792207792208,247.0,565,171.0,26.0,8.0
E01001942,Hammersmith and Fulham 005D,867.0,0.40484429065743943,351.0,571,247.0,43.0,6.0
E01001943,Hammersmith and Fulham 004A,1101.0,0.3206176203451408,353.0,790,278.0,24.0,9.0
E01001944,Hammersmith and Fulham 004B,799.0,0.3016270337922403,241.0,578,201.0,20.0,0.0
E01001945,Hammersmith and Fulham 004C,749.0,0.4993324432576769,374.0,428,273.0,43.0,5.0
E01001946,Hammersmith and Fulham 004D,849.0,0.4581861012956419,389.0,519,278.0,45.0,7.0
E01001947,Hammersmith and Fulham 021A,587.0,0.4088586030664395,240.0,389,160.0,34.0,4.0
E01001948,Hammersmith and Fulham 021B,841.0,0.6206896551724138,522.0,406,360.0,63.0,12.0
E01001949,Hammersmith and Fulham 021C,644.0,0.6475155279503105,417.0,301,278.0,56.0,9.0
E01001950,Hammersmith and Fulham 021D,592.0,0.6993243243243243,414.0,249,277.0,61.0,5.0
E01001951,Hammersmith and Fulham 021E,693.0,0.5728715728715729,397.0,367,263.0,55.0,8.0
E01001952,Hammersmith and Fulham 024D,828.0,0.44806763285024154,371.0,516,260.0,45.0,7.0
E01001953,Hammersmith and Fulham 021F,681.0,0.4155653450807636,283.0,449,189.0,35.0,8.0
E01001954,Hammersmith and Fulham 003A,666.0,0.5345345345345346,356.0,358,264.0,40.0,4.0
E01001955,Hammersmith and Fulham 002A,823.0,0.4933171324422843,406.0,468,310.0,39.0,6.0
E01001956,Hammersmith and Fulham 003B,599.0,0.659432387312187,395.0,275,265.0,47.0,12.0
E01001957,Hammersmith and Fulham 002B,584.0,0.4366438356164384,255.0,355,206.0,20.0,3.0
E01001958,Hammersmith and Fulham 002C,599.0,0.4540901502504174,272.0,367,197.0,30.0,5.0
E01001959,Hammersmith and Fulham 003C,579.0,0.7098445595854922,411.0,260,242.0,62.0,15.0
E01001960,Hammersmith and Fulham 003D,773.0,0.5109961190168176,395.0,436,288.0,40.0,9.0
E01001961,Hammersmith and Fulham 002D,528.0,0.3731060606060606,197.0,352,158.0,15.0,3.0
E01001962,Haringey 004A,641.0,0.9391575663026521,602.0,159,379.0,86.0,17.0
E01001963,Haringey 009A,677.0,1.0073855243722305,682.0,150,391.0,117.0,19.0
E01001964,Haringey 009B,639.0,0.7762128325508607,496.0,226,340.0,63.0,10.0
E01001965,Haringey 009C,630.0,0.8698412698412699,548.0,167,383.0,75.0,5.0
E01001966,Haringey 009D,518.0,1.0984555984555984,569.0,123,253.0,110.0,32.0
E01001967,Haringey 014A,600.0,1.01,606.0,147,318.0,117.0,18.0
E01001968,Haringey 014B,694.0,0.8126801152737753,564.0,259,327.0,87.0,21.0
E01001969,Haringey 001A,872.0,0.5401376146788991,471.0,491,310.0,52.0,19.0
E01001970,Haringey 004B,749.0,0.6461949265687583,484.0,362,304.0,69.0,14.0
E01001971,Haringey 001B,815.0,0.5128834355828221,418.0,470,279.0,59.0,7.0
E01001972,Haringey 004C,729.0,0.6282578875171467,458.0,343,323.0,54.0,9.0
E01001973,Haringey 004D,1002.0,0.7944111776447106,796.0,392,456.0,122.0,32.0
E01001974,Haringey 001C,971.0,0.568486096807415,552.0,500,399.0,63.0,9.0
E01001975,Haringey 001D,813.0,0.5805658056580566,472.0,422,323.0,55.0,13.0
E01001976,Haringey 011A,686.0,0.5029154518950437,345.0,399,240.0,36.0,11.0
E01001977,Haringey 011B,606.0,0.49504950495049505,300.0,365,191.0,41.0,9.0
E01001978,Haringey 011C,784.0,0.4030612244897959,316.0,512,231.0,38.0,3.0
E01001979,Haringey 011D,927.0,0.4336569579288026,402.0,578,303.0,39.0,7.0
E01001980,Haringey 018A,702.0,0.5612535612535613,394.0,395,235.0,57.0,15.0
E01001981,Haringey 018B,648.0,0.48919753086419754,317.0,388,210.0,43.0,7.0
E01001982,Haringey 018C,722.0,0.4778393351800554,345.0,440,224.0,53.0,5.0
E01001983,Haringey 018D,651.0,0.5622119815668203,366.0,337,264.0,48.0,2.0
E01001984,Haringey 033A,955.0,0.47853403141361256,457.0,560,338.0,52.0,5.0
E01001985,Haringey 033B,728.0,0.7582417582417582,552.0,283,358.0,67.0,20.0
E01001986,Haringey 034A,696.0,0.6896551724137931,480.0,294,333.0,60.0,9.0
E01001987,Haringey 033C,760.0,0.7723684210526316,587.0,291,371.0,78.0,20.0
E01001988,Haringey 034B,787.0,0.6048284625158831,476.0,386,334.0,59.0,8.0
E01001989,Haringey 033D,758.0,0.8139841688654353,617.0,260,391.0,95.0,12.0
E01001990,Haringey 034C,937.0,0.4951974386339381,464.0,533,350.0,48.0,6.0
E01001991,Haringey 017A,739.0,0.5358592692828146,396.0,403,281.0,50.0,5.0
E01001992,Haringey 017B,678.0,1.0235988200589972,694.0,198,305.0,136.0,39.0
E01001993,Haringey 017C,603.0,1.0066334991708126,607.0,136,347.0,100.0,20.0
E01001994,Haringey 030A,741.0,0.970310391363023,719.0,255,298.0,143.0,45.0
E01001995,Haringey 017D,942.0,0.9012738853503185,849.0,279,502.0,136.0,25.0
E01001996,Haringey 014C,615.0,0.8406504065040651,517.0,221,283.0,99.0,12.0
E01001997,Haringey 014D,705.0,0.6453900709219859,455.0,336,292.0,68.0,9.0
E01001998,Haringey 023A,822.0,0.5,411.0,475,290.0,50.0,7.0
E01001999,Haringey 023B,964.0,0.4242738589211618,409.0,620,292.0,39.0,13.0
E01002000,Haringey 031A,740.0,0.5351351351351351,396.0,400,290.0,44.0,6.0
E01002001,Haringey 031B,685.0,0.5211678832116788,357.0,374,275.0,26.0,10.0
E01002002,Haringey 031C,796.0,0.38190954773869346,304.0,536,224.0,28.0,8.0
E01002003,Haringey 023C,1140.0,0.33421052631578946,381.0,806,293.0,35.0,6.0
E01002004,Haringey 023D,720.0,0.5638888888888889,406.0,379,285.0,47.0,9.0
E01002005,Haringey 035A,735.0,0.5238095238095238,385.0,402,286.0,42.0,5.0
E01002006,Haringey 035B,771.0,0.5110246433203631,394.0,422,308.0,37.0,4.0
E01002007,Haringey 035C,686.0,0.6909620991253644,474.0,295,315.0,69.0,7.0
E01002008,Haringey 030B,527.0,1.239089184060721,653.0,141,187.0,131.0,68.0
E01002009,Haringey 035D,652.0,0.7684049079754601,501.0,254,312.0,69.0,17.0
E01002010,Haringey 030C,698.0,0.7693409742120344,537.0,291,300.0,84.0,23.0
E01002011,Haringey 030D,777.0,0.6731016731016731,523.0,350,345.0,68.0,14.0
E01002013,Haringey 022A,572.0,0.7867132867132867,450.0,203,296.0,65.0,8.0
E01002014,Haringey 020B,837.0,0.5232974910394266,438.0,462,321.0,45.0,9.0
E01002015,Haringey 020C,632.0,0.6170886075949367,390.0,301,277.0,49.0,5.0
E01002016,Haringey 028A,879.0,0.5540386803185438,487.0,458,363.0,50.0,8.0
E01002017,Haringey 028B,654.0,0.6192660550458715,405.0,305,297.0,48.0,4.0
E01002018,Haringey 020D,597.0,0.7085427135678392,423.0,228,324.0,36.0,9.0
E01002019,Haringey 022B,545.0,0.9706422018348624,529.0,127,317.0,91.0,10.0
E01002020,Haringey 021A,701.0,0.7047075606276747,494.0,292,329.0,75.0,5.0
E01002021,Haringey 022C,566.0,0.9328621908127208,528.0,157,301.0,97.0,11.0
E01002022,Haringey 021B,980.0,0.6377551020408163,625.0,472,406.0,87.0,15.0
E01002023,Haringey 021C,588.0,0.9064625850340136,533.0,186,291.0,91.0,20.0
E01002024,Haringey 022D,526.0,0.7319391634980988,385.0,206,260.0,55.0,5.0
E01002025,Haringey 021D,596.0,1.0687919463087248,637.0,150,296.0,109.0,41.0
E01002026,Haringey 016A,754.0,0.40981432360742703,309.0,498,207.0,45.0,4.0
E01002027,Haringey 010A,548.0,0.5383211678832117,295.0,296,215.0,31.0,6.0
E01002028,Haringey 010B,622.0,0.5434083601286174,338.0,340,231.0,46.0,5.0
E01002029,Haringey 016B,729.0,0.401920438957476,293.0,488,195.0,40.0,6.0
E01002030,Haringey 016C,638.0,0.4843260188087774,309.0,384,203.0,47.0,4.0
E01002031,Haringey 016D,748.0,0.39438502673796794,295.0,503,199.0,42.0,4.0
E01002032,Haringey 010C,733.0,0.4829467939972715,354.0,440,239.0,47.0,7.0
E01002033,Haringey 010D,691.0,0.5716353111432706,395.0,385,229.0,65.0,12.0
E01002034,Haringey 037A,1021.0,0.39862879529872675,407.0,658,324.0,34.0,5.0
E01002036,Haringey 002A,696.0,0.5272988505747126,367.0,400,237.0,47.0,12.0
E01002037,Haringey 002B,683.0,0.5197657393850659,355.0,397,231.0,41.0,14.0
E01002038,Haringey 037B,712.0,0.42696629213483145,304.0,461,207.0,35.0,9.0
E01002039,Haringey 002C,622.0,0.5048231511254019,314.0,359,216.0,43.0,4.0
E01002040,Haringey 002D,879.0,0.5324232081911263,468.0,498,308.0,59.0,14.0
E01002041,Haringey 037C,731.0,0.5362517099863201,392.0,409,259.0,56.0,7.0
E01002042,Haringey 027A,591.0,0.5143824027072758,304.0,323,237.0,26.0,5.0
E01002043,Haringey 026A,703.0,0.5092460881934566,358.0,405,243.0,50.0,5.0
E01002044,Haringey 027B,712.0,0.36657303370786515,261.0,494,182.0,29.0,7.0
E01002045,Haringey 026B,825.0,0.4703030303030303,388.0,498,278.0,37.0,12.0
E01002046,Haringey 026C,660.0,0.4287878787878788,283.0,419,203.0,34.0,4.0
E01002047,Haringey 027C,630.0,0.4158730158730159,262.0,414,175.0,36.0,5.0
E01002048,Haringey 027D,736.0,0.46467391304347827,342.0,451,235.0,43.0,7.0
E01002049,Haringey 026D,699.0,0.547925608011445,383.0,384,256.0,50.0,9.0
E01002050,Haringey 029A,469.0,0.7057569296375267,331.0,207,205.0,45.0,12.0
E01002051,Haringey 029B,685.0,0.39124087591240875,268.0,464,180.0,35.0,6.0
E01002052,Haringey 029C,507.0,0.8027613412228797,407.0,185,250.0,59.0,13.0
E01002053,Haringey 032A,724.0,0.48756906077348067,353.0,434,234.0,49.0,7.0
E01002054,Haringey 032B,679.0,0.3961708394698085,269.0,444,204.0,28.0,3.0
E01002055,Haringey 029D,502.0,0.6454183266932271,324.0,236,216.0,42.0,8.0
E01002056,Haringey 032C,923.0,0.48537378114842905,448.0,568,284.0,49.0,22.0
E01002057,Haringey 032D,594.0,0.5757575757575758,342.0,321,217.0,43.0,13.0
E01002058,Haringey 031D,648.0,0.470679012345679,305.0,393,215.0,30.0,10.0
E01002059,Haringey 028C,702.0,0.6609686609686609,464.0,321,309.0,61.0,11.0
E01002060,Haringey 028D,751.0,0.6165113182423435,463.0,364,322.0,54.0,11.0
E01002061,Haringey 036A,692.0,0.634393063583815,439.0,335,283.0,66.0,8.0
E01002062,Haringey 034D,826.0,0.5435835351089588,449.0,442,327.0,49.0,8.0
E01002063,Haringey 036B,714.0,0.46638655462184875,333.0,421,256.0,34.0,3.0
E01002064,Haringey 036C,653.0,0.4885145482388974,319.0,378,237.0,32.0,6.0
E01002065,Haringey 036D,740.0,0.34594594594594597,256.0,506,213.0,20.0,1.0
E01002066,Haringey 025A,906.0,0.3686534216335541,334.0,614,255.0,32.0,5.0
E01002067,Haringey 024A,733.0,0.5538881309686221,406.0,407,263.0,46.0,17.0
E01002068,Haringey 025B,858.0,0.42657342657342656,366.0,554,248.0,50.0,6.0
E01002069,Haringey 024B,966.0,0.3302277432712215,319.0,709,204.0,44.0,9.0
E01002070,Haringey 024C,1075.0,0.5051162790697674,543.0,617,384.0,63.0,11.0
E01002071,Haringey 025C,701.0,0.4450784593437946,312.0,449,208.0,28.0,16.0
E01002072,Haringey 025D,677.0,0.38847858197932056,263.0,450,195.0,28.0,4.0
E01002073,Haringey 024D,662.0,0.4471299093655589,296.0,416,206.0,30.0,10.0
E01002074,Haringey 012A,854.0,0.4672131147540984,399.0,523,269.0,56.0,6.0
E01002075,Haringey 015A,721.0,0.5464632454923717,394.0,400,255.0,59.0,7.0
E01002076,Haringey 015B,680.0,0.6029411764705882,410.0,347,264.0,61.0,8.0
E01002077,Haringey 012B,857.0,0.5075845974329055,435.0,500,291.0,54.0,12.0
E01002078,Haringey 015C,1134.0,0.48853615520282184,554.0,655,411.0,61.0,7.0
E01002079,Haringey 012C,607.0,0.5930807248764415,360.0,323,216.0,60.0,8.0
E01002081,Haringey 012D,682.0,0.4912023460410557,335.0,427,191.0,48.0,16.0
E01002082,Haringey 013A,570.0,0.5263157894736842,300.0,326,198.0,36.0,10.0
E01002083,Haringey 019A,534.0,0.6142322097378277,328.0,278,194.0,52.0,10.0
E01002084,Haringey 019B,657.0,0.5859969558599696,385.0,350,244.0,48.0,15.0
E01002085,Haringey 019C,796.0,0.4685929648241206,373.0,478,267.0,47.0,4.0
E01002086,Haringey 013B,620.0,0.5838709677419355,362.0,319,247.0,47.0,7.0
E01002087,Haringey 019D,849.0,0.4134275618374558,351.0,555,244.0,43.0,7.0
E01002088,Haringey 013C,669.0,0.5814648729446936,389.0,349,259.0,53.0,8.0
E01002089,Haringey 013D,514.0,0.5019455252918288,258.0,302,174.0,30.0,8.0
E01002090,Haringey 005A,639.0,0.8309859154929577,531.0,244,279.0,96.0,20.0
E01002091,Haringey 006A,632.0,0.805379746835443,509.0,253,274.0,80.0,25.0
E01002092,Haringey 006B,645.0,0.4992248062015504,322.0,380,216.0,41.0,8.0
E01002093,Haringey 005B,662.0,0.7583081570996979,502.0,274,294.0,74.0,20.0
E01002094,Haringey 006C,528.0,0.7310606060606061,386.0,220,238.0,62.0,8.0
E01002095,Haringey 006D,619.0,0.6268174474959612,388.0,309,244.0,54.0,12.0
E01002096,Haringey 005C,588.0,0.6989795918367347,411.0,275,226.0,76.0,11.0
E01002097,Haringey 005D,594.0,0.6111111111111112,363.0,308,219.0,57.0,10.0
E01002098,Haringey 007A,647.0,0.5533230293663061,358.0,335,271.0,36.0,5.0
E01002099,Haringey 008A,803.0,0.47198007471980075,379.0,493,249.0,53.0,8.0
E01002100,Haringey 008B,661.0,0.5990922844175491,396.0,336,263.0,53.0,9.0
E01002101,Haringey 007B,735.0,0.5959183673469388,438.0,378,293.0,47.0,17.0
E01002102,Haringey 007C,718.0,0.4610027855153203,331.0,430,250.0,33.0,5.0
E01002103,Haringey 008C,686.0,0.5583090379008746,383.0,366,267.0,43.0,10.0
E01002104,Haringey 008D,515.0,0.7048543689320388,363.0,218,239.0,50.0,8.0
E01002105,Haringey 007D,889.0,0.37570303712035996,334.0,600,252.0,29.0,8.0
E01002106,Harrow 008A,645.0,1.4232558139534883,918.0,87,273.0,210.0,75.0
E01002107,Harrow 012A,566.0,1.4752650176678446,835.0,55,251.0,196.0,64.0
E01002108,Harrow 008B,550.0,1.5527272727272727,854.0,52,214.0,212.0,72.0
E01002109,Harrow 008C,646.0,1.5139318885448916,978.0,54,280.0,238.0,74.0
E01002110,Harrow 008D,532.0,1.4097744360902256,750.0,68,227.0,188.0,49.0
E01002111,Harrow 008E,680.0,1.3602941176470589,925.0,112,274.0,231.0,63.0
E01002112,Harrow 001A,733.0,1.3478854024556617,988.0,122,304.0,237.0,70.0
E01002113,Harrow 002A,596.0,1.24496644295302,742.0,148,210.0,182.0,56.0
E01002114,Harrow 001B,1011.0,0.9198813056379822,930.0,326,477.0,171.0,37.0
E01002115,Harrow 002B,511.0,1.356164383561644,693.0,68,240.0,156.0,47.0
E01002116,Harrow 002C,625.0,1.32,825.0,111,265.0,187.0,62.0
E01002118,Harrow 002E,675.0,0.9451851851851852,638.0,222,303.0,115.0,35.0
E01002119,Harrow 007A,867.0,0.895040369088812,776.0,306,382.0,143.0,36.0
E01002120,Harrow 007B,477.0,0.9203354297693921,439.0,171,197.0,85.0,24.0
E01002121,Harrow 007C,533.0,1.2833020637898687,684.0,81,261.0,150.0,41.0
E01002122,Harrow 007D,561.0,1.2121212121212122,680.0,130,240.0,133.0,58.0
E01002123,Harrow 007E,512.0,1.169921875,599.0,119,229.0,122.0,42.0
E01002124,Harrow 010A,493.0,1.279918864097363,631.0,84,234.0,128.0,47.0
E01002125,Harrow 010B,552.0,1.068840579710145,590.0,172,214.0,122.0,44.0
E01002127,Harrow 023B,648.0,1.0200617283950617,661.0,189,291.0,134.0,34.0
E01002128,Harrow 020A,804.0,0.6330845771144279,509.0,389,333.0,70.0,12.0
E01002129,Harrow 023C,1196.0,0.5819397993311036,696.0,618,474.0,90.0,14.0
E01002130,Harrow 020B,1109.0,0.6176735798016231,685.0,570,421.0,90.0,28.0
E01002131,Harrow 023D,609.0,0.9014778325123153,549.0,211,272.0,101.0,25.0
E01002132,Harrow 029A,815.0,0.9631901840490797,785.0,232,413.0,138.0,32.0
E01002133,Harrow 027A,809.0,0.7972805933250927,645.0,341,330.0,99.0,39.0
E01002134,Harrow 029B,587.0,1.1669505962521294,685.0,122,287.0,136.0,42.0
E01002135,Harrow 029C,709.0,1.004231311706629,712.0,207,327.0,140.0,35.0
E01002136,Harrow 027B,710.0,1.036619718309859,736.0,200,331.0,132.0,47.0
E01002137,Harrow 029D,449.0,0.9888641425389755,444.0,106,258.0,69.0,16.0
E01002138,Harrow 027C,509.0,1.1768172888015718,599.0,90,262.0,134.0,23.0
E01002139,Harrow 006A,501.0,1.0698602794411178,536.0,144,208.0,119.0,30.0
E01002140,Harrow 005A,613.0,1.2088091353996737,741.0,137,272.0,143.0,61.0
E01002141,Harrow 005B,654.0,1.2293577981651376,804.0,141,284.0,167.0,62.0
E01002142,Harrow 005C,656.0,1.2698170731707317,833.0,134,269.0,195.0,58.0
E01002143,Harrow 005D,541.0,1.2717190388170057,688.0,94,252.0,149.0,46.0
E01002144,Harrow 004A,575.0,1.4817391304347827,852.0,82,213.0,201.0,79.0
E01002145,Harrow 005E,624.0,1.1842948717948718,739.0,152,265.0,147.0,60.0
E01002146,Harrow 004B,508.0,1.5846456692913387,805.0,30,215.0,199.0,64.0
E01002147,Harrow 004C,490.0,1.6755102040816328,821.0,41,167.0,192.0,90.0
E01002148,Harrow 006B,486.0,1.508230452674897,733.0,50,199.0,177.0,60.0
E01002149,Harrow 004D,473.0,1.6807610993657505,795.0,26,159.0,228.0,60.0
E01002150,Harrow 006C,895.0,1.0692737430167598,957.0,225,433.0,187.0,50.0
E01002151,Harrow 006D,532.0,1.018796992481203,542.0,162,232.0,104.0,34.0
E01002152,Harrow 006E,633.0,1.4091627172195893,892.0,82,277.0,207.0,67.0
E01002153,Harrow 019A,621.0,1.3365539452495974,830.0,99,284.0,168.0,70.0
E01002155,Harrow 019B,630.0,1.3126984126984127,827.0,101,288.0,184.0,57.0
E01002156,Harrow 015B,521.0,1.5527831094049904,809.0,48,218.0,174.0,81.0
E01002157,Harrow 019C,592.0,1.1469594594594594,679.0,131,281.0,142.0,38.0
E01002158,Harrow 019D,487.0,1.4661190965092403,714.0,39,237.0,156.0,55.0
E01002159,Harrow 021A,685.0,1.1284671532846715,773.0,166,309.0,166.0,44.0
E01002160,Harrow 021B,939.0,0.744408945686901,699.0,383,439.0,91.0,26.0
E01002161,Harrow 021C,713.0,1.0701262272089762,763.0,185,338.0,145.0,45.0
E01002162,Harrow 015C,680.0,1.0852941176470587,738.0,180,307.0,148.0,45.0
E01002163,Harrow 015D,539.0,1.4267161410018554,769.0,66,236.0,178.0,59.0
E01002164,Harrow 021D,710.0,1.023943661971831,727.0,166,393.0,119.0,32.0
E01002165,Harrow 017A,532.0,1.0657894736842106,567.0,148,234.0,117.0,33.0
E01002166,Harrow 017B,486.0,1.2880658436213992,626.0,88,218.0,132.0,48.0
E01002167,Harrow 017C,474.0,1.259493670886076,597.0,110,182.0,131.0,51.0
E01002168,Harrow 017D,506.0,1.0948616600790513,554.0,143,211.0,113.0,39.0
E01002169,Harrow 017E,527.0,1.0891840607210626,574.0,155,209.0,124.0,39.0
E01002170,Harrow 033A,404.0,1.353960396039604,547.0,66,176.0,115.0,47.0
E01002171,Harrow 033B,540.0,1.1814814814814816,638.0,109,260.0,135.0,36.0
E01002172,Harrow 033C,492.0,1.2947154471544715,637.0,86,222.0,137.0,47.0
E01002173,Harrow 033D,568.0,1.528169014084507,868.0,47,254.0,187.0,80.0
E01002174,Harrow 033E,493.0,1.3894523326572008,685.0,73,217.0,141.0,62.0
E01002175,Harrow 033F,405.0,1.4370370370370371,582.0,66,149.0,137.0,53.0
E01002176,Harrow 033G,516.0,1.3255813953488371,684.0,89,223.0,151.0,53.0
E01002177,Harrow 033H,474.0,1.3881856540084387,658.0,76,194.0,148.0,56.0
E01002178,Harrow 033I,506.0,1.5217391304347827,770.0,45,222.0,169.0,70.0
E01002179,Harrow 013A,911.0,0.7607025246981339,693.0,395,373.0,109.0,34.0
E01002181,Harrow 020C,848.0,0.9245283018867925,784.0,273,405.0,131.0,39.0
E01002182,Harrow 020D,688.0,0.9854651162790697,678.0,207,315.0,135.0,31.0
E01002183,Harrow 013C,672.0,1.0297619047619047,692.0,192,304.0,140.0,36.0
E01002184,Harrow 013D,653.0,1.0229709035222052,668.0,192,291.0,133.0,37.0
E01002185,Harrow 009A,647.0,1.0911901081916537,706.0,163,298.0,150.0,36.0
E01002186,Harrow 009B,789.0,0.9391634980988594,741.0,228,410.0,122.0,29.0
E01002187,Harrow 009C,758.0,1.2862796833773087,975.0,141,327.0,222.0,68.0
E01002188,Harrow 016A,630.0,1.4873015873015873,937.0,67,274.0,204.0,85.0
E01002189,Harrow 016B,725.0,1.1337931034482758,822.0,171,334.0,172.0,48.0
E01002190,Harrow 009D,604.0,1.6572847682119205,1001.0,45,219.0,238.0,102.0
E01002191,Harrow 022A,658.0,1.4680851063829787,966.0,65,293.0,227.0,73.0
E01002192,Harrow 016C,666.0,1.2357357357357357,823.0,141,285.0,182.0,58.0
E01002193,Harrow 016D,741.0,1.0931174089068827,810.0,176,364.0,157.0,44.0
E01002194,Harrow 022B,654.0,1.4036697247706422,918.0,74,302.0,218.0,60.0
E01002195,Harrow 022C,603.0,1.3200663349917081,796.0,81,288.0,194.0,40.0
E01002196,Harrow 022D,611.0,1.486088379705401,908.0,64,249.0,235.0,63.0
E01002197,Harrow 012B,424.0,1.5,636.0,53,163.0,151.0,57.0
E01002198,Harrow 010C,498.0,1.321285140562249,658.0,83,222.0,143.0,50.0
E01002199,Harrow 012C,474.0,1.390295358649789,659.0,68,203.0,153.0,50.0
E01002200,Harrow 010D,570.0,1.331578947368421,759.0,94,241.0,187.0,48.0
E01002201,Harrow 012D,504.0,1.4682539682539681,740.0,57,216.0,169.0,62.0
E01002202,Harrow 012E,706.0,0.8781869688385269,620.0,259,304.0,113.0,30.0
E01002203,Harrow 010E,554.0,1.2833935018050542,711.0,97,255.0,150.0,52.0
E01002204,Harrow 032A,635.0,0.9039370078740158,574.0,214,289.0,111.0,21.0
E01002206,Harrow 032B,453.0,1.1832229580573952,536.0,95,207.0,124.0,27.0
E01002207,Harrow 032C,547.0,1.3510054844606947,739.0,66,261.0,182.0,38.0
E01002208,Harrow 025A,487.0,1.3572895277207393,661.0,62,232.0,150.0,43.0
E01002209,Harrow 025B,664.0,1.055722891566265,701.0,189,294.0,136.0,45.0
E01002210,Harrow 032D,490.0,1.4081632653061225,690.0,59,228.0,147.0,56.0
E01002211,Harrow 028A,470.0,1.1446808510638298,538.0,112,215.0,106.0,37.0
E01002212,Harrow 028B,647.0,0.9799072642967542,634.0,192,309.0,113.0,33.0
E01002214,Harrow 031A,618.0,1.186084142394822,733.0,150,249.0,173.0,46.0
E01002215,Harrow 031B,615.0,0.9284552845528455,571.0,216,254.0,118.0,27.0
E01002216,Harrow 028C,519.0,1.3526011560693643,702.0,69,244.0,160.0,46.0
E01002217,Harrow 028D,780.0,0.8666666666666667,676.0,261,388.0,105.0,26.0
E01002218,Harrow 030A,646.0,1.0526315789473684,680.0,170,314.0,120.0,42.0
E01002219,Harrow 030B,625.0,0.816,510.0,241,283.0,76.0,25.0
E01002220,Harrow 031C,494.0,1.354251012145749,669.0,80,216.0,141.0,57.0
E01002221,Harrow 030C,520.0,1.0288461538461537,535.0,163,217.0,102.0,38.0
E01002222,Harrow 030D,495.0,1.3979797979797979,692.0,66,220.0,155.0,54.0
E01002223,Harrow 031D,577.0,1.4124783362218372,815.0,85,236.0,189.0,67.0
E01002224,Harrow 031E,529.0,1.2287334593572778,650.0,120,218.0,141.0,50.0
E01002225,Harrow 001C,694.0,1.531700288184438,1063.0,86,253.0,255.0,100.0
E01002226,Harrow 001D,1102.0,1.0417422867513613,1148.0,315,503.0,207.0,77.0
E01002227,Harrow 003A,650.0,1.1507692307692308,748.0,193,232.0,159.0,66.0
E01002228,Harrow 003B,787.0,1.4218551461245235,1119.0,106,338.0,248.0,95.0
E01002229,Harrow 003C,746.0,1.1353887399463807,847.0,160,371.0,169.0,46.0
E01002230,Harrow 003D,633.0,1.5276461295418642,967.0,69,245.0,235.0,84.0
E01002231,Harrow 013E,665.0,1.2255639097744362,815.0,123,320.0,171.0,51.0
E01002232,Harrow 011A,740.0,1.0432432432432432,772.0,220,321.0,146.0,53.0
E01002233,Harrow 011B,834.0,0.7817745803357314,652.0,363,330.0,101.0,40.0
E01002234,Harrow 011C,614.0,1.0342019543973942,635.0,162,299.0,123.0,30.0
E01002235,Harrow 011D,601.0,0.978369384359401,588.0,204,237.0,129.0,31.0
E01002236,Harrow 011E,759.0,0.8313570487483531,631.0,255,393.0,95.0,16.0
E01002237,Harrow 024A,807.0,0.8166047087980174,659.0,365,292.0,83.0,67.0
E01002238,Harrow 024B,620.0,1.0870967741935484,674.0,149,309.0,121.0,41.0
E01002239,Harrow 025C,756.0,1.0462962962962963,791.0,204,349.0,167.0,36.0
E01002240,Harrow 024C,666.0,0.963963963963964,642.0,204,322.0,100.0,40.0
E01002241,Harrow 025D,657.0,1.1415525114155252,750.0,153,303.0,156.0,45.0
E01002242,Harrow 024D,625.0,1.3056,816.0,85,313.0,178.0,49.0
E01002243,Havering 013A,833.0,0.7851140456182473,654.0,339,360.0,108.0,26.0
E01002244,Havering 011A,726.0,1.0399449035812671,755.0,184,357.0,157.0,28.0
E01002245,Havering 011B,623.0,1.0626003210272874,662.0,167,289.0,128.0,39.0
E01002246,Havering 017A,635.0,1.2913385826771653,820.0,113,287.0,172.0,63.0
E01002247,Havering 017B,891.0,0.9820426487093153,875.0,239,459.0,163.0,30.0
E01002248,Havering 017C,631.0,1.0031695721077654,633.0,198,274.0,118.0,41.0
E01002250,Havering 017E,700.0,1.2185714285714286,853.0,147,319.0,168.0,66.0
E01002251,Havering 017F,514.0,1.132295719844358,582.0,146,212.0,98.0,58.0
E01002252,Havering 018A,633.0,1.4044233807266984,889.0,88,280.0,186.0,79.0
E01002253,Havering 019A,610.0,1.5049180327868852,918.0,58,254.0,230.0,68.0
E01002254,Havering 019B,635.0,1.4535433070866142,923.0,85,261.0,205.0,84.0
E01002255,Havering 022A,632.0,1.2990506329113924,821.0,83,324.0,178.0,47.0
E01002256,Havering 018B,611.0,1.3404255319148937,819.0,92,281.0,176.0,62.0
E01002257,Havering 019C,657.0,1.4946727549467276,982.0,104,231.0,215.0,107.0
E01002258,Havering 018C,767.0,1.1342894393741851,870.0,194,344.0,161.0,68.0
E01002259,Havering 018D,604.0,1.3062913907284768,789.0,104,274.0,163.0,63.0
E01002260,Havering 026A,625.0,1.3296,831.0,90,299.0,176.0,60.0
E01002261,Havering 026B,656.0,1.1021341463414633,723.0,156,322.0,133.0,45.0
E01002262,Havering 026C,676.0,1.257396449704142,850.0,124,321.0,164.0,67.0
E01002263,Havering 026D,604.0,1.3791390728476822,833.0,87,263.0,192.0,62.0
E01002264,Havering 026E,700.0,0.9128571428571428,639.0,232,326.0,113.0,29.0
E01002265,Havering 025A,627.0,1.2312599681020733,772.0,104,320.0,157.0,46.0
E01002266,Havering 027A,602.0,1.2192691029900333,734.0,122,270.0,166.0,44.0
E01002267,Havering 027B,752.0,0.9800531914893617,737.0,234,332.0,153.0,33.0
E01002268,Havering 010A,530.0,1.460377358490566,774.0,74,211.0,172.0,73.0
E01002269,Havering 010B,681.0,1.5345080763582966,1045.0,79,276.0,209.0,117.0
E01002270,Havering 015A,647.0,1.6398763523956723,1061.0,108,192.0,172.0,175.0
E01002271,Havering 015B,519.0,1.9094412331406552,991.0,31,134.0,205.0,149.0
E01002272,Havering 014A,539.0,1.3840445269016697,746.0,63,259.0,164.0,53.0
E01002273,Havering 015C,482.0,1.6763485477178424,808.0,32,176.0,190.0,84.0
E01002274,Havering 014B,677.0,1.3530280649926145,916.0,100,304.0,207.0,66.0
E01002275,Havering 015D,500.0,1.666,833.0,49,171.0,178.0,102.0
E01002276,Havering 001A,691.0,1.4905933429811866,1030.0,101,261.0,218.0,111.0
E01002277,Havering 002A,611.0,1.1751227495908347,718.0,147,271.0,132.0,61.0
E01002278,Havering 001B,628.0,1.055732484076433,663.0,190,257.0,137.0,44.0
E01002279,Havering 002B,649.0,1.1833590138674885,768.0,151,272.0,182.0,44.0
E01002280,Havering 004A,666.0,0.9624624624624625,641.0,228,272.0,129.0,37.0
E01002281,Havering 002C,971.0,0.8959835221421215,870.0,327,446.0,170.0,28.0
E01002282,Havering 004B,718.0,0.8816155988857939,633.0,275,291.0,114.0,38.0
E01002283,Havering 002D,604.0,1.1837748344370862,715.0,159,234.0,152.0,59.0
E01002284,Havering 004C,768.0,1.0533854166666667,809.0,211,355.0,152.0,50.0
E01002285,Havering 025B,545.0,1.3596330275229358,741.0,75,256.0,157.0,57.0
E01002286,Havering 025C,609.0,1.4729064039408868,897.0,72,260.0,194.0,83.0
E01002287,Havering 023A,602.0,1.2906976744186047,777.0,95,288.0,168.0,51.0
E01002288,Havering 025D,610.0,1.380327868852459,842.0,86,280.0,170.0,74.0
E01002289,Havering 022B,633.0,1.2622432859399684,799.0,110,302.0,166.0,55.0
E01002290,Havering 025E,623.0,1.260032102728732,785.0,106,305.0,156.0,56.0
E01002291,Havering 023B,752.0,1.038563829787234,781.0,195,376.0,138.0,43.0
E01002292,Havering 022C,649.0,1.2295839753466873,798.0,106,336.0,159.0,48.0
E01002294,Havering 007B,633.0,1.3649289099526067,864.0,106,266.0,185.0,76.0
E01002295,Havering 010C,806.0,1.1749379652605458,947.0,161,400.0,188.0,57.0
E01002296,Havering 007C,695.0,1.3697841726618705,952.0,106,303.0,209.0,77.0
E01002297,Havering 004D,675.0,0.9392592592592592,634.0,227,295.0,120.0,33.0
E01002298,Havering 007D,644.0,1.2779503105590062,823.0,97,317.0,184.0,46.0
E01002299,Havering 002E,659.0,1.2716236722306524,838.0,126,297.0,167.0,69.0
E01002300,Havering 007E,845.0,1.1798816568047337,997.0,167,425.0,187.0,66.0
E01002301,Havering 003A,624.0,1.4679487179487178,916.0,77,265.0,195.0,87.0
E01002302,Havering 005A,628.0,1.3980891719745223,878.0,95,261.0,199.0,73.0
E01002303,Havering 003B,813.0,1.1094710947109472,902.0,214,360.0,175.0,64.0
E01002304,Havering 003C,529.0,1.5879017013232515,840.0,69,185.0,170.0,105.0
E01002305,Havering 005B,615.0,1.4439024390243902,888.0,83,257.0,194.0,81.0
E01002306,Havering 003D,662.0,1.0317220543806647,683.0,199,281.0,144.0,38.0
E01002307,Havering 003E,662.0,1.4169184290030212,938.0,108,260.0,204.0,90.0
E01002308,Havering 005C,669.0,1.2630792227204783,845.0,135,281.0,195.0,58.0
E01002309,Havering 006A,653.0,1.1776416539050536,769.0,161,274.0,159.0,59.0
E01002310,Havering 006B,728.0,0.9423076923076923,686.0,252,307.0,128.0,41.0
E01002311,Havering 006C,677.0,1.174298375184638,795.0,158,296.0,170.0,53.0
E01002312,Havering 001C,702.0,1.1652421652421652,818.0,170,297.0,184.0,51.0
E01002313,Havering 001D,852.0,1.1654929577464788,993.0,188,396.0,207.0,61.0
E01002314,Havering 004E,648.0,1.0524691358024691,682.0,191,284.0,121.0,52.0
E01002315,Havering 006D,640.0,1.140625,730.0,156,291.0,140.0,53.0
E01002316,Havering 004F,815.0,0.7865030674846626,641.0,320,371.0,102.0,22.0
E01002317,Havering 014C,555.0,1.6252252252252253,902.0,61,199.0,182.0,113.0
E01002318,Havering 014D,624.0,1.4038461538461537,876.0,72,298.0,184.0,70.0
E01002319,Havering 016A,732.0,1.1065573770491803,810.0,196,327.0,144.0,65.0
E01002320,Havering 021A,539.0,1.5120593692022264,815.0,40,247.0,188.0,64.0
E01002321,Havering 021B,702.0,1.4045584045584045,986.0,116,282.0,208.0,96.0
E01002322,Havering 021C,731.0,1.4227086183310533,1040.0,97,316.0,230.0,88.0
E01002323,Havering 021D,627.0,1.3620414673046253,854.0,103,264.0,190.0,70.0
E01002324,Havering 021E,654.0,1.191131498470948,779.0,150,293.0,147.0,64.0
E01002325,Havering 011C,832.0,1.0600961538461537,882.0,244,355.0,172.0,61.0
E01002326,Havering 005D,644.0,1.2158385093167703,783.0,144,277.0,163.0,60.0
E01002327,Havering 009A,603.0,1.3880597014925373,837.0,91,258.0,183.0,71.0
E01002328,Havering 009B,640.0,1.4234375,911.0,83,288.0,184.0,85.0
E01002329,Havering 011D,649.0,1.308166409861325,849.0,116,279.0,192.0,62.0
E01002330,Havering 011E,703.0,1.2034139402560455,846.0,150,315.0,183.0,55.0
E01002331,Havering 005E,609.0,1.4088669950738917,858.0,82,277.0,169.0,81.0
E01002332,Havering 009C,690.0,1.2956521739130435,894.0,121,307.0,199.0,63.0
E01002333,Havering 008A,517.0,1.5183752417794971,785.0,67,203.0,159.0,88.0
E01002334,Havering 008B,663.0,1.5671191553544495,1039.0,65,257.0,241.0,100.0
E01002335,Havering 009D,573.0,1.24956369982548,716.0,120,244.0,155.0,54.0
E01002336,Havering 008C,617.0,1.4635332252836304,903.0,86,254.0,182.0,95.0
E01002337,Havering 012A,495.0,1.614141414141414,799.0,58,173.0,166.0,98.0
E01002338,Havering 009E,513.0,1.2651072124756335,649.0,89,244.0,135.0,45.0
E01002339,Havering 008D,599.0,1.5626043405676127,936.0,56,244.0,205.0,94.0
E01002340,Havering 009F,509.0,1.3654223968565815,695.0,73,234.0,145.0,57.0
E01002341,Havering 008E,546.0,1.5421245421245422,842.0,65,199.0,203.0,79.0
E01002342,Havering 030A,614.0,1.1254071661237786,691.0,164,268.0,123.0,59.0
E01002343,Havering 029A,635.0,1.5606299212598425,991.0,77,249.0,185.0,124.0
E01002344,Havering 029B,741.0,1.3360323886639676,990.0,121,334.0,202.0,84.0
E01002345,Havering 030B,787.0,0.8462515883100381,666.0,280,377.0,101.0,29.0
E01002346,Havering 030C,551.0,1.1851179673321235,653.0,143,215.0,141.0,52.0
E01002347,Havering 030D,546.0,1.3736263736263736,750.0,89,223.0,175.0,59.0
E01002348,Havering 029C,646.0,1.4303405572755419,924.0,94,262.0,208.0,82.0
E01002349,Havering 029D,596.0,1.395973154362416,832.0,93,253.0,171.0,79.0
E01002350,Havering 016B,681.0,0.8325991189427313,567.0,265,290.0,101.0,25.0
E01002351,Havering 016C,695.0,1.1323741007194246,787.0,153,344.0,151.0,47.0
E01002352,Havering 016D,808.0,1.011138613861386,817.0,221,399.0,146.0,42.0
E01002353,Havering 013B,858.0,1.0326340326340326,886.0,292,318.0,176.0,72.0
E01002354,Havering 012B,566.0,1.2915194346289753,731.0,74,300.0,145.0,47.0
E01002355,Havering 014E,567.0,1.342151675485009,761.0,58,296.0,174.0,39.0
E01002356,Havering 013C,947.0,0.5997888067581837,568.0,493,359.0,76.0,19.0
E01002358,Havering 016E,873.0,0.8843069873997709,772.0,269,464.0,112.0,28.0
E01002359,Havering 020A,517.0,1.3056092843326885,675.0,102,214.0,142.0,59.0
E01002360,Havering 020B,729.0,0.9519890260631001,694.0,253,300.0,134.0,42.0
E01002361,Havering 020C,896.0,0.8861607142857143,794.0,307,415.0,143.0,31.0
E01002362,Havering 022D,626.0,1.2715654952076678,796.0,112,289.0,168.0,57.0
E01002363,Havering 020D,628.0,1.1687898089171975,734.0,159,267.0,139.0,63.0
E01002364,Havering 023C,538.0,1.2862453531598512,692.0,86,260.0,144.0,48.0
E01002365,Havering 023D,534.0,1.1217228464419475,599.0,130,244.0,125.0,35.0
E01002366,Havering 023E,564.0,1.299645390070922,733.0,107,238.0,162.0,57.0
E01002367,Havering 020E,703.0,1.3129445234708392,923.0,112,333.0,184.0,74.0
E01002368,Havering 028A,983.0,0.9664292980671414,950.0,310,444.0,181.0,48.0
E01002369,Havering 028B,741.0,1.2968960863697705,961.0,139,321.0,203.0,78.0
E01002370,Havering 028C,866.0,1.172055427251732,1015.0,200,386.0,211.0,69.0
E01002371,Havering 028D,655.0,1.3083969465648855,857.0,107,297.0,193.0,58.0
E01002372,Havering 027C,613.0,1.3393148450244698,821.0,89,295.0,161.0,68.0
E01002373,Havering 027D,626.0,1.3354632587859425,836.0,111,269.0,171.0,75.0
E01002374,Havering 027E,632.0,1.259493670886076,796.0,136,271.0,150.0,75.0
E01002375,Havering 028E,694.0,1.0979827089337175,762.0,186,307.0,148.0,53.0
E01002376,Havering 012C,527.0,1.5977229601518026,842.0,32,228.0,187.0,80.0
E01002377,Havering 010D,746.0,1.239946380697051,925.0,143,357.0,170.0,76.0
E01002378,Havering 010E,605.0,1.5173553719008264,918.0,50,270.0,207.0,78.0
E01002379,Havering 012D,667.0,1.1889055472263867,793.0,149,309.0,143.0,66.0
E01002380,Havering 012E,1069.0,0.9270346117867165,991.0,364,473.0,178.0,54.0
E01002381,Havering 012F,635.0,1.2929133858267716,821.0,114,292.0,158.0,71.0
E01002382,Havering 014F,752.0,1.1675531914893618,878.0,154,372.0,172.0,54.0
E01002383,Havering 010F,651.0,1.336405529953917,870.0,101,297.0,186.0,67.0
E01002384,Havering 019D,677.0,1.240768094534712,840.0,107,351.0,168.0,51.0
E01002385,Havering 024A,600.0,1.5933333333333333,956.0,56,239.0,198.0,107.0
E01002386,Havering 022E,915.0,1.0688524590163935,978.0,237,431.0,194.0,53.0
E01002387,Havering 024B,606.0,1.5016501650165017,910.0,61,266.0,193.0,86.0
E01002388,Havering 024C,596.0,1.5671140939597314,934.0,46,245.0,226.0,79.0
E01002389,Havering 024D,617.0,1.573743922204214,971.0,53,243.0,235.0,86.0
E01002390,Havering 024E,526.0,1.5570342205323193,819.0,32,237.0,189.0,68.0
E01002391,Havering 018E,626.0,1.5143769968051117,948.0,78,234.0,228.0,86.0
E01002392,Hillingdon 020A,611.0,1.0360065466448445,633.0,178,276.0,114.0,43.0
E01002393,Hillingdon 020B,720.0,1.1652777777777779,839.0,168,321.0,175.0,56.0
E01002394,Hillingdon 021A,517.0,1.3423597678916828,694.0,98,208.0,147.0,64.0
E01002395,Hillingdon 021B,435.0,1.3586206896551725,591.0,82,172.0,124.0,57.0
E01002396,Hillingdon 026A,576.0,1.1649305555555556,671.0,169,214.0,122.0,71.0
E01002397,Hillingdon 021C,576.0,1.0763888888888888,620.0,160,257.0,114.0,45.0
E01002398,Hillingdon 021D,508.0,1.4153543307086613,719.0,81,215.0,132.0,80.0
E01002399,Hillingdon 021E,493.0,1.3630831643002028,672.0,85,210.0,132.0,66.0
E01002400,Hillingdon 024A,636.0,1.3176100628930818,838.0,113,267.0,197.0,59.0
E01002401,Hillingdon 024B,760.0,1.0710526315789475,814.0,207,342.0,161.0,50.0
E01002402,Hillingdon 024C,512.0,1.259765625,645.0,107,219.0,132.0,54.0
E01002403,Hillingdon 024D,733.0,1.1759890859481583,862.0,168,328.0,177.0,60.0
E01002404,Hillingdon 024E,679.0,1.0456553755522828,710.0,198,300.0,133.0,48.0
E01002405,Hillingdon 027A,644.0,1.1630434782608696,749.0,174,256.0,149.0,65.0
E01002408,Hillingdon 019A,660.0,1.0242424242424242,676.0,197,290.0,133.0,40.0
E01002409,Hillingdon 019B,700.0,1.1585714285714286,811.0,160,321.0,167.0,52.0
E01002410,Hillingdon 017A,681.0,1.2951541850220265,882.0,139,276.0,192.0,74.0
E01002411,Hillingdon 022A,713.0,1.220196353436185,870.0,155,294.0,216.0,48.0
E01002412,Hillingdon 017B,794.0,1.256926952141058,998.0,165,340.0,209.0,80.0
E01002413,Hillingdon 022B,600.0,1.04,624.0,173,259.0,139.0,29.0
E01002414,Hillingdon 015A,531.0,1.0207156308851224,542.0,170,216.0,109.0,36.0
E01002415,Hillingdon 010A,641.0,1.357254290171607,870.0,82,319.0,169.0,71.0
E01002416,Hillingdon 008A,593.0,1.4856661045531196,881.0,67,243.0,211.0,72.0
E01002417,Hillingdon 008B,751.0,1.2023968042609854,903.0,131,391.0,175.0,54.0
E01002418,Hillingdon 006A,660.0,1.343939393939394,887.0,95,310.0,188.0,67.0
E01002419,Hillingdon 006B,644.0,1.279503105590062,824.0,118,284.0,186.0,56.0
E01002420,Hillingdon 008C,672.0,1.2038690476190477,809.0,104,364.0,167.0,37.0
E01002421,Hillingdon 008D,627.0,1.40829346092504,883.0,74,284.0,208.0,61.0
E01002422,Hillingdon 018A,495.0,1.4383838383838383,712.0,84,187.0,147.0,77.0
E01002423,Hillingdon 018B,604.0,1.4387417218543046,869.0,105,217.0,194.0,88.0
E01002424,Hillingdon 018C,532.0,1.4473684210526316,770.0,80,201.0,184.0,67.0
E01002425,Hillingdon 018D,601.0,1.1846921797004992,712.0,151,247.0,144.0,59.0
E01002426,Hillingdon 021F,653.0,1.0551301684532925,689.0,170,308.0,144.0,31.0
E01002427,Hillingdon 018E,517.0,1.3887814313346227,718.0,102,184.0,159.0,72.0
E01002428,Hillingdon 018F,512.0,1.55078125,794.0,73,189.0,145.0,105.0
E01002429,Hillingdon 019C,524.0,1.286259541984733,674.0,103,230.0,129.0,62.0
E01002430,Hillingdon 007A,526.0,1.720532319391635,905.0,42,159.0,229.0,96.0
E01002431,Hillingdon 006C,487.0,1.457905544147844,710.0,47,232.0,146.0,62.0
E01002432,Hillingdon 006D,634.0,1.1466876971608833,727.0,145,289.0,162.0,38.0
E01002433,Hillingdon 004A,1014.0,1.1785009861932938,1195.0,186,523.0,243.0,62.0
E01002434,Hillingdon 007B,492.0,1.636178861788618,805.0,39,192.0,170.0,91.0
E01002435,Hillingdon 007C,573.0,1.4956369982547992,857.0,53,248.0,207.0,65.0
E01002436,Hillingdon 004B,675.0,1.357037037037037,916.0,101,306.0,194.0,74.0
E01002437,Hillingdon 006E,590.0,1.4220338983050846,839.0,76,258.0,187.0,69.0
E01002438,Hillingdon 003A,562.0,1.6316725978647686,917.0,52,196.0,221.0,93.0
E01002439,Hillingdon 003B,622.0,1.2861736334405145,800.0,124,255.0,184.0,59.0
E01002440,Hillingdon 003C,633.0,1.3996840442338072,886.0,104,252.0,197.0,80.0
E01002441,Hillingdon 003D,708.0,1.3149717514124293,931.0,135,300.0,188.0,85.0
E01002442,Hillingdon 003E,653.0,1.4180704441041347,926.0,91,278.0,204.0,80.0
E01002443,Hillingdon 032A,685.0,1.0613138686131387,727.0,193,306.0,137.0,49.0
E01002444,Hillingdon 031A,665.0,1.1669172932330827,776.0,157,297.0,154.0,57.0
E01002445,Hillingdon 029A,627.0,0.9808612440191388,615.0,201,274.0,115.0,37.0
E01002446,Hillingdon 031B,630.0,1.3714285714285714,864.0,118,247.0,178.0,87.0
E01002447,Hillingdon 031C,717.0,1.0306834030683403,739.0,221,301.0,147.0,48.0
E01002448,Hillingdon 032B,761.0,0.9526938239159002,725.0,254,328.0,140.0,39.0
E01002449,Hillingdon 032C,736.0,0.84375,621.0,277,317.0,122.0,20.0
E01002450,Hillingdon 014A,494.0,1.55668016194332,769.0,46,200.0,175.0,73.0
E01002451,Hillingdon 014B,502.0,1.4760956175298805,741.0,54,226.0,151.0,71.0
E01002452,Hillingdon 014C,512.0,1.482421875,759.0,69,198.0,174.0,71.0
E01002453,Hillingdon 014D,621.0,1.355877616747182,842.0,90,283.0,185.0,63.0
E01002454,Hillingdon 014E,652.0,1.25920245398773,821.0,135,267.0,196.0,54.0
E01002455,Hillingdon 019D,697.0,1.1606886657101865,809.0,169,296.0,183.0,49.0
E01002456,Hillingdon 017C,636.0,1.2374213836477987,787.0,128,282.0,173.0,53.0
E01002457,Hillingdon 019E,526.0,1.2623574144486691,664.0,108,223.0,144.0,51.0
E01002458,Hillingdon 011A,532.0,1.6296992481203008,867.0,35,214.0,196.0,87.0
E01002459,Hillingdon 011B,631.0,1.5578446909667194,983.0,54,262.0,224.0,91.0
E01002460,Hillingdon 011C,616.0,1.2646103896103895,779.0,115,284.0,156.0,61.0
E01002461,Hillingdon 013A,527.0,1.7077798861480076,900.0,50,167.0,197.0,113.0
E01002462,Hillingdon 011D,524.0,1.6354961832061068,857.0,32,206.0,207.0,79.0
E01002463,Hillingdon 013B,522.0,1.6417624521072798,857.0,45,195.0,184.0,98.0
E01002464,Hillingdon 011E,622.0,1.4260450160771705,887.0,60,296.0,207.0,59.0
E01002465,Hillingdon 009A,641.0,1.1684867394695788,749.0,143,295.0,155.0,48.0
E01002466,Hillingdon 010B,631.0,1.375594294770206,868.0,61,329.0,184.0,57.0
E01002467,Hillingdon 009B,626.0,1.218849840255591,763.0,130,276.0,173.0,47.0
E01002468,Hillingdon 010C,636.0,1.3742138364779874,874.0,79,311.0,175.0,71.0
E01002469,Hillingdon 010D,644.0,1.3726708074534162,884.0,81,312.0,181.0,70.0
E01002470,Hillingdon 007D,714.0,1.0798319327731092,771.0,189,330.0,144.0,51.0
E01002471,Hillingdon 008E,632.0,1.3148734177215189,831.0,84,321.0,171.0,56.0
E01002472,Hillingdon 002A,801.0,0.9588014981273408,768.0,208,442.0,127.0,24.0
E01002473,Hillingdon 001A,683.0,1.5446559297218154,1055.0,109,209.0,249.0,116.0
E01002474,Hillingdon 002B,691.0,1.2257597684515196,847.0,136,315.0,188.0,52.0
E01002475,Hillingdon 001B,711.0,1.0984528832630098,781.0,161,356.0,157.0,37.0
E01002476,Hillingdon 001C,632.0,1.4493670886075949,916.0,70,288.0,194.0,80.0
E01002477,Hillingdon 001D,564.0,1.1666666666666667,658.0,116,274.0,138.0,36.0
E01002478,Hillingdon 002C,667.0,1.1349325337331335,757.0,121,367.0,147.0,32.0
E01002479,Hillingdon 004C,657.0,1.2968036529680365,852.0,120,295.0,169.0,73.0
E01002480,Hillingdon 004D,696.0,1.4439655172413792,1005.0,70,328.0,217.0,81.0
E01002481,Hillingdon 004E,652.0,1.1549079754601228,753.0,159,286.0,154.0,53.0
E01002482,Hillingdon 001E,622.0,1.5289389067524115,951.0,50,269.0,227.0,76.0
E01002483,Hillingdon 002D,726.0,1.1542699724517906,838.0,170,324.0,182.0,50.0
E01002484,Hillingdon 002E,580.0,1.1551724137931034,670.0,129,274.0,135.0,42.0
E01002485,Hillingdon 002F,836.0,1.0239234449760766,856.0,227,405.0,161.0,43.0
E01002486,Hillingdon 028A,689.0,1.2264150943396226,845.0,167,270.0,181.0,71.0
E01002487,Hillingdon 028B,626.0,1.1916932907348243,746.0,158,252.0,154.0,62.0
E01002488,Hillingdon 030B,525.0,1.3733333333333333,721.0,83,224.0,157.0,61.0
E01002489,Hillingdon 030C,554.0,1.2653429602888087,701.0,142,195.0,145.0,72.0
E01002490,Hillingdon 030D,678.0,1.2595870206489677,854.0,160,258.0,184.0,76.0
E01002491,Hillingdon 032D,525.0,1.1504761904761904,604.0,141,213.0,122.0,49.0
E01002492,Hillingdon 030E,499.0,1.4268537074148298,712.0,95,170.0,160.0,74.0
E01002493,Hillingdon 032E,611.0,1.0425531914893618,637.0,174,269.0,136.0,32.0
E01002494,Hillingdon 009C,637.0,1.3186813186813187,840.0,81,322.0,184.0,50.0
E01002495,Hillingdon 010E,700.0,1.2785714285714285,895.0,106,347.0,193.0,54.0
E01002496,Hillingdon 033A,775.0,1.1083870967741936,859.0,184,373.0,168.0,50.0
E01002497,Hillingdon 033B,991.0,1.043390514631685,1034.0,236,525.0,181.0,49.0
E01002498,Hillingdon 033C,525.0,1.3733333333333333,721.0,73,240.0,155.0,57.0
E01002499,Hillingdon 033D,678.0,1.224188790560472,830.0,119,345.0,157.0,57.0
E01002501,Hillingdon 026B,512.0,1.328125,680.0,113,195.0,127.0,77.0
E01002502,Hillingdon 026C,567.0,1.2328042328042328,699.0,163,177.0,159.0,68.0
E01002503,Hillingdon 027C,550.0,1.1163636363636364,614.0,169,198.0,133.0,50.0
E01002505,Hillingdon 026D,659.0,0.9408194233687405,620.0,217,302.0,102.0,38.0
E01002506,Hillingdon 027E,651.0,0.7188940092165899,468.0,322,220.0,79.0,30.0
E01002507,Hillingdon 027F,548.0,1.302919708029197,714.0,112,222.0,150.0,64.0
E01002508,Hillingdon 026E,706.0,0.9461756373937678,668.0,273,263.0,105.0,65.0
E01002509,Hillingdon 017D,508.0,1.6811023622047243,854.0,44,179.0,180.0,105.0
E01002511,Hillingdon 017E,642.0,1.1510903426791277,739.0,152,290.0,151.0,49.0
E01002512,Hillingdon 013C,768.0,1.4752604166666667,1133.0,107,307.0,236.0,118.0
E01002513,Hillingdon 013D,580.0,1.3758620689655172,798.0,114,211.0,178.0,77.0
E01002514,Hillingdon 015C,883.0,0.9026047565118913,797.0,295,413.0,141.0,34.0
E01002516,Hillingdon 013E,496.0,1.7137096774193548,850.0,39,168.0,185.0,104.0
E01002518,Hillingdon 022C,487.0,1.326488706365503,646.0,103,180.0,146.0,58.0
E01002519,Hillingdon 022D,957.0,0.9237199582027168,884.0,318,435.0,163.0,41.0
E01002520,Hillingdon 016B,784.0,0.9872448979591837,774.0,204,418.0,130.0,32.0
E01002521,Hillingdon 016C,1015.0,0.5399014778325123,548.0,579,339.0,82.0,15.0
E01002523,Hillingdon 016D,547.0,1.1352833638025595,621.0,127,259.0,121.0,40.0
E01002525,Hillingdon 029B,687.0,1.2925764192139737,888.0,110,330.0,183.0,64.0
E01002526,Hillingdon 028C,997.0,1.1344032096288867,1131.0,212,499.0,226.0,60.0
E01002527,Hillingdon 031D,628.0,1.1656050955414012,732.0,138,298.0,142.0,50.0
E01002528,Hillingdon 028D,580.0,1.3362068965517242,775.0,110,233.0,169.0,68.0
E01002529,Hillingdon 029C,907.0,0.9691289966923925,879.0,264,436.0,178.0,29.0
E01002530,Hillingdon 029D,618.0,1.0598705501618122,655.0,177,270.0,128.0,43.0
E01002531,Hillingdon 029E,651.0,1.241167434715822,808.0,149,273.0,152.0,77.0
E01002533,Hillingdon 005A,585.0,1.3504273504273505,790.0,84,269.0,175.0,57.0
E01002534,Hillingdon 005B,598.0,1.3277591973244147,794.0,113,240.0,181.0,64.0
E01002535,Hillingdon 007E,1000.0,0.99,990.0,289,486.0,171.0,54.0
E01002536,Hillingdon 009D,586.0,1.0972696245733788,643.0,110,328.0,129.0,19.0
E01002537,Hillingdon 009E,1036.0,1.1283783783783783,1169.0,217,522.0,244.0,53.0
E01002538,Hillingdon 005C,761.0,1.269382391590013,966.0,123,374.0,200.0,64.0
E01002539,Hillingdon 005D,695.0,1.3870503597122301,964.0,102,296.0,223.0,74.0
E01002540,Hillingdon 020C,644.0,1.0046583850931676,647.0,182,300.0,139.0,23.0
E01002541,Hillingdon 023A,802.0,1.2082294264339153,969.0,146,401.0,197.0,58.0
E01002542,Hillingdon 020D,702.0,0.9586894586894587,673.0,208,341.0,127.0,26.0
E01002543,Hillingdon 020E,641.0,1.1029641185647425,707.0,163,287.0,153.0,38.0
E01002544,Hillingdon 023B,557.0,1.4057450628366248,783.0,94,223.0,160.0,80.0
E01002545,Hillingdon 023C,493.0,1.079107505070994,532.0,132,230.0,91.0,40.0
E01002546,Hillingdon 023D,457.0,1.3719912472647702,627.0,76,186.0,144.0,51.0
E01002547,Hillingdon 023E,509.0,1.1414538310412574,581.0,134,214.0,116.0,45.0
E01002548,Hillingdon 025A,735.0,1.0693877551020408,786.0,226,302.0,137.0,70.0
E01002549,Hillingdon 025B,715.0,1.193006993006993,853.0,170,295.0,192.0,58.0
E01002550,Hillingdon 022E,795.0,0.9710691823899371,772.0,237,387.0,128.0,43.0
E01002551,Hillingdon 025C,685.0,1.3051094890510948,894.0,146,272.0,179.0,88.0
E01002552,Hillingdon 025D,568.0,1.3098591549295775,744.0,100,252.0,156.0,60.0
E01002553,Hillingdon 025E,626.0,1.1677316293929711,731.0,147,280.0,146.0,53.0
E01002555,Hounslow 022A,704.0,1.3409090909090908,944.0,121,310.0,185.0,88.0
E01002556,Hounslow 022B,662.0,1.1722054380664653,776.0,161,287.0,153.0,61.0
E01002557,Hounslow 023A,730.0,1.1945205479452055,872.0,153,343.0,173.0,61.0
E01002558,Hounslow 023B,821.0,1.0231425091352009,840.0,241,368.0,164.0,48.0
E01002559,Hounslow 023C,918.0,1.1154684095860568,1024.0,214,450.0,188.0,66.0
E01002560,Hounslow 023D,661.0,1.1331316187594553,749.0,177,274.0,155.0,55.0
E01002561,Hounslow 023E,597.0,0.8844221105527639,528.0,206,273.0,99.0,19.0
E01002562,Hounslow 030D,522.0,0.946360153256705,494.0,174,230.0,90.0,28.0
E01002563,Hounslow 006A,746.0,0.9973190348525469,744.0,206,371.0,134.0,35.0
E01002564,Hounslow 031E,723.0,0.8381742738589212,606.0,268,330.0,99.0,26.0
E01002565,Hounslow 006B,1057.0,0.7133396404919584,754.0,425,527.0,88.0,17.0
E01002567,Hounslow 006C,871.0,0.7577497129735936,660.0,341,413.0,104.0,13.0
E01002569,Hounslow 001A,963.0,0.726895119418484,700.0,366,502.0,87.0,8.0
E01002570,Hounslow 001B,667.0,0.679160419790105,453.0,304,285.0,66.0,12.0
E01002571,Hounslow 007A,590.0,1.0186440677966102,601.0,127,349.0,90.0,24.0
E01002572,Hounslow 007B,619.0,0.7399030694668821,458.0,265,262.0,80.0,12.0
E01002573,Hounslow 001C,639.0,0.892018779342723,570.0,206,315.0,99.0,19.0
E01002574,Hounslow 001D,684.0,0.814327485380117,557.0,231,365.0,72.0,16.0
E01002575,Hounslow 001E,664.0,0.8780120481927711,583.0,227,311.0,106.0,20.0
E01002576,Hounslow 008A,708.0,0.827683615819209,586.0,262,325.0,102.0,19.0
E01002577,Hounslow 007C,681.0,0.9441997063142438,643.0,214,322.0,114.0,31.0
E01002578,Hounslow 007D,586.0,1.0631399317406143,623.0,137,296.0,132.0,21.0
E01002579,Hounslow 008B,772.0,1.0829015544041452,836.0,179,391.0,161.0,41.0
E01002580,Hounslow 008C,679.0,0.6303387334315169,428.0,329,286.0,50.0,14.0
E01002581,Hounslow 008D,841.0,0.8263971462544589,695.0,290,429.0,100.0,22.0
E01002582,Hounslow 008E,694.0,0.968299711815562,672.0,171,400.0,97.0,26.0
E01002583,Hounslow 013A,535.0,1.1981308411214953,641.0,136,222.0,112.0,65.0
E01002584,Hounslow 013B,635.0,0.9968503937007874,633.0,220,242.0,128.0,45.0
E01002585,Hounslow 013C,521.0,1.1362763915547025,592.0,153,198.0,116.0,54.0
E01002586,Hounslow 013D,498.0,1.2610441767068272,628.0,134,159.0,146.0,59.0
E01002587,Hounslow 016A,740.0,0.9432432432432433,698.0,266,298.0,128.0,48.0
E01002588,Hounslow 016B,744.0,0.7782258064516129,579.0,305,320.0,98.0,21.0
E01002589,Hounslow 013E,814.0,0.9889434889434889,805.0,251,365.0,154.0,44.0
E01002590,Hounslow 022C,1000.0,0.883,883.0,380,409.0,159.0,52.0
E01002591,Hounslow 024A,612.0,1.3643790849673203,835.0,107,254.0,172.0,79.0
E01002592,Hounslow 022D,776.0,0.9819587628865979,762.0,257,319.0,157.0,43.0
E01002593,Hounslow 024B,698.0,1.0716332378223496,748.0,191,310.0,153.0,44.0
E01002594,Hounslow 024C,647.0,1.2890262751159196,834.0,133,262.0,184.0,68.0
E01002595,Hounslow 022E,714.0,1.0602240896358543,757.0,199,319.0,150.0,46.0
E01002596,Hounslow 027A,756.0,1.0224867724867726,773.0,192,390.0,139.0,35.0
E01002598,Hounslow 025B,657.0,1.1232876712328768,738.0,164,297.0,147.0,49.0
E01002599,Hounslow 025C,558.0,1.168458781362007,652.0,130,256.0,120.0,52.0
E01002600,Hounslow 025D,512.0,1.291015625,661.0,104,216.0,131.0,61.0
E01002601,Hounslow 027B,666.0,1.2507507507507507,833.0,132,291.0,187.0,56.0
E01002602,Hounslow 027C,549.0,1.530054644808743,840.0,54,219.0,207.0,69.0
E01002603,Hounslow 025E,648.0,1.1851851851851851,768.0,131,314.0,155.0,48.0
E01002604,Hounslow 026A,555.0,0.9837837837837838,546.0,195,212.0,110.0,38.0
E01002605,Hounslow 026B,831.0,1.0012033694344165,832.0,236,393.0,167.0,35.0
E01002606,Hounslow 026C,617.0,0.9043760129659644,558.0,225,259.0,100.0,33.0
E01002607,Hounslow 026D,781.0,1.1382842509603073,889.0,197,333.0,197.0,54.0
E01002608,Hounslow 028A,665.0,1.105263157894737,735.0,181,277.0,163.0,44.0
E01002609,Hounslow 028B,665.0,1.306766917293233,869.0,125,279.0,193.0,68.0
E01002610,Hounslow 028C,635.0,1.0771653543307087,684.0,184,265.0,139.0,47.0
E01002611,Hounslow 024D,674.0,1.2878338278931751,868.0,105,322.0,195.0,52.0
E01002612,Hounslow 024E,824.0,0.8616504854368932,710.0,328,329.0,120.0,47.0
E01002613,Hounslow 024F,631.0,1.2805071315372425,808.0,127,267.0,170.0,67.0
E01002614,Hounslow 027D,819.0,1.0525030525030525,862.0,207,405.0,164.0,43.0
E01002615,Hounslow 026E,634.0,0.8990536277602523,570.0,242,245.0,116.0,31.0
E01002616,Hounslow 027E,567.0,1.2857142857142858,729.0,111,240.0,159.0,57.0
E01002617,Hounslow 028D,640.0,1.415625,906.0,79,299.0,179.0,83.0
E01002618,Hounslow 011A,559.0,1.3935599284436493,779.0,103,214.0,161.0,81.0
E01002619,Hounslow 010A,634.0,1.227129337539432,778.0,178,215.0,160.0,81.0
E01002620,Hounslow 004A,898.0,0.9443207126948775,848.0,277,433.0,149.0,39.0
E01002621,Hounslow 011B,608.0,1.1710526315789473,712.0,174,226.0,138.0,70.0
E01002622,Hounslow 010B,573.0,1.1326352530541013,649.0,159,227.0,139.0,48.0
E01002623,Hounslow 011C,543.0,1.0773480662983426,585.0,163,222.0,111.0,47.0
E01002624,Hounslow 017A,516.0,0.9573643410852714,494.0,175,221.0,87.0,33.0
E01002625,Hounslow 004B,489.0,1.4703476482617588,719.0,75,192.0,139.0,83.0
E01002626,Hounslow 004C,485.0,1.4329896907216495,695.0,93,165.0,151.0,76.0
E01002627,Hounslow 004D,609.0,0.9770114942528736,595.0,181,293.0,103.0,32.0
E01002628,Hounslow 011D,653.0,1.2388973966309342,809.0,142,280.0,164.0,67.0
E01002629,Hounslow 011E,883.0,1.0192525481313703,900.0,279,376.0,160.0,68.0
E01002630,Hounslow 012A,679.0,0.8276877761413843,562.0,283,264.0,98.0,34.0
E01002631,Hounslow 004E,556.0,1.2931654676258992,719.0,105,240.0,154.0,57.0
E01002632,Hounslow 010C,624.0,1.2820512820512822,800.0,145,241.0,155.0,83.0
E01002633,Hounslow 005A,742.0,0.9433962264150944,700.0,261,307.0,129.0,45.0
E01002634,Hounslow 005B,541.0,0.9926062846580407,537.0,159,255.0,99.0,28.0
E01002635,Hounslow 010D,556.0,1.3669064748201438,760.0,114,216.0,134.0,92.0
E01002636,Hounslow 010E,617.0,1.2949756888168558,799.0,128,240.0,188.0,61.0
E01002637,Hounslow 005C,615.0,1.024390243902439,630.0,195,255.0,120.0,45.0
E01002638,Hounslow 005D,616.0,1.1737012987012987,723.0,152,262.0,145.0,57.0
E01002639,Hounslow 012B,549.0,1.0382513661202186,570.0,175,211.0,130.0,33.0
E01002640,Hounslow 012C,622.0,0.8810289389067524,548.0,244,253.0,80.0,45.0
E01002641,Hounslow 018A,983.0,0.6083418107833164,598.0,530,337.0,87.0,29.0
E01002643,Hounslow 015B,1046.0,0.7638623326959847,799.0,441,445.0,126.0,34.0
E01002645,Hounslow 015C,777.0,0.7065637065637066,549.0,350,322.0,88.0,17.0
E01002646,Hounslow 017B,749.0,0.8144192256341789,610.0,312,294.0,113.0,30.0
E01002647,Hounslow 021A,755.0,0.9973509933774835,753.0,216,359.0,146.0,34.0
E01002649,Hounslow 018D,731.0,0.7674418604651163,561.0,324,284.0,92.0,31.0
E01002650,Hounslow 021B,793.0,1.090794451450189,865.0,206,370.0,156.0,61.0
E01002651,Hounslow 021C,564.0,0.9840425531914894,555.0,199,214.0,112.0,39.0
E01002652,Hounslow 021D,565.0,1.238938053097345,700.0,144,214.0,135.0,72.0
E01002653,Hounslow 019A,600.0,1.3333333333333333,800.0,109,251.0,171.0,69.0
E01002654,Hounslow 019B,658.0,1.2340425531914894,812.0,135,296.0,165.0,62.0
E01002655,Hounslow 019C,627.0,1.200956937799043,753.0,143,264.0,171.0,49.0
E01002656,Hounslow 019D,523.0,1.2562141491395793,657.0,114,212.0,146.0,51.0
E01002657,Hounslow 018E,685.0,1.148905109489051,787.0,163,309.0,161.0,52.0
E01002658,Hounslow 015D,493.0,1.2292089249492901,606.0,82,257.0,113.0,41.0
E01002659,Hounslow 019E,513.0,1.1676413255360625,599.0,116,232.0,128.0,37.0
E01002660,Hounslow 016C,615.0,0.8878048780487805,546.0,248,226.0,103.0,38.0
E01002661,Hounslow 016D,616.0,1.0227272727272727,630.0,226,204.0,132.0,54.0
E01002662,Hounslow 017C,917.0,0.7306434023991276,670.0,454,306.0,107.0,50.0
E01002663,Hounslow 017D,687.0,0.8136826783114993,559.0,297,262.0,87.0,41.0
E01002665,Hounslow 016E,566.0,0.901060070671378,510.0,228,209.0,86.0,43.0
E01002666,Hounslow 021E,481.0,1.1912681912681913,573.0,114,211.0,106.0,50.0
E01002667,Hounslow 020A,914.0,0.8544857768052516,781.0,303,467.0,118.0,26.0
E01002668,Hounslow 014A,981.0,0.8430173292558614,827.0,310,529.0,128.0,14.0
E01002669,Hounslow 014B,708.0,0.963276836158192,682.0,209,347.0,121.0,31.0
E01002670,Hounslow 020B,724.0,1.0828729281767955,784.0,172,365.0,142.0,45.0
E01002671,Hounslow 020C,666.0,1.12012012012012,746.0,120,381.0,130.0,35.0
E01002672,Hounslow 020D,659.0,0.7435508345978755,490.0,272,303.0,65.0,19.0
E01002673,Hounslow 020E,585.0,0.694017094017094,406.0,264,248.0,61.0,12.0
E01002674,Hounslow 012D,749.0,1.0520694259012016,788.0,187,370.0,158.0,34.0
E01002675,Hounslow 009A,873.0,1.1901489117983963,1039.0,169,420.0,233.0,51.0
E01002676,Hounslow 012E,561.0,1.3707664884135473,769.0,104,222.0,158.0,77.0
E01002677,Hounslow 015E,840.0,0.8345238095238096,701.0,296,418.0,95.0,31.0
E01002678,Hounslow 009B,761.0,1.1603153745072274,883.0,196,321.0,170.0,74.0
E01002679,Hounslow 009C,623.0,1.1829855537720706,737.0,123,304.0,155.0,41.0
E01002680,Hounslow 009D,740.0,1.1310810810810812,837.0,165,360.0,168.0,47.0
E01002681,Hounslow 014C,873.0,0.9862542955326461,861.0,240,442.0,154.0,37.0
E01002682,Hounslow 014D,893.0,0.9081746920492721,811.0,266,471.0,128.0,28.0
E01002686,Hounslow 006E,669.0,0.9312406576980568,623.0,225,293.0,123.0,28.0
E01002687,Hounslow 029A,761.0,0.6846254927726675,521.0,340,335.0,72.0,14.0
E01002689,Hounslow 007E,754.0,0.6856763925729443,517.0,319,365.0,58.0,12.0
E01002690,Hounslow 007F,582.0,0.9347079037800687,544.0,200,246.0,110.0,26.0
E01002691,Hounslow 029B,584.0,0.8561643835616438,500.0,207,273.0,85.0,19.0
E01002692,Hounslow 029C,1011.0,0.552917903066271,559.0,530,407.0,70.0,4.0
E01002693,Hounslow 029D,887.0,0.6110484780157835,542.0,470,312.0,85.0,20.0
E01002694,Islington 019A,666.0,0.34984984984984985,233.0,459,184.0,20.0,3.0
E01002695,Islington 021A,744.0,0.260752688172043,194.0,573,150.0,19.0,2.0
E01002696,Islington 020A,860.0,0.36627906976744184,315.0,574,259.0,25.0,2.0
E01002697,Islington 019B,827.0,0.2998790810157195,248.0,604,200.0,21.0,2.0
E01002698,Islington 017A,1037.0,0.4185149469623915,434.0,677,292.0,62.0,6.0
E01002699,Islington 017B,741.0,0.4885290148448043,362.0,423,278.0,36.0,4.0
E01002700,Islington 017C,610.0,0.6491803278688525,396.0,280,270.0,54.0,6.0
E01002701,Islington 023A,678.0,0.24926253687315633,169.0,526,135.0,17.0,0.0
E01002702,Islington 023B,1116.0,0.2482078853046595,277.0,870,222.0,17.0,7.0
E01002703,Islington 023C,1126.0,0.2602131438721137,293.0,859,242.0,24.0,1.0
E01002704,Islington 023D,1121.0,0.21944692239072258,246.0,899,200.0,20.0,2.0
E01002706,Islington 023E,913.0,0.276013143483023,252.0,688,199.0,25.0,1.0
E01002707,Islington 022B,890.0,0.24719101123595505,220.0,709,149.0,25.0,7.0
E01002708,Islington 015A,1001.0,0.3276723276723277,328.0,714,250.0,33.0,4.0
E01002709,Islington 019C,701.0,0.3609129814550642,253.0,488,176.0,34.0,3.0
E01002710,Islington 019D,642.0,0.40186915887850466,258.0,412,203.0,26.0,1.0
E01002711,Islington 021B,962.0,0.2713097713097713,261.0,732,203.0,23.0,4.0
E01002712,Islington 015B,612.0,0.3366013071895425,206.0,422,176.0,12.0,2.0
E01002713,Islington 015C,1051.0,0.33491912464319695,352.0,742,274.0,27.0,8.0
E01002714,Islington 017D,719.0,0.4617524339360223,332.0,438,237.0,37.0,7.0
E01002715,Islington 019E,685.0,0.3284671532846715,225.0,487,175.0,19.0,4.0
E01002716,Islington 014A,1033.0,0.32236205227492737,333.0,738,259.0,34.0,2.0
E01002717,Islington 016A,535.0,0.5570093457943925,298.0,297,187.0,42.0,9.0
E01002718,Islington 014B,750.0,0.4706666666666667,353.0,461,234.0,46.0,9.0
E01002719,Islington 016B,690.0,0.5376811594202898,371.0,387,247.0,44.0,12.0
E01002720,Islington 016C,933.0,0.3408360128617363,318.0,651,247.0,34.0,1.0
E01002721,Islington 014C,800.0,0.385,308.0,524,248.0,24.0,4.0
E01002722,Islington 018A,698.0,0.30515759312320917,213.0,507,171.0,18.0,2.0
E01002723,Islington 022C,735.0,0.3034013605442177,223.0,538,175.0,18.0,4.0
E01002724,Islington 022D,963.0,0.2824506749740395,272.0,721,215.0,24.0,3.0
E01002725,Islington 022E,562.0,0.302491103202847,170.0,414,128.0,18.0,2.0
E01002726,Islington 022F,786.0,0.3282442748091603,258.0,562,194.0,26.0,4.0
E01002727,Islington 021C,802.0,0.327930174563591,263.0,561,223.0,14.0,4.0
E01002728,Islington 021D,438.0,0.2899543378995434,127.0,325,102.0,8.0,3.0
E01002729,Islington 021E,661.0,0.4205748865355522,278.0,426,201.0,25.0,9.0
E01002730,Islington 007A,794.0,0.345088161209068,274.0,566,187.0,36.0,5.0
E01002732,Islington 005A,816.0,0.36764705882352944,300.0,565,211.0,31.0,9.0
E01002733,Islington 007C,606.0,0.44884488448844884,272.0,349,245.0,9.0,3.0
E01002734,Islington 005B,936.0,0.28739316239316237,269.0,699,213.0,16.0,8.0
E01002735,Islington 003A,1132.0,0.37985865724381623,430.0,804,258.0,38.0,32.0
E01002736,Islington 005C,576.0,0.3958333333333333,228.0,382,163.0,28.0,3.0
E01002737,Islington 005D,758.0,0.37730870712401055,286.0,500,233.0,22.0,3.0
E01002738,Islington 009A,846.0,0.4858156028368794,411.0,510,272.0,53.0,11.0
E01002739,Islington 013A,816.0,0.4950980392156863,404.0,459,315.0,37.0,5.0
E01002740,Islington 013B,980.0,0.4663265306122449,457.0,569,371.0,34.0,6.0
E01002741,Islington 009B,635.0,0.4330708661417323,275.0,403,196.0,29.0,7.0
E01002742,Islington 006A,714.0,0.6442577030812325,460.0,363,281.0,31.0,39.0
E01002743,Islington 009C,628.0,0.5047770700636943,317.0,361,224.0,36.0,7.0
E01002744,Islington 009D,674.0,0.45548961424332346,307.0,418,213.0,35.0,8.0
E01002745,Islington 013C,681.0,0.47723935389133626,325.0,400,241.0,36.0,4.0
E01002747,Islington 006B,647.0,0.5054095826893354,327.0,361,248.0,35.0,3.0
E01002748,Islington 006C,692.0,0.40173410404624277,278.0,443,223.0,23.0,3.0
E01002749,Islington 006D,606.0,0.44884488448844884,272.0,363,216.0,25.0,2.0
E01002751,Islington 005E,873.0,0.30698739977090495,268.0,626,228.0,17.0,2.0
E01002752,Islington 009E,703.0,0.4480796586059744,315.0,423,246.0,33.0,1.0
E01002753,Islington 002A,627.0,0.41148325358851673,258.0,402,196.0,25.0,4.0
E01002754,Islington 002B,631.0,0.6481774960380349,409.0,305,255.0,59.0,12.0
E01002755,Islington 001A,610.0,0.4426229508196721,270.0,378,197.0,32.0,3.0
E01002756,Islington 001B,585.0,0.558974358974359,327.0,307,232.0,43.0,3.0
E01002757,Islington 002C,598.0,0.6086956521739131,364.0,297,247.0,45.0,9.0
E01002758,Islington 001C,756.0,0.35714285714285715,270.0,525,195.0,33.0,3.0
E01002759,Islington 002D,615.0,0.6032520325203252,371.0,289,285.0,37.0,4.0
E01002760,Islington 002E,689.0,0.43541364296081275,300.0,430,221.0,35.0,3.0
E01002762,Islington 011C,859.0,0.409778812572759,352.0,563,245.0,46.0,5.0
E01002763,Islington 007D,572.0,0.3146853146853147,180.0,411,146.0,11.0,4.0
E01002764,Islington 010A,796.0,0.38944723618090454,310.0,526,233.0,34.0,3.0
E01002765,Islington 015D,1072.0,0.3423507462686567,367.0,752,278.0,37.0,5.0
E01002766,Islington 015E,934.0,0.38436830835117775,359.0,634,249.0,43.0,8.0
E01002767,Islington 011D,943.0,0.3372216330858961,318.0,664,244.0,31.0,4.0
E01002768,Islington 004A,848.0,0.36674528301886794,311.0,574,238.0,35.0,1.0
E01002769,Islington 008A,706.0,0.6317280453257791,446.0,332,309.0,58.0,7.0
E01002770,Islington 004B,908.0,0.3524229074889868,320.0,639,225.0,37.0,7.0
E01002771,Islington 004C,669.0,0.4125560538116592,276.0,430,206.0,29.0,4.0
E01002772,Islington 002F,873.0,0.3150057273768614,275.0,630,217.0,20.0,6.0
E01002773,Islington 004D,686.0,0.3425655976676385,235.0,470,200.0,13.0,3.0
E01002774,Islington 004E,1026.0,0.38791423001949316,398.0,684,294.0,40.0,8.0
E01002775,Islington 014D,661.0,0.340393343419062,225.0,457,186.0,15.0,3.0
E01002776,Islington 014E,889.0,0.34870641169853767,310.0,612,249.0,23.0,5.0
E01002777,Islington 012A,764.0,0.41361256544502617,316.0,489,240.0,29.0,6.0
E01002778,Islington 012B,755.0,0.3456953642384106,261.0,512,226.0,16.0,1.0
E01002779,Islington 012C,776.0,0.41494845360824745,322.0,502,235.0,30.0,9.0
E01002780,Islington 014F,764.0,0.3599476439790576,275.0,524,212.0,21.0,7.0
E01002781,Islington 012D,643.0,0.36858475894245724,237.0,443,168.0,27.0,5.0
E01002782,Islington 012E,558.0,0.42473118279569894,237.0,354,173.0,29.0,2.0
E01002783,Islington 010B,797.0,0.328732747804266,262.0,574,190.0,27.0,6.0
E01002784,Islington 010C,751.0,0.4021304926764314,302.0,487,228.0,34.0,2.0
E01002785,Islington 008B,781.0,0.5403329065300896,422.0,416,318.0,37.0,10.0
E01002786,Islington 010D,886.0,0.35553047404063204,315.0,611,242.0,26.0,7.0
E01002787,Islington 010E,625.0,0.3728,233.0,424,174.0,22.0,5.0
E01002788,Islington 008C,888.0,0.44481981981981983,395.0,542,303.0,37.0,6.0
E01002789,Islington 008D,780.0,0.6256410256410256,488.0,377,330.0,61.0,12.0
E01002790,Islington 016D,694.0,0.39913544668587897,277.0,461,196.0,30.0,7.0
E01002791,Islington 016E,851.0,0.39482961222091656,336.0,567,242.0,32.0,10.0
E01002792,Islington 017E,884.0,0.3925339366515837,347.0,582,262.0,35.0,5.0
E01002793,Islington 016F,900.0,0.29444444444444445,265.0,659,221.0,16.0,4.0
E01002794,Islington 020B,1016.0,0.33366141732283466,339.0,718,263.0,29.0,6.0
E01002795,Islington 013D,854.0,0.38524590163934425,329.0,574,239.0,33.0,8.0
E01002796,Islington 013E,503.0,0.44930417495029823,226.0,315,156.0,26.0,6.0
E01002797,Islington 018B,874.0,0.2906178489702517,254.0,640,216.0,16.0,2.0
E01002798,Islington 018C,898.0,0.522271714922049,469.0,489,355.0,48.0,6.0
E01002799,Islington 018D,858.0,0.3298368298368298,283.0,615,207.0,32.0,4.0
E01002800,Islington 018E,795.0,0.30440251572327043,242.0,585,182.0,24.0,4.0
E01002801,Islington 020C,758.0,0.3997361477572559,303.0,490,237.0,27.0,4.0
E01002802,Islington 020D,824.0,0.42597087378640774,351.0,528,247.0,43.0,6.0
E01002804,Islington 001D,709.0,0.383638928067701,272.0,467,213.0,28.0,1.0
E01002805,Islington 003B,720.0,0.3402777777777778,245.0,496,203.0,21.0,0.0
E01002806,Islington 003C,701.0,0.5449358059914408,382.0,371,283.0,42.0,5.0
E01002807,Islington 001E,805.0,0.34285714285714286,276.0,569,201.0,30.0,5.0
E01002808,Islington 003D,865.0,0.4346820809248555,376.0,535,291.0,32.0,7.0
E01002809,Islington 003E,737.0,0.4355495251017639,321.0,459,243.0,27.0,8.0
E01002810,Islington 003F,795.0,0.3320754716981132,264.0,552,223.0,19.0,1.0
E01002811,Islington 001F,733.0,0.4488403819918145,329.0,453,236.0,39.0,5.0
E01002812,Kensington and Chelsea 013A,734.0,0.45776566757493187,336.0,444,252.0,30.0,8.0
E01002813,Kensington and Chelsea 011A,682.0,0.7419354838709677,506.0,310,255.0,100.0,17.0
E01002814,Kensington and Chelsea 015A,1021.0,0.49951028403525954,510.0,602,340.0,67.0,12.0
E01002815,Kensington and Chelsea 011B,631.0,0.375594294770206,237.0,422,183.0,24.0,2.0
E01002816,Kensington and Chelsea 011C,545.0,0.45137614678899085,246.0,343,165.0,30.0,7.0
E01002817,Kensington and Chelsea 011D,607.0,0.729818780889621,443.0,280,233.0,72.0,22.0
E01002818,Kensington and Chelsea 012A,720.0,0.4444444444444444,320.0,468,195.0,46.0,11.0
E01002819,Kensington and Chelsea 012B,571.0,0.5709281961471103,326.0,321,187.0,50.0,13.0
E01002821,Kensington and Chelsea 014A,537.0,0.6163873370577281,331.0,296,167.0,58.0,16.0
E01002823,Kensington and Chelsea 014B,606.0,0.5033003300330033,305.0,359,201.0,34.0,12.0
E01002824,Kensington and Chelsea 008A,551.0,0.6696914700544465,369.0,269,204.0,69.0,9.0
E01002825,Kensington and Chelsea 008B,728.0,0.7431318681318682,541.0,332,270.0,107.0,19.0
E01002826,Kensington and Chelsea 008C,635.0,0.4881889763779528,310.0,388,197.0,37.0,13.0
E01002827,Kensington and Chelsea 008D,795.0,0.6364779874213836,506.0,413,283.0,74.0,25.0
E01002828,Kensington and Chelsea 008E,628.0,0.5732484076433121,360.0,345,217.0,55.0,11.0
E01002829,Kensington and Chelsea 004A,722.0,0.42105263157894735,304.0,470,206.0,40.0,6.0
E01002830,Kensington and Chelsea 004B,824.0,0.37014563106796117,305.0,551,242.0,30.0,1.0
E01002831,Kensington and Chelsea 004C,889.0,0.37907761529808776,337.0,605,237.0,41.0,6.0
E01002832,Kensington and Chelsea 004D,786.0,0.4020356234096692,316.0,504,251.0,28.0,3.0
E01002833,Kensington and Chelsea 007A,651.0,0.4254992319508449,277.0,413,202.0,33.0,3.0
E01002834,Kensington and Chelsea 013B,612.0,0.44607843137254904,273.0,383,192.0,30.0,7.0
E01002835,Kensington and Chelsea 016C,646.0,0.47987616099071206,310.0,397,195.0,47.0,7.0
E01002836,Kensington and Chelsea 016D,708.0,0.4152542372881356,294.0,460,207.0,36.0,5.0
E01002837,Kensington and Chelsea 016E,493.0,0.6328600405679513,312.0,249,187.0,46.0,11.0
E01002839,Kensington and Chelsea 013C,855.0,0.29473684210526313,252.0,630,198.0,27.0,0.0
E01002840,Kensington and Chelsea 021A,538.0,0.3996282527881041,215.0,347,170.0,18.0,3.0
E01002841,Kensington and Chelsea 021B,609.0,0.5615763546798029,342.0,328,226.0,49.0,6.0
E01002842,Kensington and Chelsea 021C,403.0,0.3598014888337469,145.0,279,106.0,15.0,3.0
E01002843,Kensington and Chelsea 021D,631.0,0.393026941362916,248.0,415,189.0,22.0,5.0
E01002844,Kensington and Chelsea 019A,611.0,0.618657937806874,378.0,313,229.0,58.0,11.0
E01002845,Kensington and Chelsea 019B,614.0,0.4592833876221498,282.0,379,193.0,37.0,5.0
E01002846,Kensington and Chelsea 017A,714.0,0.3025210084033613,216.0,538,139.0,34.0,3.0
E01002847,Kensington and Chelsea 015B,715.0,0.34965034965034963,250.0,499,185.0,28.0,3.0
E01002848,Kensington and Chelsea 015C,710.0,0.28450704225352114,202.0,526,171.0,8.0,5.0
E01002849,Kensington and Chelsea 017B,739.0,0.39377537212449254,291.0,476,238.0,22.0,3.0
E01002850,Kensington and Chelsea 013D,631.0,0.41996830427892234,265.0,424,161.0,34.0,12.0
E01002851,Kensington and Chelsea 015D,796.0,0.24623115577889448,196.0,618,162.0,14.0,2.0
E01002852,Kensington and Chelsea 001A,851.0,0.391304347826087,333.0,565,249.0,27.0,10.0
E01002853,Kensington and Chelsea 001B,589.0,0.4142614601018676,244.0,373,193.0,18.0,5.0
E01002854,Kensington and Chelsea 001C,459.0,0.39869281045751637,183.0,298,140.0,20.0,1.0
E01002855,Kensington and Chelsea 001D,724.0,0.38812154696132595,281.0,495,185.0,36.0,8.0
E01002856,Kensington and Chelsea 004E,771.0,0.33722438391699094,260.0,539,206.0,24.0,2.0
E01002857,Kensington and Chelsea 001E,555.0,0.3945945945945946,219.0,366,162.0,24.0,3.0
E01002858,Kensington and Chelsea 014C,638.0,0.3322884012539185,212.0,460,149.0,24.0,5.0
E01002859,Kensington and Chelsea 012C,664.0,0.5240963855421686,348.0,382,226.0,46.0,10.0
E01002860,Kensington and Chelsea 012D,573.0,0.7225130890052356,414.0,251,241.0,70.0,11.0
E01002861,Kensington and Chelsea 014D,552.0,0.605072463768116,334.0,298,193.0,42.0,19.0
E01002862,Kensington and Chelsea 014E,715.0,0.2853146853146853,204.0,540,150.0,21.0,4.0
E01002863,Kensington and Chelsea 012E,554.0,0.6534296028880866,362.0,287,193.0,53.0,21.0
E01002864,Kensington and Chelsea 009A,531.0,0.8851224105461394,470.0,184,246.0,79.0,22.0
E01002865,Kensington and Chelsea 011E,562.0,0.8096085409252669,455.0,238,220.0,77.0,27.0
E01002866,Kensington and Chelsea 009B,766.0,0.5221932114882507,400.0,463,233.0,43.0,27.0
E01002867,Kensington and Chelsea 009C,810.0,0.48148148148148145,390.0,479,281.0,41.0,9.0
E01002868,Kensington and Chelsea 009D,528.0,0.9772727272727273,516.0,160,245.0,98.0,25.0
E01002869,Kensington and Chelsea 009E,749.0,0.48598130841121495,364.0,444,252.0,47.0,6.0
E01002870,Kensington and Chelsea 005A,690.0,0.39565217391304347,273.0,449,213.0,24.0,4.0
E01002871,Kensington and Chelsea 007B,645.0,0.8914728682170543,575.0,252,248.0,108.0,37.0
E01002872,Kensington and Chelsea 005B,655.0,0.47938931297709925,314.0,399,206.0,42.0,8.0
E01002873,Kensington and Chelsea 007C,656.0,0.6158536585365854,404.0,339,244.0,59.0,14.0
E01002874,Kensington and Chelsea 007D,587.0,0.5366269165247018,315.0,339,190.0,49.0,9.0
E01002875,Kensington and Chelsea 007E,578.0,0.8096885813148789,468.0,255,206.0,89.0,28.0
E01002876,Kensington and Chelsea 003A,696.0,0.8103448275862069,564.0,258,328.0,94.0,16.0
E01002877,Kensington and Chelsea 003B,760.0,0.6302631578947369,479.0,409,265.0,44.0,42.0
E01002878,Kensington and Chelsea 003C,756.0,0.39814814814814814,301.0,494,228.0,29.0,5.0
E01002879,Kensington and Chelsea 005C,701.0,0.442225392296719,310.0,429,235.0,36.0,1.0
E01002880,Kensington and Chelsea 005D,454.0,0.42290748898678415,192.0,298,127.0,22.0,7.0
E01002881,Kensington and Chelsea 005E,510.0,0.5235294117647059,267.0,293,174.0,36.0,7.0
E01002882,Kensington and Chelsea 006A,560.0,0.5321428571428571,298.0,332,174.0,38.0,16.0
E01002883,Kensington and Chelsea 006B,649.0,0.6040061633281972,392.0,341,232.0,68.0,8.0
E01002884,Kensington and Chelsea 006C,594.0,0.3484848484848485,207.0,425,135.0,30.0,4.0
E01002885,Kensington and Chelsea 006D,803.0,0.29140722291407223,234.0,597,180.0,24.0,2.0
E01002886,Kensington and Chelsea 006E,665.0,0.6120300751879699,407.0,361,221.0,63.0,20.0
E01002887,Kensington and Chelsea 010A,551.0,0.4246823956442831,234.0,359,155.0,32.0,5.0
E01002888,Kensington and Chelsea 013E,826.0,0.38619854721549635,319.0,555,227.0,40.0,4.0
E01002889,Kensington and Chelsea 010B,566.0,0.6625441696113075,375.0,274,222.0,57.0,13.0
E01002890,Kensington and Chelsea 010C,565.0,0.8884955752212389,502.0,214,219.0,113.0,19.0
E01002891,Kensington and Chelsea 010D,560.0,0.6017857142857143,337.0,302,190.0,57.0,11.0
E01002892,Kensington and Chelsea 010E,641.0,0.48985959438377535,314.0,383,213.0,34.0,11.0
E01002893,Kensington and Chelsea 017C,904.0,0.35951327433628316,325.0,614,257.0,31.0,2.0
E01002894,Kensington and Chelsea 017D,653.0,0.38131699846860645,249.0,436,188.0,26.0,3.0
E01002896,Kensington and Chelsea 020C,755.0,0.623841059602649,471.0,387,281.0,71.0,16.0
E01002897,Kensington and Chelsea 020D,697.0,0.47919655667144906,334.0,404,258.0,29.0,6.0
E01002898,Kensington and Chelsea 017E,674.0,0.6632047477744807,447.0,313,287.0,62.0,12.0
E01002899,Kensington and Chelsea 018A,636.0,0.4779874213836478,304.0,395,189.0,41.0,11.0
E01002900,Kensington and Chelsea 018B,568.0,0.9630281690140845,547.0,201,210.0,134.0,23.0
E01002901,Kensington and Chelsea 018C,440.0,0.6386363636363637,281.0,221,164.0,48.0,7.0
E01002902,Kensington and Chelsea 018D,713.0,0.47124824684431976,336.0,427,243.0,36.0,7.0
E01002903,Kensington and Chelsea 018E,566.0,0.9611307420494699,544.0,180,255.0,104.0,27.0
E01002904,Kensington and Chelsea 002A,497.0,0.5472837022132797,272.0,270,186.0,37.0,4.0
E01002905,Kensington and Chelsea 002B,654.0,0.5275229357798165,345.0,384,202.0,61.0,7.0
E01002906,Kensington and Chelsea 002C,645.0,0.6403100775193798,413.0,317,255.0,61.0,12.0
E01002907,Kensington and Chelsea 002D,515.0,0.4796116504854369,247.0,315,163.0,27.0,10.0
E01002908,Kensington and Chelsea 003D,592.0,0.6672297297297297,395.0,275,248.0,60.0,9.0
E01002909,Kensington and Chelsea 003E,1021.0,0.49461312438785504,505.0,592,363.0,56.0,10.0
E01002910,Kensington and Chelsea 019C,632.0,0.6376582278481012,403.0,343,198.0,68.0,23.0
E01002911,Kensington and Chelsea 019D,595.0,0.8235294117647058,490.0,233,256.0,84.0,22.0
E01002912,Kensington and Chelsea 020E,684.0,0.49853801169590645,341.0,412,213.0,49.0,10.0
E01002913,Kensington and Chelsea 021E,815.0,0.6061349693251534,494.0,421,310.0,68.0,16.0
E01002914,Kensington and Chelsea 019E,574.0,0.6707317073170732,385.0,287,208.0,60.0,19.0
E01002915,Kingston upon Thames 014A,482.0,1.549792531120332,747.0,53,188.0,164.0,77.0
E01002916,Kingston upon Thames 014B,533.0,1.3808630393996248,736.0,77,232.0,168.0,56.0
E01002917,Kingston upon Thames 014C,494.0,1.54251012145749,762.0,45,206.0,173.0,70.0
E01002918,Kingston upon Thames 017A,609.0,1.3382594417077176,815.0,97,272.0,177.0,63.0
E01002919,Kingston upon Thames 017B,799.0,1.0112640801001251,808.0,234,377.0,133.0,55.0
E01002920,Kingston upon Thames 014D,587.0,1.3577512776831346,797.0,63,303.0,169.0,52.0
E01002921,Kingston upon Thames 011A,905.0,0.6386740331491713,578.0,423,398.0,72.0,12.0
E01002922,Kingston upon Thames 010A,715.0,1.123076923076923,803.0,163,351.0,151.0,50.0
E01002923,Kingston upon Thames 013A,858.0,0.6491841491841492,557.0,434,316.0,83.0,25.0
E01002924,Kingston upon Thames 014E,554.0,1.404332129963899,778.0,67,248.0,187.0,52.0
E01002925,Kingston upon Thames 013B,798.0,0.8458646616541353,675.0,264,417.0,93.0,24.0
E01002926,Kingston upon Thames 010B,599.0,1.2621035058430718,756.0,98,286.0,175.0,40.0
E01002927,Kingston upon Thames 008A,639.0,1.050078247261346,671.0,161,312.0,139.0,27.0
E01002928,Kingston upon Thames 008B,744.0,0.8911290322580645,663.0,250,352.0,115.0,27.0
E01002929,Kingston upon Thames 007A,670.0,1.144776119402985,767.0,135,343.0,152.0,40.0
E01002930,Kingston upon Thames 007B,797.0,0.835633626097867,666.0,276,393.0,111.0,17.0
E01002931,Kingston upon Thames 007C,722.0,1.0401662049861495,751.0,169,381.0,146.0,26.0
E01002932,Kingston upon Thames 006A,674.0,0.9198813056379822,620.0,223,314.0,105.0,32.0
E01002933,Kingston upon Thames 004A,808.0,0.8675742574257426,701.0,262,409.0,119.0,18.0
E01002934,Kingston upon Thames 004B,662.0,1.1782477341389728,780.0,93,383.0,161.0,25.0
E01002935,Kingston upon Thames 003A,811.0,0.812577065351418,659.0,298,386.0,108.0,19.0
E01002937,Kingston upon Thames 004D,666.0,0.987987987987988,658.0,144,406.0,96.0,20.0
E01002938,Kingston upon Thames 003B,784.0,1.0076530612244898,790.0,174,455.0,130.0,25.0
E01002939,Kingston upon Thames 018A,599.0,1.2838063439065108,769.0,102,282.0,158.0,57.0
E01002940,Kingston upon Thames 020A,612.0,1.2483660130718954,764.0,122,281.0,144.0,65.0
E01002941,Kingston upon Thames 018B,642.0,1.3006230529595015,835.0,126,269.0,175.0,72.0
E01002942,Kingston upon Thames 018C,526.0,1.3688212927756653,720.0,79,233.0,155.0,59.0
E01002943,Kingston upon Thames 020B,512.0,1.408203125,721.0,86,204.0,149.0,73.0
E01002944,Kingston upon Thames 019A,529.0,1.2665406427221173,670.0,88,257.0,139.0,45.0
E01002945,Kingston upon Thames 019B,640.0,1.29375,828.0,103,310.0,163.0,64.0
E01002946,Kingston upon Thames 019C,606.0,1.4273927392739274,865.0,74,257.0,217.0,58.0
E01002947,Kingston upon Thames 019D,615.0,1.4894308943089432,916.0,53,285.0,200.0,77.0
E01002948,Kingston upon Thames 020C,823.0,1.3961117861482382,1149.0,118,356.0,254.0,95.0
E01002949,Kingston upon Thames 020D,686.0,1.4198250728862973,974.0,83,306.0,223.0,74.0
E01002950,Kingston upon Thames 020E,712.0,1.1137640449438202,793.0,180,319.0,165.0,48.0
E01002951,Kingston upon Thames 003C,579.0,1.0569948186528497,612.0,109,344.0,110.0,16.0
E01002952,Kingston upon Thames 002A,471.0,1.713375796178344,807.0,30,169.0,178.0,94.0
E01002953,Kingston upon Thames 002B,438.0,1.5890410958904109,696.0,59,149.0,143.0,87.0
E01002954,Kingston upon Thames 003D,630.0,0.6507936507936508,410.0,298,267.0,52.0,13.0
E01002955,Kingston upon Thames 002C,531.0,1.2881355932203389,684.0,100,243.0,123.0,65.0
E01002956,Kingston upon Thames 002D,438.0,1.5022831050228311,658.0,47,190.0,135.0,66.0
E01002957,Kingston upon Thames 003E,575.0,0.8486956521739131,488.0,221,247.0,80.0,27.0
E01002958,Kingston upon Thames 008C,650.0,1.106153846153846,719.0,113,390.0,112.0,35.0
E01002959,Kingston upon Thames 002E,473.0,1.5961945031712474,755.0,25,198.0,193.0,57.0
E01002960,Kingston upon Thames 006B,581.0,1.1824440619621341,687.0,123,266.0,155.0,37.0
E01002961,Kingston upon Thames 008D,597.0,1.3986599664991626,835.0,73,274.0,189.0,61.0
E01002962,Kingston upon Thames 006C,529.0,1.2457466918714555,659.0,106,239.0,132.0,52.0
E01002963,Kingston upon Thames 007D,773.0,0.8124191461836999,628.0,275,384.0,98.0,16.0
E01002964,Kingston upon Thames 005A,1051.0,0.6051379638439581,636.0,515,443.0,86.0,7.0
E01002965,Kingston upon Thames 009A,1144.0,0.7482517482517482,856.0,462,532.0,126.0,24.0
E01002966,Kingston upon Thames 010C,780.0,0.9551282051282052,745.0,207,433.0,108.0,32.0
E01002967,Kingston upon Thames 009B,953.0,0.8037775445960126,766.0,323,517.0,90.0,23.0
E01002968,Kingston upon Thames 009C,1149.0,0.6727589208006962,773.0,528,490.0,110.0,21.0
E01002969,Kingston upon Thames 005B,658.0,0.662613981762918,436.0,335,227.0,79.0,17.0
E01002970,Kingston upon Thames 006D,644.0,0.9332298136645962,601.0,213,284.0,124.0,23.0
E01002971,Kingston upon Thames 005C,729.0,0.8847736625514403,645.0,204,419.0,92.0,14.0
E01002972,Kingston upon Thames 005D,889.0,0.6366704161979753,566.0,423,378.0,76.0,12.0
E01002973,Kingston upon Thames 006E,524.0,0.9980916030534351,523.0,144,258.0,101.0,21.0
E01002974,Kingston upon Thames 005E,716.0,0.8938547486033519,640.0,241,337.0,111.0,27.0
E01002975,Kingston upon Thames 012A,500.0,1.412,706.0,79,198.0,161.0,62.0
E01002976,Kingston upon Thames 015A,648.0,1.2762345679012346,827.0,98,331.0,161.0,58.0
E01002977,Kingston upon Thames 012B,648.0,1.126543209876543,730.0,151,311.0,139.0,47.0
E01002978,Kingston upon Thames 015B,722.0,1.3421052631578947,969.0,117,319.0,208.0,78.0
E01002979,Kingston upon Thames 015C,599.0,1.32220367278798,792.0,77,296.0,182.0,44.0
E01002980,Kingston upon Thames 012C,479.0,1.5156576200417538,726.0,39,220.0,154.0,66.0
E01002981,Kingston upon Thames 012D,523.0,1.537284894837476,804.0,60,197.0,191.0,75.0
E01002982,Kingston upon Thames 015D,517.0,1.3965183752417796,722.0,69,233.0,156.0,59.0
E01002983,Kingston upon Thames 015E,597.0,1.4958123953098827,893.0,55,263.0,207.0,72.0
E01002984,Kingston upon Thames 012E,586.0,1.0546075085324231,618.0,159,269.0,125.0,33.0
E01002985,Kingston upon Thames 007E,598.0,1.0418060200668897,623.0,148,297.0,133.0,20.0
E01002986,Kingston upon Thames 008E,477.0,1.3417190775681342,640.0,70,212.0,157.0,38.0
E01002987,Kingston upon Thames 011B,958.0,0.6367432150313153,610.0,441,432.0,77.0,8.0
E01002988,Kingston upon Thames 011C,631.0,0.8240887480190174,520.0,216,324.0,77.0,14.0
E01002989,Kingston upon Thames 011D,919.0,0.8487486398258978,780.0,286,508.0,103.0,22.0
E01002990,Kingston upon Thames 009D,888.0,0.7398648648648649,657.0,348,440.0,83.0,17.0
E01002991,Kingston upon Thames 009E,680.0,0.9588235294117647,652.0,186,356.0,118.0,20.0
E01002992,Kingston upon Thames 010D,488.0,0.9713114754098361,474.0,128,269.0,68.0,23.0
E01002993,Kingston upon Thames 013C,815.0,0.7141104294478527,582.0,313,429.0,66.0,7.0
E01002994,Kingston upon Thames 016A,596.0,1.2130872483221478,723.0,93,319.0,148.0,36.0
E01002995,Kingston upon Thames 013D,632.0,1.1629746835443038,735.0,120,335.0,131.0,46.0
E01002996,Kingston upon Thames 016B,592.0,1.152027027027027,682.0,116,306.0,134.0,36.0
E01002997,Kingston upon Thames 016C,605.0,1.1950413223140497,723.0,108,306.0,156.0,35.0
E01002998,Kingston upon Thames 016D,603.0,1.0116086235489221,610.0,150,320.0,109.0,24.0
E01002999,Kingston upon Thames 013E,767.0,0.6988265971316818,536.0,309,386.0,66.0,6.0
E01003000,Kingston upon Thames 017C,673.0,1.2734026745913818,857.0,107,325.0,191.0,50.0
E01003001,Kingston upon Thames 017D,636.0,1.3820754716981132,879.0,91,281.0,194.0,70.0
E01003002,Kingston upon Thames 016E,798.0,1.0087719298245614,805.0,202,421.0,141.0,34.0
E01003003,Kingston upon Thames 017E,657.0,1.0380517503805176,682.0,173,326.0,118.0,40.0
E01003004,Kingston upon Thames 018D,609.0,1.270935960591133,774.0,99,299.0,158.0,53.0
E01003005,Kingston upon Thames 018E,580.0,1.4586206896551723,846.0,67,250.0,193.0,70.0
E01003006,Kingston upon Thames 001A,595.0,1.122689075630252,668.0,113,317.0,144.0,21.0
E01003007,Kingston upon Thames 001B,558.0,1.2867383512544803,718.0,72,297.0,146.0,43.0
E01003008,Kingston upon Thames 001C,508.0,1.2322834645669292,626.0,66,286.0,128.0,28.0
E01003009,Kingston upon Thames 001D,776.0,1.1211340206185567,870.0,155,406.0,181.0,34.0
E01003010,Kingston upon Thames 001E,530.0,1.258490566037736,667.0,88,259.0,141.0,42.0
E01003011,Kingston upon Thames 004E,702.0,0.9715099715099715,682.0,166,407.0,112.0,17.0
E01003013,Lambeth 036A,720.0,0.25972222222222224,187.0,553,151.0,12.0,4.0
E01003014,Lambeth 036B,639.0,0.3286384976525822,210.0,455,161.0,20.0,3.0
E01003015,Lambeth 002A,802.0,0.3491271820448878,280.0,560,210.0,26.0,6.0
E01003016,Lambeth 036C,423.0,0.3829787234042553,162.0,281,124.0,16.0,2.0
E01003017,Lambeth 036D,767.0,0.3455019556714472,265.0,543,191.0,25.0,8.0
E01003018,Lambeth 020A,933.0,0.4190782422293676,391.0,592,294.0,44.0,3.0
E01003019,Lambeth 015A,885.0,0.5412429378531074,479.0,484,336.0,52.0,13.0
E01003020,Lambeth 016A,829.0,0.37997587454764775,315.0,548,251.0,26.0,4.0
E01003021,Lambeth 021A,635.0,0.5086614173228347,323.0,366,220.0,44.0,5.0
E01003022,Lambeth 021B,735.0,0.54421768707483,400.0,389,303.0,32.0,11.0
E01003023,Lambeth 021C,1104.0,0.42844202898550726,473.0,684,373.0,41.0,6.0
E01003024,Lambeth 021D,784.0,0.40561224489795916,318.0,495,263.0,23.0,3.0
E01003025,Lambeth 021E,848.0,0.5625,477.0,446,336.0,57.0,9.0
E01003026,Lambeth 019A,624.0,0.6330128205128205,395.0,304,257.0,51.0,12.0
E01003027,Lambeth 019B,519.0,0.9152215799614644,475.0,158,264.0,80.0,17.0
E01003028,Lambeth 019C,599.0,0.7362270450751253,441.0,252,262.0,76.0,9.0
E01003029,Lambeth 017A,894.0,0.470917225950783,421.0,547,286.0,48.0,13.0
E01003030,Lambeth 019D,746.0,0.5857908847184986,437.0,370,320.0,51.0,5.0
E01003031,Lambeth 023A,711.0,0.3980309423347398,283.0,456,229.0,24.0,2.0
E01003032,Lambeth 017B,815.0,0.4625766871165644,377.0,503,254.0,51.0,7.0
E01003033,Lambeth 019E,590.0,0.8305084745762712,490.0,225,265.0,75.0,25.0
E01003034,Lambeth 012A,695.0,0.5194244604316547,361.0,392,252.0,44.0,7.0
E01003035,Lambeth 012B,765.0,0.39215686274509803,300.0,508,223.0,25.0,9.0
E01003036,Lambeth 012C,756.0,0.5211640211640212,394.0,438,251.0,58.0,9.0
E01003037,Lambeth 013A,597.0,0.4053601340033501,242.0,385,182.0,30.0,0.0
E01003038,Lambeth 013B,771.0,0.6277561608300908,484.0,391,290.0,76.0,14.0
E01003039,Lambeth 013C,961.0,0.5535900104058272,532.0,542,331.0,63.0,25.0
E01003040,Lambeth 013D,593.0,0.5497470489038786,326.0,330,210.0,43.0,10.0
E01003041,Lambeth 017C,677.0,0.3205317577548006,217.0,481,175.0,21.0,0.0
E01003042,Lambeth 013E,505.0,0.38613861386138615,195.0,328,161.0,14.0,2.0
E01003043,Lambeth 018A,675.0,0.5466666666666666,369.0,360,268.0,40.0,7.0
E01003044,Lambeth 018B,686.0,0.38338192419825073,263.0,455,204.0,22.0,5.0
E01003045,Lambeth 011A,701.0,0.4950071326676177,347.0,421,225.0,43.0,12.0
E01003046,Lambeth 009A,744.0,0.3870967741935484,288.0,498,211.0,28.0,7.0
E01003047,Lambeth 011B,818.0,0.29706601466992666,243.0,608,179.0,29.0,2.0
E01003048,Lambeth 009B,738.0,0.4051490514905149,299.0,482,219.0,31.0,6.0
E01003049,Lambeth 011C,754.0,0.3925729442970822,296.0,499,219.0,31.0,5.0
E01003050,Lambeth 016B,755.0,0.3615894039735099,273.0,521,202.0,25.0,7.0
E01003051,Lambeth 018C,880.0,0.38522727272727275,339.0,614,205.0,49.0,12.0
E01003052,Lambeth 016C,786.0,0.4681933842239186,368.0,506,216.0,40.0,24.0
E01003053,Lambeth 015B,744.0,0.4838709677419355,360.0,439,254.0,47.0,4.0
E01003054,Lambeth 015C,1005.0,0.37711442786069654,379.0,680,277.0,42.0,6.0
E01003055,Lambeth 016D,829.0,0.3558504221954162,295.0,569,227.0,31.0,2.0
E01003056,Lambeth 015D,769.0,0.4213263979193758,324.0,487,243.0,36.0,3.0
E01003057,Lambeth 017D,721.0,0.43134535367545074,311.0,460,218.0,36.0,7.0
E01003058,Lambeth 015E,857.0,0.441073512252042,378.0,535,273.0,42.0,7.0
E01003059,Lambeth 011D,874.0,0.3695652173913043,323.0,601,227.0,42.0,4.0
E01003060,Lambeth 011E,688.0,0.3372093023255814,232.0,495,160.0,27.0,6.0
E01003061,Lambeth 011F,648.0,0.2716049382716049,176.0,493,138.0,13.0,4.0
E01003062,Lambeth 033A,862.0,0.5522041763341067,476.0,444,364.0,50.0,4.0
E01003063,Lambeth 033B,601.0,0.5274542429284526,317.0,338,217.0,38.0,8.0
E01003064,Lambeth 028A,624.0,0.7596153846153846,474.0,227,330.0,57.0,10.0
E01003065,Lambeth 031A,684.0,0.5818713450292398,398.0,355,271.0,47.0,11.0
E01003066,Lambeth 028B,807.0,0.6047087980173482,488.0,399,339.0,58.0,11.0
E01003067,Lambeth 033C,634.0,0.7255520504731862,460.0,263,295.0,63.0,13.0
E01003068,Lambeth 031B,644.0,0.6816770186335404,439.0,286,285.0,65.0,8.0
E01003069,Lambeth 033D,519.0,0.7976878612716763,414.0,191,256.0,58.0,14.0
E01003070,Lambeth 033E,661.0,0.5960665658093798,394.0,334,268.0,51.0,8.0
E01003071,Lambeth 018D,1001.0,0.5314685314685315,532.0,535,404.0,58.0,4.0
E01003072,Lambeth 014A,703.0,0.7297297297297297,513.0,303,310.0,67.0,23.0
E01003073,Lambeth 014B,661.0,0.5416036308623298,358.0,348,272.0,37.0,4.0
E01003074,Lambeth 018E,1093.0,0.46752058554437326,511.0,640,399.0,50.0,4.0
E01003075,Lambeth 009C,675.0,0.40444444444444444,273.0,433,214.0,25.0,3.0
E01003076,Lambeth 014C,963.0,0.4735202492211838,456.0,592,291.0,75.0,5.0
E01003077,Lambeth 014D,791.0,0.4310998735777497,341.0,506,235.0,44.0,6.0
E01003078,Lambeth 014E,620.0,0.7709677419354839,478.0,237,304.0,63.0,16.0
E01003079,Lambeth 027A,732.0,0.6065573770491803,444.0,369,292.0,61.0,10.0
E01003080,Lambeth 027B,674.0,0.7626112759643917,514.0,246,350.0,70.0,8.0
E01003081,Lambeth 028C,819.0,0.518925518925519,425.0,474,279.0,52.0,14.0
E01003082,Lambeth 031C,632.0,0.6170886075949367,390.0,321,241.0,61.0,9.0
E01003083,Lambeth 030A,575.0,0.8452173913043478,486.0,203,279.0,72.0,21.0
E01003084,Lambeth 030B,635.0,0.7118110236220473,452.0,266,299.0,57.0,13.0
E01003085,Lambeth 030C,692.0,0.8742774566473989,605.0,232,339.0,97.0,24.0
E01003086,Lambeth 031D,622.0,0.7186495176848875,447.0,278,259.0,67.0,18.0
E01003087,Lambeth 031E,602.0,0.5498338870431894,331.0,324,232.0,39.0,7.0
E01003088,Lambeth 010A,654.0,0.4327217125382263,283.0,414,207.0,23.0,10.0
E01003089,Lambeth 008A,739.0,0.401894451962111,297.0,482,220.0,34.0,3.0
E01003090,Lambeth 012D,1103.0,0.42883046237534,473.0,689,357.0,55.0,2.0
E01003091,Lambeth 008B,679.0,0.46097201767304863,313.0,414,221.0,40.0,4.0
E01003092,Lambeth 008C,950.0,0.39052631578947367,371.0,625,285.0,34.0,6.0
E01003093,Lambeth 010B,954.0,0.34276729559748426,327.0,671,244.0,34.0,5.0
E01003094,Lambeth 010C,655.0,0.42442748091603055,278.0,415,206.0,30.0,4.0
E01003095,Lambeth 012E,695.0,0.6,417.0,368,249.0,66.0,12.0
E01003096,Lambeth 010D,859.0,0.4179278230500582,359.0,563,241.0,47.0,8.0
E01003097,Lambeth 006A,687.0,0.3609898107714702,248.0,471,187.0,26.0,3.0
E01003098,Lambeth 005A,650.0,0.48,312.0,387,221.0,35.0,7.0
E01003099,Lambeth 005B,761.0,0.3679369250985545,280.0,513,220.0,24.0,4.0
E01003100,Lambeth 005C,891.0,0.31986531986531985,285.0,645,213.0,27.0,6.0
E01003101,Lambeth 003A,635.0,0.35748031496062993,227.0,427,189.0,19.0,0.0
E01003102,Lambeth 004A,784.0,0.34438775510204084,270.0,558,189.0,30.0,7.0
E01003104,Lambeth 004C,868.0,0.31105990783410137,270.0,631,211.0,19.0,7.0
E01003105,Lambeth 003B,748.0,0.3462566844919786,259.0,521,195.0,32.0,0.0
E01003106,Lambeth 003C,972.0,0.42592592592592593,414.0,618,304.0,40.0,10.0
E01003107,Lambeth 003D,883.0,0.42242355605889015,373.0,566,269.0,40.0,8.0
E01003108,Lambeth 002B,711.0,0.3136427566807314,223.0,518,168.0,20.0,5.0
E01003110,Lambeth 002C,924.0,0.4458874458874459,412.0,579,289.0,45.0,11.0
E01003111,Lambeth 002D,804.0,0.35199004975124376,283.0,560,209.0,31.0,4.0
E01003112,Lambeth 002E,813.0,0.36654366543665434,298.0,555,223.0,30.0,5.0
E01003113,Lambeth 032A,740.0,0.6459459459459459,478.0,359,293.0,79.0,9.0
E01003114,Lambeth 032B,1006.0,0.5984095427435387,602.0,492,435.0,70.0,9.0
E01003115,Lambeth 034A,668.0,0.592814371257485,396.0,350,257.0,44.0,17.0
E01003116,Lambeth 029A,635.0,1.0078740157480315,640.0,213,259.0,108.0,55.0
E01003117,Lambeth 029B,821.0,0.5456760048721072,448.0,453,301.0,54.0,13.0
E01003118,Lambeth 029C,702.0,0.7094017094017094,498.0,346,243.0,84.0,29.0
E01003119,Lambeth 032C,849.0,0.552414605418139,469.0,460,321.0,56.0,12.0
E01003120,Lambeth 032D,1111.0,0.36363636363636365,404.0,759,306.0,40.0,6.0
E01003121,Lambeth 006B,637.0,0.38461538461538464,245.0,429,174.0,31.0,3.0
E01003122,Lambeth 004D,895.0,0.3754189944134078,336.0,597,265.0,28.0,5.0
E01003123,Lambeth 006C,697.0,0.5179340028694405,361.0,394,251.0,46.0,6.0
E01003124,Lambeth 006D,608.0,0.3651315789473684,222.0,416,166.0,22.0,4.0
E01003125,Lambeth 006E,694.0,0.3645533141210375,253.0,487,167.0,34.0,6.0
E01003126,Lambeth 008D,714.0,0.3179271708683473,227.0,519,169.0,20.0,6.0
E01003127,Lambeth 010E,793.0,0.4817150063051702,382.0,459,290.0,40.0,4.0
E01003128,Lambeth 008E,713.0,0.35624123422159887,254.0,482,210.0,19.0,2.0
E01003129,Lambeth 004E,797.0,0.397741530740276,317.0,534,219.0,34.0,10.0
E01003130,Lambeth 026A,783.0,0.558109833971903,437.0,410,318.0,46.0,9.0
E01003131,Lambeth 026B,946.0,0.6152219873150105,582.0,479,370.0,79.0,18.0
E01003132,Lambeth 024A,538.0,0.5650557620817844,304.0,285,209.0,37.0,7.0
E01003133,Lambeth 027C,709.0,0.6502115655853314,461.0,364,257.0,60.0,28.0
E01003134,Lambeth 027D,621.0,0.748792270531401,465.0,259,274.0,73.0,15.0
E01003135,Lambeth 026C,756.0,0.5859788359788359,443.0,385,308.0,54.0,9.0
E01003136,Lambeth 022A,748.0,0.49866310160427807,373.0,443,249.0,44.0,12.0
E01003137,Lambeth 022B,754.0,0.40583554376657827,306.0,498,212.0,38.0,6.0
E01003138,Lambeth 026D,646.0,0.6563467492260062,424.0,285,306.0,47.0,8.0
E01003139,Lambeth 035A,538.0,0.8661710037174721,466.0,186,260.0,70.0,22.0
E01003140,Lambeth 035B,494.0,0.9554655870445344,472.0,153,236.0,79.0,26.0
E01003141,Lambeth 034B,740.0,0.6824324324324325,505.0,337,316.0,72.0,15.0
E01003142,Lambeth 035C,455.0,0.978021978021978,445.0,143,210.0,71.0,31.0
E01003143,Lambeth 035D,510.0,0.788235294117647,402.0,205,222.0,69.0,14.0
E01003144,Lambeth 034C,522.0,1.1206896551724137,585.0,125,247.0,112.0,38.0
E01003145,Lambeth 034D,748.0,0.5254010695187166,393.0,423,267.0,48.0,10.0
E01003146,Lambeth 035E,547.0,0.6946983546617916,380.0,251,228.0,52.0,16.0
E01003147,Lambeth 034E,799.0,0.6670838548185232,533.0,375,337.0,65.0,22.0
E01003148,Lambeth 032E,761.0,0.6780551905387647,516.0,337,342.0,72.0,10.0
E01003149,Lambeth 030D,695.0,0.8805755395683453,612.0,247,313.0,106.0,29.0
E01003150,Lambeth 032F,837.0,0.5340501792114696,447.0,476,295.0,46.0,20.0
E01003151,Lambeth 026E,814.0,0.4877149877149877,397.0,477,285.0,44.0,8.0
E01003152,Lambeth 027E,759.0,0.7549407114624506,573.0,309,351.0,75.0,24.0
E01003153,Lambeth 029D,1020.0,0.4235294117647059,432.0,644,328.0,40.0,8.0
E01003154,Lambeth 030E,822.0,0.6508515815085159,535.0,383,357.0,68.0,14.0
E01003155,Lambeth 029E,725.0,0.6868965517241379,498.0,328,312.0,69.0,16.0
E01003156,Lambeth 023B,660.0,0.6621212121212121,437.0,294,308.0,45.0,13.0
E01003157,Lambeth 023C,571.0,0.7548161120840631,431.0,205,309.0,49.0,8.0
E01003158,Lambeth 023D,725.0,0.6675862068965517,484.0,300,370.0,51.0,4.0
E01003159,Lambeth 022C,840.0,0.48095238095238096,404.0,503,281.0,45.0,11.0
E01003160,Lambeth 022D,642.0,0.4174454828660436,268.0,421,182.0,31.0,8.0
E01003161,Lambeth 023E,530.0,0.6679245283018868,354.0,225,265.0,31.0,9.0
E01003162,Lambeth 022E,744.0,0.43413978494623656,323.0,468,233.0,39.0,4.0
E01003163,Lambeth 023F,602.0,0.8488372093023255,511.0,214,290.0,73.0,25.0
E01003164,Lambeth 025A,1011.0,0.4826904055390702,488.0,601,342.0,58.0,10.0
E01003165,Lambeth 025B,703.0,0.7211948790896159,507.0,299,318.0,69.0,17.0
E01003166,Lambeth 028D,1115.0,0.557847533632287,622.0,625,381.0,86.0,23.0
E01003167,Lambeth 028E,681.0,0.9192364170337739,626.0,204,358.0,89.0,30.0
E01003168,Lambeth 025C,663.0,0.5927601809954751,393.0,332,275.0,50.0,6.0
E01003169,Lambeth 025D,1024.0,0.53515625,548.0,547,416.0,51.0,10.0
E01003170,Lambeth 025E,771.0,0.7756160830090791,598.0,274,406.0,81.0,10.0
E01003171,Lambeth 020B,783.0,0.4776500638569604,374.0,463,275.0,36.0,9.0
E01003172,Lambeth 024B,778.0,0.4717223650385604,367.0,469,255.0,50.0,4.0
E01003173,Lambeth 020C,669.0,0.585949177877429,392.0,340,279.0,37.0,13.0
E01003174,Lambeth 024C,827.0,0.47158403869407495,390.0,504,262.0,55.0,6.0
E01003175,Lambeth 024D,610.0,0.6229508196721312,380.0,302,249.0,46.0,13.0
E01003176,Lambeth 016E,766.0,0.35509138381201044,272.0,522,218.0,24.0,2.0
E01003177,Lambeth 020D,668.0,0.4311377245508982,288.0,421,210.0,33.0,4.0
E01003178,Lambeth 020E,653.0,0.557427258805513,364.0,345,261.0,38.0,9.0
E01003179,Lambeth 024E,637.0,0.45054945054945056,287.0,407,184.0,35.0,11.0
E01003180,Lambeth 005D,655.0,0.5053435114503817,331.0,370,244.0,36.0,5.0
E01003181,Lambeth 007A,699.0,0.3776824034334764,264.0,467,202.0,28.0,2.0
E01003182,Lambeth 009D,744.0,0.4905913978494624,365.0,446,245.0,39.0,14.0
E01003183,Lambeth 005E,679.0,0.48600883652430044,330.0,405,225.0,42.0,7.0
E01003184,Lambeth 007B,596.0,0.34060402684563756,203.0,407,175.0,14.0,0.0
E01003185,Lambeth 007C,796.0,0.3743718592964824,298.0,525,244.0,27.0,0.0
E01003186,Lambeth 007D,1191.0,0.4450041981528128,530.0,752,360.0,67.0,12.0
E01003187,Lambeth 007E,991.0,0.4520686175580222,448.0,606,331.0,45.0,9.0
E01003188,Lambeth 009E,551.0,0.49364791288566245,272.0,324,187.0,35.0,5.0
E01003189,Lewisham 034A,650.0,0.7461538461538462,485.0,292,256.0,77.0,25.0
E01003190,Lewisham 034B,948.0,0.640295358649789,607.0,439,420.0,80.0,9.0
E01003191,Lewisham 034C,704.0,0.7585227272727273,534.0,282,324.0,84.0,14.0
E01003192,Lewisham 034D,740.0,0.5824324324324325,431.0,395,274.0,56.0,15.0
E01003193,Lewisham 029A,683.0,0.8696925329428989,594.0,242,309.0,111.0,21.0
E01003194,Lewisham 029B,723.0,0.6998616874135546,506.0,329,308.0,60.0,26.0
E01003195,Lewisham 029C,621.0,0.9098228663446055,565.0,210,287.0,94.0,30.0
E01003196,Lewisham 029D,668.0,0.7589820359281437,507.0,302,252.0,87.0,27.0
E01003197,Lewisham 029E,650.0,0.7630769230769231,496.0,291,249.0,83.0,27.0
E01003198,Lewisham 009A,642.0,0.6386292834890965,410.0,292,296.0,48.0,6.0
E01003199,Lewisham 007A,902.0,0.6629711751662971,598.0,402,418.0,66.0,16.0
E01003200,Lewisham 009B,692.0,0.7225433526011561,500.0,297,309.0,67.0,19.0
E01003201,Lewisham 007B,689.0,0.6400580551523948,441.0,339,278.0,53.0,19.0
E01003202,Lewisham 009C,743.0,0.7833109017496636,582.0,268,383.0,77.0,15.0
E01003203,Lewisham 009D,961.0,0.41935483870967744,403.0,616,292.0,48.0,5.0
E01003204,Lewisham 007C,736.0,0.5883152173913043,433.0,383,291.0,44.0,18.0
E01003205,Lewisham 007D,578.0,0.4290657439446367,248.0,368,176.0,30.0,4.0
E01003206,Lewisham 007E,635.0,0.7559055118110236,480.0,272,266.0,77.0,20.0
E01003207,Lewisham 005A,998.0,0.36172344689378755,361.0,687,272.0,28.0,11.0
E01003209,Lewisham 005B,721.0,0.44382801664355065,320.0,450,225.0,43.0,3.0
E01003210,Lewisham 005C,806.0,0.4913151364764268,396.0,462,300.0,36.0,8.0
E01003211,Lewisham 008B,702.0,0.5512820512820513,387.0,365,294.0,36.0,7.0
E01003212,Lewisham 005D,829.0,0.617611580217129,512.0,397,366.0,52.0,14.0
E01003213,Lewisham 008C,793.0,0.6343001261034048,503.0,374,348.0,58.0,13.0
E01003214,Lewisham 008D,765.0,0.6013071895424836,460.0,381,320.0,52.0,12.0
E01003215,Lewisham 005E,640.0,0.403125,258.0,431,170.0,29.0,10.0
E01003216,Lewisham 025A,619.0,0.901453957996769,558.0,217,280.0,88.0,34.0
E01003217,Lewisham 022A,656.0,0.9222560975609756,605.0,196,342.0,91.0,27.0
E01003218,Lewisham 022B,546.0,1.0402930402930404,568.0,142,265.0,114.0,25.0
E01003219,Lewisham 025B,661.0,1.0181543116490166,673.0,172,331.0,132.0,26.0
E01003220,Lewisham 022C,599.0,0.7996661101836394,479.0,230,285.0,58.0,26.0
E01003221,Lewisham 025C,764.0,0.8141361256544503,622.0,316,310.0,102.0,36.0
E01003222,Lewisham 022D,618.0,0.9546925566343042,590.0,191,294.0,103.0,30.0
E01003223,Lewisham 025D,599.0,1.1535893155258765,691.0,148,269.0,124.0,58.0
E01003224,Lewisham 022E,637.0,0.8288854003139717,528.0,227,310.0,82.0,18.0
E01003225,Lewisham 015A,587.0,0.909710391822828,534.0,170,318.0,81.0,18.0
E01003226,Lewisham 019A,705.0,0.7148936170212766,504.0,281,354.0,60.0,10.0
E01003227,Lewisham 019B,658.0,0.8130699088145896,535.0,226,347.0,67.0,18.0
E01003228,Lewisham 019C,671.0,0.6736214605067065,452.0,279,338.0,48.0,6.0
E01003229,Lewisham 019D,778.0,0.5051413881748072,393.0,449,272.0,50.0,7.0
E01003230,Lewisham 019E,870.0,0.7034482758620689,612.0,382,389.0,74.0,25.0
E01003231,Lewisham 015B,651.0,0.5821812596006144,379.0,327,278.0,37.0,9.0
E01003232,Lewisham 015C,621.0,0.8904991948470209,553.0,169,366.0,71.0,15.0
E01003233,Lewisham 015D,663.0,0.7873303167420814,522.0,245,334.0,64.0,20.0
E01003235,Lewisham 038A,521.0,1.0422264875239924,543.0,152,233.0,98.0,38.0
E01003236,Lewisham 037A,648.0,0.7407407407407407,480.0,282,271.0,76.0,19.0
E01003237,Lewisham 037B,615.0,0.8845528455284553,544.0,218,275.0,97.0,25.0
E01003238,Lewisham 037C,567.0,0.8536155202821869,484.0,187,286.0,84.0,10.0
E01003239,Lewisham 037D,574.0,0.8780487804878049,504.0,201,267.0,81.0,25.0
E01003240,Lewisham 038B,714.0,0.8641456582633054,617.0,250,338.0,99.0,27.0
E01003241,Lewisham 038C,699.0,0.776824034334764,543.0,300,278.0,98.0,23.0
E01003243,Lewisham 038D,588.0,0.8571428571428571,504.0,209,284.0,65.0,30.0
E01003244,Lewisham 001A,730.0,0.4575342465753425,334.0,449,238.0,33.0,10.0
E01003245,Lewisham 001B,638.0,0.5705329153605015,364.0,332,256.0,42.0,8.0
E01003246,Lewisham 002A,1015.0,0.4798029556650246,487.0,611,337.0,51.0,16.0
E01003247,Lewisham 001C,873.0,0.4639175257731959,405.0,528,290.0,50.0,5.0
E01003248,Lewisham 002B,684.0,0.5292397660818714,362.0,385,245.0,45.0,9.0
E01003249,Lewisham 001D,855.0,0.5403508771929825,462.0,495,277.0,64.0,19.0
E01003251,Lewisham 002C,640.0,0.48125,308.0,383,210.0,43.0,4.0
E01003252,Lewisham 002D,606.0,0.5033003300330033,305.0,342,227.0,33.0,4.0
E01003253,Lewisham 002E,653.0,0.4104134762633997,268.0,434,178.0,33.0,8.0
E01003254,Lewisham 021A,602.0,0.8654485049833887,521.0,203,297.0,82.0,20.0
E01003255,Lewisham 021B,984.0,0.5010162601626016,493.0,567,350.0,58.0,9.0
E01003256,Lewisham 028A,934.0,0.5985010706638115,559.0,470,383.0,67.0,14.0
E01003257,Lewisham 028B,633.0,0.6903633491311216,437.0,271,301.0,47.0,14.0
E01003258,Lewisham 028C,588.0,0.6700680272108843,394.0,273,253.0,45.0,17.0
E01003259,Lewisham 028D,756.0,0.6256613756613757,473.0,356,334.0,59.0,7.0
E01003260,Lewisham 021C,638.0,0.8714733542319749,556.0,212,316.0,90.0,20.0
E01003261,Lewisham 021D,610.0,0.8360655737704918,510.0,212,306.0,72.0,20.0
E01003262,Lewisham 021E,665.0,0.675187969924812,449.0,298,300.0,52.0,15.0
E01003263,Lewisham 023A,739.0,0.8200270635994588,606.0,277,343.0,94.0,25.0
E01003264,Lewisham 031A,720.0,0.8027777777777778,578.0,290,299.0,114.0,17.0
E01003265,Lewisham 031B,664.0,0.6882530120481928,457.0,298,285.0,71.0,10.0
E01003266,Lewisham 031C,733.0,0.7366984993178718,540.0,323,300.0,90.0,20.0
E01003267,Lewisham 031D,607.0,0.9818780889621087,596.0,193,269.0,108.0,37.0
E01003268,Lewisham 023B,765.0,0.7934640522875817,607.0,285,370.0,93.0,17.0
E01003269,Lewisham 023C,636.0,0.9213836477987422,586.0,195,314.0,109.0,18.0
E01003270,Lewisham 023D,657.0,1.0441400304414004,686.0,170,329.0,117.0,41.0
E01003271,Lewisham 023E,621.0,1.2173913043478262,756.0,123,289.0,160.0,49.0
E01003272,Lewisham 014A,794.0,0.6335012594458438,503.0,381,338.0,60.0,15.0
E01003273,Lewisham 011A,580.0,0.7775862068965518,451.0,220,285.0,59.0,16.0
E01003274,Lewisham 014B,661.0,0.6671709531013615,441.0,297,297.0,57.0,10.0
E01003275,Lewisham 014C,618.0,0.7783171521035599,481.0,258,262.0,75.0,23.0
E01003276,Lewisham 014D,663.0,0.8265460030165912,548.0,231,337.0,74.0,21.0
E01003277,Lewisham 011B,756.0,0.6309523809523809,477.0,362,328.0,49.0,17.0
E01003278,Lewisham 011C,884.0,0.5180995475113123,458.0,497,325.0,53.0,9.0
E01003279,Lewisham 011D,603.0,0.6633499170812603,400.0,252,306.0,41.0,4.0
E01003280,Lewisham 016A,630.0,0.8714285714285714,549.0,213,304.0,94.0,19.0
E01003281,Lewisham 016B,582.0,0.9140893470790378,532.0,164,324.0,74.0,20.0
E01003282,Lewisham 013A,1022.0,0.5547945205479452,567.0,544,397.0,73.0,8.0
E01003283,Lewisham 013B,869.0,0.7686996547756041,668.0,322,441.0,91.0,15.0
E01003284,Lewisham 013C,758.0,0.7110817941952506,539.0,318,355.0,71.0,14.0
E01003285,Lewisham 016C,755.0,0.7629139072847683,576.0,284,378.0,81.0,12.0
E01003286,Lewisham 013D,767.0,0.6179921773142112,474.0,375,321.0,60.0,11.0
E01003287,Lewisham 016D,763.0,0.8741808650065531,667.0,229,413.0,109.0,12.0
E01003288,Lewisham 041A,948.0,0.44831223628691985,425.0,577,324.0,40.0,7.0
E01003290,Lewisham 041E,816.0,0.5012254901960784,409.0,474,283.0,51.0,8.0
E01003291,Lewisham 041D,653.0,0.5650842266462481,369.0,361,226.0,55.0,11.0
E01003292,Lewisham 017A,734.0,0.5708446866485014,419.0,376,303.0,49.0,6.0
E01003293,Lewisham 017B,640.0,0.553125,354.0,331,272.0,29.0,8.0
E01003295,Lewisham 017D,721.0,0.6463245492371706,466.0,341,306.0,62.0,12.0
E01003297,Lewisham 003A,785.0,0.4089171974522293,321.0,509,232.0,43.0,1.0
E01003298,Lewisham 039A,472.0,0.6461864406779662,305.0,235,178.0,50.0,9.0
E01003299,Lewisham 003B,701.0,0.536376604850214,376.0,410,227.0,43.0,21.0
E01003300,Lewisham 039B,600.0,0.565,339.0,338,195.0,57.0,10.0
E01003301,Lewisham 003C,933.0,0.4983922829581994,465.0,551,314.0,53.0,15.0
E01003302,Lewisham 003D,804.0,0.47885572139303484,385.0,491,254.0,46.0,13.0
E01003303,Lewisham 039C,648.0,0.4398148148148148,285.0,406,202.0,37.0,3.0
E01003304,Lewisham 039D,1084.0,0.3662361623616236,397.0,745,288.0,44.0,7.0
E01003305,Lewisham 003E,785.0,0.597452229299363,469.0,394,323.0,58.0,10.0
E01003307,Lewisham 024A,649.0,0.802773497688752,521.0,227,337.0,71.0,14.0
E01003308,Lewisham 024B,709.0,0.6981664315937941,495.0,316,305.0,74.0,14.0
E01003309,Lewisham 027A,656.0,0.6463414634146342,424.0,313,271.0,63.0,9.0
E01003310,Lewisham 027B,730.0,0.510958904109589,373.0,433,236.0,46.0,15.0
E01003311,Lewisham 027C,595.0,1.035294117647059,616.0,145,315.0,104.0,31.0
E01003312,Lewisham 027D,771.0,0.8054474708171206,621.0,298,357.0,84.0,32.0
E01003313,Lewisham 027E,623.0,0.6051364365971108,377.0,299,276.0,43.0,5.0
E01003314,Lewisham 024C,666.0,0.7732732732732732,515.0,234,361.0,59.0,12.0
E01003315,Lewisham 024D,593.0,0.6053962900505903,359.0,297,244.0,41.0,11.0
E01003316,Lewisham 024E,576.0,0.8333333333333334,480.0,200,289.0,70.0,17.0
E01003318,Lewisham 020B,775.0,0.4619354838709677,358.0,503,211.0,36.0,25.0
E01003319,Lewisham 018A,752.0,0.5066489361702128,381.0,428,275.0,41.0,8.0
E01003320,Lewisham 018B,620.0,0.635483870967742,394.0,294,261.0,62.0,3.0
E01003321,Lewisham 020C,760.0,0.5986842105263158,455.0,389,301.0,56.0,14.0
E01003322,Lewisham 020D,609.0,0.6584564860426929,401.0,285,258.0,55.0,11.0
E01003323,Lewisham 018C,623.0,0.6853932584269663,427.0,296,247.0,60.0,20.0
E01003324,Lewisham 020E,724.0,0.42955801104972374,311.0,457,228.0,34.0,5.0
E01003325,Lewisham 018D,787.0,0.5095298602287166,401.0,447,287.0,45.0,8.0
E01003326,Lewisham 035A,692.0,0.6936416184971098,480.0,310,298.0,70.0,14.0
E01003327,Lewisham 035B,687.0,0.7889374090247453,542.0,252,345.0,73.0,17.0
E01003328,Lewisham 035C,827.0,0.6142684401451027,508.0,412,331.0,75.0,9.0
E01003329,Lewisham 033A,662.0,0.7507552870090635,497.0,260,326.0,57.0,19.0
E01003330,Lewisham 033B,667.0,0.7736131934032984,516.0,270,294.0,87.0,16.0
E01003331,Lewisham 033C,587.0,0.7189097103918228,422.0,251,267.0,52.0,17.0
E01003332,Lewisham 033D,712.0,0.6179775280898876,440.0,348,296.0,60.0,8.0
E01003333,Lewisham 035D,629.0,0.7138314785373608,449.0,255,309.0,55.0,10.0
E01003334,Lewisham 033E,796.0,0.5615577889447236,447.0,431,298.0,52.0,15.0
E01003335,Lewisham 035E,616.0,0.6818181818181818,420.0,283,262.0,55.0,16.0
E01003336,Lewisham 010A,576.0,0.5850694444444444,337.0,301,217.0,54.0,4.0
E01003337,Lewisham 010B,566.0,0.5671378091872792,321.0,303,208.0,52.0,3.0
E01003338,Lewisham 006A,842.0,0.4156769596199525,350.0,545,248.0,45.0,4.0
E01003339,Lewisham 006B,676.0,0.5502958579881657,372.0,371,247.0,49.0,9.0
E01003340,Lewisham 006C,761.0,0.5321944809461235,405.0,429,275.0,41.0,16.0
E01003341,Lewisham 006D,564.0,0.7109929078014184,401.0,250,241.0,59.0,14.0
E01003342,Lewisham 010C,701.0,0.579172610556348,406.0,358,287.0,49.0,7.0
E01003343,Lewisham 006E,610.0,0.6229508196721312,380.0,294,262.0,44.0,10.0
E01003344,Lewisham 010D,677.0,0.6602658788774003,447.0,314,296.0,50.0,17.0
E01003345,Lewisham 010E,781.0,0.6594110115236875,515.0,354,352.0,62.0,13.0
E01003346,Lewisham 026A,649.0,0.9491525423728814,616.0,231,258.0,122.0,38.0
E01003347,Lewisham 030A,650.0,0.6307692307692307,410.0,315,273.0,49.0,13.0
E01003348,Lewisham 030B,620.0,0.964516129032258,598.0,203,267.0,119.0,31.0
E01003349,Lewisham 026B,540.0,0.8722222222222222,471.0,185,262.0,70.0,23.0
E01003350,Lewisham 030C,474.0,0.9324894514767933,442.0,165,194.0,97.0,18.0
E01003351,Lewisham 026C,601.0,0.9284525790349417,558.0,206,261.0,105.0,29.0
E01003352,Lewisham 030D,847.0,0.8063754427390791,683.0,341,361.0,113.0,32.0
E01003353,Lewisham 030E,628.0,1.1544585987261147,725.0,149,283.0,146.0,50.0
E01003354,Lewisham 026D,823.0,0.8432563791008505,694.0,289,407.0,94.0,33.0
E01003355,Merton 009A,821.0,0.5785627283800243,475.0,397,381.0,35.0,8.0
E01003356,Merton 009B,701.0,0.81169757489301,569.0,243,362.0,81.0,15.0
E01003357,Merton 012A,724.0,0.6104972375690608,442.0,364,292.0,54.0,14.0
E01003358,Merton 009C,793.0,0.6544766708701135,519.0,361,357.0,63.0,12.0
E01003359,Merton 006A,797.0,0.6398996235884568,510.0,363,370.0,52.0,12.0
E01003360,Merton 006B,745.0,0.6966442953020134,519.0,288,400.0,52.0,5.0
E01003361,Merton 015A,615.0,1.0178861788617886,626.0,172,292.0,119.0,32.0
E01003362,Merton 021A,503.0,1.2524850894632207,630.0,80,252.0,135.0,36.0
E01003363,Merton 021B,594.0,1.3232323232323233,786.0,70,311.0,164.0,49.0
E01003364,Merton 021C,664.0,1.2018072289156627,798.0,127,331.0,151.0,55.0
E01003365,Merton 021D,496.0,1.2661290322580645,628.0,78,247.0,132.0,39.0
E01003366,Merton 016A,648.0,0.8919753086419753,578.0,220,310.0,86.0,32.0
E01003368,Merton 008A,584.0,0.8732876712328768,510.0,209,269.0,77.0,29.0
E01003369,Merton 005B,746.0,0.5911528150134048,441.0,356,345.0,39.0,6.0
E01003370,Merton 005C,880.0,0.5215909090909091,459.0,481,344.0,50.0,5.0
E01003371,Merton 005D,629.0,0.7186009538950715,452.0,264,288.0,67.0,10.0
E01003372,Merton 008B,643.0,0.6858475894245724,441.0,292,271.0,70.0,10.0
E01003373,Merton 018A,545.0,0.7743119266055046,422.0,232,218.0,81.0,14.0
E01003374,Merton 022A,667.0,0.7241379310344828,483.0,277,305.0,77.0,8.0
E01003375,Merton 022B,723.0,0.8769017980636238,634.0,261,328.0,96.0,38.0
E01003376,Merton 012B,591.0,0.8764805414551607,518.0,201,285.0,82.0,23.0
E01003377,Merton 012C,549.0,0.7504553734061931,412.0,236,231.0,65.0,17.0
E01003378,Merton 018B,774.0,0.9108527131782945,705.0,247,379.0,118.0,30.0
E01003379,Merton 018C,741.0,0.6032388663967612,447.0,382,284.0,62.0,13.0
E01003380,Merton 011A,669.0,0.8953662182361734,599.0,205,349.0,95.0,20.0
E01003381,Merton 016B,711.0,0.7918424753867792,563.0,244,382.0,74.0,11.0
E01003382,Merton 011B,726.0,0.8732782369146006,634.0,197,434.0,85.0,10.0
E01003383,Merton 009D,672.0,0.7232142857142857,486.0,262,341.0,62.0,7.0
E01003384,Merton 009E,679.0,0.695139911634757,472.0,285,328.0,54.0,12.0
E01003385,Merton 011C,585.0,0.9521367521367521,557.0,141,354.0,67.0,23.0
E01003386,Merton 013A,761.0,0.9211563731931669,701.0,252,347.0,132.0,30.0
E01003387,Merton 014A,782.0,0.8120204603580563,635.0,309,338.0,108.0,27.0
E01003388,Merton 013B,619.0,0.7883683360258481,488.0,248,267.0,91.0,13.0
E01003389,Merton 013C,641.0,0.8018720748829953,514.0,261,271.0,84.0,25.0
E01003390,Merton 018D,640.0,0.565625,362.0,351,227.0,51.0,11.0
E01003391,Merton 014B,482.0,0.7406639004149378,357.0,211,198.0,60.0,13.0
E01003392,Merton 013D,516.0,0.8895348837209303,459.0,178,241.0,73.0,24.0
E01003393,Merton 008C,690.0,0.518840579710145,358.0,387,254.0,43.0,6.0
E01003394,Merton 007A,673.0,0.87518573551263,589.0,253,283.0,105.0,32.0
E01003395,Merton 007B,535.0,1.1121495327102804,595.0,120,266.0,118.0,31.0
E01003396,Merton 007C,529.0,0.7977315689981096,422.0,202,247.0,65.0,15.0
E01003397,Merton 007D,548.0,0.8594890510948905,471.0,198,252.0,75.0,23.0
E01003398,Merton 007E,657.0,0.8964992389649924,589.0,216,315.0,104.0,22.0
E01003399,Merton 011D,630.0,0.7634920634920634,481.0,237,318.0,62.0,13.0
E01003400,Merton 003A,630.0,0.7317460317460317,461.0,256,294.0,73.0,7.0
E01003401,Merton 004A,624.0,0.7019230769230769,438.0,271,277.0,67.0,9.0
E01003402,Merton 004B,678.0,0.8008849557522124,543.0,242,348.0,69.0,19.0
E01003403,Merton 004C,676.0,0.9097633136094675,615.0,213,329.0,116.0,18.0
E01003404,Merton 004D,914.0,0.6477024070021882,592.0,417,413.0,73.0,11.0
E01003405,Merton 018E,839.0,0.8688915375446961,729.0,304,377.0,122.0,36.0
E01003406,Merton 008D,569.0,0.9209138840070299,524.0,188,267.0,85.0,29.0
E01003407,Merton 008E,788.0,0.7614213197969543,600.0,331,342.0,87.0,28.0
E01003408,Merton 012D,868.0,0.706221198156682,613.0,364,407.0,85.0,12.0
E01003409,Merton 013E,577.0,1.0051993067590987,580.0,179,252.0,110.0,36.0
E01003410,Merton 012E,625.0,0.776,485.0,245,295.0,65.0,20.0
E01003411,Merton 014C,739.0,0.8267929634641408,611.0,260,362.0,102.0,15.0
E01003412,Merton 014D,624.0,0.9887820512820513,617.0,192,283.0,113.0,36.0
E01003413,Merton 017A,729.0,0.9259259259259259,675.0,219,373.0,109.0,28.0
E01003414,Merton 017B,568.0,1.079225352112676,613.0,155,251.0,124.0,38.0
E01003415,Merton 017C,786.0,1.0279898218829517,808.0,207,384.0,161.0,34.0
E01003416,Merton 017D,535.0,1.2112149532710281,648.0,116,229.0,151.0,39.0
E01003417,Merton 025A,604.0,1.2301324503311257,743.0,107,301.0,146.0,50.0
E01003418,Merton 025B,528.0,1.4242424242424243,752.0,77,222.0,157.0,72.0
E01003419,Merton 025C,664.0,1.2530120481927711,832.0,124,299.0,190.0,51.0
E01003420,Merton 025D,507.0,1.428007889546351,724.0,53,233.0,172.0,49.0
E01003421,Merton 021E,612.0,1.0702614379084967,655.0,149,304.0,126.0,33.0
E01003422,Merton 025E,528.0,1.253787878787879,662.0,98,246.0,136.0,48.0
E01003423,Merton 011E,653.0,0.8116385911179173,530.0,223,340.0,80.0,10.0
E01003424,Merton 015B,569.0,1.1616871704745166,661.0,92,322.0,126.0,29.0
E01003425,Merton 015C,517.0,1.2688588007736943,656.0,64,278.0,147.0,28.0
E01003426,Merton 015D,602.0,1.064784053156146,641.0,137,313.0,128.0,24.0
E01003427,Merton 023A,729.0,0.7503429355281207,547.0,295,338.0,79.0,17.0
E01003428,Merton 015E,631.0,0.8858954041204438,559.0,215,288.0,113.0,15.0
E01003429,Merton 019A,527.0,1.2922201138519924,681.0,90,245.0,140.0,52.0
E01003430,Merton 019B,579.0,0.8272884283246977,479.0,227,253.0,71.0,28.0
E01003431,Merton 019C,569.0,1.0404217926186292,592.0,172,241.0,117.0,39.0
E01003432,Merton 019D,528.0,1.0890151515151516,575.0,151,214.0,128.0,35.0
E01003433,Merton 019E,575.0,0.9460869565217391,544.0,183,272.0,88.0,32.0
E01003434,Merton 017E,498.0,1.2028112449799198,599.0,113,223.0,110.0,52.0
E01003435,Merton 014E,738.0,1.051490514905149,776.0,174,388.0,140.0,36.0
E01003436,Merton 023B,605.0,1.0132231404958678,613.0,179,271.0,123.0,32.0
E01003437,Merton 022C,770.0,1.1077922077922078,853.0,213,323.0,172.0,62.0
E01003438,Merton 024A,655.0,0.9526717557251908,624.0,211,296.0,116.0,32.0
E01003439,Merton 023C,574.0,0.8449477351916377,485.0,205,278.0,66.0,25.0
E01003440,Merton 022D,630.0,0.9111111111111111,574.0,211,290.0,103.0,26.0
E01003441,Merton 022E,647.0,0.9690880989180835,627.0,192,318.0,102.0,35.0
E01003442,Merton 010A,671.0,1.1073025335320417,743.0,132,368.0,138.0,33.0
E01003443,Merton 010B,636.0,1.069182389937107,680.0,105,403.0,107.0,21.0
E01003444,Merton 010C,672.0,0.9345238095238095,628.0,200,335.0,118.0,19.0
E01003445,Merton 010D,650.0,1.1353846153846154,738.0,131,345.0,129.0,45.0
E01003446,Merton 016C,902.0,0.6707317073170732,605.0,418,378.0,91.0,15.0
E01003447,Merton 016D,680.0,0.6823529411764706,464.0,305,299.0,63.0,13.0
E01003448,Merton 023D,882.0,0.8922902494331065,787.0,271,465.0,116.0,30.0
E01003449,Merton 024B,653.0,0.9586523736600306,626.0,223,271.0,122.0,37.0
E01003450,Merton 024C,611.0,1.0114566284779052,618.0,172,292.0,115.0,32.0
E01003451,Merton 024D,664.0,1.1852409638554218,787.0,147,300.0,164.0,53.0
E01003452,Merton 024E,817.0,0.8763769889840881,716.0,301,354.0,124.0,38.0
E01003453,Merton 023E,665.0,0.8872180451127819,590.0,226,316.0,95.0,28.0
E01003454,Merton 003B,577.0,0.7902946273830156,456.0,221,277.0,58.0,21.0
E01003455,Merton 005E,746.0,0.7064343163538874,527.0,292,388.0,59.0,7.0
E01003456,Merton 003C,665.0,0.6631578947368421,441.0,320,266.0,62.0,17.0
E01003457,Merton 006C,614.0,0.8973941368078175,551.0,150,393.0,55.0,16.0
E01003458,Merton 006D,722.0,0.7257617728531855,524.0,268,388.0,62.0,4.0
E01003459,Merton 006E,958.0,0.6492693110647182,622.0,434,436.0,78.0,10.0
E01003460,Merton 002A,644.0,1.110248447204969,715.0,173,286.0,126.0,59.0
E01003461,Merton 004E,676.0,0.9911242603550295,670.0,210,309.0,110.0,47.0
E01003462,Merton 002B,574.0,1.2317073170731707,707.0,108,268.0,155.0,43.0
E01003463,Merton 010E,551.0,1.3847549909255898,763.0,68,262.0,162.0,59.0
E01003464,Merton 002C,541.0,1.3770794824399262,745.0,83,237.0,155.0,66.0
E01003465,Merton 002D,465.0,1.589247311827957,739.0,50,170.0,166.0,79.0
E01003466,Merton 020A,625.0,1.1344,709.0,120,329.0,148.0,28.0
E01003467,Merton 020B,668.0,1.1122754491017963,743.0,121,381.0,136.0,30.0
E01003468,Merton 020C,635.0,1.1590551181102362,736.0,115,335.0,154.0,31.0
E01003469,Merton 020D,577.0,1.0849220103986135,626.0,136,285.0,127.0,29.0
E01003470,Merton 020E,750.0,1.032,774.0,175,403.0,145.0,27.0
E01003471,Merton 016E,634.0,1.0173501577287065,645.0,137,369.0,108.0,20.0
E01003472,Merton 001A,473.0,0.9492600422832981,449.0,97,311.0,57.0,8.0
E01003473,Merton 001B,564.0,0.7943262411347518,448.0,197,292.0,69.0,6.0
E01003474,Merton 001C,469.0,1.4093816631130065,661.0,61,210.0,143.0,55.0
E01003476,Merton 003D,490.0,0.9285714285714286,455.0,152,234.0,91.0,13.0
E01003477,Merton 003E,593.0,0.8785834738617201,521.0,175,325.0,83.0,10.0
E01003478,Merton 001E,665.0,0.9308270676691729,619.0,167,388.0,99.0,11.0
E01003479,Newham 035A,610.0,0.6983606557377049,426.0,263,272.0,71.0,4.0
E01003480,Newham 033A,585.0,0.8307692307692308,486.0,230,243.0,93.0,19.0
E01003481,Newham 035B,483.0,0.7474120082815735,361.0,198,219.0,56.0,10.0
E01003483,Newham 032A,601.0,0.7853577371048253,472.0,236,276.0,71.0,18.0
E01003484,Newham 032B,561.0,0.8467023172905526,475.0,208,246.0,92.0,15.0
E01003485,Newham 035C,571.0,0.7723292469352014,441.0,231,252.0,75.0,13.0
E01003486,Newham 033C,448.0,0.7098214285714286,318.0,209,174.0,51.0,14.0
E01003487,Newham 033D,412.0,0.8131067961165048,335.0,149,198.0,58.0,7.0
E01003488,Newham 019A,667.0,0.631184407796102,421.0,336,253.0,66.0,12.0
E01003489,Newham 019B,964.0,0.4948132780082988,477.0,547,362.0,50.0,5.0
E01003490,Newham 019C,565.0,0.6672566371681415,377.0,268,233.0,48.0,16.0
E01003491,Newham 022A,627.0,0.4944178628389155,310.0,386,180.0,53.0,8.0
E01003492,Newham 025A,529.0,0.8525519848771267,451.0,199,229.0,81.0,20.0
E01003494,Newham 025C,610.0,0.7836065573770492,478.0,227,301.0,69.0,13.0
E01003495,Newham 025D,610.0,0.9360655737704918,571.0,185,297.0,110.0,18.0
E01003496,Newham 027A,552.0,0.42391304347826086,234.0,347,178.0,25.0,2.0
E01003497,Newham 034A,593.0,0.612141652613828,363.0,290,252.0,42.0,9.0
E01003498,Newham 027B,683.0,0.554904831625183,379.0,379,241.0,51.0,12.0
E01003499,Newham 030A,821.0,0.5200974421437271,427.0,478,273.0,56.0,14.0
E01003500,Newham 027C,720.0,0.6194444444444445,446.0,357,290.0,63.0,10.0
E01003501,Newham 030B,788.0,0.6357868020304569,501.0,388,312.0,75.0,13.0
E01003502,Newham 030C,811.0,0.468557336621455,380.0,481,287.0,36.0,7.0
E01003503,Newham 030D,1158.0,0.39723661485319517,460.0,752,358.0,42.0,6.0
E01003506,Newham 034D,481.0,0.6923076923076923,333.0,218,201.0,54.0,8.0
E01003507,Newham 031A,832.0,0.5420673076923077,451.0,468,291.0,59.0,14.0
E01003508,Newham 031B,963.0,0.5659397715472482,545.0,507,373.0,77.0,6.0
E01003509,Newham 031C,778.0,0.532133676092545,414.0,433,284.0,53.0,8.0
E01003511,Newham 036A,671.0,0.6602086438152012,443.0,309,290.0,63.0,9.0
E01003512,Newham 036B,687.0,0.6521106259097526,448.0,315,310.0,48.0,14.0
E01003513,Newham 035D,546.0,0.8223443223443223,449.0,189,275.0,72.0,10.0
E01003514,Newham 036C,526.0,0.7680608365019012,404.0,208,247.0,56.0,15.0
E01003515,Newham 036D,815.0,0.5006134969325153,408.0,475,278.0,56.0,6.0
E01003516,Newham 032C,651.0,0.6912442396313364,450.0,302,258.0,81.0,10.0
E01003517,Newham 036E,631.0,0.6481774960380349,409.0,294,273.0,56.0,8.0
E01003518,Newham 032D,573.0,0.8411867364746946,482.0,194,287.0,81.0,11.0
E01003519,Newham 032E,495.0,0.8,396.0,202,207.0,69.0,17.0
E01003520,Newham 018A,573.0,0.5741710296684118,329.0,316,192.0,58.0,7.0
E01003521,Newham 018B,648.0,0.5416666666666666,351.0,374,207.0,57.0,10.0
E01003522,Newham 018C,531.0,0.5894538606403014,313.0,274,209.0,40.0,8.0
E01003523,Newham 024A,713.0,0.6732117812061711,480.0,355,248.0,98.0,12.0
E01003524,Newham 019D,558.0,0.6129032258064516,342.0,279,225.0,45.0,9.0
E01003525,Newham 018D,534.0,0.6947565543071161,371.0,257,207.0,46.0,24.0
E01003526,Newham 018E,486.0,0.823045267489712,400.0,192,205.0,72.0,17.0
E01003527,Newham 024B,555.0,0.8342342342342343,463.0,201,259.0,81.0,14.0
E01003528,Newham 005A,409.0,0.726161369193154,297.0,182,164.0,56.0,7.0
E01003529,Newham 010A,626.0,0.8178913738019169,512.0,254,254.0,96.0,22.0
E01003530,Newham 010B,484.0,0.8078512396694215,391.0,187,220.0,60.0,17.0
E01003531,Newham 010C,557.0,0.7127468581687613,397.0,269,191.0,85.0,12.0
E01003532,Newham 010D,564.0,0.7907801418439716,446.0,246,210.0,88.0,20.0
E01003533,Newham 011A,569.0,0.827768014059754,471.0,230,230.0,86.0,23.0
E01003534,Newham 010E,630.0,0.7158730158730159,451.0,291,239.0,88.0,12.0
E01003535,Newham 023A,567.0,0.7142857142857143,405.0,247,244.0,67.0,9.0
E01003536,Newham 023B,621.0,0.7906602254428341,491.0,237,293.0,75.0,16.0
E01003537,Newham 024C,642.0,0.7881619937694704,506.0,252,291.0,82.0,17.0
E01003538,Newham 029A,664.0,0.6430722891566265,427.0,334,249.0,65.0,16.0
E01003539,Newham 029B,703.0,0.8250355618776671,580.0,262,321.0,101.0,19.0
E01003540,Newham 029C,603.0,0.7114427860696517,429.0,259,270.0,63.0,11.0
E01003541,Newham 029D,557.0,0.9443447037701975,526.0,172,263.0,103.0,19.0
E01003542,Newham 024D,664.0,0.7228915662650602,480.0,281,300.0,69.0,14.0
E01003543,Newham 001A,838.0,0.6670644391408115,559.0,385,368.0,64.0,21.0
E01003544,Newham 001B,624.0,0.6426282051282052,401.0,291,278.0,42.0,13.0
E01003545,Newham 006A,634.0,0.6514195583596214,413.0,303,257.0,66.0,8.0
E01003546,Newham 001C,577.0,0.6880415944540728,397.0,265,239.0,61.0,12.0
E01003547,Newham 007A,674.0,0.8249258160237388,556.0,243,326.0,85.0,20.0
E01003548,Newham 006B,812.0,0.5566502463054187,452.0,446,289.0,68.0,9.0
E01003549,Newham 006C,775.0,0.5045161290322581,391.0,453,258.0,59.0,5.0
E01003550,Newham 001D,608.0,0.587171052631579,357.0,322,225.0,51.0,10.0
E01003551,Newham 009A,618.0,0.5258899676375405,325.0,359,203.0,46.0,10.0
E01003552,Newham 016A,526.0,0.6825095057034221,359.0,249,213.0,46.0,18.0
E01003553,Newham 009B,733.0,0.5075034106412005,372.0,414,272.0,41.0,6.0
E01003554,Newham 009C,686.0,0.5029154518950437,345.0,409,217.0,52.0,8.0
E01003555,Newham 007B,480.0,1.0541666666666667,506.0,160,175.0,104.0,41.0
E01003556,Newham 008A,652.0,0.5122699386503068,334.0,394,200.0,40.0,18.0
E01003557,Newham 006D,650.0,0.6153846153846154,400.0,343,234.0,53.0,20.0
E01003558,Newham 008B,546.0,0.5695970695970696,311.0,305,182.0,48.0,11.0
E01003559,Newham 009D,898.0,0.4688195991091314,421.0,547,291.0,50.0,10.0
E01003560,Newham 011B,445.0,0.8337078651685393,371.0,171,192.0,67.0,15.0
E01003561,Newham 007C,467.0,0.7259100642398287,339.0,208,191.0,56.0,12.0
E01003562,Newham 014A,589.0,0.7521222410865874,443.0,269,223.0,71.0,26.0
E01003563,Newham 011C,585.0,0.8598290598290599,503.0,240,229.0,74.0,42.0
E01003564,Newham 014B,654.0,0.6666666666666666,436.0,311,264.0,65.0,14.0
E01003565,Newham 014C,515.0,0.6757281553398058,348.0,243,210.0,48.0,14.0
E01003566,Newham 014D,532.0,0.5939849624060151,316.0,282,199.0,36.0,15.0
E01003567,Newham 007D,507.0,0.6153846153846154,312.0,264,186.0,45.0,12.0
E01003568,Newham 017A,627.0,0.8149920255183413,511.0,277,231.0,77.0,42.0
E01003569,Newham 017B,591.0,0.6531302876480541,386.0,327,179.0,48.0,37.0
E01003570,Newham 008C,542.0,0.6752767527675276,366.0,275,192.0,51.0,24.0
E01003571,Newham 008D,582.0,0.7233676975945017,421.0,263,236.0,64.0,19.0
E01003572,Newham 008E,447.0,0.8031319910514542,359.0,182,183.0,70.0,12.0
E01003573,Newham 017C,577.0,0.8509532062391681,491.0,238,228.0,70.0,41.0
E01003574,Newham 017D,773.0,0.705045278137128,545.0,371,287.0,87.0,28.0
E01003575,Newham 005B,471.0,0.7855626326963907,370.0,191,204.0,62.0,14.0
E01003576,Newham 002A,635.0,0.46141732283464565,293.0,381,217.0,35.0,2.0
E01003577,Newham 005C,756.0,0.6468253968253969,489.0,368,304.0,67.0,17.0
E01003578,Newham 003A,594.0,0.601010101010101,357.0,298,244.0,43.0,9.0
E01003579,Newham 004A,493.0,0.7849898580121704,387.0,220,181.0,70.0,22.0
E01003580,Newham 005D,613.0,0.734094616639478,450.0,269,253.0,76.0,15.0
E01003581,Newham 002B,474.0,0.7827004219409283,371.0,189,212.0,60.0,13.0
E01003582,Newham 002C,453.0,0.7196467991169978,326.0,192,209.0,39.0,13.0
E01003583,Newham 002D,530.0,0.7358490566037735,390.0,226,228.0,66.0,10.0
E01003584,Newham 003B,604.0,0.8377483443708609,506.0,224,274.0,86.0,20.0
E01003585,Newham 004B,410.0,0.8829268292682927,362.0,157,166.0,65.0,22.0
E01003586,Newham 003C,530.0,0.7037735849056603,373.0,252,205.0,51.0,22.0
E01003587,Newham 004C,808.0,0.5631188118811881,455.0,429,310.0,62.0,7.0
E01003588,Newham 011D,426.0,0.7863849765258216,335.0,175,183.0,52.0,16.0
E01003589,Newham 011E,508.0,0.7322834645669292,372.0,220,218.0,56.0,14.0
E01003590,Newham 003D,571.0,0.637478108581436,364.0,278,234.0,47.0,12.0
E01003591,Newham 004D,684.0,0.533625730994152,365.0,380,251.0,45.0,8.0
E01003592,Newham 022B,631.0,0.5990491283676703,378.0,329,239.0,50.0,13.0
E01003593,Newham 027D,535.0,0.5906542056074766,316.0,275,211.0,42.0,7.0
E01003594,Newham 026A,575.0,0.6521739130434783,375.0,285,215.0,65.0,10.0
E01003595,Newham 026B,667.0,0.52023988005997,347.0,378,244.0,32.0,13.0
E01003596,Newham 016B,536.0,0.6417910447761194,344.0,272,203.0,42.0,19.0
E01003597,Newham 016C,532.0,0.8721804511278195,464.0,238,180.0,58.0,56.0
E01003598,Newham 021A,641.0,0.5912636505460218,379.0,324,259.0,54.0,4.0
E01003599,Newham 022C,473.0,0.6553911205073996,310.0,231,185.0,46.0,11.0
E01003600,Newham 021B,589.0,0.5195246179966044,306.0,342,197.0,41.0,9.0
E01003601,Newham 028A,715.0,0.6881118881118881,492.0,339,284.0,68.0,24.0
E01003602,Newham 026C,633.0,0.65086887835703,412.0,306,259.0,51.0,17.0
E01003603,Newham 028B,609.0,0.7651888341543513,466.0,251,270.0,68.0,20.0
E01003604,Newham 031D,753.0,0.6215139442231076,468.0,364,319.0,61.0,9.0
E01003605,Newham 028C,684.0,0.5833333333333334,399.0,358,264.0,51.0,11.0
E01003607,Newham 026D,604.0,0.5993377483443708,362.0,304,243.0,52.0,5.0
E01003608,Newham 028D,677.0,0.6558345642540621,444.0,316,290.0,59.0,12.0
E01003611,Newham 041C,715.0,0.5496503496503496,393.0,390,267.0,48.0,10.0
E01003615,Newham 039A,618.0,0.5129449838187702,317.0,362,203.0,45.0,8.0
E01003616,Newham 012A,680.0,0.5147058823529411,350.0,397,226.0,47.0,10.0
E01003618,Newham 012C,829.0,0.45355850422195415,376.0,490,307.0,27.0,5.0
E01003619,Newham 012D,1064.0,0.3458646616541353,368.0,747,274.0,35.0,8.0
E01003621,Newham 023C,449.0,0.7728285077951003,347.0,175,208.0,59.0,7.0
E01003622,Newham 023D,532.0,0.6672932330827067,355.0,261,199.0,60.0,12.0
E01003623,Newham 023E,480.0,0.7583333333333333,364.0,204,203.0,58.0,15.0
E01003624,Newham 024E,491.0,0.7678207739307535,377.0,194,225.0,64.0,8.0
E01003625,Newham 015A,486.0,0.7736625514403292,376.0,211,186.0,77.0,12.0
E01003626,Newham 015B,463.0,0.7732181425485961,358.0,191,200.0,58.0,14.0
E01003627,Newham 015C,459.0,0.7494553376906318,344.0,197,192.0,58.0,12.0
E01003628,Newham 015D,429.0,0.8974358974358975,385.0,141,208.0,63.0,17.0
E01003629,Newham 015E,508.0,0.6279527559055118,319.0,252,201.0,47.0,8.0
E01003630,Newham 021C,678.0,0.5309734513274337,360.0,387,234.0,45.0,12.0
E01003631,Newham 020A,695.0,0.5597122302158274,389.0,392,239.0,42.0,22.0
E01003632,Newham 020B,792.0,0.5656565656565656,448.0,407,330.0,47.0,8.0
E01003633,Newham 020C,685.0,0.5065693430656935,347.0,388,252.0,40.0,5.0
E01003634,Newham 020D,591.0,0.6209813874788495,367.0,288,244.0,54.0,5.0
E01003635,Newham 016D,607.0,0.6392092257001647,388.0,290,255.0,53.0,9.0
E01003636,Newham 020E,695.0,0.6129496402877698,426.0,357,259.0,70.0,9.0
E01003637,Newham 021D,582.0,0.7560137457044673,440.0,256,240.0,58.0,28.0
E01003638,Redbridge 017A,657.0,1.0928462709284628,718.0,172,298.0,141.0,46.0
E01003639,Redbridge 013A,785.0,0.978343949044586,768.0,218,404.0,125.0,38.0
E01003640,Redbridge 013B,625.0,1.272,795.0,103,303.0,165.0,54.0
E01003641,Redbridge 013C,610.0,1.1770491803278689,718.0,140,281.0,130.0,59.0
E01003642,Redbridge 013D,554.0,1.1462093862815885,635.0,129,254.0,132.0,39.0
E01003643,Redbridge 017B,700.0,1.1842857142857144,829.0,131,359.0,160.0,50.0
E01003644,Redbridge 017C,501.0,1.2295409181636727,616.0,78,259.0,135.0,29.0
E01003645,Redbridge 017D,904.0,0.8694690265486725,786.0,307,436.0,133.0,28.0
E01003646,Redbridge 012A,600.0,1.09,654.0,177,249.0,117.0,57.0
E01003647,Redbridge 015A,633.0,1.042654028436019,660.0,190,266.0,137.0,40.0
E01003648,Redbridge 012B,517.0,1.3442940038684719,695.0,84,225.0,154.0,54.0
E01003649,Redbridge 012C,509.0,1.432220039292731,729.0,55,239.0,155.0,60.0
E01003650,Redbridge 015B,590.0,1.0389830508474576,613.0,165,270.0,122.0,33.0
E01003651,Redbridge 012D,478.0,1.3577405857740585,649.0,85,192.0,146.0,55.0
E01003652,Redbridge 015C,479.0,1.3277661795407099,636.0,74,209.0,161.0,35.0
E01003653,Redbridge 015D,724.0,0.7569060773480663,548.0,300,318.0,88.0,18.0
E01003654,Redbridge 004A,597.0,1.1909547738693467,711.0,115,301.0,133.0,48.0
E01003655,Redbridge 004B,634.0,1.11198738170347,705.0,119,357.0,126.0,32.0
E01003656,Redbridge 005A,651.0,1.0046082949308757,654.0,196,297.0,117.0,41.0
E01003657,Redbridge 005B,898.0,1.2193763919821827,1095.0,162,442.0,229.0,65.0
E01003658,Redbridge 004C,685.0,0.8598540145985402,589.0,245,310.0,111.0,19.0
E01003659,Redbridge 005C,635.0,1.2834645669291338,815.0,93,322.0,167.0,53.0
E01003660,Redbridge 004D,669.0,1.2600896860986548,843.0,88,365.0,170.0,46.0
E01003661,Redbridge 038A,699.0,1.161659513590844,812.0,163,325.0,146.0,65.0
E01003662,Redbridge 038C,763.0,0.8466579292267365,646.0,277,351.0,110.0,25.0
E01003663,Redbridge 037A,638.0,1.219435736677116,778.0,126,299.0,160.0,53.0
E01003664,Redbridge 037B,562.0,1.3487544483985765,758.0,94,241.0,164.0,63.0
E01003665,Redbridge 037E,511.0,1.356164383561644,693.0,80,228.0,144.0,59.0
E01003666,Redbridge 038B,1067.0,0.845360824742268,902.0,369,526.0,140.0,32.0
E01003668,Redbridge 007A,804.0,0.8681592039800995,698.0,281,378.0,115.0,30.0
E01003669,Redbridge 007B,622.0,1.1463022508038585,713.0,116,335.0,135.0,36.0
E01003670,Redbridge 007C,580.0,1.1344827586206896,658.0,128,279.0,140.0,33.0
E01003671,Redbridge 007D,557.0,1.3842010771992819,771.0,50,297.0,156.0,54.0
E01003672,Redbridge 007E,750.0,0.736,552.0,305,354.0,75.0,16.0
E01003673,Redbridge 007F,794.0,0.9836272040302267,781.0,209,418.0,138.0,29.0
E01003674,Redbridge 007G,1065.0,0.8046948356807512,857.0,383,536.0,117.0,29.0
E01003675,Redbridge 036A,499.0,1.218436873747495,608.0,120,208.0,113.0,58.0
E01003676,Redbridge 036B,523.0,1.395793499043977,730.0,87,211.0,156.0,69.0
E01003677,Redbridge 036C,526.0,1.461977186311787,769.0,63,227.0,166.0,70.0
E01003678,Redbridge 036D,474.0,1.5632911392405062,741.0,43,193.0,166.0,72.0
E01003679,Redbridge 036E,494.0,1.7388663967611335,859.0,38,159.0,191.0,106.0
E01003680,Redbridge 036F,479.0,1.488517745302714,713.0,45,211.0,167.0,56.0
E01003681,Redbridge 036G,678.0,1.0884955752212389,738.0,196,277.0,154.0,51.0
E01003682,Redbridge 036H,512.0,1.564453125,801.0,42,217.0,175.0,78.0
E01003683,Redbridge 040C,569.0,1.047451669595782,596.0,158,258.0,121.0,32.0
E01003684,Redbridge 040E,503.0,1.0874751491053678,547.0,132,230.0,106.0,35.0
E01003685,Redbridge 040D,547.0,0.9122486288848263,499.0,189,243.0,89.0,26.0
E01003686,Redbridge 040A,579.0,1.0241796200345423,593.0,200,213.0,118.0,48.0
E01003688,Redbridge 040B,525.0,0.9561904761904761,502.0,181,217.0,96.0,31.0
E01003689,Redbridge 039C,727.0,0.5873452544704264,427.0,406,233.0,70.0,18.0
E01003690,Redbridge 035A,748.0,0.8021390374331551,600.0,324,291.0,90.0,43.0
E01003691,Redbridge 035B,457.0,1.1072210065645514,506.0,116,209.0,99.0,33.0
E01003692,Redbridge 035C,476.0,1.1323529411764706,539.0,123,210.0,100.0,43.0
E01003693,Redbridge 035D,444.0,1.4527027027027026,645.0,62,179.0,143.0,60.0
E01003694,Redbridge 035E,447.0,1.2595078299776286,563.0,101,180.0,115.0,51.0
E01003695,Redbridge 035F,494.0,0.979757085020243,484.0,178,195.0,74.0,47.0
E01003696,Redbridge 035G,521.0,1.1919385796545106,621.0,129,214.0,127.0,51.0
E01003697,Redbridge 035H,508.0,1.3622047244094488,692.0,90,214.0,134.0,70.0
E01003698,Redbridge 006A,522.0,1.3697318007662835,715.0,79,231.0,152.0,60.0
E01003699,Redbridge 006B,592.0,1.1030405405405406,653.0,136,303.0,109.0,44.0
E01003700,Redbridge 006C,865.0,1.2138728323699421,1050.0,177,388.0,238.0,62.0
E01003701,Redbridge 006D,687.0,1.017467248908297,699.0,197,316.0,139.0,35.0
E01003702,Redbridge 006E,921.0,0.9782844733984799,901.0,226,516.0,152.0,27.0
E01003703,Redbridge 006F,979.0,1.362614913176711,1334.0,139,442.0,302.0,96.0
E01003704,Redbridge 006G,694.0,1.0389048991354466,721.0,214,288.0,143.0,49.0
E01003705,Redbridge 010A,824.0,1.1444174757281553,943.0,172,417.0,179.0,56.0
E01003706,Redbridge 010B,625.0,1.1168,698.0,141,306.0,142.0,36.0
E01003707,Redbridge 008A,488.0,1.4487704918032787,707.0,63,217.0,134.0,74.0
E01003708,Redbridge 008B,753.0,0.9853917662682603,742.0,232,341.0,139.0,41.0
E01003709,Redbridge 008C,571.0,1.3730297723292468,784.0,78,256.0,183.0,54.0
E01003710,Redbridge 008D,503.0,1.497017892644135,753.0,75,184.0,163.0,81.0
E01003711,Redbridge 010C,639.0,1.2112676056338028,774.0,140,283.0,157.0,59.0
E01003712,Redbridge 010D,542.0,0.8191881918819188,444.0,228,208.0,82.0,24.0
E01003713,Redbridge 034A,492.0,1.1971544715447155,589.0,109,219.0,122.0,42.0
E01003714,Redbridge 034B,684.0,1.0570175438596492,723.0,183,322.0,136.0,43.0
E01003715,Redbridge 034C,626.0,1.0862619808306708,680.0,167,282.0,133.0,44.0
E01003716,Redbridge 034D,593.0,1.1534569983136593,684.0,170,233.0,119.0,71.0
E01003718,Redbridge 034E,656.0,0.8612804878048781,565.0,240,298.0,87.0,31.0
E01003719,Redbridge 034F,720.0,1.0472222222222223,754.0,235,283.0,135.0,67.0
E01003720,Redbridge 002A,788.0,0.8794416243654822,693.0,277,352.0,136.0,23.0
E01003721,Redbridge 003A,659.0,0.9878603945371776,651.0,201,303.0,117.0,38.0
E01003722,Redbridge 002B,821.0,1.1364190012180269,933.0,166,423.0,186.0,46.0
E01003723,Redbridge 002C,720.0,1.0791666666666666,777.0,190,330.0,153.0,47.0
E01003724,Redbridge 003B,505.0,1.3683168316831684,691.0,66,239.0,148.0,52.0
E01003725,Redbridge 003C,671.0,1.0789865871833084,724.0,160,329.0,151.0,31.0
E01003726,Redbridge 002D,938.0,1.17590618336887,1103.0,178,471.0,235.0,54.0
E01003727,Redbridge 003D,639.0,1.0657276995305165,681.0,175,288.0,135.0,41.0
E01003729,Redbridge 032B,496.0,0.8125,403.0,204,199.0,75.0,18.0
E01003730,Redbridge 032C,460.0,1.008695652173913,464.0,134,216.0,82.0,28.0
E01003731,Redbridge 033A,418.0,0.9593301435406698,401.0,135,188.0,72.0,23.0
E01003732,Redbridge 032D,630.0,0.6460317460317461,407.0,298,264.0,61.0,7.0
E01003733,Redbridge 032E,489.0,0.9406952965235174,460.0,162,220.0,81.0,26.0
E01003734,Redbridge 033B,500.0,0.892,446.0,187,204.0,85.0,24.0
E01003735,Redbridge 033C,707.0,0.6364922206506365,450.0,345,289.0,58.0,15.0
E01003736,Redbridge 033D,490.0,0.9428571428571428,462.0,156,224.0,92.0,18.0
E01003737,Redbridge 031A,667.0,1.5472263868065967,1032.0,104,240.0,177.0,146.0
E01003738,Redbridge 031B,652.0,1.3819018404907975,901.0,97,276.0,212.0,67.0
E01003739,Redbridge 031C,672.0,1.2455357142857142,837.0,141,288.0,180.0,63.0
E01003740,Redbridge 031D,615.0,1.2650406504065042,778.0,141,238.0,168.0,68.0
E01003741,Redbridge 031E,668.0,1.062874251497006,710.0,203,274.0,137.0,54.0
E01003742,Redbridge 031F,636.0,1.0943396226415094,696.0,166,280.0,154.0,36.0
E01003743,Redbridge 031G,517.0,1.0889748549323017,563.0,145,222.0,109.0,41.0
E01003744,Redbridge 001A,616.0,1.3327922077922079,821.0,83,301.0,176.0,56.0
E01003745,Redbridge 001B,477.0,1.740041928721174,830.0,19,171.0,202.0,85.0
E01003746,Redbridge 001C,677.0,1.3116691285081241,888.0,87,351.0,180.0,59.0
E01003747,Redbridge 001D,483.0,1.546583850931677,747.0,52,183.0,180.0,68.0
E01003748,Redbridge 001E,620.0,1.2596774193548388,781.0,129,261.0,170.0,60.0
E01003749,Redbridge 001F,682.0,1.0513196480938416,717.0,153,372.0,126.0,31.0
E01003750,Redbridge 001G,877.0,0.992018244013683,870.0,242,439.0,157.0,39.0
E01003751,Redbridge 020A,669.0,1.092675635276532,731.0,164,327.0,130.0,48.0
E01003752,Redbridge 023A,824.0,1.1286407766990292,930.0,210,357.0,198.0,59.0
E01003753,Redbridge 020B,624.0,1.1025641025641026,688.0,160,282.0,140.0,42.0
E01003754,Redbridge 020C,556.0,1.143884892086331,636.0,154,219.0,132.0,51.0
E01003755,Redbridge 023B,660.0,1.243939393939394,821.0,121,307.0,182.0,50.0
E01003756,Redbridge 023C,755.0,1.0874172185430464,821.0,222,306.0,166.0,61.0
E01003757,Redbridge 020D,640.0,1.0640625,681.0,189,273.0,126.0,52.0
E01003759,Redbridge 009A,553.0,1.2622061482820977,698.0,80,295.0,131.0,47.0
E01003760,Redbridge 009B,670.0,1.1074626865671642,742.0,144,353.0,130.0,43.0
E01003761,Redbridge 009C,679.0,0.7761413843888071,527.0,269,318.0,67.0,25.0
E01003762,Redbridge 009D,652.0,1.093558282208589,713.0,130,368.0,117.0,37.0
E01003763,Redbridge 009E,662.0,1.3882175226586102,919.0,71,321.0,212.0,58.0
E01003764,Redbridge 009F,859.0,0.8370197904540163,719.0,286,445.0,110.0,18.0
E01003765,Redbridge 009G,741.0,0.9298245614035088,689.0,204,409.0,104.0,24.0
E01003766,Redbridge 024A,627.0,1.127591706539075,707.0,156,275.0,156.0,40.0
E01003767,Redbridge 024B,660.0,0.8712121212121212,575.0,245,283.0,104.0,28.0
E01003768,Redbridge 024C,651.0,0.8402457757296466,547.0,264,263.0,88.0,36.0
E01003769,Redbridge 022A,582.0,0.8092783505154639,471.0,270,197.0,71.0,44.0
E01003770,Redbridge 022B,873.0,1.0423825887743414,910.0,244,403.0,171.0,55.0
E01003771,Redbridge 022C,527.0,1.015180265654649,535.0,165,231.0,89.0,42.0
E01003772,Redbridge 024D,523.0,1.1204588910133844,586.0,122,243.0,131.0,27.0
E01003773,Redbridge 022D,558.0,1.1003584229390682,614.0,130,274.0,122.0,32.0
E01003774,Redbridge 014A,853.0,0.8968347010550997,765.0,244,473.0,116.0,20.0
E01003775,Redbridge 014B,642.0,1.1697819314641744,751.0,158,282.0,137.0,65.0
E01003776,Redbridge 014C,899.0,0.6162402669632926,554.0,437,379.0,74.0,9.0
E01003777,Redbridge 014D,843.0,0.8683274021352313,732.0,278,437.0,89.0,39.0
E01003778,Redbridge 014E,903.0,0.8361018826135105,755.0,322,428.0,132.0,21.0
E01003779,Redbridge 014F,722.0,0.8448753462603878,610.0,240,377.0,82.0,23.0
E01003780,Redbridge 014G,510.0,1.6411764705882352,837.0,25,204.0,210.0,71.0
E01003781,Redbridge 026A,656.0,0.8399390243902439,551.0,258,279.0,85.0,34.0
E01003782,Redbridge 026B,482.0,0.9564315352697096,461.0,167,197.0,90.0,28.0
E01003783,Redbridge 029A,885.0,0.5830508474576271,516.0,499,281.0,80.0,25.0
E01003784,Redbridge 029B,586.0,1.0546075085324231,618.0,189,226.0,121.0,50.0
E01003785,Redbridge 029C,671.0,0.698956780923994,469.0,322,255.0,68.0,26.0
E01003786,Redbridge 026C,457.0,1.2560175054704594,574.0,73,226.0,126.0,32.0
E01003787,Redbridge 026D,490.0,1.153061224489796,565.0,134,197.0,109.0,50.0
E01003788,Redbridge 029D,638.0,0.7836990595611285,500.0,296,225.0,76.0,41.0
E01003789,Redbridge 018A,587.0,1.071550255536627,629.0,139,307.0,101.0,40.0
E01003790,Redbridge 027A,550.0,1.06,583.0,129,289.0,102.0,30.0
E01003791,Redbridge 027B,533.0,1.1951219512195121,637.0,83,297.0,119.0,34.0
E01003792,Redbridge 027C,504.0,1.1547619047619047,582.0,93,272.0,107.0,32.0
E01003793,Redbridge 027D,732.0,0.7254098360655737,531.0,297,354.0,66.0,15.0
E01003794,Redbridge 018B,582.0,1.1030927835051547,642.0,119,310.0,127.0,26.0
E01003795,Redbridge 018C,430.0,1.2395348837209301,533.0,52,249.0,103.0,26.0
E01003796,Redbridge 018D,602.0,1.043189368770764,628.0,144,313.0,120.0,25.0
E01003797,Richmond upon Thames 001A,515.0,1.3067961165048543,673.0,76,244.0,156.0,39.0
E01003798,Richmond upon Thames 001B,652.0,0.946319018404908,617.0,197,319.0,110.0,26.0
E01003799,Richmond upon Thames 001C,634.0,1.0425867507886435,661.0,155,329.0,118.0,32.0
E01003800,Richmond upon Thames 001D,605.0,0.9818181818181818,594.0,182,285.0,105.0,33.0
E01003801,Richmond upon Thames 001E,537.0,0.9124767225325885,490.0,124,347.0,55.0,11.0
E01003802,Richmond upon Thames 001F,624.0,0.9903846153846154,618.0,138,379.0,82.0,25.0
E01003803,Richmond upon Thames 001G,606.0,0.8168316831683168,495.0,230,275.0,83.0,18.0
E01003804,Richmond upon Thames 005A,753.0,0.952191235059761,717.0,208,401.0,116.0,28.0
E01003805,Richmond upon Thames 012A,600.0,1.395,837.0,44,325.0,181.0,50.0
E01003806,Richmond upon Thames 012B,510.0,1.3686274509803922,698.0,61,248.0,153.0,48.0
E01003807,Richmond upon Thames 005B,840.0,0.7797619047619048,655.0,295,451.0,78.0,16.0
E01003808,Richmond upon Thames 005C,782.0,0.9156010230179028,716.0,188,484.0,98.0,12.0
E01003809,Richmond upon Thames 005D,643.0,1.2208398133748055,785.0,110,320.0,174.0,39.0
E01003810,Richmond upon Thames 019A,621.0,1.2286634460547503,763.0,91,339.0,149.0,42.0
E01003811,Richmond upon Thames 018A,719.0,1.0806675938803894,777.0,110,461.0,128.0,20.0
E01003812,Richmond upon Thames 018B,751.0,1.0119840213049267,760.0,186,395.0,145.0,25.0
E01003813,Richmond upon Thames 019B,625.0,1.3568,848.0,78,297.0,199.0,51.0
E01003814,Richmond upon Thames 019C,797.0,1.0740276035131744,856.0,193,397.0,162.0,45.0
E01003815,Richmond upon Thames 019D,934.0,0.923982869379015,863.0,248,527.0,141.0,18.0
E01003816,Richmond upon Thames 012C,617.0,1.2965964343598055,800.0,106,280.0,173.0,58.0
E01003817,Richmond upon Thames 012D,861.0,0.991869918699187,854.0,231,449.0,138.0,43.0
E01003818,Richmond upon Thames 017A,662.0,1.0438066465256797,691.0,131,393.0,116.0,22.0
E01003819,Richmond upon Thames 017B,733.0,0.8390177353342428,615.0,270,333.0,108.0,22.0
E01003820,Richmond upon Thames 017C,761.0,1.0735873850197108,817.0,165,416.0,139.0,41.0
E01003821,Richmond upon Thames 008A,765.0,0.803921568627451,615.0,272,394.0,76.0,23.0
E01003822,Richmond upon Thames 023A,524.0,1.6278625954198473,853.0,22,217.0,219.0,66.0
E01003823,Richmond upon Thames 023B,801.0,1.250936329588015,1002.0,131,397.0,214.0,59.0
E01003824,Richmond upon Thames 023C,631.0,1.3470681458003169,850.0,76,308.0,199.0,48.0
E01003825,Richmond upon Thames 023D,649.0,1.325115562403698,860.0,78,333.0,187.0,51.0
E01003826,Richmond upon Thames 023E,766.0,0.9451697127937336,724.0,224,390.0,122.0,30.0
E01003827,Richmond upon Thames 023F,883.0,0.9943374858437146,878.0,223,471.0,160.0,29.0
E01003828,Richmond upon Thames 020A,619.0,1.3554119547657513,839.0,80,295.0,188.0,56.0
E01003829,Richmond upon Thames 020B,696.0,1.0675287356321839,743.0,204,287.0,159.0,46.0
E01003830,Richmond upon Thames 020C,748.0,1.3021390374331552,974.0,130,335.0,210.0,73.0
E01003831,Richmond upon Thames 020D,686.0,1.272594752186589,873.0,92,369.0,171.0,54.0
E01003832,Richmond upon Thames 020E,681.0,0.9148311306901615,623.0,206,346.0,110.0,19.0
E01003833,Richmond upon Thames 020F,666.0,0.9954954954954955,663.0,176,338.0,131.0,21.0
E01003834,Richmond upon Thames 022A,785.0,0.8369426751592357,657.0,279,376.0,109.0,21.0
E01003835,Richmond upon Thames 022B,596.0,1.3120805369127517,782.0,73,304.0,179.0,40.0
E01003836,Richmond upon Thames 022C,578.0,0.9826989619377162,568.0,186,244.0,120.0,28.0
E01003837,Richmond upon Thames 022D,888.0,1.1362612612612613,1009.0,176,471.0,185.0,56.0
E01003838,Richmond upon Thames 022E,752.0,1.0664893617021276,802.0,168,394.0,162.0,28.0
E01003839,Richmond upon Thames 022F,1034.0,0.8762088974854932,906.0,309,568.0,133.0,24.0
E01003840,Richmond upon Thames 013A,583.0,1.3379073756432247,780.0,104,243.0,171.0,65.0
E01003841,Richmond upon Thames 013B,820.0,0.9329268292682927,765.0,281,352.0,148.0,39.0
E01003842,Richmond upon Thames 013C,609.0,1.2019704433497538,732.0,110,312.0,141.0,46.0
E01003843,Richmond upon Thames 013D,798.0,1.2518796992481203,999.0,187,312.0,210.0,89.0
E01003844,Richmond upon Thames 013E,548.0,1.302919708029197,714.0,98,241.0,154.0,55.0
E01003845,Richmond upon Thames 013F,623.0,1.4735152487961476,918.0,63,281.0,200.0,79.0
E01003846,Richmond upon Thames 002A,614.0,1.1921824104234529,732.0,87,351.0,147.0,29.0
E01003847,Richmond upon Thames 002B,832.0,0.8149038461538461,678.0,302,407.0,98.0,25.0
E01003848,Richmond upon Thames 004A,820.0,0.8926829268292683,732.0,233,457.0,115.0,15.0
E01003849,Richmond upon Thames 002C,642.0,1.0093457943925233,648.0,155,357.0,99.0,31.0
E01003851,Richmond upon Thames 002D,657.0,1.1187214611872147,735.0,120,367.0,142.0,28.0
E01003852,Richmond upon Thames 003A,657.0,0.8660578386605784,569.0,223,324.0,85.0,25.0
E01003853,Richmond upon Thames 003B,595.0,1.0033613445378151,597.0,163,289.0,121.0,22.0
E01003854,Richmond upon Thames 003C,635.0,0.8551181102362204,543.0,197,349.0,73.0,16.0
E01003855,Richmond upon Thames 003D,899.0,0.7452725250278087,670.0,351,446.0,82.0,20.0
E01003856,Richmond upon Thames 003E,739.0,0.7794316644113667,576.0,237,436.0,58.0,8.0
E01003857,Richmond upon Thames 003F,752.0,0.8670212765957447,652.0,196,471.0,74.0,11.0
E01003858,Richmond upon Thames 003G,666.0,0.9864864864864865,657.0,143,405.0,102.0,16.0
E01003859,Richmond upon Thames 005E,609.0,1.0738916256157636,654.0,123,341.0,122.0,23.0
E01003860,Richmond upon Thames 002E,779.0,0.8138639281129654,634.0,259,419.0,88.0,13.0
E01003861,Richmond upon Thames 004C,895.0,0.758659217877095,679.0,336,457.0,84.0,18.0
E01003862,Richmond upon Thames 004D,806.0,0.8362282878411911,674.0,265,426.0,97.0,18.0
E01003863,Richmond upon Thames 004E,623.0,0.8025682182985554,500.0,221,318.0,70.0,14.0
E01003864,Richmond upon Thames 002F,642.0,0.9439252336448598,606.0,177,346.0,97.0,22.0
E01003865,Richmond upon Thames 004F,587.0,0.9028960817717206,530.0,167,322.0,86.0,12.0
E01003866,Richmond upon Thames 007A,672.0,1.0208333333333333,686.0,138,399.0,118.0,17.0
E01003867,Richmond upon Thames 011A,596.0,1.0620805369127517,633.0,144,307.0,109.0,36.0
E01003868,Richmond upon Thames 007B,652.0,0.9248466257668712,603.0,176,365.0,95.0,16.0
E01003869,Richmond upon Thames 011B,687.0,1.024745269286754,704.0,172,364.0,113.0,38.0
E01003870,Richmond upon Thames 011C,819.0,1.0146520146520146,831.0,167,494.0,137.0,21.0
E01003871,Richmond upon Thames 007C,698.0,1.0487106017191976,732.0,147,395.0,131.0,25.0
E01003872,Richmond upon Thames 007D,682.0,1.002932551319648,684.0,194,337.0,106.0,45.0
E01003873,Richmond upon Thames 006A,797.0,0.7603513174404015,606.0,320,363.0,99.0,15.0
E01003874,Richmond upon Thames 006B,768.0,0.7239583333333334,556.0,311,370.0,75.0,12.0
E01003875,Richmond upon Thames 006C,647.0,1.0757341576506956,696.0,184,277.0,139.0,47.0
E01003876,Richmond upon Thames 008B,943.0,0.6712619300106044,633.0,444,389.0,86.0,24.0
E01003877,Richmond upon Thames 008C,685.0,0.8642335766423358,592.0,231,337.0,96.0,21.0
E01003878,Richmond upon Thames 006D,631.0,0.8272583201267829,522.0,237,291.0,78.0,25.0
E01003879,Richmond upon Thames 008D,577.0,0.9965337954939342,575.0,170,268.0,110.0,29.0
E01003880,Richmond upon Thames 016A,580.0,1.2620689655172415,732.0,91,290.0,155.0,44.0
E01003881,Richmond upon Thames 016B,477.0,1.2054507337526206,575.0,90,235.0,116.0,36.0
E01003882,Richmond upon Thames 014A,850.0,0.9329411764705883,793.0,233,463.0,132.0,22.0
E01003883,Richmond upon Thames 014B,877.0,0.8985176738882554,788.0,222,536.0,105.0,14.0
E01003884,Richmond upon Thames 016C,739.0,1.0378890392422193,767.0,192,360.0,154.0,33.0
E01003885,Richmond upon Thames 016D,642.0,1.101246105919003,707.0,133,340.0,140.0,29.0
E01003886,Richmond upon Thames 021A,673.0,0.9940564635958395,669.0,163,367.0,127.0,16.0
E01003887,Richmond upon Thames 021B,804.0,0.9639303482587065,775.0,219,427.0,126.0,32.0
E01003888,Richmond upon Thames 021C,941.0,0.79596174282678,749.0,362,434.0,120.0,25.0
E01003889,Richmond upon Thames 021D,752.0,1.1303191489361701,850.0,128,432.0,158.0,34.0
E01003890,Richmond upon Thames 018C,693.0,1.1341991341991342,786.0,138,358.0,163.0,34.0
E01003891,Richmond upon Thames 018D,856.0,1.0315420560747663,883.0,192,477.0,155.0,32.0
E01003892,Richmond upon Thames 009A,889.0,0.9280089988751407,825.0,237,502.0,127.0,23.0
E01003893,Richmond upon Thames 009B,752.0,0.8723404255319149,656.0,256,363.0,106.0,27.0
E01003894,Richmond upon Thames 009C,739.0,0.9079837618403248,671.0,216,393.0,112.0,18.0
E01003895,Richmond upon Thames 009D,722.0,0.9695290858725761,700.0,197,376.0,123.0,26.0
E01003896,Richmond upon Thames 014C,881.0,0.8081725312145289,712.0,317,435.0,110.0,19.0
E01003897,Richmond upon Thames 014D,873.0,0.7147766323024055,624.0,361,414.0,84.0,14.0
E01003898,Richmond upon Thames 015A,737.0,0.9701492537313433,715.0,178,426.0,110.0,23.0
E01003899,Richmond upon Thames 015B,622.0,1.0,622.0,146,351.0,104.0,21.0
E01003900,Richmond upon Thames 015C,618.0,1.0906148867313916,674.0,162,281.0,132.0,43.0
E01003901,Richmond upon Thames 015D,610.0,1.321311475409836,806.0,58,345.0,160.0,47.0
E01003902,Richmond upon Thames 015E,500.0,1.142,571.0,82,289.0,105.0,24.0
E01003903,Richmond upon Thames 015F,580.0,1.2706896551724138,737.0,106,263.0,159.0,52.0
E01003904,Richmond upon Thames 015G,654.0,0.9770642201834863,639.0,149,391.0,94.0,20.0
E01003905,Richmond upon Thames 010A,531.0,1.112994350282486,591.0,117,271.0,109.0,34.0
E01003906,Richmond upon Thames 010B,655.0,1.0625954198473282,696.0,159,326.0,140.0,30.0
E01003907,Richmond upon Thames 010C,646.0,1.0913312693498451,705.0,172,281.0,155.0,38.0
E01003908,Richmond upon Thames 010D,667.0,1.3358320839580209,891.0,93,326.0,179.0,69.0
E01003909,Richmond upon Thames 010E,637.0,1.1930926216640503,760.0,133,292.0,168.0,44.0
E01003910,Richmond upon Thames 011D,658.0,1.2294832826747721,809.0,90,363.0,169.0,36.0
E01003911,Southwark 020A,752.0,0.41888297872340424,315.0,479,233.0,38.0,2.0
E01003912,Southwark 019A,669.0,0.4349775784753363,291.0,416,221.0,26.0,6.0
E01003913,Southwark 024A,841.0,0.5243757431629013,441.0,466,316.0,52.0,7.0
E01003914,Southwark 024B,719.0,0.56884561891516,409.0,375,284.0,55.0,5.0
E01003915,Southwark 024C,798.0,0.506265664160401,404.0,459,285.0,43.0,11.0
E01003916,Southwark 020B,909.0,0.45874587458745875,417.0,545,318.0,39.0,7.0
E01003917,Southwark 020C,875.0,0.416,364.0,565,264.0,38.0,8.0
E01003918,Southwark 020D,648.0,0.3487654320987654,226.0,452,169.0,24.0,3.0
E01003919,Southwark 021A,682.0,0.43548387096774194,297.0,431,216.0,24.0,11.0
E01003920,Southwark 021B,909.0,0.3542354235423542,322.0,621,254.0,34.0,0.0
E01003921,Southwark 021C,989.0,0.2659251769464105,263.0,758,202.0,26.0,3.0
E01003922,Southwark 021D,966.0,0.34368530020703936,332.0,674,257.0,30.0,5.0
E01003923,Southwark 017A,729.0,0.43209876543209874,315.0,469,211.0,43.0,6.0
E01003924,Southwark 021E,903.0,0.3433001107419712,310.0,633,232.0,36.0,2.0
E01003925,Southwark 020E,839.0,0.4052443384982122,340.0,532,277.0,27.0,3.0
E01003926,Southwark 021F,568.0,0.375,213.0,382,162.0,21.0,3.0
E01003929,Southwark 002B,1070.0,0.26822429906542056,287.0,816,225.0,25.0,4.0
E01003930,Southwark 034A,750.0,0.276,207.0,562,172.0,13.0,3.0
E01003932,Southwark 034B,688.0,0.3081395348837209,212.0,509,154.0,17.0,8.0
E01003933,Southwark 034C,1016.0,0.34448818897637795,350.0,723,244.0,41.0,8.0
E01003934,Southwark 002C,1118.0,0.3228980322003578,361.0,804,275.0,31.0,8.0
E01003935,Southwark 002D,420.0,0.4119047619047619,173.0,283,107.0,24.0,6.0
E01003936,Southwark 009A,581.0,0.37349397590361444,217.0,395,160.0,21.0,5.0
E01003937,Southwark 009B,766.0,0.2454308093994778,188.0,600,147.0,16.0,3.0
E01003938,Southwark 006A,751.0,0.3581890812250333,269.0,514,211.0,20.0,6.0
E01003939,Southwark 002E,880.0,0.2625,231.0,681,170.0,26.0,3.0
E01003940,Southwark 006B,634.0,0.3501577287066246,222.0,441,168.0,21.0,4.0
E01003941,Southwark 006C,965.0,0.31917098445595854,308.0,691,248.0,18.0,8.0
E01003942,Southwark 006D,636.0,0.42452830188679247,270.0,400,209.0,20.0,7.0
E01003943,Southwark 009C,586.0,0.30204778156996587,177.0,426,143.0,17.0,0.0
E01003945,Southwark 033A,728.0,0.9010989010989011,656.0,244,342.0,112.0,30.0
E01003946,Southwark 033B,753.0,0.9561752988047809,720.0,241,354.0,108.0,50.0
E01003947,Southwark 033C,601.0,0.5391014975041597,324.0,331,223.0,40.0,7.0
E01003948,Southwark 033D,794.0,0.7015113350125944,557.0,339,372.0,64.0,19.0
E01003949,Southwark 032A,863.0,0.6743916570104287,582.0,396,369.0,81.0,17.0
E01003950,Southwark 032B,809.0,0.6242274412855378,505.0,404,320.0,70.0,15.0
E01003951,Southwark 033E,551.0,1.0562613430127041,582.0,152,255.0,105.0,39.0
E01003952,Southwark 030A,687.0,0.7365356622998545,506.0,268,343.0,65.0,11.0
E01003953,Southwark 028A,946.0,0.5792811839323467,548.0,488,379.0,68.0,11.0
E01003954,Southwark 030B,658.0,0.7082066869300911,466.0,247,360.0,47.0,4.0
E01003955,Southwark 028B,809.0,0.6761433868974042,547.0,342,394.0,66.0,7.0
E01003956,Southwark 030C,730.0,0.7931506849315069,579.0,230,428.0,65.0,7.0
E01003957,Southwark 032C,698.0,0.8008595988538681,559.0,241,366.0,80.0,11.0
E01003958,Southwark 032D,776.0,0.7487113402061856,581.0,303,377.0,84.0,12.0
E01003960,Southwark 012A,764.0,0.39659685863874344,303.0,486,257.0,17.0,4.0
E01003961,Southwark 012B,885.0,0.32429378531073444,287.0,634,221.0,24.0,6.0
E01003963,Southwark 016A,690.0,0.3507246376811594,242.0,477,188.0,21.0,4.0
E01003966,Southwark 015B,823.0,0.3718104495747266,306.0,569,210.0,36.0,8.0
E01003969,Southwark 017B,1016.0,0.3858267716535433,392.0,673,298.0,41.0,4.0
E01003971,Southwark 015D,511.0,0.3679060665362035,188.0,351,135.0,22.0,3.0
E01003972,Southwark 016D,617.0,0.353322528363047,218.0,423,173.0,18.0,3.0
E01003973,Southwark 016E,754.0,0.29442970822281167,222.0,556,176.0,20.0,2.0
E01003975,Southwark 004A,739.0,0.401894451962111,297.0,483,218.0,35.0,3.0
E01003976,Southwark 036D,1143.0,0.33858267716535434,387.0,801,301.0,37.0,4.0
E01003977,Southwark 010A,828.0,0.4057971014492754,336.0,540,245.0,38.0,5.0
E01003979,Southwark 006E,890.0,0.3415730337078652,304.0,612,254.0,22.0,2.0
E01003980,Southwark 013A,887.0,0.3043968432919955,270.0,654,200.0,29.0,4.0
E01003981,Southwark 006F,664.0,0.29518072289156627,196.0,499,141.0,17.0,7.0
E01003983,Southwark 018A,673.0,0.45468053491827637,306.0,418,211.0,37.0,7.0
E01003984,Southwark 023A,1006.0,0.4731610337972167,476.0,612,324.0,58.0,12.0
E01003986,Southwark 011A,696.0,0.3563218390804598,248.0,475,197.0,21.0,3.0
E01003987,Southwark 011B,820.0,0.5487804878048781,450.0,457,289.0,61.0,13.0
E01003988,Southwark 018B,874.0,0.36270022883295194,317.0,597,240.0,34.0,3.0
E01003989,Southwark 018C,879.0,0.4334470989761092,381.0,558,271.0,40.0,10.0
E01003990,Southwark 018D,823.0,0.5856622114216282,482.0,437,299.0,78.0,9.0
E01003991,Southwark 017C,584.0,0.3698630136986301,216.0,392,169.0,22.0,1.0
E01003992,Southwark 014A,647.0,0.3802163833075734,246.0,434,183.0,27.0,3.0
E01003993,Southwark 017D,797.0,0.397741530740276,317.0,530,224.0,36.0,7.0
E01003994,Southwark 012E,865.0,0.3213872832369942,278.0,634,190.0,35.0,6.0
E01003995,Southwark 014B,737.0,0.29579375848032563,218.0,545,167.0,24.0,1.0
E01003997,Southwark 017E,506.0,0.45652173913043476,231.0,311,165.0,24.0,6.0
E01003998,Southwark 014D,659.0,0.47192716236722304,311.0,394,224.0,36.0,5.0
E01003999,Southwark 014E,597.0,0.4438860971524288,265.0,372,187.0,36.0,2.0
E01004000,Southwark 026A,878.0,0.530751708428246,466.0,472,357.0,38.0,11.0
E01004001,Southwark 026B,753.0,0.5883134130146083,443.0,377,318.0,49.0,9.0
E01004002,Southwark 029A,655.0,0.8091603053435115,530.0,217,358.0,68.0,12.0
E01004003,Southwark 023B,795.0,0.4327044025157233,344.0,498,254.0,39.0,4.0
E01004004,Southwark 023C,1140.0,0.5263157894736842,600.0,648,392.0,92.0,8.0
E01004005,Southwark 023D,1005.0,0.42885572139303485,431.0,638,308.0,54.0,5.0
E01004006,Southwark 023E,790.0,0.6050632911392405,478.0,391,327.0,65.0,7.0
E01004007,Southwark 018E,543.0,0.569060773480663,309.0,290,205.0,40.0,8.0
E01004008,Southwark 022B,800.0,0.46375,371.0,482,272.0,39.0,7.0
E01004010,Southwark 022D,632.0,0.439873417721519,278.0,397,198.0,31.0,6.0
E01004011,Southwark 019B,828.0,0.538647342995169,446.0,475,278.0,57.0,18.0
E01004012,Southwark 019C,922.0,0.4967462039045553,458.0,544,308.0,60.0,10.0
E01004013,Southwark 019D,657.0,0.5707762557077626,375.0,363,231.0,45.0,18.0
E01004014,Southwark 019E,818.0,0.4633251833740831,379.0,492,280.0,39.0,7.0
E01004015,Southwark 028C,705.0,0.6907801418439716,487.0,300,336.0,56.0,13.0
E01004016,Southwark 029B,990.0,0.7646464646464647,757.0,368,506.0,97.0,19.0
E01004017,Southwark 029C,650.0,0.8784615384615385,571.0,219,315.0,92.0,24.0
E01004018,Southwark 032E,780.0,0.7974358974358975,622.0,284,385.0,96.0,15.0
E01004019,Southwark 026C,841.0,0.7063020214030915,594.0,365,375.0,84.0,17.0
E01004020,Southwark 029D,738.0,0.505420054200542,373.0,417,277.0,36.0,8.0
E01004021,Southwark 028D,999.0,0.6366366366366366,636.0,462,448.0,79.0,10.0
E01004023,Southwark 004D,711.0,0.4430379746835443,315.0,452,211.0,40.0,8.0
E01004024,Southwark 011C,814.0,0.36855036855036855,300.0,554,223.0,34.0,3.0
E01004028,Southwark 004E,1096.0,0.35036496350364965,384.0,746,317.0,32.0,1.0
E01004029,Southwark 001A,931.0,0.40816326530612246,380.0,600,287.0,39.0,5.0
E01004030,Southwark 007A,743.0,0.43337819650067294,322.0,461,246.0,32.0,4.0
E01004031,Southwark 007B,1081.0,0.3441258094357077,372.0,770,259.0,43.0,9.0
E01004032,Southwark 001B,658.0,0.5364741641337386,353.0,364,243.0,43.0,8.0
E01004033,Southwark 007C,1143.0,0.36220472440944884,414.0,791,298.0,46.0,8.0
E01004034,Southwark 007D,656.0,0.4847560975609756,318.0,390,221.0,38.0,7.0
E01004035,Southwark 011D,593.0,0.4536256323777403,269.0,366,193.0,26.0,8.0
E01004036,Southwark 007E,862.0,0.351508120649652,303.0,596,230.0,35.0,1.0
E01004037,Southwark 010B,875.0,0.4,350.0,579,251.0,36.0,9.0
E01004038,Southwark 010C,1032.0,0.4757751937984496,491.0,615,355.0,50.0,12.0
E01004039,Southwark 013B,636.0,0.4591194968553459,292.0,392,201.0,38.0,5.0
E01004040,Southwark 013C,779.0,0.362002567394095,282.0,540,204.0,27.0,8.0
E01004041,Southwark 013D,691.0,0.4153400868306802,287.0,443,214.0,29.0,5.0
E01004042,Southwark 010D,824.0,0.4029126213592233,332.0,548,228.0,40.0,8.0
E01004043,Southwark 010E,585.0,0.5743589743589743,336.0,303,237.0,36.0,9.0
E01004044,Southwark 013E,562.0,0.5213523131672598,293.0,316,202.0,41.0,3.0
E01004045,Southwark 027A,641.0,0.49765990639625585,319.0,377,216.0,41.0,7.0
E01004046,Southwark 028E,643.0,0.6951788491446346,447.0,258,332.0,44.0,9.0
E01004047,Southwark 027B,618.0,0.4368932038834951,270.0,384,204.0,24.0,6.0
E01004048,Southwark 027C,689.0,0.5442670537010159,375.0,364,282.0,36.0,7.0
E01004049,Southwark 027D,518.0,0.5096525096525096,264.0,291,193.0,31.0,3.0
E01004050,Southwark 024D,629.0,0.6470588235294118,407.0,288,282.0,52.0,7.0
E01004051,Southwark 027E,585.0,0.5931623931623932,347.0,289,255.0,31.0,10.0
E01004052,Southwark 024E,774.0,0.5852713178294574,453.0,381,339.0,48.0,6.0
E01004053,Southwark 001C,889.0,0.6029246344206974,536.0,440,374.0,63.0,12.0
E01004054,Southwark 001D,727.0,0.6052269601100413,440.0,359,309.0,46.0,13.0
E01004055,Southwark 001E,529.0,0.6446124763705104,341.0,255,217.0,47.0,10.0
E01004056,Southwark 008A,1026.0,0.5974658869395711,613.0,512,427.0,75.0,12.0
E01004057,Southwark 008B,954.0,0.5723270440251572,546.0,506,368.0,62.0,18.0
E01004058,Southwark 008C,846.0,0.450354609929078,381.0,513,291.0,36.0,6.0
E01004059,Southwark 008D,899.0,0.4827586206896552,434.0,532,310.0,47.0,10.0
E01004060,Southwark 008E,872.0,0.44954128440366975,392.0,541,279.0,43.0,9.0
E01004061,Southwark 025A,734.0,0.5735694822888283,421.0,372,313.0,39.0,10.0
E01004062,Southwark 025B,982.0,0.3920570264765784,385.0,641,304.0,30.0,7.0
E01004063,Southwark 025C,857.0,0.5834305717619603,500.0,421,381.0,46.0,9.0
E01004064,Southwark 026D,817.0,0.5361077111383109,438.0,440,320.0,53.0,4.0
E01004065,Southwark 025D,631.0,0.6434231378763867,406.0,288,286.0,51.0,6.0
E01004066,Southwark 025E,850.0,0.5329411764705883,453.0,469,316.0,58.0,7.0
E01004067,Southwark 022E,931.0,0.3469387755102041,323.0,642,258.0,28.0,3.0
E01004068,Southwark 026E,814.0,0.5601965601965602,456.0,445,296.0,59.0,14.0
E01004069,Southwark 031A,481.0,1.2162162162162162,585.0,71,265.0,115.0,30.0
E01004070,Southwark 031B,729.0,0.8559670781893004,624.0,232,391.0,85.0,21.0
E01004071,Southwark 030D,639.0,0.7167449139280125,458.0,258,312.0,61.0,8.0
E01004072,Southwark 030E,625.0,0.9456,591.0,179,328.0,91.0,27.0
E01004073,Southwark 031C,697.0,0.8020086083213773,559.0,226,396.0,62.0,13.0
E01004074,Southwark 031D,616.0,1.0032467532467533,618.0,154,333.0,102.0,27.0
E01004075,Southwark 031E,624.0,1.0753205128205128,671.0,129,341.0,132.0,22.0
E01004076,Sutton 011A,619.0,1.1760904684975768,728.0,130,298.0,143.0,48.0
E01004077,Sutton 011B,636.0,1.229559748427673,782.0,107,321.0,163.0,45.0
E01004078,Sutton 011C,698.0,1.1977077363896849,836.0,123,357.0,175.0,43.0
E01004079,Sutton 011D,494.0,1.55668016194332,769.0,39,215.0,166.0,74.0
E01004080,Sutton 011E,511.0,1.4383561643835616,735.0,57,242.0,143.0,69.0
E01004081,Sutton 011F,632.0,1.1803797468354431,746.0,116,328.0,146.0,42.0
E01004082,Sutton 011G,498.0,1.3895582329317269,692.0,63,234.0,145.0,56.0
E01004083,Sutton 019A,610.0,1.0081967213114753,615.0,188,277.0,97.0,48.0
E01004084,Sutton 024A,512.0,1.767578125,905.0,27,163.0,224.0,98.0
E01004085,Sutton 024B,580.0,1.660344827586207,963.0,45,207.0,228.0,100.0
E01004086,Sutton 019B,726.0,1.2231404958677685,888.0,125,370.0,175.0,56.0
E01004087,Sutton 017A,538.0,1.6654275092936803,896.0,42,181.0,230.0,85.0
E01004088,Sutton 019C,749.0,0.8571428571428571,642.0,286,321.0,105.0,37.0
E01004089,Sutton 019D,556.0,0.908273381294964,505.0,191,247.0,96.0,22.0
E01004090,Sutton 021A,571.0,0.7180385288966725,410.0,252,238.0,71.0,10.0
E01004091,Sutton 022A,481.0,1.6444906444906444,791.0,30,186.0,190.0,75.0
E01004092,Sutton 022B,584.0,1.4160958904109588,827.0,81,259.0,164.0,80.0
E01004093,Sutton 025A,614.0,1.3403908794788273,823.0,84,283.0,201.0,46.0
E01004094,Sutton 025B,777.0,1.1634491634491635,904.0,151,395.0,184.0,47.0
E01004095,Sutton 025C,628.0,1.3312101910828025,836.0,74,328.0,170.0,56.0
E01004096,Sutton 021B,756.0,0.8306878306878307,628.0,257,388.0,93.0,18.0
E01004097,Sutton 015A,624.0,1.3189102564102564,823.0,86,310.0,171.0,57.0
E01004098,Sutton 015B,514.0,1.2529182879377432,644.0,98,236.0,132.0,48.0
E01004099,Sutton 015C,773.0,0.8318240620957309,643.0,264,395.0,94.0,20.0
E01004100,Sutton 015D,572.0,1.3181818181818181,754.0,82,279.0,158.0,53.0
E01004101,Sutton 013A,536.0,1.3320895522388059,714.0,86,239.0,158.0,53.0
E01004102,Sutton 015E,600.0,1.17,702.0,97,339.0,129.0,35.0
E01004103,Sutton 013B,747.0,1.0080321285140563,753.0,184,404.0,128.0,31.0
E01004104,Sutton 020A,555.0,1.4306306306306307,794.0,62,250.0,185.0,58.0
E01004105,Sutton 022C,683.0,1.4202049780380674,970.0,68,325.0,225.0,65.0
E01004106,Sutton 022D,552.0,1.7934782608695652,990.0,25,172.0,247.0,108.0
E01004107,Sutton 020B,622.0,1.2331189710610932,767.0,121,295.0,146.0,60.0
E01004108,Sutton 024C,696.0,1.5790229885057472,1099.0,63,286.0,228.0,119.0
E01004109,Sutton 024D,635.0,1.325984251968504,842.0,111,275.0,180.0,69.0
E01004110,Sutton 016A,861.0,1.0534262485481998,907.0,220,428.0,160.0,53.0
E01004111,Sutton 016B,683.0,1.1244509516837482,768.0,167,313.0,154.0,49.0
E01004112,Sutton 016C,674.0,1.3753709198813056,927.0,97,309.0,186.0,82.0
E01004114,Sutton 025D,590.0,1.9847457627118643,1171.0,25,130.0,264.0,171.0
E01004115,Sutton 009A,674.0,1.3531157270029674,912.0,93,315.0,201.0,65.0
E01004116,Sutton 008A,632.0,1.3259493670886076,838.0,118,270.0,164.0,80.0
E01004117,Sutton 006A,515.0,1.5067961165048545,776.0,44,239.0,159.0,73.0
E01004118,Sutton 009B,691.0,1.1852387843704775,819.0,163,299.0,167.0,62.0
E01004119,Sutton 009C,501.0,1.5029940119760479,753.0,57,205.0,169.0,70.0
E01004120,Sutton 016D,546.0,1.5512820512820513,847.0,53,221.0,190.0,82.0
E01004121,Sutton 006B,626.0,1.0702875399361023,670.0,134,339.0,128.0,25.0
E01004122,Sutton 008B,533.0,1.3545966228893058,722.0,79,239.0,162.0,53.0
E01004123,Sutton 002A,814.0,0.9680589680589681,788.0,246,382.0,152.0,34.0
E01004124,Sutton 002B,669.0,1.1823617339312407,791.0,136,326.0,156.0,51.0
E01004125,Sutton 001A,618.0,1.0080906148867315,623.0,194,257.0,135.0,32.0
E01004126,Sutton 002C,565.0,1.08141592920354,611.0,144,267.0,118.0,36.0
E01004127,Sutton 005A,652.0,1.2653374233128833,825.0,115,308.0,170.0,59.0
E01004128,Sutton 002D,525.0,1.1238095238095238,590.0,141,218.0,126.0,40.0
E01004129,Sutton 002E,728.0,0.8997252747252747,655.0,257,315.0,128.0,28.0
E01004130,Sutton 003A,655.0,1.4091603053435116,923.0,100,274.0,194.0,87.0
E01004131,Sutton 003B,678.0,1.2979351032448379,880.0,126,291.0,194.0,67.0
E01004132,Sutton 009D,512.0,1.560546875,799.0,43,210.0,188.0,71.0
E01004133,Sutton 009E,540.0,1.4944444444444445,807.0,51,238.0,184.0,67.0
E01004134,Sutton 003C,559.0,1.3005366726296959,727.0,103,241.0,159.0,56.0
E01004135,Sutton 003D,511.0,1.4403131115459882,736.0,67,211.0,174.0,59.0
E01004136,Sutton 003E,555.0,1.5225225225225225,845.0,54,238.0,182.0,81.0
E01004137,Sutton 012A,1160.0,0.75,870.0,446,576.0,120.0,18.0
E01004138,Sutton 013C,751.0,0.9414114513981359,707.0,206,406.0,116.0,23.0
E01004139,Sutton 013D,635.0,0.9338582677165355,593.0,199,303.0,109.0,24.0
E01004140,Sutton 012B,790.0,0.7240506329113924,572.0,346,335.0,90.0,19.0
E01004141,Sutton 012C,753.0,0.8047808764940239,606.0,287,347.0,98.0,21.0
E01004143,Sutton 014A,628.0,0.9410828025477707,591.0,170,339.0,105.0,14.0
E01004144,Sutton 007A,654.0,1.327217125382263,868.0,102,305.0,178.0,69.0
E01004145,Sutton 007B,807.0,1.2639405204460967,1020.0,138,393.0,201.0,75.0
E01004146,Sutton 007C,733.0,1.0381991814461118,761.0,193,355.0,149.0,36.0
E01004147,Sutton 007D,594.0,1.335016835016835,793.0,92,273.0,167.0,62.0
E01004148,Sutton 014B,677.0,0.9423929098966026,638.0,217,312.0,118.0,30.0
E01004149,Sutton 012E,789.0,1.0697084917617237,844.0,201,377.0,166.0,45.0
E01004150,Sutton 021C,1056.0,0.5965909090909091,630.0,531,433.0,79.0,13.0
E01004151,Sutton 021D,846.0,0.9160756501182034,775.0,258,435.0,119.0,34.0
E01004152,Sutton 018A,837.0,0.8028673835125448,672.0,298,422.0,101.0,16.0
E01004153,Sutton 021E,890.0,0.8404494382022472,748.0,289,475.0,105.0,21.0
E01004154,Sutton 022E,565.0,1.3805309734513274,780.0,78,251.0,179.0,57.0
E01004155,Sutton 018B,837.0,0.9235364396654719,773.0,234,453.0,130.0,20.0
E01004156,Sutton 018C,944.0,0.7658898305084746,723.0,346,485.0,101.0,12.0
E01004157,Sutton 016E,449.0,1.5389755011135857,691.0,34,202.0,150.0,63.0
E01004158,Sutton 018D,720.0,1.0041666666666667,723.0,178,396.0,111.0,35.0
E01004159,Sutton 014C,614.0,1.254071661237785,770.0,99,307.0,161.0,47.0
E01004160,Sutton 014D,678.0,1.140117994100295,773.0,136,348.0,157.0,37.0
E01004161,Sutton 014E,605.0,1.2578512396694215,761.0,87,317.0,159.0,42.0
E01004162,Sutton 018E,742.0,0.8881401617250674,659.0,221,402.0,100.0,19.0
E01004163,Sutton 005B,635.0,1.3826771653543306,878.0,92,284.0,183.0,76.0
E01004164,Sutton 004A,618.0,1.161812297734628,718.0,135,303.0,125.0,55.0
E01004165,Sutton 005C,711.0,1.0337552742616034,735.0,182,353.0,146.0,30.0
E01004166,Sutton 004B,676.0,1.0857988165680474,734.0,163,329.0,147.0,37.0
E01004167,Sutton 005D,581.0,1.0516351118760758,611.0,181,231.0,127.0,42.0
E01004168,Sutton 013E,584.0,1.3852739726027397,809.0,85,256.0,176.0,67.0
E01004169,Sutton 004C,701.0,1.0185449358059915,714.0,165,375.0,144.0,17.0
E01004170,Sutton 017B,914.0,1.0503282275711159,960.0,230,466.0,160.0,58.0
E01004171,Sutton 010A,575.0,1.2678260869565217,729.0,98,275.0,152.0,50.0
E01004172,Sutton 010B,844.0,0.8744075829383886,738.0,271,433.0,115.0,25.0
E01004173,Sutton 010C,529.0,1.3043478260869565,690.0,96,235.0,139.0,59.0
E01004174,Sutton 017C,681.0,1.0440528634361232,711.0,190,314.0,134.0,43.0
E01004175,Sutton 010D,694.0,1.1902017291066282,826.0,134,339.0,176.0,45.0
E01004176,Sutton 010E,615.0,1.0991869918699186,676.0,126,335.0,121.0,33.0
E01004177,Sutton 020C,908.0,0.763215859030837,693.0,383,379.0,124.0,22.0
E01004178,Sutton 017D,1060.0,0.8783018867924528,931.0,362,502.0,159.0,37.0
E01004179,Sutton 017E,606.0,1.3828382838283828,838.0,73,286.0,189.0,58.0
E01004180,Sutton 020D,625.0,1.6432,1027.0,46,238.0,234.0,107.0
E01004181,Sutton 020E,781.0,1.028169014084507,803.0,201,398.0,141.0,41.0
E01004182,Sutton 019E,671.0,0.9731743666169895,653.0,205,310.0,125.0,31.0
E01004183,Sutton 001B,680.0,1.0014705882352941,681.0,194,321.0,135.0,30.0
E01004184,Sutton 001C,605.0,1.0892561983471074,659.0,140,296.0,144.0,25.0
E01004185,Sutton 001D,808.0,0.9529702970297029,770.0,209,453.0,121.0,25.0
E01004186,Sutton 004D,766.0,1.0156657963446476,778.0,194,394.0,150.0,28.0
E01004187,Sutton 005E,642.0,1.1822429906542056,759.0,154,278.0,149.0,61.0
E01004189,Sutton 001E,768.0,1.0807291666666667,830.0,199,351.0,175.0,43.0
E01004190,Sutton 008C,504.0,1.4821428571428572,747.0,62,211.0,157.0,74.0
E01004191,Sutton 008D,714.0,1.2450980392156863,889.0,134,333.0,185.0,62.0
E01004192,Sutton 006C,728.0,1.1620879120879122,846.0,133,393.0,153.0,49.0
E01004193,Sutton 006D,1055.0,1.2208530805687203,1288.0,152,575.0,271.0,57.0
E01004194,Sutton 008E,691.0,1.096960926193922,758.0,151,356.0,150.0,34.0
E01004195,Sutton 006E,686.0,1.0422740524781342,715.0,174,348.0,125.0,39.0
E01004196,Sutton 008F,608.0,1.3207236842105263,803.0,89,288.0,178.0,53.0
E01004198,Tower Hamlets 002B,577.0,0.37608318890814557,217.0,402,140.0,28.0,7.0
E01004199,Tower Hamlets 002C,559.0,0.4275491949910555,239.0,364,161.0,24.0,10.0
E01004200,Tower Hamlets 005A,572.0,0.34615384615384615,198.0,396,159.0,12.0,5.0
E01004201,Tower Hamlets 002D,678.0,0.42035398230088494,285.0,432,213.0,27.0,6.0
E01004202,Tower Hamlets 005B,824.0,0.3616504854368932,298.0,567,220.0,33.0,4.0
E01004203,Tower Hamlets 005C,678.0,0.3687315634218289,250.0,464,181.0,30.0,3.0
E01004204,Tower Hamlets 005D,710.0,0.3957746478873239,281.0,477,188.0,42.0,3.0
E01004205,Tower Hamlets 013A,765.0,0.3712418300653595,284.0,518,213.0,31.0,3.0
E01004206,Tower Hamlets 013B,548.0,0.39233576642335766,215.0,369,148.0,26.0,5.0
E01004207,Tower Hamlets 011A,511.0,0.43052837573385516,220.0,323,160.0,24.0,4.0
E01004208,Tower Hamlets 013C,722.0,0.29085872576177285,210.0,543,152.0,23.0,4.0
E01004209,Tower Hamlets 011B,453.0,0.46799116997792495,212.0,269,159.0,22.0,3.0
E01004211,Tower Hamlets 013D,743.0,0.3041722745625841,226.0,552,163.0,21.0,7.0
E01004212,Tower Hamlets 011D,784.0,0.28061224489795916,220.0,583,183.0,17.0,1.0
E01004214,Tower Hamlets 030A,637.0,0.4427001569858713,282.0,391,212.0,32.0,2.0
E01004216,Tower Hamlets 030B,733.0,0.5075034106412005,372.0,398,301.0,31.0,3.0
E01004217,Tower Hamlets 030C,832.0,0.5264423076923077,438.0,461,311.0,53.0,7.0
E01004218,Tower Hamlets 030D,788.0,0.5774111675126904,455.0,417,301.0,56.0,14.0
E01004219,Tower Hamlets 035B,1028.0,0.2840466926070039,292.0,769,227.0,31.0,1.0
E01004221,Tower Hamlets 036A,817.0,0.4834761321909425,395.0,477,292.0,41.0,7.0
E01004222,Tower Hamlets 001A,1120.0,0.45089285714285715,505.0,689,367.0,54.0,10.0
E01004223,Tower Hamlets 001B,941.0,0.5005313496280552,471.0,533,357.0,39.0,12.0
E01004226,Tower Hamlets 001D,911.0,0.42371020856201974,386.0,588,267.0,49.0,7.0
E01004228,Tower Hamlets 003A,816.0,0.49754901960784315,406.0,477,280.0,51.0,8.0
E01004229,Tower Hamlets 004C,539.0,0.5398886827458256,291.0,300,196.0,34.0,9.0
E01004230,Tower Hamlets 003B,833.0,0.4729891956782713,394.0,505,268.0,54.0,6.0
E01004231,Tower Hamlets 004D,589.0,0.46519524617996605,274.0,357,195.0,32.0,5.0
E01004232,Tower Hamlets 003C,633.0,0.6461295418641391,409.0,304,268.0,42.0,19.0
E01004233,Tower Hamlets 003D,931.0,0.4070891514500537,379.0,610,272.0,40.0,9.0
E01004234,Tower Hamlets 003E,937.0,0.5880469583778015,551.0,498,333.0,100.0,6.0
E01004235,Tower Hamlets 008A,485.0,0.4268041237113402,207.0,304,155.0,26.0,0.0
E01004236,Tower Hamlets 008B,493.0,0.5537525354969574,273.0,266,184.0,40.0,3.0
E01004237,Tower Hamlets 008C,622.0,0.39067524115755625,243.0,403,196.0,22.0,1.0
E01004239,Tower Hamlets 008E,539.0,0.5695732838589982,307.0,292,196.0,42.0,9.0
E01004240,Tower Hamlets 012A,542.0,0.566420664206642,307.0,293,201.0,38.0,10.0
E01004241,Tower Hamlets 012B,544.0,0.53125,289.0,299,207.0,32.0,6.0
E01004243,Tower Hamlets 020A,458.0,0.4650655021834061,213.0,283,141.0,30.0,4.0
E01004244,Tower Hamlets 020B,707.0,0.39462517680339465,279.0,463,212.0,29.0,3.0
E01004245,Tower Hamlets 018A,1068.0,0.3838951310861423,410.0,721,291.0,49.0,7.0
E01004247,Tower Hamlets 020C,865.0,0.38265895953757223,331.0,580,242.0,40.0,3.0
E01004248,Tower Hamlets 018C,615.0,0.44552845528455287,274.0,380,200.0,31.0,4.0
E01004249,Tower Hamlets 018D,778.0,0.525706940874036,409.0,434,285.0,53.0,6.0
E01004251,Tower Hamlets 023A,932.0,0.4366952789699571,407.0,586,292.0,47.0,7.0
E01004255,Tower Hamlets 023C,618.0,0.441747572815534,273.0,388,191.0,35.0,4.0
E01004256,Tower Hamlets 024C,600.0,0.45666666666666667,274.0,372,187.0,36.0,5.0
E01004257,Tower Hamlets 024D,752.0,0.4454787234042553,335.0,464,249.0,31.0,8.0
E01004258,Tower Hamlets 023D,691.0,0.5354558610709117,370.0,376,267.0,41.0,7.0
E01004259,Tower Hamlets 007A,783.0,0.3231162196679438,253.0,562,195.0,20.0,6.0
E01004260,Tower Hamlets 007B,602.0,0.46511627906976744,280.0,364,199.0,36.0,3.0
E01004263,Tower Hamlets 007C,484.0,0.5227272727272727,253.0,271,177.0,32.0,4.0
E01004264,Tower Hamlets 010C,441.0,0.4580498866213152,202.0,279,130.0,24.0,8.0
E01004266,Tower Hamlets 007D,552.0,0.519927536231884,287.0,306,207.0,37.0,2.0
E01004267,Tower Hamlets 012D,902.0,0.43458980044345896,392.0,557,300.0,43.0,2.0
E01004268,Tower Hamlets 012E,730.0,0.35205479452054794,257.0,503,197.0,30.0,0.0
E01004270,Tower Hamlets 014B,841.0,0.460166468489893,387.0,537,239.0,47.0,18.0
E01004271,Tower Hamlets 014C,904.0,0.4081858407079646,369.0,581,284.0,32.0,7.0
E01004272,Tower Hamlets 014D,872.0,0.4426605504587156,386.0,551,266.0,45.0,10.0
E01004274,Tower Hamlets 031A,665.0,0.6421052631578947,427.0,328,264.0,56.0,17.0
E01004275,Tower Hamlets 031B,887.0,0.5411499436302142,480.0,474,355.0,49.0,9.0
E01004276,Tower Hamlets 031C,958.0,0.5542797494780793,531.0,493,405.0,54.0,6.0
E01004277,Tower Hamlets 033A,852.0,0.3755868544600939,320.0,566,256.0,26.0,4.0
E01004280,Tower Hamlets 032A,748.0,0.49732620320855614,372.0,438,259.0,40.0,11.0
E01004281,Tower Hamlets 031D,811.0,0.4784217016029593,388.0,488,271.0,39.0,13.0
E01004283,Tower Hamlets 016A,734.0,0.4822888283378747,354.0,441,240.0,45.0,8.0
E01004286,Tower Hamlets 019C,851.0,0.54524089306698,464.0,466,314.0,63.0,8.0
E01004287,Tower Hamlets 016B,879.0,0.3856655290102389,339.0,588,248.0,38.0,5.0
E01004288,Tower Hamlets 019D,610.0,0.521311475409836,318.0,350,206.0,50.0,4.0
E01004289,Tower Hamlets 016C,658.0,0.5258358662613982,346.0,373,232.0,45.0,8.0
E01004290,Tower Hamlets 016D,775.0,0.37548387096774194,291.0,515,232.0,25.0,3.0
E01004291,Tower Hamlets 027A,1006.0,0.4562624254473161,459.0,605,352.0,40.0,9.0
E01004292,Tower Hamlets 026A,765.0,0.469281045751634,359.0,452,274.0,32.0,7.0
E01004293,Tower Hamlets 027B,1004.0,0.46613545816733065,468.0,600,346.0,52.0,6.0
E01004295,Tower Hamlets 026C,666.0,0.4009009009009009,267.0,439,192.0,30.0,5.0
E01004296,Tower Hamlets 026D,1099.0,0.3348498635122839,368.0,775,286.0,32.0,6.0
E01004297,Tower Hamlets 027C,882.0,0.5952380952380952,525.0,464,340.0,49.0,29.0
E01004298,Tower Hamlets 022A,569.0,0.4094903339191564,233.0,374,162.0,28.0,5.0
E01004300,Tower Hamlets 022B,535.0,0.45981308411214955,246.0,324,181.0,25.0,5.0
E01004301,Tower Hamlets 025B,478.0,0.4393305439330544,210.0,295,160.0,19.0,4.0
E01004302,Tower Hamlets 025C,553.0,0.35804701627486435,198.0,379,153.0,18.0,3.0
E01004303,Tower Hamlets 025D,1008.0,0.46825396825396826,472.0,610,333.0,56.0,9.0
E01004304,Tower Hamlets 022C,621.0,0.35909822866344604,223.0,441,145.0,27.0,8.0
E01004305,Tower Hamlets 022D,667.0,0.4302848575712144,287.0,420,208.0,38.0,1.0
E01004306,Tower Hamlets 015A,689.0,0.3991291727140784,275.0,476,160.0,44.0,9.0
E01004307,Tower Hamlets 015B,1029.0,0.20894071914480078,215.0,833,179.0,15.0,2.0
E01004308,Tower Hamlets 015C,508.0,0.37598425196850394,191.0,352,126.0,25.0,5.0
E01004309,Tower Hamlets 015D,942.0,0.27070063694267515,255.0,727,180.0,30.0,5.0
E01004310,Tower Hamlets 015E,844.0,0.25829383886255924,218.0,650,172.0,20.0,2.0
E01004311,Tower Hamlets 006A,757.0,0.3619550858652576,274.0,517,209.0,28.0,3.0
E01004312,Tower Hamlets 009A,486.0,0.3991769547325103,194.0,328,126.0,28.0,4.0
E01004313,Tower Hamlets 009B,804.0,0.31716417910447764,255.0,576,203.0,23.0,2.0
E01004315,Tower Hamlets 006C,659.0,0.37632776934749623,248.0,447,183.0,22.0,7.0
E01004316,Tower Hamlets 009C,439.0,0.2984054669703872,131.0,323,105.0,7.0,4.0
E01004319,Tower Hamlets 021A,842.0,0.333729216152019,281.0,602,205.0,29.0,6.0
E01004321,Tower Hamlets 021C,843.0,0.3013048635824436,254.0,630,177.0,31.0,5.0
E01004322,Tower Hamlets 017A,527.0,0.31499051233396586,166.0,382,124.0,21.0,0.0
E01004323,Tower Hamlets 017B,474.0,0.47468354430379744,225.0,306,126.0,27.0,15.0
E01004324,Tower Hamlets 017C,514.0,0.4182879377431907,215.0,329,157.0,26.0,2.0
E01004326,Tower Hamlets 017D,766.0,0.27676240208877284,212.0,575,173.0,15.0,3.0
E01004327,Waltham Forest 028A,472.0,0.8050847457627118,380.0,184,202.0,80.0,6.0
E01004328,Waltham Forest 028B,658.0,0.6200607902735562,408.0,324,270.0,54.0,10.0
E01004329,Waltham Forest 028C,641.0,0.6489859594383776,416.0,302,279.0,43.0,17.0
E01004330,Waltham Forest 028D,609.0,0.7372742200328407,449.0,231,313.0,59.0,6.0
E01004331,Waltham Forest 028E,603.0,0.6832504145936982,412.0,262,276.0,59.0,6.0
E01004332,Waltham Forest 028F,651.0,0.6359447004608295,414.0,331,247.0,52.0,21.0
E01004333,Waltham Forest 024A,583.0,0.6397941680960549,373.0,277,247.0,51.0,8.0
E01004334,Waltham Forest 024B,613.0,0.44208809135399674,271.0,379,200.0,31.0,3.0
E01004335,Waltham Forest 027A,615.0,0.6325203252032521,389.0,321,215.0,63.0,16.0
E01004336,Waltham Forest 026A,581.0,0.5094664371772806,296.0,345,183.0,46.0,7.0
E01004337,Waltham Forest 027B,647.0,0.5904173106646059,382.0,325,267.0,50.0,5.0
E01004338,Waltham Forest 027C,646.0,0.5603715170278638,362.0,343,257.0,33.0,13.0
E01004339,Waltham Forest 027D,695.0,0.6863309352517986,477.0,310,304.0,70.0,11.0
E01004340,Waltham Forest 027E,716.0,0.5754189944134078,412.0,395,250.0,51.0,20.0
E01004341,Waltham Forest 027F,740.0,0.581081081081081,430.0,400,263.0,64.0,13.0
E01004342,Waltham Forest 011A,723.0,0.7952973720608575,575.0,275,345.0,79.0,24.0
E01004343,Waltham Forest 008A,652.0,1.044478527607362,681.0,143,363.0,120.0,26.0
E01004344,Waltham Forest 008B,664.0,0.8343373493975904,554.0,248,297.0,100.0,19.0
E01004345,Waltham Forest 010A,617.0,0.8217179902755267,507.0,223,297.0,81.0,16.0
E01004346,Waltham Forest 011B,567.0,0.9911816578483245,562.0,148,301.0,93.0,25.0
E01004347,Waltham Forest 011C,804.0,0.695273631840796,559.0,326,405.0,65.0,8.0
E01004348,Waltham Forest 010B,1198.0,0.6527545909849749,782.0,538,559.0,80.0,21.0
E01004349,Waltham Forest 001A,551.0,1.221415607985481,673.0,122,239.0,136.0,54.0
E01004350,Waltham Forest 001B,920.0,0.8521739130434782,784.0,364,378.0,128.0,50.0
E01004351,Waltham Forest 001C,637.0,1.3061224489795917,832.0,109,290.0,172.0,66.0
E01004352,Waltham Forest 002A,791.0,1.1959544879898862,946.0,168,364.0,195.0,64.0
E01004353,Waltham Forest 002B,790.0,1.1822784810126583,934.0,163,376.0,195.0,56.0
E01004354,Waltham Forest 002C,775.0,1.0348387096774194,802.0,211,374.0,142.0,48.0
E01004355,Waltham Forest 004A,681.0,1.0881057268722467,741.0,178,314.0,140.0,49.0
E01004356,Waltham Forest 001D,592.0,1.3158783783783783,779.0,112,239.0,183.0,58.0
E01004357,Waltham Forest 001E,576.0,1.3159722222222223,758.0,100,255.0,160.0,61.0
E01004358,Waltham Forest 002D,881.0,1.0238365493757093,902.0,262,397.0,161.0,61.0
E01004359,Waltham Forest 002E,598.0,1.3444816053511706,804.0,101,259.0,169.0,69.0
E01004360,Waltham Forest 004B,476.0,1.4243697478991597,678.0,53,226.0,139.0,58.0
E01004361,Waltham Forest 005A,496.0,1.4919354838709677,740.0,56,202.0,176.0,62.0
E01004362,Waltham Forest 021A,675.0,0.7288888888888889,492.0,274,323.0,65.0,13.0
E01004363,Waltham Forest 019A,520.0,0.9173076923076923,477.0,160,265.0,73.0,22.0
E01004364,Waltham Forest 019B,620.0,0.8274193548387097,513.0,229,284.0,92.0,15.0
E01004365,Waltham Forest 020A,794.0,0.6120906801007556,486.0,435,265.0,61.0,33.0
E01004366,Waltham Forest 019C,666.0,0.8528528528528528,568.0,233,321.0,89.0,23.0
E01004367,Waltham Forest 019D,530.0,0.7132075471698113,378.0,247,207.0,57.0,19.0
E01004368,Waltham Forest 019E,781.0,0.8463508322663252,661.0,330,302.0,88.0,61.0
E01004369,Waltham Forest 023A,634.0,0.638801261829653,405.0,301,268.0,58.0,7.0
E01004370,Waltham Forest 023B,804.0,0.6156716417910447,495.0,401,325.0,64.0,14.0
E01004371,Waltham Forest 025A,606.0,0.6914191419141914,419.0,269,261.0,70.0,6.0
E01004372,Waltham Forest 023C,692.0,0.5765895953757225,399.0,340,314.0,29.0,9.0
E01004373,Waltham Forest 025B,680.0,0.5588235294117647,380.0,365,259.0,47.0,9.0
E01004374,Waltham Forest 025C,706.0,0.6246458923512748,441.0,346,288.0,63.0,9.0
E01004375,Waltham Forest 025D,708.0,0.632768361581921,448.0,334,312.0,50.0,12.0
E01004376,Waltham Forest 025E,656.0,0.5594512195121951,367.0,367,225.0,50.0,14.0
E01004377,Waltham Forest 010C,617.0,1.220421393841167,753.0,115,307.0,139.0,56.0
E01004378,Waltham Forest 010D,672.0,0.8764880952380952,589.0,225,328.0,96.0,23.0
E01004379,Waltham Forest 007A,728.0,1.0137362637362637,738.0,180,394.0,118.0,36.0
E01004380,Waltham Forest 007B,622.0,1.117363344051447,695.0,156,283.0,137.0,46.0
E01004381,Waltham Forest 007C,743.0,0.9865410497981157,733.0,190,402.0,122.0,29.0
E01004382,Waltham Forest 008C,626.0,0.8162939297124601,511.0,221,318.0,68.0,19.0
E01004383,Waltham Forest 007D,581.0,1.2409638554216869,721.0,101,287.0,145.0,48.0
E01004384,Waltham Forest 003A,744.0,0.978494623655914,728.0,228,341.0,138.0,37.0
E01004385,Waltham Forest 003B,655.0,0.8977099236641222,588.0,221,306.0,102.0,26.0
E01004386,Waltham Forest 003C,649.0,1.4221879815100154,923.0,76,287.0,222.0,64.0
E01004387,Waltham Forest 007E,521.0,1.3224568138195778,689.0,62,271.0,146.0,42.0
E01004388,Waltham Forest 007F,659.0,0.936267071320182,617.0,203,320.0,111.0,25.0
E01004389,Waltham Forest 003D,690.0,1.1101449275362318,766.0,172,318.0,152.0,48.0
E01004390,Waltham Forest 003E,633.0,1.09478672985782,693.0,162,292.0,136.0,43.0
E01004391,Waltham Forest 014A,977.0,0.49129989764585463,480.0,566,351.0,51.0,9.0
E01004392,Waltham Forest 017A,980.0,0.523469387755102,513.0,543,370.0,58.0,9.0
E01004393,Waltham Forest 014B,767.0,0.42503259452411996,326.0,474,264.0,25.0,4.0
E01004394,Waltham Forest 017B,790.0,0.5810126582278481,459.0,405,319.0,58.0,8.0
E01004395,Waltham Forest 018A,595.0,0.7411764705882353,441.0,235,293.0,53.0,14.0
E01004396,Waltham Forest 012A,697.0,0.6183644189383071,431.0,345,286.0,53.0,13.0
E01004397,Waltham Forest 017C,1129.0,0.4720992028343667,533.0,699,341.0,75.0,14.0
E01004398,Waltham Forest 009A,664.0,0.8930722891566265,593.0,232,300.0,103.0,29.0
E01004399,Waltham Forest 009B,598.0,0.8929765886287625,534.0,191,303.0,81.0,23.0
E01004400,Waltham Forest 009C,653.0,0.77947932618683,509.0,258,299.0,78.0,18.0
E01004401,Waltham Forest 014C,889.0,0.6445444319460067,573.0,402,411.0,66.0,10.0
E01004402,Waltham Forest 009D,655.0,0.7465648854961832,489.0,276,287.0,74.0,18.0
E01004403,Waltham Forest 009E,899.0,0.8031145717463849,722.0,324,442.0,119.0,14.0
E01004404,Waltham Forest 014D,1106.0,0.6012658227848101,665.0,543,469.0,86.0,8.0
E01004405,Waltham Forest 020B,613.0,0.7096247960848288,435.0,272,262.0,64.0,15.0
E01004406,Waltham Forest 016A,738.0,0.494579945799458,365.0,429,261.0,40.0,8.0
E01004407,Waltham Forest 013A,664.0,0.45933734939759036,305.0,413,207.0,34.0,10.0
E01004408,Waltham Forest 016B,711.0,0.5682137834036568,404.0,359,306.0,40.0,6.0
E01004409,Waltham Forest 016C,750.0,0.49733333333333335,373.0,432,269.0,43.0,6.0
E01004410,Waltham Forest 013B,822.0,0.5352798053527981,440.0,446,323.0,42.0,11.0
E01004411,Waltham Forest 016D,767.0,0.530638852672751,407.0,419,295.0,47.0,6.0
E01004412,Waltham Forest 015A,751.0,0.6045272969374168,454.0,349,357.0,38.0,7.0
E01004413,Waltham Forest 004C,704.0,0.9161931818181818,645.0,239,313.0,124.0,28.0
E01004414,Waltham Forest 005B,635.0,1.094488188976378,695.0,163,296.0,129.0,47.0
E01004415,Waltham Forest 004D,622.0,1.1141479099678457,693.0,173,256.0,142.0,51.0
E01004416,Waltham Forest 004E,718.0,1.0947075208913648,786.0,176,350.0,140.0,52.0
E01004417,Waltham Forest 005C,699.0,1.011444921316166,707.0,223,296.0,129.0,51.0
E01004418,Waltham Forest 008D,649.0,1.073959938366718,697.0,168,310.0,126.0,45.0
E01004419,Waltham Forest 008E,927.0,1.0021574973031284,929.0,253,469.0,155.0,50.0
E01004420,Waltham Forest 020C,736.0,0.625,460.0,391,249.0,77.0,19.0
E01004421,Waltham Forest 018B,595.0,0.8907563025210085,530.0,218,252.0,97.0,28.0
E01004422,Waltham Forest 022A,980.0,0.6061224489795919,594.0,508,374.0,74.0,24.0
E01004423,Waltham Forest 020D,711.0,0.5738396624472574,408.0,392,245.0,59.0,15.0
E01004424,Waltham Forest 022B,735.0,0.6857142857142857,504.0,374,261.0,57.0,43.0
E01004425,Waltham Forest 022C,836.0,0.5251196172248804,439.0,445,346.0,42.0,3.0
E01004426,Waltham Forest 022D,602.0,0.8056478405315615,485.0,245,248.0,90.0,19.0
E01004427,Waltham Forest 022E,828.0,0.5132850241545893,425.0,460,319.0,41.0,8.0
E01004428,Waltham Forest 026B,709.0,0.6614950634696756,469.0,342,279.0,74.0,14.0
E01004429,Waltham Forest 026C,699.0,0.6094420600858369,426.0,358,270.0,57.0,14.0
E01004430,Waltham Forest 026D,1077.0,0.47168059424326836,508.0,637,378.0,56.0,6.0
E01004432,Waltham Forest 023D,703.0,0.6429587482219061,452.0,335,294.0,64.0,10.0
E01004434,Waltham Forest 026E,749.0,0.678237650200267,508.0,350,309.0,71.0,19.0
E01004435,Waltham Forest 023E,818.0,0.5635696821515892,461.0,448,294.0,61.0,15.0
E01004436,Waltham Forest 021B,578.0,0.7318339100346021,423.0,253,244.0,64.0,17.0
E01004437,Waltham Forest 021C,750.0,0.5813333333333334,436.0,396,289.0,48.0,17.0
E01004438,Waltham Forest 024C,797.0,0.6311166875784191,503.0,392,322.0,68.0,15.0
E01004439,Waltham Forest 021D,663.0,0.6425339366515838,426.0,323,268.0,58.0,14.0
E01004440,Waltham Forest 024D,805.0,0.546583850931677,440.0,432,319.0,41.0,13.0
E01004441,Waltham Forest 024E,609.0,0.7635467980295566,465.0,233,303.0,57.0,16.0
E01004442,Waltham Forest 021E,619.0,0.7609046849757674,471.0,240,305.0,56.0,18.0
E01004443,Waltham Forest 016E,783.0,0.5696040868454662,446.0,422,294.0,49.0,18.0
E01004444,Waltham Forest 017D,1150.0,0.4547826086956522,523.0,702,380.0,61.0,7.0
E01004445,Waltham Forest 018C,679.0,0.6524300441826215,443.0,318,300.0,40.0,21.0
E01004446,Waltham Forest 017E,797.0,0.6273525721455459,500.0,375,353.0,60.0,9.0
E01004447,Waltham Forest 016F,653.0,0.7013782542113323,458.0,273,313.0,56.0,11.0
E01004448,Waltham Forest 018D,762.0,0.6614173228346457,504.0,338,355.0,58.0,11.0
E01004449,Waltham Forest 018E,638.0,0.719435736677116,459.0,291,253.0,76.0,18.0
E01004450,Waltham Forest 006A,604.0,1.3096026490066226,791.0,98,276.0,175.0,55.0
E01004451,Waltham Forest 005D,630.0,1.288888888888889,812.0,129,254.0,183.0,64.0
E01004452,Waltham Forest 005E,766.0,0.9086161879895561,696.0,274,332.0,116.0,44.0
E01004453,Waltham Forest 006B,657.0,1.1278538812785388,741.0,150,320.0,140.0,47.0
E01004454,Waltham Forest 006C,689.0,1.0377358490566038,715.0,184,335.0,130.0,40.0
E01004455,Waltham Forest 006D,604.0,0.9701986754966887,586.0,189,279.0,101.0,35.0
E01004456,Waltham Forest 006E,562.0,0.8451957295373665,475.0,222,232.0,81.0,27.0
E01004457,Waltham Forest 012B,756.0,0.6005291005291006,454.0,356,350.0,46.0,4.0
E01004458,Waltham Forest 012C,758.0,0.6358839050131926,482.0,351,337.0,65.0,5.0
E01004459,Waltham Forest 012D,523.0,0.768642447418738,402.0,226,212.0,65.0,20.0
E01004460,Waltham Forest 011D,703.0,0.7510668563300142,528.0,300,310.0,61.0,32.0
E01004462,Waltham Forest 011E,833.0,0.6338535414165666,528.0,394,365.0,59.0,15.0
E01004463,Waltham Forest 012E,893.0,0.574468085106383,513.0,447,388.0,49.0,9.0
E01004464,Waltham Forest 013C,682.0,0.5146627565982405,351.0,380,255.0,45.0,2.0
E01004465,Waltham Forest 015B,569.0,0.7873462214411248,448.0,219,271.0,60.0,19.0
E01004466,Waltham Forest 015C,671.0,0.7183308494783904,482.0,257,355.0,50.0,9.0
E01004467,Waltham Forest 015D,911.0,0.5850713501646543,533.0,478,353.0,60.0,20.0
E01004468,Waltham Forest 015E,667.0,0.9295352323838081,620.0,188,363.0,91.0,25.0
E01004469,Waltham Forest 013D,645.0,0.710077519379845,458.0,293,263.0,72.0,17.0
E01004470,Waltham Forest 013E,603.0,0.6417910447761194,387.0,285,257.0,53.0,8.0
E01004471,Waltham Forest 013F,655.0,0.6885496183206107,451.0,294,286.0,60.0,15.0
E01004472,Wandsworth 021A,756.0,0.6997354497354498,529.0,325,350.0,64.0,17.0
E01004473,Wandsworth 026A,753.0,0.5883134130146083,443.0,359,350.0,39.0,5.0
E01004474,Wandsworth 021B,984.0,0.4034552845528455,397.0,639,299.0,40.0,6.0
E01004475,Wandsworth 026B,635.0,0.5937007874015748,377.0,303,289.0,41.0,2.0
E01004476,Wandsworth 021C,886.0,0.4683972911963883,415.0,526,312.0,41.0,7.0
E01004477,Wandsworth 017A,607.0,0.9736408566721582,591.0,150,337.0,106.0,14.0
E01004478,Wandsworth 017B,520.0,1.0365384615384616,539.0,110,307.0,77.0,26.0
E01004479,Wandsworth 017C,608.0,0.9671052631578947,588.0,199,263.0,113.0,33.0
E01004480,Wandsworth 026C,669.0,0.6591928251121076,441.0,291,322.0,49.0,7.0
E01004481,Wandsworth 029A,688.0,0.5494186046511628,378.0,379,250.0,49.0,10.0
E01004482,Wandsworth 030A,609.0,0.6223316912972086,379.0,301,248.0,49.0,11.0
E01004483,Wandsworth 026D,961.0,0.6108220603537982,587.0,452,441.0,58.0,10.0
E01004484,Wandsworth 026E,626.0,0.6437699680511182,403.0,303,255.0,56.0,12.0
E01004485,Wandsworth 030B,748.0,0.5521390374331551,413.0,406,279.0,55.0,8.0
E01004486,Wandsworth 026F,737.0,0.576662143826323,425.0,382,295.0,50.0,10.0
E01004487,Wandsworth 030C,701.0,0.6419400855920114,450.0,346,271.0,73.0,11.0
E01004488,Wandsworth 029B,555.0,0.7297297297297297,405.0,232,250.0,64.0,9.0
E01004489,Wandsworth 030D,600.0,0.6783333333333333,407.0,289,226.0,74.0,11.0
E01004490,Wandsworth 031A,600.0,0.8166666666666667,490.0,184,352.0,54.0,10.0
E01004491,Wandsworth 031B,1124.0,0.47153024911032027,530.0,664,399.0,52.0,9.0
E01004492,Wandsworth 031C,741.0,0.6545209176788124,485.0,323,360.0,49.0,9.0
E01004493,Wandsworth 019A,844.0,0.6623222748815166,559.0,351,431.0,58.0,4.0
E01004494,Wandsworth 018A,804.0,0.6256218905472637,503.0,372,366.0,61.0,5.0
E01004495,Wandsworth 024A,522.0,0.6973180076628352,364.0,232,228.0,50.0,12.0
E01004496,Wandsworth 024B,935.0,0.5807486631016042,543.0,465,404.0,59.0,7.0
E01004497,Wandsworth 024C,522.0,0.9022988505747126,471.0,138,307.0,67.0,10.0
E01004498,Wandsworth 031D,745.0,0.72751677852349,542.0,270,414.0,55.0,6.0
E01004499,Wandsworth 020A,704.0,0.6505681818181818,458.0,327,306.0,61.0,10.0
E01004500,Wandsworth 014A,984.0,0.5203252032520326,512.0,546,372.0,58.0,8.0
E01004501,Wandsworth 014B,667.0,0.6506746626686657,434.0,325,266.0,60.0,16.0
E01004502,Wandsworth 020B,684.0,0.8011695906432749,548.0,256,322.0,92.0,14.0
E01004503,Wandsworth 014C,719.0,0.7190542420027817,517.0,316,305.0,82.0,16.0
E01004504,Wandsworth 020C,552.0,1.056159420289855,583.0,136,271.0,123.0,22.0
E01004505,Wandsworth 014D,781.0,0.6811779769526248,532.0,346,354.0,65.0,16.0
E01004506,Wandsworth 011A,1104.0,0.5760869565217391,636.0,581,426.0,81.0,16.0
E01004507,Wandsworth 014E,1236.0,0.46682847896440127,577.0,725,453.0,50.0,8.0
E01004508,Wandsworth 012A,982.0,0.5529531568228105,543.0,526,380.0,65.0,11.0
E01004510,Wandsworth 012B,863.0,0.5909617612977984,510.0,444,343.0,61.0,15.0
E01004511,Wandsworth 010B,652.0,0.7116564417177914,464.0,265,320.0,57.0,10.0
E01004512,Wandsworth 019B,607.0,0.8105436573311368,492.0,210,316.0,67.0,14.0
E01004513,Wandsworth 018B,848.0,0.5117924528301887,434.0,474,320.0,48.0,6.0
E01004514,Wandsworth 012C,801.0,0.7590511860174781,608.0,286,431.0,75.0,9.0
E01004515,Wandsworth 012D,766.0,0.5091383812010444,390.0,443,268.0,43.0,12.0
E01004516,Wandsworth 036A,503.0,1.073558648111332,540.0,112,266.0,101.0,24.0
E01004517,Wandsworth 037A,885.0,0.6440677966101694,570.0,431,348.0,96.0,10.0
E01004518,Wandsworth 036B,651.0,0.8970814132104454,584.0,202,335.0,93.0,21.0
E01004519,Wandsworth 036C,614.0,0.7866449511400652,483.0,226,302.0,77.0,9.0
E01004520,Wandsworth 036D,439.0,0.9043280182232346,397.0,137,221.0,67.0,14.0
E01004521,Wandsworth 037B,764.0,0.7552356020942408,577.0,287,392.0,70.0,15.0
E01004522,Wandsworth 037C,639.0,0.755868544600939,483.0,248,314.0,62.0,15.0
E01004523,Wandsworth 036E,709.0,0.7179125528913963,509.0,329,273.0,85.0,22.0
E01004524,Wandsworth 037D,817.0,0.5152998776009792,421.0,456,307.0,48.0,6.0
E01004525,Wandsworth 035A,725.0,0.45379310344827584,329.0,437,248.0,39.0,1.0
E01004526,Wandsworth 035B,753.0,0.5086321381142098,383.0,423,285.0,37.0,8.0
E01004527,Wandsworth 035C,601.0,0.6089850249584027,366.0,291,255.0,54.0,1.0
E01004528,Wandsworth 035D,713.0,0.544179523141655,388.0,386,274.0,45.0,8.0
E01004529,Wandsworth 035E,887.0,0.588500563697858,522.0,422,413.0,47.0,5.0
E01004530,Wandsworth 035F,736.0,0.6100543478260869,449.0,365,304.0,56.0,11.0
E01004531,Wandsworth 033A,652.0,0.6549079754601227,427.0,284,316.0,45.0,7.0
E01004532,Wandsworth 032A,622.0,0.6511254019292605,405.0,279,288.0,48.0,7.0
E01004533,Wandsworth 033B,612.0,0.6405228758169934,392.0,286,270.0,46.0,10.0
E01004534,Wandsworth 008A,792.0,0.7537878787878788,597.0,321,366.0,84.0,21.0
E01004535,Wandsworth 007A,709.0,0.40479548660084624,287.0,462,209.0,36.0,2.0
E01004536,Wandsworth 008B,881.0,0.3961407491486947,349.0,579,261.0,35.0,6.0
E01004537,Wandsworth 007B,931.0,0.38238453276047263,356.0,632,251.0,39.0,9.0
E01004538,Wandsworth 007C,1086.0,0.4861878453038674,528.0,634,379.0,70.0,3.0
E01004539,Wandsworth 003A,781.0,0.4507042253521127,352.0,487,243.0,44.0,7.0
E01004540,Wandsworth 003B,1043.0,0.4937679769894535,515.0,607,368.0,57.0,11.0
E01004541,Wandsworth 007D,771.0,0.377431906614786,291.0,514,225.0,30.0,2.0
E01004542,Wandsworth 021D,596.0,0.825503355704698,492.0,195,317.0,77.0,7.0
E01004543,Wandsworth 027A,717.0,0.8926080892608089,640.0,236,343.0,117.0,21.0
E01004544,Wandsworth 021E,590.0,0.7949152542372881,469.0,223,284.0,64.0,19.0
E01004545,Wandsworth 027B,1020.0,0.4,408.0,659,318.0,39.0,4.0
E01004546,Wandsworth 027C,614.0,0.7068403908794788,434.0,257,290.0,57.0,10.0
E01004547,Wandsworth 029C,557.0,0.800718132854578,446.0,204,270.0,73.0,10.0
E01004548,Wandsworth 029D,1022.0,0.4520547945205479,462.0,627,333.0,57.0,5.0
E01004549,Wandsworth 027D,666.0,0.7522522522522522,501.0,278,292.0,79.0,17.0
E01004550,Wandsworth 017D,521.0,0.7773512476007678,405.0,207,237.0,63.0,14.0
E01004551,Wandsworth 012E,786.0,0.36768447837150126,289.0,534,218.0,31.0,3.0
E01004552,Wandsworth 008C,886.0,0.4887133182844244,433.0,527,294.0,56.0,9.0
E01004553,Wandsworth 015A,780.0,0.6230769230769231,486.0,368,346.0,58.0,8.0
E01004554,Wandsworth 009A,622.0,0.7861736334405145,489.0,219,324.0,72.0,7.0
E01004555,Wandsworth 017E,579.0,0.9447322970639033,547.0,141,346.0,75.0,17.0
E01004556,Wandsworth 009B,585.0,0.8564102564102564,501.0,171,335.0,71.0,8.0
E01004557,Wandsworth 015B,662.0,0.7054380664652568,467.0,258,350.0,45.0,9.0
E01004558,Wandsworth 015C,670.0,0.7776119402985074,521.0,255,325.0,74.0,16.0
E01004559,Wandsworth 015D,517.0,0.9613152804642167,497.0,147,261.0,91.0,18.0
E01004560,Wandsworth 001A,883.0,0.6194790486976217,547.0,452,331.0,84.0,16.0
E01004563,Wandsworth 039E,868.0,0.39631336405529954,344.0,562,273.0,28.0,5.0
E01004564,Wandsworth 039D,828.0,0.538647342995169,446.0,443,330.0,49.0,6.0
E01004565,Wandsworth 005A,779.0,0.5455712451861361,425.0,409,318.0,49.0,3.0
E01004566,Wandsworth 001B,786.0,0.5712468193384224,449.0,411,310.0,56.0,9.0
E01004567,Wandsworth 039A,981.0,0.3934760448521916,386.0,640,300.0,37.0,4.0
E01004568,Wandsworth 013A,458.0,0.5087336244541485,233.0,254,178.0,23.0,3.0
E01004569,Wandsworth 023A,724.0,0.7251381215469613,525.0,334,274.0,97.0,19.0
E01004570,Wandsworth 023B,720.0,0.5444444444444444,392.0,398,257.0,60.0,5.0
E01004571,Wandsworth 023C,687.0,0.5967976710334789,410.0,354,266.0,57.0,10.0
E01004572,Wandsworth 016A,667.0,0.8020989505247377,535.0,261,295.0,93.0,18.0
E01004573,Wandsworth 023D,633.0,0.8562401263823065,542.0,235,281.0,90.0,27.0
E01004574,Wandsworth 013B,703.0,0.49644381223328593,349.0,408,247.0,42.0,6.0
E01004575,Wandsworth 013C,681.0,0.6035242290748899,411.0,350,262.0,58.0,11.0
E01004576,Wandsworth 013D,593.0,0.866779089376054,514.0,250,213.0,89.0,41.0
E01004577,Wandsworth 003C,820.0,0.6134146341463415,503.0,415,326.0,60.0,19.0
E01004579,Wandsworth 004B,827.0,0.6481257557436517,536.0,386,359.0,69.0,13.0
E01004580,Wandsworth 004C,893.0,0.44456886898096304,397.0,555,287.0,43.0,8.0
E01004581,Wandsworth 004D,838.0,0.5155131264916468,432.0,462,324.0,48.0,4.0
E01004582,Wandsworth 001C,985.0,0.700507614213198,690.0,472,366.0,117.0,30.0
E01004583,Wandsworth 001D,814.0,0.6130221130221131,499.0,409,326.0,64.0,15.0
E01004584,Wandsworth 003D,716.0,0.4092178770949721,293.0,472,202.0,35.0,7.0
E01004585,Wandsworth 008D,823.0,0.5783718104495748,476.0,410,354.0,55.0,4.0
E01004586,Wandsworth 009C,851.0,0.5534665099882491,471.0,433,370.0,43.0,5.0
E01004587,Wandsworth 009D,697.0,0.7288378766140603,508.0,277,345.0,62.0,13.0
E01004588,Wandsworth 008E,881.0,0.6004540295119183,529.0,438,369.0,62.0,12.0
E01004589,Wandsworth 009E,732.0,0.6065573770491803,444.0,349,330.0,45.0,8.0
E01004590,Wandsworth 005B,815.0,0.5914110429447853,482.0,412,336.0,55.0,12.0
E01004591,Wandsworth 005C,865.0,0.49710982658959535,430.0,496,319.0,39.0,11.0
E01004592,Wandsworth 005D,779.0,0.5622593068035944,438.0,395,335.0,44.0,5.0
E01004593,Wandsworth 025A,836.0,0.6543062200956937,547.0,369,399.0,56.0,12.0
E01004594,Wandsworth 020D,626.0,0.9249201277955271,579.0,162,362.0,89.0,13.0
E01004595,Wandsworth 025B,794.0,0.7367758186397985,585.0,295,424.0,64.0,11.0
E01004596,Wandsworth 020E,643.0,0.8506998444790047,547.0,185,376.0,75.0,7.0
E01004597,Wandsworth 025C,768.0,0.7473958333333334,574.0,275,418.0,69.0,6.0
E01004598,Wandsworth 025D,954.0,0.6551362683438156,625.0,404,485.0,55.0,10.0
E01004599,Wandsworth 025E,567.0,0.9329805996472663,529.0,126,360.0,74.0,7.0
E01004601,Wandsworth 018D,1094.0,0.5740402193784278,628.0,548,472.0,66.0,8.0
E01004602,Wandsworth 010C,713.0,0.7503506311360448,535.0,288,332.0,76.0,17.0
E01004604,Wandsworth 006A,591.0,1.120135363790186,662.0,113,318.0,136.0,24.0
E01004605,Wandsworth 006B,804.0,0.7475124378109452,601.0,296,423.0,77.0,8.0
E01004606,Wandsworth 006C,750.0,0.7626666666666667,572.0,259,418.0,65.0,8.0
E01004607,Wandsworth 006D,683.0,0.8316251830161054,568.0,246,320.0,103.0,14.0
E01004608,Wandsworth 006E,781.0,0.5313700384122919,415.0,426,300.0,50.0,5.0
E01004609,Wandsworth 010E,1013.0,0.5616979269496545,569.0,527,418.0,53.0,15.0
E01004610,Wandsworth 033C,714.0,0.6862745098039216,490.0,332,287.0,82.0,13.0
E01004611,Wandsworth 032B,554.0,0.7057761732851986,391.0,236,252.0,59.0,7.0
E01004612,Wandsworth 032C,542.0,0.6881918819188192,373.0,256,213.0,59.0,14.0
E01004613,Wandsworth 033D,698.0,0.44269340974212035,309.0,432,231.0,27.0,8.0
E01004614,Wandsworth 034A,835.0,0.5604790419161677,468.0,425,353.0,56.0,1.0
E01004615,Wandsworth 034B,708.0,0.5508474576271186,390.0,383,264.0,57.0,4.0
E01004616,Wandsworth 034C,765.0,0.4549019607843137,348.0,470,251.0,35.0,9.0
E01004617,Wandsworth 034D,725.0,0.46620689655172415,338.0,444,231.0,43.0,7.0
E01004618,Wandsworth 032D,530.0,0.8679245283018868,460.0,176,265.0,72.0,17.0
E01004619,Wandsworth 015E,502.0,1.2270916334661355,616.0,116,209.0,124.0,53.0
E01004620,Wandsworth 019C,680.0,0.861764705882353,586.0,226,340.0,96.0,18.0
E01004621,Wandsworth 019D,696.0,0.9051724137931034,630.0,250,296.0,116.0,34.0
E01004622,Wandsworth 024D,519.0,0.6435452793834296,334.0,242,227.0,43.0,7.0
E01004623,Wandsworth 019E,705.0,0.8028368794326242,566.0,236,383.0,75.0,11.0
E01004624,Wandsworth 024E,610.0,0.8327868852459016,508.0,210,309.0,74.0,17.0
E01004625,Wandsworth 027E,472.0,1.3008474576271187,614.0,61,245.0,129.0,37.0
E01004626,Wandsworth 027F,767.0,0.8996088657105606,690.0,225,418.0,100.0,24.0
E01004627,Wandsworth 019F,608.0,0.8075657894736842,491.0,222,290.0,87.0,9.0
E01004628,Wandsworth 022A,889.0,0.6737907761529809,599.0,385,423.0,67.0,14.0
E01004629,Wandsworth 020F,602.0,0.9551495016611296,575.0,183,295.0,92.0,32.0
E01004630,Wandsworth 022B,658.0,0.6458966565349544,425.0,321,261.0,64.0,12.0
E01004631,Wandsworth 022C,741.0,0.6815114709851552,505.0,328,333.0,68.0,12.0
E01004632,Wandsworth 028A,574.0,0.8344947735191638,479.0,209,267.0,82.0,16.0
E01004633,Wandsworth 022D,601.0,0.5956738768718802,358.0,317,218.0,58.0,8.0
E01004634,Wandsworth 028B,680.0,0.7102941176470589,483.0,273,340.0,58.0,9.0
E01004635,Wandsworth 028C,668.0,0.7410179640718563,495.0,267,319.0,70.0,12.0
E01004636,Wandsworth 028D,619.0,0.7883683360258481,488.0,244,278.0,81.0,16.0
E01004637,Wandsworth 028E,568.0,0.8063380281690141,458.0,213,265.0,77.0,13.0
E01004638,Wandsworth 011B,505.0,1.386138613861386,700.0,67,232.0,150.0,56.0
E01004639,Wandsworth 011C,767.0,0.7770534550195567,596.0,318,332.0,87.0,30.0
E01004640,Wandsworth 011D,768.0,0.7747395833333334,595.0,312,340.0,93.0,23.0
E01004641,Wandsworth 011E,785.0,0.8866242038216561,696.0,273,361.0,118.0,33.0
E01004642,Wandsworth 016B,828.0,0.7210144927536232,597.0,332,402.0,87.0,7.0
E01004643,Wandsworth 016C,967.0,0.6421923474663909,621.0,451,423.0,81.0,12.0
E01004644,Wandsworth 016D,1063.0,0.8485418626528692,902.0,365,520.0,152.0,26.0
E01004645,Wandsworth 016E,816.0,0.6004901960784313,490.0,411,330.0,65.0,10.0
E01004646,Westminster 002A,642.0,0.8333333333333334,535.0,249,271.0,102.0,20.0
E01004647,Westminster 001A,621.0,0.6344605475040258,394.0,329,206.0,70.0,16.0
E01004648,Westminster 002B,1032.0,0.6036821705426356,623.0,542,382.0,83.0,25.0
E01004649,Westminster 001B,594.0,0.664983164983165,395.0,280,243.0,61.0,10.0
E01004650,Westminster 002C,857.0,0.6091015169194866,522.0,460,294.0,81.0,22.0
E01004651,Westminster 003A,1012.0,0.325098814229249,329.0,735,230.0,42.0,5.0
E01004652,Westminster 017A,850.0,0.23294117647058823,198.0,677,156.0,9.0,8.0
E01004653,Westminster 014A,798.0,0.5238095238095238,418.0,449,290.0,49.0,10.0
E01004654,Westminster 014B,1198.0,0.4307178631051753,516.0,773,348.0,63.0,14.0
E01004656,Westminster 014D,1104.0,0.3333333333333333,368.0,799,252.0,43.0,10.0
E01004657,Westminster 012A,600.0,0.4116666666666667,247.0,400,166.0,21.0,13.0
E01004658,Westminster 012B,773.0,0.2626131953428202,203.0,600,147.0,22.0,4.0
E01004659,Westminster 008A,845.0,0.33136094674556216,280.0,613,192.0,32.0,8.0
E01004660,Westminster 008B,666.0,0.35735735735735735,238.0,453,189.0,23.0,1.0
E01004661,Westminster 012C,848.0,0.32075471698113206,272.0,620,192.0,28.0,8.0
E01004662,Westminster 012D,779.0,0.2554557124518614,199.0,604,155.0,16.0,4.0
E01004663,Westminster 012E,719.0,0.4102920723226704,295.0,487,177.0,47.0,8.0
E01004665,Westminster 024A,581.0,0.39070567986230637,227.0,381,178.0,17.0,5.0
E01004668,Westminster 023D,588.0,0.5102040816326531,300.0,349,184.0,49.0,6.0
E01004669,Westminster 024B,729.0,0.31824417009602196,232.0,519,190.0,18.0,2.0
E01004670,Westminster 009A,926.0,0.39200863930885527,363.0,633,233.0,50.0,10.0
E01004674,Westminster 005A,770.0,0.4688311688311688,361.0,465,255.0,44.0,6.0
E01004675,Westminster 005B,1073.0,0.37371854613233924,401.0,716,316.0,38.0,3.0
E01004676,Westminster 006A,711.0,0.44585091420534456,317.0,435,239.0,33.0,4.0
E01004677,Westminster 005C,801.0,0.4019975031210986,322.0,523,238.0,36.0,4.0
E01004678,Westminster 005D,835.0,0.49820359281437127,416.0,495,276.0,52.0,12.0
E01004679,Westminster 005E,918.0,0.3474945533769063,319.0,640,241.0,33.0,4.0
E01004680,Westminster 015A,566.0,0.5318021201413428,301.0,331,181.0,42.0,12.0
E01004681,Westminster 016A,918.0,0.3474945533769063,319.0,644,233.0,37.0,4.0
E01004682,Westminster 016B,672.0,0.27529761904761907,185.0,513,138.0,16.0,5.0
E01004683,Westminster 015B,624.0,0.7003205128205128,437.0,324,202.0,59.0,39.0
E01004684,Westminster 015C,472.0,0.4406779661016949,208.0,312,124.0,24.0,12.0
E01004686,Westminster 015E,748.0,0.26871657754010697,201.0,581,138.0,24.0,5.0
E01004687,Westminster 019A,674.0,0.7685459940652819,518.0,272,304.0,80.0,18.0
E01004690,Westminster 019D,435.0,0.8735632183908046,380.0,175,177.0,46.0,37.0
E01004691,Westminster 019E,477.0,0.7610062893081762,363.0,229,165.0,51.0,32.0
E01004692,Westminster 019F,446.0,0.6121076233183856,273.0,239,152.0,44.0,11.0
E01004693,Westminster 017B,589.0,0.4872665534804754,287.0,352,190.0,44.0,3.0
E01004694,Westminster 016C,773.0,0.2923673997412678,226.0,578,168.0,23.0,4.0
E01004695,Westminster 017C,547.0,0.2413162705667276,132.0,440,87.0,15.0,5.0
E01004696,Westminster 017D,693.0,0.33766233766233766,234.0,489,181.0,16.0,7.0
E01004697,Westminster 016D,668.0,0.3532934131736527,236.0,467,171.0,25.0,5.0
E01004698,Westminster 017E,634.0,0.30914826498422715,196.0,467,145.0,15.0,7.0
E01004699,Westminster 017F,898.0,0.32516703786191536,292.0,648,212.0,34.0,4.0
E01004700,Westminster 016E,772.0,0.32642487046632124,252.0,549,197.0,23.0,3.0
E01004701,Westminster 007A,769.0,0.4538361508452536,349.0,467,263.0,31.0,8.0
E01004702,Westminster 009E,1073.0,0.4109972041006524,441.0,697,318.0,51.0,7.0
E01004703,Westminster 007B,865.0,0.6427745664739885,556.0,449,305.0,82.0,29.0
E01004705,Westminster 007D,585.0,0.5623931623931624,329.0,309,228.0,43.0,5.0
E01004706,Westminster 006B,682.0,0.44574780058651026,304.0,414,236.0,28.0,4.0
E01004707,Westminster 006C,754.0,0.5941644562334217,448.0,391,288.0,65.0,10.0
E01004708,Westminster 006D,725.0,0.3586206896551724,260.0,484,223.0,17.0,1.0
E01004709,Westminster 007E,716.0,0.4664804469273743,334.0,445,215.0,49.0,7.0
E01004710,Westminster 002D,720.0,0.4097222222222222,295.0,454,243.0,17.0,6.0
E01004711,Westminster 002E,817.0,0.3574051407588739,292.0,549,246.0,20.0,2.0
E01004712,Westminster 008C,736.0,0.391304347826087,288.0,511,171.0,45.0,9.0
E01004713,Westminster 011A,695.0,0.4460431654676259,310.0,456,182.0,43.0,14.0
E01004714,Westminster 011B,821.0,0.3934226552984166,323.0,560,207.0,46.0,8.0
E01004715,Westminster 013A,830.0,0.30120481927710846,250.0,617,179.0,31.0,3.0
E01004716,Westminster 011C,532.0,0.5958646616541353,317.0,298,164.0,57.0,13.0
E01004717,Westminster 011D,746.0,0.3109919571045576,232.0,553,160.0,27.0,6.0
E01004718,Westminster 004A,791.0,0.40707964601769914,322.0,514,234.0,41.0,2.0
E01004719,Westminster 004B,780.0,0.55,429.0,414,312.0,45.0,9.0
E01004720,Westminster 004C,857.0,0.5682613768961493,487.0,443,347.0,61.0,6.0
E01004721,Westminster 004D,838.0,0.42720763723150357,358.0,517,289.0,27.0,5.0
E01004722,Westminster 004E,869.0,0.5638665132336018,490.0,450,352.0,63.0,4.0
E01004723,Westminster 005F,962.0,0.3918918918918919,377.0,636,276.0,49.0,1.0
E01004724,Westminster 001C,870.0,0.4459770114942529,388.0,546,273.0,38.0,13.0
E01004725,Westminster 003B,586.0,0.4948805460750853,290.0,340,207.0,34.0,5.0
E01004726,Westminster 003C,793.0,0.562421185372005,446.0,452,252.0,73.0,16.0
E01004727,Westminster 008D,765.0,0.4444444444444444,340.0,512,188.0,43.0,22.0
E01004728,Westminster 003D,728.0,0.33791208791208793,246.0,515,182.0,29.0,2.0
E01004729,Westminster 003E,738.0,0.3794037940379404,280.0,500,200.0,34.0,4.0
E01004730,Westminster 001D,697.0,0.5724533715925395,399.0,373,262.0,49.0,13.0
E01004731,Westminster 020A,1037.0,0.31436837029893927,326.0,762,230.0,39.0,6.0
E01004732,Westminster 020B,691.0,0.23733719247467439,164.0,547,127.0,14.0,3.0
E01004733,Westminster 020C,943.0,0.4909862142099682,463.0,583,275.0,67.0,18.0
E01004734,Westminster 018A,1003.0,0.20139581256231306,202.0,832,145.0,21.0,5.0
E01004735,Westminster 018B,1154.0,0.19410745233968804,224.0,963,164.0,21.0,6.0
E01004736,Westminster 018C,580.0,0.47586206896551725,276.0,383,136.0,43.0,18.0
E01004737,Westminster 024C,601.0,0.46921797004991683,282.0,355,214.0,28.0,4.0
E01004740,Westminster 021A,659.0,0.2867981790591806,189.0,495,140.0,23.0,1.0
E01004741,Westminster 024F,669.0,0.3333333333333333,223.0,476,168.0,20.0,5.0
E01004742,Westminster 022A,707.0,0.4229137199434229,299.0,457,209.0,33.0,8.0
E01004743,Westminster 021B,721.0,0.34535367545076284,249.0,497,201.0,21.0,2.0
E01004744,Westminster 020D,734.0,0.3651226158038147,268.0,503,197.0,31.0,3.0
E01004746,Westminster 021D,671.0,0.27123695976154993,182.0,514,135.0,19.0,3.0
E01004747,Westminster 021E,1048.0,0.34446564885496184,361.0,742,257.0,43.0,6.0
E01004748,Westminster 020E,520.0,0.4461538461538462,232.0,330,152.0,34.0,4.0
E01004749,Westminster 022B,1053.0,0.4311490978157645,454.0,683,294.0,68.0,8.0
E01004750,Westminster 023E,840.0,0.3464285714285714,291.0,598,202.0,31.0,9.0
E01004751,Westminster 022C,770.0,0.4714285714285714,363.0,466,250.0,49.0,5.0
E01004752,Westminster 022D,705.0,0.3475177304964539,245.0,494,181.0,26.0,4.0
E01004753,Westminster 022E,922.0,0.39045553145336226,360.0,620,254.0,38.0,10.0
E01004754,Westminster 010A,677.0,0.35302806499261447,239.0,469,180.0,25.0,3.0
E01004755,Westminster 010B,990.0,0.4131313131313131,409.0,621,332.0,34.0,3.0
E01004756,Westminster 006E,751.0,0.39280958721704395,295.0,499,217.0,27.0,8.0
E01004757,Westminster 010C,622.0,0.41961414790996787,261.0,394,197.0,29.0,2.0
E01004760,Westminster 014E,697.0,0.40028694404591103,279.0,460,201.0,30.0,6.0
E01004761,Westminster 018D,697.0,0.5050215208034433,352.0,429,202.0,48.0,18.0
E01004762,Westminster 011E,762.0,0.5708661417322834,435.0,456,197.0,89.0,20.0
E01004763,Westminster 013B,1117.0,0.24171888988361684,270.0,897,180.0,30.0,10.0
E01004765,Westminster 013D,1044.0,0.2998084291187739,313.0,780,224.0,31.0,9.0
E01032512,Westminster 010F,893.0,0.41097424412094063,367.0,575,275.0,37.0,6.0
E01032513,Westminster 010G,532.0,0.37030075187969924,197.0,355,158.0,18.0,1.0
E01032562,Bromley 040D,620.0,0.932258064516129,578.0,217,268.0,95.0,40.0
E01032563,Bromley 040E,566.0,1.3692579505300353,775.0,80,264.0,155.0,67.0
E01032564,Lewisham 037E,493.0,0.821501014198783,405.0,178,237.0,66.0,12.0
E01032565,Lewisham 038E,602.0,0.7857142857142857,473.0,248,254.0,81.0,19.0
E01032566,Bexley 029D,752.0,1.0079787234042554,758.0,214,358.0,140.0,40.0
E01032567,Greenwich 033D,601.0,1.1314475873544094,680.0,156,267.0,121.0,57.0
E01032568,Bromley 041E,642.0,1.0218068535825544,656.0,192,281.0,132.0,37.0
E01032569,Croydon 045E,682.0,0.8137829912023461,555.0,270,290.0,101.0,21.0
E01032570,Bromley 042D,731.0,1.4774281805745555,1080.0,118,268.0,223.0,122.0
E01032572,Ealing 040D,755.0,0.7231788079470198,546.0,323,333.0,84.0,15.0
E01032573,Hounslow 029E,902.0,0.6197339246119734,559.0,454,353.0,79.0,16.0
E01032574,Enfield 037E,694.0,0.7853025936599424,545.0,280,307.0,83.0,24.0
E01032575,Haringey 037D,659.0,0.5872534142640364,387.0,346,245.0,62.0,6.0
E01032576,Harrow 032E,514.0,1.4805447470817121,761.0,48,233.0,171.0,62.0
E01032577,Hillingdon 033E,609.0,1.4334975369458127,873.0,81,256.0,199.0,73.0
E01032579,Lewisham 039E,975.0,0.35384615384615387,345.0,668,272.0,32.0,3.0
E01032580,Barking and Dagenham 023F,486.0,0.9958847736625515,484.0,153,209.0,97.0,27.0
E01032581,Redbridge 034G,743.0,0.8721399730820996,648.0,231,398.0,92.0,22.0
E01032582,Lambeth 036E,1165.0,0.2798283261802575,326.0,882,244.0,35.0,4.0
E01032583,Southwark 034D,917.0,0.2889858233369684,265.0,677,217.0,21.0,2.0
E01032584,Southwark 034E,566.0,0.2950530035335689,167.0,415,136.0,14.0,1.0
E01032623,Sutton 025E,604.0,1.8129139072847682,1095.0,35,178.0,256.0,135.0
E01032637,Southwark 035E,567.0,0.37918871252204583,215.0,382,160.0,20.0,5.0
E01032638,Southwark 035D,598.0,0.4682274247491639,280.0,365,196.0,27.0,10.0
E01032639,Southwark 014F,781.0,0.2676056338028169,209.0,598,162.0,16.0,5.0
E01032640,Southwark 035B,610.0,0.39672131147540984,242.0,405,175.0,23.0,7.0
E01032646,Southwark 036B,805.0,0.284472049689441,229.0,607,172.0,21.0,5.0
E01032719,Southwark 014G,803.0,0.18804483188044832,151.0,662,131.0,10.0,0.0
E01032739,City of London 001F,879.0,0.20819112627986347,183.0,731,119.0,23.0,6.0
E01032740,City of London 001G,877.0,0.20296465222348917,178.0,728,124.0,21.0,4.0
E01032741,Havering 013E,731.0,0.5143638850889193,376.0,413,273.0,32.0,13.0
E01032742,Havering 013F,830.0,0.7795180722891566,647.0,339,363.0,100.0,28.0
E01032743,Ealing 010F,819.0,0.927960927960928,760.0,237,430.0,126.0,26.0
E01032744,Ealing 010G,518.0,1.001930501930502,519.0,155,238.0,94.0,31.0
E01032764,Tower Hamlets 004E,1057.0,0.35383159886471144,374.0,729,288.0,34.0,6.0
E01032765,Tower Hamlets 004F,740.0,0.44594594594594594,330.0,458,241.0,34.0,7.0
E01032767,Tower Hamlets 021F,796.0,0.22110552763819097,176.0,646,129.0,16.0,5.0
E01032768,Tower Hamlets 025E,685.0,0.41021897810218977,281.0,427,238.0,17.0,3.0
E01032769,Tower Hamlets 025F,632.0,0.4651898734177215,294.0,387,202.0,37.0,6.0
E01032770,Tower Hamlets 032B,1085.0,0.22027649769585253,239.0,878,183.0,16.0,8.0
E01032771,Tower Hamlets 033B,778.0,0.2532133676092545,197.0,607,149.0,18.0,4.0
E01032772,Tower Hamlets 032C,1179.0,0.24342663273960985,287.0,928,221.0,24.0,6.0
E01032774,Tower Hamlets 032E,729.0,0.33058984910836764,241.0,513,194.0,19.0,3.0
E01032775,Tower Hamlets 031F,565.0,0.5079646017699115,287.0,319,211.0,29.0,6.0
E01032776,Tower Hamlets 034D,1051.0,0.2787821122740247,293.0,794,224.0,30.0,3.0
E01032777,Tower Hamlets 035A,577.0,0.3830155979202773,221.0,386,165.0,22.0,4.0
E01032779,Tower Hamlets 035C,656.0,0.32164634146341464,211.0,464,173.0,19.0,0.0
E01032780,Tower Hamlets 035D,1008.0,0.3472222222222222,350.0,684,301.0,20.0,3.0
E01032781,Tower Hamlets 033C,760.0,0.36578947368421055,278.0,521,204.0,31.0,4.0
E01032782,Tower Hamlets 033D,1134.0,0.21340388007054673,242.0,923,185.0,21.0,5.0
E01032783,Tower Hamlets 031G,581.0,0.4664371772805508,271.0,365,168.0,41.0,7.0
E01032784,Tower Hamlets 004G,745.0,0.3812080536912752,284.0,509,190.0,44.0,2.0
E01032785,Tower Hamlets 010E,1024.0,0.349609375,358.0,688,315.0,20.0,1.0
E01032786,Tower Hamlets 010F,622.0,0.44694533762057875,278.0,381,207.0,31.0,3.0
E01032787,Tower Hamlets 011F,776.0,0.4368556701030928,339.0,488,248.0,29.0,11.0
E01032788,Hammersmith and Fulham 023D,713.0,0.4992987377279102,356.0,418,244.0,41.0,10.0
E01032789,Hammersmith and Fulham 023E,592.0,0.42736486486486486,253.0,369,198.0,20.0,5.0
E01032790,Hammersmith and Fulham 023F,488.0,0.6168032786885246,301.0,241,201.0,38.0,8.0
E01032803,Southwark 036C,786.0,0.22391857506361323,176.0,619,158.0,9.0,0.0
E01032834,Southwark 035C,619.0,0.4701130856219709,291.0,371,211.0,31.0,6.0
E01033000,Hounslow 025F,623.0,0.7463884430176565,465.0,257,282.0,69.0,15.0
E01033030,Hounslow 025G,720.0,0.5097222222222222,367.0,388,299.0,31.0,2.0
E01033081,Hounslow 031D,777.0,0.7207207207207207,560.0,298,409.0,59.0,11.0
E01033082,Hounslow 031C,654.0,0.6788990825688074,444.0,285,304.0,55.0,10.0
E01033083,Hounslow 018F,790.0,0.3278481012658228,259.0,548,227.0,13.0,2.0
E01033084,Hounslow 018G,706.0,0.5679886685552408,401.0,386,258.0,43.0,19.0
E01033086,Haringey 020F,512.0,0.541015625,277.0,287,176.0,46.0,3.0
E01033098,Wandsworth 038C,949.0,0.32771338250790305,311.0,665,261.0,19.0,4.0
E01033099,Wandsworth 004E,913.0,0.49178532311062434,449.0,516,348.0,46.0,3.0
E01033100,Wandsworth 039B,850.0,0.2811764705882353,239.0,644,179.0,21.0,6.0
E01033132,Wandsworth 038D,1146.0,0.306282722513089,351.0,827,293.0,20.0,6.0
E01033133,Wandsworth 004G,645.0,0.524031007751938,338.0,339,275.0,30.0,1.0
E01033135,Wandsworth 010G,466.0,0.7381974248927039,344.0,176,240.0,46.0,4.0
E01033146,Enfield 025F,555.0,0.8558558558558559,475.0,200,254.0,82.0,19.0
E01033148,Enfield 003F,672.0,1.056547619047619,710.0,167,334.0,137.0,34.0
E01033150,Enfield 003G,650.0,0.8015384615384615,521.0,252,294.0,85.0,19.0
E01033151,Enfield 025G,502.0,0.7629482071713147,383.0,217,205.0,62.0,18.0
E01033208,Lambeth 004G,954.0,0.26834381551362685,256.0,727,204.0,17.0,6.0
E01033320,Lewisham 017E,638.0,0.7178683385579937,458.0,264,302.0,60.0,12.0
E01033322,Lewisham 017F,572.0,0.5332167832167832,305.0,299,246.0,22.0,5.0
E01033324,Lewisham 008E,627.0,0.6523125996810207,409.0,291,278.0,43.0,15.0
E01033325,Lewisham 008F,719.0,0.3101529902642559,223.0,519,183.0,11.0,6.0
E01033327,Lewisham 041B,1004.0,0.4362549800796813,438.0,644,290.0,62.0,8.0
E01033341,Lewisham 041C,564.0,0.4645390070921986,262.0,346,181.0,30.0,7.0
E01033455,Brent 031G,500.0,0.372,186.0,343,135.0,15.0,7.0
E01033456,Brent 027F,876.0,0.658675799086758,577.0,417,358.0,84.0,17.0
E01033457,Brent 035A,582.0,0.8436426116838488,491.0,234,236.0,81.0,31.0
E01033463,Brent 003G,910.0,1.378021978021978,1254.0,161,353.0,287.0,109.0
E01033485,Brent 031H,708.0,0.4646892655367232,329.0,452,197.0,45.0,14.0
E01033486,Islington 011E,418.0,0.3660287081339713,153.0,282,121.0,13.0,2.0
E01033487,Islington 011F,593.0,0.24620573355817876,146.0,457,128.0,6.0,2.0
E01033488,Islington 011G,620.0,0.2903225806451613,180.0,457,148.0,13.0,2.0
E01033489,Islington 022G,679.0,0.25184094256259204,171.0,524,141.0,12.0,2.0
E01033490,Islington 022H,557.0,0.28545780969479356,159.0,416,124.0,16.0,1.0
E01033491,Islington 011H,966.0,0.30952380952380953,299.0,696,242.0,27.0,1.0
E01033493,Islington 006F,686.0,0.3965014577259475,272.0,439,224.0,21.0,2.0
E01033494,Islington 006G,651.0,0.5145929339477726,335.0,359,254.0,33.0,5.0
E01033569,Kingston upon Thames 004G,806.0,0.6339950372208437,511.0,370,364.0,69.0,3.0
E01033570,Richmond upon Thames 004G,835.0,0.8622754491017964,720.0,223,519.0,78.0,15.0
E01033571,Richmond upon Thames 004H,606.0,1.0973597359735974,665.0,151,290.0,120.0,45.0
E01033579,Newham 040C,896.0,0.28683035714285715,257.0,664,212.0,15.0,5.0
E01033580,Newham 042A,587.0,0.6643952299829642,390.0,261,270.0,48.0,8.0
E01033581,Newham 041A,745.0,0.6738255033557047,502.0,334,328.0,75.0,8.0
E01033582,Newham 041B,600.0,0.68,408.0,263,274.0,55.0,8.0
E01033584,Newham 034I,562.0,0.6316725978647687,355.0,286,208.0,57.0,11.0
E01033586,Newham 040D,904.0,0.43473451327433627,393.0,567,288.0,42.0,7.0
E01033587,Barking and Dagenham 021E,1039.0,0.5649663137632339,587.0,522,455.0,54.0,8.0
E01033589,Redbridge 039B,666.0,0.36036036036036034,240.0,451,195.0,15.0,5.0
E01033590,Redbridge 037C,418.0,0.8923444976076556,373.0,125,219.0,68.0,6.0
E01033591,Redbridge 039A,1013.0,0.6643632773938796,673.0,465,439.0,93.0,16.0
E01033592,Redbridge 037D,627.0,1.1690590111642742,733.0,120,317.0,154.0,36.0
E01033593,Westminster 015F,871.0,0.2766934557979334,241.0,656,193.0,18.0,4.0
E01033594,Westminster 015G,701.0,0.34950071326676174,245.0,505,155.0,33.0,8.0
E01033597,Westminster 023F,585.0,0.335042735042735,196.0,427,127.0,24.0,7.0
E01033598,Westminster 009F,544.0,0.2849264705882353,155.0,396,142.0,5.0,1.0
E01033599,Westminster 023G,525.0,0.31238095238095237,164.0,388,113.0,21.0,3.0
E01033601,Westminster 009G,608.0,0.4407894736842105,268.0,374,202.0,30.0,2.0
E01033602,Westminster 009H,632.0,0.27848101265822783,176.0,469,151.0,11.0,1.0
E01033603,Westminster 009I,591.0,0.2910321489001692,172.0,438,137.0,13.0,3.0
E01033604,Westminster 009J,542.0,0.2785977859778598,151.0,420,97.0,21.0,4.0
E01033605,Westminster 009K,700.0,0.3585714285714286,251.0,489,180.0,22.0,9.0
E01033699,Hackney 030A,714.0,0.21708683473389356,155.0,571,132.0,10.0,1.0
E01033700,Hackney 030B,1132.0,0.19876325088339222,225.0,919,201.0,12.0,0.0
E01033702,Hackney 028C,561.0,0.5276292335115864,296.0,305,223.0,26.0,7.0
E01033703,Hackney 010F,558.0,0.3906810035842294,218.0,382,140.0,30.0,6.0
E01033704,Hackney 023F,1103.0,0.2728921124206709,301.0,841,228.0,29.0,5.0
E01033705,Hackney 028D,553.0,0.4701627486437613,260.0,327,200.0,18.0,8.0
E01033706,Hackney 033B,732.0,0.18579234972677597,136.0,604,121.0,6.0,1.0
E01033708,Hackney 033C,937.0,0.1632870864461046,153.0,799,125.0,11.0,2.0
E01033709,Hackney 032B,872.0,0.20756880733944955,181.0,706,154.0,9.0,3.0
E01033710,Hackney 028E,515.0,0.341747572815534,176.0,357,141.0,16.0,1.0
E01033711,Hackney 032C,881.0,0.15891032917139614,140.0,765,96.0,16.0,4.0
E01033712,Hackney 023G,692.0,0.32514450867052025,225.0,496,176.0,11.0,9.0
E01033713,Hackney 010G,609.0,0.36288998357963875,221.0,422,159.0,22.0,6.0
E01033727,Greenwich 035B,966.0,0.5072463768115942,490.0,541,366.0,53.0,6.0
E01033728,Greenwich 035C,869.0,0.5339470655926352,464.0,467,346.0,50.0,6.0
E01033729,Greenwich 030E,758.0,0.8245382585751979,625.0,307,315.0,98.0,38.0
E01033732,Greenwich 041E,452.0,0.4469026548672566,202.0,272,163.0,12.0,5.0
E01033734,Greenwich 039B,632.0,0.5253164556962026,332.0,346,249.0,28.0,9.0
E01033735,Greenwich 042D,592.0,0.25675675675675674,152.0,452,130.0,8.0,2.0
E01033736,Greenwich 039A,1164.0,0.38230240549828176,445.0,749,388.0,24.0,3.0
E01033737,Greenwich 042B,813.0,0.45510455104551045,370.0,493,275.0,40.0,5.0
E01033738,Greenwich 037D,743.0,0.6527590847913862,485.0,338,338.0,54.0,13.0
E01033739,Greenwich 002E,648.0,0.6790123456790124,440.0,282,300.0,58.0,8.0
E01033740,Greenwich 002F,544.0,0.8731617647058824,475.0,187,258.0,80.0,19.0
E01033741,Greenwich 002G,641.0,0.8361934477379095,536.0,236,293.0,93.0,19.0
E01033742,Greenwich 007F,566.0,0.7137809187279152,404.0,245,245.0,69.0,7.0
E01033743,Greenwich 002H,662.0,0.8564954682779456,567.0,246,287.0,107.0,22.0
E01033744,Greenwich 007G,660.0,0.7,462.0,302,270.0,72.0,16.0
E01033745,Greenwich 002I,589.0,0.966044142614601,569.0,171,295.0,95.0,28.0
E01033746,Greenwich 038E,704.0,0.5809659090909091,409.0,348,306.0,47.0,3.0
E01033784,Havering 007F,679.0,1.1310751104565537,768.0,128,366.0,153.0,32.0
E01033785,Havering 007G,635.0,0.8992125984251969,571.0,159,386.0,85.0,5.0
E01033786,Havering 017G,559.0,0.5670840787119857,317.0,280,248.0,24.0,7.0
E01033787,Havering 017H,567.0,0.5873015873015873,333.0,279,246.0,39.0,3.0
E01033788,Havering 017I,515.0,1.1611650485436893,598.0,123,231.0,116.0,45.0
E01033789,Bexley 008H,604.0,1.1440397350993377,691.0,115,321.0,134.0,34.0
E01033790,Bexley 008I,489.0,1.0572597137014315,517.0,132,230.0,94.0,33.0
E01033791,Bexley 019G,630.0,0.8047619047619048,507.0,230,308.0,77.0,15.0
E01033792,Bexley 019H,571.0,1.1961471103327495,683.0,119,272.0,129.0,51.0
E01033862,Lambeth 003F,744.0,0.2782258064516129,207.0,569,152.0,14.0,9.0
E01033863,Lambeth 003G,607.0,0.3443163097199341,209.0,423,162.0,19.0,3.0
E01033864,Lambeth 004H,492.0,0.34959349593495936,172.0,343,129.0,17.0,3.0
E01033865,Lambeth 004I,596.0,0.26677852348993286,159.0,458,120.0,15.0,3.0
E01033866,Lambeth 004J,624.0,0.16346153846153846,102.0,525,97.0,1.0,1.0
E01033867,Southwark 002F,604.0,0.271523178807947,164.0,458,131.0,12.0,3.0
E01033868,Southwark 002G,600.0,0.19666666666666666,118.0,499,85.0,15.0,1.0
E01033869,Southwark 004F,644.0,0.3944099378881988,254.0,435,173.0,27.0,9.0
E01033870,Southwark 004G,862.0,0.3109048723897912,268.0,623,213.0,23.0,3.0
E01033871,Southwark 004H,686.0,0.3877551020408163,266.0,453,206.0,21.0,6.0
E01033872,Southwark 004I,659.0,0.38239757207890746,252.0,446,178.0,31.0,4.0
E01033873,Southwark 009G,674.0,0.30118694362017806,203.0,500,148.0,23.0,3.0
E01033874,Southwark 009H,625.0,0.1104,69.0,561,60.0,3.0,1.0
E01033875,Southwark 012G,638.0,0.23667711598746083,151.0,496,135.0,5.0,2.0
E01033876,Southwark 012H,653.0,0.19754977029096477,129.0,541,98.0,11.0,3.0
E01033877,Southwark 012I,682.0,0.34017595307917886,232.0,486,164.0,28.0,4.0
E01033878,Southwark 015F,421.0,0.40617577197149646,171.0,266,141.0,12.0,2.0
E01033879,Southwark 015G,842.0,0.47268408551068886,398.0,510,275.0,48.0,9.0
E01033880,Southwark 015H,532.0,0.4774436090225564,254.0,314,187.0,26.0,5.0
E01033881,Southwark 016F,711.0,0.43037974683544306,306.0,457,208.0,40.0,6.0
E01033882,Southwark 022G,586.0,0.5204778156996587,305.0,339,200.0,36.0,11.0
E01033883,Southwark 022H,647.0,0.4667697063369397,302.0,397,209.0,30.0,11.0
E01033884,Southwark 035A,593.0,0.22259696458684655,132.0,478,100.0,13.0,2.0
E01033885,Southwark 036A,628.0,0.28662420382165604,180.0,467,143.0,17.0,1.0
E01033911,Barnet 017E,648.0,1.375,891.0,77,321.0,180.0,70.0
E01033912,Barnet 017F,640.0,1.096875,702.0,116,367.0,136.0,21.0
E01033913,Barnet 024G,539.0,0.7050092764378478,380.0,233,243.0,52.0,11.0
E01033914,Barnet 024H,598.0,0.8327759197324415,498.0,208,295.0,82.0,13.0
E01033915,Barnet 042A,582.0,0.5945017182130584,346.0,279,266.0,31.0,6.0
E01033916,Barnet 042B,651.0,0.6344086021505376,413.0,306,283.0,56.0,6.0
E01033917,Barnet 042C,703.0,0.5988620199146515,421.0,335,321.0,41.0,6.0
E01033918,Barnet 042D,632.0,0.555379746835443,351.0,324,272.0,29.0,7.0
E01033919,Barnet 042E,649.0,0.5747303543913713,373.0,321,289.0,33.0,6.0
E01033920,Barnet 042F,640.0,0.671875,430.0,282,297.0,50.0,11.0
E01033921,Barnet 043A,693.0,0.5584415584415584,387.0,345,314.0,29.0,5.0
E01033922,Barnet 043B,685.0,0.5854014598540146,401.0,335,304.0,41.0,5.0
E01033923,Barnet 043C,587.0,0.7495741056218058,440.0,230,281.0,69.0,7.0
E01033924,Barnet 043D,578.0,0.6730103806228374,389.0,270,241.0,53.0,14.0
E01033925,Barnet 043E,618.0,0.8414239482200647,520.0,249,245.0,97.0,27.0
E01033926,Enfield 014E,977.0,0.7195496417604913,703.0,419,439.0,93.0,26.0
E01033927,Enfield 020F,680.0,0.6367647058823529,433.0,318,299.0,55.0,8.0
E01033928,Enfield 020G,577.0,0.7209705372616985,416.0,242,265.0,59.0,11.0
E01033929,Brent 002F,552.0,0.7155797101449275,395.0,207,299.0,42.0,4.0
E01033930,Brent 002G,590.0,1.0813559322033899,638.0,158,267.0,124.0,41.0
E01033931,Brent 009F,500.0,0.542,271.0,276,185.0,31.0,8.0
E01033932,Brent 009G,525.0,0.8019047619047619,421.0,219,212.0,73.0,21.0
E01033933,Brent 010G,416.0,0.9903846153846154,412.0,136,178.0,72.0,30.0
E01033934,Brent 010H,444.0,1.009009009009009,448.0,146,184.0,78.0,36.0
E01033935,Brent 020F,567.0,0.6825396825396826,387.0,295,182.0,65.0,25.0
E01033936,Brent 020G,546.0,0.3443223443223443,188.0,383,140.0,21.0,2.0
E01033937,Brent 027G,483.0,0.4575569358178054,221.0,300,151.0,26.0,6.0
E01033938,Brent 027H,447.0,0.5570469798657718,249.0,235,180.0,27.0,5.0
E01033939,Brent 027I,796.0,0.6683417085427136,532.0,321,423.0,47.0,5.0
E01033940,Brent 035B,709.0,0.3159379407616361,224.0,510,174.0,25.0,0.0
E01033941,Brent 035C,729.0,0.32098765432098764,234.0,512,201.0,15.0,1.0
E01033942,Brent 035D,689.0,0.24963715529753266,172.0,526,154.0,9.0,0.0
E01033943,Haringey 015E,723.0,0.4426002766251729,320.0,459,221.0,30.0,13.0
E01033944,Haringey 015F,693.0,0.4213564213564214,292.0,437,226.0,24.0,6.0
E01033945,Haringey 020G,670.0,0.4,268.0,422,228.0,20.0,0.0
E01033946,Haringey 020H,672.0,0.4181547619047619,281.0,415,238.0,14.0,5.0
E01034026,Ealing 015F,627.0,0.19936204146730463,125.0,510,110.0,6.0,1.0
E01034027,Ealing 015G,894.0,0.4865771812080537,435.0,523,316.0,46.0,9.0
E01034028,Ealing 019F,648.0,0.4861111111111111,315.0,390,213.0,33.0,12.0
E01034029,Ealing 019G,700.0,0.5242857142857142,367.0,369,296.0,34.0,1.0
E01034030,Ealing 042A,876.0,0.4908675799086758,430.0,511,311.0,43.0,11.0
E01034031,Ealing 042B,634.0,0.46214511041009465,293.0,359,259.0,14.0,2.0
E01034032,Hounslow 006G,755.0,0.7695364238410596,581.0,295,352.0,95.0,13.0
E01034033,Hounslow 006H,841.0,0.7360285374554102,619.0,311,449.0,73.0,8.0
E01034034,Hounslow 014F,619.0,0.8562197092084006,530.0,181,362.0,60.0,16.0
E01034035,Hounslow 014G,657.0,0.9315068493150684,612.0,165,397.0,70.0,25.0
E01034036,Hounslow 015F,678.0,0.38200589970501475,259.0,454,194.0,25.0,5.0
E01034037,Hounslow 015G,654.0,0.6651376146788991,435.0,314,261.0,63.0,16.0
E01034038,Hounslow 017F,547.0,0.6928702010968921,379.0,239,249.0,47.0,12.0
E01034039,Hounslow 017G,534.0,0.7265917602996255,388.0,217,256.0,51.0,10.0
E01034040,Hounslow 018H,556.0,0.5701438848920863,317.0,309,188.0,48.0,11.0
E01034041,Hounslow 018I,443.0,0.9435665914221218,418.0,153,184.0,84.0,22.0
E01034042,Hounslow 030A,595.0,0.6151260504201681,366.0,287,256.0,46.0,6.0
E01034043,Hounslow 030B,641.0,0.6614664586583463,424.0,272,316.0,51.0,2.0
E01034044,Hounslow 030C,576.0,0.7586805555555556,437.0,204,313.0,53.0,6.0
E01034045,Hounslow 031A,842.0,0.6187648456057007,521.0,378,413.0,45.0,6.0
E01034046,Hounslow 031B,732.0,0.6325136612021858,463.0,356,300.0,65.0,11.0
E01034139,Croydon 015F,659.0,0.6798179059180577,448.0,321,248.0,70.0,20.0
E01034140,Croydon 015G,520.0,0.5326923076923077,277.0,283,204.0,26.0,7.0
E01034141,Croydon 020F,591.0,0.4128595600676819,244.0,371,198.0,20.0,2.0
E01034142,Croydon 020G,645.0,0.48372093023255813,312.0,366,246.0,33.0,0.0
E01034143,Croydon 020H,669.0,0.2571001494768311,172.0,520,127.0,21.0,1.0
E01034144,Croydon 024F,587.0,0.6047700170357752,355.0,281,263.0,37.0,6.0
E01034145,Croydon 024G,557.0,0.43447037701974867,242.0,352,174.0,25.0,6.0
E01034146,Croydon 024H,596.0,0.62751677852349,374.0,261,300.0,31.0,4.0
E01034147,Croydon 046A,641.0,0.2121684867394696,136.0,518,114.0,5.0,4.0
E01034148,Croydon 046B,839.0,0.2586412395709178,217.0,643,176.0,19.0,1.0
E01034149,Croydon 046C,1092.0,0.46794871794871795,511.0,641,398.0,46.0,7.0
E01034150,Croydon 046D,668.0,0.38922155688622756,260.0,444,193.0,26.0,5.0
E01034151,Croydon 046E,644.0,0.42391304347826086,273.0,395,226.0,22.0,1.0
E01034152,Croydon 047B,728.0,0.5164835164835165,376.0,413,264.0,41.0,10.0
E01034153,Sutton 004F,584.0,0.9794520547945206,572.0,156,309.0,94.0,25.0
E01034154,Sutton 004G,636.0,0.9245283018867925,588.0,162,377.0,80.0,17.0
E01034155,Sutton 012F,865.0,0.6774566473988439,586.0,401,359.0,88.0,17.0
E01034156,Sutton 012G,682.0,0.5,341.0,390,246.0,43.0,3.0
E01034173,Greenwich 005F,640.0,0.659375,422.0,307,252.0,73.0,8.0
E01034174,Greenwich 034F,599.0,0.6410684474123539,384.0,266,287.0,41.0,5.0
E01034175,Greenwich 034G,658.0,0.48936170212765956,322.0,367,264.0,23.0,4.0
E01034176,Greenwich 034H,605.0,1.028099173553719,622.0,174,279.0,113.0,39.0
E01034177,Greenwich 034I,652.0,0.6763803680981595,441.0,268,334.0,43.0,7.0
E01034178,Greenwich 035E,861.0,0.3228803716608595,278.0,610,225.0,25.0,1.0
E01034179,Greenwich 035F,553.0,0.44665461121157324,247.0,339,182.0,31.0,1.0
E01034180,Greenwich 035G,537.0,0.4171322160148976,224.0,347,159.0,28.0,3.0
E01034181,Greenwich 035H,750.0,0.2693333333333333,202.0,563,173.0,13.0,1.0
E01034182,Greenwich 035I,728.0,0.33653846153846156,245.0,508,196.0,23.0,1.0
E01034183,Greenwich 037E,693.0,0.49927849927849927,346.0,386,269.0,37.0,1.0
E01034184,Greenwich 037F,575.0,0.4504347826086956,259.0,337,218.0,19.0,1.0
E01034185,Greenwich 037G,559.0,0.5652951699463328,316.0,295,218.0,40.0,6.0
E01034186,Greenwich 039C,736.0,0.3125,230.0,518,208.0,8.0,2.0
E01034187,Greenwich 039D,699.0,0.3361945636623748,235.0,478,207.0,14.0,0.0
E01034188,Greenwich 040A,671.0,0.2727272727272727,183.0,495,169.0,7.0,0.0
E01034189,Greenwich 040B,562.0,0.38256227758007116,215.0,365,184.0,8.0,5.0
E01034190,Greenwich 040C,720.0,0.5444444444444444,392.0,400,255.0,58.0,7.0
E01034191,Greenwich 040D,757.0,0.4557463672391017,345.0,441,289.0,25.0,2.0
E01034192,Greenwich 040E,1060.0,0.5924528301886792,628.0,513,481.0,51.0,15.0
E01034193,Greenwich 041A,738.0,0.2981029810298103,220.0,537,183.0,17.0,1.0
E01034194,Greenwich 041B,606.0,0.40264026402640263,244.0,384,203.0,16.0,3.0
E01034195,Greenwich 041C,509.0,0.35363457760314343,180.0,346,149.0,11.0,3.0
E01034196,Greenwich 041D,577.0,0.42807625649913345,247.0,348,213.0,14.0,2.0
E01034198,Greenwich 042C,966.0,0.6014492753623188,581.0,503,366.0,76.0,21.0
E01034199,Newham 012E,702.0,0.3561253561253561,250.0,481,195.0,23.0,3.0
E01034200,Newham 012F,722.0,0.24238227146814403,175.0,567,136.0,18.0,1.0
E01034201,Newham 022E,425.0,0.64,272.0,201,183.0,34.0,7.0
E01034202,Newham 022F,499.0,0.6132264529058116,306.0,255,188.0,50.0,6.0
E01034203,Newham 025E,483.0,0.3995859213250518,193.0,305,164.0,13.0,1.0
E01034204,Newham 025F,555.0,0.6918918918918919,384.0,252,234.0,57.0,12.0
E01034205,Newham 033E,560.0,0.7678571428571429,430.0,233,247.0,57.0,23.0
E01034206,Newham 033F,681.0,0.5315712187958884,362.0,367,273.0,34.0,7.0
E01034207,Newham 033G,714.0,0.5140056022408963,367.0,372,317.0,25.0,0.0
E01034208,Newham 034J,665.0,0.524812030075188,349.0,369,253.0,33.0,10.0
E01034209,Newham 034K,685.0,0.2759124087591241,189.0,520,142.0,22.0,1.0
E01034210,Newham 034L,708.0,0.3813559322033898,270.0,459,229.0,19.0,1.0
E01034211,Newham 034M,745.0,0.2483221476510067,185.0,571,163.0,11.0,0.0
E01034212,Newham 034N,1006.0,0.3061630218687873,308.0,722,265.0,14.0,5.0
E01034213,Newham 038A,649.0,0.46687211093990755,303.0,381,239.0,23.0,6.0
E01034214,Newham 038B,646.0,0.3142414860681115,203.0,463,164.0,18.0,1.0
E01034215,Newham 038C,640.0,0.3046875,195.0,461,163.0,16.0,0.0
E01034216,Newham 038D,634.0,0.35331230283911674,224.0,432,182.0,18.0,2.0
E01034217,Newham 038E,665.0,0.3323308270676692,221.0,473,167.0,21.0,4.0
E01034218,Newham 039B,616.0,0.5178571428571429,319.0,352,219.0,35.0,10.0
E01034219,Newham 039C,669.0,0.3617339312406577,242.0,437,222.0,10.0,0.0
E01034220,Newham 039D,616.0,0.15584415584415584,96.0,520,96.0,0.0,0.0
E01034221,Newham 039E,639.0,0.39906103286384975,255.0,421,184.0,31.0,3.0
E01034222,Newham 040A,718.0,0.3050139275766017,219.0,523,175.0,16.0,4.0
E01034223,Newham 040B,711.0,0.26863572433192684,191.0,533,166.0,11.0,1.0
E01034224,Newham 041D,613.0,0.5938009787928222,364.0,313,250.0,36.0,14.0
E01034225,Newham 042B,642.0,0.5607476635514018,360.0,325,282.0,27.0,8.0
E01034226,Newham 042C,611.0,0.47299509001636664,289.0,353,229.0,27.0,2.0
E01034227,Newham 042D,633.0,0.42022116903633494,266.0,384,233.0,15.0,1.0
E01034228,Newham 042E,634.0,0.38958990536277605,247.0,413,197.0,22.0,2.0
E01034229,Newham 042F,619.0,0.529886914378029,328.0,362,196.0,51.0,10.0
E01034230,Newham 042G,677.0,0.25406203840472674,172.0,509,164.0,4.0,0.0
E01034231,Newham 042H,653.0,0.38284839203675347,250.0,431,197.0,22.0,3.0
E01034383,Bromley 005F,628.0,0.5509554140127388,346.0,337,247.0,33.0,11.0
E01034384,Bromley 005G,623.0,0.637239165329053,397.0,277,301.0,39.0,6.0
E01034385,Bromley 018F,577.0,1.072790294627383,619.0,149,272.0,121.0,35.0
E01034386,Bromley 018G,651.0,0.41781874039938555,272.0,406,221.0,21.0,3.0
E01034387,Lewisham 001F,844.0,0.27488151658767773,232.0,631,194.0,19.0,0.0
E01034388,Lewisham 001G,618.0,0.3656957928802589,226.0,427,162.0,23.0,6.0
E01034389,Lewisham 001H,730.0,0.39452054794520547,288.0,480,217.0,28.0,5.0
E01034390,Lewisham 020F,692.0,0.434971098265896,301.0,431,231.0,20.0,10.0
E01034391,Lewisham 020G,636.0,0.7279874213836478,463.0,267,291.0,62.0,16.0
E01034392,Lewisham 040A,678.0,0.387905604719764,263.0,450,197.0,27.0,4.0
E01034393,Lewisham 040B,615.0,0.21138211382113822,130.0,499,105.0,8.0,3.0
E01034394,Lewisham 040C,669.0,0.17787742899850523,119.0,555,110.0,3.0,1.0
E01034395,Lewisham 040D,699.0,0.4105865522174535,287.0,444,229.0,20.0,6.0
E01034469,Barking and Dagenham 004F,539.0,1.025974025974026,553.0,121,298.0,105.0,15.0
E01034470,Barking and Dagenham 004G,468.0,1.1303418803418803,529.0,102,230.0,109.0,27.0
E01034471,Barking and Dagenham 008G,769.0,0.8504551365409623,654.0,264,385.0,91.0,29.0
E01034472,Barking and Dagenham 008H,666.0,0.6906906906906907,460.0,272,338.0,46.0,10.0
E01034473,Barking and Dagenham 015E,424.0,0.43160377358490565,183.0,276,115.0,31.0,2.0
E01034474,Barking and Dagenham 015F,864.0,0.29398148148148145,254.0,638,199.0,26.0,1.0
E01034475,Barking and Dagenham 019F,588.0,0.8928571428571429,525.0,210,247.0,115.0,16.0
E01034476,Barking and Dagenham 019G,511.0,1.0078277886497065,515.0,122,285.0,82.0,22.0
E01034477,Barking and Dagenham 019H,551.0,0.8421052631578947,464.0,165,321.0,52.0,13.0
E01034478,Barking and Dagenham 019I,470.0,0.8574468085106383,403.0,125,291.0,50.0,4.0
E01034479,Barking and Dagenham 021G,749.0,0.6461949265687583,484.0,359,309.0,68.0,13.0
E01034480,Redbridge 023E,409.0,0.8264058679706602,338.0,139,210.0,52.0,8.0
E01034481,Redbridge 023F,466.0,0.9120171673819742,425.0,170,191.0,81.0,24.0
E01034482,Redbridge 032F,428.0,0.22429906542056074,96.0,340,81.0,6.0,1.0
E01034483,Redbridge 032G,542.0,0.4151291512915129,225.0,327,205.0,10.0,0.0
E01034484,Redbridge 032H,534.0,0.7471910112359551,399.0,226,229.0,67.0,12.0
E01034485,Waltham Forest 014F,766.0,0.5861618798955613,449.0,393,307.0,56.0,10.0
E01034486,Waltham Forest 014G,736.0,0.25,184.0,567,156.0,11.0,2.0
E01034487,Waltham Forest 020H,453.0,0.5452538631346578,247.0,243,177.0,29.0,4.0
E01034488,Waltham Forest 020I,663.0,0.5882352941176471,390.0,345,259.0,46.0,13.0
E01034576,Kingston upon Thames 004H,587.0,0.6422487223168655,377.0,265,273.0,43.0,6.0
E01034577,Kingston upon Thames 004I,633.0,0.5908372827804107,374.0,301,293.0,36.0,3.0
E01034578,Merton 001F,444.0,0.6824324324324325,303.0,199,194.0,44.0,7.0
E01034579,Merton 001G,893.0,0.6394176931690929,571.0,406,414.0,62.0,11.0
E01034580,Merton 005F,598.0,0.520066889632107,311.0,347,199.0,44.0,8.0
E01034581,Merton 005G,685.0,0.5883211678832116,403.0,323,324.0,35.0,3.0
E01034589,Harrow 002F,621.0,1.394524959742351,866.0,79,283.0,194.0,65.0
E01034590,Harrow 002G,616.0,0.801948051948052,494.0,182,379.0,50.0,5.0
E01034591,Harrow 013F,518.0,0.9131274131274131,473.0,181,236.0,66.0,35.0
E01034592,Harrow 013G,402.0,0.8407960199004975,338.0,182,132.0,58.0,30.0
E01034593,Harrow 015E,528.0,1.1742424242424243,620.0,120,239.0,126.0,43.0
E01034594,Harrow 015F,478.0,1.3556485355648535,648.0,46,249.0,150.0,33.0
E01034595,Harrow 023E,516.0,0.7170542635658915,370.0,228,219.0,56.0,13.0
E01034596,Harrow 023F,579.0,0.43005181347150256,249.0,347,216.0,15.0,1.0
E01034597,Harrow 023G,606.0,0.5907590759075908,358.0,294,272.0,34.0,6.0
E01034598,Harrow 023H,604.0,0.37748344370860926,228.0,403,176.0,23.0,2.0
E01034599,Harrow 027E,568.0,1.0369718309859155,589.0,147,282.0,110.0,29.0
E01034600,Harrow 027F,817.0,0.6181150550795593,505.0,379,376.0,57.0,5.0
E01034601,Hillingdon 015G,595.0,1.1058823529411765,658.0,145,272.0,148.0,30.0
E01034602,Hillingdon 015H,627.0,0.7559808612440191,474.0,255,288.0,66.0,18.0
E01034603,Hillingdon 015I,518.0,1.2316602316602316,638.0,69,278.0,153.0,18.0
E01034604,Hillingdon 015J,609.0,0.8029556650246306,489.0,235,277.0,79.0,18.0
E01034605,Hillingdon 015K,577.0,1.1889081455805892,686.0,103,302.0,132.0,40.0
E01034606,Hillingdon 016G,483.0,1.0869565217391304,525.0,124,229.0,94.0,36.0
E01034607,Hillingdon 016H,578.0,1.0536332179930796,609.0,181,231.0,120.0,46.0
E01034608,Hillingdon 022G,944.0,0.940677966101695,888.0,277,479.0,155.0,33.0
E01034609,Hillingdon 022H,850.0,0.6423529411764706,546.0,396,372.0,72.0,10.0
E01034610,Hillingdon 027G,566.0,1.1713780918727916,663.0,125,261.0,138.0,42.0
E01034611,Hillingdon 027H,430.0,1.058139534883721,455.0,109,208.0,92.0,21.0
E01034612,Hillingdon 027I,619.0,1.0953150242326333,678.0,193,224.0,152.0,50.0
E01034613,Hillingdon 027J,447.0,0.6442953020134228,288.0,211,192.0,36.0,8.0
E01034614,Hillingdon 028F,757.0,0.8771466314398944,664.0,255,365.0,112.0,25.0
E01034615,Hillingdon 028G,698.0,1.310888252148997,915.0,110,333.0,183.0,72.0
E01034616,Hillingdon 030F,700.0,0.4942857142857143,346.0,406,249.0,38.0,7.0
E01034617,Hillingdon 030G,732.0,0.9644808743169399,706.0,241,325.0,117.0,49.0
E01035484,Hammersmith and Fulham 001F,627.0,0.42902711323763953,269.0,400,190.0,32.0,5.0
E01035485,Hammersmith and Fulham 001G,581.0,0.2719449225473322,158.0,441,125.0,12.0,3.0
E01035486,Hammersmith and Fulham 023G,881.0,0.583427922814983,514.0,451,354.0,68.0,8.0
E01035487,Hammersmith and Fulham 023H,749.0,0.4739652870493992,355.0,442,268.0,30.0,9.0
E01035488,Wandsworth 004H,744.0,0.6518817204301075,485.0,342,330.0,61.0,11.0
E01035489,Wandsworth 004I,694.0,0.4596541786743516,319.0,403,264.0,26.0,1.0
E01035490,Wandsworth 010H,780.0,0.8166666666666667,637.0,301,366.0,68.0,45.0
E01035491,Wandsworth 010I,622.0,0.4694533762057878,292.0,374,211.0,30.0,7.0
E01035492,Wandsworth 010J,852.0,0.47183098591549294,402.0,495,316.0,37.0,4.0
E01035493,Wandsworth 010K,832.0,0.3786057692307692,315.0,545,261.0,24.0,2.0
E01035494,Wandsworth 018E,959.0,0.3910323253388947,375.0,609,329.0,17.0,4.0
E01035495,Wandsworth 018F,510.0,0.4392156862745098,224.0,317,166.0,23.0,4.0
E01035496,Wandsworth 038A,705.0,0.40709219858156026,287.0,448,228.0,28.0,1.0
E01035497,Wandsworth 038B,655.0,0.26564885496183205,174.0,489,159.0,6.0,1.0
E01035498,Wandsworth 038E,651.0,0.29339477726574503,191.0,477,160.0,11.0,3.0
E01035499,Wandsworth 039C,610.0,0.4737704918032787,289.0,381,176.0,46.0,7.0
E01035638,Hackney 002G,847.0,0.30814639905548996,261.0,614,210.0,18.0,5.0
E01035639,Hackney 002H,805.0,0.31801242236024846,256.0,588,183.0,29.0,5.0
E01035640,Hackney 020F,635.0,0.4251968503937008,270.0,399,209.0,20.0,7.0
E01035641,Hackney 020G,613.0,0.19086460032626426,117.0,504,102.0,6.0,1.0
E01035642,Hackney 025G,854.0,0.32435597189695553,277.0,606,223.0,21.0,4.0
E01035643,Hackney 025H,742.0,0.3463611859838275,257.0,518,196.0,23.0,5.0
E01035644,Hackney 025I,603.0,0.22719734660033167,137.0,479,113.0,9.0,2.0
E01035645,Hackney 025J,616.0,0.3181818181818182,196.0,434,171.0,8.0,3.0
E01035646,Hackney 026E,665.0,0.40902255639097745,272.0,436,191.0,33.0,5.0
E01035647,Hackney 026F,597.0,0.271356783919598,162.0,447,139.0,10.0,1.0
E01035648,Hackney 026G,707.0,0.32531824611032534,230.0,501,185.0,18.0,3.0
E01035649,Hackney 026H,670.0,0.3074626865671642,206.0,490,159.0,16.0,5.0
E01035650,Hackney 031C,914.0,0.40809628008752735,373.0,604,258.0,41.0,11.0
E01035651,Islington 007E,696.0,0.3290229885057471,229.0,494,180.0,17.0,5.0
E01035652,Islington 007F,610.0,0.33114754098360655,202.0,431,160.0,15.0,4.0
E01035653,Islington 011J,758.0,0.19788918205804748,150.0,610,146.0,2.0,0.0
E01035654,Islington 011K,504.0,0.25595238095238093,129.0,383,114.0,6.0,1.0
E01035655,Islington 020F,747.0,0.4203480589022758,314.0,489,207.0,46.0,5.0
E01035656,Islington 020G,721.0,0.2552011095700416,184.0,561,138.0,20.0,2.0
E01035657,Tower Hamlets 001E,511.0,0.27788649706457924,142.0,385,113.0,10.0,3.0
E01035658,Tower Hamlets 001F,591.0,0.2639593908629442,156.0,442,143.0,5.0,1.0
E01035659,Tower Hamlets 001G,591.0,0.5143824027072758,304.0,343,199.0,42.0,7.0
E01035660,Tower Hamlets 002E,583.0,0.32075471698113206,187.0,431,121.0,27.0,4.0
E01035661,Tower Hamlets 002F,498.0,0.46184738955823296,230.0,315,141.0,37.0,5.0
E01035662,Tower Hamlets 004H,643.0,0.39035769828926903,251.0,417,206.0,15.0,5.0
E01035663,Tower Hamlets 004I,560.0,0.3535714285714286,198.0,383,157.0,19.0,1.0
E01035664,Tower Hamlets 006E,1107.0,0.4254742547425474,471.0,697,357.0,45.0,8.0
E01035665,Tower Hamlets 008F,673.0,0.2852897473997028,192.0,494,168.0,9.0,2.0
E01035666,Tower Hamlets 008G,734.0,0.30926430517711173,227.0,533,175.0,26.0,0.0
E01035667,Tower Hamlets 008H,682.0,0.39002932551319647,266.0,446,208.0,26.0,2.0
E01035668,Tower Hamlets 009E,824.0,0.33737864077669905,278.0,589,197.0,33.0,5.0
E01035669,Tower Hamlets 009F,640.0,0.2296875,147.0,505,126.0,6.0,3.0
E01035670,Tower Hamlets 010G,836.0,0.44019138755980863,368.0,515,282.0,31.0,8.0
E01035671,Tower Hamlets 012F,892.0,0.2589686098654709,231.0,683,188.0,20.0,1.0
E01035672,Tower Hamlets 012G,1012.0,0.39920948616600793,404.0,661,304.0,41.0,6.0
E01035673,Tower Hamlets 012H,457.0,0.29978118161925604,137.0,347,88.0,17.0,5.0
E01035674,Tower Hamlets 014F,567.0,0.345679012345679,196.0,386,169.0,9.0,3.0
E01035675,Tower Hamlets 014G,654.0,0.2996941896024465,196.0,490,134.0,28.0,2.0
E01035676,Tower Hamlets 014H,477.0,0.5618448637316562,268.0,262,167.0,43.0,5.0
E01035677,Tower Hamlets 014I,595.0,0.33277310924369746,198.0,415,166.0,10.0,4.0
E01035678,Tower Hamlets 018E,755.0,0.4357615894039735,329.0,483,226.0,35.0,11.0
E01035679,Tower Hamlets 018F,638.0,0.3448275862068966,220.0,452,155.0,28.0,3.0
E01035680,Tower Hamlets 019E,736.0,0.3967391304347826,292.0,468,247.0,18.0,3.0
E01035681,Tower Hamlets 019F,626.0,0.5271565495207667,330.0,365,203.0,47.0,11.0
E01035682,Tower Hamlets 019G,496.0,0.3407258064516129,169.0,350,125.0,19.0,2.0
E01035683,Tower Hamlets 019H,488.0,0.639344262295082,312.0,244,186.0,48.0,10.0
E01035684,Tower Hamlets 020E,506.0,0.5296442687747036,268.0,282,183.0,38.0,3.0
E01035685,Tower Hamlets 020F,492.0,0.4817073170731707,237.0,285,184.0,16.0,7.0
E01035686,Tower Hamlets 021G,572.0,0.2202797202797203,126.0,466,90.0,12.0,4.0
E01035687,Tower Hamlets 021H,679.0,0.21502209131075112,146.0,554,110.0,9.0,6.0
E01035688,Tower Hamlets 021I,694.0,0.14121037463976946,98.0,598,94.0,2.0,0.0
E01035689,Tower Hamlets 021J,694.0,0.2521613832853026,175.0,536,144.0,11.0,3.0
E01035690,Tower Hamlets 023E,824.0,0.30097087378640774,248.0,599,207.0,13.0,5.0
E01035691,Tower Hamlets 023F,758.0,0.35092348284960423,266.0,508,235.0,14.0,1.0
E01035692,Tower Hamlets 024E,573.0,0.35602094240837695,204.0,399,149.0,20.0,5.0
E01035693,Tower Hamlets 024F,620.0,0.36451612903225805,226.0,425,169.0,21.0,5.0
E01035694,Tower Hamlets 024G,818.0,0.38753056234718825,317.0,548,229.0,35.0,6.0
E01035695,Tower Hamlets 024H,589.0,0.47198641765704585,278.0,365,175.0,44.0,5.0
E01035696,Tower Hamlets 026E,602.0,0.27408637873754155,165.0,451,139.0,10.0,2.0
E01035697,Tower Hamlets 026F,670.0,0.2880597014925373,193.0,505,142.0,18.0,5.0
E01035698,Tower Hamlets 032F,476.0,0.22478991596638656,107.0,376,94.0,5.0,1.0
E01035699,Tower Hamlets 032G,826.0,0.19854721549636803,164.0,684,122.0,18.0,2.0
E01035700,Tower Hamlets 034A,625.0,0.1952,122.0,515,102.0,4.0,4.0
E01035701,Tower Hamlets 034B,663.0,0.2066365007541478,137.0,539,114.0,7.0,3.0
E01035702,Tower Hamlets 034C,577.0,0.36221837088388215,209.0,396,160.0,14.0,7.0
E01035703,Tower Hamlets 036B,500.0,0.198,99.0,408,85.0,7.0,0.0
E01035704,Tower Hamlets 036C,593.0,0.2478920741989882,147.0,457,125.0,11.0,0.0
E01035705,Tower Hamlets 036D,559.0,0.5044722719141324,282.0,320,199.0,37.0,3.0
E01035706,Tower Hamlets 036E,560.0,0.29464285714285715,165.0,409,139.0,10.0,2.0
E01035707,Camden 015F,1126.0,0.46181172291296624,520.0,679,382.0,57.0,8.0
E01035708,Camden 022F,734.0,0.2356948228882834,173.0,582,135.0,13.0,4.0
E01035709,Camden 022G,637.0,0.3218210361067504,205.0,455,161.0,19.0,2.0
E01035710,Camden 023F,897.0,0.2809364548494983,252.0,680,188.0,23.0,6.0
E01035711,Camden 026E,902.0,0.21175166297117518,191.0,734,145.0,23.0,0.0
E01035712,Camden 029E,742.0,0.316711590296496,235.0,535,182.0,22.0,3.0
E01035713,Kensington and Chelsea 016F,995.0,0.5336683417085427,531.0,578,320.0,80.0,17.0
E01035714,Kensington and Chelsea 020F,934.0,0.7066381156316917,660.0,424,376.0,118.0,16.0
E01035715,Westminster 007H,1172.0,0.5435153583617748,637.0,688,369.0,77.0,38.0
E01035716,Westminster 013G,1261.0,0.21649484536082475,273.0,1025,202.0,31.0,3.0
E01035717,Westminster 014H,997.0,0.38415245737211634,383.0,680,261.0,46.0,10.0
E01035718,Westminster 019G,732.0,0.6612021857923497,484.0,370,264.0,74.0,24.0
E01035719,Westminster 021F,634.0,0.37066246056782337,235.0,429,180.0,20.0,5.0
E01035720,Westminster 021G,587.0,0.41567291311754684,244.0,374,183.0,29.0,1.0
E01035721,Westminster 023H,1304.0,0.36809815950920244,480.0,903,334.0,55.0,12.0
E01035722,Westminster 024G,1180.0,0.3516949152542373,415.0,818,317.0,37.0,8.0
