pair,pearson_r,p_value,n
"Income score vs EVSE count per 1,000 households",-0.05274806286942724,0.00019203089545400003,4994
"Income score vs Sᵢᵉᶠᶠ per 1,000 households",-0.059061218548737984,2.9621964619210422e-05,4994
