pair,pearson_r,p_value,n
"Income score vs on-street location count per 1,000 households",-0.08768283351656463,5.407528736863885e-10,4994
"Income score vs Sᵢᵉᶠᶠ per 1,000 households",-0.06387071354139043,6.268834349319125e-06,4994
