lsoa_code,lsoa_name,Hi,Ci,ej,seff,ubar_i,has_evse_i,Ui,Vi,Bi,income_score,D_A,D_B,D_C,D_D
E01000001,City of London 001A,837.0,0.3954599761051374,1,0.2439112654158952,0.2439112654158952,True,1.2439112654158953,331.0,51.73418875518828,0.013,51.73418875518828,50.548555231740245,48.341406252446355,46.32895289853737
E01000002,City of London 001B,824.0,0.3592233009708738,1,0.1277727623441354,0.0182532517634479,True,1.018253251763448,296.0,37.87108652467742,0.018,37.87108652467742,37.02164229535498,35.44033582363538,33.99851855510273
E01000003,City of London 001C,1017.0,0.2163225172074729,0,0.0,,False,1.0,219.99999999999994,27.642857142857128,0.107,27.642857142857128,27.262902020604333,26.555586021459096,25.91066333245751
E01000005,City of London 001E,479.0,0.2484342379958246,0,0.0,,False,1.0,118.99999999999999,14.952272727272723,0.211,14.952272727272723,14.8984941180975,14.798381056176186,14.707099104154038
E01032739,City of London 001F,879.0,0.2081911262798634,13,0.0999853395057868,0.005631840574534,True,1.005631840574534,182.99999999999991,23.12332876017176,0.024,23.12332876017176,22.618213521678047,21.677902235754765,20.820537092383162
E01032740,City of London 001G,877.0,0.2029646522234891,0,0.0,,False,1.0,177.99999999999994,22.365584415584404,0.04,22.365584415584404,21.911941075520303,21.067448730133425,20.297450207710167
E01000027,Barking and Dagenham 001A,662.0,1.0483383685800605,0,0.0,,False,1.0,694.0,87.20064935064934,0.402,87.20064935064934,88.5122653660013,90.9539405483043,93.18023222860315
E01000028,Barking and Dagenham 001B,622.0,0.8231511254019293,0,0.0,,False,1.0,512.0,64.33246753246752,0.444,64.33246753246752,65.56377638182096,67.8559535312511,69.94593460430038
E01000029,Barking and Dagenham 001C,681.0,1.143906020558003,0,0.0,,False,1.0,779.0,97.88084415584413,0.196,97.88084415584413,97.3855274349109,96.46345685119826,95.62272337278715
E01000030,Barking and Dagenham 001D,907.0,0.8732083792723263,0,0.0,,False,1.0,792.0,99.5142857142857,0.419,99.5142857142857,101.17619809534344,104.26997719570143,107.0908498169782
E01000031,Barking and Dagenham 002A,594.0,1.1632996632996633,0,0.0,,False,1.0,691.0,86.82370129870128,0.246,86.82370129870128,86.80795696288371,86.77864765773826,86.75192376642234
E01000032,Barking and Dagenham 002B,723.0,0.9529737206085752,0,0.0,,False,1.0,688.9999999999999,86.57240259740257,0.321,86.57240259740257,87.19029282088874,88.34054350890658,89.3893290130361
E01000110,Barking and Dagenham 002C,522.0,1.2203065134099618,0,0.0,,False,1.0,637.0,80.03863636363634,0.24,80.03863636363634,79.97726073385665,79.86300522746055,79.75882835530264
E01000111,Barking and Dagenham 002D,745.0,0.8778523489932886,1,0.1350999228391201,0.03377498070978,True,1.03377498070978,654.0,84.95012339859865,0.336,84.95012339859865,85.68077821935076,87.04094897190268,88.28113720502223
E01000112,Barking and Dagenham 002E,700.0,0.9328571428571428,0,0.0,,False,1.0,653.0,82.04902597402595,0.293,82.04902597402595,82.41045089148231,83.08327147379445,83.69674163378626
E01000113,Barking and Dagenham 002F,643.0,0.9237947122861586,3,0.989265432092978,0.0824387860077481,True,1.082438786007748,594.0,80.78859196424969,0.336,80.78859196424969,81.48345351145997,82.77699230261653,83.95642627064312
E01000034,Barking and Dagenham 003A,514.0,1.0894941634241244,0,0.0,,False,1.0,560.0,70.36363636363635,0.337,70.36363636363635,70.975699193499,72.11510173524422,73.15399602289726
E01000037,Barking and Dagenham 003B,588.0,1.3350340136054422,0,0.0,,False,1.0,785.0,98.63474025974024,0.225,98.63474025974024,98.41473098353676,98.00516661157506,97.63173047213533
E01000038,Barking and Dagenham 003C,564.0,1.1879432624113475,0,0.0,,False,1.0,670.0,84.18506493506491,0.227,84.18506493506491,84.01371610421346,83.69473693431183,83.40389535256188
E01000039,Barking and Dagenham 003D,642.0,1.14797507788162,0,0.0,,False,1.0,737.0,92.60357142857141,0.221,92.60357142857141,92.3608694173543,91.90906075495026,91.4971067516138
E01000063,Barking and Dagenham 004A,624.0,0.939102564102564,0,0.0,,False,1.0,585.9999999999999,73.63051948051945,0.326,73.63051948051945,74.19196488084296,75.2371391423209,76.19011715498027
E01000100,Barking and Dagenham 004B,656.0,0.945121951219512,0,0.0,,False,1.0,619.9999999999999,77.90259740259737,0.341,77.90259740259737,78.61064575988875,79.92873282320116,81.13054962677542
E01000101,Barking and Dagenham 004C,582.0,0.9587628865979382,1,0.0078063271604938,0.0078063271604938,True,1.0078063271604938,558.0,70.65965750811687,0.417,70.65965750811687,71.82590056279545,73.99695267699046,75.97649331956221
E01000114,Barking and Dagenham 004E,757.0,1.0792602377807134,0,0.0,,False,1.0,817.0000000000001,102.65551948051947,0.375,102.65551948051947,103.92913152670974,106.3000593658536,108.46184442274078
E01034469,Barking and Dagenham 004F,539.0,1.025974025974026,0,0.0,,False,1.0,553.0,69.4840909090909,0.255,69.4840909090909,69.53251405523514,69.6226575063714,69.70484928058961
E01034470,Barking and Dagenham 004G,468.0,1.1303418803418803,0,0.0,,False,1.0,529.0,66.46850649350648,0.332,66.46850649350648,67.01425683597851,68.0302135270759,68.95655129113538
E01000033,Barking and Dagenham 006A,551.0,0.9382940108892922,0,0.0,,False,1.0,517.0,64.96071428571427,0.464,64.96071428571427,66.33082673864341,68.88139758721886,71.2069790983683
E01000060,Barking and Dagenham 006B,813.0,0.7884378843788438,0,0.0,,False,1.0,641.0,80.54123376623374,0.407,80.54123376623374,81.79197975818884,84.12034065968504,86.24331366662075
E01000061,Barking and Dagenham 006C,752.0,0.6183510638297872,0,0.0,,False,1.0,465.0,58.42694805194804,0.69,58.42694805194804,60.94776640362714,65.64046574272237,69.9192156651087
E01000062,Barking and Dagenham 006D,766.0,0.9725848563968668,1,0.4746277006138116,0.1186569251534529,True,1.1186569251534528,744.9999999999999,104.71609460247326,0.356,104.71609460247326,105.82112305296194,107.87821942241494,109.75385651209801
E01000064,Barking and Dagenham 006E,796.0,0.9484924623115578,0,0.0,,False,1.0,755.0,94.86525974025972,0.385,94.86525974025972,96.1347915038191,98.49812357962983,100.65298290583969
E01000065,Barking and Dagenham 007A,783.0,0.8314176245210728,1,0.4922932098749997,0.1230733024687499,True,1.1230733024687498,651.0,91.86484370261992,0.471,91.86484370261992,93.86515200655104,97.58888142544859,100.9841355874524
E01000078,Barking and Dagenham 007B,621.0,0.9533011272141708,0,0.0,,False,1.0,592.0000000000001,74.38441558441559,0.403,74.38441558441559,75.51051659715834,77.60684117950375,79.51824610785282
E01000080,Barking and Dagenham 007C,607.0,0.9555189456342668,0,0.0,,False,1.0,579.9999999999999,72.87662337662334,0.345,72.87662337662334,73.56743679620247,74.85343968305777,76.02600249919199
E01000081,Barking and Dagenham 007D,653.0,1.004594180704441,0,0.0,,False,1.0,655.9999999999999,82.425974025974,0.332,82.425974025974,83.10274571720585,84.36260883508845,85.51133770696562
E01000082,Barking and Dagenham 007E,697.0,0.9827833572453372,0,0.0,,False,1.0,685.0,86.06980519480517,0.395,86.06980519480517,87.30562011718465,89.606185671871,91.70381519749425
E01000083,Barking and Dagenham 007F,633.0,0.9652448657187994,1,1.0123140432033175,0.2530785108008294,True,1.2530785108008293,611.0,96.20103423001028,0.424,96.20103423001028,97.85455165960664,100.93270290516577,103.73932622605571
E01000102,Barking and Dagenham 007G,629.0,0.918918918918919,0,0.0,,False,1.0,578.0,72.62532467532466,0.463,72.62532467532466,74.15000761867792,76.98832345204124,79.57626756994688
E01000021,Barking and Dagenham 008A,591.0,0.9035532994923858,0,0.0,,False,1.0,534.0,67.09675324675324,0.458,67.09675324675324,68.47263339675044,71.03394126181946,73.36931266257591
E01000022,Barking and Dagenham 008B,477.0,1.0482180293501049,0,0.0,,False,1.0,500.00000000000006,62.824675324675326,0.387,62.824675324675326,63.67768587208176,65.26563132217305,66.7135019357295
E01000024,Barking and Dagenham 008D,460.0,1.1,0,0.0,,False,1.0,506.00000000000006,63.57857142857142,0.371,63.57857142857142,64.34255276225205,65.76476340954294,67.06151891356933
E01000025,Barking and Dagenham 008E,694.0,0.8703170028818443,0,0.0,,False,1.0,604.0,75.89220779220778,0.377,75.89220779220778,76.84858788137747,78.62896376977928,80.25229026991396
E01000077,Barking and Dagenham 008F,592.0,0.8699324324324325,0,0.0,,False,1.0,515.0,64.70941558441558,0.406,64.70941558441558,65.70799067684888,67.56691584421657,69.26186268415842
E01034471,Barking and Dagenham 008G,769.0,0.8504551365409623,0,0.0,,False,1.0,654.0,82.1746753246753,0.381,82.1746753246753,83.2423008188899,85.229768677399,87.0419192821681
E01034472,Barking and Dagenham 008H,666.0,0.6906906906906907,0,0.0,,False,1.0,460.0,57.79870129870129,0.394,57.79870129870129,58.62295153538696,60.15735743114198,61.556411287559904
E01000015,Barking and Dagenham 009A,835.0,0.8359281437125748,0,0.0,,False,1.0,698.0,87.70324675324675,0.415,87.70324675324675,89.13367914772248,91.79654025697508,94.22450675157197
E01000016,Barking and Dagenham 009B,627.0,0.9824561403508772,0,0.0,,False,1.0,616.0,77.39999999999999,0.348,77.39999999999999,78.15634988679118,79.56435400240134,80.84815615230598
E01000017,Barking and Dagenham 009C,598.0,0.939799331103679,0,0.0,,False,1.0,562.0,70.61493506493505,0.4,70.61493506493505,71.66329804277336,73.61490722951098,75.39436230491155
E01000018,Barking and Dagenham 009D,644.0,0.9642857142857144,0,0.0,,False,1.0,621.0000000000001,78.02824675324675,0.382,78.02824675324675,79.04961533909207,80.95097236649407,82.68460809415473
E01000079,Barking and Dagenham 009E,622.0,0.8762057877813505,1,0.9782361111072528,0.2445590277768132,True,1.2445590277768133,545.0,85.22602835829433,0.369,85.22602835829433,86.2334998149795,88.1089862560373,89.81903347710214
E01000035,Barking and Dagenham 010A,596.0,0.9546979865771812,3,1.2073487654216817,0.1554513888873456,True,1.1554513888873457,569.0,82.60839681401303,0.339,82.60839681401303,83.3430935975321,84.7107887780114,85.95783769899606
E01000036,Barking and Dagenham 010B,471.0,1.0615711252653928,0,0.0,,False,1.0,500.0,62.82467532467531,0.304,62.82467532467531,63.168852914790634,63.8095662563885,64.3937613992127
E01000107,Barking and Dagenham 010C,604.0,1.0513245033112584,0,0.0,,False,1.0,635.0000000000001,79.78733766233766,0.317,79.78733766233766,80.32565804666216,81.32778329303633,82.24150970299885
E01000108,Barking and Dagenham 010D,684.0,0.9181286549707602,0,0.0,,False,1.0,628.0,78.9077922077922,0.353,78.9077922077922,79.71737583354962,81.22447869282689,82.59863795089777
E01000066,Barking and Dagenham 011A,709.0,1.095909732016925,1,0.3253726851840276,0.0813431712960069,True,1.0813431712960069,776.9999999999999,105.5710422940058,0.258,105.5710422940058,105.67551957118619,105.87001214509506,106.04734826347463
E01000067,Barking and Dagenham 011B,659.0,1.118361153262519,0,0.0,,False,1.0,737.0000000000001,92.60357142857143,0.31,92.60357142857143,93.16510749368192,94.21045053470941,95.16358243864383
E01000069,Barking and Dagenham 011C,534.0,1.4138576779026215,1,0.1064047067897374,0.0532023533948687,True,1.0532023533948687,754.9999999999999,99.91231481385701,0.172,99.91231481385701,99.17272810766721,97.7959299559762,96.54058104930081
E01000070,Barking and Dagenham 011D,578.0,1.207612456747405,2,0.3576635802461416,0.0491489519031796,True,1.0491489519031796,698.0,92.01376940967477,0.237,92.01376940967477,91.91627446054802,91.73478003314212,91.56929547701324
E01000071,Barking and Dagenham 011E,806.0,1.0893300248138955,0,0.0,,False,1.0,877.9999999999998,110.32012987012982,0.276,110.32012987012982,110.62308043109415,111.18704645279055,111.70126426160233
E01000057,Barking and Dagenham 012A,531.0,0.815442561205273,2,0.0,0.0,True,1.0,433.0,54.40616883116882,0.348,54.40616883116882,54.93782386522821,55.927541043895744,56.82995391874754
E01000073,Barking and Dagenham 012B,665.0,0.9278195488721804,0,0.0,,False,1.0,617.0,77.52564935064933,0.415,77.52564935064933,78.79008600880337,81.14393314979027,83.29014422022907
E01000074,Barking and Dagenham 012C,624.0,0.8958333333333334,0,0.0,,False,1.0,559.0,70.237987012987,0.39,70.237987012987,71.21221456087599,73.02581488120921,74.67943504076578
E01000075,Barking and Dagenham 012D,639.0,1.0422535211267605,1,0.0572584876543208,0.0190861625514402,True,1.0190861625514402,666.0,85.2796447104978,0.305,85.2796447104978,85.75516091184983,86.64037128899874,87.44749605000074
E01000076,Barking and Dagenham 012E,795.0,0.8301886792452831,0,0.0,,False,1.0,660.0,82.92857142857142,0.367,82.92857142857142,83.89269968762399,85.68749939663333,87.32397737246362
E01000013,Barking and Dagenham 013A,619.0,0.8626817447495961,0,0.0,,False,1.0,534.0,67.09675324675324,0.387,67.09675324675324,68.0077685113833,69.7036942520808,71.2500200673591
E01000014,Barking and Dagenham 013B,637.0,0.9701726844583988,0,0.0,,False,1.0,618.0,77.65129870129869,0.309,77.65129870129869,78.11458880118796,78.97703933996304,79.76341193901334
E01000059,Barking and Dagenham 013C,571.0,1.031523642732049,1,0.3002982253078702,0.0750745563269675,True,1.0750745563269675,589.0,79.56354532234997,0.381,79.56354532234997,80.59724663069859,82.52156197983045,84.276130844311
E01000084,Barking and Dagenham 013D,503.0,0.827037773359841,2,0.5091562499976847,0.0707542599019257,True,1.0707542599019257,416.0,55.96846422406844,0.364,55.96846422406844,56.60276961584998,57.783578415823634,58.8602264591254
E01000085,Barking and Dagenham 013E,576.0,0.7829861111111112,0,0.0,,False,1.0,451.0,56.66785714285713,0.427,56.66785714285713,57.65846173010043,59.50254918240134,61.183967162383716
E01000086,Barking and Dagenham 013F,488.0,0.8770491803278688,0,0.0,,False,1.0,428.0,53.77792207792207,0.437,53.77792207792207,54.77048525797258,56.618218783052136,58.302961210754546
E01000103,Barking and Dagenham 014A,533.0,1.1575984990619137,0,0.0,,False,1.0,617.0,77.52564935064933,0.369,77.52564935064933,78.4420933101567,80.14812498841445,81.70366528270088
E01000104,Barking and Dagenham 014B,693.0,0.84992784992785,0,0.0,,False,1.0,589.0,74.00746753246752,0.442,74.00746753246752,75.40951018987725,78.01952159646174,80.39930033283056
E01000105,Barking and Dagenham 014C,935.0,0.6919786096256685,0,0.0,,False,1.0,647.0,81.29512987012986,0.471,81.29512987012986,83.06528825492816,86.36057570668123,89.3651813525114
E01000106,Barking and Dagenham 014D,872.0,0.7293577981651376,0,0.0,,False,1.0,636.0,79.912987012987,0.574,79.912987012987,82.4562458576385,87.19071991900614,91.50755955836871
E01000007,Barking and Dagenham 015A,1191.0,0.4441645675902603,0,0.0,,False,1.0,529.0,66.46850649350648,0.486,66.46850649350648,68.01311432269365,70.88852188006874,73.51028581036131
E01000008,Barking and Dagenham 015B,547.0,0.6179159049360147,0,0.0,,False,1.0,338.0,42.46948051948051,0.51,42.46948051948051,43.55585592341692,45.57822819655827,47.42220424988201
E01000012,Barking and Dagenham 015D,782.0,0.6048593350383632,1,0.2562912808614966,0.0640728202153741,True,1.0640728202153742,473.0,63.24012786144299,0.494,63.24012786144299,64.75908247620472,67.58673458055418,70.16495563154385
E01034473,Barking and Dagenham 015E,424.0,0.4316037735849056,0,0.0,,False,1.0,182.99999999999997,22.99383116883116,0.603,22.99383116883116,23.790687225225366,25.27409672464619,26.62665264648747
E01034474,Barking and Dagenham 015F,864.0,0.2939814814814814,1,0.7411921296253857,0.1852980324063464,True,1.1852980324063465,253.99999999999994,37.828709736843834,0.312,37.828709736843834,38.06548088816849,38.50624879379641,38.90813596058845
E01000006,Barking and Dagenham 016A,554.0,0.9314079422382672,0,0.0,,False,1.0,516.0,64.83506493506492,0.343,64.83506493506492,65.43699727872722,66.55754113283022,67.57924028343001
E01000009,Barking and Dagenham 016B,600.0,0.6733333333333333,1,0.8519047067870371,0.2129761766967592,True,1.2129761766967593,404.0,61.57350625785224,0.403,61.57350625785224,62.50566371597465,64.24094729352792,65.82315913712878
E01000011,Barking and Dagenham 016C,474.0,0.7552742616033755,0,0.0,,False,1.0,358.0,44.982467532467524,0.421,44.982467532467524,45.74246440383577,47.15725766476575,48.44725008021079
E01000044,Barking and Dagenham 016D,661.0,0.7095310136157338,0,0.0,,False,1.0,469.00000000000006,58.929545454545455,0.383,58.929545454545455,59.70666764613611,61.15334102204381,62.472401363991246
E01000068,Barking and Dagenham 016E,477.0,1.121593291404612,0,0.0,,False,1.0,535.0,67.22240259740259,0.269,67.22240259740259,67.3610847362892,67.6192523194727,67.85464658760877
E01000041,Barking and Dagenham 017A,600.0,1.0033333333333334,0,0.0,,False,1.0,602.0,75.64090909090908,0.368,75.64090909090908,76.52769207033592,78.178507528223,79.68370230033688
E01000042,Barking and Dagenham 017B,655.0,0.7435114503816794,0,0.0,,False,1.0,487.0,61.19123376623376,0.51,61.19123376623376,62.756514303858104,65.6704057151594,68.32725878607259
E01000045,Barking and Dagenham 017C,577.0,0.9081455805892548,0,0.0,,False,1.0,524.0,65.84025974025973,0.392,65.84025974025973,66.76633870594414,68.49030669726035,70.06220111793785
E01000046,Barking and Dagenham 017D,660.0,0.9212121212121211,0,0.0,,False,1.0,608.0,76.39480519480519,0.382,76.39480519480519,77.39479247370045,79.25634653595554,80.95369037237691
E01000072,Barking and Dagenham 017E,739.0,0.8538565629228687,0,0.0,,False,1.0,631.0,79.28474025974023,0.457,79.28474025974023,80.90280949161651,83.91497116124988,86.66142593681701
E01000054,Barking and Dagenham 018A,639.0,0.9671361502347418,0,0.0,,False,1.0,618.0,77.65129870129869,0.365,77.65129870129869,78.53891870446341,80.19129234711173,81.69790785438136
E01000055,Barking and Dagenham 018B,567.0,0.9576719576719576,0,0.0,,False,1.0,542.9999999999999,68.22759740259738,0.381,68.22759740259738,69.11402040467463,70.76416573673953,72.26874949574507
E01000056,Barking and Dagenham 018C,563.0,0.9467140319715808,0,0.0,,False,1.0,533.0,66.97110389610388,0.477,66.97110389610388,68.46857499412721,71.25623386186257,73.79798953425171
E01000058,Barking and Dagenham 018D,698.0,0.9068767908309456,0,0.0,,False,1.0,633.0,79.53603896103894,0.376,79.53603896103894,80.53057672654663,82.38198609596604,84.07008011675963
E01000095,Barking and Dagenham 018E,737.0,0.9579375848032564,0,0.0,,False,1.0,706.0,88.70844155844155,0.525,88.70844155844155,91.10746058060735,95.5734209986976,99.64543294991887
E01000040,Barking and Dagenham 019A,654.0,0.7874617737003058,0,0.0,,False,1.0,515.0,64.70941558441558,0.46,64.70941558441558,66.0489700634095,68.54265486781821,70.81636833043628
E01000043,Barking and Dagenham 019B,470.0,1.0148936170212766,0,0.0,,False,1.0,477.0,59.934740259740245,0.301,59.934740259740245,60.24554013946006,60.824118278253955,61.35165924936084
E01000050,Barking and Dagenham 019C,631.0,0.716323296354992,0,0.0,,False,1.0,452.0,56.793506493506484,0.388,56.793506493506484,57.57017001623408,59.01598954439466,60.33427135767067
E01000052,Barking and Dagenham 019D,797.0,0.7503136762860728,0,0.0,,False,1.0,598.0,75.13831168831167,0.411,75.13831168831167,76.33448267898669,78.56124797274398,80.59158725923099
E01034475,Barking and Dagenham 019F,588.0,0.8928571428571429,1,0.226757330245756,0.0755857767485853,True,1.0755857767485852,525.0,70.951993568472,0.41,70.951993568472,72.0745965056533,74.16440914838819,76.06987656421198
E01034476,Barking and Dagenham 019G,511.0,1.0078277886497065,0,0.0,,False,1.0,515.0,64.70941558441558,0.378,64.70941558441558,65.53118655048411,67.06097709123796,68.45582271942173
E01034477,Barking and Dagenham 019H,551.0,0.8421052631578947,0,0.0,,False,1.0,464.0,58.30129870129869,0.463,58.30129870129869,59.52526563160304,61.80377522793623,63.88129438141064
E01034478,Barking and Dagenham 019I,470.0,0.8574468085106383,0,0.0,,False,1.0,403.0,50.6366883116883,0.197,50.6366883116883,50.385387354108005,49.91757108453601,49.4910215269187
E01000053,Barking and Dagenham 020A,651.0,0.7711213517665131,1,0.4540806327152776,0.1135201581788194,True,1.1135201581788194,502.0,70.23636857468568,0.395,70.23636857468568,71.24484247772155,73.12219505059491,74.83394378943963
E01000087,Barking and Dagenham 020B,518.0,0.9652509652509652,1,0.0265594135802469,0.0132797067901234,True,1.0132797067901234,500.0,63.658968592171696,0.445,63.658968592171696,64.8835987534716,67.16334300586496,69.24198790470253
E01000088,Barking and Dagenham 020C,605.0,0.9619834710743802,0,0.0,,False,1.0,582.0,73.12792207792207,0.337,73.12792207792207,73.76403023324362,74.94819501770024,76.0279030095111
E01000089,Barking and Dagenham 020D,602.0,0.9534883720930232,0,0.0,,False,1.0,574.0,72.12272727272726,0.451,72.12272727272726,73.55240476715095,76.21386057126813,78.64054572461458
E01000090,Barking and Dagenham 020E,557.0,0.9461400359066428,0,0.0,,False,1.0,527.0,66.21720779220779,0.454,66.21720779220779,67.54920579806554,70.02882364026401,72.28971100661724
E01000049,Barking and Dagenham 021C,575.0,0.7565217391304347,1,0.6131431327148917,0.1532857831787229,True,1.1532857831787229,435.0,63.03568024974742,0.329,63.03568024974742,63.53479149816921,64.46392588980191,65.31110006799068
E01000051,Barking and Dagenham 021D,432.0,0.5393518518518519,1,0.0,0.0,True,1.0,233.0,29.276298701298693,0.546,29.276298701298693,30.128036184312112,31.713611726063213,33.15932148413035
E01033587,Barking and Dagenham 021E,1039.0,0.5649663137632339,0,0.0,,False,1.0,587.0,73.75616883116882,0.42,73.75616883116882,74.99511172504533,77.3015002418531,79.40443907815767
E01034479,Barking and Dagenham 021G,749.0,0.6461949265687583,1,0.0,0.0,True,1.0,484.0,60.8142857142857,0.534,60.8142857142857,62.51234805056906,65.67342310300657,68.55565540853543
E01000091,Barking and Dagenham 022A,672.0,0.8258928571428571,2,0.3372283950586419,0.0421535493823302,True,1.0421535493823302,555.0,72.67498380002719,0.499,72.67498380002719,74.45601134573944,77.77153258554124,80.7945871693466
E01000093,Barking and Dagenham 022B,664.0,0.6957831325301205,0,0.0,,False,1.0,462.0,58.04999999999998,0.471,58.04999999999998,59.31400799656385,61.66705715067499,63.81254062575001
E01000094,Barking and Dagenham 022C,843.0,0.8540925266903915,0,0.0,,False,1.0,720.0,90.46753246753245,0.374,90.46753246753245,91.58110436711713,93.65410503126066,95.54424347608186
E01000096,Barking and Dagenham 022D,484.0,0.9008264462809916,2,0.3611300154320984,0.0489269065072015,True,1.0489269065072016,435.99999999999994,57.46348532103022,0.417,57.46348532103022,58.41192454387215,60.177517892253526,61.78736584040892
E01000019,Barking and Dagenham 023A,498.0,1.0441767068273091,0,0.0,,False,1.0,519.9999999999999,65.33766233766231,0.414,65.33766233766231,66.3969382399859,68.3688626840627,70.16684098021155
E01000020,Barking and Dagenham 023B,664.0,1.016566265060241,0,0.0,,False,1.0,675.0,84.81331168831167,0.333,84.81331168831167,85.51796119735228,86.82972104040718,88.02576875646284
E01000097,Barking and Dagenham 023C,685.0,0.8744525547445255,0,0.0,,False,1.0,599.0,75.26396103896103,0.416,75.26396103896103,76.49885411574441,78.797703583186,80.89376839996375
E01000098,Barking and Dagenham 023D,622.0,0.964630225080386,0,0.0,,False,1.0,600.0000000000001,75.3896103896104,0.441,75.3896103896104,76.81048058423865,79.45554091507557,81.86727686222827
E01000099,Barking and Dagenham 023E,934.0,1.032119914346895,0,0.0,,False,1.0,964.0,121.12597402597399,0.343,121.12597402597399,122.25051429591673,124.3439334342022,126.25268921167931
E01032580,Barking and Dagenham 023F,486.0,0.9958847736625516,0,0.0,,False,1.0,484.00000000000006,60.8142857142857,0.434,60.8142857142857,61.91891395098136,63.9752652913446,65.8502230719713
E01000248,Barnet 001A,718.0,0.9749303621169916,26,0.2969953703676693,0.0114228988602949,True,1.011422898860295,700.0,88.95924133157592,0.145,88.95924133157592,88.0663525619322,86.40417070087047,84.88861217152707
E01000249,Barnet 001B,619.0,1.3618739903069468,3,0.0070972222222222,0.0023657407407407,True,1.0023657407407407,843.0,106.17298754058437,0.064,106.17298754058437,104.26812255210434,100.72206828502408,97.48881630707557
E01000250,Barnet 001C,1144.0,0.916958041958042,1,0.0339614197527006,0.0339614197527006,True,1.0339614197527005,1049.0,136.28249345683943,0.191,136.28249345683943,135.52635567621903,134.11874641273573,132.83530428451266
E01000254,Barnet 001D,632.0,1.3180379746835442,5,0.0988749999988424,0.0197749999997684,True,1.0197749999997685,833.0,106.73567744315757,0.08,106.73567744315757,104.98736376256555,101.73274192597799,98.76521472586963
E01000292,Barnet 001E,656.0,1.0503048780487805,1,0.0,0.0,True,1.0,689.0,86.57240259740257,0.145,86.57240259740257,85.70347065864898,84.08588630077901,82.61099126797174
E01000293,Barnet 001F,709.0,1.0987306064880114,3,0.0047638888888888,0.0015879629629629,True,1.001587962962963,779.0,98.03627531114715,0.102,98.03627531114715,96.64091977292205,94.04335695858029,91.67492870713363
E01000167,Barnet 002A,522.0,1.1800766283524904,3,0.0077249228395061,0.0025749742798353,True,1.0025749742798353,616.0,77.59930300925924,0.341,77.59930300925924,78.30459475632018,79.61755017537986,80.81468800404832
E01000246,Barnet 002B,643.0,1.264385692068429,2,0.1476226851851851,0.0738113425925925,True,1.0738113425925926,812.9999999999999,109.69296640624997,0.118,109.69296640624997,108.30296439144134,105.71536757714144,103.35602621126408
E01000247,Barnet 002C,731.0,1.140902872777018,0,0.0,,False,1.0,834.0000000000002,104.79155844155845,0.158,104.79155844155845,103.87269398207334,102.16215635492867,100.60250758765962
E01000251,Barnet 002D,1058.0,0.8213610586011342,6,0.0645054012330245,0.010750900205504,True,1.010750900205504,869.0,110.36316882851024,0.25,110.36316882851024,110.38623347451149,110.42917010617094,110.46831923892061
E01000252,Barnet 002E,793.0,1.0264817150063053,0,0.0,,False,1.0,814.0000000000001,102.27857142857141,0.206,102.27857142857141,101.8608052520496,101.08310103581583,100.37399917047212
E01000166,Barnet 003A,653.0,1.2695252679938744,0,0.0,,False,1.0,829.0,104.16331168831167,0.236,104.16331168831167,104.0427790611948,103.81839820517875,103.61381029086999
E01000168,Barnet 003B,558.0,1.478494623655914,0,0.0,,False,1.0,825.0,103.66071428571426,0.092,103.66071428571426,102.08415226771261,99.14925950362625,96.47325763793508
E01000169,Barnet 003C,696.0,1.160919540229885,0,0.0,,False,1.0,808.0,101.52467532467531,0.172,101.52467532467531,100.7731533490284,99.3741367653524,98.09852934491731
E01000172,Barnet 003D,607.0,1.385502471169687,0,0.0,,False,1.0,841.0,105.67110389610387,0.111,105.67110389610387,104.25988520998408,101.6327919125784,99.23743810230356
E01000285,Barnet 004A,615.0,1.146341463414634,3,0.1659992283950616,0.0553330761316872,True,1.0553330761316873,705.0,93.48435059298338,0.198,93.48435059298338,93.02952657143277,92.1828362956683,91.41083372530743
E01000287,Barnet 004B,611.0,1.072013093289689,1,0.0234263117280092,0.0234263117280092,True,1.0234263117280091,655.0,84.22831773648518,0.28,84.22831773648518,84.49249392194818,84.98427842919013,85.43268195350328
E01000288,Barnet 004C,569.0,1.2038664323374342,1,0.0020015432098765,0.0020015432098765,True,1.0020015432098766,685.0,86.24207762896823,0.178,86.24207762896823,85.6541766278848,84.55975320883914,83.56187037405218
E01000289,Barnet 004D,547.0,0.926873857404022,1,0.0,0.0,True,1.0,507.0,63.70422077922077,0.511,63.70422077922077,65.3400002299289,68.38513084877361,71.16164633752216
E01000291,Barnet 004E,619.0,0.9838449111470112,0,0.0,,False,1.0,609.0,76.52045454545453,0.245,76.52045454545453,76.4991115974818,76.45938004055338,76.42315325851615
E01000294,Barnet 004F,732.0,1.034153005464481,4,0.0137388117280091,0.0034347029320022,True,1.003434702932002,757.0000000000001,95.4432555637196,0.18,95.4432555637196,94.81125829834428,93.63474625511783,92.56201594578327
E01000267,Barnet 005A,581.0,1.3889845094664373,1,0.0071153549382716,0.0071153549382716,True,1.0071153549382716,807.0,102.12051603422617,0.146,102.12051603422617,101.10549189004047,99.21594553402747,97.49307864230481
E01000268,Barnet 005B,930.0,0.8688172043010752,9,0.9058896604722216,0.0532927383389702,True,1.0532927383389703,808.0,106.93520328170214,0.367,106.93520328170214,108.17843284173651,110.49280132085791,112.60301619610352
E01000269,Barnet 005C,545.0,1.2954128440366972,3,0.0677241512345677,0.0225747170781892,True,1.0225747170781891,706.0,90.71100952907044,0.129,90.71100952907044,89.65891090052654,87.70034750957757,85.9145516698153
E01000270,Barnet 005D,635.0,1.211023622047244,3,0.0863912037013887,0.0287970679004628,True,1.0287970679004628,768.9999999999999,99.40684863583809,0.181,99.40684863583809,98.7583058747628,97.55099310498473,96.45017904324692
E01000170,Barnet 006A,697.0,1.1779053084648494,0,0.0,,False,1.0,821.0,103.15811688311686,0.256,103.15811688311686,103.24007361425663,103.39264244088301,103.53175296297587
E01000171,Barnet 006B,997.0,0.8144433299899699,2,0.1477226080243055,0.0738613040121527,True,1.0738613040121527,812.0,109.56314013571263,0.437,109.56314013571263,111.58531456320075,115.34974947105034,118.7821184352413
E01000173,Barnet 006C,609.0,1.284072249589491,6,0.0051087962955246,0.0008514660492541,True,1.000851466049254,782.0,98.34145538193178,0.163,98.34145538193178,97.52713009851972,96.01120027488489,94.6289926910359
E01000174,Barnet 006D,763.0,0.8689384010484927,4,0.3835339506080246,0.0512013406624228,True,1.0512013406624228,663.0,87.57087376250163,0.303,87.57087376250163,88.04207520307793,88.91925331759784,89.71905435282561
E01000175,Barnet 006E,643.0,1.412130637636081,2,0.0508229166662807,0.0254114583331403,True,1.0254114583331404,908.0,116.98879377027016,0.11,116.98879377027016,115.41501343465818,112.48529898859817,109.81401865442912
E01000228,Barnet 007A,460.0,1.617391304347826,1,0.0,0.0,True,1.0,744.0,93.48311688311686,0.182,93.48311688311686,92.88234350184945,91.76395714634634,90.74422517844887
E01000253,Barnet 007B,709.0,1.7249647390691114,1,0.0147060185185185,0.0147060185185185,True,1.0147060185185186,1223.0,155.9290172957251,0.052,155.9290172957251,152.94888295583965,147.4011311958287,142.34275419417278
E01000279,Barnet 007C,508.0,1.860236220472441,0,0.0,,False,1.0,945.0,118.73863636363633,0.038,118.73863636363633,116.307075611984,111.780536234544,107.65328907669942
E01000280,Barnet 007D,507.0,1.581854043392505,0,0.0,,False,1.0,802.0,100.7707792207792,0.038,100.7707792207792,98.70716893207532,94.86559794720031,91.36289718466978
E01000286,Barnet 007E,665.0,1.0796992481203007,2,0.1902129629621914,0.0951064814810957,True,1.0951064814810958,718.0,98.79638233221628,0.304,98.79638233221628,99.33762668576821,100.34519512817913,101.26388458242316
E01000290,Barnet 007F,669.0,1.3303437967115097,1,0.0080385802469135,0.0080385802469135,True,1.0080385802469134,890.0,112.72685980339101,0.223,112.72685980339101,112.45341733168357,111.94438291220328,111.4802511139656
E01000271,Barnet 008A,613.0,1.3800978792822185,2,0.3676782407345675,0.0955275848749998,True,1.0955275848749997,845.9999999999999,116.45387089066382,0.117,116.45387089066382,114.96683264646444,112.19859534720972,109.67454804022489
E01000272,Barnet 008B,498.0,1.6004016064257027,1,0.0,0.0,True,1.0,797.0,100.14253246753245,0.099,100.14253246753245,98.68788232383872,95.9799379916422,93.51086512675967
E01000273,Barnet 008C,740.0,1.0216216216216216,5,0.7382820215887342,0.0738282021588734,True,1.0738282021588734,756.0,102.00391713052787,0.269,102.00391713052787,102.21435473549116,102.6061006973032,102.96329021288416
E01000281,Barnet 008D,782.0,0.8682864450127877,0,0.0,,False,1.0,679.0,85.31590909090907,0.235,85.31590909090907,85.20886050209181,85.00958123166785,84.82788065780922
E01000282,Barnet 008E,691.0,1.1534008683068018,1,0.0170177469128086,0.0170177469128086,True,1.0170177469128086,797.0,101.84673274027263,0.12,101.84673274027263,100.5760329352707,98.21052645950695,96.05368454013313
E01000115,Barnet 009A,481.0,1.553014553014553,0,0.0,,False,1.0,747.0,93.86006493506491,0.063,93.86006493506491,92.16694888596835,89.01508173167115,86.14124508301401
E01000116,Barnet 009B,617.0,1.2868719611021069,6,1.2413387345362652,0.1034448945446887,True,1.1034448945446886,794.0,110.08582477464375,0.132,110.08582477464375,108.84123710648997,106.52434040352001,104.41182032250391
E01000119,Barnet 009C,629.0,1.3100158982511925,1,0.0221902006168981,0.0221902006168981,True,1.0221902006168981,824.0000000000001,105.83252879685759,0.13,105.83252879685759,104.61537267935996,102.34954194056343,100.28358322528906
E01000120,Barnet 009D,498.0,1.4759036144578312,2,0.0080088734567901,0.004004436728395,True,1.004004436728395,735.0,92.72209156013254,0.121,92.72209156013254,91.57428409931707,89.43755127634726,87.48930257345788
E01000122,Barnet 009E,519.0,1.3564547206165702,1,0.0183788580246913,0.0183788580246913,True,1.0183788580246913,704.0,90.08288412698411,0.138,90.08288412698411,89.11718441774902,87.31945933205472,85.68031403101153
E01000117,Barnet 010A,694.0,1.234870317002882,4,0.4567951388757716,0.0584270833316936,True,1.0584270833316936,857.0000000000001,113.97300910087863,0.137,113.97300910087863,112.74008264217589,110.44489418718324,108.3521674399472
E01000118,Barnet 010B,751.0,1.2836218375499335,1,0.0,0.0,True,1.0,964.0000000000001,121.12597402597402,0.159,121.12597402597402,120.07570093127897,118.12053591351318,116.337838671795
E01000121,Barnet 010C,525.0,1.0723809523809524,0,0.0,,False,1.0,563.0,70.74058441558441,0.335,70.74058441558441,71.34212022792418,72.46192590814256,73.48295200018406
E01000123,Barnet 010D,731.0,1.0875512995896033,2,0.0181064814814814,0.0090532407407407,True,1.0090532407407407,795.0,100.79557315340905,0.223,100.79557315340905,100.55107250193781,100.09591553086796,99.6809085777453
E01000124,Barnet 010E,793.0,0.7566204287515763,4,0.0930200617272375,0.0232550154318093,True,1.0232550154318094,600.0,77.14279694261887,0.313,77.14279694261887,77.6331639716124,78.54602031897248,79.37835236140201
E01000265,Barnet 011A,770.0,0.9753246753246754,2,0.0126006944444444,0.0063003472222222,True,1.0063003472222223,751.0,94.95717987520291,0.327,94.95717987520291,95.69051078761923,97.05566329285308,98.30039383144774
E01000266,Barnet 011B,507.0,1.6390532544378698,2,0.0490432098761573,0.0245216049380786,True,1.0245216049380785,831.0,106.97502421534779,0.066,106.97502421534779,105.07664730812245,101.54267110870447,98.32043177557682
E01000274,Barnet 011C,700.0,1.1214285714285714,3,0.0967218364189813,0.0322406121396604,True,1.0322406121396603,785.0,101.81478466395066,0.265,101.81478466395066,101.98509117954731,102.30212999856879,102.59120239043936
E01000320,Barnet 011D,809.0,0.9752781211372064,4,0.4844174382596454,0.0605521797824556,True,1.0605521797824555,788.9999999999999,105.1403195556215,0.206,105.1403195556215,104.71086430721975,103.91139997493117,103.18245748308387
E01000322,Barnet 011E,803.0,0.8418430884184309,3,0.0071141975308641,0.0023713991769547,True,1.0023713991769547,676.0,85.1403852212602,0.278,85.1403852212602,85.39080581217308,85.85698321075076,86.28203846442214
E01000275,Barnet 012A,666.0,1.1366366366366367,3,0.1040516975297067,0.0346838991765688,True,1.0346838991765688,757.0,98.41557156456764,0.173,98.41557156456764,97.69666781327867,96.3583725901025,95.13813021604089
E01000277,Barnet 012B,744.0,0.6868279569892473,3,0.0597588734556326,0.0199196244852108,True,1.019919624485211,510.99999999999994,65.4857938893902,0.268,65.4857938893902,65.61450315137866,65.85410544888906,66.07257210055268
E01000283,Barnet 012C,479.0,1.5762004175365345,0,0.0,,False,1.0,755.0,94.86525974025972,0.055,94.86525974025972,93.07995460480512,89.75647029914272,86.72615508239019
E01000284,Barnet 012D,814.0,0.8673218673218673,12,0.5810042438217587,0.0304976208844682,True,1.0304976208844683,706.0,91.41383797834291,0.273,91.41383797834291,91.63810903242576,92.05560703523574,92.43627696911308
E01000321,Barnet 012E,829.0,0.7852834740651388,11,0.4415312499907407,0.0202995931533389,True,1.020299593153339,651.0,83.4581878572314,0.223,83.4581878572314,83.25574264398135,82.8788751407006,82.535251634507
E01000195,Barnet 013A,717.0,0.8842398884239888,1,0.0001983024691358,0.0001983024691358,True,1.0001983024691359,634.0,79.67748542117603,0.424,79.67748542117603,81.04699368005113,83.59643977442276,85.92099574747259
E01000229,Barnet 013B,584.0,1.1421232876712328,0,0.0,,False,1.0,667.0,83.80811688311687,0.358,83.80811688311687,84.70886775111894,86.38568551950243,87.91458890279702
E01000230,Barnet 013C,659.0,1.3216995447647952,5,0.7333522376350309,0.0735043209856481,True,1.073504320985648,871.0000000000001,117.48494026132445,0.253,117.48494026132445,117.54388629890914,117.65361893054902,117.7536718969091
E01000231,Barnet 013D,619.0,1.2859450726978998,3,0.040275848765432,0.0134252829218106,True,1.0134252829218107,796.0,101.35963806968493,0.283,101.35963806968493,101.70721787006573,102.35426469057278,102.94423462748306
E01000232,Barnet 013E,705.0,1.30354609929078,1,0.0,0.0,True,1.0,918.9999999999999,115.4717532467532,0.238,115.4717532467532,115.36067083349276,115.15388228526383,114.96533483724957
E01000233,Barnet 013F,658.0,1.3358662613981762,1,0.0129764660493827,0.0129764660493827,True,1.0129764660493827,879.0,111.87897512513527,0.165,111.87897512513527,110.97438579570232,109.29042243294947,107.75500377792237
E01000186,Barnet 014A,510.0,1.6431372549019607,0,0.0,,False,1.0,838.0,105.29415584415582,0.131,105.29415584415582,104.09346618036209,101.85828902529637,99.82027989927369
E01000187,Barnet 014B,593.0,1.2175379426644182,1,0.0,0.0,True,1.0,722.0,90.71883116883116,0.318,90.71883116883116,91.33975815190465,92.49566200398283,93.54960199885139
E01000188,Barnet 014C,509.0,1.7406679764243616,0,0.0,,False,1.0,886.0,111.32532467532465,0.232,111.32532467532465,111.15305141292433,110.8323513418258,110.53994066192352
E01000189,Barnet 014D,981.0,0.9327217125382264,6,0.350641975306327,0.0584403292177211,True,1.0584403292177211,915.0000000000001,121.68799116157179,0.373,121.68799116157179,123.1739836373265,125.94027415731955,128.4625464130999
E01000190,Barnet 014E,569.0,1.421792618629174,3,0.0520266203699845,0.0173422067899948,True,1.0173422067899949,809.0,103.41316562611425,0.162,103.41316562611425,102.54675239114965,100.93385679619591,99.46323692412545
E01000191,Barnet 014F,554.0,1.4097472924187726,3,0.1176774691323302,0.019612911522055,True,1.019612911522055,781.0,100.05679989246963,0.205,100.05679989246963,99.63834506584242,98.85935887389935,98.14908811767424
E01000158,Barnet 015A,546.0,1.032967032967033,7,0.0713707561724536,0.0101958223103505,True,1.0101958223103504,564.0000000000001,71.58877329351805,0.226,71.58877329351805,71.43607700747005,71.15182099983568,70.89263960279396
E01000159,Barnet 015B,649.0,1.3035439137134053,2,0.0554278549382716,0.0277139274691358,True,1.0277139274691358,846.0,109.24532314326297,0.186,109.24532314326297,108.58589447789687,107.35831675097235,106.23902533163027
E01000160,Barnet 015C,802.0,0.9351620947630924,4,0.0239282407388116,0.0059820601847029,True,1.005982060184703,750.0000000000001,94.80074447032793,0.229,94.80074447032793,94.62629024028259,94.30153012835669,94.00541754937247
E01000161,Barnet 015D,808.0,0.8898514851485149,10,0.079804783950617,0.0079804783950617,True,1.0079804783950617,719.0,91.06285456326657,0.297,91.06285456326657,91.49952943169261,92.31243364793546,93.05363047322096
E01000162,Barnet 015E,548.0,1.0912408759124088,3,0.4382723765273916,0.0730453960878986,True,1.0730453960878985,598.0,80.62681942696038,0.22,80.62681942696038,80.4076392621936,79.99961834562939,79.6275895112789
E01000324,Barnet 015F,649.0,1.1910631741140216,8,0.0075690586419753,0.0009461323302469,True,1.0009461323302469,773.0,97.21884299763819,0.161,97.21884299763819,96.39484011248251,94.86089468083053,93.46226067034837
E01000256,Barnet 016A,677.0,1.3072378138847858,0,0.0,,False,1.0,885.0,111.19967532467531,0.181,111.19967532467531,110.4741946816873,109.12365606330225,107.89225030064183
E01000258,Barnet 016B,781.0,1.170294494238156,0,0.0,,False,1.0,913.9999999999998,114.84350649350645,0.135,114.84350649350645,113.5787500780944,111.22430768411257,109.07755386875839
E01000263,Barnet 016C,501.0,1.7884231536926147,0,0.0,,False,1.0,896.0,112.58181818181816,0.028,112.58181818181816,110.16647948339487,105.67013871920122,101.57042631369151
E01000264,Barnet 016D,715.0,1.1104895104895105,11,2.119040123408179,0.0963209701156355,True,1.0963209701156356,794.0,109.37510229064682,0.279,109.37510229064682,109.7074766227517,110.32621728193557,110.8903779826658
E01000255,Barnet 017A,632.0,1.2183544303797469,5,0.0226647376543208,0.0045329475308641,True,1.0045329475308642,770.0,97.1885626736111,0.253,97.1885626736111,97.23732535464424,97.32810087637282,97.41086896537331
E01000257,Barnet 017B,909.0,0.801980198019802,1,0.0,0.0,True,1.0,729.0,91.59837662337661,0.311,91.59837662337661,92.16275561195887,93.21339097604813,94.17134836000021
E01000261,Barnet 017C,677.0,1.3175775480059084,0,0.0,,False,1.0,892.0,112.07922077922076,0.101,112.07922077922076,110.47305440542155,107.48305083146941,104.75679955570604
E01033911,Barnet 017E,648.0,1.375,2,0.013108410493827,0.0032771026234567,True,1.0032771026234566,891.0,112.3204547712053,0.178,112.3204547712053,111.55478087259833,110.12941938411099,108.82979097889266
E01033912,Barnet 017F,640.0,1.096875,0,0.0,,False,1.0,702.0,88.20584415584415,0.209,88.20584415584415,87.8713810605168,87.24875200620633,86.68104591099336
E01000192,Barnet 018A,710.0,1.0549295774647889,1,0.051848765431327,0.0259243827156635,True,1.0259243827156634,749.0000000000001,96.5511426451657,0.272,96.5511426451657,96.77859576478949,97.20201742998907,97.58808849190777
E01000193,Barnet 018B,711.0,1.0056258790436006,2,0.0252777777773919,0.0126388888886959,True,1.012638888888696,715.0,90.97475446426836,0.312,90.97475446426836,91.5441684756324,92.60417692607065,93.57068058362566
E01000194,Barnet 018C,704.0,0.8423295454545454,6,1.13574344133912,0.0956664416136509,True,1.095666441613651,593.0,81.63817771180464,0.445,81.63817771180464,83.20868029691458,86.13229295559094,88.79800974937365
E01000226,Barnet 018D,601.0,1.0,0,0.0,,False,1.0,601.0,75.51525974025972,0.468,75.51525974025972,77.1374578686974,80.15730580027503,82.9107688221245
E01000227,Barnet 018E,602.0,1.393687707641196,0,0.0,,False,1.0,839.0,105.41980519480518,0.165,105.41980519480518,104.56744101481998,102.98069882793422,101.53392533609284
E01000299,Barnet 019A,905.0,0.7016574585635359,9,0.41970447530054,0.0257419624480238,True,1.0257419624480237,635.0,81.84122031226931,0.283,81.84122031226931,82.12186806872147,82.64431568591861,83.1206774853865
E01000300,Barnet 019B,682.0,0.9164222873900292,1,0.0,0.0,True,1.0,624.9999999999999,78.53084415584414,0.18,78.53084415584414,78.01083592204104,77.04280016751451,76.16015616877371
E01000302,Barnet 019C,838.0,0.6420047732696897,9,0.1257067901215277,0.0139674211246141,True,1.0139674211246141,538.0,68.54353924762057,0.285,68.54353924762057,68.7919640907235,69.25442624959639,69.67609398993062
E01000317,Barnet 019D,639.0,0.8888888888888888,8,0.0392550154309411,0.0049068769288676,True,1.0049068769288676,568.0,71.71902923993373,0.223,71.71902923993373,71.54505980036954,71.22120216361365,70.92591245123235
E01000318,Barnet 019E,634.0,1.2302839116719242,8,0.064125771604938,0.0080157214506172,True,1.0080157214506171,779.9999999999999,98.79208625879323,0.179,98.79208625879323,98.12827375144357,96.89253516185103,95.76580276068077
E01000323,Barnet 019F,1019.0,0.6123650637880275,9,1.045823688249614,0.0602021819260759,True,1.0602021819260758,624.0,83.12535860680654,0.268,83.12535860680654,83.28873760740137,83.59288031867719,83.87019418607628
E01000276,Barnet 020A,496.0,1.532258064516129,0,0.0,,False,1.0,760.0,95.49350649350647,0.04,95.49350649350647,93.55660234491819,89.95090469045734,86.66327054977377
E01000278,Barnet 020B,506.0,1.4387351778656126,0,0.0,,False,1.0,728.0,91.47272727272725,0.054,91.47272727272725,89.74234145292354,86.52109372296952,83.58399665397529
E01000301,Barnet 020C,531.0,1.1958568738229756,0,0.0,,False,1.0,635.0,79.78733766233763,0.104,79.78733766233763,78.66729174212213,76.58223918526073,74.68111196163554
E01000303,Barnet 020D,534.0,1.1198501872659177,4,0.0206894290123455,0.0051723572530863,True,1.0051723572530864,598.0,75.52695387975739,0.085,75.52695387975739,74.32668431969269,72.09228922037904,70.05499316390254
E01000304,Barnet 020E,601.0,0.8768718801996672,9,0.0867318672839506,0.0096368741426611,True,1.0096368741426611,527.0,66.85533468977974,0.203,66.85533468977974,66.5626864581324,66.01789902339951,65.52116803220633
E01000130,Barnet 021A,658.0,0.9802431610942248,0,0.0,,False,1.0,644.9999999999999,81.04383116883115,0.318,81.04383116883115,81.59853740717243,82.63116619469379,83.57270538678551
E01000132,Barnet 021B,506.0,1.0276679841897234,0,0.0,,False,1.0,520.0,65.33766233766232,0.422,65.33766233766232,66.44794414606618,68.51482004969316,70.39937400748651
E01000133,Barnet 021C,578.0,0.9325259515570934,0,0.0,,False,1.0,539.0,67.725,0.409,67.725,68.78993672450312,70.77239922915972,72.5799860091746
E01000234,Barnet 021D,674.0,1.185459940652819,4,0.1928668981427469,0.0241083622678433,True,1.0241083622678433,799.0,102.81416202010602,0.209,102.81416202010602,102.42430641357755,101.69855989325404,101.03683246451472
E01000235,Barnet 021E,655.0,1.0229007633587786,0,0.0,,False,1.0,670.0,84.18506493506491,0.332,84.18506493506491,84.87627992458526,86.16303036510558,87.33627479217526
E01000156,Barnet 022A,748.0,0.8836898395721925,11,0.166343749999228,0.0151221590908389,True,1.0151221590908388,661.0,84.31017991900978,0.163,84.31017991900978,83.6120418765085,82.3124036346412,81.12740825678004
E01000157,Barnet 022B,668.0,0.7949101796407185,11,0.0695412808630398,0.0063219346239127,True,1.0063219346239127,531.0,67.14160344136694,0.255,67.14160344136694,67.18839411867542,67.27549860215991,67.35491948021273
E01000163,Barnet 022C,800.0,0.68375,5,0.0486778549374998,0.0097355709874999,True,1.0097355709875,547.0,69.39932249570548,0.399,69.39932249570548,70.42286617372733,72.32827230431536,74.06559995824087
E01000164,Barnet 022D,647.0,0.8516228748068007,4,0.0611230709876543,0.0152807677469135,True,1.0152807677469136,551.0,70.2907224259898,0.429,70.2907224259898,71.53318495438094,73.84612554446672,75.95503848671835
E01000165,Barnet 022E,706.0,1.0396600566572238,0,0.0,,False,1.0,734.0,92.22662337662337,0.279,92.22662337662337,92.50688608454419,93.02861690396517,93.50432513536757
E01000315,Barnet 022F,635.0,0.9874015748031496,1,0.069279706788966,0.069279706788966,True,1.069279706788966,627.0,84.2401466144921,0.366,84.2401466144921,85.21130298905867,87.01918608148813,88.66759333762137
E01000197,Barnet 023A,731.0,0.8823529411764706,9,0.3010999228387344,0.0334555469820816,True,1.0334555469820816,645.0,83.75519687010787,0.184,83.75519687010787,83.23328628946894,82.26170916841228,81.3758361919188
E01000295,Barnet 023B,647.0,0.8918083462132921,9,0.5052935956778547,0.0561437328530949,True,1.056143732853095,577.0,76.57007772804,0.134,76.57007772804,75.71934973142436,74.13565342708375,72.69165713632898
E01000296,Barnet 023C,767.0,0.7340286831812256,7,0.075465663579475,0.0107808090827821,True,1.0107808090827821,563.0,71.50322515057326,0.209,71.50322515057326,71.23209583665279,70.7273675402262,70.26716201604748
E01000298,Barnet 023D,732.0,0.7786885245901639,11,1.0291003086207555,0.0510085051898323,True,1.0510085051898324,570.0,75.27336563630685,0.238,75.27336563630685,75.20095357990334,75.06615290733562,74.94324318616908
E01000127,Barnet 024B,519.0,0.903660886319846,0,0.0,,False,1.0,469.00000000000006,58.929545454545455,0.407,58.929545454545455,59.844677857395595,61.54826797097082,63.101582074329386
E01000128,Barnet 024C,635.0,1.0771653543307087,0,0.0,,False,1.0,684.0,85.94415584415583,0.394,85.94415584415583,87.16978010914062,89.45137496282852,91.53170721889343
E01000129,Barnet 024D,574.0,0.6689895470383276,0,0.0,,False,1.0,384.00000000000006,48.249350649350646,0.55,48.249350649350646,49.67190545970494,52.32010183368396,54.7346971893308
E01000131,Barnet 024E,714.0,0.9523809523809524,3,0.6578067129517746,0.1354884902244084,True,1.1354884902244085,680.0,97.01790619722574,0.296,97.01790619722574,97.47367026104581,98.32211049857703,99.09570866418764
E01000134,Barnet 024F,636.0,0.8647798742138365,0,0.0,,False,1.0,550.0,69.10714285714285,0.336,69.10714285714285,69.7015324243016,70.80803481354079,71.8169311160664
E01033913,Barnet 024G,539.0,0.7050092764378478,3,0.284277777775463,0.0947592592584876,True,1.0947592592584876,380.0,52.27120021641336,0.483,52.27120021641336,53.47058624979957,55.703336595512674,57.73913298434971
E01033914,Barnet 024H,598.0,0.8327759197324415,2,0.092158564814429,0.0460792824072145,True,1.0460792824072145,498.0,65.45671291597817,0.399,65.45671291597817,66.42210857518488,68.21926764811336,69.85789686514971
E01000198,Barnet 025A,779.0,1.27599486521181,2,0.0,0.0,True,1.0,994.0,124.89545454545451,0.224,124.89545454545451,124.6046820822233,124.06338653622596,123.56983940949476
E01000199,Barnet 025B,658.0,1.2416413373860182,9,0.0294733796296293,0.0032748199588477,True,1.0032748199588477,817.0,102.99169782460014,0.141,102.99169782460014,101.91776424010055,99.91855338111243,98.09569564197194
E01000204,Barnet 025C,694.0,1.11671469740634,14,0.5223584104903545,0.0373113150350253,True,1.0373113150350253,775.0,101.01155719541555,0.128,101.01155719541555,99.83013229711007,97.63081800071267,95.6255082216234
E01000259,Barnet 025D,980.0,1.219387755102041,2,0.0188858024691357,0.0094429012345678,True,1.0094429012345678,1195.0,151.56883484397542,0.225,151.56883484397542,151.23075366120742,150.60138925584306,150.02754194409002
E01000260,Barnet 025E,840.0,1.1214285714285714,0,0.0,,False,1.0,942.0,118.3616883116883,0.271,118.3616883116883,118.62897235386671,119.12654237800032,119.58022107085988
E01000126,Barnet 026A,769.0,0.9076723016905072,2,0.0040763888888888,0.0020381944444444,True,1.0020381944444443,698.0,87.88200302353894,0.445,87.88200302353894,89.57262029111607,92.7198357693506,95.58943107264257
E01000151,Barnet 026B,654.0,0.6162079510703364,0,0.0,,False,1.0,403.0,50.6366883116883,0.569,50.6366883116883,52.22351269447557,55.17750964844332,57.87093049733917
E01000152,Barnet 026C,928.0,0.8943965517241379,0,0.0,,False,1.0,830.0,104.28896103896102,0.349,104.28896103896102,105.31824550011446,107.23433854481098,108.98141040555821
E01000153,Barnet 026D,742.0,0.807277628032345,0,0.0,,False,1.0,599.0,75.26396103896103,0.439,75.26396103896103,76.66777439652992,79.28108209912126,81.66386636072501
E01000154,Barnet 026E,707.0,0.6902404526166902,0,0.0,,False,1.0,488.0,61.316883116883105,0.417,61.316883116883105,62.32892296524196,64.21291382256341,65.9307152737203
E01000176,Barnet 027A,720.0,0.8319444444444445,3,0.0460663580239197,0.0153554526746399,True,1.01535545267464,599.0,76.41967323080074,0.357,76.41967323080074,77.23355762536497,78.74866670013324,80.13012593449398
E01000178,Barnet 027B,677.0,0.8744460856720827,11,0.1688981481450614,0.0153543771040964,True,1.0153543771040965,592.0,75.52654195196651,0.167,75.52654195196651,74.93061754734815,73.82125793885415,72.80975645628581
E01000184,Barnet 027C,709.0,0.8138222849083215,2,0.0,0.0,True,1.0,577.0,72.49967532467531,0.38,72.49967532467531,73.43452717555105,75.17482657468638,76.7616117873983
E01000297,Barnet 027D,539.0,0.8868274582560297,3,0.0001157407407407,3.8580246913566666e-05,True,1.0000385802469136,478.0,60.06270675505049,0.218,60.06270675505049,59.887707148407316,59.561931775545006,59.26489349317795
E01000316,Barnet 027E,889.0,0.8650168728908887,5,0.0703248456790122,0.0140649691358024,True,1.0140649691358024,769.0,97.98336915900069,0.301,97.98336915900069,98.49147546291032,99.43735484964141,100.2997969240452
E01000319,Barnet 027F,498.0,1.178714859437751,7,0.0661033950617281,0.0094433421516754,True,1.0094433421516753,587.0,74.45267356923827,0.115,74.45267356923827,73.48743220859201,71.6905603744295,70.05219305843538
E01000196,Barnet 028A,1092.0,0.6364468864468864,7,1.1814409722029315,0.1064599592137896,True,1.1064599592137896,695.0,96.62305289933015,0.256,96.62305289933015,96.6998176737138,96.84272126919734,96.97301914338462
E01000200,Barnet 028B,875.0,1.0731428571428572,8,0.0894529320983794,0.0111816165122974,True,1.0111816165122973,939.0,119.30400037962767,0.167,119.30400037962767,118.36266024201045,116.61028239268316,115.0124841863642
E01000201,Barnet 028C,525.0,1.620952380952381,4,0.0208202160489968,0.0052050540122492,True,1.0052050540122492,851.0,107.48416132247793,0.054,107.48416132247793,105.45088786326008,101.66579124496701,98.21458316802497
E01000202,Barnet 028D,616.0,1.1866883116883118,5,0.0872939814814814,0.0174587962962962,True,1.0174587962962962,731.0000000000001,93.45326009604977,0.131,93.45326009604977,92.38759446109059,90.40377503295184,88.59495102552815
E01000203,Barnet 028E,684.0,1.0350877192982455,0,0.0,,False,1.0,707.9999999999999,88.95974025974023,0.384,88.95974025974023,90.14156075628253,92.34161148955299,94.34759274341313
E01000177,Barnet 029A,692.0,0.8598265895953757,2,0.0137083333333332,0.0068541666666666,True,1.0068541666666666,595.0,75.27379048295452,0.138,75.27379048295452,74.46684609738242,72.96465638889407,71.59497688587199
E01000179,Barnet 029B,770.0,0.8558441558441559,10,0.0342199074070213,0.0034219907407021,True,1.003421990740702,659.0,83.08627291057579,0.162,83.08627291057579,82.39016186844921,81.09429704536568,79.91274222786468
E01000180,Barnet 029C,669.0,0.7907324364723468,2,0.0278591820987653,0.0139295910493826,True,1.0139295910493826,529.0,67.39438560662425,0.343,67.39438560662425,68.02007882554068,69.18485539618476,70.24688543499855
E01000181,Barnet 029D,684.0,0.8289473684210527,8,0.6007951388796292,0.0389650125380015,True,1.0389650125380014,567.0,74.01917329097438,0.084,74.01917329097438,72.83564239243488,70.63240761287382,68.62352318179431
E01000182,Barnet 029E,731.0,0.7291381668946648,13,0.2996612654317126,0.0230508665716702,True,1.0230508665716702,533.0,68.51484587617044,0.082,68.51484587617044,67.40595497519396,65.34166835387717,63.459475274265706
E01000185,Barnet 029F,643.0,0.6314152410575428,0,0.0,,False,1.0,406.0,51.01363636363636,0.447,51.01363636363636,52.004959743542706,53.850385284267425,55.53302331806653
E01000239,Barnet 031A,934.0,0.7558886509635975,2,0.418092978388117,0.1045232445970292,True,1.1045232445970292,706.0,97.98053569327581,0.35,97.98053569327581,98.95711994902658,100.77510746426336,102.43272781827022
E01000240,Barnet 031B,626.0,1.15814696485623,2,0.2338406635760029,0.0608918788568672,True,1.060891878856867,724.9999999999999,96.64277237346279,0.294,96.64277237346279,97.07791309210012,97.88796136924098,98.62655418171252
E01000241,Barnet 031C,702.0,1.123931623931624,1,0.0211577932098765,0.0211577932098765,True,1.0211577932098765,789.0,101.23486495197508,0.23,101.23486495197508,101.05844916074331,100.73003745017009,100.43059538504157
E01000309,Barnet 031D,709.0,1.0169252468265162,4,0.0445960648148147,0.0111490162037036,True,1.0111490162037036,721.0,91.60320667021776,0.228,91.60320667021776,91.42569784739801,91.0952513735476,90.79395403438912
E01000237,Barnet 032A,727.0,0.9312242090784044,5,0.4321878857978392,0.0439216820983024,True,1.0439216820983024,677.0,88.80079116495878,0.253,88.80079116495878,88.84534542665324,88.92828664860525,89.00391151211042
E01000242,Barnet 032B,597.0,1.2462311557788943,1,0.0022681327160493,0.0022681327160493,True,1.0022681327160492,743.9999999999999,93.6951489989177,0.22,93.6951489989177,93.44044320323596,92.96628856283384,92.53395975073254
E01000243,Barnet 032C,902.0,0.6807095343680709,3,0.3822403549282404,0.0637067258213733,True,1.0637067258213733,614.0,82.06359245981267,0.324,82.06359245981267,82.67332574024039,83.80839164460497,84.8433318355825
E01000244,Barnet 032D,624.0,0.7740384615384616,4,0.020994984567901,0.0052487461419752,True,1.0052487461419752,483.0,61.00717560961173,0.26,61.00717560961173,61.079457049409505,61.21401456901099,61.336702586066515
E01000245,Barnet 032E,877.0,0.6351197263397947,7,0.7382503857851076,0.0530453317888833,True,1.0530453317888833,557.0,73.69915541398696,0.414,73.69915541398696,74.89399062171428,77.11826925166588,79.14634122635707
E01000314,Barnet 032F,779.0,0.9127086007702182,11,1.036143518494985,0.0493300540112759,True,1.049330054011276,711.0,93.7436719712924,0.19,93.7436719712924,93.2144052048139,92.22913397192067,91.3307748598954
E01000183,Barnet 033A,603.0,0.9601990049751244,16,0.042858410493827,0.0026786506558641,True,1.002678650655864,579.0,72.94584847026344,0.127,72.94584847026344,72.08556020237108,70.4840667097992,69.02384314508956
E01000206,Barnet 033B,523.0,1.6921606118546846,3,0.056537422839506,0.0188458076131686,True,1.0188458076131686,885.0,113.29532301249095,0.02,113.29532301249095,110.77623263046839,106.08675004122729,101.81093311479795
E01000207,Barnet 033C,644.0,1.2437888198757765,11,0.2107110339417433,0.0191555485401584,True,1.0191555485401584,801.0000000000001,102.57304254068768,0.107,102.57304254068768,101.16316103976408,98.53855701655873,96.14547289820783
E01000208,Barnet 033D,635.0,1.206299212598425,4,0.0631327160493826,0.0157831790123456,True,1.0157831790123455,765.9999999999999,97.76649258207065,0.081,97.76649258207065,96.17463293260708,93.21126243826174,90.50929490178483
E01000210,Barnet 033E,585.0,1.1555555555555554,10,0.0642245370362652,0.0064224537036265,True,1.0064224537036266,675.9999999999999,85.48447758386789,0.084,85.48447758386789,84.11762199675812,81.5731140571058,79.25306063740436
E01000213,Barnet 033F,453.0,1.6556291390728477,1,0.0,0.0,True,1.0,750.0,94.23701298701297,0.042,94.23701298701297,92.34398597200033,88.81996901285603,85.60681040181794
E01000236,Barnet 034A,696.0,1.0057471264367817,3,0.0064081790123456,0.0021360596707818,True,1.0021360596707818,700.0,88.14242161195284,0.366,88.14242161195284,89.15856507867676,91.05019514061476,92.77496193171747
E01000238,Barnet 034B,646.0,1.0928792569659442,13,0.0330108024691354,0.0025392924976258,True,1.0025392924976257,706.0,88.93369823856698,0.297,88.93369823856698,89.3601631365017,90.15406069891529,90.87792747325992
E01000310,Barnet 034C,845.0,0.8142011834319527,11,0.4753252314760801,0.0216056923398218,True,1.0216056923398218,688.0,88.31449520117907,0.348,88.31449520117907,89.17750112427252,90.78405374328149,92.24889016197679
E01000311,Barnet 034D,519.0,1.2851637764932562,6,0.065261188271219,0.0108768647118698,True,1.0108768647118698,667.0,84.71968643221109,0.209,84.71968643221109,84.39844231476671,83.8004214154761,83.25515275632556
E01000205,Barnet 035A,604.0,1.206953642384106,15,0.1642156635787031,0.0109477109052468,True,1.0109477109052467,729.0000000000001,92.60116917003926,0.112,92.60116917003926,91.37353327221005,89.08819360759064,87.00444687548018
E01000209,Barnet 035B,742.0,0.9245283018867924,27,0.3728746141956005,0.0138101708961333,True,1.0138101708961333,685.9999999999999,87.38582850319713,0.103,87.38582850319713,86.15058857115693,83.8510934056889,81.75443984878943
E01000211,Barnet 035C,925.0,0.5956756756756757,27,2.2943379629054785,0.0434866540912994,True,1.0434866540912995,551.0,72.24349469430727,0.335,72.24349469430727,72.85781036085457,74.00140673323185,75.04412490799008
E01000212,Barnet 035D,552.0,1.0978260869565215,13,0.1715910493827157,0.0131993114909781,True,1.013199311490978,605.9999999999999,77.14854835372957,0.134,77.14854835372957,76.2913932883281,74.69573249577934,73.2408271206591
E01000216,Barnet 035E,721.0,0.9292649098474342,12,0.0545320216037805,0.0045443351336483,True,1.0045443351336483,670.0,84.5676300833778,0.303,84.5676300833778,85.02267166751777,85.86976695295637,86.64213880653502
E01000217,Barnet 035F,553.0,1.2025316455696202,4,0.182422839505787,0.0456057098764467,True,1.0456057098764466,665.0,87.36748619001716,0.331,87.36748619001716,88.07630552157526,89.39582781342347,90.59895324206452
E01000150,Barnet 036A,775.0,1.073548387096774,1,0.0189259259255401,0.0189259259255401,True,1.01892592592554,831.9999999999998,106.51878095234056,0.373,106.51878095234056,107.81953467101751,110.2409888435861,112.44884323703158
E01000305,Barnet 036B,652.0,0.7300613496932515,3,0.0857071759259257,0.0285690586419752,True,1.0285690586419751,476.0,61.51778033459594,0.418,61.51778033459594,62.539138995868605,64.44047754790701,66.17409642994113
E01000306,Barnet 036C,618.0,0.8090614886731392,3,0.1278418209876542,0.042613940329218,True,1.042613940329218,500.00000000000006,65.50188229016354,0.224,65.50188229016354,65.34938559819737,65.06550115046352,64.80665853751613
E01000308,Barnet 036D,961.0,0.663891779396462,1,0.0,0.0,True,1.0,638.0,80.1642857142857,0.293,80.1642857142857,80.51740837483264,81.17477366046076,81.77415185659362
E01000312,Barnet 036E,721.0,0.8210818307905686,0,0.0,,False,1.0,592.0,74.38441558441556,0.309,74.38441558441556,74.82821451505383,75.65438072695487,76.40766968915193
E01000313,Barnet 036F,712.0,0.6938202247191011,3,0.0349826388888888,0.0116608796296296,True,1.0116608796296296,494.0,62.79457910579002,0.39,62.79457910579002,63.66556375988672,65.28696940695336,66.7653486478192
E01000145,Barnet 037A,489.0,1.1267893660531698,10,0.108810185185185,0.0108810185185185,True,1.0108810185185184,551.0,69.98611550189392,0.345,69.98611550189392,70.64952916642483,71.88452527910275,73.01058069826091
E01000215,Barnet 037B,707.0,1.0056577086280056,6,0.0402719907407406,0.0067119984567901,True,1.00671199845679,711.0,89.93631602577108,0.481,89.93631602577108,91.9823927458021,95.79132362947014,99.26426351869215
E01000218,Barnet 037C,583.0,0.986277873070326,8,0.9011535493599532,0.0569490740726272,True,1.0569490740726273,575.0,76.36285477532836,0.41,76.36285477532836,77.57106839626917,79.82025198250346,81.87103201327528
E01000219,Barnet 037D,660.0,0.9181818181818182,3,0.0,0.0,True,1.0,606.0,76.14350649350648,0.434,76.14350649350648,77.52657407912129,80.10126191436949,82.44883301986489
E01000220,Barnet 037E,680.0,0.7838235294117647,11,0.0938969907403546,0.0085360900673049,True,1.0085360900673048,533.0,67.54277527086785,0.491,67.54277527086785,69.14530174370962,72.12852935905057,74.84860239276462
E01000225,Barnet 037F,580.0,1.3086206896551724,3,0.0,0.0,True,1.0,759.0,95.36785714285712,0.27,95.36785714285712,95.57391045246291,95.95749470761616,96.30724247182773
E01000135,Barnet 038A,628.0,1.071656050955414,6,0.3984382716033949,0.0664063786005658,True,1.0664063786005658,673.0,90.1774700366545,0.147,90.1774700366545,89.28995312007422,87.63777138111712,86.13133084945208
E01000136,Barnet 038B,564.0,1.2180851063829787,6,0.1323788580239196,0.0220631430039866,True,1.0220631430039866,687.0,88.2256187556256,0.073,88.2256187556256,86.72023270348163,83.91783953331374,81.36264929142973
E01000144,Barnet 038C,745.0,0.6120805369127517,3,0.0954429012326388,0.0318143004108796,True,1.0318143004108795,456.0,59.1189393578275,0.288,59.1189393578275,59.35051300101036,59.781605341159455,60.17467043731578
E01000146,Barnet 038D,868.0,0.5633640552995391,5,0.0446570216045523,0.0089314043209104,True,1.0089314043209103,489.0,61.991300567500645,0.249,61.991300567500645,61.99820684794948,62.011063425923965,62.022785907599335
E01000214,Barnet 038E,772.0,0.8238341968911918,7,0.0819834104934411,0.0117119157847773,True,1.0117119157847774,636.0,80.84892118699311,0.113,80.84892118699311,79.78497700596479,77.80436219815037,75.99846012711615
E01000141,Barnet 039A,788.0,0.467005076142132,6,0.0369402006145831,0.0061567001024305,True,1.0061567001024305,368.0,46.52364045512588,0.416,46.52364045512588,47.28697686091316,48.70798692479149,50.003647750507625
E01000221,Barnet 039B,526.0,0.6482889733840305,2,0.0,0.0,True,1.0,341.0,42.84642857142856,0.49,42.84642857142856,43.85882610111965,45.743482810048505,47.46189137713327
E01000223,Barnet 039C,746.0,0.7788203753351206,1,0.0,0.0,True,1.0,581.0,73.00227272727271,0.493,73.00227272727271,74.748579091979,77.9994641539893,80.96358420550855
E01000307,Barnet 039D,552.0,0.947463768115942,5,0.1692631172824074,0.0338526234564814,True,1.0338526234564813,523.0,67.93922235071923,0.369,67.93922235071923,68.74234351717772,70.23741600605527,71.6006061091272
E01000138,Barnet 040A,654.0,0.8761467889908257,3,0.0353472222214504,0.0117824074071501,True,1.0117824074071502,573.0,72.84537682628017,0.392,72.84537682628017,73.8699865634274,75.77737724595661,77.51651439178659
E01000142,Barnet 040B,891.0,0.7631874298540965,7,0.2263190586412034,0.0323312940916004,True,1.0323312940916003,680.0,88.20399459517711,0.395,88.20399459517711,89.47045282042215,91.8280632657128,93.97770567424384
E01000222,Barnet 040C,730.0,0.8821917808219178,1,0.0131558641975308,0.0131558641975308,True,1.013155864197531,644.0,81.98273042929291,0.389,81.98273042929291,83.11186204089962,85.21382831863993,87.1303772807292
E01000224,Barnet 040D,557.0,0.992818671454219,2,0.0125945216049382,0.0062972608024691,True,1.0062972608024692,553.0,69.92165035116791,0.458,69.92165035116791,71.35545759396281,74.02460124573435,76.45829609119559
E01000137,Barnet 041A,673.0,0.637444279346211,7,0.0804996141971448,0.0114999448853064,True,1.0114999448853064,428.99999999999994,54.523459529121155,0.456,54.523459529121155,55.63087187133396,57.692406040563704,59.572089465645284
E01000139,Barnet 041B,541.0,0.9390018484288356,8,0.2841311728383486,0.0355163966047935,True,1.0355163966047936,508.00000000000006,66.09687711263507,0.21,66.09687711263507,65.85269766860256,65.3981386501518,64.98367690343116
E01000140,Barnet 041C,867.0,0.7047289504036909,7,0.696824845667438,0.0499763833765983,True,1.0499763833765983,611.0,80.60852781950658,0.239,80.60852781950658,80.53884929253925,80.40913729753137,80.29086737472836
E01000143,Barnet 041D,679.0,0.6229749631811488,4,0.4838765432021607,0.0648290412798997,True,1.0648290412798997,423.0,56.59531782031196,0.443,56.59531782031196,57.67301672923999,59.67923703238145,61.50848590303495
E01033915,Barnet 042A,582.0,0.5945017182130584,0,0.0,,False,1.0,346.0,43.47467532467532,0.411,43.47467532467532,44.166774259079254,45.45517023172144,46.62991503627747
E01033916,Barnet 042B,651.0,0.6344086021505376,6,0.0830466820976078,0.0085882844648598,True,1.0085882844648597,413.0,52.33885522542304,0.568,52.33885522542304,53.97391387157485,57.01770265670001,59.79299467671373
E01033917,Barnet 042C,703.0,0.5988620199146515,0,0.0,,False,1.0,421.0,52.89837662337661,0.228,52.89837662337661,52.79587007469982,52.60504616511185,52.431055093163835
E01033918,Barnet 042D,632.0,0.555379746835443,5,0.0309328703703702,0.003093287037037,True,1.003093287037037,351.0,44.23934507508117,0.146,44.23934507508117,43.799629285169566,42.98106415716918,42.23470577688244
E01033919,Barnet 042E,649.0,0.5747303543913713,0,0.0,,False,1.0,373.0,46.867207792207786,0.173,46.867207792207786,46.52485331558766,45.88753384149645,45.30643318849174
E01033920,Barnet 042F,640.0,0.671875,5,0.0,0.0,True,1.0,430.0,54.02922077922077,0.129,54.02922077922077,53.402570614282446,52.236012614222176,51.172358288313596
E01000147,Barnet 043F,558.0,1.32078853046595,3,0.4916215277689041,0.0819369212948173,True,1.0819369212948173,737.0,100.19122297233326,0.213,100.19122297233326,99.85042033534161,99.21598973136432,98.63752311729597
E01033921,Barnet 043A,693.0,0.5584415584415584,0,0.0,,False,1.0,387.0,48.626298701298694,0.324,48.626298701298694,48.987592567841524,49.660169188689814,50.27341690739159
E01033922,Barnet 043B,685.0,0.5854014598540146,10,0.8715327932064035,0.0052676947167551,True,1.0052676947167551,401.0,50.6508044610419,0.455,50.6508044610419,51.674617700659134,53.58052564111367,55.31831083957209
E01033923,Barnet 043C,587.0,0.7495741056218058,0,0.0,,False,1.0,440.0,55.28571428571428,0.449,55.28571428571428,56.37084460538137,58.3908990573581,60.23276174768719
E01033924,Barnet 043D,578.0,0.6730103806228374,0,0.0,,False,1.0,389.0,48.877597402597395,0.501,48.877597402597395,50.084967471709284,52.33258072063329,54.381928935693274
E01033925,Barnet 043E,618.0,0.8414239482200647,3,0.4383804012287808,0.0730634002047968,True,1.0730634002047967,520.0,70.11145410948482,0.251,70.11145410948482,70.13294817667847,70.17296105378516,70.20944434036365
E01000466,Bexley 001A,601.0,0.7936772046589018,0,0.0,,False,1.0,477.0,59.934740259740245,0.368,59.934740259740245,60.63739056071467,61.94542872252885,63.13808305192806
E01000467,Bexley 001B,592.0,0.9256756756756755,1,0.204687114197145,0.204687114197145,True,1.204687114197145,547.9999999999999,82.9497481917122,0.325,82.9497481917122,83.57415996737559,84.73655103178015,85.79640599311732
E01000468,Bexley 001C,944.0,0.9692796610169492,1,0.0,0.0,True,1.0,915.0,114.96915584415584,0.297,114.96915584415584,115.52046890415244,116.54678102638736,117.48256075486314
E01000469,Bexley 001D,640.0,0.9375,0,0.0,,False,1.0,600.0,75.38961038961038,0.306,75.38961038961038,75.81733673988731,76.61358259390578,77.3395905138461
E01000416,Bexley 002A,510.0,0.9705882352941176,2,0.141511959876543,0.0707559799382715,True,1.0707559799382715,495.0,66.59719782366071,0.285,66.59719782366071,66.83856847072738,67.28789869526031,67.69759288711471
E01000418,Bexley 002B,727.0,1.0123796423658873,0,0.0,,False,1.0,736.0000000000001,92.47792207792207,0.237,92.47792207792207,92.37993532695883,92.19752537219986,92.03120604863594
E01000422,Bexley 002C,501.0,0.6806387225548902,1,0.0,0.0,True,1.0,341.0,42.84642857142856,0.322,42.84642857142856,43.15641592142583,43.733481472972265,44.25964328421824
E01000464,Bexley 002D,551.0,0.822141560798548,0,0.0,,False,1.0,453.0,56.91915584415583,0.373,56.91915584415583,57.6142239154039,58.90814716711272,60.08793168190129
E01000465,Bexley 002E,731.0,0.7113543091655267,1,0.0,0.0,True,1.0,520.0,65.33766233766232,0.402,65.33766233766232,66.3204293808655,68.14992663561705,69.81804143929917
E01000470,Bexley 002F,526.0,0.6406844106463878,0,0.0,,False,1.0,337.0,42.34383116883116,0.492,42.34383116883116,43.352617005343234,45.23055026663342,46.94282847057676
E01000333,Bexley 003A,810.0,0.9395061728395062,4,0.1528113425922066,0.0264926215276812,True,1.0264926215276813,761.0,98.15235795073143,0.315,98.15235795073143,98.79543034396019,99.9925595987059,101.08408844717826
E01000335,Bexley 003B,1045.0,0.9416267942583731,1,0.1165821759259259,0.1165821759259259,True,1.116582175925926,983.9999999999999,138.05306014610386,0.269,138.05306014610386,138.33786837849578,138.8680610451051,139.3514846926005
E01000336,Bexley 003C,793.0,0.7301387137452712,0,0.0,,False,1.0,579.0,72.75097402597402,0.349,72.75097402597402,73.46899294526057,74.80564098487417,76.02438147568458
E01000337,Bexley 003D,644.0,1.0031055900621118,3,0.3858973765412807,0.1286324588470935,True,1.1286324588470935,646.0,91.61051038204253,0.299,91.61051038204253,92.06769038866008,92.9187665137893,93.69476805175351
E01000338,Bexley 003E,693.0,1.0836940836940836,0,0.0,,False,1.0,750.9999999999999,94.3626623376623,0.227,94.3626623376623,94.17059820039448,93.81305587711667,93.4870528504089
E01000403,Bexley 004A,1060.0,0.7981132075471699,1,0.1147854938263888,0.0573927469131944,True,1.0573927469131945,846.0,112.40016237820574,0.391,112.40016237820574,113.97016346782327,116.89284255365247,119.5577081263237
E01000404,Bexley 004B,991.0,0.7346115035317861,0,0.0,,False,1.0,728.0,91.47272727272725,0.363,91.47272727272725,92.50048582421391,94.41373826943604,96.15822010386741
E01000405,Bexley 004C,564.0,1.0602836879432624,0,0.0,,False,1.0,598.0,75.13831168831167,0.353,75.13831168831167,75.90922093704246,77.34432843680014,78.65284314432621
E01000408,Bexley 004D,582.0,1.0945017182130583,0,0.0,,False,1.0,636.9999999999999,80.03863636363634,0.316,80.03863636363634,80.57084196586575,81.5615840699849,82.46493146021467
E01000332,Bexley 005A,615.0,1.2097560975609756,1,0.0,0.0,True,1.0,744.0,93.48311688311686,0.17,93.48311688311686,92.7728769803387,91.45071018472406,90.24517352760498
E01000402,Bexley 005B,652.0,1.0107361963190185,0,0.0,,False,1.0,659.0,82.80292207792206,0.322,82.80292207792206,83.40198854023352,84.51719733339803,85.53403203606987
E01000406,Bexley 005C,788.0,1.0748730964467006,1,0.0397372685185185,0.0397372685185185,True,1.0397372685185184,847.0000000000001,110.6540388020833,0.227,110.6540388020833,110.42881547782319,110.00954475004534,109.62725846569023
E01000407,Bexley 005D,757.0,1.1558784676354028,1,0.0664529320983796,0.0664529320983796,True,1.0664529320983795,874.9999999999999,117.24922861422522,0.135,117.24922861422522,115.9579782978624,113.55421544752998,111.36249180062832
E01000334,Bexley 006A,637.0,1.2370486656200943,0,0.0,,False,1.0,788.0000000000001,99.0116883116883,0.142,99.0116883116883,97.98891749501236,96.0849501059047,94.34893428010898
E01000417,Bexley 006B,703.0,1.0753911806543386,0,0.0,,False,1.0,756.0,94.99090909090907,0.209,94.99090909090907,94.63071806517193,93.9601944682222,93.34881867337745
E01000419,Bexley 006C,583.0,1.3379073756432247,1,0.1702418981477622,0.0851209490738811,True,1.0851209490738811,780.0,106.34889924916939,0.07,106.34889924916939,104.50314422754475,101.06712775918626,97.93420699547472
E01000420,Bexley 006D,590.0,1.3694915254237288,0,0.0,,False,1.0,808.0,101.52467532467531,0.133,101.52467532467531,100.3867836104704,98.26850972070176,96.33709166330968
E01000442,Bexley 006E,627.0,1.444976076555024,1,1.2731481095679012e-05,1.2731481095679012e-05,True,1.0000127314810956,906.0,113.83976101862488,0.127,113.83976101862488,112.49718960602534,109.99788854516254,107.71905424374135
E01000437,Bexley 007A,502.0,1.3964143426294822,0,0.0,,False,1.0,701.0,88.08019480519478,0.13,88.08019480519478,87.06720428936474,85.18144369063734,83.46202860938061
E01000438,Bexley 007B,603.0,1.2189054726368158,1,0.0434386574074074,0.0434386574074074,True,1.0434386574074075,734.9999999999999,96.36393146306816,0.175,96.36393146306816,95.6788211320026,94.4034349877938,93.2405523969398
E01000439,Bexley 007C,517.0,1.11605415860735,0,0.0,,False,1.0,577.0,72.49967532467531,0.296,72.49967532467531,72.84025932557549,73.47428292147086,74.052378430196
E01000440,Bexley 007D,514.0,1.5038910505836576,0,0.0,,False,1.0,773.0,97.12694805194803,0.08,97.12694805194803,95.53602385395618,92.5743947752508,89.87401504176229
E01000441,Bexley 007E,703.0,1.0099573257467995,0,0.0,,False,1.0,710.0000000000001,89.21103896103897,0.392,89.21103896103897,90.46584061301594,92.80175144094439,94.93160838499215
E01000373,Bexley 008A,463.0,0.9935205183585312,0,0.0,,False,1.0,459.99999999999994,57.79870129870128,0.361,57.79870129870128,58.43682902233444,59.62475339021164,60.70788932745568
E01000429,Bexley 008B,712.0,0.7485955056179775,0,0.0,,False,1.0,533.0,66.97110389610388,0.433,66.97110389610388,68.1810291985997,70.4333992131209,72.48708459298928
E01000430,Bexley 008C,706.0,1.1813031161473089,1,0.0,0.0,True,1.0,834.0000000000001,104.79155844155842,0.25,104.79155844155842,104.81345868441143,104.85422768908562,104.89140040418633
E01000431,Bexley 008D,433.0,1.0115473441108545,1,0.0001157407407407,0.0001157407407407,True,1.0001157407407406,438.0,55.04078530844154,0.463,55.04078530844154,56.19630160972787,58.34738503854701,60.30871846074767
E01000433,Bexley 008F,713.0,0.9172510518934082,0,0.0,,False,1.0,654.0,82.1746753246753,0.443,82.1746753246753,83.73946127075111,86.65243196143345,89.30844552975081
E01000434,Bexley 008G,574.0,1.005226480836237,1,0.012426311728395,0.012426311728395,True,1.012426311728395,577.0,73.40057889046714,0.397,73.40057889046714,74.46881048909985,76.45740665810393,78.27058604355857
E01033789,Bexley 008H,604.0,1.1440397350993377,1,0.087569444443287,0.087569444443287,True,1.087569444443287,690.9999999999999,94.42680458593844,0.223,94.42680458593844,94.19775270880419,93.77135483220572,93.3825700945598
E01033790,Bexley 008I,489.0,1.0572597137014317,3,0.0233271604934412,0.0077757201644804,True,1.0077757201644804,517.0000000000001,65.46583062168476,0.359,65.46583062168476,66.17583095055075,67.4975517607025,68.70268177334542
E01000356,Bexley 009A,628.0,1.230891719745223,1,0.0005,0.0005,True,1.0005,773.0,97.175511525974,0.083,97.175511525974,95.61223942298611,92.70208686890342,90.0486428455081
E01000357,Bexley 009B,488.0,1.536885245901639,1,1.1574074074074074e-06,1.1574074074074074e-06,True,1.0000011574074075,749.9999999999999,94.23712205762985,0.044,94.23712205762985,92.3624844255734,88.87270073245857,85.690755624307
E01000359,Bexley 009C,494.0,1.374493927125506,0,0.0,,False,1.0,679.0,85.31590909090907,0.072,85.31590909090907,83.85184591861932,81.12637850188874,78.64132828768713
E01000421,Bexley 009D,599.0,1.3939899833055092,0,0.0,,False,1.0,835.0,104.91720779220776,0.067,104.91720779220776,103.06558682352866,99.61865043868858,96.47577301923974
E01000450,Bexley 009E,633.0,1.3601895734597156,1,0.0290725308641975,0.0290725308641975,True,1.0290725308641975,861.0,111.32927623106059,0.224,111.32927623106059,111.07008755203888,110.58758767578398,110.14764977248016
E01000451,Bexley 009F,622.0,1.382636655948553,3,0.0148202160493827,0.0049400720164609,True,1.004940072016461,860.0,108.59225804172678,0.103,108.59225804172678,107.05725521871587,104.19972812706541,101.59426740219968
E01000452,Bexley 009G,492.0,1.548780487804878,2,0.0234081790123455,0.0117040895061727,True,1.0117040895061726,762.0,96.86541096455625,0.082,96.86541096455625,95.29767522109307,92.37921325324628,89.7181928008217
E01000367,Bexley 010A,798.0,1.0902255639097744,0,0.0,,False,1.0,870.0,109.31493506493504,0.336,109.31493506493504,110.2551512893498,112.00543688687361,113.60132740177775
E01000368,Bexley 010B,627.0,1.1180223285486444,0,0.0,,False,1.0,701.0,88.08019480519478,0.334,88.08019480519478,88.82058135501435,90.19886847780484,91.4555750114058
E01000372,Bexley 010C,590.0,1.1966101694915254,0,0.0,,False,1.0,706.0,88.70844155844155,0.335,88.70844155844155,89.4627653302211,90.86699767521962,92.14736076754875
E01000380,Bexley 010D,905.0,1.0022099447513813,0,0.0,,False,1.0,907.0,113.96396103896103,0.276,113.96396103896103,114.27691793963831,114.85951154063902,115.39071376454825
E01000435,Bexley 010E,585.0,1.0068376068376068,1,0.0127206790123455,0.0063603395061727,True,1.0063603395061727,589.0,74.47818015196606,0.288,74.47818015196606,74.76991717740606,75.31300833094357,75.80819267222192
E01000353,Bexley 011A,654.0,1.4311926605504588,1,0.0198761574074074,0.0198761574074074,True,1.0198761574074073,936.0,119.94538319805191,0.045,119.94538319805191,117.57104140942471,113.15101958006302,109.1208939119282
E01000354,Bexley 011B,607.0,1.1762767710049424,2,0.0694016203703703,0.0173504050925925,True,1.0173504050925926,714.0000000000001,91.27020429687501,0.187,91.27020429687501,90.72818365160053,89.71917008179639,88.79916297681989
E01000355,Bexley 011C,601.0,1.3810316139767056,1,0.0,0.0,True,1.0,830.0000000000001,104.28896103896103,0.069,104.28896103896103,102.46878093928423,99.08037417641765,95.99086340106426
E01000358,Bexley 011D,665.0,1.2330827067669172,0,0.0,,False,1.0,820.0,103.03246753246752,0.101,103.03246753246752,101.5559468749391,98.80728888094723,96.30109376197191
E01000436,Bexley 011E,622.0,1.5096463022508038,0,0.0,,False,1.0,938.9999999999999,117.98474025974022,0.078,117.98474025974022,116.02914246798701,112.38864514346393,109.06928105913418
E01000401,Bexley 013A,691.0,1.0274963820549927,0,0.0,,False,1.0,710.0,89.21103896103895,0.28,89.21103896103895,89.49084310063547,90.01172025947005,90.48665013285205
E01000453,Bexley 013B,515.0,1.4893203883495143,1,0.0041867283950616,0.0020933641975308,True,1.0020933641975307,766.9999999999999,96.57479584460673,0.113,96.57479584460673,95.30390452578231,92.93804153214903,90.78087454383378
E01000454,Bexley 013C,629.0,1.1128775834658189,0,0.0,,False,1.0,700.0000000000001,87.95454545454545,0.207,87.95454545454545,87.60386979636795,86.95105979588925,86.3558350569824
E01000455,Bexley 013D,621.0,1.3333333333333333,2,0.0439776234560185,0.0219888117280092,True,1.0219888117280091,828.0,106.32532690742737,0.118,106.32532690742737,104.97799878358798,102.4698427349484,100.18293455631394
E01000456,Bexley 013E,482.0,1.4024896265560165,0,0.0,,False,1.0,676.0,84.93896103896103,0.077,84.93896103896103,83.52280878026114,80.88653125394407,78.48280336813143
E01000325,Bexley 014A,585.0,1.5572649572649573,0,0.0,,False,1.0,911.0,114.46655844155842,0.057,114.46655844155842,112.33470867217568,108.36610458883534,104.74757649092228
E01000326,Bexley 014B,542.0,1.2509225092250922,0,0.0,,False,1.0,678.0,85.19025974025972,0.111,85.19025974025972,84.05255906345921,81.9346408046708,80.00354700756458
E01000369,Bexley 014C,629.0,1.3847376788553258,1,0.0049648919753086,0.0049648919753086,True,1.0049648919753087,871.0,109.98394509492242,0.105,109.98394509492242,108.4507348854621,105.59654488330028,102.99412687870249
E01000370,Bexley 014D,634.0,1.2917981072555205,0,0.0,,False,1.0,819.0,102.90681818181817,0.107,102.90681818181817,101.49234888579527,98.85920432534093,96.45833304219413
E01000371,Bexley 014E,629.0,1.3227344992050871,0,0.0,,False,1.0,831.9999999999998,104.54025974025969,0.135,104.54025974025969,103.3889716246986,101.24575929232127,99.29160264639711
E01000360,Bexley 015A,772.0,0.9235751295336788,3,0.0764849537029319,0.0128694701644804,True,1.0128694701644805,713.0,90.74093693894649,0.25,90.74093693894649,90.75990076184623,90.79520339248957,90.8273919298772
E01000362,Bexley 015B,774.0,1.1563307493540051,1,0.0058499228391203,0.0058499228391203,True,1.0058499228391202,895.0,113.11402874161422,0.134,113.11402874161422,111.85728101566488,109.51774741974204,107.38458727701173
E01000365,Bexley 015C,708.0,1.0197740112994351,0,0.0,,False,1.0,722.0000000000001,90.71883116883117,0.165,90.71883116883117,89.98533064684152,88.61986240020084,87.37484397218002
E01000366,Bexley 015D,659.0,1.0910470409711683,1,0.0018834876543209,0.0018834876543209,True,1.001883487654321,718.9999999999999,90.51204093840184,0.14,90.51204093840184,89.5594051917932,87.78599968816731,86.16902870564924
E01000394,Bexley 015E,669.0,1.0986547085201794,0,0.0,,False,1.0,735.0,92.3522727272727,0.087,92.3522727272727,90.90263998900377,88.20403594707656,85.74347945270429
E01000388,Bexley 016A,598.0,1.2876254180602007,0,0.0,,False,1.0,770.0,96.74999999999999,0.085,96.74999999999999,95.2124551372595,92.35019584102518,89.74042034580386
E01000392,Bexley 016B,764.0,0.8992146596858639,0,0.0,,False,1.0,687.0,86.32110389610388,0.279,86.32110389610388,86.5834206268145,87.07174361447422,87.51699096457426
E01000409,Bexley 016C,654.0,1.3287461773700306,0,0.0,,False,1.0,869.0,109.1892857142857,0.096,109.1892857142857,107.5712597467186,104.55917861696022,101.81279727673578
E01000411,Bexley 016D,553.0,1.376130198915009,0,0.0,,False,1.0,761.0,95.61915584415583,0.109,95.61915584415583,94.32351783035436,91.91158694012464,89.71241576727867
E01000414,Bexley 016E,728.0,1.03021978021978,0,0.0,,False,1.0,749.9999999999998,94.23701298701293,0.229,94.23701298701293,94.06359614694193,93.74076721710368,93.4464154679981
E01000415,Bexley 016F,517.0,1.551257253384913,0,0.0,,False,1.0,802.0,100.7707792207792,0.046,100.7707792207792,98.78583573337605,95.09070911496111,91.7215346613515
E01000327,Bexley 017A,623.0,1.4077046548956662,0,0.0,,False,1.0,877.0,110.1944805194805,0.088,110.1944805194805,108.47553560855313,105.27558601992968,102.35790835413606
E01000328,Bexley 017B,612.0,1.3398692810457515,0,0.0,,False,1.0,819.9999999999999,103.0324675324675,0.107,103.0324675324675,101.61627116770708,98.97991153452938,96.57610878461439
E01000329,Bexley 017C,660.0,1.1696969696969697,1,0.0,0.0,True,1.0,772.0,97.0012987012987,0.198,97.0012987012987,96.52936387486938,95.65082050556796,94.8497746465473
E01000330,Bexley 017D,763.0,0.9161205766710354,0,0.0,,False,1.0,699.0,87.82889610389608,0.203,87.82889610389608,87.44443955676175,86.72874380524264,86.07618055326687
E01000331,Bexley 017E,617.0,1.1961102106969206,0,0.0,,False,1.0,738.0,92.72922077922077,0.271,92.72922077922077,92.93862165302934,93.32843765919772,93.68386746315772
E01000340,Bexley 018A,627.0,1.3237639553429028,2,0.0001184413580246,5.92206790123e-05,True,1.0000592206790122,830.0000000000001,104.29513710204724,0.091,104.29513710204724,102.69874896998775,99.7269483532296,97.0172943269495
E01000395,Bexley 018B,546.0,1.468864468864469,3,0.0070362654320987,0.0023454218106995,True,1.0023454218106995,802.0000000000001,101.0071292042448,0.065,101.0071292042448,99.2048020439074,95.84962991557256,92.79042210225604
E01000396,Bexley 018C,508.0,1.4232283464566928,2,0.0191766975308641,0.009588348765432,True,1.009588348765432,723.0,91.71552908211578,0.088,91.71552908211578,90.28484089133254,87.62150359736692,85.19310292296086
E01000410,Bexley 018D,598.0,1.334448160535117,2,0.0865667438267745,0.0260386766974343,True,1.0260386766974343,798.0,102.879032587585,0.099,102.879032587585,101.3846325973998,98.60269083566399,96.06614795554732
E01000412,Bexley 018E,643.0,1.3157076205287714,1,0.0,0.0,True,1.0,846.0,106.29935064935063,0.099,106.29935064935063,104.75526781175353,101.88083756703801,99.25996473932082
E01000413,Bexley 018F,524.0,1.3549618320610688,2,0.0300235339498455,0.0075348186726465,True,1.0075348186726465,710.0,89.88322796320878,0.117,89.88322796320878,88.73547910375805,86.59885537178455,84.65070613682572
E01000374,Bexley 019A,523.0,1.1988527724665392,1,0.0,0.0,True,1.0,627.0,78.78214285714283,0.394,78.78214285714283,79.90563176671222,81.99709371592614,83.9040649506523
E01000375,Bexley 019B,786.0,1.2061068702290076,0,0.0,,False,1.0,948.0,119.11558441558438,0.206,119.11558441558438,118.62904592007739,117.72331668544643,116.89748306339995
E01000376,Bexley 019C,611.0,1.3076923076923077,0,0.0,,False,1.0,799.0,100.39383116883114,0.165,100.39383116883114,99.5821041368786,98.07101116033304,96.69321375868672
E01000377,Bexley 019D,653.0,1.22052067381317,3,0.0383429783939043,0.0127809927979681,True,1.012780992797968,797.0,101.42245345377026,0.12,101.42245345377026,100.15704720696229,97.80139510131674,95.65353828461662
E01000379,Bexley 019F,670.0,1.228358208955224,0,0.0,,False,1.0,823.0000000000001,103.40941558441558,0.212,103.40941558441558,103.04757536294412,102.37398165992055,101.75980657725104
E01033791,Bexley 019G,630.0,0.8047619047619048,2,0.0,0.0,True,1.0,507.0,63.70422077922077,0.36,63.70422077922077,64.40133216459553,65.69905920440577,66.88231196995312
E01033792,Bexley 019H,571.0,1.1961471103327497,0,0.0,,False,1.0,683.0000000000001,85.81850649350649,0.148,85.81850649350649,84.98226431212322,83.42553447901683,82.0061259102453
E01000348,Bexley 020A,525.0,1.7142857142857142,0,0.0,,False,1.0,900.0,113.08441558441557,0.042,113.08441558441557,110.81278316640038,106.58396281542723,102.72817248218152
E01000349,Bexley 020B,656.0,1.4740853658536586,0,0.0,,False,1.0,967.0,121.50292207792205,0.05,121.50292207792205,119.15703061421885,114.78997127653334,110.80813620636224
E01000361,Bexley 020C,600.0,1.3816666666666666,0,0.0,,False,1.0,829.0,104.16331168831167,0.107,104.16331168831167,102.73157170491362,100.06627641722544,97.63609046639675
E01000363,Bexley 020D,566.0,1.46113074204947,0,0.0,,False,1.0,827.0,103.91201298701297,0.099,103.91201298701297,102.40260813276615,99.5927336500478,97.03072203240936
E01000389,Bexley 020E,713.0,1.201963534361851,0,0.0,,False,1.0,856.9999999999999,107.68149350649348,0.127,107.68149350649348,106.41154974032386,104.04745068962366,101.89189204442663
E01000390,Bexley 020F,515.0,1.396116504854369,2,0.067420524691358,0.033710262345679,True,1.033710262345679,719.0,93.38733169755591,0.1,93.38733169755591,92.03991909532114,89.53160578358091,87.24455421423868
E01000393,Bexley 020G,624.0,1.2403846153846154,3,0.0249463734556326,0.0083154578185442,True,1.0083154578185443,774.0,98.06129727404256,0.117,98.06129727404256,96.80911992513147,94.47809444138284,92.3526918986338
E01000346,Bexley 021A,616.0,1.3863636363636365,3,0.1677337962943671,0.0476724537032535,True,1.0476724537032536,854.0000000000001,112.42001642987593,0.083,112.42001642987593,110.61150446279157,107.24481883586824,104.17511314539576
E01000347,Bexley 021B,625.0,1.1808,0,0.0,,False,1.0,738.0,92.72922077922077,0.148,92.72922077922077,91.82563845145962,90.14354970060677,88.60984029540415
E01000350,Bexley 021C,525.0,1.5314285714285714,0,0.0,,False,1.0,804.0,101.02207792207791,0.051,101.02207792207791,99.08147381207975,95.46888839180617,92.17497406453765
E01000352,Bexley 021D,667.0,1.2338830584707643,0,0.0,,False,1.0,822.9999999999998,103.40941558441554,0.189,103.40941558441554,102.81548622924373,101.70984056039674,100.70172540578771
E01000391,Bexley 021E,639.0,1.317683881064163,0,0.0,,False,1.0,842.0000000000001,105.79675324675323,0.159,105.79675324675323,104.87939853126232,103.17167140993578,101.6145852299288
E01000341,Bexley 022A,624.0,1.3830128205128205,2,0.0343514660486109,0.0086049382714119,True,1.008604938271412,863.0,109.3684694444235,0.092,109.3684694444235,107.70509893727261,104.60860542183217,101.78525782773403
E01000342,Bexley 022B,637.0,1.288854003139717,0,0.0,,False,1.0,820.9999999999998,103.15811688311683,0.114,103.15811688311683,101.81065761842738,99.30225744090005,97.01512666832043
E01000343,Bexley 022C,559.0,1.447227191413238,0,0.0,,False,1.0,809.0,101.65032467532465,0.102,101.65032467532465,100.20353017963488,97.51020974692393,95.05447078738402
E01000345,Bexley 022D,489.0,1.5357873210633948,0,0.0,,False,1.0,751.0,94.36266233766231,0.065,94.36266233766231,92.67889614617879,89.54443447871965,86.68646795513894
E01000460,Bexley 022E,482.0,1.5352697095435686,1,0.0308456790123456,0.0308456790123456,True,1.0308456790123457,740.0,95.84856673881671,0.036,95.84856673881671,93.86704873268009,90.17829891395199,86.81493875382115
E01000364,Bexley 023A,649.0,1.4268104776579351,1,0.0016454475308641,0.0016454475308641,True,1.001645447530864,925.9999999999999,116.54274865845954,0.104,116.54274865845954,114.90673429841124,111.86116637756707,109.08425216182565
E01000444,Bexley 023B,635.0,1.6724409448818898,0,0.0,,False,1.0,1062.0,133.43961038961038,0.043,133.43961038961038,130.77210535564507,125.80633735352615,121.27860652776413
E01000447,Bexley 023C,881.0,1.076049943246311,1,0.0088476080235339,0.0088476080235339,True,1.0088476080235338,948.0000000000001,120.16947241598766,0.149,120.16947241598766,119.01023005481184,116.85221027583118,114.88455236838854
E01000448,Bexley 023D,512.0,1.486328125,1,0.0,0.0,True,1.0,761.0,95.61915584415583,0.019,95.61915584415583,93.48375953529731,89.50855329300218,85.88400542159113
E01000449,Bexley 023E,643.0,1.3032659409020215,2,0.0027735339506172,0.0013867669753086,True,1.0013867669753087,837.9999999999999,105.4401743021735,0.038,105.4401743021735,103.28094292364082,99.2613658461236,95.59636115145491
E01000351,Bexley 024A,623.0,1.447833065810594,1,0.0,0.0,True,1.0,902.0000000000001,113.33571428571427,0.096,113.33571428571427,111.65624429406233,108.52978033659163,105.67910603408018
E01000443,Bexley 024B,517.0,1.2727272727272727,0,0.0,,False,1.0,658.0,82.67727272727271,0.18,82.67727272727271,82.12980805872479,81.11066001635929,80.18141241448497
E01000445,Bexley 024C,673.0,1.300148588410104,1,0.0,0.0,True,1.0,875.0,109.94318181818178,0.061,109.94318181818178,107.93849000946136,104.20660035560915,100.8039057841191
E01000446,Bexley 024D,596.0,1.3674496644295302,0,0.0,,False,1.0,815.0,102.40422077922076,0.08,102.40422077922076,100.72685568043246,97.60431014466934,94.75720861453594
E01000461,Bexley 024E,572.0,1.573426573426573,0,0.0,,False,1.0,899.9999999999998,113.08441558441554,0.046,113.08441558441554,110.85692289281597,106.71027207414586,102.92940298655404
E01000339,Bexley 025A,601.0,1.342762063227953,0,0.0,,False,1.0,806.9999999999998,101.39902597402593,0.177,101.39902597402593,100.69790737652487,99.39272059980642,98.20266613093007
E01000344,Bexley 025B,636.0,1.270440251572327,1,0.0133360339502314,0.0133360339502314,True,1.0133360339502313,808.0,102.8786118415914,0.099,102.8786118415914,101.38421796307728,98.60228757869234,96.0657550723149
E01000423,Bexley 025C,606.0,1.334983498349835,0,0.0,,False,1.0,809.0,101.65032467532465,0.05,101.65032467532465,99.68773295439819,96.034215886986,92.70298054906624
E01000425,Bexley 025D,608.0,1.5148026315789471,0,0.0,,False,1.0,920.9999999999999,115.72305194805192,0.039,115.72305194805192,113.36453753359241,108.97397959172064,104.97071876132651
E01000463,Bexley 025E,453.0,1.4172185430463575,0,0.0,,False,1.0,642.0,80.6668831168831,0.061,80.6668831168831,79.19601209837052,76.45787134662982,73.96126572960512
E01000424,Bexley 026A,749.0,1.2109479305740989,1,0.028490740739969,0.0142453703699845,True,1.0142453703699845,907.0000000000001,115.58741987279151,0.063,115.58741987279151,113.50237000844635,109.6208875867257,106.08179602969388
E01000426,Bexley 026B,707.0,1.1951909476661953,2,0.026412037037037,0.0132060185185185,True,1.0132060185185185,845.0,107.5758331642316,0.121,107.5758331642316,106.2441511256608,103.76512148113142,101.50477042672773
E01000427,Bexley 026C,907.0,1.093715545755237,0,0.0,,False,1.0,992.0,124.64415584415582,0.152,124.64415584415582,123.47823626409685,121.30778632305422,119.32879473511885
E01000457,Bexley 026D,993.0,0.8469284994964753,0,0.0,,False,1.0,841.0,105.67110389610387,0.181,105.67110389610387,104.9816923472305,103.69829915168043,102.52811582241782
E01000462,Bexley 026E,837.0,0.8888888888888888,0,0.0,,False,1.0,744.0,93.48311688311686,0.149,93.48311688311686,92.58131056769493,90.90252800188509,89.37183313862815
E01000382,Bexley 027A,588.0,1.5136054421768708,0,0.0,,False,1.0,890.0,111.82792207792205,0.069,111.82792207792205,109.87616269393126,106.24281086386952,102.92996196017732
E01000384,Bexley 027B,758.0,1.0316622691292876,4,0.0521678240740738,0.0073987750771604,True,1.0073987750771605,782.0,98.98477951191602,0.181,98.98477951191602,98.33899038279617,97.13680371298035,96.0406635709273
E01000387,Bexley 027C,623.0,1.3852327447833066,0,0.0,,False,1.0,863.0,108.43538961038959,0.117,108.43538961038959,107.05074202296245,104.47311289150552,102.12285994555647
E01000428,Bexley 027D,907.0,0.8787210584343991,0,0.0,,False,1.0,797.0,100.14253246753245,0.274,100.14253246753245,100.39799019656591,100.87354461936019,101.30714973713745
E01000458,Bexley 027E,685.0,1.1737226277372264,2,0.0516504629629628,0.0244759837962962,True,1.0244759837962962,804.0,103.49469266436687,0.068,103.49469266436687,101.67827596663292,98.2968750690633,95.21375216206232
E01000459,Bexley 027F,883.0,0.9932049830124576,0,0.0,,False,1.0,877.0000000000001,110.1944805194805,0.185,110.1944805194805,109.51856960478923,108.26030888935676,107.1130410698215
E01000381,Bexley 028A,657.0,1.156773211567732,0,0.0,,False,1.0,760.0,95.49350649350647,0.284,95.49350649350647,95.83028869672695,96.45723495067618,97.02887741945258
E01000383,Bexley 028B,624.0,1.488782051282051,1,0.0,0.0,True,1.0,928.9999999999999,116.72824675324672,0.147,116.72824675324672,115.57941996098747,113.44078957328863,111.49081069244608
E01000385,Bexley 028C,786.0,1.0916030534351144,2,0.0,0.0,True,1.0,858.0,107.80714285714284,0.323,107.80714285714284,108.59763099623278,110.069186122527,111.41093336168265
E01000386,Bexley 028D,644.0,0.8571428571428571,1,0.0076049382716049,0.0076049382716049,True,1.0076049382716048,552.0,69.8859082251082,0.43,69.8859082251082,71.12803479856844,73.440349982432,75.54869268639831
E01000398,Bexley 029A,607.0,1.227347611202636,0,0.0,,False,1.0,745.0000000000001,93.60876623376623,0.207,93.60876623376623,93.23554714042017,92.54077078276784,91.90728159635985
E01000399,Bexley 029B,622.0,1.2363344051446945,3,0.0337164351844134,0.0056194058640689,True,1.0056194058640688,769.0,97.16732209200144,0.11,97.16732209200144,95.86018817050162,93.42685675435835,91.20817282521271
E01000400,Bexley 029C,588.0,1.1819727891156462,1,0.0,0.0,True,1.0,695.0,87.32629870129868,0.136,87.32629870129868,86.37310709147921,84.59866680527155,82.9807523197563
E01032566,Bexley 029D,752.0,1.0079787234042554,0,0.0,,False,1.0,758.0000000000001,95.2422077922078,0.288,95.2422077922078,95.61527918494245,96.30978058642391,96.94301907092033
E01000587,Brent 001A,459.0,1.4640522875816993,2,0.0385520833333331,0.0096380208333332,True,1.009638020833333,672.0,85.25016306818179,0.235,85.25016306818179,85.14319697299355,84.94407127087334,84.76251071884869
E01000589,Brent 001B,803.0,1.0759651307596514,0,0.0,,False,1.0,864.0000000000001,108.56103896103895,0.269,108.56103896103895,108.78500413486705,109.20193271780262,109.58208346111023
E01000590,Brent 001C,631.0,1.1141045958795563,4,0.0087175925925925,0.0021793981481481,True,1.0021793981481482,703.0,88.5240029998647,0.203,88.5240029998647,88.13650373662021,87.41514373251039,86.75741587939962
E01000592,Brent 001D,618.0,1.1440129449838188,1,0.0188680555555555,0.0188680555555555,True,1.0188680555555556,707.0,90.51021747159089,0.272,90.51021747159089,90.72343950871789,91.12036890747437,91.4822846219488
E01000593,Brent 001E,670.0,1.1014925373134328,0,0.0,,False,1.0,738.0,92.72922077922077,0.316,92.72922077922077,93.3458106292134,94.49364057087733,95.5402188659944
E01000594,Brent 001F,557.0,1.0466786355475763,2,0.0603070987650461,0.0150767746912615,True,1.0150767746912615,583.0,74.35799902033021,0.252,74.35799902033021,74.38805090574284,74.44399482677964,74.49500385814883
E01000513,Brent 002A,468.0,1.3247863247863247,3,0.0504768518514659,0.0101340663579603,True,1.0101340663579603,620.0,78.69206749413279,0.277,78.69206749413279,78.91584298266744,79.3324184516824,79.71224722973055
E01000514,Brent 002B,496.0,1.2278225806451613,1,0.0,0.0,True,1.0,609.0,76.52045454545453,0.266,76.52045454545453,76.65591797557327,76.90809368215142,77.1380246252996
E01000516,Brent 002C,747.0,1.0200803212851406,4,0.0099907407407406,0.0024976851851851,True,1.002497685185185,762.0,95.98394557629867,0.319,95.98394557629867,96.65027599211214,97.89070186406128,99.02170807601088
E01000520,Brent 002D,611.0,0.9427168576104746,2,0.0,0.0,True,1.0,576.0,72.37402597402595,0.383,72.37402597402595,73.32844469973217,75.10516935756337,76.72516670716195
E01033929,Brent 002F,552.0,0.7155797101449275,0,0.0,,False,1.0,395.0,49.6314935064935,0.286,49.6314935064935,49.81621784301377,50.160096556577564,50.47364125924227
E01033930,Brent 002G,590.0,1.08135593220339,3,0.0076570216049382,0.0025523405349794,True,1.0025523405349794,638.0000000000001,80.36889227017195,0.334,80.36889227017195,81.04445897381444,82.30207891361935,83.44876248122019
E01000515,Brent 003A,649.0,0.810477657935285,0,0.0,,False,1.0,526.0,66.09155844155843,0.372,66.09155844155843,66.89218597036911,68.38261635890096,69.74157384763761
E01000517,Brent 003B,489.0,1.2208588957055215,0,0.0,,False,1.0,597.0,75.01266233766232,0.196,75.01266233766232,74.63306788015637,73.92642328647672,73.28211277734779
E01000543,Brent 003E,494.0,1.1680161943319838,0,0.0,,False,1.0,577.0,72.49967532467531,0.23,72.49967532467531,72.37333458630896,72.13814147965864,71.9236950781085
E01000591,Brent 003F,643.0,0.9346811819595644,2,0.0321006944444444,0.0080251736111111,True,1.008025173611111,600.9999999999999,76.12128280996345,0.265,76.12128280996345,76.24861157150728,76.48564396011493,76.70176739804943
E01033463,Brent 003G,910.0,1.378021978021978,0,0.0,,False,1.0,1254.0,157.56428571428566,0.201,157.56428571428566,156.84382329271335,155.50262648362812,154.2797384765127
E01000536,Brent 004A,504.0,1.253968253968254,1,0.0338132716049382,0.0169066358024691,True,1.0169066358024692,632.0,80.75295214646464,0.147,80.75295214646464,79.95819031665667,78.47867938283878,77.12967812880498
E01000538,Brent 004B,486.0,1.5823045267489713,1,0.0087079475304783,0.0087079475304783,True,1.0087079475304783,769.0,97.46575042497172,0.17,97.46575042497172,96.72525238196589,95.3467577059413,94.08986192766046
E01000539,Brent 004C,540.0,1.1925925925925926,1,0.0,0.0,True,1.0,644.0,80.91818181818181,0.145,80.91818181818181,80.10600160256888,78.59406498940739,77.21549836948303
E01000540,Brent 004D,483.0,1.4306418219461698,0,0.0,,False,1.0,691.0,86.82370129870128,0.104,86.82370129870128,85.60487967528567,83.33594846774044,81.26716278029947
E01000541,Brent 004E,486.0,1.0576131687242798,0,0.0,,False,1.0,514.0,64.58376623376623,0.264,64.58376623376623,64.68549391443115,64.87486790066305,65.04753694897417
E01000518,Brent 005A,627.0,1.0079744816586922,2,0.0040027006172839,0.0020013503086419,True,1.0020013503086418,632.0,79.56931761814572,0.277,79.56931761814572,79.7955877301071,80.21680713457185,80.60087020018236
E01000519,Brent 005B,631.0,1.0855784469096672,3,0.0591944444436727,0.011222479423611,True,1.011222479423611,685.0,87.03572181259808,0.371,87.03572181259808,88.08157209413436,90.02850370135974,91.80369381292427
E01000623,Brent 005C,567.0,1.2433862433862437,0,0.0,,False,1.0,705.0000000000002,88.58279220779222,0.251,88.58279220779222,88.60994903276608,88.66050357372374,88.70659862958996
E01000624,Brent 005D,589.0,1.2207130730050937,1,0.0349081790123456,0.0174540895061728,True,1.0174540895061728,719.0000000000002,91.9187184309614,0.259,91.9187184309614,92.01865438269546,92.20469292622708,92.37432075579315
E01000629,Brent 005E,623.0,1.189406099518459,0,0.0,,False,1.0,741.0,93.10616883116882,0.299,93.10616883116882,93.57081288461698,94.43578391320312,95.22445466621649
E01000480,Brent 006A,513.0,1.3528265107212476,0,0.0,,False,1.0,694.0,87.20064935064934,0.236,87.20064935064934,87.09974507656116,86.91190392568645,86.74063249923255
E01000484,Brent 006B,614.0,0.8436482084690554,0,0.0,,False,1.0,518.0,65.08636363636363,0.391,65.08636363636363,65.99548742823589,67.68789204534488,69.2310073401546
E01000485,Brent 006C,529.0,0.9565217391304348,0,0.0,,False,1.0,506.0,63.57857142857141,0.366,63.57857142857141,64.31153234340997,65.67599606938786,66.92009858688529
E01000486,Brent 006D,520.0,1.3192307692307692,0,0.0,,False,1.0,686.0,86.19545454545454,0.277,86.19545454545454,86.44056730668443,86.89686376765755,87.31290969472313
E01000487,Brent 006E,699.0,0.8597997138769671,2,0.000338348765432,0.000169174382716,True,1.000169174382716,601.0,75.52803498771192,0.347,75.52803498771192,76.25872197413025,77.61895260557057,78.85919543557998
E01000572,Brent 007A,463.0,1.2224622030237582,0,0.0,,False,1.0,566.0,71.11753246753246,0.237,71.11753246753246,71.04217852589497,70.90190130525153,70.77399812979338
E01000573,Brent 007B,480.0,1.1229166666666666,1,0.0,0.0,True,1.0,539.0,67.725,0.294,67.725,68.02993646287206,68.59759939536083,69.11518800541575
E01000574,Brent 007C,457.0,1.2669584245076586,1,0.0519220679004628,0.0259610339502314,True,1.0259610339502314,579.0,74.63966453257473,0.239,74.63966453257473,74.57514552920561,74.45503838849567,74.34552606267728
E01000575,Brent 007D,661.0,0.989409984871407,1,0.0,0.0,True,1.0,654.0,82.1746753246753,0.267,82.1746753246753,82.32816708482252,82.61390392933559,82.8744355366128
E01000577,Brent 007E,862.0,0.7575406032482599,2,0.0054552469131944,0.0027276234565972,True,1.0027276234565972,653.0,82.27282482186365,0.486,82.27282482186365,84.1846964141885,87.74379401904433,90.98893876413221
E01000562,Brent 008A,477.0,1.5450733752620545,0,0.0,,False,1.0,737.0,92.60357142857141,0.152,92.60357142857141,91.73735899862841,90.12483721783364,88.65455818526472
E01000563,Brent 008B,480.0,1.55,0,0.0,,False,1.0,744.0,93.48311688311686,0.118,93.48311688311686,92.29852205379224,90.0933066843609,88.08261637394808
E01000566,Brent 008C,464.0,1.3512931034482758,0,0.0,,False,1.0,627.0,78.78214285714283,0.202,78.78214285714283,78.42959931537406,77.77331210437421,77.17491688443457
E01000568,Brent 008D,663.0,0.77526395173454,0,0.0,,False,1.0,514.0,64.58376623376623,0.088,64.58376623376623,63.57631163374722,61.70085657268398,59.990837963541544
E01000569,Brent 008E,484.0,1.4400826446280992,0,0.0,,False,1.0,697.0,87.57759740259738,0.169,87.57759740259738,86.90367886403001,85.64912711164665,84.50524108246525
E01000479,Brent 009A,514.0,1.5116731517509727,1,0.0,0.0,True,1.0,777.0,97.62954545454544,0.184,97.62954545454544,97.02117851542023,95.88865616161449,94.85603515112778
E01000481,Brent 009B,601.0,0.7936772046589018,1,0.0,0.0,True,1.0,477.0,59.934740259740245,0.462,59.934740259740245,61.187150853221155,63.51861053986972,65.64440898388804
E01000483,Brent 009D,657.0,0.6590563165905632,1,0.085141589505787,0.0425707947528935,True,1.0425707947528935,433.0,56.72228267777178,0.577,56.72228267777178,58.54409433506988,61.93553836929161,65.02781849414649
E01000625,Brent 009E,588.0,0.9982993197278912,3,0.0821585648144288,0.0273861882714762,True,1.027386188271476,587.0,75.776069156962,0.373,75.776069156962,76.70140835875722,78.42399922208178,79.9946379931083
E01033931,Brent 009F,500.0,0.542,1,0.1419540894926696,0.0709770447463348,True,1.0709770447463347,271.0,36.46781153307186,0.382,36.46781153307186,36.94516529461665,37.83379643292289,38.64404020506939
E01033932,Brent 009G,525.0,0.8019047619047619,1,0.0,0.0,True,1.0,421.0,52.89837662337661,0.46,52.89837662337661,53.99342989649591,56.03195669776983,57.890662266240135
E01000498,Brent 010B,515.0,1.0058252427184466,0,0.0,,False,1.0,518.0,65.08636363636363,0.675,65.08636363636363,67.79923282613976,72.84944973107244,77.45418010661379
E01000622,Brent 010D,706.0,0.7988668555240793,0,0.0,,False,1.0,564.0,70.86623376623375,0.418,70.86623376623375,72.04280160166671,74.23307409792145,76.2301396664055
E01000626,Brent 010E,606.0,0.665016501650165,0,0.0,,False,1.0,403.0,50.6366883116883,0.522,50.6366883116883,51.99127642835386,54.512947518057175,56.81217855752798
E01033933,Brent 010G,416.0,0.9903846153846154,1,0.0,0.0,True,1.0,412.0,51.76753246753246,0.642,51.76753246753246,53.758557507824385,57.465005409743405,60.84450248097972
E01033934,Brent 010H,444.0,1.009009009009009,1,0.0,0.0,True,1.0,447.99999999999994,56.290909090909075,0.671,56.290909090909075,58.61520256119398,62.94205555502598,66.88723093783778
E01000497,Brent 011A,686.0,0.8177842565597667,3,0.0287542438271604,0.0047923739711934,True,1.0047923739711935,561.0,70.82709673239086,0.402,70.82709673239086,71.89243231288094,73.87563731896573,75.68390110334394
E01000499,Brent 011B,582.0,0.8195876288659794,0,0.0,,False,1.0,477.0,59.934740259740245,0.645,59.934740259740245,62.257428869483775,66.58129429065038,70.5237456386612
E01000501,Brent 011C,759.0,0.7325428194993412,0,0.0,,False,1.0,556.0,69.86103896103894,0.521,69.86103896103894,71.72308284999627,75.18942231124942,78.34999123524554
E01000502,Brent 011D,657.0,0.8417047184170472,3,0.0910239197530862,0.015170653292181,True,1.015170653292181,553.0,70.5382099615951,0.509,70.5382099615951,72.33570427632618,75.68187968684215,78.73288439510387
E01000503,Brent 011E,774.0,0.8682170542635659,0,0.0,,False,1.0,672.0,84.43636363636362,0.46,84.43636363636362,86.18428715070131,89.43818266247345,92.40504760787024
E01000570,Brent 012A,513.0,0.9688109161793372,0,0.0,,False,1.0,497.0,62.447727272727256,0.392,62.447727272727256,63.32608842911113,64.96122600866106,66.45212586949448
E01000571,Brent 012B,495.0,1.3171717171717172,0,0.0,,False,1.0,652.0,81.92337662337661,0.263,81.92337662337661,82.04442221018083,82.26975798053418,82.47521657488261
E01000576,Brent 012C,572.0,1.117132867132867,2,0.0001539351851851,7.696759259255e-05,True,1.0000769675925925,639.0,80.2961147879464,0.284,80.2961147879464,80.57929951370748,81.10646989650627,81.58713785997305
E01000578,Brent 012D,833.0,0.8247298919567827,3,0.1065366512330245,0.0203169152945815,True,1.0203169152945815,687.0,88.07488245209579,0.398,88.07488245209579,89.36527024988705,91.76742745484312,93.95768709253969
E01000564,Brent 013A,491.0,1.0264765784114054,0,0.0,,False,1.0,504.00000000000006,63.32727272727273,0.313,63.32727272727273,63.72981979339266,64.47919245242514,65.16246192591582
E01000565,Brent 013B,484.0,1.0557851239669422,0,0.0,,False,1.0,511.00000000000006,64.20681818181818,0.315,64.20681818181818,64.62748695729998,65.41059458715617,66.12462322362818
E01000607,Brent 013C,688.0,1.0334302325581397,3,0.0012091049378857,0.0004030349792952,True,1.0004030349792952,711.0000000000001,89.3726941220123,0.299,89.3726941220123,89.81870636143476,90.64899281970813,91.40603857571868
E01000608,Brent 013D,808.0,0.8056930693069307,2,0.0345347222222222,0.0172673611111111,True,1.0172673611111112,651.0,83.21015816761363,0.325,83.21015816761363,83.83653020306078,85.00257044345041,86.06575268197597
E01000613,Brent 013E,638.0,0.7648902821316614,1,0.0,0.0,True,1.0,488.0,61.316883116883105,0.354,61.316883116883105,61.95196970165261,63.13423275310608,64.21220676637881
E01000506,Brent 014A,669.0,0.4783258594917787,11,0.0908479938271601,0.0082589085297418,True,1.0082589085297418,319.99999999999994,40.53986468581922,0.585,40.53986468581922,41.87357538911785,44.35638155075376,46.620175990533085
E01000509,Brent 014B,455.0,0.8813186813186813,1,0.0,0.0,True,1.0,401.0,50.3853896103896,0.589,50.3853896103896,52.06267243583112,55.18506481336296,58.03202669556184
E01000510,Brent 014C,576.0,0.7690972222222222,3,0.320622685167824,0.0559821244827031,True,1.055982124482703,443.0,58.778776429688,0.64,58.778776429688,61.02798868142849,65.21507214985726,69.0328072679607
E01000511,Brent 014D,561.0,0.8110516934046346,21,0.1110655864185953,0.0052888374485045,True,1.0052888374485045,455.0,57.47281978640256,0.522,57.47281978640256,59.01028207530095,61.87238765390859,64.48202299114502
E01000627,Brent 014E,688.0,0.7340116279069767,2,0.1063641975304783,0.0177273662550797,True,1.0177273662550796,505.0,64.57777526755241,0.518,64.57777526755241,66.28009672212141,69.44910045436673,72.33856204003074
E01000628,Brent 014F,641.0,0.7457098283931357,1,0.0447974537033178,0.0223987268516589,True,1.022398726851659,478.0,61.40566587187693,0.529,61.40566587187693,63.09028053841991,66.22632170816574,69.08572840397959
E01000553,Brent 015A,743.0,0.5558546433378196,11,0.1120628858001537,0.008630050504875,True,1.008630050504875,413.0,52.34102259813138,0.386,52.34102259813138,53.046582420782904,54.360036883395615,55.557629734303845
E01000554,Brent 015B,757.0,0.665785997357992,5,0.1590482253074844,0.0217268518516589,True,1.021726851851659,504.0,64.70317499998777,0.365,64.70317499998777,65.44278700080156,66.81963224040156,68.07502408129723
E01000555,Brent 015C,527.0,0.9032258064516128,9,0.0440189043202158,0.0048909893689128,True,1.0048909893689129,475.99999999999994,60.1016165368916,0.239,60.1016165368916,60.049664315185936,59.9529512155291,59.86476931045734
E01000556,Brent 015D,860.0,0.3511627906976744,1,0.0,0.0,True,1.0,302.0,37.94610389610389,0.403,37.94610389610389,38.520567588415226,39.58997641251711,40.565051223938426
E01000557,Brent 015E,830.0,0.436144578313253,9,0.1209664351847991,0.0134407150205332,True,1.0134407150205331,362.0,46.09641673054758,0.391,46.09641673054758,46.74028968378146,47.93890924321514,49.0317969345639
E01000558,Brent 015F,642.0,0.6059190031152648,6,0.0525212191350306,0.0065054012344392,True,1.0065054012344392,389.0,49.195565785076674,0.311,49.195565785076674,49.49868189568936,50.06295610092664,50.577454907988326
E01000567,Brent 016A,460.0,1.1760869565217391,3,0.073972222220293,0.0246574074067643,True,1.0246574074067643,541.0,69.6524179923805,0.319,69.6524179923805,70.13595223724424,71.03608882574159,71.85682313660685
E01000606,Brent 016B,575.0,0.8643478260869565,5,0.0986084104930553,0.019721682098611,True,1.019721682098611,497.0,63.67930149778074,0.327,63.67930149778074,64.17108105916593,65.0865669453884,65.92129657146656
E01000609,Brent 016C,632.0,1.0284810126582278,0,0.0,,False,1.0,650.0,81.6720779220779,0.294,81.6720779220779,82.03981206097743,82.72437774950747,83.34855696385944
E01000611,Brent 016D,605.0,0.9322314049586776,0,0.0,,False,1.0,564.0,70.86623376623375,0.247,70.86623376623375,70.86029833099238,70.8492490568486,70.83917445426515
E01000504,Brent 018A,698.0,0.6432664756446992,6,0.010877700616898,0.0018129501028163,True,1.0018129501028163,449.00000000000006,56.518838846985595,0.304,56.518838846985595,56.82847065407321,57.404874334852124,57.9304326598548
E01000505,Brent 018B,573.0,0.8289703315881326,4,0.0327384259259258,0.0081846064814814,True,1.0081846064814814,475.0,60.17192704105789,0.283,60.17192704105789,60.37826702793787,60.762384955124354,61.11261931543034
E01000507,Brent 018C,518.0,0.8841698841698842,4,0.0190258487646603,0.004756462191165,True,1.004756462191165,458.0,57.82112464205688,0.302,57.82112464205688,58.12660634010351,58.6952842702583,59.21379834364911
E01000512,Brent 018D,650.0,0.6692307692307692,10,0.3823128857970674,0.033163927468647,True,1.033163927468647,434.99999999999994,56.470123821334205,0.313,56.470123821334205,56.829082634634204,57.49731237233554,58.10659665238855
E01000559,Brent 018E,656.0,0.5335365853658537,1,0.0158271604938271,0.0158271604938271,True,1.0158271604938272,350.0,44.67330808080807,0.263,44.67330808080807,44.739314964484095,44.8621919100585,44.97422971247201
E01000610,Brent 019A,687.0,0.858806404657933,3,0.0,0.0,True,1.0,590.0,74.13311688311687,0.381,74.13311688311687,75.09626526474779,76.88924085575749,78.52405562152781
E01000612,Brent 019B,544.0,0.9724264705882352,0,0.0,,False,1.0,528.9999999999999,66.46850649350647,0.395,66.46850649350647,67.42288035327105,69.19952148966387,70.81944268536417
E01000631,Brent 019C,580.0,1.0103448275862068,9,0.0211736111111109,0.0023526234567901,True,1.00235262345679,586.0,73.80374436778497,0.269,73.80374436778497,73.9560040421091,74.2394472630757,74.49788757047152
E01000633,Brent 019D,615.0,0.656910569105691,4,0.0224675925922067,0.0056168981480516,True,1.0056168981480516,404.0,51.04746454274401,0.381,51.04746454274401,51.71068072638598,52.9453092130363,54.071029434960764
E01000634,Brent 019E,765.0,0.7189542483660131,5,0.1628418209864968,0.0325683641972993,True,1.0325683641972994,550.0,71.35784945434906,0.426,71.35784945434906,72.59828498754607,74.90745216849207,77.01292455917688
E01000616,Brent 020A,591.0,0.6463620981387479,12,0.2699614197515427,0.0160136477622652,True,1.0160136477622652,382.0,48.76667584522295,0.334,48.76667584522295,49.176599903123474,49.9397054058693,50.63549633017681
E01000620,Brent 020B,509.0,0.9803536345776032,1,0.0,0.0,True,1.0,499.0,62.699025974025965,0.242,62.699025974025965,62.66318330455931,62.59645938880966,62.53562128078161
E01000621,Brent 020C,514.0,0.9416342412451362,1,0.0370405092588733,0.0185202546294366,True,1.0185202546294365,484.0,61.94058177082158,0.305,61.94058177082158,62.28596020495066,62.92890901103805,63.51514242497657
E01000636,Brent 020E,766.0,0.685378590078329,0,0.0,,False,1.0,525.0,65.96590909090908,0.328,65.96590909090908,66.48178460298482,67.44212697472324,68.31775623447723
E01033935,Brent 020F,567.0,0.6825396825396826,3,0.0369992283950616,0.0123330761316872,True,1.012333076131687,387.0,49.22601054518397,0.37,49.22601054518397,49.81272317582222,50.904934350896006,51.90080008677277
E01033936,Brent 020G,546.0,0.3443223443223443,3,0.1210501543206017,0.0403500514402005,True,1.0403500514402004,188.0,24.575229981358184,0.293,24.575229981358184,24.68348355733964,24.885006005049704,25.06875188246294
E01000596,Brent 021A,626.0,0.7188498402555911,4,0.1474888117249227,0.0368722029312306,True,1.0368722029312305,450.0,58.627043552101874,0.637,58.627043552101874,60.85328691514035,64.99761201156672,68.77636053204976
E01000601,Brent 021B,514.0,0.6673151750972762,0,0.0,,False,1.0,343.0,43.09772727272727,0.825,43.09772727272727,45.52491685778237,50.04331896877149,54.16314665955048
E01000602,Brent 021C,502.0,0.7629482071713147,0,0.0,,False,1.0,383.0,48.12370129870129,0.479,48.12370129870129,49.20913721134257,51.2297605483986,53.07214194167735
E01000603,Brent 021D,564.0,0.5478723404255319,0,0.0,,False,1.0,309.0,38.82564935064934,0.647,38.82564935064934,40.33786143012165,43.15296178084097,45.71973828552801
E01000604,Brent 021E,513.0,0.898635477582846,0,0.0,,False,1.0,461.0,57.924350649350636,0.597,57.924350649350636,59.89781718358594,63.57157856141943,66.92127243149413
E01000605,Brent 021F,571.0,0.723292469352014,1,0.0,0.0,True,1.0,413.0,51.89318181818181,0.577,51.89318181818181,53.55989195584878,56.662602453129665,59.49161862061066
E01000488,Brent 022A,551.0,0.8148820326678766,4,0.1455192901230707,0.0148119855966756,True,1.0148119855966755,449.0,57.2521996926088,0.299,57.2521996926088,57.53791539187934,58.0697973786329,58.55476132903578
E01000637,Brent 022B,615.0,0.465040650406504,14,0.3303726851840273,0.0235980489417162,True,1.0235980489417162,285.99999999999994,36.78372703018409,0.43,36.78372703018409,37.43750754152735,38.654570790630686,39.76427522859797
E01000639,Brent 022C,750.0,0.4693333333333333,14,0.170667438268904,0.0121905313049217,True,1.0121905313049218,352.0,44.76774121314339,0.298,44.76774121314339,44.986785031091785,45.394552127453416,45.76634953142805
E01000642,Brent 022D,1027.0,0.3446932814021421,10,0.1429891975293207,0.014298919752932,True,1.014298919752932,353.99999999999994,45.11588422347796,0.421,45.11588422347796,45.878135223472725,47.297124720084994,48.59094321553272
E01000644,Brent 022E,763.0,0.5688073394495413,23,0.2704039351832555,0.0096818723160728,True,1.0096818723160728,434.0,55.05978828261783,0.412,55.05978828261783,55.941690255473006,57.58341934016,59.08032926046147
E01000490,Brent 023A,888.0,0.4234234234234234,3,0.0732114197523144,0.0167296167693543,True,1.0167296167693542,375.99999999999994,48.0345324660202,0.263,48.0345324660202,48.10550571454664,48.23762793439304,48.358095472810355
E01000494,Brent 023B,721.0,0.6532593619972261,0,0.0,,False,1.0,471.00000000000006,59.18084415584415,0.302,59.18084415584415,59.49350955065403,60.075560490819925,60.60626792274756
E01000495,Brent 023C,782.0,0.4629156010230179,3,0.2804548610806325,0.0571622299331918,True,1.0571622299331918,362.0,48.085092675409264,0.383,48.085092675409264,48.71920570503678,49.89965640790577,50.97597794233748
E01000560,Brent 023D,663.0,0.6998491704374057,10,0.069991512344521,0.0069991512344521,True,1.006999151234452,463.99999999999994,58.70935830807404,0.229,58.70935830807404,58.601320170216404,58.40019877732276,58.21681857713293
E01000561,Brent 023E,823.0,0.5176184690157959,4,0.0384664351847992,0.0096166087961998,True,1.0096166087961997,426.0,54.04136797381788,0.388,54.04136797381788,54.78039540520852,56.156152423380846,57.410552036346935
E01000638,Brent 024A,790.0,0.4658227848101265,7,0.0096408179008486,0.0013772597001212,True,1.0013772597001211,367.99999999999994,46.302644096575456,0.544,46.302644096575456,47.64069373155474,50.13157715183826,52.40273634425018
E01000640,Brent 024B,816.0,0.4350490196078431,18,0.1328387345667433,0.0073799296981524,True,1.0073799296981525,354.99999999999994,44.934705078435265,0.556,44.934705078435265,46.28584161313686,48.80108731467591,51.09445975824646
E01000641,Brent 024C,740.0,0.4905405405405405,9,0.0571523919741508,0.0063502657749056,True,1.0063502657749055,363.0,45.900354443611846,0.539,45.900354443611846,47.20438365232169,49.631935404234866,51.84534950122451
E01000643,Brent 024D,896.0,0.5926339285714286,4,0.1494035493815584,0.0257452256942515,True,1.0257452256942514,531.0,68.43752163782193,0.605,68.43752163782193,70.82259480098186,75.26259391833165,79.31093465060165
E01000508,Brent 025A,863.0,0.574739281575898,8,0.1382808641963731,0.0099360291279899,True,1.00993602912799,496.0,62.94131190362854,0.533,62.94131190362854,64.69262337068459,67.95282581983352,70.92544135904879
E01000521,Brent 025B,920.0,0.4119565217391304,3,0.0647033179008487,0.0215677726336162,True,1.0215677726336163,378.99999999999994,48.64818503749687,0.694,48.64818503749687,50.76608934637452,54.70873287081451,58.303590426177735
E01000522,Brent 025C,699.0,0.65379113018598,4,0.0976643518503085,0.0244160879625771,True,1.024416087962577,457.0,58.82376782499135,0.509,58.82376782499135,60.322748140681966,63.113216534436994,65.65753390071913
E01000526,Brent 025D,808.0,0.594059405940594,3,0.0544714506172838,0.0090785751028806,True,1.0090785751028806,480.0,60.85923250360749,0.609,60.85923250360749,63.00395437083533,66.99652086503724,70.6368976168285
E01000527,Brent 025E,736.0,0.5122282608695652,9,0.3716419753063268,0.041293552811814,True,1.041293552811814,377.0,49.32587274730221,0.645,49.32587274730221,51.237429255252515,54.79594030604936,58.040550237812745
E01000528,Brent 025F,732.0,0.5409836065573771,2,0.1279594907403548,0.0213265817900591,True,1.0213265817900592,396.00000000000006,50.81829263392537,0.569,50.81829263392537,52.410808031985425,55.37539925332337,58.07847983479794
E01000471,Brent 026A,493.0,1.0344827586206895,0,0.0,,False,1.0,509.99999999999994,64.08116883116881,0.253,64.08116883116881,64.11332044973364,64.17317318727397,64.22774623310535
E01000474,Brent 026B,520.0,1.0557692307692308,0,0.0,,False,1.0,549.0,68.98149350649349,0.27,68.98149350649349,69.13053601897515,69.40799024305834,69.66096985116393
E01000476,Brent 026C,554.0,1.032490974729242,0,0.0,,False,1.0,572.0,71.87142857142855,0.299,71.87142857142855,72.23010117409031,72.8977981084375,73.50659658444782
E01000477,Brent 026D,682.0,0.7331378299120235,0,0.0,,False,1.0,500.0,62.82467532467531,0.513,62.82467532467531,64.450131084355,67.47604334974953,70.23503576224893
E01000630,Brent 026E,907.0,0.5468577728776185,1,0.0390760030864196,0.0195380015432098,True,1.0195380015432098,496.0,63.53972677669551,0.409,63.53972677669551,64.53885248373719,66.39880266300517,68.09468409714785
E01000595,Brent 027A,653.0,0.5329249617151608,6,0.4445713734556324,0.063450456532761,True,1.063450456532761,348.0,46.50040704026171,0.615,46.50040704026171,48.16633930674658,51.26760173634748,54.09529757217595
E01000599,Brent 027D,698.0,0.6131805157593123,1,0.0466022376543209,0.0233011188271604,True,1.0233011188271603,428.0,55.031007830537504,0.587,55.031007830537504,56.85219897028368,60.24248786284125,63.333714742655545
E01033456,Brent 027F,876.0,0.658675799086758,3,0.0215543981481481,0.007184799382716,True,1.007184799382716,577.0,73.02057094719515,0.636,73.02057094719515,75.78625394471307,80.93478785869158,85.62916256565633
E01033937,Brent 027G,483.0,0.4575569358178054,2,0.0,0.0,True,1.0,221.0,27.76850649350649,0.467,27.76850649350649,28.362312256301266,29.467727848329886,30.47563322151091
E01033938,Brent 027H,447.0,0.5570469798657718,3,0.1881701388877311,0.025959533607553,True,1.025959533607553,249.0,32.09887614838461,0.394,32.09887614838461,32.556628756456526,33.40877082370914,34.18574427558647
E01033939,Brent 027I,796.0,0.6683417085427136,1,0.028829861111111,0.0144149305555555,True,1.0144149305555554,532.0,67.8090271306818,0.425,67.8090271306818,68.98115549209966,71.16316356233469,73.1526937211035
E01000545,Brent 028A,910.0,0.3813186813186813,8,0.0781778549374997,0.0097722318671874,True,1.0097722318671873,347.0,44.02639715753659,0.443,44.02639715753659,44.86475626581746,46.425426922921176,47.848428690223955
E01000546,Brent 028B,754.0,0.4774535809018567,13,0.1531396604930553,0.0104408683522821,True,1.010440868352282,359.99999999999994,45.706046032090875,0.4,45.706046032090875,46.38460682775478,47.64780050262902,48.799566138517605
E01000547,Brent 028C,688.0,0.5581395348837209,18,0.2036836419699068,0.011315757887217,True,1.011315757887217,384.0,48.79532861951412,0.249,48.79532861951412,48.800764772989766,48.81088459531071,48.820111734285845
E01000548,Brent 028D,1002.0,0.3353293413173652,3,0.0436658950617283,0.0145552983539094,True,1.0145552983539095,335.99999999999994,42.83268005050503,0.419,42.83268005050503,43.54799605542713,44.87961240981704,46.09376506722824
E01000549,Brent 028E,894.0,0.4765100671140939,4,0.1779336419749225,0.0291948945472286,True,1.0291948945472287,425.99999999999994,55.0893275015731,0.207,55.0893275015731,54.869685798232666,54.460805691731984,54.08799345776252
E01000472,Brent 029A,913.0,0.5914567360350493,0,0.0,,False,1.0,540.0,67.85064935064933,0.401,67.85064935064933,68.86459416732109,70.75213127125605,72.47316614977017
E01000473,Brent 029B,789.0,0.6159695817490495,2,0.2625081018364197,0.0821402391935763,True,1.0821402391935764,486.00000000000006,66.08152612597604,0.364,66.08152612597604,66.83044552013791,68.22461719604546,69.49580708464225
E01000475,Brent 029C,614.0,1.001628664495114,0,0.0,,False,1.0,615.0,77.27435064935064,0.325,77.27435064935064,77.85604035370851,78.93890096101103,79.92624095546813
E01000478,Brent 029D,716.0,0.7723463687150838,0,0.0,,False,1.0,553.0,69.4840909090909,0.329,69.4840909090909,70.03426013422951,71.05844291895052,71.99228114168214
E01000632,Brent 029E,593.0,0.9224283305227656,3,0.0539899691358023,0.0179966563786007,True,1.0179966563786007,547.0,69.96710850393818,0.287,69.96710850393818,70.23434781276013,70.73183456227295,71.1854373262797
E01000489,Brent 030A,688.0,0.8023255813953488,6,0.1285887345671295,0.0214314557611882,True,1.021431455761188,552.0,70.84489393036623,0.268,70.84489393036623,70.98413625258392,71.24334666058888,71.47969176454491
E01000491,Brent 030B,864.0,0.7418981481481481,11,0.3778152006149686,0.0318234310698185,True,1.0318234310698184,641.0,83.10433216727162,0.217,83.10433216727162,82.85408869978771,82.38824103024318,81.96348641975675
E01000492,Brent 030C,451.0,1.017738359201774,4,0.0218827160489969,0.0054706790122492,True,1.0054706790122492,459.00000000000006,57.988562702916504,0.16,57.988562702916504,57.49140737450337,56.56591408002697,55.722059812842375
E01000493,Brent 030D,564.0,1.0070921985815602,4,0.0036581790119598,0.0009145447529899,True,1.00091454475299,568.0,71.43410115890363,0.144,71.43410115890363,70.71014254238857,69.36243729461074,68.13361496706725
E01000581,Brent 030E,593.0,0.7841483979763912,20,0.0910952932083326,0.0045547646604166,True,1.0045547646604167,465.0,58.69306905015105,0.189,58.69306905015105,58.355966896957334,57.72842503125882,57.15623949045891
E01000523,Brent 031A,865.0,0.4867052023121387,5,0.1494483024687499,0.0298896604937499,True,1.02988966049375,421.0,54.47949114131986,0.532,54.47949114131986,55.99004036791301,58.80204518872164,61.365999224418445
E01000524,Brent 031B,987.0,0.4204660587639311,3,0.1098834876543208,0.0206287937242798,True,1.0206287937242797,415.0,53.2201582519766,0.655,53.2201582519766,55.33456540723569,59.27069870833345,62.85962031604538
E01000525,Brent 031C,758.0,0.4854881266490765,4,0.0656651234548609,0.0164162808637152,True,1.0164162808637152,367.99999999999994,46.99803281022299,0.5,46.99803281022299,48.154387909558906,50.307032826158526,52.269789995170285
E01000533,Brent 031E,879.0,0.4732650739476678,7,0.1652079475293207,0.0158334986770649,True,1.015833498677065,416.0,53.09774890227858,0.658,53.09774890227858,55.22283685486766,59.17885329055863,62.78590411441032
E01000535,Brent 031F,847.0,0.6009445100354192,11,0.1379625771597218,0.0125420524690656,True,1.0125420524690656,509.0,64.75765296153048,0.411,64.75765296153048,65.78856813857233,67.70769688767288,69.45753666919327
E01033455,Brent 031G,500.0,0.372,0,0.0,,False,1.0,186.0,23.370779220779216,0.755,23.370779220779216,24.527342475996626,26.68037489095244,28.64348537656125
E01033485,Brent 031H,708.0,0.4646892655367232,14,0.3463881172604162,0.0156317102063216,True,1.0156317102063217,329.0,41.98482994759723,0.529,41.98482994759723,43.1366497234728,45.28085178285871,47.235910850620535
E01000579,Brent 032A,635.0,0.6299212598425197,20,0.2128202160482246,0.0094517843363714,True,1.0094517843363715,400.0,50.73478448547737,0.244,50.73478448547737,50.715682860851366,50.68012370158135,50.64770126430755
E01000580,Brent 032B,853.0,0.6975381008206331,35,0.5238506944378845,0.0141096175042382,True,1.0141096175042381,595.0,75.81621788136798,0.254,75.81621788136798,75.86165560791757,75.94624146838115,76.02336589458898
E01000582,Brent 032C,685.0,0.8043795620437956,37,0.4812229938217577,0.0126724276358284,True,1.0126724276358283,551.0,70.11013975707179,0.128,70.11013975707179,69.29013591758599,67.76363502034859,66.3717888517346
E01000583,Brent 032D,902.0,0.5875831485587583,14,0.2572168209861103,0.0167517636683384,True,1.0167517636683383,530.0,67.70972540454963,0.217,67.70972540454963,67.50583812183235,67.12628609412674,66.78021486907359
E01000586,Brent 032E,1087.0,0.4250229990800368,6,0.1314772376516201,0.017999903549029,True,1.017999903549029,462.0,59.094894401021115,0.312,59.094894401021115,59.46477130885313,60.15332592833761,60.781142204597494
E01000530,Brent 033A,674.0,0.8234421364985163,21,0.141373842590663,0.0067320877424125,True,1.0067320877424124,555.0,70.20485437199807,0.167,70.20485437199807,69.65091949080679,68.61972664458816,67.67949672745607
E01000531,Brent 033B,859.0,0.459837019790454,21,0.4696176697511568,0.0223627461786265,True,1.0223627461786264,395.0,50.74138999824536,0.386,50.74138999824536,51.425386686715335,52.698699698653826,53.85969203106604
E01000532,Brent 033C,609.0,0.6174055829228243,15,0.1133954475300921,0.0075596965020061,True,1.0075596965020062,376.0,47.601307323831136,0.226,47.601307323831136,47.499775442434355,47.31076595176224,47.13842924635987
E01000534,Brent 033D,658.0,0.8541033434650456,15,0.0620648148144288,0.0041376543209619,True,1.004137654320962,562.0,70.90711525613092,0.252,70.90711525613092,70.9357724622243,70.98912007928097,71.03776183018944
E01000584,Brent 033E,550.0,0.8309090909090909,5,0.0880192901230708,0.0122406249999228,True,1.0122406249999227,457.0,58.12463139508483,0.168,58.12463139508483,57.671684551151984,56.82848878746154,56.05967247349275
E01000585,Brent 033F,592.0,0.6824324324324325,6,0.0823796296280861,0.0137299382713476,True,1.0137299382713476,404.0,51.45930142495086,0.221,51.45930142495086,51.32443323618671,51.073365617666326,50.84444501661524
E01000544,Brent 034A,740.0,0.3945945945945946,6,0.0315987654320985,0.0052664609053497,True,1.0052664609053497,292.0,36.88283478835977,0.443,36.88283478835977,37.58516481035538,38.89260674795084,40.084717446883836
E01000550,Brent 034B,910.0,0.4032967032967033,4,0.0721666666662806,0.0095987172067418,True,1.0095987172067418,367.0,46.555940326674126,0.421,46.555940326674126,47.342521653417506,48.806803944799036,50.14191989574089
E01000551,Brent 034C,1176.0,0.4600340136054421,10,0.0445563271604936,0.0044556327160493,True,1.0044556327160492,540.9999999999999,68.27917612170812,0.455,68.27917612170812,69.65931460612902,72.22854969178594,74.57114904217737
E01000552,Brent 034D,579.0,0.4870466321243523,5,0.093774305554398,0.0169111882713734,True,1.0169111882713735,282.0,36.03233299376885,0.37,36.03233299376885,36.461793448611175,37.26126747309363,37.99021880217318
E01033457,Brent 035A,582.0,0.8436426116838488,0,0.0,,False,1.0,491.0,61.69383116883116,0.263,61.69383116883116,61.784986664415314,61.95467970619982,62.1094038930481
E01033940,Brent 035B,709.0,0.3159379407616361,0,0.0,,False,1.0,224.0,28.14545454545454,0.105,28.14545454545454,27.753098204519972,27.022696372683473,26.356724283816646
E01033941,Brent 035C,729.0,0.3209876543209876,0,0.0,,False,1.0,233.99999999999994,29.401948051948043,0.397,29.401948051948043,29.829847810304404,30.626416476944105,31.352718733763552
E01033942,Brent 035D,689.0,0.2496371552975326,0,0.0,,False,1.0,171.99999999999997,21.611688311688305,0.248,21.611688311688305,21.611987112455974,21.612543353314834,21.613050527407974
E01000615,Brent 036A,827.0,0.652962515114873,1,0.0,0.0,True,1.0,540.0,67.85064935064933,0.186,67.85064935064933,67.4410879904175,66.67865767757934,65.98348238375577
E01000617,Brent 036B,720.0,0.7722222222222223,1,0.0,0.0,True,1.0,556.0,69.86103896103894,0.361,69.86103896103894,70.63234116612598,72.0681801846906,73.37736188275078
E01000618,Brent 036D,480.0,1.075,0,0.0,,False,1.0,516.0,64.83506493506492,0.348,64.83506493506492,65.46863074932507,66.64806276824527,67.72345547823033
E01000619,Brent 036C,477.0,1.1719077568134173,0,0.0,,False,1.0,559.0,70.237987012987,0.33,70.237987012987,70.80097944310387,71.84903362081373,72.80463750836162
E01000779,Bromley 001A,588.0,1.16156462585034,0,0.0,,False,1.0,682.9999999999999,85.81850649350646,0.172,85.81850649350646,85.18324719973563,84.0006626370491,82.92239547348825
E01000780,Bromley 001B,647.0,1.0046367851622875,0,0.0,,False,1.0,650.0,81.6720779220779,0.262,81.6720779220779,81.78478253057608,81.99459092135524,82.18589182748475
E01000781,Bromley 001C,625.0,0.8528,0,0.0,,False,1.0,533.0,66.97110389610388,0.4,66.97110389610388,67.9653698519541,69.81627322656466,71.50390588704245
E01000782,Bromley 001D,654.0,0.7874617737003058,0,0.0,,False,1.0,515.0,64.70941558441558,0.389,64.70941558441558,65.60064531441313,67.25973874419385,68.77248127699687
E01000783,Bromley 001E,637.0,0.9105180533751962,0,0.0,,False,1.0,580.0,72.87662337662336,0.393,72.87662337662336,73.90878401381657,75.83023128381542,77.58218506633965
E01000785,Bromley 001F,632.0,0.9620253164556962,0,0.0,,False,1.0,608.0,76.39480519480519,0.307,76.39480519480519,76.83568927243599,77.65642925885254,78.40477065032474
E01000689,Bromley 002A,616.0,1.2483766233766234,0,0.0,,False,1.0,769.0,96.62435064935063,0.223,96.62435064935063,96.38996816664182,95.95364695334594,95.55581423008327
E01000690,Bromley 002B,536.0,1.367537313432836,0,0.0,,False,1.0,733.0,92.10097402597401,0.07,92.10097402597401,90.5025011080111,87.5268195002151,84.81362683041617
E01000691,Bromley 002C,636.0,1.139937106918239,0,0.0,,False,1.0,725.0,91.09577922077919,0.18,91.09577922077919,90.4925696695676,89.36964819431685,88.3457811557775
E01000692,Bromley 002D,683.0,1.232796486090776,0,0.0,,False,1.0,842.0000000000001,105.79675324675323,0.127,105.79675324675323,104.54903720111167,102.22631678023701,100.108486699425
E01000784,Bromley 002E,594.0,1.297979797979798,0,0.0,,False,1.0,771.0,96.87564935064933,0.131,96.87564935064933,95.7709575478033,93.7144878741092,91.83942219849642
E01000799,Bromley 004A,753.0,0.7463479415670651,1,0.1570108024687499,0.0785054012343749,True,1.0785054012343749,562.0,76.1585888753471,0.247,76.1585888753471,76.15221017637695,76.14033573234113,76.12950874922859
E01000802,Bromley 004B,804.0,0.7686567164179104,0,0.0,,False,1.0,618.0,77.65129870129869,0.203,77.65129870129869,77.31139291284516,76.67863186214586,76.10168752778101
E01000803,Bromley 004C,746.0,0.7359249329758714,0,0.0,,False,1.0,549.0,68.98149350649349,0.24,68.98149350649349,68.92859677062371,68.83012538442048,68.74034029365957
E01000804,Bromley 004D,559.0,1.2361359570661896,0,0.0,,False,1.0,691.0,86.82370129870128,0.074,86.82370129870128,85.35070841734245,82.60861765295218,80.10841045928758
E01000805,Bromley 004E,798.0,0.6917293233082706,0,0.0,,False,1.0,552.0,69.35844155844154,0.26,69.35844155844154,69.44061759704485,69.59359468156437,69.73307744856409
E01000741,Bromley 005B,931.0,0.5424274973147154,0,0.0,,False,1.0,505.00000000000006,63.452922077922075,0.245,63.452922077922075,63.43522390267377,63.4022773735295,63.37223710271046
E01000742,Bromley 005C,1018.0,0.6483300589390962,0,0.0,,False,1.0,660.0,82.92857142857142,0.26,82.92857142857142,83.02682538777101,83.20973277143565,83.37650564502229
E01000745,Bromley 005D,898.0,0.7104677060133631,0,0.0,,False,1.0,638.0,80.1642857142857,0.236,80.1642857142857,80.07152357182424,79.8988396319711,79.741388378257
E01000746,Bromley 005E,964.0,0.6286307053941909,0,0.0,,False,1.0,606.0,76.14350649350648,0.192,76.14350649350648,75.72846875737054,74.95584374503377,74.25137304007553
E01034383,Bromley 005F,628.0,0.5509554140127388,0,0.0,,False,1.0,346.0,43.47467532467532,0.3,43.47467532467532,43.69587694443534,44.107660956624564,44.48312093879642
E01034384,Bromley 005G,623.0,0.637239165329053,0,0.0,,False,1.0,397.0,49.8827922077922,0.206,49.8827922077922,49.679041382142124,49.29974337987578,48.953903772330996
E01000709,Bromley 006A,733.0,0.7639836289222374,0,0.0,,False,1.0,560.0,70.36363636363635,0.184,70.36363636363635,69.92517370480736,69.10894137774018,68.36471001883082
E01000710,Bromley 006B,1158.0,0.886873920552677,0,0.0,,False,1.0,1027.0,129.0418831168831,0.142,129.0418831168831,127.70890643068233,125.22746669893922,122.96491815440599
E01000711,Bromley 006C,1026.0,0.776803118908382,0,0.0,,False,1.0,797.0,100.14253246753245,0.158,100.14253246753245,99.26443297807246,97.62978251184428,96.13932679540132
E01000714,Bromley 006D,1092.0,0.7701465201465202,0,0.0,,False,1.0,841.0,105.67110389610387,0.172,105.67110389610387,104.88888857244169,103.43273393522446,102.10502868697456
E01000718,Bromley 006E,928.0,0.8696120689655172,0,0.0,,False,1.0,807.0,101.39902597402595,0.282,101.39902597402595,101.7368461870324,102.36572477689685,102.93912912759873
E01000645,Bromley 007A,541.0,1.7245841035120149,0,0.0,,False,1.0,933.0,117.23084415584414,0.02,117.23084415584414,114.62424854238871,109.77186816186536,105.34752288076409
E01000649,Bromley 007B,817.0,1.4357405140758874,0,0.0,,False,1.0,1173.0,147.3866883116883,0.083,147.3866883116883,145.01566402201578,140.6018179748725,136.57732331477342
E01000694,Bromley 007C,885.0,1.3875706214689263,0,0.0,,False,1.0,1227.9999999999998,154.29740259740254,0.072,154.29740259740254,151.64958289847496,146.72046067793718,142.2261430593222
E01000695,Bromley 007D,620.0,1.4629032258064516,0,0.0,,False,1.0,907.0,113.96396103896103,0.059,113.96396103896103,111.86371326925084,107.95393876515362,104.38905080896524
E01000696,Bromley 007E,688.0,1.431686046511628,0,0.0,,False,1.0,985.0,123.76461038961038,0.034,123.76461038961038,121.18181795318405,116.37374903724454,111.98980644592767
E01000697,Bromley 007F,776.0,1.240979381443299,0,0.0,,False,1.0,963.0,121.00032467532466,0.073,121.00032467532466,118.93570666934993,115.09225974043163,111.58784851344352
E01000674,Bromley 008A,799.0,0.853566958698373,0,0.0,,False,1.0,682.0,85.69285714285712,0.217,85.69285714285712,85.43481911823442,84.95446127459924,84.51647645229272
E01000676,Bromley 008B,968.0,0.5826446280991735,0,0.0,,False,1.0,564.0,70.86623376623375,0.261,70.86623376623375,70.95711146426399,71.12628736430487,71.28054002718892
E01000820,Bromley 008C,702.0,1.0883190883190883,0,0.0,,False,1.0,764.0,95.99610389610388,0.199,95.99610389610388,95.53842701683881,94.68642592464755,93.90958101222893
E01000822,Bromley 008D,713.0,0.9424964936886396,0,0.0,,False,1.0,672.0000000000001,84.43636363636364,0.208,84.43636363636364,84.10795442011081,83.49659513234782,82.93916468218599
E01000823,Bromley 008E,733.0,1.0613915416098227,0,0.0,,False,1.0,778.0000000000001,97.75519480519479,0.13,97.75519480519479,96.63093428976573,94.53803593625658,92.62975500441958
E01000824,Bromley 008F,577.0,0.9393414211438474,0,0.0,,False,1.0,542.0,68.10194805194804,0.192,68.10194805194804,67.73074268398487,67.03971503268698,66.40964387412697
E01000825,Bromley 008G,811.0,0.8051787916152897,0,0.0,,False,1.0,653.0,82.04902597402595,0.198,82.04902597402595,81.64983757809546,80.90671734473558,80.2291487619111
E01000743,Bromley 009A,851.0,0.63689776733255,0,0.0,,False,1.0,542.0,68.10194805194804,0.435,68.10194805194804,69.34559457490013,71.66073926290908,73.77166187659633
E01000744,Bromley 009B,661.0,0.642965204236006,0,0.0,,False,1.0,424.99999999999994,53.40097402597401,0.468,53.40097402597401,54.54811912511879,56.68361891034424,58.63074334343247
E01000796,Bromley 009C,617.0,0.646677471636953,0,0.0,,False,1.0,399.0,50.1340909090909,0.49,50.1340909090909,51.31868508606082,53.52389924108315,55.53458844421166
E01000798,Bromley 009D,735.0,0.601360544217687,0,0.0,,False,1.0,441.99999999999994,55.537012987012965,0.356,55.537012987012965,56.12307360776838,57.21407101575566,58.20883005259803
E01000800,Bromley 009E,800.0,0.67625,0,0.0,,False,1.0,541.0,67.97629870129869,0.296,67.97629870129869,68.29563309382381,68.89009889170838,69.43212604980249
E01000806,Bromley 009F,778.0,0.5141388174807198,1,0.5168306327098765,0.2584153163549382,True,1.258415316354938,400.0,63.24762693887805,0.389,63.24762693887805,64.11872374867981,65.74033818231082,67.21890779239305
E01000693,Bromley 010A,645.0,1.2728682170542636,0,0.0,,False,1.0,821.0,103.15811688311686,0.075,103.15811688311686,101.41807153506588,98.17884184231322,95.22534902401371
E01000698,Bromley 010B,437.0,1.7048054919908466,0,0.0,,False,1.0,745.0,93.60876623376622,0.029,93.60876623376622,91.60961127376054,87.88802889424525,84.49473237834802
E01000736,Bromley 010C,629.0,1.2798092209856915,0,0.0,,False,1.0,805.0,101.14772727272725,0.256,101.14772727272725,101.228086795952,101.37768229587189,101.51408177246721
E01000737,Bromley 010D,583.0,1.1749571183533447,0,0.0,,False,1.0,685.0,86.06980519480517,0.302,86.06980519480517,86.52453087515501,87.37103808112876,88.14287373053519
E01000672,Bromley 011A,695.0,1.139568345323741,0,0.0,,False,1.0,792.0,99.5142857142857,0.107,99.5142857142857,98.14644727417564,95.60010967725277,93.27838799684709
E01000673,Bromley 011B,635.0,1.1968503937007875,0,0.0,,False,1.0,760.0000000000001,95.49350649350649,0.096,95.49350649350649,94.07843199943169,91.44416081575348,89.04226229035582
E01000716,Bromley 011C,709.0,1.214386459802539,0,0.0,,False,1.0,861.0000000000001,108.1840909090909,0.075,108.1840909090909,106.35926868659163,102.96222025119573,99.86483009704729
E01000717,Bromley 011D,865.0,0.976878612716763,0,0.0,,False,1.0,845.0,106.17370129870129,0.119,106.17370129870129,104.8386551115737,102.35336284296487,100.08730159910357
E01000828,Bromley 011E,770.0,1.1116883116883116,1,0.0351496913576388,0.0351496913576388,True,1.0351496913576388,856.0,111.33639888163236,0.12,111.33639888163236,109.94730041433745,107.36138562397937,105.00357790841508
E01000712,Bromley 012A,881.0,0.9523269012485812,0,0.0,,False,1.0,839.0,105.41980519480518,0.092,105.41980519480518,103.8164893971041,100.83179239217264,98.11037958573036
E01000713,Bromley 012B,888.0,1.0518018018018018,0,0.0,,False,1.0,934.0,117.35649350649348,0.085,117.35649350649348,115.49147155610437,112.0195882019708,108.85396441945558
E01000715,Bromley 012C,927.0,0.929881337648328,0,0.0,,False,1.0,862.0000000000001,108.30974025974025,0.098,108.30974025974025,106.72588589757865,103.77741786790561,101.08903822934253
E01000770,Bromley 012D,690.0,1.127536231884058,0,0.0,,False,1.0,778.0,97.75519480519479,0.057,97.75519480519479,95.93458106141897,92.54536703634896,89.45512020849345
E01000772,Bromley 012E,755.0,1.1589403973509933,0,0.0,,False,1.0,874.9999999999999,109.94318181818178,0.072,109.94318181818178,108.05650247244756,104.54430219315556,101.34191789650401
E01000700,Bromley 013A,670.0,0.8865671641791045,0,0.0,,False,1.0,594.0,74.63571428571427,0.175,74.63571428571427,74.10508318601492,73.1172721407629,72.21659725669518
E01000702,Bromley 013B,640.0,0.9359375,0,0.0,,False,1.0,599.0,75.26396103896103,0.142,75.26396103896103,74.48649946638629,73.039194306392,71.71955791089502
E01000703,Bromley 013C,701.0,0.9643366619115548,0,0.0,,False,1.0,675.9999999999999,84.93896103896101,0.129,84.93896103896101,83.95380868663938,82.11987099352136,80.44770744860462
E01000706,Bromley 013D,610.0,0.9540983606557376,0,0.0,,False,1.0,581.9999999999999,73.12792207792205,0.174,73.12792207792205,72.60087487598146,71.61973553503242,70.72514383512069
E01000797,Bromley 013E,689.0,1.0246734397677797,0,0.0,,False,1.0,706.0000000000002,88.70844155844156,0.114,88.70844155844156,87.54972506529815,85.39268423054261,83.42591891331823
E01000729,Bromley 014A,834.0,0.9292565947242206,0,0.0,,False,1.0,775.0,97.37824675324673,0.384,97.37824675324673,98.67190619508328,101.08015381977904,103.27596663297342
E01000730,Bromley 014B,666.0,0.9774774774774776,0,0.0,,False,1.0,651.0000000000001,81.79772727272727,0.384,81.79772727272727,82.88440120386998,84.90732920861441,86.7518119716977
E01000735,Bromley 014C,555.0,1.2396396396396396,0,0.0,,False,1.0,688.0,86.44675324675323,0.321,86.44675324675323,87.0637466774622,88.21232791600542,89.25959123507815
E01000738,Bromley 014D,645.0,1.324031007751938,0,0.0,,False,1.0,854.0,107.30454545454543,0.181,107.30454545454543,106.60447712786547,105.30124551193234,104.11297373643855
E01000739,Bromley 014E,637.0,0.976452119309262,0,0.0,,False,1.0,621.9999999999999,78.15389610389607,0.411,78.15389610389607,79.39807395707308,81.71420775760326,83.82603223284559
E01000699,Bromley 015A,665.0,0.7924812030075188,0,0.0,,False,1.0,527.0,66.21720779220779,0.241,66.21720779220779,66.17289234532133,66.09039569570066,66.01517618819446
E01000701,Bromley 015B,607.0,0.9522240527182868,0,0.0,,False,1.0,578.0000000000001,72.62532467532468,0.13,72.62532467532468,71.7900771458671,70.23519893464821,68.81747865366906
E01000704,Bromley 015C,598.0,0.9966555183946488,0,0.0,,False,1.0,596.0,74.88701298701297,0.115,74.88701298701297,73.91614063488585,72.1087862723083,70.46086110604477
E01000705,Bromley 015D,569.0,0.8875219683655536,0,0.0,,False,1.0,505.0,63.45292207792206,0.252,63.45292207792206,63.47856666180685,63.526306048410184,63.5698342785318
E01000801,Bromley 015E,651.0,0.8632872503840245,0,0.0,,False,1.0,562.0,70.61493506493505,0.233,70.61493506493505,70.51255085304805,70.32195468290517,70.14817126119479
E01000646,Bromley 016A,783.0,1.0651340996168583,0,0.0,,False,1.0,834.0000000000001,104.79155844155842,0.096,104.79155844155842,103.23870037832371,100.3479343688663,97.71216677652203
E01000647,Bromley 016B,651.0,1.1597542242703534,0,0.0,,False,1.0,755.0,94.86525974025972,0.118,94.86525974025972,93.66315074007143,91.42533137996301,89.38491312141237
E01000648,Bromley 016C,727.0,1.2709766162310867,0,0.0,,False,1.0,924.0,116.09999999999997,0.084,116.09999999999997,114.24361696826472,110.78781563282573,107.63685525217566
E01000653,Bromley 016D,595.0,1.4840336134453782,0,0.0,,False,1.0,883.0,110.94837662337659,0.087,110.94837662337659,109.20684504801405,105.96484862757633,103.0088331384189
E01000678,Bromley 016E,699.0,1.1301859799713876,0,0.0,,False,1.0,789.9999999999999,99.26298701298698,0.092,99.26298701298698,97.75330944423389,94.94292728226029,92.38045276844692
E01000670,Bromley 018A,836.0,1.069377990430622,0,0.0,,False,1.0,894.0,112.33051948051946,0.063,112.33051948051946,110.3042199518818,106.53210584754217,103.09273507926979
E01000677,Bromley 018C,800.0,0.89875,1,1.1574074074074072e-05,1.1574074074074072e-05,True,1.000011574074074,719.0,90.34292874053028,0.111,90.34292874053028,89.13641509113396,86.89039613409157,84.84250157624928
E01000762,Bromley 018D,746.0,1.1648793565683646,0,0.0,,False,1.0,869.0,109.1892857142857,0.097,109.1892857142857,107.58191458623392,104.58966826857869,101.86137208459682
E01000829,Bromley 018E,702.0,1.0085470085470083,0,0.0,,False,1.0,707.9999999999998,88.95974025974022,0.103,88.95974025974022,87.70225234213427,85.36134082189756,83.22692430343868
E01034385,Bromley 018F,577.0,1.072790294627383,0,0.0,,False,1.0,619.0,77.77694805194804,0.108,77.77694805194804,76.71548208416414,74.73948066296941,72.93778502542145
E01034386,Bromley 018G,651.0,0.4178187403993855,1,0.0168753858020833,0.0084376929010416,True,1.0084376929010417,271.99999999999994,34.46499522906987,0.269,34.46499522906987,34.536097704887496,34.668460491383065,34.78914737573691
E01000719,Bromley 019A,864.0,1.0,0,0.0,,False,1.0,864.0,108.56103896103895,0.31,108.56103896103895,109.2193390427967,110.44481582359421,111.56219162413603
E01000720,Bromley 019B,684.0,1.2105263157894737,0,0.0,,False,1.0,828.0,104.03766233766233,0.41,104.03766233766233,105.68374695690598,108.74806144814023,111.54206857369878
E01000721,Bromley 019C,614.0,0.9511400651465798,0,0.0,,False,1.0,584.0,73.37922077922076,0.431,73.37922077922076,74.69059665691803,77.13182480430771,79.35770888325337
E01000724,Bromley 019D,652.0,0.97239263803681,0,0.0,,False,1.0,634.0000000000001,79.66168831168831,0.472,79.66168831168831,81.40405286817119,84.64759994772331,87.60502931023727
E01000728,Bromley 019E,699.0,1.151645207439199,0,0.0,,False,1.0,805.0000000000001,101.14772727272727,0.258,101.14772727272727,101.24782706248787,101.4341706032433,101.6040765258116
E01000651,Bromley 020A,624.0,1.1746794871794872,0,0.0,,False,1.0,733.0,92.10097402597401,0.109,92.10097402597401,90.85300731885644,88.52982027215684,86.41156472722113
E01000668,Bromley 020B,974.0,0.9938398357289528,0,0.0,,False,1.0,968.0000000000001,121.6285714285714,0.135,121.6285714285714,120.28909198642823,117.79554686895075,115.52196077128897
E01000669,Bromley 020C,744.0,1.1115591397849462,1,0.0630551697530862,0.0210183899176954,True,1.0210183899176954,827.0,106.09607619310664,0.112,106.09607619310664,104.68953507790415,102.07114944241222,99.68373517930314
E01000671,Bromley 020D,1017.0,0.904621435594887,0,0.0,,False,1.0,920.0,115.59740259740258,0.168,115.59740259740258,114.69658864956986,113.0196534531775,111.49064300035913
E01000679,Bromley 020E,677.0,1.1698670605612995,0,0.0,,False,1.0,791.9999999999998,99.51428571428566,0.095,99.51428571428566,98.02991839643839,95.26665323423548,92.74713946530353
E01000826,Bromley 021A,561.0,1.7237076648841354,0,0.0,,False,1.0,967.0,121.50292207792205,0.031,121.50292207792205,118.93175861604274,114.1453379403006,109.78113396835208
E01000827,Bromley 021B,782.0,1.108695652173913,1,0.041874614197145,0.041874614197145,True,1.041874614197145,867.0,113.49972319056941,0.105,113.49972319056941,111.91750194712782,108.97207409491656,106.28646645560994
E01000830,Bromley 021C,553.0,1.7703435804701628,0,0.0,,False,1.0,979.0,123.01071428571427,0.023,123.01071428571427,120.3116155079353,115.28703329549647,110.70567634121926
E01000831,Bromley 021D,775.0,1.096774193548387,0,0.0,,False,1.0,849.9999999999999,106.80194805194802,0.095,106.80194805194802,105.20887706688465,102.24325157714668,99.53922796150002
E01000833,Bromley 021E,498.0,1.7048192771084338,0,0.0,,False,1.0,849.0,106.67629870129868,0.038,106.67629870129868,104.49175364505231,100.4250531884951,96.71708193239981
E01000650,Bromley 022A,748.0,1.3943850267379678,0,0.0,,False,1.0,1043.0,131.0522727272727,0.114,131.0522727272727,129.34045785142487,126.15378137741632,123.24820598667267
E01000652,Bromley 022B,672.0,1.3973214285714286,0,0.0,,False,1.0,939.0,117.98474025974025,0.058,117.98474025974025,115.79888022851893,111.72973184381497,108.01952859465746
E01000807,Bromley 022C,633.0,1.2432859399684044,0,0.0,,False,1.0,787.0,98.88603896103893,0.107,98.88603896103893,97.52683586461642,94.99657363131051,92.68950928474575
E01000809,Bromley 022D,642.0,1.2523364485981308,0,0.0,,False,1.0,804.0,101.02207792207791,0.039,101.02207792207791,98.96317934528591,95.13037957844017,91.63567631281924
E01000722,Bromley 023A,760.0,1.1592105263157897,0,0.0,,False,1.0,881.0000000000001,110.69707792207792,0.291,110.69707792207792,111.16309320068387,112.03061687150523,112.82161509469651
E01000725,Bromley 023B,794.0,0.9143576826196472,0,0.0,,False,1.0,725.9999999999999,91.22142857142855,0.318,91.22142857142855,91.84579559318942,93.0081033447251,94.06788234233532
E01000731,Bromley 023C,514.0,1.2295719844357975,0,0.0,,False,1.0,631.9999999999999,79.41038961038957,0.28,79.41038961038957,79.65945470366422,80.1231087380071,80.54586321684855
E01000732,Bromley 023D,583.0,1.4562607204116638,0,0.0,,False,1.0,849.0,106.67629870129868,0.135,106.67629870129868,105.50148666991484,103.31448273939998,101.32039741200862
E01000733,Bromley 023E,635.0,1.2440944881889764,0,0.0,,False,1.0,790.0,99.262987012987,0.234,99.262987012987,99.12875236348492,98.87886412755445,98.65101887414457
E01000769,Bromley 024A,453.0,1.4591611479028697,0,0.0,,False,1.0,661.0,83.05422077922076,0.164,83.05422077922076,82.3745873637696,81.10939692377208,79.95581066013843
E01000773,Bromley 024B,609.0,1.1954022988505748,0,0.0,,False,1.0,728.0000000000001,91.47272727272727,0.077,91.47272727272727,89.94764022489663,87.10857211963209,84.51994208875693
E01000775,Bromley 024C,855.0,1.449122807017544,1,0.0,0.0,True,1.0,1239.0,155.67954545454543,0.131,155.67954545454543,153.90430142896017,150.59954666150622,147.58630882482115
E01000777,Bromley 024D,560.0,1.3625,0,0.0,,False,1.0,763.0,95.87045454545452,0.071,95.87045454545452,94.21591498618119,91.13586096676435,88.327502718297
E01000778,Bromley 024E,639.0,1.2488262910798122,0,0.0,,False,1.0,798.0,100.2681818181818,0.141,100.2681818181818,99.222647370399,97.27630371225976,95.50164968598968
E01000808,Bromley 025A,623.0,1.3723916532905296,0,0.0,,False,1.0,854.9999999999999,107.43019480519476,0.065,107.43019480519476,105.51325726362563,101.94472900040653,98.69098548820742
E01000810,Bromley 025B,595.0,1.4252100840336135,0,0.0,,False,1.0,848.0,106.55064935064932,0.016,106.55064935064932,104.13993550344962,99.65220425936116,95.56034191643165
E01000811,Bromley 025C,574.0,1.1637630662020906,0,0.0,,False,1.0,668.0,83.93376623376622,0.075,83.93376623376622,82.51799243047991,79.88241942833768,77.47933391966038
E01000813,Bromley 025D,622.0,1.287781350482315,0,0.0,,False,1.0,800.9999999999999,100.64512987012984,0.048,100.64512987012984,98.68230355286117,95.02834976611962,91.69671623247889
E01000815,Bromley 025E,561.0,1.5918003565062389,0,0.0,,False,1.0,893.0,112.20487012987012,0.017,112.20487012987012,109.67717835504268,104.97168360439225,100.68126697117653
E01000661,Bromley 026A,1180.0,0.911864406779661,0,0.0,,False,1.0,1076.0,135.19870129870128,0.36,135.19870129870128,136.67817240454593,139.4323228874568,141.94352599540346
E01000662,Bromley 026B,652.0,1.3358895705521472,0,0.0,,False,1.0,871.0,109.4405844155844,0.188,109.4405844155844,108.80133583364082,107.61132490087925,106.52628645748857
E01000663,Bromley 026C,664.0,1.1762048192771084,0,0.0,,False,1.0,781.0,98.13214285714284,0.197,98.13214285714284,97.6451303314103,96.7385186526616,95.91188042809803
E01000664,Bromley 026D,601.0,1.4193011647254576,0,0.0,,False,1.0,853.0,107.1788961038961,0.185,107.1788961038961,106.52148218116899,105.29765505430026,104.1817833894615
E01000763,Bromley 027A,527.0,1.5673624288425048,0,0.0,,False,1.0,826.0,103.78636363636362,0.035,103.78636363636362,101.63061657879217,97.61752583562786,93.9584353069016
E01000764,Bromley 027B,662.0,1.3066465256797584,0,0.0,,False,1.0,865.0,108.68668831168829,0.132,108.68668831168829,107.45791873811137,105.17046864795158,103.08479765381952
E01000766,Bromley 027C,645.0,1.5069767441860464,0,0.0,,False,1.0,972.0,122.1311688311688,0.029,122.1311688311688,119.5228753799936,114.6673343425589,110.24010721040841
E01000767,Bromley 027D,603.0,1.4643449419568824,0,0.0,,False,1.0,883.0000000000001,110.94837662337662,0.025,110.94837662337662,108.53560241958373,104.04403566151758,99.94867614053582
E01000834,Bromley 027E,463.0,1.5874730021598271,0,0.0,,False,1.0,735.0,92.3522727272727,0.054,92.3522727272727,90.60524858227858,87.35302731645962,84.38768892949429
E01000727,Bromley 028A,763.0,1.0498034076015728,0,0.0,,False,1.0,801.0,100.64512987012985,0.195,100.64512987012985,100.12600365459991,99.15960984566014,98.27846295424374
E01000734,Bromley 028B,510.0,1.392156862745098,0,0.0,,False,1.0,710.0,89.21103896103895,0.143,89.21103896103895,88.29821221495578,86.5989142607023,85.04951369943065
E01000790,Bromley 028C,1046.0,0.9588910133843211,1,0.036960262345679,0.036960262345679,True,1.036960262345679,1002.9999999999999,130.68426376375356,0.157,130.68426376375356,129.5256068480857,127.36867692143264,125.40201272895561
E01000812,Bromley 028D,675.0,1.1851851851851851,0,0.0,,False,1.0,800.0,100.51948051948051,0.128,100.51948051948051,99.34381091940988,97.15521055811412,95.15966962328102
E01000814,Bromley 028E,580.0,1.546551724137931,0,0.0,,False,1.0,897.0,112.7074675324675,0.033,112.7074675324675,110.34442388602538,105.94543442669921,101.93448583451882
E01000723,Bromley 029A,552.0,1.3333333333333333,0,0.0,,False,1.0,736.0,92.47792207792206,0.085,92.47792207792206,91.00826880652336,88.27239498570718,85.7778563305346
E01000726,Bromley 029B,579.0,1.2607944732297065,0,0.0,,False,1.0,730.0000000000001,91.72402597402598,0.162,91.72402597402598,90.95554635552696,89.52496180133389,88.22057106416794
E01000787,Bromley 029C,670.0,1.0805970149253732,0,0.0,,False,1.0,724.0,90.97012987012985,0.256,90.97012987012985,91.04240352828478,91.17694656175311,91.2996213705171
E01000788,Bromley 029D,614.0,1.228013029315961,0,0.0,,False,1.0,754.0000000000001,94.73961038961039,0.196,94.73961038961039,94.2601895839831,93.36771048241783,92.55395818110594
E01000791,Bromley 029E,624.0,1.3125,0,0.0,,False,1.0,819.0,102.90681818181817,0.129,102.90681818181817,101.71326821650541,99.49138216522782,97.4654917165787
E01000832,Bromley 030A,586.0,1.4300341296928327,0,0.0,,False,1.0,838.0,105.29415584415582,0.054,105.29415584415582,103.30231062850265,99.59433590638525,96.21344669784519
E01000835,Bromley 030B,699.0,1.1802575107296138,3,0.3185713734537037,0.0530952289089506,True,1.0530952289089506,825.0000000000001,109.1646036395796,0.15,109.1646036395796,108.12217469862081,106.18161218286767,104.41222933651953
E01000836,Bromley 030C,493.0,1.488843813387424,0,0.0,,False,1.0,734.0,92.22662337662337,0.051,92.22662337662337,90.45497733590365,87.15692049699719,84.14978975543612
E01000837,Bromley 030D,652.0,1.156441717791411,0,0.0,,False,1.0,754.0,94.73961038961038,0.112,94.73961038961038,93.48362466391104,91.14550959069426,89.01364284084504
E01000838,Bromley 030E,545.0,1.4605504587155964,0,0.0,,False,1.0,796.0,100.01688311688311,0.043,100.01688311688311,98.01751022890159,94.29552215951676,90.90185574020738
E01000839,Bromley 030F,541.0,1.55268022181146,0,0.0,,False,1.0,839.9999999999998,105.54545454545449,0.04,105.54545454545449,103.40466574964637,99.41942097366334,95.78572008132888
E01000840,Bromley 030G,687.0,1.279475982532751,0,0.0,,False,1.0,879.0,110.4457792207792,0.096,110.4457792207792,108.80913385197427,105.76239125927276,102.98440599108257
E01000841,Bromley 030H,660.0,1.3424242424242423,3,0.3246415894999999,0.0541069315833333,True,1.0541069315833334,885.9999999999999,117.34879640102481,0.045,117.34879640102481,115.02585454439665,110.70151768446594,106.75863648394818
E01000753,Bromley 031A,756.0,1.4801587301587302,0,0.0,,False,1.0,1119.0,140.60162337662337,0.044,140.60162337662337,137.80466726681286,132.59791602301797,127.85045941639731
E01000754,Bromley 031B,735.0,1.2190476190476192,0,0.0,,False,1.0,896.0000000000001,112.58181818181816,0.096,112.58181818181816,110.91351983090892,107.8078527512041,104.9761408054721
E01000755,Bromley 031C,631.0,1.4199683042789224,0,0.0,,False,1.0,896.0,112.58181818181816,0.067,112.58181818181816,110.5949290944691,106.89618059049698,103.52370374280098
E01000757,Bromley 031D,603.0,1.4859038142620231,0,0.0,,False,1.0,895.9999999999999,112.58181818181815,0.031,112.58181818181815,110.1994371457852,105.7644496323778,101.72067842362301
E01000758,Bromley 031E,554.0,1.3411552346570397,0,0.0,,False,1.0,743.0,93.35746753246751,0.026,93.35746753246751,91.33634958414252,87.57388139438953,84.1433056614063
E01000786,Bromley 032A,636.0,1.400943396226415,0,0.0,,False,1.0,891.0,111.9535714285714,0.106,111.9535714285714,110.4038286011597,107.51886184537649,104.88838194662071
E01000789,Bromley 032B,662.0,0.8821752265861027,0,0.0,,False,1.0,584.0,73.37922077922076,0.547,73.37922077922076,75.52120821977898,79.50868436615124,83.14441979664595
E01000792,Bromley 032C,573.0,1.2844677137870857,0,0.0,,False,1.0,736.0000000000001,92.47792207792207,0.237,92.47792207792207,92.37993532695883,92.19752537219986,92.03120604863594
E01000793,Bromley 032D,629.0,1.424483306836248,0,0.0,,False,1.0,895.9999999999999,112.58181818181815,0.037,112.58181818181815,110.26535247056584,105.95307145873097,102.021182643486
E01000795,Bromley 032E,534.0,1.303370786516854,0,0.0,,False,1.0,696.0,87.45194805194804,0.212,87.45194805194804,87.14594465687618,86.57629554715028,86.05689596326452
E01000665,Bromley 033A,743.0,1.3593539703903097,0,0.0,,False,1.0,1010.0000000000001,126.90584415584415,0.147,126.90584415584415,125.65685054962042,123.33175185039991,121.21175328242255
E01000666,Bromley 033B,803.0,1.6662515566625156,0,0.0,,False,1.0,1338.0,168.11883116883112,0.066,168.11883116883112,165.13539733367585,159.58150330670557,154.51752585584623
E01000667,Bromley 033C,627.0,1.8022328548644335,0,0.0,,False,1.0,1129.9999999999998,141.98376623376618,0.045,141.98376623376618,139.17317044018847,133.94102786466314,129.17041973035649
E01000756,Bromley 033D,649.0,1.5793528505392913,0,0.0,,False,1.0,1025.0,128.7905844155844,0.054,128.7905844155844,126.35425822698714,121.81884761819198,117.68351177242401
E01000759,Bromley 034A,577.0,1.7192374350086654,0,0.0,,False,1.0,992.0,124.64415584415582,0.048,124.64415584415582,122.21328979330623,117.68804365541908,113.56197565870046
E01000760,Bromley 034B,581.0,1.419965576592083,1,0.3399467592268514,0.0849866898067128,True,1.0849866898067129,825.0000000000001,112.47049525585656,0.109,112.47049525585656,110.94652186581673,108.10952692110956,105.52278717446805
E01000761,Bromley 034C,573.0,1.5549738219895288,0,0.0,,False,1.0,891.0,111.9535714285714,0.037,111.9535714285714,109.65003242329705,105.3618154796086,101.45186800819867
E01000765,Bromley 034D,703.0,1.351351351351351,0,0.0,,False,1.0,949.9999999999998,119.36688311688306,0.095,119.36688311688306,117.58639201592989,114.27186940975216,111.2497253687353
E01000768,Bromley 034E,611.0,1.3338788870703764,0,0.0,,False,1.0,815.0,102.40422077922076,0.107,102.40422077922076,100.9966597581479,98.37637548858713,95.98723007251309
E01000681,Bromley 035A,650.0,1.416923076923077,0,0.0,,False,1.0,921.0,115.72305194805192,0.044,115.72305194805192,113.42099960029904,109.13555018516492,105.22812611483637
E01000682,Bromley 035B,640.0,1.278125,0,0.0,,False,1.0,818.0,102.78116883116881,0.048,102.78116883116881,100.77668452714164,97.04518115940807,93.64283879921067
E01000683,Bromley 035C,705.0,1.198581560283688,0,0.0,,False,1.0,845.0,106.17370129870129,0.131,106.17370129870129,104.96298200764437,102.70913392168907,100.65410085308623
E01000684,Bromley 035D,752.0,1.4893617021276595,0,0.0,,False,1.0,1120.0,140.7272727272727,0.044,140.7272727272727,137.9278171035124,132.71641282017885,127.96471362499103
E01000794,Bromley 035E,605.0,1.4611570247933885,0,0.0,,False,1.0,884.0,111.07402597402596,0.039,111.07402597402596,108.81026186720489,104.59608898923024,100.75365405538832
E01000749,Bromley 036A,639.0,1.6306729264475743,0,0.0,,False,1.0,1042.0,130.92662337662335,0.098,130.92662337662335,129.01203376482246,125.44787635540331,122.19811813802195
E01000750,Bromley 036B,653.0,1.0382848392036754,0,0.0,,False,1.0,678.0,85.19025974025972,0.364,85.19025974025972,86.15574346095254,87.95306646718363,89.59184515674212
E01000751,Bromley 036C,887.0,1.2153325817361893,0,0.0,,False,1.0,1078.0,135.45,0.077,135.45,133.1916980253277,128.98769333099366,125.15452963142852
E01000752,Bromley 036D,784.0,1.246173469387755,0,0.0,,False,1.0,977.0,122.75941558441555,0.099,122.75941558441555,120.97623717740329,117.65671194207582,114.6300065606577
E01000680,Bromley 037A,647.0,1.758887171561051,0,0.0,,False,1.0,1138.0,142.988961038961,0.071,142.988961038961,140.5212467290619,135.92740469223833,131.73879173449802
E01000685,Bromley 037B,613.0,1.33442088091354,1,0.0224340277773919,0.0224340277773919,True,1.022434027777392,818.0,105.08696442772008,0.139,105.08696442772008,103.97067364304361,101.89261156292582,99.99785817654497
E01000686,Bromley 037C,641.0,1.2589703588143526,0,0.0,,False,1.0,807.0,101.39902597402595,0.132,101.39902597402595,100.25264788630737,98.118575952482,96.17275341807209
E01000687,Bromley 037D,660.0,1.309090909090909,0,0.0,,False,1.0,864.0,108.56103896103895,0.072,108.56103896103895,106.69807786993681,103.23003096558449,100.06790521437657
E01000688,Bromley 037E,508.0,1.6338582677165354,0,0.0,,False,1.0,830.0,104.28896103896102,0.064,104.28896103896102,102.41789764355512,98.9347676698392,95.75888934741258
E01000654,Bromley 039A,490.0,1.7224489795918367,0,0.0,,False,1.0,844.0,106.04805194805193,0.131,106.04805194805193,104.83876546088975,102.58758465077584,100.53498357397017
E01000655,Bromley 039B,490.0,1.7244897959183674,0,0.0,,False,1.0,845.0,106.17370129870129,0.118,106.17370129870129,104.82829453690115,102.3237152530712,100.04006832793836
E01000656,Bromley 039C,563.0,1.7850799289520427,0,0.0,,False,1.0,1005.0,126.27759740259738,0.075,126.27759740259738,124.14757843208429,120.18238252317269,116.56696195996808
E01000657,Bromley 039D,676.0,1.3994082840236686,0,0.0,,False,1.0,946.0,118.86428571428569,0.185,118.86428571428569,118.13519594769737,116.77793866514423,115.54040690085647
E01000659,Bromley 039E,523.0,1.7609942638623326,0,0.0,,False,1.0,921.0,115.72305194805192,0.117,115.72305194805192,114.245345774216,111.49448084945142,108.98627347608053
E01000816,Bromley 040A,613.0,1.1647634584013051,0,0.0,,False,1.0,714.0,89.71363636363635,0.167,89.71363636363635,89.00577202939809,87.68802753930566,86.4865230900999
E01000818,Bromley 040B,639.0,1.402190923317684,0,0.0,,False,1.0,896.0,112.58181818181816,0.08,112.58181818181816,110.73774563149385,107.30486121426225,104.17479621917079
E01000819,Bromley 040C,756.0,0.906084656084656,2,0.2879888117253084,0.0719972029313271,True,1.0719972029313272,685.0,92.26659042567536,0.317,92.26659042567536,92.88910758032038,94.04797166040463,95.10461075752454
E01032562,Bromley 040D,620.0,0.932258064516129,0,0.0,,False,1.0,578.0,72.62532467532466,0.365,72.62532467532466,73.45549354559846,75.00091743791356,76.41001737836963
E01032563,Bromley 040E,566.0,1.3692579505300353,0,0.0,,False,1.0,775.0,97.37824675324673,0.08,97.37824675324673,95.78320632188361,92.81391455474692,90.10654806903723
E01000707,Bromley 041A,530.0,1.139622641509434,1,0.0659209104934412,0.021973636831147,True,1.021973636831147,604.0,77.5598356045477,0.032,77.5598356045477,75.92613470286713,72.88487346463108,70.11188603314397
E01000708,Bromley 041B,713.0,1.0617110799438991,1,0.0223506944440586,0.0111753472220293,True,1.0111753472220293,757.0000000000001,96.1795190087073,0.109,96.1795190087073,94.87628808309734,92.45022239723596,90.23816327838247
E01000771,Bromley 041C,622.0,1.2491961414790995,0,0.0,,False,1.0,776.9999999999999,97.62954545454542,0.058,97.62954545454542,95.82079865554759,92.4536758707606,89.38357158471653
E01000774,Bromley 041D,582.0,1.2061855670103092,0,0.0,,False,1.0,702.0,88.20584415584415,0.102,88.20584415584415,86.950405668855,84.61330932304153,82.48237143726031
E01032568,Bromley 041E,642.0,1.0218068535825544,0,0.0,,False,1.0,655.9999999999999,82.425974025974,0.313,82.425974025974,82.94992417552692,83.92529811268031,84.81463298293804
E01000658,Bromley 042A,561.0,1.5098039215686274,0,0.0,,False,1.0,847.0,106.42499999999998,0.087,106.42499999999998,104.75447084447102,101.64465094853587,98.809152512164
E01000747,Bromley 042B,791.0,1.6510745891276866,0,0.0,,False,1.0,1306.0,164.0980519480519,0.164,164.0980519480519,162.75523615292454,160.2554801549869,157.9762310471116
E01000748,Bromley 042C,705.0,1.778723404255319,0,0.0,,False,1.0,1254.0,157.56428571428566,0.06,157.56428571428566,154.67590062981043,149.29894724166124,144.3963022542554
E01032570,Bromley 042D,731.0,1.4774281805745555,1,0.1589783950594135,0.0794891975297067,True,1.0794891975297067,1080.0,146.48808603880394,0.163,146.48808603880394,145.27507824146403,143.01696992314632,140.9580524230952
E01000907,Camden 001A,616.0,0.4269480519480519,3,0.0229494598749998,0.0076498199583332,True,1.0076498199583332,263.0,33.29857348220101,0.388,33.29857348220101,33.75393869874116,34.60163645105305,35.37455762707939
E01000908,Camden 001B,772.0,0.466321243523316,3,0.1474093364189813,0.0278653549381429,True,1.027865354938143,359.99999999999994,46.4942211850591,0.357,46.4942211850591,46.989393690516565,47.91119580590921,48.75168449795746
E01000909,Camden 001C,644.0,0.8229813664596274,6,0.3065138888877312,0.0476338413064235,True,1.0476338413064235,530.0,69.76629129557159,0.136,69.76629129557159,69.00477220567376,67.58714521660819,66.29456904005598
E01000912,Camden 001D,682.0,0.4237536656891496,4,0.0407253086412036,0.0050906635801504,True,1.0050906635801504,289.0,36.49751788532297,0.389,36.49751788532297,37.00019083819616,37.935955619564815,38.789175311756935
E01000913,Camden 001E,684.0,1.1242690058479532,7,0.208066743825617,0.0297238205465167,True,1.0297238205465167,769.0,99.49639550847563,0.027,99.49639550847563,97.35208344700715,93.36027983808604,89.72059867642324
E01000893,Camden 002A,657.0,0.6986301369863014,0,0.0,,False,1.0,459.0,57.673051948051935,0.065,57.673051948051935,56.643959162577985,54.72822293706036,52.98147641998504
E01000894,Camden 002B,566.0,0.7508833922261484,2,0.099225308640432,0.024806327160108,True,1.024806327160108,425.0,54.725656058330756,0.036,54.725656058330756,53.59428939770331,51.488162402450165,49.56781974542146
E01000895,Camden 002C,782.0,0.3874680306905371,1,0.0694594907388116,0.0347297453694058,True,1.0347297453694058,303.0,39.39397554277983,0.158,39.39397554277983,39.0485495887964,38.40551232080575,37.81919824830926
E01000896,Camden 002D,659.0,0.7405159332321699,3,0.1114367283939042,0.0371455761313014,True,1.0371455761313013,487.99999999999994,63.59453406683539,0.037,63.59453406683539,62.286022977140775,59.85012785533692,57.62910636850781
E01000899,Camden 002E,706.0,0.9263456090651558,9,0.4358719135760026,0.0358326474619555,True,1.0358326474619555,654.0,85.11921149588505,0.041,85.11921149588505,83.4010362380226,80.20251941841506,77.28614813512598
E01000910,Camden 003A,557.0,0.7324955116696589,6,0.2331990740721447,0.0357381044235467,True,1.0357381044235467,408.0,53.09704666755205,0.1,53.09704666755205,52.33095100424508,50.904804367979224,49.60446007394003
E01000911,Camden 003B,630.0,0.5793650793650794,3,0.0508433641975307,0.0169477880658435,True,1.0169477880658435,365.00000000000006,46.639272663389846,0.274,46.639272663389846,46.75824671352409,46.97972615731761,47.18166859693796
E01000921,Camden 003C,922.0,0.3546637744034707,4,0.1446277006153548,0.0272778742280574,True,1.0272778742280575,327.0,42.20811289145663,0.185,42.20811289145663,41.9492167647417,41.46726149734998,41.02782016221778
E01000923,Camden 003D,632.0,0.5506329113924051,2,0.0564340277770061,0.028217013888503,True,1.028217013888503,348.00000000000006,44.95979044235325,0.184,44.95979044235325,44.67962883791497,44.158086230486845,43.68254960864045
E01000928,Camden 003E,752.0,0.4893617021276595,4,0.2003707561716819,0.0395160590274883,True,1.0395160590274883,367.99999999999994,48.06614255274634,0.248,48.06614255274634,48.0668071098178,48.068044234471365,48.06917223066993
E01000878,Camden 004A,764.0,0.7198952879581152,15,0.1853472222210643,0.0104184284978651,True,1.010418428497865,550.0,69.82713068369173,0.181,69.82713068369173,69.37156971628329,68.5235075585117,67.75025412172887
E01000879,Camden 004B,573.0,0.6108202443280978,5,0.1946658950590275,0.0264407021601465,True,1.0264407021601465,350.00000000000006,45.140062697270075,0.073,45.140062697270075,44.369841737238076,42.93601554040323,41.62866911031948
E01000880,Camden 004C,578.0,0.7076124567474048,8,0.1169058641959874,0.0120761477621768,True,1.0120761477621767,409.0,52.01118470657162,0.056,52.01118470657162,51.03744190932142,49.22474398998856,47.5719466294079
E01000884,Camden 004D,582.0,1.006872852233677,8,0.2156516203684408,0.0169071662806953,True,1.0169071662806952,586.0,74.87540291671058,0.096,74.87540291671058,73.76585864724535,71.7003557296915,69.81705364499494
E01000885,Camden 004E,528.0,1.056818181818182,8,0.1997438271589501,0.0161375144674719,True,1.0161375144674718,558.0000000000001,71.24377652571191,0.077,71.24377652571191,70.0559584289151,67.84474269649593,65.82858132330811
E01000871,Camden 005A,651.0,0.847926267281106,3,0.0860254629621912,0.0143375771603652,True,1.014337577160365,552.0,70.35287356600837,0.204,70.35287356600837,70.05178056260036,69.49127252870815,68.98020767387442
E01000872,Camden 005B,855.0,0.3742690058479532,4,0.0833684413572528,0.0131691743825713,True,1.0131691743825713,320.0,40.73729563491481,0.384,40.73729563491481,41.278486187118276,42.285954474136304,43.2045526078314
E01000873,Camden 005C,667.0,0.6776611694152923,5,0.2460864197507712,0.0340284722218749,True,1.0340284722218749,451.99999999999994,58.726102751603634,0.136,58.726102751603634,58.085090487798716,56.89179632413726,55.80376426812772
E01000874,Camden 005D,630.0,0.573015873015873,1,0.0729043209861111,0.0729043209861111,True,1.072904320986111,361.0,48.66631297792422,0.115,48.66631297792422,48.03537877631005,46.86084570892131,45.78991980726349
E01000877,Camden 005E,662.0,0.5181268882175226,3,0.1052773919749227,0.0179061213990483,True,1.0179061213990483,343.0,43.8694404092958,0.16,43.8694404092958,43.493333035058576,42.793179917982044,42.154788263440786
E01000886,Camden 006A,593.0,0.6627318718381113,3,0.2030779320964505,0.0603503086413965,True,1.0603503086413966,393.0,52.36030480246059,0.129,52.36030480246059,51.753011320017805,50.6224872892808,49.59168832705611
E01000887,Camden 006B,653.0,0.4777947932618683,3,0.179848765430941,0.0299747942384901,True,1.02997479423849,312.0,40.37768719335462,0.161,40.37768719335462,40.03545589623822,39.398365730369605,38.81747415799606
E01000888,Camden 006C,640.0,0.5546875,4,0.2392854938252312,0.0532021604934413,True,1.0532021604934414,355.0,46.9786294868154,0.203,46.9786294868154,46.77298826299496,46.39017113756814,46.04112283352232
E01000892,Camden 006D,816.0,0.5012254901960784,3,0.1669988425914348,0.0278331404319058,True,1.0278331404319059,409.0,52.82094576850108,0.263,52.82094576850108,52.89899116457277,53.04427873688875,53.17675029405665
E01000903,Camden 006E,623.0,0.4831460674157303,1,0.127930169751929,0.127930169751929,True,1.127930169751929,301.0,42.65883171554965,0.235,42.65883171554965,42.60530632052777,42.50566463643863,42.414812481366425
E01000889,Camden 007A,707.0,0.4526166902404526,1,0.0518873456782407,0.0259436728391203,True,1.0259436728391202,320.0,41.25093001441449,0.445,41.25093001441449,42.044488788527836,43.52176014064029,44.868719369529096
E01000890,Camden 007B,602.0,0.3239202657807309,1,0.0130736882716049,0.0130736882716049,True,1.013073688271605,195.0,24.821949962797618,0.614,24.821949962797618,25.708803617862653,27.3597506439448,28.86506537844361
E01000891,Camden 007C,615.0,0.3203252032520325,0,0.0,,False,1.0,197.0,24.752922077922076,0.486,24.752922077922076,25.328135201456803,26.3989391500445,27.375286020115652
E01000901,Camden 007D,732.0,0.3866120218579235,4,0.1825135030829473,0.0349937789344617,True,1.0349937789344617,283.0,36.80310183853284,0.533,36.80310183853284,37.82713029176465,39.733438869094215,41.471589363701845
E01000922,Camden 007E,687.0,0.3755458515283842,6,0.4218472222191356,0.0562809606477623,True,1.0562809606477623,257.99999999999994,34.2420223366352,0.307,34.2420223366352,34.43963737597727,34.80751313501326,35.14293807100042
E01000927,Camden 007F,688.0,0.4316860465116279,4,0.1885208333321757,0.0392032696756365,True,1.0392032696756366,297.0,38.78083916014545,0.179,38.78083916014545,38.5202595220904,38.03517026745682,37.59287139837692
E01000881,Camden 008A,599.0,0.4908180300500834,3,0.0992268518518516,0.0228429140946501,True,1.02284291409465,293.99999999999994,37.78474710385098,0.168,37.78474710385098,37.49030253639799,36.942171082909304,36.442391053421126
E01000882,Camden 008B,663.0,0.6018099547511312,3,0.0632125771593363,0.0210708590531121,True,1.0210708590531121,399.0,51.19045927239227,0.061,51.19045927239227,50.25705810379856,48.51945926251243,46.93513638775417
E01000883,Camden 008C,755.0,0.4105960264900662,2,0.0731219135794753,0.0365609567897376,True,1.0365609567897376,310.0,40.37539545002104,0.092,40.37539545002104,39.76133143004088,38.61820351731221,37.575912478737294
E01000897,Camden 008D,653.0,0.7641653905053599,8,0.3062719907380397,0.0217104552467206,True,1.0217104552467207,499.0,64.06025037144803,0.033,64.06025037144803,62.71715242999056,60.21687119472443,57.93714318142251
E01000898,Camden 008E,825.0,0.3296969696969697,3,0.0852407407399689,0.0162216435183898,True,1.0162216435183897,272.0,34.73102437770122,0.206,34.73102437770122,34.58916233310773,34.32507510823366,34.08428337808395
E01000866,Camden 009A,923.0,0.3889490790899241,8,0.2367179783935182,0.0295897472991897,True,1.0295897472991897,358.99999999999994,46.442854662830605,0.309,46.442854662830605,46.71994616208103,47.235773530021,47.70609906145883
E01000870,Camden 009B,728.0,0.4217032967032967,7,0.2755027006161261,0.0259532076718474,True,1.0259532076718474,307.0,39.5754787825599,0.315,39.5754787825599,39.83476850707828,40.317456487380824,40.75756590181744
E01000924,Camden 009C,726.0,0.4490358126721763,5,0.0888985339494596,0.0120212962961419,True,1.012021296296142,326.0,41.45410090367332,0.186,41.45410090367332,41.203874883498415,40.738059693476075,40.31333469744878
E01000925,Camden 009D,567.0,0.3738977072310405,3,0.0222569444444444,0.0074189814814814,True,1.0074189814814813,211.99999999999994,26.83528666125539,0.476,26.83528666125539,27.43270393111984,28.544842624330148,29.55887804475704
E01000926,Camden 009E,611.0,0.3715220949263502,4,0.2592048611103393,0.0598478009257329,True,1.0598478009257328,226.99999999999997,30.229405669975545,0.295,30.229405669975545,30.36846547138299,30.627336102709815,30.863371402152485
E01000969,Camden 010A,889.0,0.4949381327334083,8,0.2648962191334873,0.024137996720486,True,1.024137996720486,440.0,56.62020067583258,0.09,56.62020067583258,55.748021420619644,54.124391930702586,52.64398501520092
E01000970,Camden 010B,760.0,0.4078947368421052,4,0.0893996913568671,0.0136359953700809,True,1.0136359953700809,309.99999999999994,39.48243843004823,0.149,39.48243843004823,39.10156203748001,38.39253102201975,37.746044600634214
E01000971,Camden 010C,579.0,0.6183074265975821,3,0.0652947530848763,0.0177677469130657,True,1.0177677469130657,358.00000000000006,45.78170463110961,0.104,45.78170463110961,45.13902606838336,43.94262995973581,42.851769585543195
E01000972,Camden 010D,958.0,0.3455114822546973,5,0.1320312499988423,0.0173808641973765,True,1.0173808641973765,331.0,42.3128040782764,0.371,42.3128040782764,42.82124885401041,43.76775833235667,44.63077491713382
E01000973,Camden 010E,1121.0,0.3666369313113292,7,0.4338773148132711,0.0429066909169697,True,1.0429066909169697,411.0,53.85766543414949,0.238,53.85766543414949,53.80585501921438,53.70940590388548,53.621464696723635
E01000842,Camden 011A,705.0,0.5460992907801419,4,0.1283757716026232,0.0244576581786264,True,1.0244576581786264,385.0,49.55813921439105,0.073,49.55813921439105,48.712532999373174,47.138371289662494,45.70306853392561
E01000844,Camden 011B,821.0,0.4957369062119366,4,0.1340466820964502,0.0295199170519868,True,1.0295199170519869,406.99999999999994,52.64891318666927,0.085,52.64891318666927,51.812219998048775,50.254650579907405,48.83447648704327
E01000848,Camden 011C,741.0,0.5074224021592443,11,0.3168699845655858,0.0218149901794507,True,1.0218149901794507,376.0,48.27478663993253,0.081,48.27478663993253,47.4887639146715,46.02552150337702,44.69135370327976
E01000849,Camden 011D,738.0,0.3672086720867208,2,0.0191153549382715,0.0095576774691357,True,1.0095576774691357,270.99999999999994,34.376422253224185,0.114,34.376422253224185,33.927394779172225,33.09149522722087,32.329331516190514
E01000900,Camden 012A,716.0,0.4720670391061452,2,0.134761574074074,0.0350851658950617,True,1.0350851658950617,338.0,43.95952928898358,0.315,43.95952928898358,44.24754233620213,44.783701014765,45.27256440415272
E01000902,Camden 012B,545.0,0.3871559633027523,1,0.0458942901226851,0.0458942901226851,True,1.045894290122685,211.0,27.728763002775352,0.503,27.728763002775352,28.419128064322983,29.704296297845673,30.876098086557494
E01000904,Camden 012C,895.0,0.370949720670391,6,0.2583290895038577,0.0430548482506429,True,1.043054848250643,331.99999999999994,43.51164257228427,0.384,43.51164257228427,44.08969002251295,45.16577029059213,46.146928048807474
E01000905,Camden 012D,762.0,0.337270341207349,1,0.0,0.0,True,1.0,256.99999999999994,32.2918831168831,0.562,32.2918831168831,33.281770592567305,35.12452308595015,36.80472386556355
E01000906,Camden 012E,734.0,0.4373297002724796,8,0.1832422839494595,0.0125970293208911,True,1.012597029320891,321.0,40.841523104365685,0.141,40.841523104365685,40.41565301745255,39.622862741998325,38.90000557931841
E01000875,Camden 013A,768.0,0.41796875,3,0.0833626543206018,0.0277875514402006,True,1.0277875514402006,321.0,41.45420914050707,0.324,41.45420914050707,41.762214312705154,42.33558988617679,42.85838721735273
E01000876,Camden 013B,827.0,0.4328899637243047,4,0.181042052464506,0.0452605131161265,True,1.0452605131161266,358.0,47.01839709421651,0.395,47.01839709421651,47.69350071068088,48.95025857770168,50.09615611713587
E01000931,Camden 013C,926.0,0.3045356371490281,4,0.3572337962939812,0.0893084490734953,True,1.0893084490734952,282.0,38.59759359778792,0.537,38.59759359778792,39.68661853704009,41.71392312615609,43.56239640912715
E01000932,Camden 013D,879.0,0.3674630261660978,5,0.0966149691342589,0.0157299382713348,True,1.0157299382713347,322.99999999999994,41.223135718784114,0.229,41.223135718784114,41.14727607820791,41.00605745967524,40.87729592832117
E01000974,Camden 013E,764.0,0.4018324607329843,4,0.0664903549374998,0.0123351658949652,True,1.0123351658949653,307.0,39.05017166390095,0.39,39.05017166390095,39.59181237148177,40.60011865773144,41.51948086960166
E01000843,Camden 014A,652.0,0.4693251533742331,1,0.0061385030864197,0.0061385030864197,True,1.0061385030864196,305.99999999999994,38.684718770292186,0.243,38.684718770292186,38.66637908259386,38.63223832815045,38.60110917627662
E01000845,Camden 014B,697.0,0.5552367288378766,3,0.055297067900077,0.0142698045264274,True,1.0142698045264273,386.99999999999994,49.320186478609884,0.121,49.320186478609884,48.70965152349355,47.573093239371005,46.53679231349188
E01000846,Camden 014C,581.0,0.5524956970740104,0,0.0,,False,1.0,321.0,40.33344155844155,0.388,40.33344155844155,40.88501012214854,41.91179788440416,42.84801129604488
E01000847,Camden 014D,619.0,0.617124394184168,4,0.4588032407368825,0.1046930459095775,True,1.1046930459095774,382.0,53.02311420421962,0.295,53.02311420421962,53.26702848463058,53.72109388038507,54.13510554754155
E01000867,Camden 015C,768.0,0.2786458333333333,3,0.0699193672831788,0.0171285365224408,True,1.0171285365224407,214.0,27.349529590167364,0.334,27.349529590167364,27.579424902016267,28.007392897907685,28.397609252479704
E01000868,Camden 015D,746.0,0.3485254691689008,1,0.1495108024687499,0.0498369341562499,True,1.04983693415625,260.0,34.29694555675385,0.494,34.29694555675385,35.120718459930174,36.654235762247986,38.05247940926916
E01000869,Camden 015E,876.0,0.4166666666666667,3,0.0343244598761572,0.009297453703575,True,1.009297453703575,365.0,46.28841292951249,0.268,46.28841292951249,46.37939063800356,46.54875271529248,46.703175132475266
E01035707,Camden 015F,1126.0,0.4618117229129662,16,0.3059398148117275,0.0155472125769916,True,1.0155472125769915,519.9999999999999,66.35348086330964,0.19,66.35348086330964,65.97885619241056,65.28146324286864,64.64558827771468
E01000962,Camden 016A,757.0,0.4504623513870541,2,0.0591685956778549,0.0147921489194637,True,1.0147921489194638,340.99999999999994,43.480219323524295,0.064,43.480219323524295,42.700134394208774,41.24794565169239,39.92385646115622
E01000964,Camden 016B,751.0,0.4460719041278295,4,0.0708993055555552,0.0161641107253085,True,1.0161641107253085,334.99999999999994,42.77292082304629,0.233,42.77292082304629,42.71090459681107,42.59545657031071,42.490192371875345
E01000965,Camden 016C,812.0,0.437192118226601,8,0.2481296296269284,0.0241146797837335,True,1.0241146797837335,355.0,45.68116729937929,0.252,45.68116729937929,45.69962940464413,45.7339980489048,45.76533498812392
E01000966,Camden 016D,698.0,0.6088825214899714,1,0.0416763117276233,0.0208381558638116,True,1.0208381558638115,425.0,54.51375184600661,0.039,54.51375184600661,53.402724549796076,51.33446086266005,49.44864153963608
E01000968,Camden 016E,728.0,0.4656593406593406,3,0.0661458333325616,0.0159785236623585,True,1.0159785236623584,338.99999999999994,43.27573716066095,0.148,43.27573716066095,42.85404493688707,42.0690320784686,41.35326627624744
E01000960,Camden 017A,892.0,0.3565022421524663,2,0.1112843364193671,0.0375057870369405,True,1.0375057870369404,317.99999999999994,41.45509324269092,0.224,41.45509324269092,41.35858052635928,41.17891460166379,41.015097253524374
E01000961,Camden 017B,726.0,0.4903581267217631,3,0.3986385030860336,0.1141563143003471,True,1.114156314300347,356.0,49.837514199281614,0.37,49.837514199281614,50.43151519055619,51.53729421557773,52.545530962831094
E01000963,Camden 017C,828.0,0.5229468599033816,4,0.0292372685181327,0.0073093171295331,True,1.007309317129533,433.0,54.80384077295875,0.107,54.80384077295875,54.05055395050042,52.64825196727948,51.36964895687959
E01000967,Camden 017D,637.0,0.7708006279434851,3,0.1303780864189813,0.0217296810698302,True,1.0217296810698302,491.00000000000006,63.03441844410581,0.101,63.03441844410581,62.13109521797144,60.44948880494031,58.9162191898815
E01000857,Camden 018A,635.0,0.6015748031496063,4,0.1911219135779319,0.0449948881168016,True,1.0449948881168016,382.0,50.15771892527897,0.174,50.15771892527897,49.79622245903011,49.12326868307819,48.509677078639506
E01000858,Camden 018B,797.0,0.4127979924717691,5,0.1648510802449842,0.0235908950614196,True,1.0235908950614196,329.0,42.31385179607309,0.395,42.31385179607309,42.921406203272994,44.052415965730596,45.08365781261753
E01000859,Camden 018C,700.0,0.6142857142857143,3,0.2340825617268516,0.04230774176929,True,1.04230774176929,430.0,56.315075099944,0.098,56.315075099944,55.491558423248044,53.95851810644339,52.56070936939193
E01000860,Camden 018D,677.0,0.4091580502215657,2,0.1191489197515429,0.0404379822526041,True,1.0404379822526042,277.0,36.212308850486004,0.297,36.212308850486004,36.38595819717656,36.70921995616302,37.00396635396664
E01000862,Camden 018E,807.0,0.5700123915737298,7,0.3580243055513113,0.0375581735003581,True,1.037558173500358,460.0,59.969514950173284,0.098,59.969514950173284,59.09255801515741,57.460034502853226,55.97151811882422
E01000856,Camden 019A,645.0,0.3410852713178294,1,0.0170223765424382,0.0170223765424382,True,1.0170223765424382,219.99999999999997,28.113404265851678,0.392,28.113404265851678,28.508834545852043,29.244958754238557,29.916148441005863
E01000861,Camden 019B,696.0,0.2758620689655172,3,0.0610165895061728,0.0203388631687242,True,1.0203388631687242,191.99999999999997,24.615343795093786,0.245,24.615343795093786,24.60847812754032,24.595697153627956,24.584043606877177
E01000957,Camden 019C,652.0,0.3420245398773006,3,0.0169255401230709,0.0056418467076903,True,1.0056418467076902,222.99999999999997,28.177888640493617,0.365,28.177888640493617,28.49998573381411,29.099594514011535,29.646310984925815
E01000958,Camden 019D,954.0,0.3249475890985325,1,0.0613109567897376,0.0613109567897376,True,1.0613109567897376,310.0,41.339440092878185,0.261,41.339440092878185,41.39245311408504,41.49114097448368,41.58112344395563
E01000959,Camden 019E,686.0,0.2682215743440233,2,0.1852349537010029,0.0463087384252507,True,1.0463087384252507,183.99999999999997,24.190114495384815,0.443,24.190114495384815,24.65074730040396,25.508251078190682,26.290113276794333
E01000929,Camden 020A,728.0,0.4340659340659341,1,0.0815744598761574,0.0815744598761574,True,1.0815744598761574,316.0,42.94412462570618,0.461,42.94412462570618,43.837304725822506,45.500028921208106,47.01608194482407
E01000930,Camden 020B,1105.0,0.2642533936651584,1,0.0459961419745369,0.0229980709872684,True,1.0229980709872684,292.0,37.53340065384586,0.459,37.53340065384586,38.30671984331669,39.74631363511935,41.058918892743
E01000933,Camden 020C,815.0,0.4306748466257669,5,0.3276516203695984,0.0389138888888116,True,1.0389138888888116,351.0,45.81913828733425,0.332,45.81913828733425,46.195343677394106,46.89567925854458,47.534237281754685
E01000934,Camden 020D,719.0,0.2878998609179415,0,0.0,,False,1.0,206.99999999999994,26.00941558441557,0.535,26.00941558441557,26.738191022838716,28.094863159075405,29.331861393602317
E01000935,Camden 020E,706.0,0.3399433427762039,0,0.0,,False,1.0,239.99999999999997,30.155844155844147,0.485,30.155844155844147,30.853668764514584,32.15272352493828,33.33718689105074
E01000863,Camden 021A,694.0,0.3285302593659942,1,0.0361284722218363,0.0180642361109181,True,1.018064236110918,228.0,29.1655571225594,0.254,29.1655571225594,29.183036451471253,29.215575581146275,29.24524438975961
E01000946,Camden 021B,686.0,0.4723032069970845,2,0.7758055554749227,0.1799823495227622,True,1.1799823495227622,323.99999999999994,48.03754118245456,0.297,48.03754118245456,48.26789621663357,48.69672002138292,49.08771669274489
E01000947,Camden 021C,816.0,0.2536764705882353,1,0.0436315586415894,0.0218157793207947,True,1.0218157793207947,207.0,26.57683125506803,0.281,26.57683125506803,26.66278101766838,26.82278318279122,26.968671338441315
E01000948,Camden 021D,746.0,0.4597855227882037,8,0.1715054012314809,0.0151699218747105,True,1.0151699218747106,343.0,43.751516428432126,0.288,43.751516428432126,43.92289463927558,44.241928502316405,44.532819952649064
E01000952,Camden 022A,657.0,0.3409436834094368,3,0.2182773919726078,0.0593447145054011,True,1.0593447145054011,224.0,29.815738510079285,0.412,29.815738510079285,30.29330225368115,31.182324289911392,31.992924478342236
E01000954,Camden 022C,649.0,0.2958397534668721,0,0.0,,False,1.0,191.99999999999997,24.124675324675316,0.531,24.124675324675316,24.791224473751303,26.03205753467373,27.163435016901225
E01000955,Camden 022D,536.0,0.3078358208955223,2,0.0006454475304783,0.0003227237652391,True,1.000322723765239,164.99999999999994,20.738833612347175,0.443,20.738833612347175,21.133746464103353,21.868907439586575,22.539218861540313
E01000956,Camden 022E,604.0,0.2649006622516556,5,0.3441080246886572,0.065092785493287,True,1.065092785493287,159.99999999999997,21.412514700566334,0.416,21.412514700566334,21.763840431968692,22.417860594294474,23.014188745019357
E01035708,Camden 022F,734.0,0.2356948228882834,3,0.0,0.0,True,1.0,173.0,21.73733766233766,0.237,21.73733766233766,21.7143054504944,21.671429197541546,21.632335117410346
E01035709,Camden 022G,637.0,0.3218210361067504,1,0.0077334104934413,0.0077334104934413,True,1.0077334104934412,205.0,25.957314974512062,0.507,25.957314974512062,26.613707964476756,27.835634545637323,28.949773314500067
E01000944,Camden 023A,566.0,0.3356890459363957,0,0.0,,False,1.0,189.99999999999997,23.873376623376615,0.407,23.873376623376615,24.244112564829766,24.93426634218433,25.56354071241488
E01000949,Camden 023C,694.0,0.3054755043227665,1,0.1141010802457561,0.057050540122878,True,1.057050540122878,211.99999999999994,28.157355361636803,0.328,28.157355361636803,28.37755531515923,28.787474647774058,29.161234436303037
E01000951,Camden 023E,562.0,0.3594306049822064,3,0.3329911265397374,0.0756338091556069,True,1.0756338091556068,202.0,27.300843310691686,0.535,27.300843310691686,28.065804137608247,29.489838187707083,30.78825624968985
E01035710,Camden 023F,897.0,0.2809364548494983,2,0.1466616512341819,0.0366654128085454,True,1.0366654128085453,251.99999999999997,32.824596661928744,0.322,32.824596661928744,33.0620775926205,33.504166807721056,33.90725872947288
E01000850,Camden 026A,573.0,0.2356020942408377,6,0.3407870370351078,0.0420743634256365,True,1.0420743634256364,135.0,17.676355557523493,0.092,17.676355557523493,17.407518216581842,16.907056606041472,16.45074139756068
E01000851,Camden 026B,632.0,0.2373417721518987,8,0.3715995370354935,0.0310259452159287,True,1.0310259452159287,149.99999999999997,19.432161077852154,0.107,19.432161077852154,19.165063176220112,18.667839667184843,18.214476922853667
E01035711,Camden 026E,902.0,0.2117516629711751,9,0.5810185185142742,0.0435113597390046,True,1.0435113597390047,190.99999999999994,25.04325622656752,0.171,25.04325622656752,24.85543332755118,24.50578639900758,24.186982303483113
E01000915,Camden 027A,590.0,0.3152542372881356,1,0.0410034722210648,0.0410034722210648,True,1.0410034722210648,186.00000000000003,24.32906231734308,0.431,24.32906231734308,24.763852236221478,25.573247472338704,26.311244849427037
E01000916,Camden 027B,933.0,0.2197213290460878,0,0.0,,False,1.0,204.99999999999991,25.758116883116866,0.266,25.758116883116866,25.803716231514805,25.888602963614183,25.966001721159955
E01000917,Camden 027C,750.0,0.24,0,0.0,,False,1.0,180.0,22.616883116883113,0.522,22.616883116883113,23.22191006725483,24.34821477233323,25.375166601377263
E01000920,Camden 027D,817.0,0.3365973072215422,4,0.1054745370370369,0.0131843171296296,True,1.0131843171296295,274.99999999999994,35.009136672247,0.293,35.009136672247,35.16335147469927,35.450434318675065,35.7121931929644
E01000855,Camden 028A,810.0,0.1728395061728395,7,0.3605586419737652,0.0449452711638557,True,1.0449452711638556,140.0,18.38153727001873,0.082,18.38153727001873,18.084037959263174,17.530219863630077,17.0252548184663
E01000914,Camden 028B,766.0,0.2284595300261096,9,0.7648487654286261,0.0482627957816143,True,1.0482627957816142,174.99999999999997,23.049869429970713,0.163,23.049869429970713,22.859002908997702,22.50369004155969,22.17971980734768
E01000918,Camden 028C,815.0,0.2220858895705521,6,0.4221959876516201,0.0629204603905928,True,1.0629204603905928,180.99999999999994,24.173503080837605,0.227,24.173503080837605,24.124300749121396,24.032706783466235,23.949192446595543
E01000919,Camden 028D,713.0,0.2230014025245441,1,0.0024309413576388,0.0024309413576388,True,1.0024309413576389,158.99999999999994,20.02681269953232,0.267,20.02681269953232,20.064220218567165,20.133857223444995,20.197351453031345
E01000853,Camden 029H,720.0,0.1666666666666666,0,0.0,,False,1.0,119.99999999999996,15.07792207792207,0.418,15.07792207792207,15.328255659929084,15.794271084664134,16.2191786524267
E01000937,Camden 029G,418.0,0.1722488038277512,0,0.0,,False,1.0,72.0,9.046753246753244,0.129,9.046753246753244,8.941825777275199,8.746495135404642,8.56839487618274
E01000938,Camden 029A,625.0,0.2112,3,0.1079760802469134,0.0359920267489711,True,1.035992026748971,132.0,17.182667757936503,0.408,17.182667757936503,17.45117863072449,17.951032495415987,18.40679356813914
E01000939,Camden 029B,485.0,0.2721649484536082,1,0.0,0.0,True,1.0,132.0,16.585714285714282,0.421,16.585714285714282,16.865936595827712,17.387592211589606,17.86323187315035
E01000941,Camden 029D,531.0,0.2824858757062147,3,0.1348796296280861,0.0224799382713476,True,1.0224799382713476,150.0,19.27109104436744,0.427,19.27109104436744,19.607966870492444,20.235087410757053,20.806888791814945
E01000942,Camden 029C,508.0,0.2086614173228346,1,0.0758240740740739,0.0252746913580246,True,1.0252746913580246,105.99999999999999,13.655460515873012,0.183,13.655460515873012,13.569035613964843,13.40814894008146,13.26145429939642
E01000943,Camden 029F,434.0,0.216589861751152,0,0.0,,False,1.0,93.99999999999997,11.811038961038955,0.085,11.811038961038955,11.623338679094012,11.273920011761511,10.955324042215013
E01035712,Camden 029E,742.0,0.316711590296496,3,0.1130956790115738,0.0188492798352623,True,1.0188492798352624,235.00000000000003,30.084171348901926,0.283,30.084171348901926,30.187335196674194,30.37938271962917,30.554489468338232
E01001137,Croydon 001A,973.0,0.7091469681397738,4,0.0,0.0,True,1.0,690.0,86.69805194805194,0.206,86.69805194805194,86.34392582790446,85.68469252421737,85.08361109044934
E01001138,Croydon 001B,718.0,0.7270194986072424,3,0.0,0.0,True,1.0,522.0,65.58896103896103,0.218,65.58896103896103,65.39786005463873,65.04211071544795,64.71774251125251
E01001156,Croydon 001C,720.0,0.8,3,0.0,0.0,True,1.0,576.0,72.37402597402595,0.267,72.37402597402595,72.50921137745836,72.7608695157451,72.9903285460076
E01001162,Croydon 001D,804.0,0.7674129353233831,5,0.0109926697530864,0.0021985339506172,True,1.0021985339506172,617.0,77.69609212279038,0.307,77.69609212279038,78.14448609177458,78.97920632479136,79.74029474622075
E01001164,Croydon 001E,992.0,0.6995967741935484,1,0.0667870370362653,0.0333935185181326,True,1.0333935185181327,694.0,90.11258584953345,0.237,90.11258584953345,90.01710533580768,89.83936093651012,89.67729561338939
E01001084,Croydon 002A,665.0,1.261654135338346,1,0.0,0.0,True,1.0,839.0,105.41980519480518,0.128,105.41980519480518,104.18682170173109,101.89152707282217,99.79870351741596
E01001157,Croydon 002B,623.0,1.1396468699839486,0,0.0,,False,1.0,710.0,89.21103896103895,0.281,89.21103896103895,89.49954843556743,90.03663125216177,90.52633726010329
E01001159,Croydon 002C,740.0,1.0810810810810811,1,0.0,0.0,True,1.0,800.0,100.51948051948051,0.192,100.51948051948051,99.97157591732085,98.95160890433503,98.02161457435714
E01001160,Croydon 002D,627.0,1.368421052631579,0,0.0,,False,1.0,858.0,107.80714285714284,0.263,107.80714285714284,107.96643290848948,108.26296372285019,108.53333714915533
E01001163,Croydon 002E,835.0,0.9137724550898204,2,0.0326261574070215,0.010359374999807,True,1.010359374999807,763.0,96.86361253549283,0.19,96.86361253549283,96.31673091758708,95.2986682693204,94.37041031744933
E01001083,Croydon 003A,545.0,1.2678899082568806,0,0.0,,False,1.0,691.0,86.82370129870128,0.166,86.82370129870128,86.13016694170172,84.83909881830287,83.66191757705734
E01001086,Croydon 003B,588.0,1.0850340136054422,1,0.0,0.0,True,1.0,638.0,80.1642857142857,0.229,80.1642857142857,80.01676578899863,79.74214597934957,79.49175075811041
E01001087,Croydon 003C,1131.0,0.6808134394341291,1,0.1628560956778549,0.1628560956778549,True,1.1628560956778549,770.0,112.50632725683244,0.397,112.50632725683244,114.14368237907479,117.19174623297872,119.97093621211656
E01001161,Croydon 003D,550.0,1.0145454545454546,0,0.0,,False,1.0,558.0,70.11233766233765,0.488,70.11233766233765,71.75530485027969,74.81381600078569,77.60253170622623
E01001085,Croydon 004A,648.0,0.8009259259259259,2,0.0,0.0,True,1.0,519.0,65.21201298701298,0.286,65.21201298701298,65.45472673550417,65.90655724775635,66.31853117353607
E01001088,Croydon 004B,575.0,1.0417391304347825,0,0.0,,False,1.0,598.9999999999999,75.26396103896101,0.277,75.26396103896101,75.47798807099703,75.87641603035985,76.23969811536318
E01001089,Croydon 004C,647.0,0.7573415765069552,3,0.0143078703703703,0.0047692901234567,True,1.0047692901234566,490.0,61.86181833964643,0.337,61.86181833964643,62.39992753283448,63.40165963048942,64.31502757191807
E01001090,Croydon 004D,886.0,0.7708803611738149,1,0.0236975308641974,0.0118487654320987,True,1.0118487654320987,683.0,86.83534984668107,0.333,86.83534984668107,87.55679893785322,88.89983250910568,90.12439525508945
E01001091,Croydon 004E,562.0,1.192170818505338,1,0.0,0.0,True,1.0,669.9999999999999,84.1850649350649,0.213,84.1850649350649,83.89870759483054,83.36563114353932,82.87957809394675
E01001147,Croydon 005A,669.0,0.8340807174887892,0,0.0,,False,1.0,558.0,70.11233766233765,0.37,70.11233766233765,70.94798925413808,72.50361965882144,73.92202578125247
E01001148,Croydon 005B,702.0,0.8846153846153846,2,0.0,0.0,True,1.0,621.0,78.02824675324673,0.311,78.02824675324673,78.5090140398168,79.4039997203373,80.22003749185203
E01001151,Croydon 005C,672.0,0.7544642857142857,1,0.0429027777773919,0.0214513888886959,True,1.0214513888886958,507.0,65.07076479300717,0.458,65.07076479300717,66.4051002010795,68.8890692992184,71.1539240912838
E01001152,Croydon 005D,789.0,0.6121673003802282,1,0.0,0.0,True,1.0,483.0,60.688636363636355,0.398,60.688636363636355,61.577787431999354,63.23301127154476,64.74222555595115
E01001158,Croydon 005E,669.0,0.8325859491778774,1,0.0451805555551697,0.0451805555551697,True,1.0451805555551696,557.0,73.14872577107687,0.254,73.14872577107687,73.1925648320577,73.27417465227904,73.34858555881829
E01001146,Croydon 006A,605.0,0.968595041322314,1,0.0,0.0,True,1.0,586.0,73.63051948051947,0.249,73.63051948051947,73.63872245436372,73.65399292790333,73.6679163721198
E01001149,Croydon 006B,623.0,0.9085072231139648,1,0.0305613425925926,0.0305613425925926,True,1.0305613425925926,566.0000000000001,73.29097974161256,0.24,73.29097974161256,73.23477838382861,73.13015518701901,73.0347609452658
E01001150,Croydon 006C,638.0,0.9968652037617556,1,0.0391450617280092,0.0195725308640046,True,1.0195725308640047,636.0000000000001,81.47708641773352,0.207,81.47708641773352,81.15223645394524,80.54750299135401,79.9961138932778
E01001153,Croydon 006D,614.0,0.8517915309446255,1,0.0,0.0,True,1.0,523.0,65.71461038961039,0.267,65.71461038961039,65.83735685835197,66.0658589526644,66.27420456521178
E01001154,Croydon 006E,727.0,0.7441540577716643,1,0.0,0.0,True,1.0,541.0,67.97629870129869,0.368,67.97629870129869,68.77322493364075,70.25676507104424,71.60944010711337
E01001136,Croydon 007A,983.0,0.5717192268565615,2,0.1345100308638117,0.0672550154319058,True,1.0672550154319058,562.0,75.36414361245029,0.334,75.36414361245029,75.99764128343908,77.17694644836187,78.25222349431388
E01001139,Croydon 007B,713.0,0.8302945301542777,1,0.0,0.0,True,1.0,592.0,74.38441558441556,0.168,74.38441558441556,73.80476139189712,72.7256900481316,71.74180506110065
E01001140,Croydon 007C,759.0,0.7351778656126482,0,0.0,,False,1.0,558.0,70.11233766233765,0.208,70.11233766233765,69.83964072384201,69.33199417239595,68.869127816458
E01001142,Croydon 007D,746.0,0.9369973190348524,1,0.0,0.0,True,1.0,698.9999999999999,87.82889610389607,0.204,87.82889610389607,87.45301002030743,86.75326885297717,86.11525280953255
E01001144,Croydon 007E,800.0,0.58625,4,0.2768248456770831,0.0608492959101562,True,1.060849295910156,469.00000000000006,62.51536680376009,0.313,62.51536680376009,62.91275289683634,63.65251800331547,64.32702741958293
E01001141,Croydon 008A,572.0,0.7465034965034965,0,0.0,,False,1.0,427.0,53.65227272727272,0.317,53.65227272727272,54.014261395157064,54.688131442718905,55.30255849319765
E01001143,Croydon 008B,825.0,0.6921212121212121,0,0.0,,False,1.0,571.0,71.74577922077921,0.358,71.74577922077921,72.51688678544066,73.95236346572098,75.26121478785171
E01001145,Croydon 008C,872.0,0.4770642201834862,0,0.0,,False,1.0,416.0,52.270129870129864,0.454,52.270129870129864,53.321574216309806,55.278919609771975,57.06360489326901
E01001191,Croydon 008D,860.0,0.6837209302325581,3,0.1340767746890431,0.044692258229681,True,1.044692258229681,588.0,77.18376347847831,0.392,77.18376347847831,78.26939497707448,80.29038241259114,82.1330957867081
E01001192,Croydon 008E,689.0,0.7024673439767779,1,0.0185509259259258,0.0092754629629629,True,1.009275462962963,484.0,61.37836636904761,0.326,61.37836636904761,61.846386990393235,62.71764376262697,63.512045785257406
E01000994,Croydon 009A,534.0,1.0449438202247192,0,0.0,,False,1.0,558.0000000000001,70.11233766233767,0.269,70.11233766233767,70.25698183710166,70.52624821358087,70.77176223530039
E01000995,Croydon 009B,605.0,0.7570247933884298,0,0.0,,False,1.0,458.0,57.54740259740258,0.3,57.54740259740258,57.840207053616716,58.38528531252615,58.88228147389813
E01000996,Croydon 009C,450.0,1.028888888888889,0,0.0,,False,1.0,463.00000000000006,58.175649350649344,0.259,58.175649350649344,58.23889913246576,58.356643518581535,58.464001511614896
E01000997,Croydon 009D,490.0,0.8959183673469387,2,0.143596836419753,0.0717984182098765,True,1.0717984182098765,439.0,59.12047034575666,0.311,59.12047034575666,59.484738278096096,60.16285135363929,60.78114714880716
E01000999,Croydon 009E,433.0,1.0,0,0.0,,False,1.0,433.0,54.40616883116882,0.276,54.40616883116882,54.555573834468994,54.83370286339216,55.08729775088135
E01001002,Croydon 009F,524.0,0.8473282442748091,1,0.0867773919753086,0.0433886959876543,True,1.0433886959876544,444.0,58.20889378382034,0.328,58.20889378382034,58.664106837076496,59.5115213256055,60.28418422493406
E01000998,Croydon 010A,587.0,0.6286201022146508,2,0.0,0.0,True,1.0,369.0,46.364610389610384,0.444,46.364610389610384,47.252018525179565,48.903997759827455,50.41025365036492
E01001000,Croydon 010B,510.0,0.7254901960784313,2,0.0426373456786264,0.0106593364196566,True,1.0106593364196566,370.0,46.98581505906837,0.353,46.98581505906837,47.467883375141874,48.36529102322967,49.18353711724532
E01001003,Croydon 010C,596.0,0.7516778523489933,1,0.0,0.0,True,1.0,448.0,56.29090909090908,0.367,56.29090909090908,56.94534766675083,58.16363595407838,59.2744573679753
E01001111,Croydon 010D,641.0,0.7940717628705148,0,0.0,,False,1.0,509.0,63.95551948051946,0.266,63.95551948051946,64.06873932605386,64.27950687063232,64.47168232229474
E01001155,Croydon 010E,785.0,0.4522292993630573,0,0.0,,False,1.0,354.99999999999994,44.60551948051946,0.51,44.60551948051946,45.74653506749409,47.87062428928456,49.807344700319845
E01001174,Croydon 011A,510.0,1.0411764705882354,1,0.0,0.0,True,1.0,531.0,66.71980519480519,0.358,66.71980519480519,67.43689471640805,68.77181260997871,69.98897557329119
E01001175,Croydon 011B,557.0,0.7666068222621185,0,0.0,,False,1.0,427.0,53.65227272727272,0.335,53.65227272727272,54.1084997110544,54.95780171008325,55.732185620033015
E01001176,Croydon 011C,618.0,0.8705501618122977,1,0.6979367283495372,0.1744841820873843,True,1.1744841820873844,538.0,79.39436805704088,0.421,79.39436805704088,80.73576782093907,83.23288776665616,85.509733352077
E01001182,Croydon 011D,461.0,1.0607375271149675,1,0.5794101080246912,0.2897050540123456,True,1.2897050540123456,489.0,79.24274465469423,0.261,79.24274465469423,79.34436425315592,79.53353703596375,79.70602262927957
E01001183,Croydon 011E,636.0,0.7374213836477987,3,0.2216473765370368,0.0516096322001671,True,1.0516096322001671,469.0,61.970877621177564,0.44,61.970877621177564,63.132797363569146,65.29580129583215,67.2680036975901
E01001184,Croydon 011F,446.0,1.0874439461883407,0,0.0,,False,1.0,484.99999999999994,60.93993506493504,0.231,60.93993506493504,60.83968537908445,60.653062795104034,60.48290244409471
E01001001,Croydon 013A,582.0,0.6735395189003437,0,0.0,,False,1.0,392.00000000000006,49.25454545454545,0.363,49.25454545454545,49.807953905345954,50.83816676046556,51.77750313285169
E01001109,Croydon 013B,963.0,0.608515057113188,0,0.0,,False,1.0,586.0,73.63051948051947,0.39,73.63051948051947,74.65180274181277,76.55300093092774,78.28649183164354
E01001112,Croydon 013C,854.0,0.7107728337236534,0,0.0,,False,1.0,607.0,76.26915584415583,0.391,76.26915584415583,77.33448044196756,79.31766500294275,81.12591014570242
E01001113,Croydon 013D,858.0,0.682983682983683,1,0.0,0.0,True,1.0,586.0,73.63051948051947,0.337,73.63051948051947,74.27099951319717,75.4633028872377,76.55043155253179
E01001114,Croydon 013E,603.0,0.693200663349917,0,0.0,,False,1.0,418.0,52.521428571428565,0.469,52.521428571428565,53.654804628677454,55.76467227195908,57.688425609345735
E01001116,Croydon 013F,606.0,0.6848184818481848,2,0.0,0.0,True,1.0,415.0,52.14448051948051,0.342,52.14448051948051,52.623504443046855,53.51524471780058,54.32832336522293
E01000992,Croydon 014A,684.0,1.0277777777777777,0,0.0,,False,1.0,702.9999999999999,88.33149350649347,0.364,88.33149350649347,89.33257765936523,91.19617363780249,92.89537927019131
E01001185,Croydon 014B,744.0,0.8225806451612904,1,0.0,0.0,True,1.0,612.0,76.89740259740259,0.269,76.89740259740259,77.05604459553084,77.35136900844353,77.62064245161974
E01001186,Croydon 014C,816.0,0.7034313725490197,1,0.0,0.0,True,1.0,574.0,72.12272727272726,0.409,72.12272727272726,73.25681573258774,75.36800956871554,77.29297211366645
E01001188,Croydon 014D,748.0,0.7580213903743316,2,0.1336138117276233,0.0494763213732156,True,1.0494763213732157,567.0,74.76803237746861,0.326,74.76803237746861,75.33815150966727,76.39947259735773,77.3671731026405
E01001193,Croydon 014E,565.0,0.9982300884955752,1,0.0931543209868827,0.0931543209868827,True,1.0931543209868826,564.0,77.46772965362494,0.348,77.46772965362494,78.22474139204213,79.63397759590877,80.91890314988237
E01001004,Croydon 015A,781.0,0.8514724711907811,0,0.0,,False,1.0,665.0,83.55681818181816,0.373,83.55681818181816,84.5771719729439,86.47663988108158,88.2085531312679
E01001115,Croydon 015B,649.0,0.7596302003081664,0,0.0,,False,1.0,493.0,61.945129870129854,0.401,61.945129870129854,62.87082393423943,64.59407540135044,66.16531650340129
E01001178,Croydon 015D,601.0,0.5374376039933444,0,0.0,,False,1.0,323.0,40.58474025974025,0.786,40.58474025974025,42.715950495938465,46.68336403853612,50.3008066149312
E01001181,Croydon 015E,889.0,0.5905511811023622,0,0.0,,False,1.0,525.0,65.96590909090908,0.515,65.96590909090908,67.68551172544397,70.88668571769662,73.80547978080338
E01034139,Croydon 015F,659.0,0.6798179059180577,2,0.0,0.0,True,1.0,448.0,56.29090909090908,0.397,56.29090909090908,57.110135978702466,58.63519051996136,60.02571791763278
E01034140,Croydon 015G,520.0,0.5326923076923077,1,0.0657388117280092,0.0657388117280092,True,1.065738811728009,277.0,37.092900934555466,0.352,37.092900934555466,37.469849669954,38.17156904624275,38.81138879813238
E01001006,Croydon 016A,693.0,0.8556998556998557,0,0.0,,False,1.0,593.0,74.51006493506492,0.386,74.51006493506492,75.51446465046548,77.38423280631382,79.08906615991603
E01001007,Croydon 016B,597.0,1.1423785594639866,1,0.0,0.0,True,1.0,682.0,85.69285714285712,0.288,85.69285714285712,86.02852296059464,86.65339097617559,87.22313853082804
E01001177,Croydon 016C,555.0,0.9891891891891892,2,0.0710119598765432,0.0355059799382716,True,1.0355059799382715,549.0,71.43074903104706,0.353,71.43074903104706,72.16361917191779,73.52791391509751,74.77186235600013
E01001179,Croydon 016D,548.0,0.948905109489051,0,0.0,,False,1.0,520.0,65.33766233766232,0.316,65.33766233766232,65.77211589050266,66.58088495508972,67.31831139609362
E01001180,Croydon 016E,675.0,0.762962962962963,0,0.0,,False,1.0,515.0,64.70941558441558,0.401,64.70941558441558,65.67641851142659,67.47656963832755,69.11792697616971
E01000980,Croydon 017A,578.0,0.889273356401384,1,0.0170733024691358,0.0170733024691358,True,1.0170733024691359,514.0,65.68642440927128,0.325,65.68642440927128,66.18088494467374,67.10136167245783,67.94064189114836
E01000981,Croydon 017B,658.0,0.9954407294832828,2,0.0965925925918209,0.0482962962959104,True,1.0482962962959104,655.0000000000001,86.27512554109377,0.232,86.27512554109377,86.14161685936023,85.89308006887022,85.66646704805306
E01000982,Croydon 017C,675.0,0.8296296296296296,0,0.0,,False,1.0,560.0,70.36363636363635,0.278,70.36363636363635,70.57059459328458,70.95586342744855,71.30714717165596
E01000983,Croydon 017D,724.0,0.9157458563535912,2,0.0178703703703703,0.0089351851851851,True,1.008935185185185,663.0,84.04986972402595,0.162,84.04986972402595,83.34568550255815,82.03479182849308,80.83953387547791
E01001187,Croydon 017E,810.0,0.8901234567901235,1,0.0,0.0,True,1.0,721.0,90.59318181818179,0.284,90.59318181818179,90.91268177676332,91.5074557887336,92.04976397292803
E01000989,Croydon 018A,629.0,1.4324324324324325,0,0.0,,False,1.0,901.0,113.21006493506492,0.139,113.21006493506492,112.00748616701458,109.76879229750953,107.72757667123032
E01000991,Croydon 018B,683.0,1.4875549048316252,0,0.0,,False,1.0,1016.0,127.65974025974023,0.098,127.65974025974023,125.79292351733166,122.31769901832028,119.14902881787937
E01001131,Croydon 018C,660.0,1.1712121212121211,0,0.0,,False,1.0,773.0,97.12694805194803,0.217,97.12694805194803,96.8344797337173,96.2900272217965,95.79360160941683
E01001132,Croydon 018D,645.0,1.4449612403100776,0,0.0,,False,1.0,932.0,117.10519480519477,0.103,117.10519480519477,115.44985760292253,112.36831870905161,109.55860656893343
E01001134,Croydon 018E,677.0,1.2688330871491875,0,0.0,,False,1.0,859.0,107.93279220779218,0.13,107.93279220779218,106.69148143304466,104.38068492190796,102.27372692647353
E01001005,Croydon 019A,601.0,0.7071547420965059,0,0.0,,False,1.0,425.0,53.400974025974016,0.384,53.400974025974016,54.11040017149729,55.43105209471755,56.63520750840478
E01001008,Croydon 019B,530.0,0.969811320754717,0,0.0,,False,1.0,514.0,64.58376623376623,0.376,64.58376623376623,65.3913371839573,66.8946932911952,68.26543630334037
E01001009,Croydon 019C,667.0,0.8305847076461769,1,0.3097453703695988,0.3097453703695988,True,1.309745370369599,554.0,91.17103503782508,0.326,91.17103503782508,91.86622989215806,93.16038916043604,94.34038887244992
E01001010,Croydon 019D,608.0,0.9276315789473684,0,0.0,,False,1.0,564.0,70.86623376623375,0.438,70.86623376623375,72.18110607776897,74.62884310857325,76.86066191343946
E01001011,Croydon 019E,859.0,0.5320139697322468,0,0.0,,False,1.0,457.0,57.421753246753234,0.557,57.421753246753234,59.153964705201915,62.37861100342518,65.31880684834081
E01001012,Croydon 020A,810.0,0.5802469135802469,0,0.0,,False,1.0,470.0,59.05519480519479,0.425,59.05519480519479,60.07600680691874,61.97632770970798,63.7090187107228
E01001013,Croydon 020B,903.0,0.5160575858250277,2,0.2674992283927469,0.1337496141963734,True,1.1337496141963734,466.0,66.38398471539037,0.493,66.38398471539037,67.97197329015897,70.92813747800842,73.62353438612587
E01001110,Croydon 020D,892.0,0.5751121076233184,0,0.0,,False,1.0,513.0,64.45811688311687,0.427,64.45811688311687,65.58490214532488,67.68250051124588,69.59506686098194
E01001118,Croydon 020E,878.0,0.6298405466970387,0,0.0,,False,1.0,553.0,69.4840909090909,0.444,69.4840909090909,70.81400066239647,73.2897310601208,75.54707389878537
E01034141,Croydon 020F,591.0,0.4128595600676819,2,0.2044934413533948,0.0814968171277005,True,1.0814968171277004,244.0,33.15700696355015,0.224,33.15700696355015,33.07981324482553,32.93611113610355,32.80508518662104
E01034142,Croydon 020G,645.0,0.4837209302325581,0,0.0,,False,1.0,311.99999999999994,39.202597402597384,0.358,39.202597402597384,39.62393813845443,40.40829667478973,41.12346587357221
E01034143,Croydon 020H,669.0,0.2571001494768311,1,0.0,0.0,True,1.0,172.0,21.611688311688308,0.396,21.611688311688308,21.924104022354836,22.505690156076543,23.035973782771134
E01000985,Croydon 021A,520.0,1.3096153846153846,1,0.1170844907403549,0.1170844907403549,True,1.117084490740355,681.0,95.58580074063255,0.12,95.58580074063255,94.39321600969355,92.17312681724347,90.14887472405103
E01000986,Croydon 021B,688.0,1.1133720930232558,1,0.0109556327160493,0.0109556327160493,True,1.0109556327160494,766.0,97.30185379013346,0.139,97.30185379013346,96.26826067694985,94.34414674152909,92.58976152378119
E01000987,Croydon 021C,515.0,1.1436893203883496,1,0.0,0.0,True,1.0,589.0,74.00746753246752,0.109,74.00746753246752,73.00466754543852,71.13787740832247,69.43575937835367
E01000993,Croydon 021D,605.0,1.0,1,0.1808568672835648,0.1808568672835648,True,1.1808568672835649,605.0,89.76620864332384,0.191,89.76620864332384,89.26815771941874,88.34099720430726,87.49562278429644
E01000975,Croydon 022A,1039.0,0.6256015399422522,4,0.124158564814043,0.0233401813269675,True,1.0233401813269676,650.0,83.57831903012942,0.279,83.57831903012942,83.83230085400254,84.30510776459872,84.73620773198066
E01000976,Croydon 022B,872.0,0.5837155963302753,0,0.0,,False,1.0,509.0,63.95551948051946,0.347,63.95551948051946,64.57424954282868,65.72606365610773,66.77627467362124
E01000977,Croydon 022C,947.0,0.5438225976768744,1,0.0,0.0,True,1.0,515.0,64.70941558441558,0.361,64.70941558441558,65.42384118804836,66.75379999121523,67.96644131226019
E01000978,Croydon 022D,838.0,0.6109785202863962,3,0.1414529320972221,0.0471509773657407,True,1.0471509773657406,512.0,67.36580625297313,0.253,67.36580625297313,67.3996058815764,67.46252651792553,67.51989683902248
E01000979,Croydon 022E,775.0,0.6129032258064516,0,0.0,,False,1.0,475.0,59.68344155844155,0.236,59.68344155844155,59.614378834822126,59.48581320562112,59.36858852613179
E01000984,Croydon 022F,785.0,0.6254777070063694,2,0.0581682098761574,0.0290841049380787,True,1.0290841049380788,491.0,63.48814102857756,0.345,63.48814102857756,64.0899589747798,65.21028986911726,66.23179484542322
E01001044,Croydon 023A,834.0,0.9184652278177458,2,0.0702588734552468,0.0351294367276234,True,1.0351294367276234,766.0,99.62851963714613,0.148,99.62851963714613,98.65770839848098,96.85046780336405,95.20264636897814
E01001046,Croydon 023B,798.0,0.7180451127819549,1,0.0499718364185956,0.0499718364185956,True,1.0499718364185957,573.0,75.59490412261687,0.171,75.59490412261687,75.0279469380272,73.97251206163199,73.01017853690837
E01001049,Croydon 023C,520.0,1.4346153846153846,0,0.0,,False,1.0,746.0,93.73441558441557,0.084,93.73441558441557,92.23564746572022,89.44557409316883,86.9016169027306
E01001050,Croydon 023D,790.0,0.5784810126582278,3,0.0081674382716049,0.0027224794238683,True,1.0027224794238683,457.0,57.57808278844996,0.293,57.57808278844996,57.831713511935924,58.3038668218656,58.73437084358834
E01001042,Croydon 024B,944.0,0.5264830508474576,3,0.2263815586412035,0.0377302597735339,True,1.0377302597735338,497.0,64.80389624499405,0.411,64.80389624499405,65.83554759607216,67.75604679037399,69.5071361282531
E01001165,Croydon 024C,723.0,0.8105117565698479,3,0.1543541666658948,0.0338407278804655,True,1.0338407278804655,586.0,76.12222985395704,0.247,76.12222985395704,76.11585420025409,76.10398542521989,76.0931636110386
E01001166,Croydon 024D,877.0,0.5530216647662486,2,0.364349922837577,0.1365174575607638,True,1.1365174575607637,485.0,69.25930006391802,0.423,69.25930006391802,70.44298061394059,72.64649398137178,74.65563242570502
E01001168,Croydon 024E,733.0,0.869031377899045,2,0.3275636574047067,0.113913194443287,True,1.113913194443287,637.0,89.15609311070278,0.241,89.15609311070278,89.09642596011484,88.98535092055742,88.88407396191535
E01034144,Croydon 024F,587.0,0.6047700170357752,1,0.1480736882716049,0.1480736882716049,True,1.148073688271605,355.0,51.21042326727092,0.285,51.21042326727092,51.396027067498494,51.741542971126115,52.0565804450835
E01034145,Croydon 024G,557.0,0.4344703770197486,1,0.0,0.0,True,1.0,241.99999999999997,30.407142857142848,0.462,30.407142857142848,31.042537749432956,32.225374739304975,33.30387206310462
E01034146,Croydon 024H,596.0,0.62751677852349,0,0.0,,False,1.0,374.0,46.99285714285713,0.283,46.99285714285713,47.15400381046666,47.453990860340724,47.72751564290501
E01001127,Croydon 025A,586.0,1.5392491467576792,0,0.0,,False,1.0,902.0,113.33571428571426,0.1,113.33571428571426,111.70048210875886,108.65637028255188,105.88078371735132
E01001128,Croydon 025B,569.0,0.9402460456942004,0,0.0,,False,1.0,535.0,67.22240259740259,0.47,67.22240259740259,68.67957514742896,71.3922151351146,73.8655694453035
E01001130,Croydon 025C,560.0,0.7625,1,0.0,0.0,True,1.0,427.0,53.65227272727272,0.577,53.65227272727272,55.37548151367415,58.583368637981515,61.50828365859746
E01001135,Croydon 025D,638.0,1.362068965517241,0,0.0,,False,1.0,868.9999999999998,109.18928571428566,0.115,109.18928571428566,107.77370169750972,105.13848199771124,102.73571862609548
E01001062,Croydon 026A,557.0,1.450628366247756,0,0.0,,False,1.0,808.0,101.52467532467531,0.123,101.52467532467531,100.28771444673757,97.98501560668876,95.88544097571798
E01001063,Croydon 026B,577.0,1.3483535528596189,1,0.4194625771574073,0.2097312885787036,True,1.2097312885787037,778.0000000000001,118.2575177769505,0.116,118.2575177769505,116.73590843526107,113.90331435034771,111.32058725764811
E01001064,Croydon 026C,614.0,1.509771986970684,0,0.0,,False,1.0,927.0,116.47694805194803,0.091,116.47694805194803,114.69409965944142,111.37518877177273,108.3490435455675
E01001129,Croydon 026D,506.0,1.634387351778656,0,0.0,,False,1.0,827.0,103.91201298701297,0.06,103.91201298701297,102.0071529671876,98.46110794964423,95.22786440531837
E01001133,Croydon 026E,728.0,1.1483516483516485,0,0.0,,False,1.0,836.0000000000001,105.04285714285714,0.14,105.04285714285714,103.93728511506151,101.87917683419192,100.00261709518016
E01001167,Croydon 028A,819.0,1.0818070818070815,2,0.0546010802465277,0.0273005401232638,True,1.0273005401232638,885.9999999999998,114.36456616835869,0.238,114.36456616835869,114.2545488555158,114.0497430745189,113.86300349113158
E01001169,Croydon 028B,639.0,1.0172143974960877,1,0.0,0.0,True,1.0,650.0,81.6720779220779,0.372,81.6720779220779,82.66144654133065,84.50323314312857,86.18255323377271
E01001171,Croydon 028C,681.0,0.8149779735682819,0,0.0,,False,1.0,555.0,69.7353896103896,0.292,69.7353896103896,70.03576824154872,70.59494641596173,71.10479872003691
E01001172,Croydon 028D,732.0,0.9453551912568308,0,0.0,,False,1.0,692.0000000000001,86.94935064935065,0.441,86.94935064935065,88.58808760715524,91.63872385538716,94.42025931443659
E01001173,Croydon 028E,1120.0,1.0125,1,0.0,0.0,True,1.0,1134.0,142.48636363636362,0.329,142.48636363636362,143.6145587562681,145.7147816818986,147.6297410753482
E01001036,Croydon 029A,661.0,1.2405446293494704,0,0.0,,False,1.0,819.9999999999999,103.0324675324675,0.096,103.0324675324675,101.50567663096575,98.66343666962874,96.07191457643651
E01001037,Croydon 029B,684.0,0.7368421052631579,2,0.5785979938209876,0.2892989969104938,True,1.2892989969104938,504.0,81.64778920434998,0.318,81.64778920434998,82.20662924640175,83.24695343090691,84.19550919850622
E01001038,Croydon 029C,949.0,0.7449947312961012,2,0.0286165123456788,0.0035770640432098,True,1.0035770640432098,707.0,89.15185614149303,0.244,89.15185614149303,89.1182905058449,89.05580546557316,88.99883231602882
E01001039,Croydon 029D,598.0,1.2892976588628762,0,0.0,,False,1.0,771.0,96.87564935064933,0.11,96.87564935064933,95.57243912824904,93.14641198302203,90.9343880050809
E01001040,Croydon 029E,744.0,0.8104838709677419,0,0.0,,False,1.0,603.0,75.76655844155843,0.245,75.76655844155843,75.74542576893519,75.70608565591739,75.67021578798891
E01001051,Croydon 030A,565.0,0.7893805309734513,1,0.0,0.0,True,1.0,446.0,56.03961038961038,0.494,56.03961038961038,57.38561691567635,59.89131270731496,62.17597765157801
E01001052,Croydon 030B,456.0,0.9890350877192984,0,0.0,,False,1.0,451.00000000000006,56.66785714285714,0.526,56.66785714285714,58.205904686970094,61.069099763659494,63.67972849286415
E01001054,Croydon 030C,588.0,0.9863945578231292,0,0.0,,False,1.0,580.0,72.87662337662336,0.461,72.87662337662336,74.39235923876987,77.21401938488872,79.78677703646547
E01001056,Croydon 030D,576.0,0.8541666666666666,2,0.0,0.0,True,1.0,492.0,61.81948051948051,0.55,61.81948051948051,63.64212887024694,67.03513047440755,70.12883077383009
E01001057,Croydon 030E,602.0,0.7259136212624585,0,0.0,,False,1.0,437.0,54.90876623376622,0.59,54.90876623376622,56.741986138326,60.154667511743355,63.266311601103226
E01001033,Croydon 031A,682.0,0.9486803519061584,0,0.0,,False,1.0,647.0,81.29512987012986,0.199,81.29512987012986,80.9075422511711,80.18601776603006,79.52813994098445
E01001034,Croydon 031B,665.0,1.025563909774436,1,0.0,0.0,True,1.0,682.0,85.69285714285712,0.177,85.69285714285712,85.10033808028497,83.9973177807534,82.99159640804749
E01001041,Croydon 031C,727.0,0.781292984869326,1,0.0,0.0,True,1.0,568.0,71.36883116883115,0.327,71.36883116883115,71.91999507395037,72.94602953278527,73.88155609092865
E01001095,Croydon 031D,595.0,1.0,0,0.0,,False,1.0,595.0,74.76136363636363,0.285,74.76136363636363,75.03232396662071,75.53673768682053,75.99665638397104
E01001100,Croydon 031E,603.0,1.1409618573797675,0,0.0,,False,1.0,687.9999999999998,86.4467532467532,0.109,86.4467532467532,85.27540113966332,83.09483812720858,81.10662555570002
E01001053,Croydon 032A,533.0,1.1219512195121952,0,0.0,,False,1.0,598.0000000000001,75.13831168831169,0.366,75.13831168831169,76.00453822402999,77.61708626382203,79.08738923904627
E01001055,Croydon 032B,573.0,0.9738219895287958,0,0.0,,False,1.0,558.0,70.11233766233765,0.453,70.11233766233765,71.51584683447498,74.12858827223695,76.51085622000518
E01001077,Croydon 032C,514.0,1.2957198443579767,0,0.0,,False,1.0,666.0,83.68246753246751,0.22,83.68246753246751,83.45498073400246,83.03149637302154,82.64536814580207
E01001078,Croydon 032D,509.0,1.0766208251473477,0,0.0,,False,1.0,548.0,68.85584415584414,0.436,68.85584415584414,70.11997703072161,72.47325865552203,74.61895409472936
E01001082,Croydon 032E,523.0,1.246653919694073,0,0.0,,False,1.0,652.0000000000001,81.92337662337663,0.394,81.92337662337663,83.09166174146152,85.26651531544475,87.2495220858458
E01001120,Croydon 033A,508.0,1.3543307086614174,0,0.0,,False,1.0,688.0,86.44675324675323,0.126,86.44675324675323,85.41880620637363,83.50520287442345,81.76040110546148
E01001122,Croydon 033B,459.0,1.5991285403050108,0,0.0,,False,1.0,734.0,92.22662337662337,0.055,92.22662337662337,90.4909757350026,87.25993271466326,84.31390441122437
E01001123,Croydon 033C,604.0,1.4867549668874172,0,0.0,,False,1.0,898.0,112.83311688311686,0.062,112.83311688311686,110.78674072781517,106.97725242211158,103.503804281813
E01001124,Croydon 033D,603.0,1.5572139303482586,0,0.0,,False,1.0,939.0,117.98474025974025,0.06,117.98474025974025,115.82190645246574,111.79562317377984,108.12450384110514
E01001125,Croydon 033E,609.0,1.3136288998357963,0,0.0,,False,1.0,800.0,100.51948051948051,0.165,100.51948051948051,99.70673755882714,98.19375335202308,96.8142315481219
E01001058,Croydon 034A,524.0,1.2614503816793894,0,0.0,,False,1.0,661.0,83.05422077922076,0.176,83.05422077922076,82.47184189430536,81.38769832381554,80.39918853810592
E01001059,Croydon 034B,666.0,1.0735735735735736,0,0.0,,False,1.0,715.0,89.8392857142857,0.254,89.8392857142857,89.89312766277332,89.99335863574889,90.08474809773021
E01001060,Croydon 034C,644.0,1.2236024844720497,0,0.0,,False,1.0,788.0,99.0116883116883,0.289,99.0116883116883,99.40918675864545,100.14916102060869,100.8238611424694
E01001061,Croydon 034D,649.0,1.1710323574730357,0,0.0,,False,1.0,760.0000000000001,95.49350649350649,0.247,95.49350649350649,95.48550838928054,95.4706192964627,95.45704359085377
E01001065,Croydon 034E,649.0,1.1140215716486903,0,0.0,,False,1.0,723.0,90.8444805194805,0.168,90.8444805194805,90.13655825395543,88.81870592026883,87.61710314049961
E01001066,Croydon 034F,524.0,0.91412213740458,1,0.0812337962947531,0.0812337962947531,True,1.0812337962947531,478.99999999999994,65.07517938978806,0.523,65.07517938978806,66.82236343621987,70.07488237099638,73.04049216913404
E01001119,Croydon 034G,579.0,1.4300518134715026,0,0.0,,False,1.0,828.0,104.03766233766233,0.085,104.03766233766233,102.38430240733878,99.3064443589206,96.50008837185143
E01001126,Croydon 034H,593.0,1.3895446880269815,0,0.0,,False,1.0,824.0,103.53506493506492,0.09,103.53506493506492,101.94020771545725,98.9712570112468,96.26420150283694
E01001032,Croydon 035A,555.0,1.5351351351351352,1,0.5131956018468362,0.171065200615612,True,1.171065200615612,852.0,125.3663318856435,0.045,125.3663318856435,122.88468138150117,118.26489603564431,114.05262826358681
E01001101,Croydon 035B,506.0,1.691699604743083,0,0.0,,False,1.0,856.0,107.55584415584414,0.039,107.55584415584414,105.36378298453324,101.28309069545371,97.56236184548915
E01001102,Croydon 035C,635.0,1.330708661417323,0,0.0,,False,1.0,845.0,106.17370129870129,0.097,106.17370129870129,104.61072246877751,101.70111586530379,99.04816963346872
E01001107,Croydon 035D,667.0,1.4332833583208395,0,0.0,,False,1.0,956.0,120.12077922077918,0.089,120.12077922077918,118.25871361545039,114.79233372748344,111.63172794286919
E01001108,Croydon 035E,643.0,1.5583203732503887,0,0.0,,False,1.0,1002.0,125.90064935064932,0.04,125.90064935064932,123.34699414422107,118.5931664471556,114.25868038272804
E01001076,Croydon 036A,570.0,1.043859649122807,1,0.2800069444386572,0.1400034722193286,True,1.1400034722193286,595.0,85.22821413330638,0.456,85.22821413330638,86.95926306253966,90.18174522224925,93.1199678302647
E01001079,Croydon 036B,588.0,1.0680272108843538,1,0.0,0.0,True,1.0,628.0,78.9077922077922,0.5,78.9077922077922,80.84926555126737,84.46346911723566,87.75885885135762
E01001080,Croydon 036C,585.0,0.7264957264957265,0,0.0,,False,1.0,425.0,53.400974025974016,0.62,53.400974025974016,55.34018199357678,58.95016838624014,62.24171294967305
E01001081,Croydon 036D,495.0,1.2565656565656569,0,0.0,,False,1.0,622.0000000000001,78.1538961038961,0.356,78.1538961038961,78.97862394577363,80.51391894072405,81.91378346768323
E01001073,Croydon 037A,582.0,1.0601374570446735,1,0.0,0.0,True,1.0,617.0,77.52564935064933,0.166,77.52564935064933,76.90638640091167,75.75358027625596,74.70246475404396
E01001092,Croydon 037B,700.0,1.227142857142857,0,0.0,,False,1.0,859.0,107.93279220779218,0.24,107.93279220779218,107.8500266411034,107.69595210422074,107.55546869262945
E01001093,Croydon 037C,711.0,1.120956399437412,1,0.0,0.0,True,1.0,797.0,100.14253246753245,0.2,100.14253246753245,99.67485886752698,98.80424810249657,98.01043510189199
E01001096,Croydon 037D,533.0,1.450281425891182,0,0.0,,False,1.0,773.0,97.12694805194803,0.064,97.12694805194803,95.38437937164831,92.14045229974182,89.18267646451798
E01001097,Croydon 037E,1170.0,0.6444444444444445,4,0.2125829475219903,0.024401491768438,True,1.024401491768438,754.0,97.05139821267748,0.322,97.05139821267748,97.75355021807333,99.06066076392865,100.25246930363944
E01001098,Croydon 037F,535.0,1.5214953271028038,0,0.0,,False,1.0,814.0,102.27857142857141,0.054,102.27857142857141,100.3437718992854,96.74199215727637,93.45793032463722
E01001028,Croydon 038A,542.0,1.85239852398524,0,0.0,,False,1.0,1004.0000000000001,126.15194805194804,0.069,126.15194805194804,123.95018802776067,119.85144057002809,116.11424922249219
E01001029,Croydon 038B,637.0,1.23861852433281,1,0.1159108796172839,0.0579554398086419,True,1.057955439808642,789.0,104.88288566801626,0.185,104.88288566801626,104.23955501431081,103.04194498760963,101.94997777673248
E01001030,Croydon 038C,493.0,1.5780933062880325,0,0.0,,False,1.0,778.0,97.75519480519479,0.087,97.75519480519479,96.22075362101351,93.36427206370827,90.75976464517544
E01001031,Croydon 038D,515.0,1.6718446601941748,0,0.0,,False,1.0,861.0,108.1840909090909,0.074,108.1840909090909,106.34871193535723,102.93201128681885,99.81670246808483
E01001094,Croydon 038E,565.0,1.7716814159292036,0,0.0,,False,1.0,1001.0,125.77499999999999,0.065,125.77499999999999,123.53072575542609,119.3528347712362,115.5434812557844
E01001103,Croydon 039A,644.0,1.4145962732919255,0,0.0,,False,1.0,911.0,114.46655844155842,0.065,114.46655844155842,112.42406709609705,108.62181066593025,105.15495646755203
E01001105,Croydon 039B,623.0,1.4365971107544142,0,0.0,,False,1.0,895.0,112.45616883116881,0.187,112.45616883116881,111.78833242536105,110.54510303595647,109.41154060865449
E01001106,Croydon 039C,561.0,1.4759358288770053,0,0.0,,False,1.0,828.0,104.03766233766233,0.159,104.03766233766233,103.13556055093255,101.45622794231214,99.92503155627205
E01001121,Croydon 039D,540.0,1.5925925925925926,0,0.0,,False,1.0,860.0,108.05844155844154,0.072,108.05844155844154,106.20410528720564,102.75211415555864,99.6046278754211
E01001069,Croydon 040A,506.0,1.4288537549407114,1,0.0321570216041666,0.0321570216041666,True,1.0321570216041667,723.0,93.76576844216473,0.087,93.76576844216473,92.29394838134054,89.55404091355484,87.05582442491999
E01001070,Croydon 040B,647.0,1.3616692426584236,1,0.0,0.0,True,1.0,881.0000000000001,110.69707792207792,0.236,110.69707792207792,110.56898474416484,110.33052933505729,110.11310840320444
E01001075,Croydon 040C,644.0,1.1149068322981366,3,0.2001994598657405,0.03336657664429,True,1.03336657664429,718.0,93.22644064475399,0.18,93.22644064475399,92.60912247805732,91.4599367182268,90.41212220351507
E01001099,Croydon 040D,597.0,1.135678391959799,0,0.0,,False,1.0,678.0,85.19025974025972,0.253,85.19025974025972,85.23300248023413,85.31257141367011,85.38512146283419
E01001015,Croydon 041A,557.0,1.1741472172351886,0,0.0,,False,1.0,654.0,82.1746753246753,0.339,82.1746753246753,82.90551470633878,84.26602903337562,85.50653053380562
E01001016,Croydon 041B,651.0,1.4101382488479262,0,0.0,,False,1.0,917.9999999999999,115.34610389610387,0.118,115.34610389610387,113.884466727663,111.16351550570336,108.68258310656496
E01001023,Croydon 041C,1119.0,0.9794459338695264,2,0.1219552469097222,0.0609776234548611,True,1.0609776234548611,1096.0,146.1090197868916,0.26,146.1090197868916,146.28213008436248,146.60438836131885,146.89821979561256
E01001067,Croydon 041D,576.0,1.6649305555555556,1,0.0550555555540123,0.0550555555540123,True,1.0550555555540122,959.0,127.1317965907231,0.058,127.1317965907231,124.77647240004175,120.39185330775243,116.39400745290942
E01001074,Croydon 041E,814.0,1.0442260442260445,0,0.0,,False,1.0,850.0000000000002,106.80194805194806,0.263,106.80194805194806,106.95975288137073,107.25351883965347,107.52137130161078
E01001068,Croydon 042A,756.0,1.3015873015873016,0,0.0,,False,1.0,984.0,123.63896103896101,0.191,123.63896103896101,122.95297351975101,121.67595442161561,120.51158292193075
E01001071,Croydon 042B,723.0,1.3706777316735823,0,0.0,,False,1.0,991.0,124.51850649350646,0.154,124.51850649350646,123.37806360720361,121.25504051223744,119.31929218352346
E01001072,Croydon 042C,539.0,1.790352504638219,0,0.0,,False,1.0,965.0,121.25162337662336,0.055,121.25162337662336,118.9697433028304,114.72184614393741,110.84866179404841
E01001104,Croydon 042D,642.0,1.4143302180685358,0,0.0,,False,1.0,908.0,114.08961038961036,0.095,114.08961038961036,112.3878357373309,109.21984992005787,106.3313164576965
E01001017,Croydon 043A,631.0,1.5594294770206023,0,0.0,,False,1.0,984.0,123.63896103896101,0.052,123.63896103896101,121.27595818080044,116.87704465203144,112.86616529247007
E01001024,Croydon 043B,529.0,1.2930056710775046,0,0.0,,False,1.0,684.0,85.94415584415583,0.117,85.94415584415583,84.84670630788682,82.80371867646556,80.94094577376664
E01001025,Croydon 043C,493.0,1.5050709939148073,0,0.0,,False,1.0,742.0,93.23181818181817,0.078,93.23181818181817,91.68650022496952,88.80977070974468,86.18680143330945
E01001026,Croydon 043D,670.0,1.3985074626865672,1,0.0165223765432098,0.0082611882716049,True,1.0082611882716048,937.0,118.7060596850198,0.189,118.7060596850198,118.02427444249363,116.75507820910524,115.59783950858571
E01001027,Croydon 043E,991.0,1.4480322906155398,1,0.0,0.0,True,1.0,1435.0,180.30681818181816,0.103,180.30681818181816,177.75809620192473,173.01345208958057,168.68733951332564
E01001018,Croydon 044A,633.0,1.5497630331753554,0,0.0,,False,1.0,980.9999999999999,123.26201298701294,0.058,123.26201298701294,120.97838285854849,116.72722783682902,112.8510730046421
E01001019,Croydon 044B,593.0,1.4620573355817876,0,0.0,,False,1.0,867.0000000000001,108.93798701298701,0.07,108.93798701298701,107.047296672095,103.52762961348772,100.31843719232036
E01001020,Croydon 044C,642.0,1.398753894080997,0,0.0,,False,1.0,898.0,112.83311688311686,0.114,112.83311688311686,111.35928202356617,108.61562385131337,106.11398751297415
E01001021,Croydon 044D,545.0,1.0201834862385322,0,0.0,,False,1.0,556.0,69.86103896103894,0.431,69.86103896103894,71.10954065281922,73.43372361506007,75.55288722446726
E01001022,Croydon 044E,622.0,1.4935691318327975,1,0.0,0.0,True,1.0,929.0,116.72824675324672,0.049,116.72824675324672,114.46315080200681,110.24649859210416,106.40180303158921
E01000990,Croydon 045A,534.0,0.9307116104868914,2,0.1210219907399691,0.0605109953699845,True,1.0605109953699845,497.0,66.22650140859331,0.493,66.22650140859331,67.8107227841951,70.75987403791993,73.44887663240826
E01001189,Croydon 045B,458.0,0.965065502183406,3,0.1537735339483023,0.025628922324717,True,1.025628922324717,441.99999999999994,56.96036677900392,0.145,56.96036677900392,56.388652462981455,55.32436181658766,54.35395370142981
E01001190,Croydon 045C,603.0,0.9419568822553898,0,0.0,,False,1.0,568.0,71.36883116883115,0.263,71.36883116883115,71.47428192543359,71.67058670696841,71.8495751756646
E01001194,Croydon 045D,617.0,0.9513776337115072,1,0.1196385030856481,0.1196385030856481,True,1.1196385030856482,586.9999999999999,82.58024646346219,0.198,82.58024646346219,82.17847355110939,81.43054203949985,80.74858658785004
E01032569,Croydon 045E,682.0,0.8137829912023461,1,0.0,0.0,True,1.0,555.0,69.7353896103896,0.491,69.7353896103896,71.38993826487443,74.47000921573454,77.27838290209945
E01034147,Croydon 046A,641.0,0.2121684867394696,0,0.0,,False,1.0,136.0,17.088311688311684,0.159,17.088311688311684,16.940140380346406,16.664307971201026,16.412807115522945
E01034148,Croydon 046B,839.0,0.2586412395709178,0,0.0,,False,1.0,217.00000000000003,27.26590909090909,0.238,27.26590909090909,27.23967962009569,27.190851421003554,27.146330424029564
E01034149,Croydon 046C,1092.0,0.4679487179487179,0,0.0,,False,1.0,510.99999999999994,64.20681818181816,0.354,64.20681818181816,64.87183712611574,66.10982159187952,67.23860175741716
E01034150,Croydon 046D,668.0,0.3892215568862275,1,0.1290138888888888,0.0645069444444444,True,1.0645069444444444,260.0,34.77619764610389,0.512,34.77619764610389,35.67256478819145,37.34122190997858,38.862684508456624
E01034151,Croydon 046E,644.0,0.4239130434782608,0,0.0,,False,1.0,272.99999999999994,34.30227272727271,0.225,34.30227272727271,34.225759947140794,34.08332545854775,33.95345531069164
E01001035,Croydon 047C,838.0,0.747016706443914,2,0.0,0.0,True,1.0,626.0,78.65649350649349,0.25,78.65649350649349,78.67293181827525,78.7035330136302,78.73143483575616
E01001047,Croydon 047A,845.0,0.5822485207100592,0,0.0,,False,1.0,492.0,61.81948051948051,0.316,61.81948051948051,62.2305404194756,62.995760380584876,63.693479243996265
E01001170,Croydon 047D,896.0,0.6473214285714286,0,0.0,,False,1.0,580.0,72.87662337662336,0.372,72.87662337662336,73.7594446061104,75.40288495848395,76.90135519321255
E01034152,Croydon 047B,728.0,0.5164835164835165,1,0.0373229166666666,0.0373229166666666,True,1.0373229166666667,376.00000000000006,49.00744553571428,0.388,49.00744553571428,49.677632985647506,50.925239026470194,52.06279203479226
E01001269,Ealing 001A,796.0,0.9886934673366834,0,0.0,,False,1.0,787.0,98.88603896103893,0.275,98.88603896103893,99.14794088344058,99.6354916731844,100.08003494200122
E01001271,Ealing 001B,633.0,1.0758293838862558,1,0.0,0.0,True,1.0,680.9999999999999,85.56720779220777,0.389,85.56720779220777,86.74570768760256,88.93957686368155,90.93992184395117
E01001309,Ealing 001C,600.0,1.2733333333333334,2,0.0,0.0,True,1.0,764.0,95.99610389610388,0.316,95.99610389610388,96.63441642373853,97.8226848186318,98.90613443579907
E01001310,Ealing 001D,755.0,1.0940397350993378,1,0.0,0.0,True,1.0,826.0000000000001,103.78636363636363,0.234,103.78636363636363,103.64601196485893,103.38473641691138,103.14650834182711
E01001311,Ealing 001E,955.0,0.8806282722513089,1,0.0108132716049382,0.0108132716049382,True,1.0108132716049383,841.0,106.8137542433261,0.352,106.8137542433261,107.89922635714728,109.91991708551416,111.76235992542419
E01001307,Ealing 002A,607.0,1.255354200988468,3,0.2394398148136571,0.0589569830244019,True,1.0589569830244019,762.0,101.38963004934998,0.251,101.38963004934998,101.4207130663648,101.47857651904292,101.53133575754623
E01001308,Ealing 002B,687.0,1.1790393013100438,0,0.0,,False,1.0,810.0000000000001,101.77597402597401,0.205,101.77597402597401,101.35032931605302,100.55795859739126,99.83548398182627
E01001312,Ealing 002C,606.0,1.1287128712871286,2,0.0309463734560185,0.0154731867280092,True,1.0154731867280091,683.9999999999999,87.27398581571356,0.271,87.27398581571356,87.47106769278528,87.8379509288051,88.17247089358668
E01001313,Ealing 002D,519.0,1.2273603082851638,0,0.0,,False,1.0,637.0,80.03863636363634,0.301,80.03863636363634,80.45368777533764,81.22633824580247,81.93083216319256
E01001314,Ealing 002E,510.0,1.2333333333333334,0,0.0,,False,1.0,629.0,79.03344155844154,0.278,79.03344155844154,79.26589999852857,79.69863945690203,80.093206376735
E01001315,Ealing 003A,499.0,1.128256513026052,0,0.0,,False,1.0,563.0,70.74058441558441,0.291,70.74058441558441,71.0383898660443,71.5927778645374,72.09826254065167
E01001316,Ealing 003B,614.0,0.8631921824104235,5,0.2793846450597992,0.0558769290119598,True,1.0558769290119598,530.0,70.31523276287112,0.445,70.31523276287112,71.6679118392774,74.1860291021224,76.48201980265495
E01001317,Ealing 003C,728.0,1.0631868131868132,2,0.0374351851851851,0.0093587962962962,True,1.0093587962962962,774.0,98.162764650974,0.407,98.162764650974,99.68716002841245,102.52494053546899,105.11239654893235
E01001318,Ealing 003D,716.0,0.8547486033519553,0,0.0,,False,1.0,612.0,76.89740259740259,0.534,76.89740259740259,79.04453927055427,83.04160111371905,86.68607667360266
E01001320,Ealing 003E,547.0,0.9104204753199268,0,0.0,,False,1.0,497.99999999999994,62.5733766233766,0.501,62.5733766233766,64.11905861416766,66.99646580687757,69.62005298194151
E01001321,Ealing 003F,794.0,1.0982367758186398,1,0.0,0.0,True,1.0,872.0,109.56623376623375,0.33,109.56623376623375,110.44446167153231,112.07935119382749,113.57002487887537
E01001270,Ealing 004A,585.0,1.2752136752136751,1,0.0,0.0,True,1.0,746.0,93.73441558441557,0.258,93.73441558441557,93.82717886784592,93.99986493170124,94.15731812205647
E01001319,Ealing 004B,507.0,1.232741617357002,1,0.0,0.0,True,1.0,625.0,78.53084415584414,0.287,78.53084415584414,78.83079264538664,79.38917007773958,79.89829227430525
E01001322,Ealing 004C,732.0,1.01775956284153,1,0.0,0.0,True,1.0,744.9999999999999,93.6087662337662,0.357,93.6087662337662,94.60571781457152,96.46162068882613,98.15381183625742
E01001323,Ealing 004D,775.0,0.9393548387096774,2,0.0,0.0,True,1.0,728.0,91.47272727272725,0.364,91.47272727272725,92.50941185777796,94.43928080842137,96.19891338364052
E01001341,Ealing 005A,588.0,1.096938775510204,3,0.0404517746905863,0.006741962448431,True,1.006741962448431,645.0,81.59022563524839,0.322,81.59022563524839,82.1805184244872,83.27939434313026,84.28133691644516
E01001342,Ealing 005B,641.0,1.0686427457098284,0,0.0,,False,1.0,685.0,86.06980519480517,0.353,86.06980519480517,86.95287013691318,88.59676417927773,90.0956480833837
E01001343,Ealing 005C,478.0,1.2217573221757323,0,0.0,,False,1.0,584.0,73.37922077922076,0.287,73.37922077922076,73.65949264784928,74.18124052063988,74.65696430111083
E01001345,Ealing 005D,524.0,1.2194656488549618,1,0.0,0.0,True,1.0,639.0,80.28993506493504,0.327,80.28993506493504,80.90999445819416,82.06428322438342,83.11675060229473
E01001265,Ealing 006A,631.0,1.039619651347068,1,0.0,0.0,True,1.0,655.9999999999999,82.425974025974,0.318,82.425974025974,82.99014037070559,84.04037988173506,84.99797633136635
E01001266,Ealing 006B,597.0,1.2160804020100502,1,0.0,0.0,True,1.0,726.0,91.22142857142856,0.28,91.22142857142856,91.50753815642445,92.04015339207783,92.52578591049378
E01001267,Ealing 006C,820.0,0.7987804878048781,0,0.0,,False,1.0,655.0,82.30032467532466,0.409,82.30032467532466,83.5944500084407,86.0035649259733,88.20016852691904
E01001272,Ealing 006D,590.0,1.011864406779661,2,0.1307183641971448,0.0208367091048739,True,1.020836709104874,597.0,76.57567936197432,0.269,76.57567936197432,76.73365763395333,77.02774646903875,77.29589332639509
E01001349,Ealing 006E,490.0,1.0775510204081633,1,0.0,0.0,True,1.0,528.0,66.34285714285713,0.417,66.34285714285713,67.43785107714703,69.47626741457681,71.3348722633695
E01001344,Ealing 007A,901.0,0.9322974472807992,1,0.0151597222218364,0.0075798611109182,True,1.0075798611109181,840.0000000000001,106.3454744317978,0.415,106.3454744317978,108.07995995274005,111.30883959508887,114.25289535506397
E01001346,Ealing 007B,683.0,1.1537335285505124,0,0.0,,False,1.0,788.0,99.0116883116883,0.375,99.0116883116883,100.24009258634918,102.52686264417704,104.61191359255781
E01001347,Ealing 007C,686.0,1.0262390670553936,2,0.1138784722114196,0.0284696180528549,True,1.028469618052855,704.0,90.97548392833252,0.38,90.97548392833252,92.148573313269,94.3323704034973,96.32353177036285
E01001348,Ealing 007D,670.0,0.8865671641791045,3,0.0214938271597222,0.0071646090532407,True,1.0071646090532407,594.0,75.17044999998079,0.465,75.17044999998079,76.76323531471252,79.72832900691903,82.43186773562071
E01001257,Ealing 008A,810.0,0.845679012345679,1,0.0,0.0,True,1.0,685.0,86.06980519480517,0.518,86.06980519480517,88.33867363083677,92.56234861446558,96.41344746024656
E01001324,Ealing 008B,644.0,0.84472049689441,0,0.0,,False,1.0,544.0,68.35324675324674,0.458,68.35324675324674,69.75489244912403,72.36416488095465,74.74326982854173
E01001326,Ealing 008C,675.0,0.9925925925925926,3,0.030859567900077,0.010286522633359,True,1.010286522633359,670.0,85.05103651091027,0.436,85.05103651091027,86.61249890548207,89.51928254665489,92.16965483354852
E01001330,Ealing 008D,641.0,0.8767550702028081,1,0.0529236111107252,0.0264618055553626,True,1.0264618055553627,562.0,72.48353374592793,0.605,72.48353374592793,75.00961194062498,79.71210288641716,83.99978068450298
E01001332,Ealing 008E,579.0,0.8031088082901554,2,0.0,0.0,True,1.0,465.0,58.42694805194804,0.493,58.42694805194804,59.82459428187648,62.42642139691053,64.79873778926245
E01001325,Ealing 009A,619.0,1.340872374798061,2,0.0289872685185185,0.0144936342592592,True,1.0144936342592592,829.9999999999998,105.80048709753783,0.332,105.80048709753783,106.66917898055507,108.28631645600909,109.76080402650855
E01001327,Ealing 009B,591.0,1.1336717428087986,2,0.0536975308641974,0.0134243827160493,True,1.0134243827160494,670.0,85.3151974657287,0.385,85.3151974657287,86.4569257801152,88.58234179939284,90.5202719692972
E01001328,Ealing 009C,591.0,0.9932318104906938,4,0.4417229938209877,0.0601339699065393,True,1.0601339699065393,587.0,78.19142006808396,0.442,78.19142006808396,79.67272607724856,82.43029237534148,84.9446099847486
E01001329,Ealing 009D,639.0,1.217527386541471,1,0.0,0.0,True,1.0,778.0,97.75519480519479,0.367,97.75519480519479,98.89169751056282,101.00738565239504,102.93644605420711
E01001331,Ealing 009E,629.0,0.7853736089030207,2,0.3085605709837962,0.1542802854918981,True,1.154280285491898,494.0,71.6470767596656,0.522,71.6470767596656,73.56371629531364,77.13168979734257,80.38492748459365
E01001258,Ealing 010B,649.0,1.1047765793528506,0,0.0,,False,1.0,717.0,90.09058441558439,0.315,90.09058441558439,90.6808378637653,91.77964054597057,92.78151634313386
E01001262,Ealing 010C,542.0,0.9797047970479704,4,0.1046801697515431,0.0261700424378857,True,1.0261700424378857,531.0,68.4658653282007,0.398,68.4658653282007,69.46896081609741,71.33630105105193,73.03892065397778
E01001263,Ealing 010D,736.0,0.9456521739130436,1,0.046639660493827,0.0233198302469135,True,1.0233198302469135,696.0000000000001,89.49131263528137,0.458,89.49131263528137,91.3264136602037,94.74259688542091,97.85743392345155
E01001264,Ealing 010E,626.0,1.1198083067092652,0,0.0,,False,1.0,701.0,88.08019480519478,0.382,88.08019480519478,89.23314066457897,91.37943901596189,93.33640945894115
E01032743,Ealing 010F,819.0,0.927960927960928,1,0.0,0.0,True,1.0,760.0,95.49350649350647,0.501,95.49350649350647,97.85237860796671,102.24360243619871,106.24747041420794
E01032744,Ealing 010G,518.0,1.001930501930502,2,0.0,0.0,True,1.0,519.0,65.21201298701298,0.457,65.21201298701298,66.54288134096511,69.02039624831806,71.27936618258009
E01001276,Ealing 011A,697.0,0.8938307030129125,1,0.1151593364182098,0.1151593364182098,True,1.1151593364182097,623.0,87.29416596420998,0.434,87.29416596420998,88.87977367940857,91.83150571207186,94.52286143146438
E01001277,Ealing 011B,716.0,0.8952513966480447,1,0.0,0.0,True,1.0,641.0,80.54123376623374,0.345,80.54123376623374,81.30470170063069,82.72595661524146,84.02184069307253
E01001278,Ealing 011C,800.0,0.8475,6,0.0657272376531633,0.0054772698044302,True,1.0054772698044303,678.0,85.65686977756661,0.343,85.65686977756661,86.45211291378659,87.9325198369089,89.28233804380706
E01001280,Ealing 011D,776.0,0.8775773195876289,2,0.0,0.0,True,1.0,681.0,85.56720779220777,0.251,85.56720779220777,85.59344012952295,85.64227366483098,85.68679952730601
E01001218,Ealing 012A,725.0,0.9255172413793104,1,0.0,0.0,True,1.0,671.0,84.31071428571427,0.465,84.31071428571427,86.09717249620606,89.42280334069429,92.45507574715174
E01001260,Ealing 012B,688.0,1.0770348837209305,1,0.0,0.0,True,1.0,741.0000000000002,93.10616883116884,0.306,93.10616883116884,93.63441087376084,94.61777450347364,95.51439428459996
E01001261,Ealing 012C,858.0,0.7937062937062938,2,0.0837172067897376,0.0418586033948688,True,1.0418586033948687,681.0,89.14893160678811,0.339,89.14893160678811,89.94179814132615,91.41778083565195,92.7635650810172
E01001268,Ealing 012D,641.0,1.2355694227769112,1,0.0466130401226849,0.0155376800408949,True,1.0155376800408948,792.0000000000001,101.06050684521247,0.239,101.06050684521247,100.97314949677765,100.81052700119317,100.66224965800959
E01001209,Ealing 013A,654.0,1.091743119266055,3,0.146025848763503,0.0486752829211676,True,1.0486752829211676,713.9999999999999,94.08047299552308,0.113,94.08047299552308,92.84240611321466,90.53764836004511,88.43619643549144
E01001211,Ealing 013B,718.0,0.8746518105849582,5,0.134049768516975,0.0227785108021604,True,1.0227785108021603,628.0,80.70519420497202,0.163,80.70519420497202,80.0369075715421,78.7928400484166,77.6585134203137
E01001279,Ealing 013C,555.0,1.2576576576576577,3,0.0,0.0,True,1.0,698.0,87.70324675324675,0.07,87.70324675324675,86.18109928157129,83.34750342585285,80.76386292991882
E01001281,Ealing 013D,618.0,1.0210355987055015,1,0.0,0.0,True,1.0,631.0,79.28474025974023,0.096,79.28474025974023,78.10985604163339,75.92271772992162,73.92850987528224
E01001217,Ealing 014A,440.0,1.4068181818181815,0,0.0,,False,1.0,618.9999999999999,77.77694805194803,0.256,77.77694805194803,77.83874003316059,77.95377061011763,78.05865418280398
E01001259,Ealing 014B,516.0,1.0406976744186047,1,0.0419957561724536,0.0139985853908178,True,1.0139985853908178,537.0,68.41823766796568,0.325,68.41823766796568,68.93326217619298,69.89202033810741,70.7662051333493
E01001291,Ealing 014C,509.0,1.3202357563850688,0,0.0,,False,1.0,672.0,84.43636363636362,0.327,84.43636363636362,85.088444876223,86.3023447993516,87.40916495264798
E01001292,Ealing 014D,508.0,1.328740157480315,1,0.0,0.0,True,1.0,675.0,84.81331168831167,0.266,84.81331168831167,84.96345588425609,85.24296097775405,85.49781054528282
E01001293,Ealing 014E,570.0,1.173684210526316,0,0.0,,False,1.0,669.0000000000002,84.0594155844156,0.305,84.0594155844156,84.52812783248214,85.4006721216264,86.19624808754254
E01001196,Ealing 015A,695.0,0.5884892086330935,0,0.0,,False,1.0,409.0,51.39058441558441,0.45,51.39058441558441,52.40427713518263,54.29134494081633,56.01195191847318
E01001239,Ealing 015C,562.0,0.6654804270462633,2,0.206018518517361,0.0343364197528935,True,1.0343364197528935,374.0,48.60642361110203,0.484,48.60642361110203,49.72646278973419,51.811502796614064,53.71261857730878
E01001246,Ealing 015D,818.0,0.5158924205378973,3,4.822530864197531e-05,1.6075102880658438e-05,True,1.0000160751028806,422.0,53.02487834069864,0.397,53.02487834069864,53.79657321577197,55.23314322004364,56.54299142256349
E01001247,Ealing 015E,813.0,0.7650676506765067,1,0.0,0.0,True,1.0,622.0,78.15389610389609,0.389,78.15389610389609,79.2302939525533,81.23409223085157,83.06113272678066
E01034026,Ealing 015F,627.0,0.1993620414673046,0,0.0,,False,1.0,124.99999999999999,15.706168831168826,0.11,15.706168831168826,15.494883127148029,15.101558363006164,14.742929313404815
E01034027,Ealing 015G,894.0,0.4865771812080537,1,0.1002627314814814,0.0501313657407407,True,1.0501313657407407,435.0,57.39752102780031,0.535,57.39752102780031,59.00578106023644,61.99968214250966,64.72948712206302
E01001210,Ealing 016A,753.0,0.6733067729083665,2,0.0097222222222222,0.0048611111111111,True,1.0048611111111112,506.99999999999994,64.0138940746753,0.595,64.0138940746753,66.18233653533811,70.21906075834305,73.89970002538105
E01001282,Ealing 016B,612.0,0.9052287581699346,2,0.038214120368827,0.0191070601844135,True,1.0191070601844134,554.0,70.9397777563045,0.425,70.9397777563045,72.16602341974095,74.44877505495646,76.53016205127076
E01001283,Ealing 016C,773.0,0.6804657179818887,2,0.0,0.0,True,1.0,526.0,66.09155844155843,0.408,66.09155844155843,67.12436093131525,69.04700305976111,70.80004630063716
E01001285,Ealing 016D,576.0,0.9982638888888888,3,0.0,0.0,True,1.0,575.0,72.24837662337661,0.373,72.24837662337661,73.13063742021467,74.77303448364198,76.270553459367
E01001286,Ealing 016E,613.0,0.866231647634584,0,0.0,,False,1.0,531.0,66.71980519480519,0.348,66.71980519480519,67.371788619945,68.5855064533687,69.69216057934169
E01001287,Ealing 016F,504.0,0.9007936507936508,1,0.0197519290123456,0.0197519290123456,True,1.0197519290123456,454.0,58.17155013753605,0.328,58.17155013753605,58.62647115096564,59.473341984653295,60.24550918567642
E01001294,Ealing 017A,569.0,1.3462214411247804,0,0.0,,False,1.0,766.0,96.24740259740258,0.303,96.24740259740258,96.76529071256083,97.72937970140427,98.60842508405239
E01001295,Ealing 017B,524.0,1.3454198473282444,0,0.0,,False,1.0,705.0,88.58279220779218,0.243,88.58279220779218,88.54079679471492,88.46261906839781,88.39133750607294
E01001296,Ealing 017C,417.0,1.2949640287769784,0,0.0,,False,1.0,540.0,67.85064935064933,0.326,67.85064935064933,68.36802224514541,69.33115211067114,70.2093229755791
E01001297,Ealing 017D,514.0,1.1070038910505835,2,0.0,0.0,True,1.0,568.9999999999999,71.49448051948049,0.391,71.49448051948049,72.49311263835176,74.35214396486724,76.04718759951345
E01001298,Ealing 017E,585.0,1.1145299145299146,1,0.0133256172831788,0.0044418724277262,True,1.0044418724277262,652.0,82.28726981118622,0.33,82.28726981118622,82.94684324101864,84.17469045825177,85.29422759579434
E01001204,Ealing 018A,594.0,1.1363636363636365,2,0.0,0.0,True,1.0,675.0000000000001,84.81331168831169,0.219,84.81331168831169,84.57447454521852,84.1298606352959,83.72446672549981
E01001205,Ealing 018B,654.0,0.8211009174311926,1,0.0,0.0,True,1.0,537.0,67.47370129870129,0.487,67.47370129870129,69.04825221231538,71.97940114923381,74.65198943586385
E01001206,Ealing 018C,553.0,0.6871609403254972,2,0.0069023919753086,0.0034511959876543,True,1.0034511959876542,380.0,47.91153664998195,0.696,47.91153664998195,50.006721433183145,53.907070794279164,57.4633650122008
E01001207,Ealing 018D,758.0,0.7638522427440633,3,0.2292665895057868,0.0587323816871998,True,1.0587323816871999,579.0,77.02381200058309,0.197,77.02381200058309,76.64155639980036,75.92995788102422,75.28113043929629
E01001208,Ealing 018E,509.0,1.200392927308448,2,0.0197854938271604,0.0032975823045267,True,1.0032975823045267,611.0,77.02491442174721,0.11,77.02491442174721,75.98874427448354,74.05983298977486,72.30107360347068
E01001212,Ealing 018F,724.0,0.951657458563536,1,0.0322793209868826,0.0107597736622942,True,1.0107597736622942,689.0000000000001,87.50390205475166,0.203,87.50390205475166,87.12086811561443,86.40782065948054,85.75767209313776
E01001224,Ealing 019B,579.0,1.184801381692573,3,0.0542457561724535,0.0090409593620755,True,1.0090409593620755,685.9999999999998,86.97474414719558,0.096,86.97474414719558,85.68590528693498,83.28663154961211,81.09900102493143
E01001226,Ealing 019C,672.0,0.7827380952380952,1,0.0,0.0,True,1.0,526.0,66.09155844155843,0.152,66.09155844155843,65.47333898680942,64.32247540920014,63.27313107930697
E01001227,Ealing 019D,605.0,1.0231404958677686,3,0.0464000771601079,0.0154666923867026,True,1.0154666923867026,619.0,78.97990018224407,0.173,78.97990018224407,78.40296966591625,77.32896865712789,76.34970674390208
E01001228,Ealing 019E,825.0,0.6909090909090909,2,0.244714891974537,0.1223574459872685,True,1.1223574459872685,570.0,80.38338604231542,0.213,80.38338604231542,80.10996019601045,79.60095672600941,79.13685314715514
E01034028,Ealing 019F,648.0,0.4861111111111111,1,0.0,0.0,True,1.0,315.0,39.579545454545446,0.376,39.579545454545446,40.074457612736474,40.9957750714523,41.83582185905101
E01034029,Ealing 019G,700.0,0.5242857142857142,2,0.0534695216045524,0.0267347608022762,True,1.026734760802276,366.99999999999994,47.34614004609949,0.372,47.34614004609949,47.91968716766346,48.98738972406165,49.960908779983356
E01001195,Ealing 021A,615.0,0.9821138211382112,2,0.0608557098761571,0.0112309027777134,True,1.0112309027777133,603.9999999999999,76.74454579950806,0.228,76.74454579950806,76.59583011063758,76.31898429411505,76.0665594251084
E01001197,Ealing 021B,718.0,0.745125348189415,2,0.0,0.0,True,1.0,535.0,67.22240259740259,0.199,67.22240259740259,66.90190897121568,66.30528516974667,65.7612903685111
E01001198,Ealing 021C,596.0,0.8557046979865772,1,0.0,0.0,True,1.0,510.0,64.08116883116881,0.162,64.08116883116881,63.54428581002566,62.54483632695927,61.63354964756936
E01001199,Ealing 021D,671.0,0.6408345752608048,5,0.049805169751929,0.0099610339503858,True,1.0099610339503857,430.0,54.56740768171547,0.353,54.56740768171547,55.12726214631401,56.16947475725488,57.11975237061525
E01001284,Ealing 022A,587.0,1.0732538330494037,2,0.0068040123452931,0.0017010030863232,True,1.0017010030863231,630.0,79.29374076703779,0.211,79.29374076703779,79.00854619009739,78.47763431307528,77.99355489769977
E01001288,Ealing 022B,535.0,0.9327102803738316,0,0.0,,False,1.0,498.99999999999994,62.69902597402596,0.279,62.69902597402596,62.88955879589583,63.24425045651038,63.5676542814011
E01001289,Ealing 022C,477.0,0.989517819706499,1,0.1411404320983795,0.0352851080245948,True,1.0352851080245948,472.0,61.39912953643005,0.267,61.39912953643005,61.51381524010723,61.72731159357952,61.92197514217702
E01001290,Ealing 022D,797.0,0.9121706398996235,2,0.0826192129625771,0.0206548032406442,True,1.0206548032406442,727.0,93.23383384316621,0.231,93.23383384316621,93.08045884295551,92.79493935614163,92.53460593314415
E01001213,Ealing 023A,536.0,1.0093283582089552,0,0.0,,False,1.0,541.0,67.97629870129869,0.351,67.97629870129869,68.66046019368397,69.93408000092329,71.09535206580387
E01001214,Ealing 023B,500.0,1.306,0,0.0,,False,1.0,653.0,82.04902597402595,0.288,82.04902597402595,82.37041861183036,82.96871599331767,83.51423674579281
E01001215,Ealing 023C,620.0,0.7516129032258064,0,0.0,,False,1.0,466.0,58.552597402597385,0.507,58.552597402597385,60.03324031643606,62.78957221102839,65.30276430535332
E01001216,Ealing 023D,494.0,1.0870445344129556,2,0.0935189043206017,0.0155864840534336,True,1.0155864840534337,537.0,68.52537906801965,0.384,68.52537906801965,69.43573129341353,71.1304227350258,72.67562313042667
E01001361,Ealing 023E,604.0,0.7218543046357616,2,0.0,0.0,True,1.0,436.0,54.783116883116875,0.408,54.783116883116875,55.639204117972334,57.23287706094268,58.68596993741028
E01001240,Ealing 024A,657.0,0.593607305936073,2,0.1008352623437499,0.0252088155859374,True,1.0252088155859373,390.0,50.23856056376153,0.382,50.23856056376153,50.896169694980145,52.12036021763204,53.2365632226157
E01001241,Ealing 024B,656.0,0.6920731707317073,3,0.0,0.0,True,1.0,453.99999999999994,57.04480519480518,0.248,57.04480519480518,57.04559388985472,57.04706210700544,57.0484008107164
E01001242,Ealing 024C,612.0,0.826797385620915,1,0.0,0.0,True,1.0,505.99999999999994,63.57857142857141,0.267,63.57857142857141,63.69732805033669,63.91840273431774,64.1199761185414
E01001243,Ealing 024D,959.0,0.5620437956204379,2,0.0,0.0,True,1.0,539.0,67.725,0.373,67.725,68.55202359912296,70.09159232466614,71.49535359060663
E01001244,Ealing 024E,1165.0,0.5004291845493563,1,0.077619984567901,0.0258733281893003,True,1.0258733281893002,583.0,75.14888512318119,0.374,75.14888512318119,76.07389860012469,77.79588310131477,79.36596899823866
E01001245,Ealing 024F,921.0,0.5211726384364821,4,0.0480898919753085,0.0120224729938271,True,1.0120224729938272,480.0,61.0367839556277,0.298,61.0367839556277,61.33543047722184,61.89138419501923,62.39829647619996
E01001200,Ealing 025A,630.0,0.8444444444444444,3,0.0485185185185185,0.0161728395061728,True,1.0161728395061729,532.0,67.92653535353534,0.201,67.92653535353534,67.61594138912282,67.03774657768201,66.51055512009901
E01001201,Ealing 025B,630.0,0.7666666666666667,1,0.0138981481477623,0.0138981481477623,True,1.0138981481477622,483.00000000000006,61.53209602270385,0.168,61.53209602270385,61.05259588609888,60.15996910375123,59.34608214878039
E01001202,Ealing 025C,999.0,0.5155155155155156,4,0.1429726080246912,0.0357431520061728,True,1.0357431520061728,515.0,67.02233406187996,0.454,67.02233406187996,68.37052765528095,70.8802948427941,73.16867203954206
E01001203,Ealing 025D,851.0,0.4324324324324324,3,0.1388595678993054,0.0231432613165509,True,1.023143261316551,368.0,47.30908139729152,0.453,47.30908139729152,48.256114856456264,50.01909126646343,51.62655311995211
E01001351,Ealing 025E,833.0,0.5306122448979592,2,0.0514398148136574,0.0257199074068287,True,1.0257199074068286,442.0,56.96541981869079,0.353,56.96541981869079,57.549877574119606,58.63789112368894,59.62992951233895
E01001359,Ealing 026A,623.0,0.8940609951845907,2,0.0781859567897376,0.0195464891974344,True,1.0195464891974344,557.0,71.35468235873692,0.386,71.35468235873692,72.31654734591781,74.10713379838315,75.7397701747825
E01001360,Ealing 026B,552.0,0.9891304347826086,1,0.0,0.0,True,1.0,546.0,68.60454545454544,0.301,68.60454545454544,68.96030380743228,69.62257563925927,70.22642756845079
E01001362,Ealing 026C,716.0,0.7891061452513967,1,0.0,0.0,True,1.0,565.0,70.9918831168831,0.458,70.9918831168831,72.4476364591086,75.15763448113856,77.62857987707
E01001363,Ealing 026D,527.0,0.8918406072106262,2,0.0382654320987654,0.0191327160493827,True,1.0191327160493826,470.0,60.185081078643556,0.414,60.185081078643556,61.160821620699195,62.97723849729918,64.63342676084812
E01001364,Ealing 026E,550.0,0.8181818181818182,0,0.0,,False,1.0,450.0,56.54220779220778,0.467,56.54220779220778,57.751314549029715,60.0021607771423,62.05445678588194
E01001365,Ealing 026F,679.0,0.9970544918998528,1,0.0,0.0,True,1.0,677.0000000000001,85.06461038961038,0.366,85.06461038961038,86.04527153456236,87.87084849599917,89.53538882079317
E01001231,Ealing 027A,786.0,0.950381679389313,3,0.2974232253040123,0.0495705375506687,True,1.0495705375506688,747.0,98.51275880843676,0.162,98.51275880843676,97.68740202211524,96.1509361981859,94.75000412267087
E01001234,Ealing 027B,608.0,0.7516447368421053,5,0.0557777777773917,0.0065946373456018,True,1.0065946373456018,457.0,57.80042888516421,0.232,57.80042888516421,57.71098411164816,57.54447571199104,57.39265524563942
E01001350,Ealing 027C,614.0,0.8599348534201955,1,0.0,0.0,True,1.0,528.0,66.34285714285713,0.206,66.34285714285713,66.07187367700514,65.56741688809676,65.1074589213873
E01001352,Ealing 027D,644.0,0.7795031055900621,4,0.0999224537033176,0.0211769868826195,True,1.0211769868826195,502.0,64.4117331005305,0.177,64.4117331005305,63.96636132757457,63.137267147420765,62.38130849704878
E01001354,Ealing 027E,889.0,0.6895388076490439,4,0.0135806327152777,0.0033951581788194,True,1.0033951581788194,613.0,77.28455739283099,0.241,77.28455739283099,77.23283519232636,77.13655029501791,77.04875881998069
E01001249,Ealing 028A,1090.0,0.4532110091743119,0,0.0,,False,1.0,493.99999999999994,62.0707792207792,0.465,62.0707792207792,63.38599584668522,65.83437384545898,68.06677707763481
E01001250,Ealing 028B,978.0,0.556237218813906,2,0.1065312499999998,0.0235788966049382,True,1.0235788966049382,544.0,69.96494089105337,0.47,69.96494089105337,71.48156313886633,74.30487336081407,76.87913553277764
E01001255,Ealing 028C,589.0,0.9592529711375212,1,0.0521450617280092,0.0521450617280092,True,1.0521450617280093,565.0,74.69375924420059,0.14,74.69375924420059,73.90761030349745,72.44413293234501,71.10975089851972
E01001383,Ealing 028D,649.0,0.8906009244992296,3,0.1045389660489966,0.0129649777091477,True,1.0129649777091476,578.0,73.56691039085986,0.161,73.56691039085986,72.94337544079333,71.78261665540487,70.72424998752292
E01001388,Ealing 028E,669.0,0.5754857997010463,3,0.0376385030864197,0.0125461676954732,True,1.0125461676954732,385.0,48.98192086226851,0.484,48.98192086226851,50.11061263456072,52.21176011722238,54.127562511265
E01001389,Ealing 028F,758.0,0.6451187335092349,2,0.2021230709868824,0.0672860725305747,True,1.0672860725305746,489.00000000000006,65.57675916360505,0.336,65.57675916360505,66.14078395009497,67.19075993945238,68.14811611301809
E01001219,Ealing 029A,765.0,0.7699346405228759,0,0.0,,False,1.0,589.0,74.00746753246752,0.51,74.00746753246752,75.90058916832119,79.4247822715172,82.63810148869972
E01001220,Ealing 029B,471.0,0.8067940552016986,0,0.0,,False,1.0,380.0,47.74675324675324,0.467,47.74675324675324,48.767776730291764,50.66849132292016,52.401541285855856
E01001334,Ealing 029C,517.0,0.8684719535783365,1,0.0909494598757715,0.0909494598757715,True,1.0909494598757714,449.0,61.54761395986806,0.498,61.54761395986806,63.049939951965705,65.84663658245722,68.39663278420853
E01001337,Ealing 029D,764.0,0.8651832460732984,0,0.0,,False,1.0,661.0,83.05422077922076,0.28,83.05422077922076,83.31471449228174,83.79964379085871,84.24179681382421
E01001338,Ealing 029E,534.0,1.0823970037453183,0,0.0,,False,1.0,578.0,72.62532467532466,0.411,72.62532467532466,73.78148994724799,75.93378148536124,77.89621644788546
E01001339,Ealing 029F,700.0,1.0971428571428572,1,0.0390111882716047,0.0195055941358023,True,1.0195055941358022,768.0,98.38096580086575,0.386,98.38096580086575,99.70714655426247,102.17593512875068,104.42694849188604
E01001340,Ealing 029G,545.0,0.8550458715596331,1,0.0,0.0,True,1.0,466.0,58.552597402597385,0.472,58.552597402597385,59.833262833703095,62.21732109722249,64.39107832582107
E01001251,Ealing 030A,734.0,0.8310626702997275,1,0.0288657407407405,0.0096219135802468,True,1.0096219135802469,610.0,77.38358608405481,0.222,77.38358608405481,77.1883248863887,76.82483098662854,76.49340138012695
E01001252,Ealing 030B,967.0,0.7094105480868665,2,0.046179012345679,0.0230895061728395,True,1.0230895061728396,686.0,88.18566502525252,0.363,88.18566502525252,89.17649118787492,91.02099111997006,92.7027851943408
E01001253,Ealing 030C,775.0,0.8838709677419355,3,0.0442577160489969,0.0147525720163323,True,1.0147525720163324,685.0,87.33955619437323,0.261,87.33955619437323,87.45155901140043,87.66006096279659,87.85017067234506
E01001254,Ealing 030D,744.0,0.8266129032258065,0,0.0,,False,1.0,615.0,77.27435064935064,0.175,77.27435064935064,76.72495986430837,75.70222620634544,74.76970928092179
E01001229,Ealing 031A,593.0,0.7892074198988196,2,0.0,0.0,True,1.0,468.0,58.80389610389609,0.352,58.80389610389609,59.40147822107747,60.513923790384055,61.52823901694774
E01001230,Ealing 031B,607.0,0.8583196046128501,1,0.0190154320983794,0.0063384773661264,True,1.0063384773661264,521.0,65.87824940775971,0.177,65.87824940775971,65.42273747964292,64.57476661232519,63.80159641314065
E01001232,Ealing 031C,616.0,0.9496753246753248,2,0.1387280092573302,0.0693640046286651,True,1.0693640046286652,585.0000000000001,78.60346228178787,0.267,78.60346228178787,78.75028347373815,79.02360253695879,79.2728117523882
E01001233,Ealing 031D,621.0,0.7471819645732689,4,0.1318449074066356,0.0241490644288194,True,1.0241490644288194,464.0,59.709220519920194,0.284,59.709220519920194,59.91980031301474,60.311810969087354,60.66924182988669
E01001237,Ealing 031E,673.0,0.8469539375928677,1,0.0420378086419753,0.0420378086419753,True,1.0420378086419753,570.0,74.6308831845238,0.135,74.6308831845238,73.80898309476268,72.27895218021652,70.8838873819409
E01001386,Ealing 031F,753.0,0.8446215139442231,1,0.020187114197145,0.0100935570985725,True,1.0100935570985725,636.0,80.71959331032006,0.11,80.71959331032006,79.63372085573407,77.61228486190959,75.76916249742567
E01001303,Ealing 032A,649.0,0.8489984591679507,5,0.1420073302457559,0.0142007330245755,True,1.0142007330245755,551.0,70.21594860648096,0.121,70.21594860648096,69.34674485662286,67.72865450125022,66.25329810567098
E01001382,Ealing 032B,563.0,1.0124333925399644,5,0.0549579475300924,0.0098043209874999,True,1.0098043209874998,570.0,72.32231661254303,0.103,72.32231661254303,71.30000653106113,69.39689683633635,67.66166304653083
E01001384,Ealing 032C,701.0,0.8345221112696148,1,0.0268499228391203,0.0268499228391203,True,1.0268499228391204,585.0,75.47847022115668,0.181,75.47847022115668,74.98603920507757,74.06934058529593,73.23350520254189
E01001385,Ealing 032D,666.0,0.8603603603603603,3,0.0117993827160493,0.0019665637860082,True,1.0019665637860082,573.0,72.13866476821788,0.148,72.13866476821788,71.43572321338651,70.12714285987451,68.93399416624753
E01001387,Ealing 032E,723.0,0.7261410788381742,4,0.1850061728383484,0.0211229584618055,True,1.0211229584618056,525.0,67.3593042485316,0.219,67.3593042485316,67.16961817841815,66.8165028120277,66.49453623429507
E01001353,Ealing 033A,634.0,0.6041009463722398,1,0.0866435185185184,0.0288811728395061,True,1.0288811728395062,383.0,49.51357023358585,0.32,49.51357023358585,49.86213012911153,50.51100147292688,51.10263498945298
E01001355,Ealing 033B,890.0,0.5584269662921348,2,0.0764679783946758,0.033644483024627,True,1.033644483024627,497.0,64.54874877288107,0.284,64.54874877288107,64.77639639652692,65.200180146085,65.58658135240647
E01001356,Ealing 033C,632.0,0.4667721518987341,0,0.0,,False,1.0,294.99999999999994,37.06655844155843,0.572,37.06655844155843,38.238980655953824,40.42153575635173,42.41156469100577
E01001357,Ealing 033D,1139.0,0.5522388059701493,3,0.1124934413580245,0.0124992712620027,True,1.0124992712620027,629.0,80.02130198325014,0.274,80.02130198325014,80.22543163301279,80.6054348458158,80.95191745631284
E01001358,Ealing 033E,822.0,0.5,0,0.0,,False,1.0,411.0,51.64188311688311,0.374,51.64188311688311,52.27754707622936,53.460884955344625,54.5398389842634
E01001375,Ealing 034A,708.0,0.9011299435028248,6,0.054163580245756,0.0090272633742926,True,1.0090272633742925,638.0,80.8879498346406,0.062,80.8879498346406,79.4209410666003,76.68999019437894,74.19994022778322
E01001377,Ealing 034B,700.0,0.9257142857142856,8,0.2471905864189812,0.0258362509644097,True,1.0258362509644097,647.9999999999999,83.52438690644505,0.086,83.52438690644505,82.20517307169472,79.74935395789994,77.51016600162016
E01001379,Ealing 034C,716.0,0.888268156424581,7,0.0925015432091046,0.0102138815401601,True,1.01021388154016,636.0,80.729208795858,0.062,80.729208795858,79.26507900418216,76.53948757028512,74.05432427864069
E01001381,Ealing 034D,857.0,0.6161026837806302,1,0.0901932870370369,0.0300644290123456,True,1.0300644290123455,528.0,68.33741726190473,0.285,68.33741726190473,68.58509504959554,69.04616650674,69.46656622104426
E01001248,Ealing 035A,566.0,1.0035335689045937,3,0.0707546296288577,0.0082913237310527,True,1.0082913237310527,568.0,71.96057325235877,0.229,71.96057325235877,71.82814996316941,71.58163371528273,71.35686300224674
E01001299,Ealing 035B,644.0,1.076086956521739,3,0.033378086419367,0.0067878086419323,True,1.0067878086419324,692.9999999999999,87.66604843749624,0.11,87.66604843749624,86.48672947295795,84.29133553599098,82.28960029607346
E01001305,Ealing 035C,633.0,1.0647709320695102,5,0.2186523919733792,0.0318098508226979,True,1.0318098508226978,674.0,87.38156424314636,0.089,87.38156424314636,86.02700921634343,83.50539972599194,81.20622485211001
E01001306,Ealing 035D,697.0,0.8393113342898135,1,0.0,0.0,True,1.0,585.0,73.50487012987011,0.161,73.50487012987011,72.8818610177222,71.72208112049974,70.66460699172197
E01001333,Ealing 038A,712.0,0.6783707865168539,2,0.0343989197527005,0.0171994598763502,True,1.0171994598763503,483.0,61.73244812972313,0.501,61.73244812972313,63.25735757956588,66.09609507236878,68.68442365455905
E01001335,Ealing 038B,515.0,1.5980582524271845,2,0.0023121141975308,0.0011560570987654,True,1.0011560570987654,823.0,103.52896277338111,0.263,103.52896277338111,103.68193161532407,103.96669500694637,104.2263390309416
E01001336,Ealing 038C,565.0,1.182300884955752,1,0.0450528549378857,0.0225264274689428,True,1.0225264274689427,667.9999999999999,85.82449413102634,0.341,85.82449413102634,86.60454375852196,88.0566667839561,89.38069605440363
E01001369,Ealing 038D,553.0,0.779385171790235,1,0.0,0.0,True,1.0,431.0,54.15487012987012,0.449,54.15487012987012,55.21780460208948,57.19653975845758,59.00072798466632
E01001300,Ealing 039A,598.0,0.8678929765886287,0,0.0,,False,1.0,519.0,65.21201298701298,0.093,65.21201298701298,64.22657563109505,62.39210738162531,60.719460081457115
E01001301,Ealing 039B,809.0,0.6415327564894932,2,0.0,0.0,True,1.0,519.0,65.21201298701298,0.236,65.21201298701298,65.13655287425829,64.99607800782603,64.867994621184
E01001302,Ealing 039C,619.0,0.864297253634895,2,0.0,0.0,True,1.0,535.0,67.22240259740259,0.118,67.22240259740259,66.37057701448771,64.78483746792082,63.33897817212665
E01001304,Ealing 039D,701.0,0.7960057061340942,6,0.0699934413560955,0.0116655735593492,True,1.0116655735593492,558.0,70.93023829475558,0.193,70.93023829475558,70.55053814824917,69.84369680627854,69.19920690429404
E01001374,Ealing 040A,903.0,0.7009966777408638,1,0.0236030092592592,0.0118015046296296,True,1.0118015046296296,633.0,80.47468389306005,0.133,80.47468389306005,79.57272113659393,77.89364734361797,76.36268694274094
E01001376,Ealing 040B,736.0,0.6426630434782609,4,0.1307550154313271,0.0326887538578317,True,1.0326887538578318,473.0,61.37490554624348,0.28,61.37490554624348,61.567403614186446,61.92575373315131,62.25249329878555
E01001380,Ealing 040C,1058.0,0.6294896030245747,4,0.0967962962955245,0.0146658307611882,True,1.0146658307611882,666.0,84.90974043897731,0.095,84.90974043897731,83.64321631362331,81.28548319015644,79.1357289250587
E01032572,Ealing 040D,755.0,0.7231788079470198,2,0.0498136574070215,0.0124534143517553,True,1.0124534143517554,546.0,69.45890628550474,0.161,69.45890628550474,68.87018976292276,67.77424818720598,66.77498111442092
E01001223,Ealing 041B,633.0,0.8483412322274881,2,0.0374810956790123,0.0187405478395061,True,1.0187405478395062,537.0,68.73819542579815,0.128,68.73819542579815,67.93423776198827,66.43760806825875,65.07299812350128
E01001225,Ealing 041A,848.0,0.7122641509433962,2,0.1190640432094906,0.0297660108023726,True,1.0297660108023725,604.0,78.15121606916654,0.22,78.15121606916654,77.93876571410469,77.54327286150576,77.18266697349073
E01001273,Ealing 041C,584.0,1.2089041095890412,2,0.0065042438271603,0.00162606095679,True,1.00162606095679,706.0,88.85268689179742,0.163,88.85268689179742,88.11693421095619,86.74727339552238,85.49843223092674
E01001274,Ealing 041E,589.0,0.8845500848896435,1,0.0,0.0,True,1.0,521.0,65.46331168831168,0.125,65.46331168831168,64.67849286338023,63.2174916061448,61.88536726484668
E01001275,Ealing 041D,907.0,0.679162072767365,2,0.1222912808630401,0.0384637345675154,True,1.0384637345675154,616.0,80.37709305552568,0.246,80.37709305552568,80.36251772728953,80.33538462063972,80.31064496237848
E01001235,Ealing 042D,777.0,0.6846846846846847,1,0.0099764660493827,0.0099764660493827,True,1.0099764660493826,532.0,67.5123359532828,0.167,67.5123359532828,66.97964575500865,65.98800153767797,65.08383161087492
E01001236,Ealing 042C,686.0,0.6749271137026239,2,0.0701365740733023,0.0175341435183255,True,1.0175341435183256,463.0,59.19570953563541,0.196,59.19570953563541,58.89615526642801,58.338511705876954,57.83005864527943
E01034030,Ealing 042A,876.0,0.4908675799086758,3,0.1611689814791664,0.0351874356990097,True,1.0351874356990096,430.0,55.930370511257195,0.273,55.930370511257195,56.067587845385276,56.32302858063155,56.55593653981055
E01034031,Ealing 042B,634.0,0.4621451104100946,0,0.0,,False,1.0,293.0,36.815259740259734,0.124,36.815259740259734,36.370300816078554,35.54197518601533,34.786717290880944
E01001367,Ealing 043B,747.0,0.5823293172690763,1,0.0357750771604937,0.0178875385802468,True,1.0178875385802468,435.0,55.635155091653125,0.467,55.635155091653125,56.82486530221595,59.039603351510216,61.05897633319181
E01001372,Ealing 043C,696.0,0.7586206896551724,2,0.0,0.0,True,1.0,528.0,66.34285714285713,0.409,66.34285714285713,67.38606046481938,69.3280645510136,71.09876180490573
E01001373,Ealing 043A,585.0,0.7811965811965812,4,0.0172947530860337,0.0043236882715084,True,1.0043236882715083,457.0,57.67002700779567,0.373,57.67002700779567,58.37426433961562,59.685256882730165,60.880604983420966
E01001366,Ealing 044C,567.0,1.0440917107583774,2,0.0,0.0,True,1.0,592.0,74.38441558441556,0.405,74.38441558441556,75.52503366273501,77.64838289126008,79.58442858484644
E01001368,Ealing 044D,468.0,1.1282051282051282,0,0.0,,False,1.0,528.0,66.34285714285713,0.363,66.34285714285713,67.08826444393536,68.47589808552503,69.74112666873899
E01001370,Ealing 044A,571.0,1.1015761821366024,1,0.0,0.0,True,1.0,629.0,79.03344155844154,0.337,79.03344155844154,79.72091927269798,81.00071248476539,82.16761339000425
E01001371,Ealing 044B,618.0,0.9077669902912622,1,0.0,0.0,True,1.0,561.0,70.4892857142857,0.432,70.4892857142857,71.7558933799652,74.11378202024271,76.26367808380091
E01001444,Enfield 001A,649.0,1.1510015408320493,0,0.0,,False,1.0,747.0,93.86006493506491,0.438,93.86006493506491,95.60157134768338,98.84352092571669,101.79949370450225
E01001446,Enfield 001B,706.0,0.9985835694050992,0,0.0,,False,1.0,705.0,88.58279220779218,0.473,88.58279220779218,90.52892363868489,94.15179859651734,97.45509480718609
E01001546,Enfield 001C,611.0,1.1292962356792144,0,0.0,,False,1.0,690.0,86.69805194805194,0.502,86.69805194805194,88.84811963988366,92.85063780218921,96.50008837185142
E01001552,Enfield 001D,662.0,1.1555891238670697,0,0.0,,False,1.0,765.0000000000001,96.12175324675324,0.385,96.12175324675324,97.40810000055846,99.8027344879693,101.98613499730779
E01001442,Enfield 002A,637.0,0.7142857142857143,0,0.0,,False,1.0,455.0,57.17045454545453,0.661,57.17045454545453,59.47527739143736,63.76588430441497,67.67801092265952
E01001545,Enfield 002B,664.0,0.9171686746987951,0,0.0,,False,1.0,609.0,76.52045454545453,0.566,76.52045454545453,78.89600909116572,83.3182885621233,87.35047272220598
E01001547,Enfield 002C,723.0,1.049792531120332,0,0.0,,False,1.0,759.0,95.36785714285712,0.447,95.36785714285712,97.22109469297762,100.67104046984969,103.81666181874998
E01001548,Enfield 002D,676.0,1.0,0,0.0,,False,1.0,676.0,84.93896103896103,0.487,84.93896103896103,86.92107727285884,90.61094073907272,93.97531631032396
E01001551,Enfield 002E,640.0,1.05625,1,0.1669702931940587,0.1669702931940587,True,1.1669702931940586,676.0,99.12124426723507,0.525,99.12124426723507,101.8018657088955,106.79205092365538,111.342045086389
E01001445,Enfield 003B,1141.0,0.925503943908852,0,0.0,,False,1.0,1056.0000000000002,132.68571428571428,0.493,132.68571428571428,135.85972378851952,141.76838923685492,147.15584323755087
E01001447,Enfield 003C,741.0,0.863697705802969,0,0.0,,False,1.0,640.0,80.4155844155844,0.609,80.4155844155844,83.24948578546757,88.5250135031445,93.33517971696998
E01001448,Enfield 003D,666.0,0.9369369369369368,0,0.0,,False,1.0,623.9999999999999,78.40519480519477,0.499,78.40519480519477,80.32665119050647,83.90359163266345,87.16500527400927
E01001449,Enfield 003E,541.0,1.1016635859519408,0,0.0,,False,1.0,596.0,74.88701298701297,0.469,74.88701298701297,76.50302286768364,79.51135089494642,82.25431019897141
E01033148,Enfield 003F,672.0,1.056547619047619,0,0.0,,False,1.0,710.0,89.21103896103895,0.392,89.21103896103895,90.46584061301593,92.80175144094437,94.93160838499213
E01033150,Enfield 003G,650.0,0.8015384615384615,0,0.0,,False,1.0,521.0,65.46331168831168,0.529,65.46331168831168,67.2592445786203,70.6025132761831,73.65086767661047
E01001408,Enfield 004A,709.0,0.9929478138222848,2,0.0688734567885802,0.017218364197145,True,1.017218364197145,703.9999999999999,89.980230158696,0.2,89.980230158696,89.56001531959872,88.77775272761293,88.06449458706686
E01001411,Enfield 004B,740.0,1.0391891891891891,1,8.101851851851852e-06,8.101851851851852e-06,True,1.0000081018518518,769.0,96.62513348552487,0.218,96.62513348552487,96.3436050419139,95.81951795710282,95.341661309698
E01001412,Enfield 004C,664.0,1.4096385542168677,0,0.0,,False,1.0,936.0000000000001,117.60779220779219,0.299,117.60779220779219,118.19471101214778,119.28730599562502,120.2835216836419
E01001413,Enfield 004D,610.0,1.404918032786885,0,0.0,,False,1.0,856.9999999999999,107.68149350649348,0.108,107.68149350649348,106.21190330553902,103.47614689525813,100.98171529367718
E01001414,Enfield 004E,695.0,0.7712230215827338,0,0.0,,False,1.0,536.0,67.34805194805193,0.497,67.34805194805193,68.98538988527848,72.0334217479395,74.81258255782559
E01001407,Enfield 005A,594.0,1.3114478114478114,0,0.0,,False,1.0,779.0,97.88084415584413,0.262,97.88084415584413,98.01591629433656,98.26736358113189,98.49663035940097
E01001409,Enfield 005B,781.0,1.020486555697823,0,0.0,,False,1.0,796.9999999999999,100.14253246753243,0.508,100.14253246753243,102.68464872352679,107.41699576728024,111.73189601615684
E01001410,Enfield 005C,815.0,0.8711656441717791,0,0.0,,False,1.0,710.0,89.21103896103895,0.484,89.21103896103895,91.26673142675703,95.09356276858404,98.58282409210722
E01001516,Enfield 005D,669.0,1.2152466367713004,0,0.0,,False,1.0,813.0,102.15292207792206,0.406,102.15292207792206,103.72931343743325,106.66388850747197,109.33960070334132
E01001537,Enfield 005E,690.0,1.1231884057971016,0,0.0,,False,1.0,775.0000000000001,97.37824675324676,0.274,97.37824675324676,97.62665295149134,98.08908040151087,98.51071649470707
E01001439,Enfield 006A,768.0,0.7317708333333334,2,0.949663580239583,0.1187079475299478,True,1.1187079475299477,562.0,78.99748907145403,0.632,78.99748907145403,81.95871547506795,87.47126864173875,92.49755196603768
E01001441,Enfield 006B,623.0,0.8571428571428571,0,0.0,,False,1.0,534.0,67.09675324675324,0.56,67.09675324675324,69.14046745741868,72.94500034623275,76.41393019373243
E01001517,Enfield 006C,689.0,0.7968069666182874,0,0.0,,False,1.0,549.0,68.98149350649349,0.584,68.98149350649349,71.24416681838686,75.45630909680126,79.296892553043
E01001549,Enfield 006D,813.0,0.8265682656826568,0,0.0,,False,1.0,672.0,84.43636363636362,0.57,84.43636363636362,87.09062286643525,92.0317327748299,96.53698063098638
E01001550,Enfield 006E,577.0,1.1611785095320624,0,0.0,,False,1.0,670.0,84.18506493506491,0.501,84.18506493506491,86.2645969307075,90.13580741085939,93.66553312831489
E01001433,Enfield 007A,576.0,1.0434027777777777,0,0.0,,False,1.0,601.0,75.51525974025972,0.578,75.51525974025972,77.94803490017972,82.47683499302236,86.60614344547689
E01001434,Enfield 007B,540.0,1.2148148148148148,0,0.0,,False,1.0,656.0,82.42597402597401,0.431,82.42597402597401,83.89902638174357,86.64122786237304,89.14153600584625
E01001435,Enfield 007C,485.0,1.288659793814433,0,0.0,,False,1.0,625.0,78.53084415584414,0.41,78.53084415584414,79.77335971988674,82.08639903996091,84.19540200309388
E01001436,Enfield 007D,651.0,1.1505376344086022,0,0.0,,False,1.0,749.0000000000001,94.11136363636363,0.421,94.11136363636363,95.70141295662849,98.66141338242892,101.36030812870919
E01001438,Enfield 007E,548.0,1.1094890510948905,0,0.0,,False,1.0,608.0,76.39480519480519,0.488,76.39480519480519,78.18499166482087,81.51756295426111,84.55616357954398
E01001469,Enfield 008A,671.0,1.1684053651266766,0,0.0,,False,1.0,784.0,98.5090909090909,0.258,98.5090909090909,98.6065793999882,98.78806180489782,98.95353539905129
E01001536,Enfield 008B,848.0,0.9044811320754716,0,0.0,,False,1.0,767.0,96.37305194805192,0.259,96.37305194805192,96.47783074427913,96.67288461933482,96.85073252572056
E01001540,Enfield 008C,796.0,0.9396984924623116,2,0.1110559413580246,0.0195719521604938,True,1.0195719521604938,748.0000000000001,95.82519818948411,0.232,95.82519818948411,95.67691100002021,95.40086286845603,95.14916531952836
E01001541,Enfield 008D,647.0,1.0571870170015456,2,0.0420879629625771,0.0210439814812885,True,1.0210439814812884,684.0,87.75276306816521,0.139,87.75276306816521,86.82060558054204,85.08532194807073,83.50311005439629
E01001542,Enfield 008E,656.0,0.9085365853658536,0,0.0,,False,1.0,596.0,74.88701298701297,0.317,74.88701298701297,75.39227117450493,76.33284857110179,77.1904563511611
E01001538,Enfield 009A,596.0,1.453020134228188,0,0.0,,False,1.0,866.0000000000001,108.81233766233764,0.115,108.81233766233764,107.40164058693148,104.77551830842113,102.38104986213891
E01001539,Enfield 009B,636.0,1.2358490566037736,0,0.0,,False,1.0,786.0,98.7603896103896,0.176,98.7603896103896,98.06787856115585,96.77871540471864,95.6032710906978
E01001543,Enfield 009C,584.0,1.3681506849315068,0,0.0,,False,1.0,799.0,100.39383116883114,0.177,100.39383116883114,99.69966294156553,98.40741481938706,97.2291576686656
E01001544,Enfield 009D,639.0,1.2926447574334898,0,0.0,,False,1.0,826.0,103.78636363636362,0.136,103.78636363636362,102.65350569433357,100.54460256281195,98.62172865628591
E01001457,Enfield 010A,843.0,0.9916963226571768,0,0.0,,False,1.0,836.0,105.04285714285713,0.231,105.04285714285713,104.87005562250435,104.54837215815873,104.25506483147049
E01001468,Enfield 010B,575.0,1.222608695652174,0,0.0,,False,1.0,703.0,88.33149350649349,0.231,88.33149350649349,88.18618313710591,87.91567658754256,87.66903179010019
E01001471,Enfield 010C,967.0,0.9968976215098242,0,0.0,,False,1.0,964.0,121.12597402597399,0.21,121.12597402597399,120.67850246169483,119.8454993567476,119.08597659317596
E01001472,Enfield 010D,755.0,1.023841059602649,0,0.0,,False,1.0,773.0,97.12694805194803,0.191,97.12694805194803,96.58805744996701,95.5848706990944,94.6701764213948
E01001474,Enfield 010E,861.0,1.1289198606271778,1,0.1338788580239197,0.1338788580239197,True,1.1338788580239196,972.0,138.4819502434122,0.172,138.4819502434122,137.45685729427896,135.54856707507113,133.80860974192134
E01001415,Enfield 011A,871.0,1.0803673938002296,1,0.2573059413545523,0.1286529706772761,True,1.128652970677276,941.0,133.44745661449076,0.241,133.44745661449076,133.3581477494252,133.1918923539147,133.04030257386844
E01001417,Enfield 011B,664.0,1.730421686746988,0,0.0,,False,1.0,1149.0,144.37110389610385,0.056,144.37110389610385,141.6682175199716,136.6365843987366,132.04879850595634
E01001418,Enfield 011C,722.0,1.0983379501385042,1,0.0,0.0,True,1.0,793.0,99.63993506493505,0.257,99.63993506493505,99.72881968307007,99.89428530993686,100.04515498791
E01001422,Enfield 011D,616.0,1.8636363636363635,0,0.0,,False,1.0,1148.0,144.24545454545452,0.034,144.24545454545452,141.23525584797488,135.6315369489916,130.5221297461167
E01001440,Enfield 012A,575.0,1.0034782608695652,0,0.0,,False,1.0,577.0,72.49967532467531,0.576,72.49967532467531,74.82115215882735,79.14276176552261,83.083156287537
E01001504,Enfield 012B,561.0,1.1622103386809268,0,0.0,,False,1.0,652.0,81.92337662337661,0.382,81.92337662337661,82.99573140271825,84.99200319316286,86.81218112300947
E01001505,Enfield 012C,597.0,1.0603015075376885,0,0.0,,False,1.0,633.0,79.53603896103894,0.439,79.53603896103894,81.0195345459156,83.78117690942197,86.29921102894644
E01001507,Enfield 012D,809.0,0.7379480840543882,0,0.0,,False,1.0,597.0,75.01266233766232,0.472,75.01266233766232,76.65334315819904,79.70759805802966,82.49243296247892
E01001508,Enfield 012E,786.0,0.8078880407124682,0,0.0,,False,1.0,635.0,79.78733766233763,0.543,79.78733766233763,82.08523919608014,86.36296154823481,90.26334017036082
E01001513,Enfield 012F,725.0,0.9255172413793104,0,0.0,,False,1.0,671.0,84.31071428571427,0.528,84.31071428571427,86.6154832336414,90.90598981119813,94.8180249447463
E01001416,Enfield 013A,591.0,1.5380710659898478,0,0.0,,False,1.0,909.0,114.21525974025973,0.08,114.21525974025973,112.34443167302221,108.86173978098704,105.68626089645787
E01001470,Enfield 013B,651.0,1.34715821812596,1,0.0,0.0,True,1.0,877.0,110.1944805194805,0.14,110.1944805194805,109.03468785395806,106.87564364065348,104.90705166563754
E01001473,Enfield 013C,546.0,1.413919413919414,0,0.0,,False,1.0,772.0,97.0012987012987,0.215,97.0012987012987,96.69027769972453,96.11128792540788,95.58337162970986
E01001475,Enfield 013D,638.0,1.5517241379310345,0,0.0,,False,1.0,990.0,124.39285714285712,0.074,124.39285714285712,122.28249107549784,118.35388057369414,114.77181816887803
E01001437,Enfield 014A,894.0,0.8288590604026845,0,0.0,,False,1.0,741.0,93.10616883116882,0.588,93.10616883116882,96.19650129355516,101.94939542579809,107.194818910904
E01001509,Enfield 014C,646.0,0.7739938080495357,0,0.0,,False,1.0,500.00000000000006,62.824675324675326,0.57,62.824675324675326,64.7995705851453,68.47599164793893,71.82811058853154
E01033926,Enfield 014E,977.0,0.7195496417604913,0,0.0,,False,1.0,703.0,88.33149350649349,0.525,88.33149350649349,90.72031839683706,95.1673016460119,99.22201043030165
E01001405,Enfield 015A,830.0,0.9228915662650602,0,0.0,,False,1.0,766.0,96.24740259740258,0.238,96.24740259740258,96.15481377416265,95.98245248151483,95.8252954138555
E01001406,Enfield 015B,651.0,1.0,2,0.1104259259259259,0.0552129629629629,True,1.055212962962963,651.0,86.3140221590909,0.31,86.3140221590909,86.83741921191904,87.8117635165196,88.70015957951797
E01001450,Enfield 015C,1113.0,0.7861635220125787,0,0.0,,False,1.0,875.0,109.94318181818178,0.337,109.94318181818178,110.89952998984218,112.67984646131909,114.30311878577699
E01001512,Enfield 015D,992.0,0.7550403225806451,1,0.3307376543186727,0.1653688271593363,True,1.1653688271593363,749.0,109.67444946327488,0.3,109.67444946327488,110.23247929757237,111.27129521735448,112.2184757663215
E01001515,Enfield 015E,744.0,0.8145161290322581,0,0.0,,False,1.0,606.0,76.14350649350648,0.54,76.14350649350648,78.31417393079722,82.35504012077273,86.0394559862189
E01001401,Enfield 016A,502.0,1.2390438247011952,0,0.0,,False,1.0,622.0,78.15389610389609,0.227,78.15389610389609,77.99482301018026,77.69869607931636,77.42869090939327
E01001478,Enfield 016B,571.0,1.1978984238178634,0,0.0,,False,1.0,684.0,85.94415584415583,0.306,85.94415584415583,86.43176388347152,87.33948415705257,88.16713318578455
E01001484,Enfield 016C,500.0,1.118,0,0.0,,False,1.0,559.0,70.237987012987,0.465,70.237987012987,71.72625845809118,74.49679145670359,77.02293195627098
E01001511,Enfield 016D,668.0,1.020958083832335,0,0.0,,False,1.0,681.9999999999999,85.69285714285711,0.363,85.69285714285711,86.65567490674982,88.44803502713648,90.08228861378785
E01001514,Enfield 016E,669.0,0.9820627802690582,0,0.0,,False,1.0,657.0,82.55162337662335,0.35,82.55162337662335,83.37442573329396,84.90613628783761,86.30273256277297
E01001518,Enfield 016F,660.0,0.9409090909090908,0,0.0,,False,1.0,620.9999999999999,78.02824675324673,0.302,78.02824675324673,78.44048711455657,79.20790459617658,79.90762713381365
E01001451,Enfield 017A,693.0,1.227994227994228,0,0.0,,False,1.0,851.0,106.92759740259737,0.169,106.92759740259737,106.10477864173534,104.57303754951405,103.17641343067135
E01001452,Enfield 017B,481.0,1.6091476091476091,0,0.0,,False,1.0,774.0,97.25259740259739,0.095,97.25259740259739,95.80196570561027,93.10150202436652,90.6392499320012
E01001453,Enfield 017C,646.0,1.414860681114551,0,0.0,,False,1.0,913.9999999999999,114.84350649350645,0.078,114.84350649350645,112.93997467064976,109.3964021950224,106.16541308631378
E01001454,Enfield 017D,666.0,1.3108108108108107,1,0.0310895061724537,0.0310895061724537,True,1.0310895061724537,873.0,113.1021495941135,0.125,113.1021495941135,111.74620389181989,109.22200555092641,106.92047019254397
E01001476,Enfield 018A,611.0,1.0294599018003274,0,0.0,,False,1.0,629.0000000000001,79.03344155844155,0.528,79.03344155844155,81.19394777043286,85.21589804954343,88.8830666024522
E01001477,Enfield 018B,612.0,1.062091503267974,0,0.0,,False,1.0,650.0000000000001,81.67207792207793,0.51,81.67207792207793,83.76126139118641,87.65043883953516,91.19654663438851
E01001481,Enfield 018C,556.0,1.1384892086330936,0,0.0,,False,1.0,633.0,79.53603896103894,0.512,79.53603896103894,81.58610471756535,85.40246150279154,88.88217224465497
E01001502,Enfield 018D,658.0,0.958966565349544,0,0.0,,False,1.0,631.0,79.28474025974023,0.543,79.28474025974023,81.56816682319145,85.81894289281286,89.69475220078374
E01001503,Enfield 018E,643.0,0.9548989113530326,0,0.0,,False,1.0,614.0,77.14870129870128,0.457,77.14870129870128,78.72317754017837,81.65418746910845,84.32664900983463
E01001520,Enfield 019A,695.0,1.0388489208633094,0,0.0,,False,1.0,722.0,90.71883116883116,0.2,90.71883116883116,90.29516700420889,89.50648322459541,88.7873703181506
E01001522,Enfield 019B,746.0,1.0120643431635388,0,0.0,,False,1.0,754.9999999999999,94.8652597402597,0.276,94.8652597402597,95.12576961899326,95.6107290112265,96.05290947324575
E01001523,Enfield 019C,723.0,1.1562932226832645,0,0.0,,False,1.0,836.0000000000002,105.04285714285714,0.172,105.04285714285714,104.26529232647,102.81779497009235,101.49798333211743
E01001524,Enfield 019D,549.0,1.2422586520947176,0,0.0,,False,1.0,682.0,85.69285714285712,0.268,85.69285714285712,85.86128244161992,86.17481922925266,86.46069850870539
E01001526,Enfield 019E,636.0,1.3034591194968554,0,0.0,,False,1.0,829.0000000000001,104.16331168831168,0.137,104.16331168831168,103.03650364823486,100.93886287954017,99.02625786743704
E01001419,Enfield 020A,768.0,1.0833333333333333,1,0.0778121141975308,0.0778121141975308,True,1.0778121141975308,832.0,112.67475836940835,0.274,112.67475836940835,112.96218507196129,113.49725222434454,113.98512037256748
E01001420,Enfield 020B,634.0,1.0772870662460567,5,0.0,0.0,True,1.0,683.0,85.81850649350648,0.323,85.81850649350648,86.44776453429718,87.61917729800226,88.68725814222525
E01001421,Enfield 020C,620.0,0.917741935483871,0,0.0,,False,1.0,569.0,71.4944805194805,0.333,71.4944805194805,72.08847395747176,73.19423892146916,74.20246284804053
E01001525,Enfield 020E,756.0,1.0211640211640212,0,0.0,,False,1.0,772.0,97.0012987012987,0.255,97.0012987012987,97.06889846408957,97.19474067797236,97.30948217832764
E01033927,Enfield 020F,680.0,0.6367647058823529,2,0.6787727623445216,0.1696931905861304,True,1.1696931905861303,433.0,63.63852520769753,0.375,63.63852520769753,64.4280667025578,65.89785957702297,67.23800001498984
E01033928,Enfield 020G,577.0,0.7209705372616985,0,0.0,,False,1.0,416.0,52.270129870129864,0.298,52.270129870129864,52.52588208145765,53.00198470593697,53.43608966778002
E01001398,Enfield 021A,499.0,1.3206412825651304,0,0.0,,False,1.0,659.0,82.80292207792206,0.122,82.80292207792206,81.7859841120174,79.89287502808718,78.16675968154189
E01001399,Enfield 021B,498.0,1.3855421686746987,0,0.0,,False,1.0,690.0,86.69805194805194,0.138,86.69805194805194,85.76863806028761,84.03846185225086,82.46090685012724
E01001400,Enfield 021C,574.0,1.3205574912891986,0,0.0,,False,1.0,758.0,95.24220779220778,0.158,95.24220779220778,94.40707678466616,92.85241548805266,91.4348929873453
E01001402,Enfield 021D,697.0,1.2883787661406023,0,0.0,,False,1.0,897.9999999999998,112.83311688311684,0.182,112.83311688311684,112.10798987185588,110.75810956642339,109.52730404603102
E01001403,Enfield 021E,642.0,1.1853582554517137,1,0.0013140432098765,0.0013140432098765,True,1.0013140432098766,761.0000000000002,95.744803546627,0.239,95.744803546627,95.66204112611929,95.50797244609726,95.3674943747249
E01001455,Enfield 021F,561.0,1.3297682709447416,0,0.0,,False,1.0,746.0,93.73441558441557,0.15,93.73441558441557,92.83933179066445,91.17306372157769,89.65377943419901
E01001456,Enfield 022A,491.0,1.4826883910386963,0,0.0,,False,1.0,727.9999999999999,91.47272727272724,0.056,91.47272727272724,89.76019352005163,86.57217880094016,83.66538321352152
E01001564,Enfield 022B,639.0,1.1486697965571204,0,0.0,,False,1.0,734.0,92.22662337662337,0.129,92.22662337662337,91.1569461183333,89.16565874148623,87.3500255433074
E01001567,Enfield 022C,608.0,1.3486842105263157,0,0.0,,False,1.0,820.0,103.03246753246752,0.074,103.03246753246752,101.28448755748308,98.03048693982748,95.0635261600808
E01001568,Enfield 022D,568.0,1.7904929577464788,0,0.0,,False,1.0,1016.9999999999999,127.78538961038957,0.053,127.78538961038957,125.35560917786896,120.832384002901,116.70815869720278
E01001569,Enfield 022E,751.0,1.022636484687084,0,0.0,,False,1.0,768.0,96.49870129870128,0.235,96.49870129870128,96.37762130428058,96.1522214814741,95.94670448482694
E01001479,Enfield 023A,641.0,0.8003120124804992,0,0.0,,False,1.0,513.0,64.45811688311687,0.626,64.45811688311687,66.83659443715567,71.26431531536021,75.30146088872623
E01001482,Enfield 023B,658.0,0.8145896656534954,1,0.0569529320983796,0.0569529320983796,True,1.0569529320983797,536.0,71.18372097760748,0.556,71.18372097760748,73.32413618498374,77.30868549705673,80.94175227330237
E01001487,Enfield 023C,667.0,0.712143928035982,0,0.0,,False,1.0,475.0,59.68344155844155,0.592,59.68344155844155,61.68771987284446,65.41883977487807,68.8208324954086
E01001489,Enfield 023D,655.0,0.8748091603053435,0,0.0,,False,1.0,573.0,71.9970779220779,0.582,71.9970779220779,74.34461476803033,78.71473711269061,82.69936499780869
E01001491,Enfield 023E,694.0,0.7319884726224783,0,0.0,,False,1.0,508.0,63.829870129870116,0.542,63.829870129870116,65.66196275102547,69.07254559874644,72.1822762762272
E01001459,Enfield 024A,559.0,1.0894454382826475,0,0.0,,False,1.0,609.0,76.52045454545453,0.456,76.52045454545453,78.07464234878184,80.96788377280028,83.60590842000697
E01001460,Enfield 024B,669.0,0.6397608370702541,0,0.0,,False,1.0,428.0,53.77792207792207,0.542,53.77792207792207,55.32149617606083,58.19497936272338,60.81498867367174
E01001462,Enfield 024C,528.0,0.8731060606060606,0,0.0,,False,1.0,461.0,57.924350649350636,0.515,57.924350649350636,59.43432553415176,62.24526117306312,64.80824034085782
E01001480,Enfield 024D,578.0,0.9740484429065744,0,0.0,,False,1.0,563.0,70.74058441558441,0.431,70.74058441558441,72.00480465384395,74.35824891237199,76.50409263916379
E01001488,Enfield 024E,664.0,0.8087349397590361,0,0.0,,False,1.0,537.0,67.47370129870129,0.612,67.47370129870129,69.87127419443985,74.33454253575877,78.40409988197685
E01001483,Enfield 025A,530.0,0.6113207547169811,0,0.0,,False,1.0,324.0,40.710389610389605,0.641,40.710389610389605,42.272174590969925,45.179558751076634,47.83047858430897
E01001485,Enfield 025B,665.0,0.675187969924812,9,0.1260023148140428,0.0140002572015603,True,1.0140002572015603,449.0,57.206404770167104,0.604,57.206404770167104,59.19448704110306,62.89545674908452,66.26995886535114
E01001486,Enfield 025C,804.0,0.6915422885572139,9,0.2680042438256169,0.0297782493139574,True,1.0297782493139573,556.0,71.94137839655285,0.583,71.94137839655285,74.29411924156611,78.67392923505567,82.66739020827103
E01001492,Enfield 025E,663.0,0.8446455505279035,4,0.2442885802442128,0.0610721450610532,True,1.0610721450610532,560.0,74.66089457065954,0.534,74.66089457065954,76.74558325152779,80.62639330212646,84.16487179881115
E01033146,Enfield 025F,555.0,0.8558558558558559,1,0.2255424382716049,0.2255424382716049,True,1.225542438271605,475.0,73.14459049197329,0.66,73.14459049197329,76.08627195391873,81.56244069217986,86.5555491081831
E01033151,Enfield 025G,502.0,0.7629482071713147,0,0.0,,False,1.0,383.0,48.12370129870129,0.572,48.12370129870129,49.645863021119716,52.47948540570412,55.06315009035665
E01001404,Enfield 026A,515.0,1.3514563106796116,0,0.0,,False,1.0,696.0,87.45194805194804,0.284,87.45194805194804,87.76036964858152,88.33452042851398,88.85802458413026
E01001493,Enfield 026B,733.0,0.9427012278308322,0,0.0,,False,1.0,691.0,86.82370129870128,0.335,86.82370129870128,87.56199836144869,88.93639574161013,90.18955565209089
E01001494,Enfield 026C,502.0,1.3605577689243027,0,0.0,,False,1.0,683.0,85.81850649350648,0.243,85.81850649350648,85.77782157558907,85.70208343789463,85.63302626474868
E01001496,Enfield 026D,641.0,1.2449297971918876,0,0.0,,False,1.0,797.9999999999999,100.26818181818179,0.212,100.26818181818179,99.91733309797009,99.26420092906022,98.66868244063949
E01001570,Enfield 026E,727.0,1.0577716643741404,0,0.0,,False,1.0,769.0000000000001,96.62435064935065,0.261,96.62435064935065,96.74826013478548,96.97892727508946,97.18924695196506
E01001423,Enfield 027A,624.0,0.8269230769230769,0,0.0,,False,1.0,516.0,64.83506493506492,0.463,64.83506493506492,66.19620057307579,68.73006038279114,71.0404049586377
E01001425,Enfield 027B,741.0,0.5546558704453441,1,0.229696759257716,0.229696759257716,True,1.229696759257716,411.0,63.50385631079691,0.66,63.50385631079691,66.05781300964559,70.81220195829073,75.14719976552976
E01001428,Enfield 027C,566.0,0.9469964664310954,0,0.0,,False,1.0,536.0,67.34805194805193,0.592,67.34805194805193,69.60972179335711,73.81999604070451,77.65887624745052
E01001461,Enfield 027D,627.0,0.6778309409888357,1,0.2682384259085647,0.1341192129542823,True,1.1341192129542823,424.99999999999994,60.563070633329716,0.689,60.563070633329716,63.17014171619692,68.02340721999498,72.44855954643828
E01001464,Enfield 027E,420.0,1.1595238095238096,0,0.0,,False,1.0,487.00000000000006,61.19123376623376,0.465,61.19123376623376,62.48781371930305,64.90149810270957,67.10226809070477
E01001521,Enfield 028A,681.0,1.1262848751835537,0,0.0,,False,1.0,767.0000000000001,96.37305194805194,0.159,96.37305194805194,95.53740935092425,93.98179569052346,92.56340483533896
E01001531,Enfield 028B,530.0,1.3471698113207546,1,0.0370964506161265,0.0370964506161265,True,1.0370964506161264,714.0,93.04169384459311,0.093,93.04169384459311,91.63571423174783,89.01837387654699,86.6319126881272
E01001532,Enfield 028C,662.0,1.2235649546827794,1,0.0014598765432098,0.0014598765432098,True,1.00145987654321,810.0,101.92455438311687,0.085,101.92455438311687,100.30477583036364,97.2894321270291,94.54007600929876
E01001533,Enfield 028D,538.0,1.5910780669144982,0,0.0,,False,1.0,856.0,107.55584415584414,0.051,107.55584415584414,105.48972833723914,101.64349311366429,98.1365395512988
E01001535,Enfield 028E,497.0,1.3762575452716297,2,0.1399324845559412,0.0383326581759258,True,1.0383326581759258,684.0,89.23862379234835,0.125,89.23862379234835,88.16877031171983,86.17715488328957,84.36122257140565
E01001495,Enfield 029A,719.0,0.9360222531293464,1,0.0242206790123456,0.0242206790123456,True,1.0242206790123456,673.0,86.6101623602092,0.26,86.6101623602092,86.71277827668065,86.90380578292101,87.07798249198271
E01001498,Enfield 029B,697.0,0.8522238163558106,0,0.0,,False,1.0,594.0,74.63571428571427,0.334,74.63571428571427,75.26308890852857,76.4309955432469,77.49587953890878
E01001563,Enfield 029C,699.0,0.927038626609442,0,0.0,,False,1.0,648.0,81.42077922077921,0.259,81.42077922077921,81.5093015936022,81.67409287265838,81.8243476879621
E01001565,Enfield 029D,707.0,0.9943422913719944,4,0.1846003086415892,0.0461500771603973,True,1.0461500771603973,703.0,92.4079987475113,0.238,92.4079987475113,92.31910338378104,92.15361775315324,92.00272983597824
E01001566,Enfield 029E,627.0,1.1323763955342905,1,0.7729695216037809,0.3864847608018904,True,1.3864847608018904,710.0000000000001,123.68974601478423,0.169,123.68974601478423,122.73794081182967,120.96608142978526,119.35052018335273
E01001424,Enfield 030A,476.0,0.657563025210084,0,0.0,,False,1.0,313.0,39.328246753246745,0.672,39.328246753246745,40.95597699339675,43.98612338101305,46.74897641803122
E01001426,Enfield 030B,618.0,0.8300970873786407,0,0.0,,False,1.0,513.0,64.45811688311687,0.59,64.45811688311687,66.61015764064356,70.6163488181335,74.26914840129508
E01001427,Enfield 030C,643.0,0.6531881804043546,0,0.0,,False,1.0,420.0,52.77272727272726,0.55,52.77272727272726,54.32864659655227,57.22511138059182,59.86607505083056
E01001429,Enfield 030D,1013.0,0.420533070088845,0,0.0,,False,1.0,426.0,53.52662337662337,0.674,53.52662337662337,55.75244703829861,59.89599082800822,63.674026961906925
E01001430,Enfield 030E,650.0,0.6061538461538462,2,0.1703275462955246,0.0851637731477623,True,1.0851637731477624,394.0,53.72194863702094,0.6,53.72194863702094,55.567967285390225,59.004474515429145,62.13784275006317
E01001463,Enfield 031A,512.0,1.25390625,0,0.0,,False,1.0,642.0,80.6668831168831,0.417,80.6668831168831,81.99829619607651,84.47682515181498,86.73671968386974
E01001465,Enfield 031B,500.0,1.134,0,0.0,,False,1.0,567.0,71.24318181818181,0.401,71.24318181818181,72.30782387568713,74.28973783481887,76.09682445725869
E01001466,Enfield 031C,624.0,0.8076923076923077,4,0.1613672839498455,0.0403418209874613,True,1.0403418209874613,504.0,65.8820102272605,0.489,65.8820102272605,67.43227551378001,70.31821486781028,72.94958157059362
E01001467,Enfield 031D,664.0,0.8719879518072289,0,0.0,,False,1.0,579.0,72.75097402597402,0.492,72.75097402597402,74.48416986971435,77.7106486776877,80.65251538416601
E01001497,Enfield 031E,508.0,1.263779527559055,0,0.0,,False,1.0,642.0,80.6668831168831,0.306,80.6668831168831,81.12455031167941,81.97653337547916,82.75336184981532
E01001499,Enfield 031F,537.0,1.1564245810055866,0,0.0,,False,1.0,621.0,78.02824675324673,0.334,78.02824675324673,78.68413840437077,79.90513170430359,81.01841951795008
E01001392,Enfield 032A,667.0,0.9085457271364318,3,0.0370219907407406,0.0123406635802468,True,1.0123406635802468,606.0,77.08316789096318,0.148,77.08316789096318,76.3320455620055,74.93377295171148,73.65884387775043
E01001528,Enfield 032B,684.0,0.7251461988304093,1,0.0403530092584876,0.0403530092584876,True,1.0403530092584876,496.0,64.83696130947571,0.44,64.83696130947571,66.05261853870968,68.31565898047447,70.37907353462849
E01001529,Enfield 032C,654.0,0.7003058103975535,0,0.0,,False,1.0,457.99999999999994,57.54740259740258,0.414,57.54740259740258,58.480380219064514,60.217190594809075,61.80079455564788
E01001530,Enfield 032D,618.0,0.8915857605177994,3,0.0384486882716048,0.0128162294238682,True,1.0128162294238683,551.0,70.12009555638227,0.294,70.12009555638227,70.4358161014574,71.02355444136039,71.559447579728
E01001534,Enfield 032E,604.0,1.1870860927152318,0,0.0,,False,1.0,717.0,90.09058441558439,0.172,90.09058441558439,89.42370167234326,88.1822475999476,87.05030388651696
E01001431,Enfield 033A,653.0,0.6921898928024502,2,0.0096682098761574,0.0048341049380787,True,1.0048341049380787,452.0,57.068052263697545,0.591,57.068052263697545,58.97893227928943,62.53618398696816,65.77964566398956
E01001432,Enfield 033B,732.0,0.6229508196721312,7,0.9578626543078704,0.0767467482352843,True,1.0767467482352844,456.0,61.69339355668087,0.58,61.69339355668087,63.6929282015023,67.4152173938201,70.80915837359744
E01001555,Enfield 033C,774.0,0.7054263565891473,6,0.1377210648136573,0.0229535108022762,True,1.0229535108022763,546.0,70.17926062972161,0.527,70.17926062972161,72.09087538033815,75.64949485438616,78.8942036452377
E01001557,Enfield 033D,551.0,0.9473684210526316,0,0.0,,False,1.0,522.0,65.58896103896103,0.528,65.58896103896103,67.38194075702059,70.71971189485161,73.76305368279816
E01001558,Enfield 033E,605.0,0.6661157024793388,5,0.1429255401222992,0.0285851080244598,True,1.02858510802446,403.0,52.08414351707882,0.503,52.08414351707882,53.38088628707634,55.79487376685273,57.99592011467314
E01001559,Enfield 033F,676.0,0.7677514792899408,7,0.1574521604938269,0.0224931657848324,True,1.0224931657848324,519.0,66.6788376062925,0.491,66.6788376062925,68.26086620985346,71.20593544795035,73.89121610698338
E01001394,Enfield 035A,671.0,0.8301043219076006,7,0.1038132716033949,0.0148304673719135,True,1.0148304673719135,557.0,71.02462360916307,0.365,71.02462360916307,71.8364951127582,73.34785703449816,74.72589965731606
E01001395,Enfield 035B,598.0,0.9013377926421404,0,0.0,,False,1.0,539.0,67.725,0.456,67.725,69.10054552708279,71.66123046558187,73.99603388897171
E01001397,Enfield 035C,770.0,0.9142857142857144,0,0.0,,False,1.0,704.0000000000001,88.45714285714286,0.426,88.45714285714286,89.99482068802087,92.8573275147806,95.46732870552171
E01001500,Enfield 035D,549.0,1.0273224043715847,0,0.0,,False,1.0,564.0,70.86623376623375,0.245,70.86623376623375,70.84646788338216,70.80967215578342,70.77612222956175
E01001556,Enfield 035E,534.0,1.2734082397003743,0,0.0,,False,1.0,679.9999999999999,85.44155844155841,0.332,85.44155844155841,86.14309007271339,87.44904574368925,88.6398012816107
E01001560,Enfield 035F,511.0,1.0626223091976517,0,0.0,,False,1.0,543.0,68.2275974025974,0.398,68.2275974025974,69.22720201982536,71.08804372763728,72.78473804737366
E01001390,Enfield 036A,714.0,0.7647058823529411,6,0.0429297839502312,0.0071549639917052,True,1.0071549639917052,546.0,69.09540850694002,0.2,69.09540850694002,68.77272744781295,68.17203156986702,67.6243238955811
E01001391,Enfield 036B,731.0,0.6169630642954856,0,0.0,,False,1.0,451.0,56.66785714285713,0.332,56.66785714285713,57.133137680579026,57.999293574123314,58.78904467353887
E01001393,Enfield 036C,818.0,0.687041564792176,5,0.168785879628472,0.02129517746902,True,1.02129517746902,562.0,72.11869263910617,0.331,72.11869263910617,72.70379730147582,73.7930151186084,74.78615154473543
E01001396,Enfield 036D,524.0,0.9026717557251908,0,0.0,,False,1.0,472.99999999999994,59.432142857142836,0.257,59.432142857142836,59.4851597857404,59.58385492005059,59.67384402179246
E01001501,Enfield 036E,921.0,0.750271444082519,0,0.0,,False,1.0,691.0,86.82370129870128,0.363,86.82370129870128,87.79922486886238,89.61523783541251,91.27105781836865
E01001527,Enfield 036F,785.0,0.951592356687898,0,0.0,,False,1.0,746.9999999999999,93.8600649350649,0.246,93.8600649350649,93.84304464728527,93.81136005836537,93.78247041030025
E01001458,Enfield 037A,644.0,0.6692546583850931,5,0.2512692901230706,0.0502538580246141,True,1.0502538580246141,431.0,56.87636128471803,0.572,56.87636128471803,58.675371288555276,62.02436827217748,65.0779456587288
E01001553,Enfield 037B,547.0,0.9012797074954296,0,0.0,,False,1.0,493.0,61.945129870129854,0.504,61.945129870129854,63.49342703636679,66.3757025814823,69.00372866493828
E01001554,Enfield 037C,686.0,0.5889212827988338,0,0.0,,False,1.0,404.0,50.76233766233766,0.643,50.76233766233766,52.719655480422205,56.363354767682054,59.685638365243186
E01001562,Enfield 037D,826.0,0.648910411622276,0,0.0,,False,1.0,536.0,67.34805194805193,0.54,67.34805194805193,69.26798222261934,72.84208169098049,76.10090496470846
E01032574,Enfield 037E,694.0,0.7853025936599424,7,0.168543595677469,0.0240776565253527,True,1.0240776565253527,545.0,70.127707443521,0.484,70.127707443521,71.74366216738301,74.75188751595836,77.49475319872316
E01001690,Greenwich 001A,814.0,0.6081081081081081,2,0.0,0.0,True,1.0,495.0,62.19642857142856,0.43,62.19642857142856,63.30188514579325,65.35977850112536,67.23614227347484
E01001692,Greenwich 001B,558.0,0.6505376344086021,0,0.0,,False,1.0,363.0,45.61071428571428,0.418,45.61071428571428,46.3679733712855,47.777670031109025,49.06301542359078
E01001693,Greenwich 001C,613.0,0.5938009787928222,0,0.0,,False,1.0,364.0,45.73636363636363,0.467,45.73636363636363,46.714396657437376,48.5350811619551,50.19516060013561
E01001694,Greenwich 001D,611.0,0.8952536824877251,0,0.0,,False,1.0,547.0,68.7301948051948,0.36,68.7301948051948,69.48230511643739,70.88241693256401,72.15902297349972
E01001687,Greenwich 002A,513.0,0.6900584795321637,0,0.0,,False,1.0,354.0,44.47987012987012,0.31,44.47987012987012,44.74959030225698,45.25169537216707,45.709509068222395
E01001688,Greenwich 002B,936.0,0.7970085470085471,1,0.0549575617268518,0.0549575617268518,True,1.0549575617268518,746.0,98.88583051482648,0.334,98.88583051482648,99.71704732858173,101.26442204915841,102.67530073265117
E01033739,Greenwich 002E,648.0,0.6790123456790124,0,0.0,,False,1.0,440.0,55.28571428571428,0.337,55.28571428571428,55.76662079489208,56.66186564912047,57.47813973227644
E01033740,Greenwich 002F,544.0,0.8731617647058824,0,0.0,,False,1.0,475.0,59.68344155844155,0.342,59.68344155844155,60.23172195288495,61.25238853242235,62.18302071923107
E01033741,Greenwich 002G,641.0,0.8361934477379095,1,0.050031635802469,0.0250158179012345,True,1.0250158179012345,536.0,69.03281855158728,0.229,69.03281855158728,68.90578297527864,68.66929637377952,68.45367057832749
E01033743,Greenwich 002H,662.0,0.8564954682779456,0,0.0,,False,1.0,567.0,71.24318181818181,0.264,71.24318181818181,71.35539892895422,71.56429980481703,71.75477324916024
E01033745,Greenwich 002I,589.0,0.966044142614601,0,0.0,,False,1.0,569.0,71.4944805194805,0.346,71.4944805194805,72.17916883422072,73.45376936223079,74.61593563716377
E01001575,Greenwich 003A,620.0,0.7774193548387097,0,0.0,,False,1.0,482.0,60.562987012986994,0.43,60.562987012986994,61.63941139448958,63.643259065742264,65.47034459760579
E01001576,Greenwich 003B,669.0,0.7757847533632287,0,0.0,,False,1.0,519.0,65.21201298701298,0.394,65.21201298701298,66.1419822757953,67.87319240600586,69.4516901266165
E01001577,Greenwich 003C,726.0,0.7369146005509641,0,0.0,,False,1.0,535.0,67.22240259740259,0.354,67.22240259740259,67.91865530816425,69.21478385842575,70.39657913937023
E01001578,Greenwich 003D,849.0,0.7667844522968198,0,0.0,,False,1.0,651.0,81.79772727272726,0.316,81.79772727272726,82.3416297013793,83.35414635723731,84.27734753626336
E01001579,Greenwich 003E,625.0,0.8416,0,0.0,,False,1.0,526.0,66.09155844155843,0.372,66.09155844155843,66.89218597036911,68.38261635890096,69.74157384763761
E01001705,Greenwich 005A,848.0,0.5613207547169812,0,0.0,,False,1.0,476.00000000000006,59.8090909090909,0.417,59.8090909090909,60.79624453167044,62.633907744959394,64.30946817682555
E01001708,Greenwich 005C,686.0,0.7886297376093294,0,0.0,,False,1.0,541.0,67.97629870129869,0.206,67.97629870129869,67.69864329405262,67.18176616753853,66.7104834781639
E01001710,Greenwich 005D,651.0,0.5145929339477726,1,0.1675266203695986,0.0558422067898662,True,1.0558422067898663,334.99999999999994,44.44307236989356,0.489,44.44307236989356,45.48885940771548,47.43567328184982,49.21075604571999
E01034173,Greenwich 005F,640.0,0.659375,0,0.0,,False,1.0,422.0,53.02402597402597,0.452,53.02402597402597,54.08028706925375,56.04659921553981,57.83946028234978
E01001672,Greenwich 006A,642.0,0.6261682242990654,0,0.0,,False,1.0,402.0,50.511038961038956,0.376,50.511038961038956,51.14264114387322,52.31841771023437,53.390477420122245
E01001673,Greenwich 006B,799.0,0.5669586983729662,0,0.0,,False,1.0,453.0,56.91915584415583,0.341,56.91915584415583,57.43648795037035,58.399541885338934,59.277643517627865
E01001674,Greenwich 006C,711.0,0.8537271448663853,0,0.0,,False,1.0,607.0,76.26915584415583,0.321,76.26915584415583,76.81350905991215,77.8268648910106,78.75083122048319
E01001675,Greenwich 006D,701.0,0.6990014265335235,1,0.1046979166655091,0.0348993055551697,True,1.0348993055551696,489.99999999999994,63.71686860793076,0.292,63.71686860793076,63.991323025997765,64.50224126229867,64.96809070330286
E01001677,Greenwich 006E,728.0,0.7060439560439561,0,0.0,,False,1.0,514.0,64.58376623376623,0.323,64.58376623376623,65.05732206534225,65.93888306174695,66.74268035886351
E01001631,Greenwich 007B,789.0,0.5754119138149556,0,0.0,,False,1.0,453.99999999999994,57.04480519480518,0.471,57.04480519480518,58.28692560701296,60.59922932122609,62.70756156729547
E01001632,Greenwich 007C,664.0,0.6822289156626506,1,0.0425806327152777,0.0425806327152777,True,1.0425806327152778,453.00000000000006,59.3428095136195,0.346,59.3428095136195,59.911123709940696,60.969084769173115,61.93372163869633
E01001635,Greenwich 007D,641.0,0.8330733229329174,0,0.0,,False,1.0,534.0,67.09675324675324,0.312,67.09675324675324,67.51671405500959,68.29850374883573,69.01133070621458
E01001636,Greenwich 007E,598.0,0.68561872909699,0,0.0,,False,1.0,410.0,51.51623376623376,0.311,51.51623376623376,51.83364856090966,52.4245408781615,52.9633097772292
E01033742,Greenwich 007F,566.0,0.7137809187279152,0,0.0,,False,1.0,404.0,50.76233766233766,0.207,50.76233766233766,50.55994771104664,50.18318308219893,49.83965337574413
E01033744,Greenwich 007G,660.0,0.7,0,0.0,,False,1.0,461.99999999999994,58.04999999999998,0.351,58.04999999999998,58.634256209763386,59.72189456640767,60.71359085841291
E01001571,Greenwich 008A,629.0,0.9364069952305246,0,0.0,,False,1.0,589.0,74.00746753246752,0.199,74.00746753246752,73.65462501690845,72.99778124295473,72.3988785552393
E01001572,Greenwich 008B,651.0,0.8894009216589862,2,0.1897804783950616,0.0474451195987654,True,1.0474451195987653,579.0,76.20265268956302,0.245,76.20265268956302,76.1813983823141,76.14183183698427,76.10575551064719
E01001573,Greenwich 008C,522.0,1.0440613026819925,0,0.0,,False,1.0,545.0000000000001,68.4788961038961,0.243,68.4788961038961,68.44643156470873,68.38599630110188,68.33089211462378
E01001574,Greenwich 008D,753.0,0.649402390438247,0,0.0,,False,1.0,489.0,61.44253246753245,0.416,61.44253246753245,62.45065052186813,64.32734065472113,66.03848538828426
E01001629,Greenwich 009A,838.0,0.6181384248210023,0,0.0,,False,1.0,518.0,65.08636363636363,0.379,65.08636363636363,65.91927283395827,67.469798058624,68.88354933593803
E01001633,Greenwich 009B,777.0,0.6486486486486487,0,0.0,,False,1.0,504.0,63.327272727272714,0.366,63.327272727272714,64.0573365633965,65.41640715211756,66.65559226836005
E01001634,Greenwich 009C,656.0,0.551829268292683,0,0.0,,False,1.0,362.00000000000006,45.48506493506493,0.444,45.48506493506493,46.35563876995936,47.976279645142384,49.45396157569676
E01001637,Greenwich 009D,688.0,0.6918604651162791,0,0.0,,False,1.0,476.0,59.8090909090909,0.321,59.8090909090909,60.235964271034895,61.03062222095724,61.75518230799011
E01001695,Greenwich 011A,564.0,0.6737588652482269,0,0.0,,False,1.0,380.0,47.74675324675324,0.344,47.74675324675324,48.1946959489957,49.02857611388959,49.78889857075238
E01001696,Greenwich 011B,1144.0,0.3732517482517482,1,0.0819077932091049,0.0409538966045524,True,1.0409538966045524,427.0,55.84954235714469,0.339,55.84954235714469,56.34625311190233,57.27091879795622,58.11401846118742
E01001697,Greenwich 011C,935.0,0.586096256684492,1,0.1337048611107253,0.0445682870369084,True,1.0445682870369084,548.0,71.92463118235044,0.36,71.92463118235044,72.71169801517247,74.17688411386438,75.5128241460396
E01001700,Greenwich 011D,798.0,0.6215538847117794,1,0.0,0.0,True,1.0,496.0,62.32207792207791,0.319,62.32207792207791,62.75472419273125,63.560128861022605,64.29448768372225
E01001703,Greenwich 011E,764.0,0.5680628272251309,1,0.113963348765432,0.056981674382716,True,1.056981674382716,434.0,57.639132488952015,0.447,57.639132488952015,58.759205938068995,60.844309742120686,62.745483692351584
E01001704,Greenwich 011F,619.0,0.8222940226171244,0,0.0,,False,1.0,509.0,63.95551948051946,0.275,63.95551948051946,64.12490712791774,64.4402354023518,64.7277481391088
E01001588,Greenwich 012A,638.0,0.7460815047021944,1,0.0,0.0,True,1.0,476.0,59.8090909090909,0.329,59.8090909090909,60.282654292754515,61.164229347957416,61.9680394637264
E01001589,Greenwich 012B,677.0,0.7503692762186115,0,0.0,,False,1.0,508.0,63.829870129870116,0.346,63.829870129870116,64.44115600665049,65.57911218982996,66.61668770418136
E01001591,Greenwich 012C,808.0,0.625,1,0.0,0.0,True,1.0,505.0,63.45292207792206,0.362,63.45292207792206,64.15966716247002,65.47532808224946,66.67493275572474
E01001595,Greenwich 012D,731.0,0.8180574555403557,2,0.1121763117276234,0.0560881558638117,True,1.0560881558638118,598.0,79.35268102562937,0.322,79.35268102562937,79.92678552223417,80.99552567560319,81.96999080065007
E01001590,Greenwich 014A,714.0,0.7086834733893558,2,0.0,0.0,True,1.0,506.0,63.57857142857141,0.217,63.57857142857141,63.38712386191584,63.03072933276717,62.70577285170105
E01001592,Greenwich 014B,736.0,0.8491847826086957,2,0.0,0.0,True,1.0,625.0,78.53084415584414,0.157,78.53084415584414,77.83458354225647,76.53844028026987,75.35663158534169
E01001593,Greenwich 014C,763.0,0.8322411533420708,0,0.0,,False,1.0,635.0,79.78733766233763,0.113,79.78733766233763,78.73736355780693,76.78275513347661,75.00056538732694
E01001594,Greenwich 014D,831.0,0.7521058965102286,0,0.0,,False,1.0,625.0,78.53084415584414,0.41,78.53084415584414,79.77335971988674,82.08639903996091,84.19540200309388
E01001698,Greenwich 015A,753.0,0.6148738379814077,0,0.0,,False,1.0,463.0,58.17564935064934,0.394,58.17564935064934,59.00527513235687,60.549688023084215,61.95786614378312
E01001699,Greenwich 015B,664.0,0.4954819277108434,0,0.0,,False,1.0,329.0,41.338636363636354,0.308,41.338636363636354,41.58124074014417,42.03286764794635,42.44465592950259
E01001701,Greenwich 015C,776.0,0.7048969072164949,1,0.1172831790123455,0.0390943930041151,True,1.039094393004115,547.0,71.41716005215847,0.303,71.41716005215847,71.80144157468513,72.51681150429,73.16907767554756
E01001702,Greenwich 015D,440.0,0.7272727272727273,0,0.0,,False,1.0,320.0,40.2077922077922,0.477,40.2077922077922,41.10683676945724,42.78047811594,44.30648527384719
E01001581,Greenwich 016A,727.0,0.672627235213205,3,0.2332669753070986,0.0388778292178497,True,1.0388778292178498,489.00000000000006,63.83128475151738,0.254,63.83128475151738,63.86953973894482,63.940754372120686,64.00568706525863
E01001585,Greenwich 016B,602.0,0.8471760797342193,0,0.0,,False,1.0,510.0,64.08116883116881,0.15,64.08116883116881,63.469248275119114,62.33011058713754,61.29145779013604
E01001586,Greenwich 016C,664.0,0.7168674698795181,0,0.0,,False,1.0,476.0,59.8090909090909,0.235,59.8090909090909,59.734046537548906,59.5943456057053,59.46696788382503
E01001587,Greenwich 016D,953.0,0.6988457502623295,1,0.1315262345679012,0.0657631172839506,True,1.0657631172839506,666.0,89.18568745941556,0.125,89.18568745941556,88.11646861564755,86.12603461307206,84.31117951185502
E01001678,Greenwich 017A,645.0,1.0635658914728685,1,0.0201774691358024,0.0201774691358024,True,1.0201774691358023,686.0000000000002,87.93466066919191,0.223,87.93466066919191,87.72135683899494,87.32427517607977,86.96222062887605
E01001683,Greenwich 017B,599.0,0.7863105175292153,3,0.2425057870339505,0.0808352623446501,True,1.08083526234465,471.0,63.964743218959654,0.281,63.964743218959654,64.17160589727138,64.55669685519393,64.90781841386605
E01001684,Greenwich 017C,566.0,0.941696113074205,0,0.0,,False,1.0,533.0,66.97110389610388,0.312,66.97110389610388,67.39027826089908,68.17060392908135,68.88209600451755
E01001685,Greenwich 017D,652.0,0.8374233128834356,0,0.0,,False,1.0,546.0,68.60454545454544,0.269,68.60454545454544,68.74607900189514,69.00955470361137,69.24978885389605
E01001646,Greenwich 019A,1131.0,0.762157382847038,1,0.0647673611107252,0.0323836805553626,True,1.0323836805553626,862.0,111.81720828934596,0.358,111.81720828934596,113.01899459799988,115.25621324272977,117.29608377582579
E01001650,Greenwich 019B,610.0,0.9688524590163936,0,0.0,,False,1.0,591.0000000000001,74.25876623376622,0.339,74.25876623376622,74.91920365664559,76.14865926410549,77.26966291357664
E01001651,Greenwich 019C,745.0,0.7248322147651006,0,0.0,,False,1.0,540.0,67.85064935064933,0.396,67.85064935064933,68.83148937250937,70.65739932721705,72.32224327149078
E01001652,Greenwich 019D,705.0,0.8638297872340426,1,0.0068495370366512,0.0068495370366512,True,1.0068495370366513,609.0,77.044584232925,0.216,77.044584232925,76.80506974104978,76.35919489370983,75.95265127550788
E01001679,Greenwich 020A,553.0,1.0289330922242317,0,0.0,,False,1.0,569.0000000000001,71.49448051948052,0.171,71.49448051948052,70.95827626259995,69.96009035197794,69.04995578358165
E01001680,Greenwich 020B,617.0,1.1636952998379255,0,0.0,,False,1.0,718.0,90.21623376623376,0.132,90.21623376623376,89.19628399302194,87.29756819564076,85.56634071149414
E01001681,Greenwich 020C,524.0,0.9408396946564884,3,0.0059938271604938,0.0019979423868312,True,1.0019979423868313,492.99999999999994,62.068892670755154,0.179,62.068892670755154,61.65183388768362,60.87544653935284,60.16754537919615
E01001682,Greenwich 020D,552.0,1.0579710144927537,0,0.0,,False,1.0,584.0,73.37922077922076,0.215,73.37922077922076,73.14394064331492,72.70594837880596,72.30659201003957
E01001686,Greenwich 020E,754.0,0.7625994694960212,1,0.055298611111111,0.0184328703703703,True,1.0184328703703702,575.0,73.580121584145,0.322,73.580121584145,74.11246249709465,75.10345649263907,76.00703355460753
E01001580,Greenwich 021A,790.0,0.7810126582278482,0,0.0,,False,1.0,617.0,77.52564935064933,0.12,77.52564935064933,76.55839370226501,74.75777211488015,73.11598581651579
E01001582,Greenwich 021B,660.0,0.7909090909090909,0,0.0,,False,1.0,522.0,65.58896103896103,0.245,65.58896103896103,65.57066708355585,65.53661146333148,65.50555993587099
E01001583,Greenwich 021C,767.0,0.8226857887874837,2,0.0,0.0,True,1.0,631.0,79.28474025974023,0.126,79.28474025974023,78.34195743636882,76.58689391535057,74.98664694410783
E01001584,Greenwich 021D,665.0,0.8902255639097745,0,0.0,,False,1.0,592.0,74.38441558441556,0.095,74.38441558441556,73.2748884983479,71.20941756902451,69.32614465083296
E01001645,Greenwich 022A,705.0,0.9687943262411348,0,0.0,,False,1.0,683.0,85.81850649350648,0.304,85.81850649350648,86.28865308160401,87.16386750622668,87.96187807132455
E01001647,Greenwich 022B,568.0,1.0704225352112675,1,0.080746913579861,0.0269156378599536,True,1.0269156378599535,608.0,78.45102010581026,0.164,78.45102010581026,77.80905472175263,76.61398625064182,75.5243364012659
E01001648,Greenwich 022C,695.0,1.037410071942446,0,0.0,,False,1.0,720.9999999999999,90.59318181818179,0.195,90.59318181818179,90.12590341444012,89.25602833797872,88.46288612984985
E01001649,Greenwich 022D,574.0,1.0348432055749128,0,0.0,,False,1.0,594.0,74.63571428571427,0.374,74.63571428571427,75.55441110287163,77.26463665079004,78.82400086776754
E01001605,Greenwich 023A,570.0,1.33859649122807,0,0.0,,False,1.0,762.9999999999999,95.8704545454545,0.043,95.8704545454545,93.95397023197472,90.3862856880795,87.13331146957061
E01001606,Greenwich 023B,607.0,1.1812191103789127,1,0.0416230709876542,0.0208115354938271,True,1.0208115354938272,717.0,91.96550781080896,0.059,91.96550781080896,90.27067068064038,87.11559960012458,84.23884164795565
E01001610,Greenwich 023C,704.0,1.0539772727272727,1,0.0196292438267745,0.0098146219133872,True,1.0098146219133872,742.0,94.14685322757038,0.153,94.14685322757038,93.27539194105542,91.65309900568708,90.17391074543228
E01001611,Greenwich 023D,713.0,0.879382889200561,0,0.0,,False,1.0,627.0,78.78214285714283,0.196,78.78214285714283,78.38347330126975,77.64131892901322,76.96463100736526
E01001620,Greenwich 025A,503.0,1.0815109343936382,1,0.058253086419753,0.019417695473251,True,1.019417695473251,544.0,69.68050928330926,0.403,69.68050928330926,70.7353981529182,72.69915579453303,74.48968769301706
E01001621,Greenwich 025B,668.0,0.8877245508982036,1,0.3762102623410491,0.1881051311705245,True,1.1881051311705244,593.0,88.52579047319959,0.324,88.52579047319959,89.18353794695435,90.4079860049925,91.5244238278143
E01001623,Greenwich 025C,667.0,0.8980509745127436,0,0.0,,False,1.0,599.0,75.26396103896103,0.297,75.26396103896103,75.62487527168011,76.29674517465139,76.90934851602515
E01001624,Greenwich 025D,628.0,0.9777070063694268,1,0.3457862654286263,0.1728931327143131,True,1.172893132714313,614.0,90.48718195107455,0.264,90.48718195107455,90.62971081996196,90.89503939010048,91.13696296475382
E01001625,Greenwich 025E,619.0,0.9612277867528272,4,0.3024768518506944,0.0378096064813368,True,1.037809606481337,595.0,77.58806137546267,0.404,77.58806137546267,78.77023333027677,80.97093833044381,82.97751613742417
E01001604,Greenwich 027A,600.0,0.9666666666666668,1,0.0,0.0,True,1.0,580.0000000000001,72.87662337662339,0.158,72.87662337662339,72.23760492758099,71.04802240510627,69.96337458134603
E01001607,Greenwich 027B,669.0,0.9805680119581464,0,0.0,,False,1.0,655.9999999999999,82.425974025974,0.166,82.425974025974,81.76756803727397,80.54189410246987,79.4243385391456
E01001608,Greenwich 027C,583.0,1.1234991423670668,0,0.0,,False,1.0,655.0,82.30032467532466,0.109,82.30032467532466,81.18515660825507,79.10918455424657,77.21633682991792
E01001609,Greenwich 027D,740.0,0.8364864864864865,0,0.0,,False,1.0,619.0,77.77694805194804,0.197,77.77694805194804,77.39095476970931,76.67239826632206,76.01722661330689
E01001613,Greenwich 028A,799.0,0.7934918648310388,0,0.0,,False,1.0,634.0,79.6616883116883,0.262,79.6616883116883,79.77161865290036,79.97626252944495,80.16285449019283
E01001614,Greenwich 028B,546.0,1.5787545787545787,0,0.0,,False,1.0,862.0,108.30974025974024,0.062,108.30974025974024,106.34540145587604,102.68863205775077,99.35443128165123
E01001615,Greenwich 028C,941.0,0.6865037194473964,1,0.046426311728395,0.046426311728395,True,1.046426311728395,646.0,84.93788012490978,0.211,84.93788012490978,84.6323853588146,84.06368310147148,83.54514684682685
E01001617,Greenwich 028D,734.0,0.9591280653950952,0,0.0,,False,1.0,703.9999999999999,88.45714285714283,0.139,88.45714285714283,87.51750306501471,85.76829054100632,84.17337844233754
E01001653,Greenwich 029A,598.0,0.8076923076923077,0,0.0,,False,1.0,483.0,60.688636363636355,0.491,60.688636363636355,62.12854086835017,64.80903504720682,67.25307917425954
E01001654,Greenwich 029B,570.0,0.9614035087719298,0,0.0,,False,1.0,548.0,68.85584415584414,0.391,68.85584415584414,69.81761990477466,71.6080402332992,73.24052513977746
E01001655,Greenwich 029C,631.0,0.7781299524564184,0,0.0,,False,1.0,491.0,61.69383116883116,0.44,61.69383116883116,62.850556443193604,65.00389046938382,66.9672759606882
E01001660,Greenwich 029D,564.0,1.0212765957446808,0,0.0,,False,1.0,576.0,72.37402597402595,0.348,72.37402597402595,73.08126223180473,74.3978375087389,75.59827588267571
E01001661,Greenwich 029E,578.0,1.0363321799307958,0,0.0,,False,1.0,599.0,75.26396103896103,0.327,75.26396103896103,75.84520607270471,76.92723889108869,77.91382411701807
E01001618,Greenwich 030C,755.0,1.018543046357616,0,0.0,,False,1.0,769.0,96.62435064935063,0.249,96.62435064935063,96.63511530274009,96.6551545419073,96.67342609242344
E01001619,Greenwich 030D,828.0,0.9589371980676328,0,0.0,,False,1.0,793.9999999999999,99.76558441558439,0.178,99.76558441558439,99.0854954315976,97.81945691535343,96.66509738543688
E01033729,Greenwich 030E,758.0,0.8245382585751979,0,0.0,,False,1.0,625.0,78.53084415584414,0.314,78.53084415584414,79.03769761295985,79.9812447279833,80.84156026355154
E01001597,Greenwich 031A,633.0,1.127962085308057,0,0.0,,False,1.0,714.0000000000001,89.71363636363637,0.147,89.71363636363637,88.8306844479495,87.18700081305501,85.68830875608883
E01001598,Greenwich 031B,606.0,1.2871287128712872,0,0.0,,False,1.0,780.0,98.0064935064935,0.139,98.0064935064935,96.96541532771519,95.02736736077408,93.26027725145356
E01001602,Greenwich 031C,714.0,1.0546218487394958,0,0.0,,False,1.0,753.0,94.61396103896102,0.399,94.61396103896102,96.00938563665831,98.6070770105764,100.97562248118368
E01001603,Greenwich 031D,742.0,0.8706199460916442,0,0.0,,False,1.0,646.0,81.1694805194805,0.423,81.1694805194805,82.55671277937448,85.13915347957007,87.4937935592091
E01001596,Greenwich 032A,638.0,1.45141065830721,0,0.0,,False,1.0,926.0,116.35129870129867,0.073,116.35129870129867,114.36600662078713,110.67023106920007,107.30046492569957
E01001599,Greenwich 032B,603.0,1.2354892205638477,3,0.0262214506172838,0.0029134945130315,True,1.0029134945130316,745.0000000000001,93.88149486055997,0.25,93.88149486055997,93.90111502431579,93.937639484489,93.97094207215524
E01001600,Greenwich 032C,638.0,1.0454545454545454,2,0.2388815586404318,0.0597203896601079,True,1.059720389660108,667.0,88.81317028005648,0.162,88.81317028005648,88.06907830971676,86.68389325855527,85.42089727226426
E01001601,Greenwich 032D,568.0,1.2235915492957747,0,0.0,,False,1.0,695.0,87.32629870129868,0.108,87.32629870129868,86.13450734813257,83.9158950900868,81.89298964889807
E01001669,Greenwich 033A,917.0,0.8157033805888768,0,0.0,,False,1.0,748.0,93.98571428571427,0.347,93.98571428571427,94.89496789398007,96.58761417439801,98.1309498150662
E01001671,Greenwich 033B,683.0,0.7833089311859444,0,0.0,,False,1.0,535.0,67.22240259740259,0.35,67.22240259740259,67.89241669301717,69.13970002129854,70.27695878399322
E01001676,Greenwich 033C,674.0,0.7077151335311572,0,0.0,,False,1.0,476.99999999999994,59.93474025974024,0.393,59.93474025974024,60.78360340446639,62.36382814203439,63.80465909766208
E01032567,Greenwich 033D,601.0,1.1314475873544094,0,0.0,,False,1.0,680.0000000000001,85.44155844155844,0.24,85.44155844155844,85.37603971589097,85.25407151440061,85.1428622945146
E01001656,Greenwich 034A,585.0,0.8444444444444444,0,0.0,,False,1.0,494.0,62.0707792207792,0.21,62.0707792207792,61.84147325319217,61.414602367461946,61.02538634546569
E01001657,Greenwich 034B,704.0,0.8863636363636364,0,0.0,,False,1.0,624.0,78.4051948051948,0.145,78.4051948051948,77.61823757764438,76.15325551768666,74.81750152571027
E01001658,Greenwich 034C,730.0,0.8246575342465754,1,0.0303152006172838,0.0151576003086419,True,1.015157600308642,602.0,76.7874437578914,0.251,76.7874437578914,76.81098448310846,76.85480737324028,76.89476458639226
E01001659,Greenwich 034D,551.0,1.234119782214156,0,0.0,,False,1.0,680.0,85.44155844155843,0.163,85.44155844155843,84.73405191724608,83.41697351814811,82.21607640314063
E01034174,Greenwich 034F,599.0,0.6410684474123539,0,0.0,,False,1.0,384.0,48.24935064935064,0.2,48.24935064935064,48.02402234018866,47.60455617485407,47.22209169275599
E01034175,Greenwich 034G,658.0,0.4893617021276595,0,0.0,,False,1.0,321.99999999999994,40.4590909090909,0.186,40.4590909090909,40.21487098687858,39.76023661514916,39.34570616216547
E01034176,Greenwich 034H,605.0,1.028099173553719,0,0.0,,False,1.0,622.0,78.15389610389609,0.313,78.15389610389609,78.65069030057583,79.57551132025482,80.41875261491991
E01034177,Greenwich 034I,652.0,0.6763803680981595,0,0.0,,False,1.0,441.0,55.411363636363625,0.3,55.411363636363625,55.69329980490169,56.21814590136252,56.69669460696306
E01033727,Greenwich 035B,966.0,0.5072463768115942,0,0.0,,False,1.0,490.00000000000006,61.56818181818181,0.252,61.56818181818181,61.5930646817532,61.63938606677425,61.681621379169485
E01033728,Greenwich 035C,869.0,0.5339470655926352,0,0.0,,False,1.0,463.99999999999994,58.301298701298684,0.122,58.301298701298684,57.58527561149631,56.25234296363041,55.036990124788204
E01034178,Greenwich 035E,861.0,0.3228803716608595,1,0.0700189043209875,0.0350094521604937,True,1.0350094521604938,278.0,36.153417831213915,0.172,36.153417831213915,35.88579729553614,35.387600862593274,34.93335101730095
E01034179,Greenwich 035F,553.0,0.4466546112115732,1,0.0861361882716048,0.0287120627572016,True,1.0287120627572015,246.99999999999997,31.926479664577307,0.291,31.926479664577307,32.060884543143914,32.31108967371217,32.53922386805115
E01034180,Greenwich 035G,537.0,0.4171322160148976,0,0.0,,False,1.0,224.0,28.14545454545454,0.516,28.14545454545454,28.881898141388625,30.252845148981944,31.502859048970397
E01034181,Greenwich 035H,750.0,0.2693333333333333,1,0.087007716048611,0.0290025720162036,True,1.0290025720162037,201.99999999999997,26.117288008050224,0.094,26.117288008050224,25.72517076922067,24.995214044541303,24.329647799321474
E01034182,Greenwich 035I,728.0,0.3365384615384615,1,0.3402272376516203,0.1701136188258101,True,1.17011361882581,244.99999999999997,36.02088401589908,0.263,36.02088401589908,36.07410654190598,36.17318441177756,36.263522487454274
E01001664,Greenwich 037B,880.0,0.6147727272727272,0,0.0,,False,1.0,541.0,67.97629870129869,0.147,67.97629870129869,67.3072833142026,66.06185915947164,64.92629557008969
E01001665,Greenwich 037C,772.0,0.6580310880829016,3,0.0210817901226851,0.0070272633742283,True,1.0070272633742283,508.0,64.2784194384155,0.19,64.2784194384155,63.91551034284543,63.23992684758924,62.62393749497707
E01033738,Greenwich 037D,743.0,0.6527590847913862,0,0.0,,False,1.0,484.99999999999994,60.93993506493504,0.244,60.93993506493504,60.916991205487356,60.874279427387684,60.83533531355829
E01034183,Greenwich 037E,693.0,0.4992784992784992,0,0.0,,False,1.0,345.99999999999994,43.47467532467531,0.205,43.47467532467531,43.29285672019054,42.954387252712806,42.645774639150474
E01034184,Greenwich 037F,575.0,0.4504347826086956,0,0.0,,False,1.0,259.0,32.543181818181814,0.187,32.543181818181814,32.34991966275811,31.990147135544948,31.662110634236328
E01034185,Greenwich 037G,559.0,0.5652951699463328,0,0.0,,False,1.0,316.0,39.7051948051948,0.242,39.7051948051948,39.68249684216582,39.64024281936644,39.60171608161721
E01001638,Greenwich 038A,678.0,0.556047197640118,0,0.0,,False,1.0,377.0,47.36980519480519,0.448,47.36980519480519,48.2949421720996,50.0171565787943,51.58745210094428
E01001641,Greenwich 038B,815.0,0.5595092024539877,2,0.1116508487646602,0.0222731802982252,True,1.0222731802982252,456.0,58.572270348567656,0.135,58.572270348567656,57.927221647509505,56.72641334209408,55.631529977035434
E01001642,Greenwich 038C,757.0,0.8745046235138706,0,0.0,,False,1.0,662.0,83.17987012987011,0.109,83.17987012987011,82.05278423612954,79.9546262212385,78.0415495899323
E01001644,Greenwich 038D,1181.0,0.54614733276884,0,0.0,,False,1.0,645.0,81.04383116883115,0.153,81.04383116883115,80.29365674501082,78.89714873382349,77.62382860127231
E01033746,Greenwich 038E,704.0,0.5809659090909091,1,0.0723900462959105,0.0723900462959105,True,1.0723900462959106,409.0,55.110751200602465,0.177,55.110751200602465,54.729690611333154,54.02031669939369,53.37351762889561
E01033734,Greenwich 039B,632.0,0.5253164556962026,4,0.1736226851824844,0.0217028356478105,True,1.0217028356478104,332.0,42.6209308881082,0.185,42.6209308881082,42.359502618327646,41.87283356976138,41.42909426252885
E01033736,Greenwich 039A,1164.0,0.3823024054982817,0,0.0,,False,1.0,444.9999999999999,55.91396103896102,0.058,55.91396103896102,54.87806358007551,52.94965992598259,51.19136339150432
E01034186,Greenwich 039C,736.0,0.3125,0,0.0,,False,1.0,230.0,28.899350649350644,0.056,28.899350649350644,28.35830289781851,27.35110044535198,26.432744696579608
E01034187,Greenwich 039D,699.0,0.3361945636623748,0,0.0,,False,1.0,235.0,29.527597402597394,0.311,29.527597402597394,29.709530272716506,30.04821245455598,30.357019018655752
E01034188,Greenwich 040A,671.0,0.2727272727272727,0,0.0,,False,1.0,183.0,22.993831168831164,0.138,22.993831168831164,22.74733444207628,22.288461621683922,21.87006659938157
E01034189,Greenwich 040B,562.0,0.3825622775800711,1,0.0,0.0,True,1.0,214.99999999999997,27.01461038961038,0.135,27.01461038961038,26.717102042440146,26.1632671248186,25.65828674155695
E01034190,Greenwich 040C,720.0,0.5444444444444444,0,0.0,,False,1.0,391.99999999999994,49.254545454545436,0.378,49.254545454545436,49.880048791824784,51.04447188303936,52.106179623326824
E01034191,Greenwich 040D,757.0,0.4557463672391017,0,0.0,,False,1.0,345.0,43.34902597402597,0.181,43.34902597402597,43.06621148608149,42.539730329761895,42.05969079516546
E01034192,Greenwich 040E,1060.0,0.5924528301886792,2,0.2626249999980707,0.0491247106478266,True,1.0491247106478265,628.0,82.78411466785882,0.273,82.78411466785882,82.98721390390966,83.36529892148009,83.71003254336537
E01001666,Greenwich 041G,742.0,0.522911051212938,1,0.0,0.0,True,1.0,388.0,48.75194805194805,0.2,48.75194805194805,48.524272572898965,48.10043696834213,47.7139884812222
E01033732,Greenwich 041E,452.0,0.4469026548672566,0,0.0,,False,1.0,202.0,25.38116883116883,0.33,25.38116883116883,25.584611534001752,25.9633359416894,26.308652552216543
E01034193,Greenwich 041A,738.0,0.2981029810298103,0,0.0,,False,1.0,220.0,27.64285714285714,0.227,27.64285714285714,27.586593347652183,27.48185391872926,27.38635369785614
E01034194,Greenwich 041B,606.0,0.4026402640264026,0,0.0,,False,1.0,243.99999999999997,30.65844155844155,0.14,30.65844155844155,30.33576264123804,29.73507075064931,29.18736671199037
E01034195,Greenwich 041C,509.0,0.3536345776031434,1,0.0626442901226849,0.0313221450613424,True,1.0313221450613423,179.99999999999997,23.325292410705547,0.309,23.325292410705547,23.464457849425006,23.723525132820786,23.95973973738487
E01034196,Greenwich 041D,577.0,0.4280762564991334,0,0.0,,False,1.0,246.99999999999997,31.0353896103896,0.189,31.0353896103896,30.857138637452255,30.525310593460507,30.222753554349413
E01001712,Greenwich 042A,911.0,0.5005488474204172,1,0.0921639660486108,0.0307213220162036,True,1.0307213220162037,456.00000000000006,59.05631595416996,0.455,59.05631595416996,60.25003121299478,62.47222497099553,64.49839598313763
E01033735,Greenwich 042D,592.0,0.2567567567567567,1,0.0,0.0,True,1.0,151.99999999999997,19.09870129870129,0.44,19.09870129870129,19.4567914040029,20.123403974228793,20.73121373935764
E01033737,Greenwich 042B,813.0,0.4551045510455104,0,0.0,,False,1.0,369.99999999999994,46.490259740259724,0.314,46.490259740259724,46.79031698687223,47.3488968789661,47.85820367602251
E01034198,Greenwich 042C,966.0,0.6014492753623188,0,0.0,,False,1.0,581.0,73.00227272727271,0.334,73.00227272727271,73.61591692904899,74.75826331755295,75.79984177122222
E01001808,Hackney 001A,542.0,0.4243542435424354,4,0.3006929012330246,0.037586612654128,True,1.037586612654128,229.99999999999997,29.985579348163604,0.779,29.985579348163604,31.539717849526113,34.43286749410419,37.070808457860274
E01001809,Hackney 001B,570.0,0.5210526315789473,2,0.0,0.0,True,1.0,297.0,37.317857142857136,0.764,37.317857142857136,39.19740124885821,42.696318724667826,45.88659191207024
E01001814,Hackney 001C,554.0,0.4566787003610108,4,0.0,0.0,True,1.0,253.0,31.789285714285704,0.815,31.789285714285704,33.54858297771459,36.82365160765597,39.809821961555805
E01001823,Hackney 001D,518.0,0.61003861003861,6,0.0,0.0,True,1.0,316.0,39.7051948051948,0.852,39.7051948051948,42.045933971019664,46.40340190564656,50.3764916435202
E01001825,Hackney 001E,402.0,0.654228855721393,4,0.0,0.0,True,1.0,263.0,33.04577922077922,0.745,33.04577922077922,34.648888268974936,37.633200393628705,40.35426227060818
E01001714,Hackney 002A,855.0,0.343859649122807,1,0.0,0.0,True,1.0,293.99999999999994,36.940909090909074,0.36,36.940909090909074,37.345151196037634,38.09767930196309,38.783825876067475
E01001811,Hackney 002D,673.0,0.4457652303120357,1,0.0,0.0,True,1.0,300.0,37.69480519480519,0.611,37.69480519480519,39.03055308300719,41.51715162271876,43.7844039097251
E01001813,Hackney 002E,795.0,0.3534591194968553,2,0.0,0.0,True,1.0,281.0,35.30746753246753,0.518,35.30746753246753,36.23820042374472,37.97083205936472,39.550625892451514
E01035638,Hackney 002G,847.0,0.3081463990554899,1,0.2175493827156635,0.1087746913578317,True,1.1087746913578318,260.99999999999994,36.36169001622742,0.312,36.36169001622742,36.589279042370364,37.01295370812124,37.39925545306707
E01035639,Hackney 002H,805.0,0.3180124223602484,3,0.0,0.0,True,1.0,255.99999999999997,32.16623376623375,0.273,32.16623376623375,32.245149117696606,32.39205617960667,32.5260043689801
E01001799,Hackney 003A,449.0,0.4409799554565701,3,0.0,0.0,True,1.0,197.99999999999997,24.87857142857142,0.901,24.87857142857142,26.464193671113794,29.415952747556965,32.107333125160565
E01001802,Hackney 003B,456.0,0.5197368421052632,11,0.0760605709876543,0.003457298681257,True,1.003457298681257,237.0,29.881850642125386,0.557,29.881850642125386,30.7832805211385,32.46136232130782,33.99141823441831
E01001804,Hackney 003C,461.0,0.5249457700650759,10,0.0341192129625769,0.000864322916657,True,1.000864322916657,242.0,30.43342444754434,0.72,30.43342444754434,31.83556017978154,34.44574485239334,36.825681570756586
E01001807,Hackney 003D,651.0,0.4654377880184331,13,0.0079699074074073,0.0003065349002848,True,1.0003065349002849,302.99999999999994,38.083423567838395,0.681,38.083423567838395,39.693078754010344,42.689577023427056,45.42175008869944
E01001812,Hackney 003E,565.0,0.4725663716814159,15,0.0,0.0,True,1.0,267.0,33.54837662337662,0.784,33.54837662337662,35.30354171689408,38.57091799129568,41.550074542842005
E01001725,Hackney 004A,567.0,0.4885361552028218,9,0.1025605709872684,0.0113956189985853,True,1.0113956189985853,276.99999999999994,35.20149316916536,0.828,35.20149316916536,37.19428551282036,40.90402338734623,44.2865202182132
E01001726,Hackney 004B,464.0,0.5021551724137931,1,0.0,0.0,True,1.0,233.00000000000003,29.2762987012987,0.766,29.2762987012987,30.756536844330007,33.51211522659611,36.024620276946024
E01001800,Hackney 004C,662.0,0.3187311178247734,0,0.0,,False,1.0,211.0,26.512012987012984,0.939,26.512012987012984,28.30005071998502,31.628621968367987,34.66357540167741
E01001824,Hackney 004D,505.0,0.4693069306930693,4,0.0223746141975308,0.0027968267746913,True,1.0027968267746914,237.0,29.862182517840225,0.777,29.862182517840225,31.404097434365152,34.27449192546282,36.89168499889978
E01001826,Hackney 004E,526.0,0.4619771863117871,5,0.0594378858024691,0.0059437885802469,True,1.005943788580247,243.0,30.714272669439925,0.998,30.714272669439925,32.9625528046452,37.14790106567762,40.964054041398605
E01001723,Hackney 006A,681.0,0.4919236417033774,15,0.0,0.0,True,1.0,335.0,42.09253246753246,0.527,42.09253246753246,43.23909208120931,45.37350193971843,47.31963259001434
E01001724,Hackney 006B,1069.0,0.3292797006548176,7,0.2524282407291663,0.0180305886235118,True,1.0180305886235117,352.0,45.026038605405596,0.319,45.026038605405596,45.33861399336488,45.920497378780915,46.45105203619198
E01001727,Hackney 006C,561.0,0.5561497326203209,12,0.0,0.0,True,1.0,312.0,39.2025974025974,0.569,39.2025974025974,40.431106602174644,42.718071985891605,44.80330103019806
E01001768,Hackney 006D,749.0,0.5433911882510013,18,0.0767866512345678,0.0042659250685871,True,1.004265925068587,407.0,51.35744207520391,0.311,51.35744207520391,51.67387848251879,52.26294945563475,52.80005767381988
E01001769,Hackney 006E,632.0,0.5174050632911392,16,0.2539440586415894,0.0079357518325496,True,1.0079357518325496,327.0,41.41339657748613,0.258,41.41339657748613,41.45438091200807,41.53067643698956,41.600241829528855
E01001715,Hackney 007A,657.0,0.3059360730593607,14,7.638888888888889e-05,5.456349206349206e-06,True,1.0000054563492065,201.0,25.255657283453154,0.255,25.255657283453154,25.2732578358617,25.306022632500163,25.33589720168594
E01001716,Hackney 007B,836.0,0.3181818181818182,7,0.0337557870362654,0.0024111276454475,True,1.0024111276454475,266.0,33.50331373444079,0.444,33.50331373444079,34.14455956669589,35.33828853618578,36.42671704320791
E01001717,Hackney 007C,427.0,0.6323185011709602,0,0.0,,False,1.0,270.0,33.92532467532467,0.331,33.92532467532467,34.20056351997855,34.71294202735507,35.18012292692925
E01001718,Hackney 007D,825.0,0.3381818181818182,11,0.0535115740733023,0.0048646885521183,True,1.0048646885521182,279.0,35.22670617436294,0.131,35.22670617436294,34.825009217357476,34.07721910253204,33.395392574862925
E01001719,Hackney 007E,697.0,0.3873744619799139,1,0.0,0.0,True,1.0,269.99999999999994,33.92532467532466,0.355,33.92532467532466,34.28001502752666,34.940298693048646,35.54233783479982
E01001720,Hackney 007F,789.0,0.4207858048162231,14,0.0355192901230708,0.0025370921516479,True,1.0025370921516479,332.0,41.821420697406595,0.158,41.821420697406595,41.4547096980139,40.77204866321827,40.14960609049399
E01001742,Hackney 008A,781.0,0.4750320102432778,8,0.4967503857974538,0.0310468991123408,True,1.0310468991123407,370.99999999999994,48.063188517484576,0.293,48.063188517484576,48.27490625253874,48.669035276036844,49.02839764017838
E01001801,Hackney 008B,546.0,0.5347985347985348,3,0.007335262345679,0.0024450874485596,True,1.0024450874485595,292.0,36.779319695466555,0.566,36.779319695466555,37.92112263704254,40.046677580635176,41.984734420151
E01001803,Hackney 008C,684.0,0.5292397660818714,9,0.3738379629614194,0.0316749614196244,True,1.0316749614196243,362.00000000000006,46.92580261205222,0.291,46.92580261205222,47.123352008915774,47.49110556937472,47.826419086088194
E01001806,Hackney 008D,675.0,0.4814814814814814,10,0.0505925925918207,0.0027362847221836,True,1.0027362847221837,324.99999999999994,40.947777990562535,0.277,40.947777990562535,41.06422059165355,41.28098754624921,41.47863319177888
E01001741,Hackney 009A,575.0,0.5878260869565217,17,0.098430169753086,0.0044890613652868,True,1.0044890613652868,338.0,42.660128623684315,0.151,42.660128623684315,42.256923581408365,41.50632604860801,40.821939749137115
E01001805,Hackney 009B,508.0,0.4035433070866142,6,0.0,0.0,True,1.0,205.0,25.75811688311688,0.385,25.75811688311688,26.102824183156184,26.744523620959093,27.329617875095547
E01001829,Hackney 009C,663.0,0.6153846153846154,16,0.098714891973765,0.0061696807483603,True,1.0061696807483602,408.0,51.58122334787112,0.112,51.58122334787112,50.897398705014666,49.62440596936114,48.46370566122549
E01001831,Hackney 009D,785.0,0.3910828025477707,7,0.0,0.0,True,1.0,307.0,38.57435064935064,0.287,38.57435064935064,38.721685347413924,38.99596034218569,39.24604116513874
E01001832,Hackney 009E,624.0,0.4743589743589743,10,0.6028379629517746,0.0324694251537615,True,1.0324694251537614,295.99999999999994,38.39981739942001,0.24,38.39981739942001,38.37037145826721,38.31555554957836,38.26557502704757
E01001764,Hackney 010A,669.0,0.5112107623318386,11,0.0468680555555555,0.0042607323232323,True,1.0042607323232322,342.0,43.15517044347697,0.389,43.15517044347697,43.74953790229235,44.855999135131604,45.864857911719504
E01001765,Hackney 010B,749.0,0.459279038718291,1,0.0,0.0,True,1.0,343.99999999999994,43.22337662337661,0.483,43.22337662337661,44.215156303644804,46.06143128296752,47.74484382522598
E01001767,Hackney 010D,630.0,0.5349206349206349,15,0.0725775462947529,0.0048385030863168,True,1.0048385030863167,337.0,42.54871192662802,0.337,42.54871192662802,42.91882476295497,43.60781858167465,44.23603531480547
E01001770,Hackney 010E,769.0,0.3797139141742522,13,0.0360844907403549,0.0027757300569503,True,1.0027757300569502,291.99999999999994,36.791450843946606,0.468,36.791450843946606,37.58179471493164,39.05308127493269,40.39458363839461
E01033703,Hackney 010F,558.0,0.3906810035842294,8,0.0855914351847992,0.0106989293980999,True,1.0106989293981,218.0,27.684618791428598,0.34,27.684618791428598,27.933539821182404,28.39692567008123,28.81943562048284
E01033713,Hackney 010G,609.0,0.3628899835796387,7,0.4236790123422065,0.0302627865958718,True,1.0302627865958718,220.99999999999997,28.60885887960555,0.257,28.60885887960555,28.634379645904076,28.681888536444525,28.72520660287574
E01001792,Hackney 011A,715.0,0.5482517482517483,13,0.0348622685181327,0.0026817129629332,True,1.0026817129629333,392.0,49.38663200757429,0.33,49.38663200757429,49.782490447596075,50.51941170914914,51.19132813993478
E01001793,Hackney 011B,605.0,0.5537190082644629,10,0.072025077159722,0.005364210390895,True,1.005364210390895,335.0,42.31832566757388,0.26,42.31832566757388,42.3684645156441,42.46180187930038,42.54690582665385
E01001794,Hackney 011C,643.0,0.6251944012441679,17,0.2614363425918206,0.0130577682461419,True,1.013057768246142,402.0,51.170600401664046,0.186,51.170600401664046,50.86172346526101,50.28672503494777,49.76244800134832
E01001795,Hackney 011D,515.0,0.4970873786407767,14,0.0701099537037035,0.0050078538359788,True,1.0050078538359788,256.0,32.32731756338898,0.27,32.32731756338898,32.39716448009841,32.5271899457024,32.645745687432196
E01001796,Hackney 011E,634.0,0.4416403785488959,15,0.0526473765428237,0.0019008058984653,True,1.0019008058984653,280.0,35.248691989336905,0.331,35.248691989336905,35.53466741776847,36.06703291054759,36.55243771624925
E01001736,Hackney 012A,678.0,0.4764011799410029,15,0.1209390432071756,0.0052881430040123,True,1.0052881430040124,322.99999999999994,40.79935817001445,0.214,40.79935817001445,40.664559517614094,40.41362134644093,40.18481877400978
E01001737,Hackney 012B,706.0,0.5481586402266289,16,0.081087577159722,0.0050679735724826,True,1.0050679735724826,387.0,48.87273549804452,0.22,48.87273549804452,48.73987729657759,48.49255142567459,48.2670425075741
E01001738,Hackney 012C,793.0,0.4148802017654476,12,0.2172581018514659,0.009516541280832,True,1.009516541280832,328.99999999999994,41.7320372030842,0.26,41.7320372030842,41.781481415254184,41.8735256601787,41.957450556569526
E01001739,Hackney 012D,885.0,0.4485875706214689,14,0.0,0.0,True,1.0,397.0,49.8827922077922,0.205,49.8827922077922,49.67417375120129,49.28581427551152,48.93171251948769
E01001786,Hackney 013A,842.0,0.4394299287410926,5,0.2009880401226851,0.040197608024537,True,1.040197608024537,369.99999999999994,48.3590569782576,0.427,48.3590569782576,49.2044163423263,50.778118519804,52.21300227927371
E01001787,Hackney 013B,646.0,0.478328173374613,8,0.0724737654317128,0.0078399643132233,True,1.0078399643132232,309.0,39.13004105599615,0.498,39.13004105599615,40.08517276570958,41.86322469870013,43.48443224270379
E01001788,Hackney 013C,648.0,0.4459876543209876,8,0.181180555554398,0.013931592399619,True,1.013931592399619,288.99999999999994,36.818555548295635,0.482,36.818555548295635,37.65978094369217,39.2257874170971,40.65365432105898
E01001790,Hackney 013D,583.0,0.3962264150943396,2,0.0111292438267746,0.0055646219133873,True,1.0055646219133874,230.99999999999997,29.18651315103606,0.516,29.18651315103606,29.950196702957864,31.371853006354034,32.66810306591767
E01001740,Hackney 014A,626.0,0.426517571884984,6,0.2475081018503085,0.0103128375770961,True,1.010312837577096,267.0,33.89435558246875,0.46,33.89435558246875,34.59600518667323,35.902180473652386,37.0931362549496
E01001747,Hackney 014B,1078.0,0.2829313543599258,8,0.0002060185185185,2.57523148148125e-05,True,1.0000257523148148,305.0,38.32403885535037,0.387,38.32403885535037,38.844388689135954,39.81306035858703,40.69628417732858
E01001830,Hackney 014C,898.0,0.3273942093541203,2,0.0,0.0,True,1.0,294.0,36.94090909090908,0.364,36.94090909090908,37.3595701733334,38.13894032647786,38.84956117416251
E01001833,Hackney 014D,921.0,0.3648208469055374,11,0.0,0.0,True,1.0,335.99999999999994,42.218181818181804,0.353,42.218181818181804,42.65133484088004,43.457682867499734,44.19290183360135
E01001834,Hackney 014E,805.0,0.4360248447204969,9,0.0378352623452929,0.0042039180383658,True,1.0042039180383657,351.0,44.28832714759009,0.326,44.28832714759009,44.626033274620966,45.25469948457242,45.82791018968344
E01001835,Hackney 014F,492.0,0.5365853658536586,12,0.0039668209876542,0.0003305684156378,True,1.0003305684156378,264.0,33.18239399801586,0.173,33.18239399801586,32.940004027173984,32.48877625218759,32.07735189539643
E01001733,Hackney 015A,735.0,0.4421768707482993,15,0.4383260030852621,0.0151128729423482,True,1.0151128729423482,325.0,41.45318882932592,0.234,41.45318882932592,41.397131134099396,41.292775376309265,41.19762498241441
E01001785,Hackney 015B,589.0,0.5857385398981324,20,0.1386539351851849,0.0058140046296296,True,1.0058140046296296,345.0,43.60105741172889,0.272,43.60105741172889,43.70377185151175,43.89498276655587,44.069326705680304
E01001789,Hackney 015C,625.0,0.5776,20,0.0149587191354165,0.0007479359567708,True,1.0007479359567708,361.0,45.39334152230927,0.263,45.39334152230927,45.460412288774776,45.58526973487184,45.699113335152475
E01001791,Hackney 015D,492.0,0.6646341463414634,13,0.0804992283935184,0.0061922483379629,True,1.0061922483379628,327.0,41.34176066068858,0.369,41.34176066068858,41.8304686837781,42.74023666267081,43.56975276583271
E01001745,Hackney 016A,911.0,0.3523600439077936,5,0.2555798611103393,0.0255579861110339,True,1.025557986111034,320.99999999999994,41.364283097602396,0.465,41.364283097602396,42.24075014911377,43.87236170518902,45.36004657789336
E01001746,Hackney 016B,598.0,0.4397993311036789,0,0.0,,False,1.0,263.0,33.04577922077922,0.475,33.04577922077922,33.77823216542694,35.14175026540319,36.384990571859845
E01001757,Hackney 016C,606.0,0.4108910891089108,1,0.0,0.0,True,1.0,248.99999999999994,31.286688311688298,0.46,31.286688311688298,31.93435639959021,33.14004089725578,34.239370318987625
E01001758,Hackney 016D,1081.0,0.2978723404255319,5,0.0,0.0,True,1.0,322.0,40.459090909090904,0.443,40.459090909090904,41.22952068682242,42.66373561403911,43.97143648406691
E01001759,Hackney 016E,725.0,0.4206896551724138,11,0.2070300925906634,0.009410458754121,True,1.009410458754121,305.0,38.68368944774112,0.328,38.68368944774112,38.98620886084177,39.549372267270975,40.06285826060427
E01001761,Hackney 016F,924.0,0.3463203463203463,4,0.00471875,0.0011796875,True,1.0011796875,320.0,40.25522483766233,0.459,40.25522483766233,41.08462311496012,42.62861248854171,44.03640445112062
E01001731,Hackney 017A,1155.0,0.3246753246753247,7,0.0,0.0,True,1.0,375.0,47.11850649350649,0.308,47.11850649350649,47.39503123876615,47.90980355009082,48.379167092898086
E01001734,Hackney 017B,852.0,0.3544600938967136,10,0.0710543981477622,0.0071054398147762,True,1.0071054398147763,302.0,38.215727653542906,0.341,38.215727653542906,38.563066305782556,39.20966421027715,39.79922483066943
E01001760,Hackney 017C,874.0,0.3043478260869565,2,0.0,0.0,True,1.0,265.99999999999994,33.42272727272726,0.319,33.42272727272726,33.65475128077925,34.08668201014518,34.48051154006071
E01001762,Hackney 017D,799.0,0.3166458072590738,10,0.0565806327160493,0.0056580632716049,True,1.005658063271605,252.99999999999997,31.96915150421626,0.251,31.96915150421626,31.978952286403462,31.997197204392847,32.01383271325246
E01001846,Hackney 018A,536.0,0.4720149253731343,2,0.0686219135787035,0.0343109567893517,True,1.0343109567893518,252.99999999999997,32.88000652279292,0.417,32.88000652279292,33.422693546722925,34.432947632200985,35.35408582526987
E01001847,Hackney 018B,555.0,0.4342342342342342,12,0.4150034722202931,0.017291827417599,True,1.017291827417599,240.99999999999997,30.805115866154928,0.501,30.805115866154928,31.56606110178025,32.98261981650401,34.274221952652915
E01001848,Hackney 018C,696.0,0.4741379310344827,10,0.1054918981473763,0.0105491898147376,True,1.0105491898147376,329.99999999999994,41.901700334818216,0.357,41.901700334818216,42.34796159931248,43.17871163711708,43.93618007967542
E01001849,Hackney 018D,1018.0,0.4616895874263261,11,0.3760081018487653,0.0177969977551732,True,1.0177969977551733,469.99999999999994,60.10619997457416,0.347,60.10619997457416,60.687690253404064,61.77017961458227,62.75718111104256
E01001729,Hackney 019A,499.0,0.3186372745490982,0,0.0,,False,1.0,159.0,19.97824675324675,0.496,19.97824675324675,20.462000106907837,21.362544583465763,22.18365080202878
E01001730,Hackney 019B,1130.0,0.311504424778761,3,0.0,0.0,True,1.0,351.99999999999994,44.22857142857141,0.445,44.22857142857141,45.079412146862545,46.66331829136539,48.107505911995155
E01001732,Hackney 019C,756.0,0.3611111111111111,4,0.31396875,0.03924609375,True,1.03924609375,273.0,35.648502938565336,0.511,35.648502938565336,36.563875387080316,38.267912364322626,39.82163391289402
E01001735,Hackney 019D,651.0,0.434715821812596,7,0.3844255401219135,0.0274589671515652,True,1.0274589671515653,283.0,36.5351732277294,0.309,36.5351732277294,36.75315263486407,37.15893824774487,37.528928957602275
E01001838,Hackney 019E,695.0,0.3654676258992805,4,0.0,0.0,True,1.0,253.99999999999994,31.914935064935054,0.61,31.914935064935054,33.04275397402675,35.14227655398117,37.05659738020318
E01001850,Hackney 019F,709.0,0.4104372355430183,3,0.0,0.0,True,1.0,291.0,36.56396103896103,0.489,36.56396103896103,37.42434522184832,39.026017267640036,40.48640363514615
E01001749,Hackney 020B,670.0,0.4238805970149253,19,0.0224398148148146,0.0011810428849902,True,1.00118104288499,283.99999999999994,35.72656040954657,0.265,35.72656040954657,35.786320551825376,35.8975687026448,35.9990035021681
E01001763,Hackney 020C,815.0,0.3705521472392638,13,0.0490486111107252,0.0018864850427202,True,1.0018864850427203,302.0,38.017688653533405,0.331,38.017688653533405,38.326129171098174,38.90031517381521,39.423851445166136
E01001816,Hackney 020D,618.0,0.5194174757281553,17,0.0693749999992281,0.0040808823528957,True,1.0040808823528957,321.0,40.49803758832894,0.271,40.49803758832894,40.58949014651143,40.75973619341746,40.914964604050354
E01001819,Hackney 020E,747.0,0.5020080321285141,10,0.0706284722222219,0.0040609953703703,True,1.0040609953703703,375.0,47.30985453023538,0.285,47.30985453023538,47.4813213572756,47.80052018625604,48.09156205065753
E01035640,Hackney 020F,635.0,0.4251968503937008,11,0.0135424382716049,0.001231130751964,True,1.001231130751964,270.0,33.96709118580282,0.326,33.96709118580282,34.22609610989118,34.708253912051845,35.147879916084456
E01035641,Hackney 020G,613.0,0.1908646003262642,3,0.0,0.0,True,1.0,116.99999999999996,14.700974025974018,0.216,14.700974025974018,14.655271964512346,14.570194024059543,14.492620924910305
E01001836,Hackney 022A,813.0,0.4403444034440344,6,0.1088140432094906,0.0128137860081661,True,1.012813786008166,358.0,45.55886324554784,0.31,45.55886324554784,45.835126292460075,46.34941143196565,46.81833077704523
E01001840,Hackney 022B,660.0,0.4590909090909091,7,0.0350536265432098,0.0050076609347442,True,1.0050076609347443,303.0,38.26240367820423,0.419,38.26240367820423,38.90139497423187,40.0909269492586,41.1755286844303
E01001841,Hackney 022C,630.0,0.5476190476190477,9,0.0467206790119598,0.0051911865568844,True,1.0051911865568843,345.00000000000006,43.57405885491637,0.347,43.57405885491637,43.99561090186018,44.78036281021162,45.4958906811275
E01001844,Hackney 022D,709.0,0.5895627644569816,20,0.3398441357978391,0.0138914062497974,True,1.0138914062497975,418.0,53.251025072534,0.261,53.251025072534,53.319313315314126,53.44643718822183,53.562347290709276
E01001845,Hackney 022E,725.0,0.3793103448275862,8,0.1743576388881172,0.0217947048610146,True,1.0217947048610145,275.0,35.30665631975112,0.487,35.30665631975112,36.13056440386259,37.66433335600061,39.06280645446773
E01001837,Hackney 023B,637.0,0.5164835164835165,10,0.1231076388881168,0.0041035879629372,True,1.0041035879629372,329.00000000000006,41.508273094222425,0.161,41.508273094222425,41.156459230439864,40.50153037173917,39.90437368198746
E01001839,Hackney 023C,1039.0,0.2762271414821944,3,0.0,0.0,True,1.0,287.0,36.06136363636363,0.322,36.06136363636363,36.32226208049623,36.80794481742828,37.25078481692269
E01001842,Hackney 023D,640.0,0.4203125,7,0.1314845678996912,0.0187835096999558,True,1.0187835096999558,269.0,34.434551853991714,0.417,34.434551853991714,35.00289676758083,36.06091500939553,37.025604017347355
E01001843,Hackney 023E,477.0,0.5953878406708596,9,9.29783950617284e-05,1.033093278463649e-05,True,1.0000103309327846,284.0,35.68478423771443,0.329,35.68478423771443,35.96733337718563,36.49332056669306,36.97290970796436
E01033704,Hackney 023F,1103.0,0.2728921124206709,6,0.3033672839471448,0.0488919431578896,True,1.0488919431578896,301.0,39.66957005929645,0.178,39.66957005929645,39.39914777134155,38.89573565871656,38.43673021596904
E01033712,Hackney 023G,692.0,0.3251445086705202,9,0.1867631172835646,0.0113319187242369,True,1.011331918724237,224.99999999999997,28.591469747698998,0.319,28.591469747698998,28.789954669435822,29.159449782177404,29.496351226468537
E01001772,Hackney 024A,768.0,0.3880208333333333,2,0.0733537808641975,0.0183384452160493,True,1.0183384452160493,298.0,38.13016218603444,0.398,38.13016218603444,38.688808358959186,39.72877164101233,40.67699834185771
E01001774,Hackney 024B,853.0,0.2977725674091442,8,0.0,0.0,True,1.0,254.0,31.914935064935058,0.33,31.914935064935058,32.17074915661606,32.64696697618369,33.081176971599014
E01001775,Hackney 024C,705.0,0.3900709219858156,8,0.0785756172839506,0.0098219521604938,True,1.0098219521604939,275.0,34.89295495411706,0.407,34.89295495411706,35.43481682431141,36.44353482196014,37.3632724276047
E01001815,Hackney 024D,668.0,0.5119760479041916,7,0.0180667438271604,0.00258096340388,True,1.00258096340388,342.0,43.08298728258348,0.41,43.08298728258348,43.76464660790319,45.033608436622494,46.19063340962894
E01001820,Hackney 024E,575.0,0.48,9,0.0683391203703703,0.0075932355967078,True,1.0075932355967079,276.0,34.94254827290764,0.42,34.94254827290764,35.5295069309116,36.62217610505366,37.61845943927547
E01001821,Hackney 024F,587.0,0.3986371379897785,6,0.0313391203699844,0.0052231867283307,True,1.0052231867283308,234.0,29.55551991680005,0.445,29.55551991680005,30.124089938015636,31.182527235177687,32.14759833303245
E01001753,Hackney 025B,626.0,0.4057507987220447,1,0.0,0.0,True,1.0,254.0,31.914935064935058,0.55,31.914935064935058,32.85589579886732,34.607567358738855,36.20472157835943
E01001755,Hackney 025D,692.0,0.3497109826589595,10,0.5190489969081789,0.0176898533948302,True,1.0176898533948302,241.99999999999997,30.94504075644136,0.462,30.94504075644136,31.5916756912239,32.79543689403674,33.89301267738113
E01001773,Hackney 025E,1041.0,0.3544668587896253,8,0.2660258487650461,0.0166266155478153,True,1.0166266155478152,368.99999999999994,47.135496941582666,0.374,47.135496941582666,47.715691442697675,48.79576861292119,49.78057070108483
E01001776,Hackney 025F,752.0,0.3311170212765957,9,0.2530474537037036,0.0140581918724279,True,1.0140581918724278,248.99999999999997,31.726522579026863,0.376,31.726522579026863,32.12323864994575,32.86175645808905,33.53512860191008
E01035642,Hackney 025G,854.0,0.3243559718969555,3,0.0064818672839506,0.0021606224279835,True,1.0021606224279835,277.0,34.88007031287577,0.254,34.88007031287577,34.90097442997888,34.93988906912721,34.9753709948173
E01035643,Hackney 025H,742.0,0.3463611859838275,9,0.2744506172638887,0.0154401148822659,True,1.0154401148822658,257.0,32.790473501972485,0.284,32.790473501972485,32.90611746894094,33.12139770402877,33.317687775608555
E01035644,Hackney 025I,603.0,0.2271973466003316,1,0.0,0.0,True,1.0,136.99999999999997,17.21396103896103,0.112,17.21396103896103,16.985751430975874,16.560921503879456,16.17356640476892
E01035645,Hackney 025J,616.0,0.3181818181818182,7,0.3213699845663579,0.031735146604828,True,1.031735146604828,196.0,25.408822837749806,0.388,25.408822837749806,25.756294002534894,26.403138589434832,26.992924132040617
E01001781,Hackney 026B,686.0,0.3425655976676385,6,0.0,0.0,True,1.0,235.0,29.527597402597394,0.471,29.527597402597394,30.170545193057368,31.367442490061954,32.45875984210228
E01001783,Hackney 026D,669.0,0.3064275037369208,7,0.4550806327129628,0.0531121307315365,True,1.0531121307315365,205.0,27.12618535441118,0.465,27.12618535441118,27.700961608606917,28.77095229095629,29.74655763411454
E01035646,Hackney 026E,665.0,0.4090225563909774,5,0.0,0.0,True,1.0,271.99999999999994,34.17662337662336,0.256,34.17662337662336,34.20377591117881,34.254322465189006,34.3004102386473
E01035647,Hackney 026F,597.0,0.271356783919598,0,0.0,,False,1.0,162.0,20.355194805194802,0.068,20.355194805194802,19.997944449858338,19.332895139477735,18.726510736908548
E01035648,Hackney 026G,707.0,0.3253182461103253,1,0.0,0.0,True,1.0,229.99999999999997,28.89935064935064,0.406,28.89935064935064,29.34531622461211,30.175515813921955,30.932482363798897
E01035649,Hackney 026H,670.0,0.3074626865671642,8,0.510223765425926,0.0637779706782407,True,1.0637779706782406,206.0,27.53458031766581,0.294,27.53458031766581,27.65855665622226,27.889348248809544,28.099781399862575
E01001798,Hackney 028A,726.0,0.4573002754820937,6,0.0456624228391203,0.00761040380652,True,1.00761040380652,332.0,42.033056858011975,0.482,42.033056858011975,42.99342247661221,44.78121773789838,46.41130913790392
E01001828,Hackney 028B,815.0,0.4515337423312883,6,0.4570374228391204,0.07617290380652,True,1.07617290380652,367.99999999999994,49.76111697029523,0.503,49.76111697029523,51.0000231766932,53.30634339690747,55.40921996115427
E01033702,Hackney 028C,561.0,0.5276292335115864,7,0.7367071759251542,0.0673300540122905,True,1.0673300540122905,296.0,39.696361151693466,0.658,39.696361151693466,41.28509627868242,44.24265023152965,46.93931431157666
E01033705,Hackney 028D,553.0,0.4701627486437613,3,0.0,0.0,True,1.0,260.0,32.66883116883116,0.414,32.66883116883116,33.19846911999296,34.18443134203136,35.08342049010579
E01033710,Hackney 028E,515.0,0.341747572815534,2,0.0637685185185185,0.0318842592592592,True,1.0318842592592592,176.0,22.819383333333327,0.357,22.819383333333327,23.06241420749694,23.514835073842836,23.92734727777549
E01001722,Hackney 029A,922.0,0.386117136659436,10,0.0743641975304782,0.0065584490740354,True,1.0065584490740354,355.99999999999994,45.02453592397011,0.659,45.02453592397011,46.83090980537163,50.193615219573914,53.25969179732462
E01001728,Hackney 029B,588.0,0.5204081632653061,8,0.2636670524440586,0.0164791907777536,True,1.0164791907777535,306.0,39.082304782559454,0.77,39.082304782559454,41.07359895113188,44.78054785626805,48.1605017365436
E01001822,Hackney 029C,675.0,0.4162962962962963,1,0.0,0.0,True,1.0,281.0,35.30746753246753,0.716,35.30746753246753,36.920379895498044,39.92294165286157,42.66064333752912
E01001827,Hackney 029D,594.0,0.5151515151515151,5,0.0,0.0,True,1.0,306.0,38.448701298701295,0.717,38.448701298701295,40.20886307967202,43.485541076228245,46.473178832316194
E01001756,Hackney 030C,956.0,0.3933054393305439,14,0.1751037808634258,0.0087768132715773,True,1.0087768132715773,376.0,47.65880897817329,0.187,47.65880897817329,47.37578059454726,46.84890125478745,46.36849866105579
E01033699,Hackney 030A,714.0,0.2170868347338935,5,0.0465709876543209,0.004657098765432,True,1.004657098765432,154.99999999999997,19.566349373196235,0.287,19.566349373196235,19.641083027258382,19.780205534356924,19.907055855128775
E01033700,Hackney 030B,1132.0,0.1987632508833922,5,0.0,0.0,True,1.0,224.99999999999997,28.27110389610389,0.229,28.27110389610389,28.219078844082592,28.12223016513112,28.03392464039944
E01001744,Hackney 031A,813.0,0.4489544895448955,9,0.0684425154317129,0.0076047239368569,True,1.0076047239368568,365.0,46.21078093496776,0.29,46.21078093496776,46.400810904936634,46.754566467643976,47.077116769102176
E01001750,Hackney 031D,930.0,0.4,15,0.0428699845675154,0.0028579989711676,True,1.0028579989711677,372.0,46.87514576749518,0.36,46.87514576749518,47.38809761598998,48.34299736067639,49.21366409494269
E01001751,Hackney 031B,647.0,0.5749613601236476,24,0.0999120370362652,0.0041630015431777,True,1.0041630015431777,372.0,46.93614362148117,0.095,46.93614362148117,46.23603833390926,44.932737912402324,43.744403400768356
E01035650,Hackney 031C,914.0,0.4080962800875273,8,0.0,0.0,True,1.0,372.99999999999994,46.86720779220778,0.39,46.86720779220778,47.51727375886716,48.72742209425946,49.83082159249666
E01001780,Hackney 032D,851.0,0.3137485311398355,10,0.0561601080246913,0.0056160108024691,True,1.0056160108024692,267.0,33.73678466889881,0.398,33.73678466889881,34.23106333338792,35.15120149432757,35.99017301161731
E01001784,Hackney 032A,757.0,0.2985468956406869,5,0.0643163580243054,0.012863271604861,True,1.012863271604861,226.0,28.762028396462444,0.42,28.762028396462444,29.245167790224077,30.144569332697728,30.964633436952756
E01033709,Hackney 032B,872.0,0.2075688073394495,4,0.0,0.0,True,1.0,180.99999999999994,22.742532467532456,0.283,22.742532467532456,22.820520560680382,22.96570145914885,23.098075752314987
E01033711,Hackney 032C,881.0,0.1589103291713961,5,0.1209575617280092,0.0080638374485339,True,1.008063837448534,139.99999999999997,17.732759322390113,0.087,17.732759322390113,17.45441220981289,16.936247420049224,16.463790653958586
E01001777,Hackney 033A,1148.0,0.2630662020905923,11,0.0890119598757714,0.0080919963523428,True,1.0080919963523427,301.99999999999994,38.253163630416765,0.268,38.253163630416765,38.32834843260319,38.468310787008946,38.595926871010214
E01033706,Hackney 033B,732.0,0.1857923497267759,11,0.1999645061724534,0.018178591470223,True,1.018178591470223,135.99999999999997,17.398953125409335,0.188,17.398953125409335,17.29732486591023,17.108135959907873,16.93563566564653
E01033708,Hackney 033C,937.0,0.1632870864461046,16,0.5513043981442894,0.0254536916472077,True,1.0254536916472077,153.0,19.713681342897015,0.111,19.713681342897015,19.450408655685752,18.960306080680613,18.513436123064952
E01001875,Hammersmith and Fulham 001B,655.0,0.5312977099236641,34,0.2563904320960641,0.0061612086963847,True,1.0061612086963847,348.0,43.99537887740074,0.474,43.99537887740074,44.96623433214602,46.77355723893361,48.42145372416539
E01001876,Hammersmith and Fulham 001C,810.0,0.382716049382716,18,0.0866153549374999,0.0033319401577289,True,1.003331940157729,309.99999999999994,39.081082097637236,0.262,39.081082097637236,39.13501262284932,39.23540848828372,39.3269482973349
E01001877,Hammersmith and Fulham 001D,611.0,0.4942716857610474,29,0.3124510030852616,0.007408238878238,True,1.007408238878238,301.99999999999994,38.22721769826465,0.443,38.22721769826465,38.95514771776865,40.31024604096142,41.54580929064212
E01001878,Hammersmith and Fulham 001E,590.0,0.5677966101694916,38,0.3703221450609561,0.0097453196068672,True,1.0097453196068673,335.0,42.502737649491,0.468,42.502737649491,43.41576981948728,45.115450186325425,46.665199427045444
E01035484,Hammersmith and Fulham 001F,627.0,0.4290271132376395,24,0.0957191358016971,0.0031394515174736,True,1.0031394515174736,268.99999999999994,33.90578776666347,0.212,33.90578776666347,33.787147914718474,33.566290606835956,33.364915423668364
E01035485,Hammersmith and Fulham 001G,581.0,0.2719449225473322,0,0.0,,False,1.0,158.00000000000003,19.852597402597404,0.474,19.852597402597404,20.290688924274797,21.106230350680754,21.84983175421967
E01001955,Hammersmith and Fulham 002A,823.0,0.4933171324422843,31,0.800916280857638,0.0230037771304136,True,1.0230037771304137,406.0,52.18714268515742,0.42,52.18714268515742,53.06377294681727,54.695688331272414,56.18365023124039
E01001957,Hammersmith and Fulham 002B,584.0,0.4366438356164384,13,0.4323236882696753,0.0332556683284365,True,1.0332556683284364,255.0,33.106115463958346,0.527,33.106115463958346,34.0078938253809,35.68662435264767,37.2172717677525
E01001958,Hammersmith and Fulham 002C,599.0,0.4540901502504174,8,0.3195864197496137,0.0321804832173031,True,1.0321804832173032,272.0,35.27644363161889,0.485,35.27644363161889,36.09276203230105,37.61240219868623,38.99799283088501
E01001961,Hammersmith and Fulham 002D,528.0,0.3731060606060606,17,0.7503117283892737,0.0433173679190495,True,1.0433173679190495,197.0,25.82515351064299,0.538,25.82515351064299,26.556326146343714,27.917460851679305,29.15852800599115
E01001954,Hammersmith and Fulham 003A,666.0,0.5345345345345346,15,0.1580397376539346,0.0075017039608988,True,1.0075017039608989,356.00000000000006,45.06672881756525,0.291,45.06672881756525,45.256451839888925,45.60963599569154,45.93166529482833
E01001956,Hammersmith and Fulham 003B,599.0,0.659432387312187,34,0.151705632715663,0.0040635269153844,True,1.0040635269153844,395.0,49.83317241620786,0.342,49.83317241620786,50.290963567577215,51.143177386174514,51.92021626011243
E01001959,Hammersmith and Fulham 003C,579.0,0.7098445595854922,15,0.1250084876543207,0.0083338991769547,True,1.0083338991769546,411.0,52.07226136408728,0.367,52.07226136408728,52.67765390647697,53.80463918951927,54.832211561815654
E01001960,Hammersmith and Fulham 003D,773.0,0.5109961190168176,29,0.2966956018495364,0.0102308828223978,True,1.0102308828223978,395.0,50.139267500859034,0.23,50.139267500859034,50.05189287402329,49.889238213352215,49.74093154240826
E01001943,Hammersmith and Fulham 004A,1101.0,0.3206176203451408,24,0.7222245370297058,0.0240880594133873,True,1.0240880594133872,353.0,45.42262788458514,0.348,45.42262788458514,45.86649609464024,46.69279127556174,47.446197830245836
E01001944,Hammersmith and Fulham 004B,799.0,0.3016270337922403,1,0.0446666666662808,0.0446666666662808,True,1.0446666666662807,241.0,31.634066883105188,0.504,31.634066883105188,32.42474947936978,33.89666660281242,35.23874390685371
E01001945,Hammersmith and Fulham 004C,749.0,0.4993324432576769,28,0.4292187499961414,0.0153292410712907,True,1.0153292410712906,374.0,47.71322197862871,0.22,47.71322197862871,47.58351585938505,47.34205783459483,47.12189915188882
E01001946,Hammersmith and Fulham 004D,849.0,0.4581861012956419,30,0.2460162037033175,0.0082005401234439,True,1.008200540123444,389.0,49.278420101234936,0.261,49.278420101234936,49.341613940435415,49.45925418502242,49.56651722299349
E01001862,Hammersmith and Fulham 005A,839.0,0.4362336114421931,23,0.0904980709876542,0.0039346987385936,True,1.0039346987385935,366.0,46.16860993465319,0.325,46.16860993465319,46.51614834601256,47.16311811763849,47.75301780225467
E01001940,Hammersmith and Fulham 005B,709.0,0.3921015514809591,19,0.1623043981469904,0.0085423367445784,True,1.0085423367445785,278.0,35.22890774058513,0.341,35.22890774058513,35.54909950679779,36.14516137245701,36.688643807007914
E01001941,Hammersmith and Fulham 005C,770.0,0.3207792207792208,19,0.3239745370370365,0.0170512914230019,True,1.0170512914230019,247.0,31.564583083062757,0.283,31.564583083062757,31.672823519749905,31.874321507642136,32.05804508287147
E01001942,Hammersmith and Fulham 005D,867.0,0.4048442906574394,37,0.5141010802457551,0.0138946237904258,True,1.0138946237904258,350.99999999999994,44.71571558825325,0.293,44.71571558825325,44.912687747564476,45.279366735443226,45.61370046909117
E01001858,Hammersmith and Fulham 006A,724.0,0.4599447513812155,16,0.1628383487650457,0.0082226321373215,True,1.0082226321373216,333.0,42.18527883966517,0.279,42.18527883966517,42.31347349809605,42.55211782107687,42.76971100245231
E01001860,Hammersmith and Fulham 006B,774.0,0.3953488372093023,17,0.035792052468364,0.0017574437182053,True,1.0017574437182053,306.0,38.51627272727185,0.403,38.51627272727185,39.0993681698385,40.18484566810383,41.174571713998425
E01001861,Hammersmith and Fulham 006C,627.0,0.507177033492823,22,0.6379753086392741,0.0289988776654215,True,1.0289988776654215,318.0,41.115186973627516,0.355,41.115186973627516,41.54504756562162,42.34526647652019,43.07489698456792
E01001863,Hammersmith and Fulham 006D,627.0,0.594896331738437,18,0.354114583332561,0.0196730324073645,True,1.0196730324073644,373.0,47.789227889946574,0.19,47.789227889946574,47.51941500993093,47.01713735756243,46.55916630278304
E01001864,Hammersmith and Fulham 006E,695.0,0.5251798561151079,26,0.1624864969135799,0.0062450439221272,True,1.006245043922127,364.99999999999994,46.148423272474034,0.241,46.148423272474034,46.1175387325091,46.06004476028964,46.007622409869235
E01001852,Hammersmith and Fulham 007A,920.0,0.3630434782608696,26,0.1542905092592588,0.0049298433048432,True,1.0049298433048433,334.0,42.173773274642016,0.181,42.173773274642016,41.89862628286183,41.38641876675067,40.91939377506885
E01001853,Hammersmith and Fulham 007B,665.0,0.5518796992481203,27,0.627783564811342,0.0232512431411608,True,1.023251243141161,367.0,47.18550351042075,0.151,47.18550351042075,46.7395265864982,45.909305870773466,45.15232005807156
E01001854,Hammersmith and Fulham 007C,883.0,0.3556058890147225,19,0.0892353395061726,0.0046965968161143,True,1.0046965968161143,314.0,39.639195146720965,0.262,39.639195146720965,39.69389584840333,39.79572545721344,39.88857253717934
E01001857,Hammersmith and Fulham 007D,782.0,0.2647058823529412,6,0.0438560956782406,0.0049565007715406,True,1.0049565007715406,207.0,26.13833127282706,0.423,26.13833127282706,26.585050115049526,27.416651969368942,28.17489708854412
E01001859,Hammersmith and Fulham 008A,1149.0,0.5317667536988686,25,0.717461033945987,0.0197116589504629,True,1.019711658950463,611.0,78.28505186378233,0.295,78.28505186378233,78.64517484748232,79.31557177889003,79.92683208153322
E01001865,Hammersmith and Fulham 008B,668.0,0.6706586826347305,53,0.3156554783927457,0.0059557637432593,True,1.0059557637432592,448.0,56.62616444634782,0.159,56.62616444634782,56.13516375510861,55.22112779621501,54.387720197396135
E01001927,Hammersmith and Fulham 008C,516.0,1.0833333333333333,42,0.3097002314795515,0.0066398962619567,True,1.0066398962619567,559.0,70.7043599604019,0.082,70.7043599604019,69.56003247317153,67.42977789157597,65.48743597554297
E01001930,Hammersmith and Fulham 008D,771.0,0.5551232166018158,25,0.0813784722218358,0.0032551388888734,True,1.0032551388888733,428.0,53.95297668344071,0.239,53.95297668344071,53.90633938534711,53.81952042919531,53.74035989171928
E01001895,Hammersmith and Fulham 009A,641.0,0.5912636505460218,45,0.3299263117276229,0.0073316958161693,True,1.0073316958161693,379.0,47.97024734430032,0.229,47.97024734430032,47.88197153367993,47.71763924933248,47.567802940187484
E01001896,Hammersmith and Fulham 009B,706.0,0.4532577903682719,26,0.2156207561724533,0.0082931060066328,True,1.008293106006633,319.99999999999994,40.54123969086408,0.237,40.54123969086408,40.49828344500485,40.418317053765534,40.3454046070937
E01001897,Hammersmith and Fulham 009C,558.0,0.6344086021505376,52,0.283222993826388,0.0054465960351228,True,1.0054465960351229,354.0,44.72213401416225,0.179,44.72213401416225,44.421633103226924,43.86222729550404,43.352167437964084
E01001929,Hammersmith and Fulham 009D,589.0,0.6926994906621392,34,0.2581844135783174,0.0075936592228916,True,1.0075936592228916,408.0,51.65422351190184,0.098,51.65422351190184,50.89886423362088,49.49270421276595,48.21058348750002
E01001851,Hammersmith and Fulham 010A,646.0,0.6099071207430341,25,0.1473684413572526,0.0058861728394907,True,1.0058861728394908,394.00000000000006,49.797244111110345,0.145,49.797244111110345,49.297426448993726,48.36697701334895,47.51860379297617
E01001855,Hammersmith and Fulham 010B,883.0,0.406568516421291,24,0.0407195216045521,0.001696646733523,True,1.001696646733523,358.99999999999994,45.184649422281986,0.17,45.184649422281986,44.841358119181,44.20229466976344,43.61960387987737
E01001856,Hammersmith and Fulham 010C,722.0,0.4792243767313019,23,0.1395486111099533,0.006067330917824,True,1.006067330917824,346.0,43.73845056641508,0.347,43.73845056641508,44.16159300140867,44.94930554075721,45.66753288136713
E01001869,Hammersmith and Fulham 010D,588.0,0.6955782312925171,27,0.1286917438260027,0.0024835962505501,True,1.00248359625055,409.00000000000006,51.51821787835254,0.129,51.51821787835254,50.920691220273945,49.80834889239877,48.79412780019888
E01001873,Hammersmith and Fulham 010E,707.0,0.413012729844413,13,0.1803344907403547,0.0138718839031042,True,1.0138718839031042,292.0,37.198564405385184,0.256,37.198564405385184,37.22811780199489,37.28313374737073,37.33329666107922
E01001928,Hammersmith and Fulham 011A,681.0,0.5961820851688693,31,0.2151427469120363,0.0069400886100656,True,1.0069400886100657,406.0,51.36767552032166,0.181,51.36767552032166,51.03254635599205,50.40867736245127,49.839840704740645
E01001931,Hammersmith and Fulham 011B,656.0,0.4115853658536585,8,0.1192052469131941,0.0149006558641492,True,1.0149006558641491,270.0,34.430834263391205,0.137,34.430834263391205,34.05837163479666,33.365003495089525,32.73279830579883
E01001932,Hammersmith and Fulham 011C,743.0,0.468371467025572,18,0.3208047839498452,0.0146235853909036,True,1.0146235853909036,348.0,44.36540454094328,0.201,44.36540454094328,44.16254380607114,43.78490277698676,43.440573978756916
E01001933,Hammersmith and Fulham 011D,688.0,0.684593023255814,36,0.3892793209872678,0.0108133144718685,True,1.0108133144718685,471.0,59.820785234411936,0.154,59.820785234411936,59.27289728671002,58.25296127729208,57.322995216014995
E01001866,Hammersmith and Fulham 012A,656.0,0.3978658536585366,10,0.0979618055543979,0.0059892168209297,True,1.0059892168209297,261.0,32.99089377384144,0.145,32.99089377384144,32.659762369051506,32.043335515694004,31.481284516818633
E01001867,Hammersmith and Fulham 012B,536.0,0.3208955223880597,5,0.3945640431886572,0.0491010030842978,True,1.0491010030842978,172.0,22.672843886137397,0.181,22.672843886137397,22.52492340603837,22.249557932466264,21.998482823336925
E01001868,Hammersmith and Fulham 012C,592.0,0.3361486486486486,8,0.1354702932098763,0.0158287037037036,True,1.0158287037037037,198.99999999999994,25.40000518127704,0.406,25.40000518127704,25.79196997175814,26.521642901984965,27.18695038664845
E01001870,Hammersmith and Fulham 012D,910.0,0.2945054945054945,23,0.2568070987638886,0.0111655260332125,True,1.0111655260332124,268.0,34.050014187682024,0.156,34.050014187682024,33.74480144877791,33.17662420697673,32.65856665553618
E01001871,Hammersmith and Fulham 012E,703.0,0.4708392603129445,11,0.166898148147762,0.0151725589225238,True,1.0151725589225238,331.0,42.22096080529172,0.137,42.22096080529172,41.76422688118676,40.91398117333472,40.138736800405745
E01001872,Hammersmith and Fulham 012F,716.0,0.4287709497206703,22,0.3141072530833327,0.010868274761403,True,1.010868274761403,306.99999999999994,38.99358729095049,0.204,38.99358729095049,38.82670432347554,38.516038705441495,38.232777325796526
E01001893,Hammersmith and Fulham 013A,642.0,0.4003115264797507,9,1.3614023918121134,0.0265823581081211,True,1.026582358108121,256.99999999999994,33.150277517881676,0.346,33.150277517881676,33.46775108342083,34.05875280720368,34.59762146190288
E01001894,Hammersmith and Fulham 013B,704.0,0.328125,17,0.485872299381558,0.0285807234930328,True,1.0285807234930329,231.0,29.85455549938527,0.274,29.85455549938527,29.93071272011113,30.072485307227332,30.201751940839728
E01001898,Hammersmith and Fulham 013C,950.0,0.3989473684210526,36,0.3043198302442123,0.0047474333418799,True,1.00474743334188,379.0,47.847181912517385,0.153,47.847181912517385,47.40428907780088,46.57980963390132,45.82805864759703
E01001899,Hammersmith and Fulham 013D,793.0,0.3303909205548549,11,0.2728032407403548,0.0248002946127595,True,1.0248002946127595,261.99999999999994,33.73655878959938,0.32,33.73655878959938,33.97405350774681,34.416168389268,34.81928371337043
E01001900,Hammersmith and Fulham 013E,718.0,0.3732590529247911,14,0.2026716820979933,0.0144765487212852,True,1.0144765487212852,268.0,34.161509651680774,0.35,34.161509651680774,34.5020016916809,35.135854095211485,35.71379351268411
E01001889,Hammersmith and Fulham 014A,576.0,0.5451388888888888,29,0.2715802469131936,0.0084999401340862,True,1.0084999401340862,314.0,39.78925185883567,0.154,39.78925185883567,39.42482916769066,38.74642799659936,38.1278695191851
E01001910,Hammersmith and Fulham 014B,739.0,0.3815967523680649,14,0.0613661265432093,0.0043832947530863,True,1.0043832947530864,281.99999999999994,35.58843067843613,0.197,35.58843067843613,35.411811570701026,35.08302137065027,34.78323420311789
E01001913,Hammersmith and Fulham 014C,711.0,0.4472573839662447,28,0.5602256943973762,0.0124392154422536,True,1.0124392154422537,318.0,40.45352093753778,0.074,40.45352093753778,39.76721354133622,38.48959896731264,37.324684519480805
E01001914,Hammersmith and Fulham 014D,828.0,0.2367149758454106,19,0.0653252314810953,0.0034381700779523,True,1.0034381700779522,195.99999999999997,24.711945479465196,0.235,24.711945479465196,24.680938614289712,24.62321692418081,24.57058694317695
E01001885,Hammersmith and Fulham 015A,517.0,0.4294003868471953,1,0.0076369598761574,0.0076369598761574,True,1.0076369598761574,221.99999999999997,28.107182393116936,0.524,28.107182393116936,28.864566471746972,30.274495815866906,31.560053367245533
E01001908,Hammersmith and Fulham 015B,760.0,0.3078947368421053,29,0.0762669753086417,0.0026298957002979,True,1.002629895700298,234.0,29.479272108710248,0.158,29.479272108710248,29.220783201444966,28.739586004717452,28.300835869801002
E01001909,Hammersmith and Fulham 015C,858.0,0.4382284382284382,30,0.2041450617268511,0.006804835390895,True,1.006804835390895,376.0,47.565644547857104,0.217,47.565644547857104,47.42241504929372,47.1557822025439,46.91266940330023
E01001911,Hammersmith and Fulham 015D,706.0,0.3951841359773371,12,0.0768526234567898,0.0064043852880658,True,1.0064043852880658,279.0,35.28068204308711,0.459,35.28068204308711,36.007587358519615,37.36077811541916,38.59460206783418
E01001912,Hammersmith and Fulham 015E,522.0,0.4386973180076628,1,0.0547098765428239,0.0273549382714119,True,1.027354938271412,229.0,29.560804121567312,0.479,29.560804121567312,30.227551639613463,31.468753979795743,32.60046816665533
E01001886,Hammersmith and Fulham 016A,628.0,0.5111464968152867,16,0.1497897376535491,0.0093618586033468,True,1.0093618586033468,321.00000000000006,40.71103753529804,0.266,40.71103753529804,40.783107896366644,40.917272476503776,41.03960221582167
E01001887,Hammersmith and Fulham 016B,634.0,0.4574132492113564,16,0.1232021604934409,0.00770013503084,True,1.00770013503084,289.99999999999994,36.718891608607514,0.297,36.718891608607514,36.89497017806197,37.22275412407986,37.52162380062173
E01001890,Hammersmith and Fulham 016C,741.0,0.3643724696356275,26,0.2387723765420517,0.009183552943925,True,1.009183552943925,270.0,34.236879690620356,0.135,34.236879690620356,33.85983344260414,33.15793253899658,32.51794727256084
E01001892,Hammersmith and Fulham 016D,581.0,0.4853700516351119,15,0.1067596450601848,0.0071173096706789,True,1.007117309670679,282.0,35.685305348571376,0.321,35.685305348571376,35.94000084777729,36.414136320489156,36.84644765570835
E01001880,Hammersmith and Fulham 017A,744.0,0.4422043010752688,4,0.0822114197527004,0.0111011766974343,True,1.0111011766974343,329.0,41.797543870340064,0.258,41.797543870340064,41.838908372210184,41.91591160826589,41.986122283719126
E01001881,Hammersmith and Fulham 017B,820.0,0.5158536585365854,30,0.1790516975300921,0.0059683899176697,True,1.0059683899176697,423.0,53.46689331101052,0.101,53.46689331101052,52.70067879282771,51.274310898970285,49.973764864773806
E01001882,Hammersmith and Fulham 017C,710.0,0.5422535211267606,19,0.2056786265424377,0.0108251908706546,True,1.0108251908706547,385.00000000000006,48.89866860836791,0.112,48.89866860836791,48.25040723674898,47.04361829532015,45.94328185431757
E01001883,Hammersmith and Fulham 017D,943.0,0.408271474019088,24,0.5525729166643512,0.0230238715276813,True,1.0230238715276814,384.99999999999994,49.48877978515157,0.184,49.48877978515157,49.18039632050714,48.60631652623678,48.08287709454046
E01001884,Hammersmith and Fulham 017E,918.0,0.3507625272331154,23,0.2223221450597989,0.0081409856413882,True,1.008140985641388,321.99999999999994,40.78846778724542,0.277,40.78846778724542,40.904457360226864,41.120380967776505,41.317257659054704
E01001888,Hammersmith and Fulham 018A,615.0,0.6325203252032521,33,0.177670910493441,0.0041328056802554,True,1.0041328056802554,389.0,49.07959901478009,0.098,49.07959901478009,48.36188944585043,47.02581728597617,45.807601875766935
E01001891,Hammersmith and Fulham 018B,1154.0,0.4774696707105719,35,0.2634162808626539,0.0059414958112544,True,1.0059414958112545,551.0,69.64413855269625,0.071,69.64413855269625,68.44221473942889,66.20474011917085,64.16463619049765
E01001917,Hammersmith and Fulham 018C,698.0,0.6232091690544412,17,0.0813931327160489,0.0047878313362381,True,1.0047878313362382,435.0,54.91915826827889,0.151,54.91915826827889,54.40008619218049,53.433793168001536,52.552738170984576
E01001918,Hammersmith and Fulham 018D,611.0,0.7021276595744681,21,0.3470030864174376,0.0165239564960684,True,1.0165239564960684,429.0,54.79427169783985,0.222,54.79427169783985,54.65600988214496,54.3986247632603,54.16394393717879
E01001919,Hammersmith and Fulham 018E,600.0,0.9183333333333332,29,0.5144104938248445,0.0168919620050286,True,1.0168919620050285,550.9999999999999,70.40226990326825,0.077,70.40226990326825,69.22848189925229,67.04338427529429,65.05103709655529
E01001879,Hammersmith and Fulham 019A,634.0,0.5504731861198738,23,0.3046809413568665,0.0107293623635209,True,1.010729362363521,349.0,44.32212333405981,0.29,44.32212333405981,44.50438668463987,44.84368408155013,45.1530515917592
E01001901,Hammersmith and Fulham 019B,683.0,0.7086383601756955,20,0.1469452160489966,0.0073472608024498,True,1.0073472608024499,484.0,61.26110413194326,0.1,61.26110413194326,60.377215683330945,58.73178861958628,57.23150692400953
E01001902,Hammersmith and Fulham 019C,806.0,0.5049627791563276,33,0.284869984567129,0.0067099466890899,True,1.0067099466890899,407.00000000000006,51.482427595146696,0.187,51.482427595146696,51.17669212714387,50.60754178448664,50.08859697074533
E01001903,Hammersmith and Fulham 019D,595.0,0.5579831932773109,11,0.1592897376512343,0.0078028900110655,True,1.0078028900110656,332.0,42.041086532526535,0.234,42.041086532526535,41.98423381546451,41.878398062719754,41.78189822624619
E01001920,Hammersmith and Fulham 020A,776.0,0.3737113402061855,11,0.1011674382704473,0.00645524691351,True,1.00645524691351,289.99999999999994,36.67352998737116,0.326,36.67352998737116,36.953171973741824,37.473747271740095,37.94840191184237
E01001921,Hammersmith and Fulham 020B,604.0,0.6788079470198676,22,0.1499606481469902,0.0050284324728593,True,1.0050284324728593,410.0,51.7752796689833,0.122,51.7752796689833,51.13940539945967,49.95567601159891,48.876365009455725
E01001922,Hammersmith and Fulham 020C,642.0,0.8130841121495327,39,0.410812499997684,0.0099208264086142,True,1.0099208264086141,522.0,66.23965773574992,0.102,66.23965773574992,65.29686515230703,63.54178346215693,61.941519924506295
E01001923,Hammersmith and Fulham 020D,649.0,0.5916795069337443,26,0.124366898147762,0.0047833422364523,True,1.0047833422364523,384.00000000000006,48.480143806193084,0.17,48.480143806193084,48.111814916746305,47.42614205383444,46.80095333046479
E01001924,Hammersmith and Fulham 020E,610.0,0.840983606557377,17,0.1636986882708326,0.0096293346041666,True,1.0096293346041667,513.0,65.0788056585389,0.052,65.0788056585389,63.83501161105944,61.51959229467369,59.40841927795379
E01001947,Hammersmith and Fulham 021A,587.0,0.4088586030664395,9,0.3049297839494595,0.0220741941014145,True,1.0220741941014144,240.0,30.821510113032257,0.43,30.821510113032257,31.36932036144821,32.38911172760468,33.318945904799925
E01001948,Hammersmith and Fulham 021B,841.0,0.6206896551724138,21,0.1361365740725303,0.0064826940034538,True,1.0064826940034537,522.0,66.01415420338107,0.146,66.01415420338107,65.35800827916763,64.13654163011083,63.0228222221129
E01001949,Hammersmith and Fulham 021C,644.0,0.6475155279503105,23,0.2706107253082553,0.0117656837090545,True,1.0117656837090545,417.0,53.01225138678035,0.075,53.01225138678035,52.1180539721475,50.45343596669968,48.93565618859316
E01001950,Hammersmith and Fulham 021D,592.0,0.6993243243243243,22,0.1694548611099531,0.007702493686816,True,1.007702493686816,414.0,52.419505887504634,0.07,52.419505887504634,51.509730921275256,49.8161140924759,48.271893516824335
E01001951,Hammersmith and Fulham 021E,693.0,0.5728715728715729,23,0.173447916665123,0.0056933625200994,True,1.0056933625200994,397.0,50.16679302734595,0.144,50.16679302734595,49.6583708384213,48.71190340717665,47.84892516046888
E01001953,Hammersmith and Fulham 021F,681.0,0.4155653450807636,8,0.1786986882689041,0.022337336033613,True,1.022337336033613,283.0,36.35305434407056,0.202,36.35305434407056,36.190377447152294,35.887541756454496,35.61141961556345
E01001904,Hammersmith and Fulham 022A,709.0,0.6473906911142454,25,0.3386639660486104,0.0135465586419444,True,1.0135465586419443,459.0,58.45432332832612,0.077,58.45432332832612,57.4797385088319,55.66547309962996,54.01124651960204
E01001905,Hammersmith and Fulham 022B,709.0,0.6346967559943583,34,0.319270447529706,0.0089255514705541,True,1.0089255514705542,450.0,57.046878178115904,0.085,57.046878178115904,56.140292808832754,54.45261366271949,52.9138069986562
E01001906,Hammersmith and Fulham 022C,624.0,0.6522435897435898,19,0.070199459876543,0.0036947084145548,True,1.0036947084145549,407.0,51.328230463528605,0.133,51.328230463528605,50.75294206233483,49.681997978532436,48.705523334765246
E01001907,Hammersmith and Fulham 022D,544.0,0.6930147058823529,23,0.2375381944425149,0.0099567230272996,True,1.0099567230272997,377.0,47.841453224987006,0.089,47.841453224987006,47.099833622308104,45.719251075757995,44.46045160086173
E01001935,Hammersmith and Fulham 023A,923.0,0.6175514626218852,36,0.1571948302465271,0.0043665230624035,True,1.0043665230624035,570.0,71.93286081894011,0.182,71.93286081894011,71.47058111048253,70.61001149390896,69.82535389834435
E01032788,Hammersmith and Fulham 023D,713.0,0.4992987377279102,18,0.2954810956790116,0.0164156164266117,True,1.0164156164266116,356.0,45.465458541015295,0.234,45.465458541015295,45.40397500041918,45.2895186096489,45.185158573401765
E01032789,Hammersmith and Fulham 023E,592.0,0.4273648648648648,0,0.0,,False,1.0,252.99999999999997,31.789285714285704,0.226,31.789285714285704,31.721480307915794,31.595255272523136,31.480164719866153
E01032790,Hammersmith and Fulham 023F,488.0,0.6168032786885246,0,0.0,,False,1.0,301.0,37.82045454545454,0.292,37.82045454545454,37.983362595866964,38.28662859676482,38.563143089605596
E01035486,Hammersmith and Fulham 023G,881.0,0.583427922814983,0,0.0,,False,1.0,514.0,64.58376623376623,0.183,64.58376623376623,64.17501797843457,63.41410132358178,62.72030616590574
E01035487,Hammersmith and Fulham 023H,749.0,0.4739652870493992,25,0.3722804783942895,0.0119143775720061,True,1.011914377572006,355.0,45.13696648140586,0.297,45.13696648140586,45.35341235271032,45.75634316942062,46.12373090857603
E01001915,Hammersmith and Fulham 024A,628.0,0.8057324840764332,36,0.3742970678954467,0.009238506301317,True,1.009238506301317,506.0,64.165942461343,0.1,64.165942461343,63.24014237759409,61.516693546682085,59.94527249056063
E01001916,Hammersmith and Fulham 024B,604.0,0.8410596026490066,22,0.0831041666662803,0.0037774621211945,True,1.0037774621211946,508.0,64.07098504648647,0.03,64.07098504648647,62.70890563754991,60.17328892488424,57.86134242489574
E01001926,Hammersmith and Fulham 024C,582.0,0.8247422680412371,17,0.132469521604166,0.007792324800245,True,1.007792324800245,480.0,60.78165657626411,0.084,60.78165657626411,59.80978718859024,58.00057676682928,56.35095926689745
E01001952,Hammersmith and Fulham 024D,828.0,0.4480676328502415,11,0.0260706018518517,0.0023700547138046,True,1.0023700547138046,370.99999999999994,46.726391345988276,0.154,46.726391345988276,46.29843262632668,45.501754198633414,44.77535186293282
E01001925,Hammersmith and Fulham 025A,617.0,0.8525121555915721,23,0.2261755401219129,0.0081820903783631,True,1.0081820903783631,526.0,66.63232554597414,0.095,66.63232554597414,65.63842958779408,63.78821499261137,62.10121035338763
E01001934,Hammersmith and Fulham 025B,795.0,0.6238993710691824,9,0.2461427469108792,0.0196992026747256,True,1.0196992026747256,496.0,63.549773166174965,0.304,63.549773166174965,63.89792311948031,64.54603132398215,65.13696901875569
E01001937,Hammersmith and Fulham 025C,724.0,0.7113259668508287,27,0.1423356481477617,0.0052716906721393,True,1.0052716906721393,515.0,65.05054360695154,0.115,65.05054360695154,64.20719611905292,62.63723920547626,61.205770335064685
E01001938,Hammersmith and Fulham 025D,632.0,0.5522151898734177,16,0.1733699845671295,0.0108356240354455,True,1.0108356240354455,348.99999999999994,44.3267830808764,0.357,44.3267830808764,44.79887194864479,45.67770207787454,46.47900940133875
E01001969,Haringey 001A,872.0,0.5401376146788991,2,0.2344108796288579,0.1172054398144289,True,1.1172054398144289,471.0,66.11716102371904,0.391,66.11716102371904,67.04068295334379,68.7598908232418,70.32744501931148
E01001971,Haringey 001B,815.0,0.5128834355828221,0,0.0,,False,1.0,418.00000000000006,52.52142857142857,0.5,52.52142857142857,53.81368312170345,56.21931543153584,58.41274363036224
E01001974,Haringey 001C,971.0,0.568486096807415,1,0.0284564043209874,0.0142282021604937,True,1.0142282021604938,552.0,70.34528748647185,0.276,70.34528748647185,70.53846296886397,70.89807414749056,71.22596353299174
E01001975,Haringey 001D,813.0,0.5805658056580566,1,0.0041084104938271,0.0041084104938271,True,1.0041084104938272,472.0,59.55014892676767,0.353,59.55014892676767,60.161125664724935,61.29850636195166,62.33555715475201
E01002036,Haringey 002A,696.0,0.5272988505747126,1,0.0353599537033178,0.0176799768516589,True,1.017679976851659,366.99999999999994,46.92859397151436,0.693,46.92859397151436,48.96705633008815,52.76181248793584,56.22182802325806
E01002037,Haringey 002B,683.0,0.5197657393850659,0,0.0,,False,1.0,355.0,44.605519480519476,0.642,44.605519480519476,46.321087173004024,49.5147498069391,52.42669509890243
E01002039,Haringey 002C,622.0,0.5048231511254019,0,0.0,,False,1.0,313.99999999999994,39.453896103896085,0.617,39.453896103896085,40.87507868370502,43.52072054384172,45.93298672280055
E01002040,Haringey 002D,879.0,0.5324232081911263,0,0.0,,False,1.0,468.00000000000006,58.80389610389609,0.551,58.80389610389609,60.54337294344941,63.78154431343574,66.73407216506536
E01001962,Haringey 004A,641.0,0.939157566302652,1,0.0167766203703703,0.0167766203703703,True,1.0167766203703703,601.9999999999999,76.90990790719694,0.217,76.90990790719694,76.67831706786708,76.24719271575344,75.85409843145169
E01001970,Haringey 004B,749.0,0.6461949265687583,0,0.0,,False,1.0,484.0,60.8142857142857,0.368,60.8142857142857,61.527247445253465,62.854481135647724,64.06463772983895
E01001972,Haringey 004C,729.0,0.6282578875171467,3,0.143354938270833,0.0194901406034378,True,1.0194901406034378,457.99999999999994,58.6690095653886,0.342,58.6690095653886,59.20797090652737,60.21128934384163,61.12610369174204
E01001973,Haringey 004D,1002.0,0.7944111776447106,1,0.0096184413580246,0.0096184413580246,True,1.0096184413580247,796.0,100.97888964195526,0.31,100.97888964195526,101.59121255211977,102.73109925356651,103.77043499253266
E01002090,Haringey 005A,639.0,0.8309859154929577,1,0.0,0.0,True,1.0,531.0,66.71980519480519,0.426,66.71980519480519,67.87961617235665,70.03869447492684,72.00731753214777
E01002093,Haringey 005B,662.0,0.7583081570996979,4,0.4880316357959104,0.0610039544744888,True,1.0610039544744887,502.0,66.92385787388855,0.547,66.92385787388855,68.87740904978446,72.51409643977793,75.82998666910551
E01002096,Haringey 005C,588.0,0.6989795918367347,1,0.0,0.0,True,1.0,411.00000000000006,51.641883116883115,0.495,51.641883116883115,52.88730061355574,55.20574210682729,57.31967071008306
E01002097,Haringey 005D,594.0,0.6111111111111112,1,0.0297986111111109,0.0148993055555554,True,1.0148993055555553,363.00000000000006,46.29028225446427,0.429,46.29028225446427,47.1085117326202,48.63170951829683,50.02054394733131
E01002091,Haringey 006A,632.0,0.805379746835443,0,0.0,,False,1.0,509.0,63.95551948051946,0.536,63.95551948051946,65.75377338196995,69.10136282221706,72.15365682671644
E01002092,Haringey 006B,645.0,0.4992248062015504,0,0.0,,False,1.0,322.0,40.459090909090904,0.626,40.459090909090904,41.952014442035335,44.73120766383233,47.26524445647143
E01002094,Haringey 006C,528.0,0.7310606060606061,0,0.0,,False,1.0,386.0,48.50064935064935,0.497,48.50064935064935,49.679777044249064,51.87481491549375,53.87622549873262
E01002095,Haringey 006D,619.0,0.6268174474959612,1,0.0,0.0,True,1.0,388.0,48.75194805194805,0.493,48.75194805194805,49.918156088963606,52.089143015056536,54.068624219857696
E01002098,Haringey 007A,647.0,0.5533230293663061,1,0.0219305555555555,0.0109652777777777,True,1.0109652777777778,358.0,45.4757127840909,0.263,45.4757127840909,45.54290525791429,45.66798927172003,45.78203945386238
E01002101,Haringey 007B,735.0,0.5959183673469388,3,0.1628040123445215,0.0500009002054398,True,1.0500009002054398,438.00000000000006,57.786185905916646,0.32,57.786185905916646,58.192982402860245,58.950265707736975,59.64074801819977
E01002102,Haringey 007C,718.0,0.4610027855153203,4,0.0174706790115738,0.0014558899176311,True,1.0014558899176311,331.0,41.65048543207103,0.353,41.65048543207103,42.07781396411077,42.87331924855291,43.59865192557051
E01002105,Haringey 007D,889.0,0.3757030371203599,3,0.1204641203680553,0.0200773533946758,True,1.0200773533946759,333.99999999999994,42.80946706009382,0.419,42.80946706009382,43.524395402522146,44.85529009304164,46.06878474553787
E01002099,Haringey 008A,803.0,0.4719800747198007,1,0.0417067901230708,0.0139022633743569,True,1.0139022633743568,378.99999999999994,48.28314502464513,0.582,48.28314502464513,49.857465333956746,52.7881849830381,55.460381849897395
E01002100,Haringey 008B,661.0,0.5990922844175491,1,0.0729417438271603,0.0243139146090534,True,1.0243139146090534,396.0,50.966933779761895,0.458,50.966933779761895,52.012057263396166,53.95763587982308,55.731592349755005
E01002103,Haringey 008C,686.0,0.5583090379008746,0,0.0,,False,1.0,383.0,48.12370129870129,0.33,48.12370129870129,48.50943672040926,49.22751319637148,49.88224716583631
E01002104,Haringey 008D,515.0,0.7048543689320388,1,0.054544753085648,0.027272376542824,True,1.027272376542824,363.0,46.85462686010144,0.327,46.85462686010144,47.2164736031429,47.890079446576,48.50426559873295
E01001963,Haringey 009A,677.0,1.0073855243722305,1,0.0227754629629628,0.0113877314814814,True,1.0113877314814814,682.0,86.66870438988093,0.093,86.66870438988093,85.35902884111653,82.92096598822502,80.69796798882759
E01001964,Haringey 009B,639.0,0.7762128325508607,0,0.0,,False,1.0,496.0,62.32207792207791,0.171,62.32207792207791,61.8546661269764,60.984542732128396,60.19117411011686
E01001965,Haringey 009C,630.0,0.8698412698412699,1,0.1002334104930554,0.0501167052465277,True,1.0501167052465277,548.0,72.30667220190342,0.126,72.30667220190342,71.44686628788044,69.84627073453629,68.38686590060897
E01001966,Haringey 009D,518.0,1.0984555984555984,4,0.169130015430941,0.0334503279319058,True,1.0334503279319058,569.0,73.88599433817838,0.055,73.88599433817838,72.49550591816788,69.9070036227698,67.54683664951845
E01002027,Haringey 010A,548.0,0.5383211678832117,1,0.0112314814810956,0.0112314814810956,True,1.0112314814810957,295.0,37.482870806262746,0.362,37.482870806262746,37.90035882461659,38.677545227795655,39.38617495708133
E01002028,Haringey 010B,622.0,0.5434083601286174,1,0.0749351851851851,0.0374675925925925,True,1.0374675925925925,338.0,44.06070971320345,0.347,44.06070971320345,44.4869698059628,45.2804861076202,46.00400525274051
E01002032,Haringey 010C,733.0,0.4829467939972715,0,0.0,,False,1.0,354.0,44.47987012987012,0.45,44.47987012987012,45.357247202578606,46.99055283386058,48.47978234508437
E01002033,Haringey 010D,691.0,0.5716353111432706,3,0.3096701388869596,0.0516116898144932,True,1.0516116898144932,395.0,52.19305875438067,0.402,52.19305875438067,52.97811313484947,54.4395528970306,55.772077062154395
E01001976,Haringey 011A,686.0,0.5029154518950437,0,0.0,,False,1.0,345.0,43.34902597402597,0.377,43.34902597402597,43.89530268058812,44.91223923936068,45.839470435629664
E01001977,Haringey 011B,606.0,0.495049504950495,1,0.0297094907407407,0.0148547453703703,True,1.0148547453703702,299.99999999999994,38.25475192775972,0.505,38.25475192775972,39.214649215211885,41.001572641656175,42.630869112561754
E01001978,Haringey 011C,784.0,0.4030612244897959,0,0.0,,False,1.0,316.0,39.7051948051948,0.528,39.7051948051948,40.790600151759584,42.81116658768794,44.653496099165174
E01001979,Haringey 011D,927.0,0.4336569579288026,0,0.0,,False,1.0,402.0,50.511038961038956,0.533,50.511038961038956,51.91648411414963,54.53282953100363,56.91838354594682
E01002074,Haringey 012A,854.0,0.4672131147540984,1,0.1037797067893517,0.0345932355964505,True,1.0345932355964504,399.0,51.868391327322946,0.537,51.868391327322946,53.331849705142204,56.05619124994703,58.54021490692288
E01002077,Haringey 012B,857.0,0.5075845974329055,0,0.0,,False,1.0,435.0,54.65746753246752,0.442,54.65746753246752,55.69293197384823,57.62052953219161,59.37809107772716
E01002079,Haringey 012C,607.0,0.5930807248764415,0,0.0,,False,1.0,360.0,45.233766233766225,0.388,45.233766233766225,45.85234780054042,47.00388547783645,48.05384444416248
E01002081,Haringey 012D,682.0,0.4912023460410557,1,0.041214506171682,0.020607253085841,True,1.020607253085841,335.0,42.95994393711488,0.522,42.95994393711488,44.10917054513541,46.24854522095701,48.199202735250665
E01002082,Haringey 013A,570.0,0.5263157894736842,0,0.0,,False,1.0,300.0,37.69480519480519,0.583,37.69480519480519,38.92756038803743,41.2224300190419,43.31486606618918
E01002086,Haringey 013B,620.0,0.5838709677419355,0,0.0,,False,1.0,362.0,45.485064935064926,0.319,45.485064935064926,45.8008269309853,46.38864243485925,46.92460593045858
E01002088,Haringey 013C,669.0,0.5814648729446936,0,0.0,,False,1.0,389.00000000000006,48.877597402597395,0.317,48.877597402597395,49.20737162228595,49.82127197006477,50.381019329868586
E01002089,Haringey 013D,514.0,0.5019455252918288,0,0.0,,False,1.0,258.0,32.41753246753246,0.661,32.41753246753246,33.724443004375466,36.15735857261332,38.375663336365186
E01001967,Haringey 014A,600.0,1.01,3,0.17250925925733,0.0250656828701131,True,1.025065682870113,606.0,78.05209547989111,0.084,78.05209547989111,76.80408009969946,74.48080244428846,72.36246428335949
E01001968,Haringey 014B,694.0,0.8126801152737753,0,0.0,,False,1.0,564.0,70.86623376623375,0.133,70.86623376623375,70.07196281720952,68.5933656961334,67.24519764617159
E01001996,Haringey 014C,615.0,0.8406504065040651,1,0.0,0.0,True,1.0,517.0,64.96071428571427,0.134,64.96071428571427,64.23897153759675,62.895391301110486,61.67033011197969
E01001997,Haringey 014D,705.0,0.6453900709219859,2,0.1671238425902776,0.0417809606475694,True,1.0417809606475694,455.00000000000006,59.55909105702183,0.131,59.55909105702183,58.87992719988469,57.615610879193824,56.462821627609124
E01002075,Haringey 015A,721.0,0.5464632454923717,1,0.0683375771604937,0.0170843942901234,True,1.0170843942901233,394.0,50.35162151706799,0.466,50.35162151706799,51.42343450085081,53.418697696741575,55.23795600153719
E01002076,Haringey 015B,680.0,0.6029411764705882,1,0.125975694443287,0.0629878472216435,True,1.0629878472216434,410.0,54.76113042813576,0.519,54.76113042813576,56.21002099255154,58.90724342015183,61.36654017428364
E01002078,Haringey 015C,1134.0,0.4885361552028218,1,0.1023495370362653,0.0255873842590663,True,1.0255873842590664,553.9999999999999,71.39087143194001,0.335,71.39087143194001,71.99793689789898,73.12803645822454,74.15844839315243
E01033943,Haringey 015E,723.0,0.4426002766251729,0,0.0,,False,1.0,320.0,40.2077922077922,0.233,40.2077922077922,40.14949514764302,40.04097063795312,39.94201922345611
E01033944,Haringey 015F,693.0,0.4213564213564214,0,0.0,,False,1.0,292.0,36.68961038961038,0.34,36.68961038961038,37.019498103371326,37.63360972918937,38.193549729908035
E01002026,Haringey 016A,754.0,0.409814323607427,1,0.0,0.0,True,1.0,308.99999999999994,38.825649350649336,0.522,38.825649350649336,39.864278948787444,41.79776869250537,43.56070266569762
E01002029,Haringey 016B,729.0,0.401920438957476,1,0.0,0.0,True,1.0,293.0,36.815259740259734,0.419,36.815259740259734,37.43008338628235,38.57462540194509,39.618205803503294
E01002030,Haringey 016C,638.0,0.4843260188087774,4,0.0,0.0,True,1.0,309.0,38.82564935064934,0.435,38.82564935064934,39.53466554177886,40.854554303023804,42.05801387429569
E01002031,Haringey 016D,748.0,0.3943850267379679,2,0.2121647376527776,0.0407867798351015,True,1.0407867798351016,295.0,38.57838399995921,0.396,38.57838399995921,39.13606802167421,40.17424018444935,41.120833763094055
E01001991,Haringey 017A,739.0,0.5358592692828146,0,0.0,,False,1.0,396.0,49.75714285714285,0.135,49.75714285714285,49.209173994447916,48.189087355479856,47.258983951890954
E01001992,Haringey 017B,678.0,1.0235988200589972,0,0.0,,False,1.0,694.0000000000001,87.20064935064936,0.052,87.20064935064936,85.53405993645887,82.43157417531488,79.60276291968928
E01001993,Haringey 017C,603.0,1.0066334991708126,1,0.0888402777770061,0.044420138888503,True,1.044420138888503,607.0,79.65704233966211,0.052,79.65704233966211,78.13462725998569,75.30053323116863,72.71643850666527
E01001995,Haringey 017D,942.0,0.9012738853503184,0,0.0,,False,1.0,848.9999999999999,106.67629870129865,0.312,106.67629870129865,107.34398919981858,108.5869469714635,109.72026174077934
E01001980,Haringey 018A,702.0,0.5612535612535613,1,0.0648811728387343,0.0162202932096835,True,1.0162202932096835,394.00000000000006,50.30884346364484,0.39,50.30884346364484,51.00664622379023,52.305660311485966,53.490086592667346
E01001981,Haringey 018B,648.0,0.4891975308641975,0,0.0,,False,1.0,316.99999999999994,39.83084415584414,0.333,39.83084415584414,40.16176844379358,40.77780973305048,41.33950917896106
E01001982,Haringey 018C,722.0,0.4778393351800554,0,0.0,,False,1.0,345.0,43.34902597402597,0.433,43.34902597402597,44.13218587901857,45.59009892781747,46.91940747576229
E01001983,Haringey 018D,651.0,0.5622119815668203,1,0.0884170524691357,0.0442085262345678,True,1.0442085262345677,366.0,48.02070911458332,0.335,48.02070911458332,48.42904863432313,49.18920439609512,49.88230578010804
E01002083,Haringey 019A,534.0,0.6142322097378277,0,0.0,,False,1.0,327.99999999999994,41.212987012987,0.225,41.212987012987,41.12105957019115,40.949929488658114,40.793895025299854
E01002084,Haringey 019B,657.0,0.5859969558599696,1,1.0421597222206789,0.3473865740735595,True,1.3473865740735596,385.0,65.17982552080844,0.347,65.17982552080844,65.81039998620821,66.98426337666666,68.05457867451068
E01002085,Haringey 019C,796.0,0.4685929648241206,1,0.0604216820987653,0.0302108410493826,True,1.0302108410493827,373.0,48.283105557246564,0.34,48.283105557246564,48.717233996780735,49.52539783767291,50.26227244259049
E01002087,Haringey 019D,849.0,0.4134275618374558,0,0.0,,False,1.0,351.0,44.102922077922074,0.375,44.102922077922074,44.65009200229513,45.668691355464645,46.59743866876623
E01002014,Haringey 020B,837.0,0.5232974910394266,2,0.0823070987654319,0.0169631880144032,True,1.0169631880144032,438.00000000000006,55.96797472323683,0.218,55.96797472323683,55.804905589487575,55.50133971943498,55.22455180930712
E01002015,Haringey 020C,632.0,0.6170886075949367,0,0.0,,False,1.0,390.0,49.00324675324675,0.374,49.00324675324675,49.60643153218845,50.72930689193286,51.75313188287768
E01002018,Haringey 020D,597.0,0.7085427135678392,1,0.0331226851851851,0.0165613425925925,True,1.0165613425925926,423.0,54.029905306412324,0.297,54.029905306412324,54.28899560073599,54.771312326226614,55.21108323474527
E01033086,Haringey 020F,512.0,0.541015625,1,0.0975266203695987,0.0487633101847993,True,1.0487633101847993,277.0,36.50207080795464,0.549,36.50207080795464,37.57471396897533,39.57152260433534,41.392190023274274
E01033945,Haringey 020G,670.0,0.4,0,0.0,,False,1.0,268.0,33.674025974025966,0.305,33.674025974025966,33.86179111973872,34.21133053601773,34.5300366030813
E01033946,Haringey 020H,672.0,0.4181547619047619,0,0.0,,False,1.0,281.0,35.30746753246753,0.192,35.30746753246753,35.11501604095895,34.75675262764768,34.43009211924294
E01002020,Haringey 021A,701.0,0.7047075606276747,0,0.0,,False,1.0,493.99999999999994,62.0707792207792,0.167,62.0707792207792,61.58102434526982,60.66930756921147,59.83801457494305
E01002022,Haringey 021B,980.0,0.6377551020408163,4,0.2981111111095676,0.0484348636828703,True,1.0484348636828702,625.0,82.33447488743317,0.125,82.33447488743317,81.3473930523411,79.50986347704105,77.83442489477433
E01002023,Haringey 021C,588.0,0.9064625850340136,0,0.0,,False,1.0,533.0,66.97110389610388,0.091,66.97110389610388,65.94601415154507,64.03772989790168,62.297778004085735
E01002025,Haringey 021D,596.0,1.0687919463087248,2,0.1089239969128085,0.0272309992282021,True,1.027230999228202,637.0,82.21816840868087,0.034,82.21816840868087,80.50239147669456,77.30833932715986,74.39603887929988
E01002013,Haringey 022A,572.0,0.7867132867132867,1,0.0792662037037036,0.0396331018518518,True,1.0396331018518519,450.0,58.783150872564924,0.116,58.783150872564924,58.026793110428066,56.618774334249665,55.33495881700555
E01002019,Haringey 022B,545.0,0.9706422018348624,0,0.0,,False,1.0,529.0,66.46850649350648,0.092,66.46850649350648,65.45759581772118,63.57570700293126,61.85982217026383
E01002021,Haringey 022C,566.0,0.9328621908127208,1,0.0384239969135802,0.0192119984567901,True,1.01921199845679,528.0,67.61743601190474,0.078,67.61743601190474,66.49667659625668,64.41029581217789,62.507957526071834
E01002024,Haringey 022D,526.0,0.7319391634980988,0,0.0,,False,1.0,385.0,48.37499999999999,0.155,48.37499999999999,47.936662464991095,47.12066306564254,46.37664408757969
E01001998,Haringey 023A,822.0,0.5,2,0.1583707561724535,0.0277641782406442,True,1.0277641782406441,411.0,53.07567756442276,0.241,53.07567756442276,53.04015700340108,52.9740327175636,52.91374134527435
E01001999,Haringey 023B,964.0,0.4242738589211618,1,0.0670208333329474,0.0167552083332368,True,1.0167552083332367,409.0,52.25164436383431,0.257,52.25164436383431,52.29825587008609,52.38502681271916,52.46414357201453
E01002003,Haringey 023C,1140.0,0.3342105263157894,1,0.1160794753067127,0.0386931584355709,True,1.038693158435571,380.99999999999994,49.72473705579532,0.437,49.72473705579532,50.64249180034946,52.35096360687688,53.90872878238627
E01002004,Haringey 023D,720.0,0.5638888888888889,0,0.0,,False,1.0,406.0,51.01363636363636,0.261,51.01363636363636,51.07905541576451,51.20083806721238,51.31187810467856
E01002067,Haringey 024A,733.0,0.5538881309686221,1,0.0659625771597222,0.0329812885798611,True,1.032981288579861,406.0,52.696131826053545,0.482,52.696131826053545,53.90012594453796,56.141454598910435,58.18507259208608
E01002069,Haringey 024B,966.0,0.3302277432712215,1,0.041187885802469,0.0205939429012345,True,1.0205939429012345,319.0,40.907592218501975,0.483,40.907592218501975,41.84623519136646,43.59359205881928,45.186812190931235
E01002070,Haringey 024C,1075.0,0.5051162790697674,4,0.2439834104918977,0.03203186085362,True,1.03203186085362,543.0,70.41305430897421,0.317,70.41305430897421,70.88812696545867,71.77251164935376,72.57888355263142
E01002073,Haringey 024D,662.0,0.4471299093655589,0,0.0,,False,1.0,296.0,37.19220779220778,0.484,37.19220779220778,38.049228876507144,39.64464025281812,41.0993182130475
E01002066,Haringey 025A,906.0,0.3686534216335541,1,0.0077357253086419,0.0038678626543209,True,1.003867862654321,334.0,42.12920525680916,0.426,42.12920525680916,42.86155024177578,44.22486736641248,45.467924425838746
E01002068,Haringey 025B,858.0,0.4265734265734265,2,0.0473055555551697,0.0118263888887924,True,1.0118263888887924,365.99999999999994,46.53153031655399,0.449,46.53153031655399,47.44483631285634,49.14502642865147,50.69524045267691
E01002071,Haringey 025C,701.0,0.4450784593437946,2,0.0414814814814813,0.0122571373456789,True,1.0122571373456788,312.0,39.683109023268386,0.474,39.683109023268386,40.558804694939994,42.18898026747365,43.67535582670549
E01002072,Haringey 025D,677.0,0.3884785819793205,1,0.0160972222222221,0.008048611111111,True,1.008048611111111,263.0,33.3117518465909,0.478,33.3117518465909,34.05985183876881,35.452498134179976,36.7222971981769
E01002043,Haringey 026A,703.0,0.5092460881934566,0,0.0,,False,1.0,358.0,44.982467532467524,0.408,44.982467532467524,45.68540154640847,46.99396786196669,48.187103755946964
E01002045,Haringey 026B,825.0,0.4703030303030303,0,0.0,,False,1.0,388.0,48.75194805194805,0.466,48.75194805194805,49.78970948509417,51.72158307218525,53.483043452133614
E01002046,Haringey 026C,660.0,0.4287878787878788,0,0.0,,False,1.0,283.0,35.55876623376623,0.423,35.55876623376623,36.16648562935446,37.29780253052374,38.32932442299718
E01002049,Haringey 026D,699.0,0.547925608011445,0,0.0,,False,1.0,383.00000000000006,48.12370129870129,0.42,48.12370129870129,48.932074600838774,50.43692434860262,51.809029245203384
E01002042,Haringey 027A,591.0,0.5143824027072758,1,0.0599402006172839,0.0299701003086419,True,1.029970100308642,303.99999999999994,39.34218258477631,0.244,39.34218258477631,39.32737026988578,39.29979599415465,39.274654082939186
E01002044,Haringey 027B,712.0,0.3665730337078651,0,0.0,,False,1.0,260.99999999999994,32.7944805194805,0.254,32.7944805194805,32.8141347132641,32.85072252297965,32.88408287203857
E01002047,Haringey 027C,630.0,0.4158730158730159,1,0.047942129628858,0.047942129628858,True,1.047942129628858,262.0,34.49839100376247,0.212,34.49839100376247,34.37767757190848,34.15296013381784,33.9480653277989
E01002048,Haringey 027D,736.0,0.4646739130434782,0,0.0,,False,1.0,341.99999999999994,42.97207792207791,0.352,42.97207792207791,43.40877254617199,44.2217135391268,44.962943897000265
E01002016,Haringey 028A,879.0,0.5540386803185438,0,0.0,,False,1.0,486.99999999999994,61.19123376623375,0.236,61.19123376623375,61.120426300122894,60.98861269713154,60.86842655205511
E01002017,Haringey 028B,654.0,0.6192660550458715,0,0.0,,False,1.0,404.99999999999994,50.887987012987,0.265,50.887987012987,50.9731078113319,51.13156679504657,51.27604789542777
E01002059,Haringey 028C,702.0,0.6609686609686609,0,0.0,,False,1.0,463.99999999999994,58.301298701298684,0.245,58.301298701298684,58.28503740760519,58.254765745183526,58.22716438744087
E01002060,Haringey 028D,751.0,0.6165113182423435,1,0.0917380401230708,0.0458690200615354,True,1.0458690200615355,463.0,60.84410937780712,0.139,60.84410937780712,60.19779021757475,58.99461685363649,57.89757705509686
E01002050,Haringey 029A,469.0,0.7057569296375267,3,0.0270385802469134,0.0045423739711933,True,1.0045423739711934,331.0,41.77885210343764,0.782,41.77885210343764,43.95646090775884,48.010248992108224,51.70644689398035
E01002051,Haringey 029B,685.0,0.3912408759124087,0,0.0,,False,1.0,267.99999999999994,33.67402597402596,0.741,33.67402597402596,35.29446855090864,38.31104838678375,41.06153159611532
E01002052,Haringey 029C,507.0,0.8027613412228797,3,0.0489737654320987,0.0163245884773662,True,1.0163245884773662,407.0,51.97411350859787,0.795,51.97411350859787,54.74905469216811,59.91482343924757,64.62491267115081
E01002055,Haringey 029D,502.0,0.6454183266932271,1,0.0,0.0,True,1.0,324.0,40.710389610389605,0.756,40.710389610389605,42.729020759371544,46.48685957881474,49.913214304564754
E01001994,Haringey 030A,741.0,0.970310391363023,1,0.0280270061724534,0.0070067515431133,True,1.0070067515431134,719.0,90.97488624582009,0.141,90.97488624582009,90.02625652372535,88.26030854617478,86.65013725117348
E01002008,Haringey 030B,527.0,1.239089184060721,2,0.0914552469128085,0.0228638117282021,True,1.022863811728202,653.0,83.92497945637844,0.039,83.92497945637844,82.21453136112822,79.03039925546065,76.12714379085219
E01002010,Haringey 030C,698.0,0.7693409742120344,1,0.0077210648148148,0.0077210648148148,True,1.0077210648148147,537.0,67.994670119724,0.179,67.994670119724,67.53779432969007,66.6872845273821,65.91179935612976
E01002011,Haringey 030D,777.0,0.6731016731016731,3,0.2474764660451386,0.0549953703692129,True,1.054995370369213,523.0,69.32860972665554,0.172,69.32860972665554,68.81541454938453,67.8600618292639,66.988982077145
E01002000,Haringey 031A,740.0,0.5351351351351351,2,0.098530864197145,0.0246327160492862,True,1.0246327160492863,396.0,50.98279642856663,0.226,50.98279642856663,50.87405195217974,50.67161565520058,50.48703654041017
E01002001,Haringey 031B,685.0,0.5211678832116788,0,0.0,,False,1.0,357.0,44.85681818181818,0.186,44.85681818181818,44.586052615887134,44.08200146462191,43.622413353705205
E01002002,Haringey 031C,796.0,0.3819095477386934,2,0.0328001543209875,0.0084472415123456,True,1.0084472415123455,303.99999999999994,38.520065282287135,0.348,38.520065282287135,38.89648191039369,39.597210727590486,40.23612729895828
E01002058,Haringey 031D,648.0,0.470679012345679,0,0.0,,False,1.0,305.0,38.32305194805194,0.305,38.32305194805194,38.536739893732495,38.93453661748287,39.29724314902909
E01002053,Haringey 032A,724.0,0.4875690607734806,1,0.1205972222222221,0.040199074074074,True,1.040199074074074,352.99999999999994,46.13721938582249,0.599,46.13721938582249,47.71810589824489,50.66104904489712,53.344391157915034
E01002054,Haringey 032B,679.0,0.3961708394698085,0,0.0,,False,1.0,269.0,33.79967532467532,0.623,33.79967532467532,35.03697455244912,37.34030325702222,39.44045219130756
E01002056,Haringey 032C,923.0,0.485373781148429,0,0.0,,False,1.0,447.99999999999994,56.290909090909075,0.438,56.290909090909075,57.33534667170301,59.2796484266681,61.05244066883134
E01002057,Haringey 032D,594.0,0.5757575757575758,2,0.1731493055520833,0.0865746527760416,True,1.0865746527760416,342.0,46.69237064724681,0.373,46.69237064724681,47.26255436705884,48.323995689612865,49.29180582367771
E01001984,Haringey 033A,955.0,0.4785340314136125,0,0.0,,False,1.0,456.99999999999994,57.42175324675323,0.204,57.42175324675323,57.17600225934264,56.71851769071612,56.301388460595675
E01001985,Haringey 033B,728.0,0.7582417582417582,1,0.1123105709868825,0.0280776427467206,True,1.0280776427467206,552.0,71.30586310198876,0.075,71.30586310198876,70.10309361444607,67.86404470577875,65.8225053588266
E01001987,Haringey 033C,760.0,0.7723684210526316,1,0.0379124228395059,0.0126374742798352,True,1.0126374742798352,587.0,74.6882605177519,0.075,74.6882605177519,73.42843759547824,71.08317928252099,68.9447994078631
E01001989,Haringey 033D,758.0,0.8139841688654353,2,0.0867206790108023,0.0216801697527005,True,1.0216801697527005,617.0,79.20641858875975,0.123,79.20641858875975,78.2413798849911,76.44488531236154,74.8068619791454
E01001986,Haringey 034A,696.0,0.6896551724137931,1,0.0,0.0,True,1.0,480.00000000000006,60.3116883116883,0.151,60.3116883116883,59.741648379320466,58.680474728272344,57.71290865404439
E01001988,Haringey 034B,787.0,0.6048284625158831,3,0.1418449074062498,0.0344856610079732,True,1.0344856610079731,476.0,61.87164694337685,0.141,61.87164694337685,61.2264877607993,60.025473785446295,58.93040289287612
E01001990,Haringey 034C,937.0,0.4951974386339381,2,0.2212256944417434,0.0276532118052179,True,1.027653211805218,464.0,59.91351686280498,0.163,59.91351686280498,59.417397587266166,58.493832985761784,57.65173727890845
E01002062,Haringey 034D,826.0,0.5435835351089588,1,0.0419903549382716,0.0419903549382716,True,1.0419903549382716,449.0,58.78550975491521,0.164,58.78550975491521,58.30446741415358,57.408969698871815,56.59246505988133
E01002005,Haringey 035A,735.0,0.5238095238095238,2,0.2974880401195986,0.0743720100298996,True,1.0743720100298997,385.0,51.97274598519639,0.133,51.97274598519639,51.39023383401832,50.30584217801997,49.317106190763255
E01002006,Haringey 035B,771.0,0.5110246433203631,1,0.0250844907399691,0.0125422453699845,True,1.0125422453699846,393.99999999999994,50.12675860049495,0.143,50.12675860049495,49.61385070840136,48.6590327919731,47.78844066778257
E01002007,Haringey 035C,686.0,0.6909620991253644,3,0.1245397376543208,0.0198720421810699,True,1.0198720421810699,474.0,60.74132716675683,0.078,60.74132716675683,59.734539297291974,57.86032540698929,56.15143848323975
E01002009,Haringey 035D,652.0,0.7684049079754601,1,0.0877527006165121,0.021938175154128,True,1.021938175154128,501.0,64.33133992406117,0.071,64.33133992406117,63.22110479155793,61.15431577874866,59.26984104701537
E01002061,Haringey 036A,692.0,0.634393063583815,4,0.3384540895042435,0.065660759065948,True,1.065660759065948,438.99999999999994,58.781916668828266,0.129,58.781916668828266,58.100143042544936,56.83096843369567,55.67374945018513
E01002063,Haringey 036B,714.0,0.4663865546218487,1,0.0280748456786264,0.0093582818928754,True,1.0093582818928755,332.99999999999994,42.232795826563866,0.22,42.232795826563866,42.117987984537876,41.904264261033774,41.70939339902547
E01002064,Haringey 036C,653.0,0.4885145482388974,1,0.0417488425922067,0.0208744212961033,True,1.0208744212961034,319.0,40.91883439359345,0.293,40.91883439359345,41.09908133945965,41.43462504223252,41.74056997678985
E01002065,Haringey 036D,740.0,0.3459459459459459,1,0.087515817900077,0.0218789544750192,True,1.0218789544750193,255.99999999999997,32.86999733043801,0.245,32.86999733043801,32.86082928972191,32.843762269172586,32.8282007538114
E01002034,Haringey 037A,1021.0,0.3986287952987267,1,0.0482920524691357,0.0241460262345678,True,1.0241460262345679,406.99999999999994,52.374096248759905,0.596,52.374096248759905,54.15335642173477,57.46558755978405,60.48564226620518
E01002038,Haringey 037B,712.0,0.4269662921348314,0,0.0,,False,1.0,303.99999999999994,38.19740259740258,0.728,38.19740259740258,39.98706095443354,43.31864912049533,46.356353345055446
E01002041,Haringey 037C,731.0,0.5362517099863201,0,0.0,,False,1.0,392.0,49.25454545454545,0.613,49.25454545454545,51.0095353466599,54.276585470029026,57.255444640770826
E01032575,Haringey 037D,659.0,0.5872534142640364,0,0.0,,False,1.0,387.0,48.626298701298694,0.546,48.626298701298694,50.04098713875017,52.67453964801057,55.075782894242266
E01002112,Harrow 001A,733.0,1.3478854024556617,0,0.0,,False,1.0,988.0,124.1415584415584,0.135,124.1415584415584,122.77440380432962,120.22933915963154,117.9087781425966
E01002114,Harrow 001B,1011.0,0.9198813056379822,0,0.0,,False,1.0,930.0,116.85389610389608,0.343,116.85389610389608,117.9387741651479,119.95835901847309,121.79979353408896
E01002225,Harrow 001C,694.0,1.531700288184438,0,0.0,,False,1.0,1063.0,133.5652597402597,0.089,133.5652597402597,131.49478302638468,127.64042965723316,124.12607406199785
E01002226,Harrow 001D,1102.0,1.0417422867513613,0,0.0,,False,1.0,1148.0000000000002,144.24545454545455,0.225,144.24545454545455,143.92370849566908,143.32475321030344,142.77863258854956
E01002113,Harrow 002A,596.0,1.24496644295302,0,0.0,,False,1.0,742.0,93.23181818181817,0.237,93.23181818181817,93.13303262581991,92.94913563338628,92.78146044577156
E01002115,Harrow 002B,511.0,1.356164383561644,0,0.0,,False,1.0,693.0,87.07499999999997,0.233,87.07499999999997,86.94875042911441,86.71372703781721,86.49943538079712
E01002116,Harrow 002C,625.0,1.32,0,0.0,,False,1.0,825.0,103.66071428571426,0.186,103.66071428571426,103.03499554091563,101.87017145185733,100.80809808629354
E01002118,Harrow 002E,675.0,0.9451851851851852,0,0.0,,False,1.0,638.0,80.1642857142857,0.359,80.1642857142857,81.03369604147393,82.65217095660664,84.12787798940441
E01034589,Harrow 002F,621.0,1.394524959742351,0,0.0,,False,1.0,866.0,108.81233766233764,0.216,108.81233766233764,108.47406428433929,107.8443420926117,107.27016855531906
E01034590,Harrow 002G,616.0,0.801948051948052,0,0.0,,False,1.0,494.0,62.0707792207792,0.234,62.0707792207792,61.98684008552094,61.83058085950872,61.68810547319925
E01002227,Harrow 003A,650.0,1.1507692307692308,0,0.0,,False,1.0,748.0,93.98571428571427,0.371,93.98571428571427,95.1150779963726,97.21747634454171,99.13441926353727
E01002228,Harrow 003B,787.0,1.4218551461245237,0,0.0,,False,1.0,1119.0000000000002,140.6016233766234,0.226,140.6016233766234,140.3017251563549,139.74344130416367,139.23440443292586
E01002229,Harrow 003C,746.0,1.135388739946381,0,0.0,,False,1.0,847.0000000000001,106.42499999999998,0.273,106.42499999999998,106.68609883862902,107.17215462549552,107.61533476768028
E01002230,Harrow 003D,633.0,1.5276461295418642,0,0.0,,False,1.0,967.0,121.50292207792205,0.164,121.50292207792205,120.50866260327567,118.65777129392983,116.97014963442338
E01002144,Harrow 004A,575.0,1.481739130434783,0,0.0,,False,1.0,852.0000000000001,107.05324675324675,0.196,107.05324675324675,106.51151395962017,105.50303624803713,104.58351773249638
E01002146,Harrow 004B,508.0,1.5846456692913389,0,0.0,,False,1.0,805.0000000000001,101.14772727272727,0.087,101.14772727272727,99.56003427367082,96.60442032298864,93.90952511486663
E01002147,Harrow 004C,490.0,1.6755102040816328,0,0.0,,False,1.0,821.0,103.15811688311686,0.096,103.15811688311686,101.62946404149132,98.78375793385999,96.1890754478712
E01002149,Harrow 004D,473.0,1.6807610993657505,0,0.0,,False,1.0,795.0,99.89123376623374,0.053,99.89123376623374,97.99184788240494,94.45599339459812,91.2320414594653
E01002140,Harrow 005A,613.0,1.2088091353996735,0,0.0,,False,1.0,740.9999999999999,93.1061688311688,0.331,93.1061688311688,93.86154654927448,95.26774089729669,96.54989292168362
E01002141,Harrow 005B,654.0,1.2293577981651376,0,0.0,,False,1.0,804.0,101.02207792207791,0.247,101.02207792207791,101.01361676971258,100.99786567678422,100.98350400927161
E01002142,Harrow 005C,656.0,1.2698170731707317,0,0.0,,False,1.0,833.0,104.66590909090907,0.229,104.66590909090907,104.47330078720354,104.11474545579654,103.78781877978993
E01002143,Harrow 005D,541.0,1.2717190388170057,0,0.0,,False,1.0,688.0000000000001,86.44675324675325,0.336,86.44675324675325,87.19028055985366,88.5744144576656,89.83645201427943
E01002145,Harrow 005E,624.0,1.1842948717948718,0,0.0,,False,1.0,739.0,92.85487012987011,0.251,92.85487012987011,92.88333664569377,92.9363292779884,92.98464735782547
E01002139,Harrow 006A,501.0,1.0698602794411178,0,0.0,,False,1.0,536.0,67.34805194805193,0.444,67.34805194805193,68.63707839971882,71.03670135302849,73.22465028887696
E01002148,Harrow 006B,486.0,1.508230452674897,0,0.0,,False,1.0,733.0,92.10097402597401,0.134,92.10097402597401,91.07769078734704,89.17276948494,87.43588389183967
E01002150,Harrow 006C,895.0,1.0692737430167598,2,0.03222762345679,0.0080569058641975,True,1.0080569058641975,957.0,121.2152427269345,0.18,121.2152427269345,120.41259091594215,118.9183921687541,117.55599873342416
E01002151,Harrow 006D,532.0,1.018796992481203,0,0.0,,False,1.0,542.0,68.10194805194804,0.415,68.10194805194804,69.21268495424867,71.2804080505451,73.16573446898568
E01002152,Harrow 006E,633.0,1.4091627172195893,0,0.0,,False,1.0,892.0,112.07922077922076,0.115,112.07922077922076,110.62617021194328,107.92120361560235,105.45484581642945
E01002119,Harrow 007A,867.0,0.895040369088812,0,0.0,,False,1.0,776.0,97.5038961038961,0.342,97.5038961038961,98.39961312723942,100.06706000244158,101.58741911183854
E01002120,Harrow 007B,477.0,0.920335429769392,0,0.0,,False,1.0,439.0,55.16006493506492,0.462,55.16006493506492,56.312702776863915,58.45842772956565,60.41487535414434
E01002121,Harrow 007C,533.0,1.2833020637898689,0,0.0,,False,1.0,684.0000000000001,85.94415584415584,0.272,85.94415584415584,86.14662125082668,86.52352634573005,86.86718412753797
E01002122,Harrow 007D,561.0,1.2121212121212122,0,0.0,,False,1.0,680.0,85.44155844155843,0.252,85.44155844155843,85.47608976243299,85.54037250082956,85.59898477109233
E01002123,Harrow 007E,512.0,1.169921875,0,0.0,,False,1.0,599.0,75.26396103896103,0.301,75.26396103896103,75.65425271181672,76.38081100350969,77.04327859615753
E01002106,Harrow 008A,645.0,1.4232558139534883,0,0.0,,False,1.0,918.0,115.34610389610387,0.245,115.34610389610387,115.31393176763268,115.25404084930707,115.19943299066966
E01002108,Harrow 008B,550.0,1.5527272727272727,0,0.0,,False,1.0,854.0,107.30454545454543,0.185,107.30454545454543,106.64636082381983,105.42109896409427,104.30391912614316
E01002109,Harrow 008C,646.0,1.5139318885448916,0,0.0,,False,1.0,978.0,122.8850649350649,0.14,122.8850649350649,121.59170435709346,119.18401309071731,116.9887075587155
E01002110,Harrow 008D,532.0,1.4097744360902256,0,0.0,,False,1.0,750.0,94.23701298701297,0.162,94.23701298701297,93.4474791323907,91.97770048082246,90.63757301113142
E01002111,Harrow 008E,680.0,1.3602941176470589,0,0.0,,False,1.0,925.0,116.22564935064933,0.314,116.22564935064933,116.9757924671806,118.37224219741529,119.64550919005629
E01002185,Harrow 009A,647.0,1.0911901081916535,0,0.0,,False,1.0,705.9999999999998,88.7084415584415,0.406,88.7084415584415,90.07736197641802,92.62571375925607,94.94927195148702
E01002186,Harrow 009B,789.0,0.9391634980988594,0,0.0,,False,1.0,741.0,93.10616883116882,0.291,93.10616883116882,93.4981294684526,94.22779466717975,94.8930951023497
E01002187,Harrow 009C,758.0,1.2862796833773087,0,0.0,,False,1.0,975.0,122.50811688311686,0.203,122.50811688311686,121.97185775084795,120.9735696854243,120.06334197344093
E01002190,Harrow 009D,604.0,1.6572847682119205,0,0.0,,False,1.0,1001.0,125.77499999999999,0.052,125.77499999999999,123.37117290546877,118.89626188687346,114.81608887984001
E01002124,Harrow 010A,493.0,1.279918864097363,0,0.0,,False,1.0,631.0,79.28474025974023,0.269,79.28474025974023,79.44830741794108,79.75280039922852,80.03043363884322
E01002125,Harrow 010B,552.0,1.068840579710145,0,0.0,,False,1.0,590.0,74.13311688311687,0.296,74.13311688311687,74.48137435370803,75.12968270999619,75.72080290089366
E01002198,Harrow 010C,498.0,1.321285140562249,0,0.0,,False,1.0,658.0,82.67727272727271,0.242,82.67727272727271,82.63000924729464,82.54202460488328,82.46180120792445
E01002200,Harrow 010D,570.0,1.331578947368421,0,0.0,,False,1.0,759.0,95.36785714285712,0.173,95.36785714285712,94.67121626415826,93.37436510910402,92.19191096532232
E01002203,Harrow 010E,554.0,1.2833935018050542,0,0.0,,False,1.0,711.0,89.33668831168829,0.308,89.33668831168829,89.86097922870061,90.8369875309722,91.72690080813477
E01002232,Harrow 011A,740.0,1.0432432432432432,0,0.0,,False,1.0,772.0,97.0012987012987,0.317,97.0012987012987,97.6557606488554,98.87409244444731,99.98495352868522
E01002233,Harrow 011B,834.0,0.7817745803357314,0,0.0,,False,1.0,652.0,81.92337662337661,0.42,81.92337662337661,83.29951080873859,85.8612915803888,88.19709417199113
E01002234,Harrow 011C,614.0,1.0342019543973942,0,0.0,,False,1.0,635.0,79.78733766233763,0.332,79.78733766233763,80.44244440613676,81.66197654006275,82.77393207915117
E01002235,Harrow 011D,601.0,0.978369384359401,0,0.0,,False,1.0,588.0,73.88181818181816,0.473,73.88181818181816,75.50497460928612,78.52660648901022,81.28169609450414
E01002236,Harrow 011E,759.0,0.8313570487483531,0,0.0,,False,1.0,631.0,79.28474025974023,0.382,79.28474025974023,80.32255600477792,82.25453069767752,84.01608326475301
E01002107,Harrow 012A,566.0,1.4752650176678446,0,0.0,,False,1.0,835.0,104.91720779220776,0.19,104.91720779220776,104.3248564350608,103.22214833221628,102.2167116169013
E01002197,Harrow 012B,424.0,1.5,0,0.0,,False,1.0,636.0,79.912987012987,0.202,79.912987012987,79.55538303760432,78.88967543601598,78.28269081100541
E01002199,Harrow 012C,474.0,1.390295358649789,0,0.0,,False,1.0,659.0,82.80292207792206,0.287,82.80292207792206,83.11918776529568,83.70794092996863,84.24475937402747
E01002201,Harrow 012D,504.0,1.468253968253968,0,0.0,,False,1.0,739.9999999999999,92.98051948051945,0.211,92.98051948051945,92.64609787724496,92.02354606361662,91.45591039557975
E01002202,Harrow 012E,706.0,0.8781869688385269,0,0.0,,False,1.0,620.0,77.9025974025974,0.399,77.9025974025974,79.05155258264031,81.19042197417977,83.14061877600781
E01002179,Harrow 013A,911.0,0.7607025246981339,0,0.0,,False,1.0,693.0,87.07499999999997,0.381,87.07499999999997,88.20629123469527,90.31227781871176,92.23249245037078
E01002183,Harrow 013C,672.0,1.0297619047619049,2,0.0468186728371912,0.0234093364185956,True,1.0234093364185957,692.0000000000001,88.98477725007973,0.327,88.98477725007973,89.67198476801282,90.9512749886183,92.11771727195891
E01002184,Harrow 013D,653.0,1.0229709035222052,1,0.0428626543194444,0.0428626543194444,True,1.0428626543194444,668.0,87.53139024157319,0.348,87.53139024157319,88.38674369247616,89.97905063957194,91.43089801652638
E01002231,Harrow 013E,665.0,1.2255639097744362,0,0.0,,False,1.0,815.0000000000001,102.40422077922078,0.337,102.40422077922078,103.29499079053875,104.95322841825724,106.4651906404666
E01034591,Harrow 013F,518.0,0.9131274131274132,0,0.0,,False,1.0,473.00000000000006,59.43214285714286,0.391,59.43214285714286,60.262288713427765,61.807669763413394,63.21673064072034
E01034592,Harrow 013G,402.0,0.8407960199004975,0,0.0,,False,1.0,338.0,42.46948051948051,0.345,42.46948051948051,42.87205799502836,43.62148726357506,44.30480835297741
E01002156,Harrow 015B,521.0,1.5527831094049904,0,0.0,,False,1.0,809.0,101.65032467532465,0.082,101.65032467532465,100.00514663146693,96.94251980079396,94.1500514649541
E01002162,Harrow 015C,680.0,1.0852941176470587,0,0.0,,False,1.0,738.0,92.72922077922077,0.29,92.72922077922077,93.11054588741817,93.82041222190688,94.46766027768878
E01002163,Harrow 015D,539.0,1.4267161410018554,0,0.0,,False,1.0,769.0000000000001,96.62435064935065,0.124,96.62435064935065,95.45652330226763,93.28252190459314,91.30029213886502
E01034593,Harrow 015E,528.0,1.1742424242424243,0,0.0,,False,1.0,620.0,77.9025974025974,0.214,77.9025974025974,77.64521185489838,77.16606864778255,76.7291913172494
E01034594,Harrow 015F,478.0,1.3556485355648535,0,0.0,,False,1.0,648.0,81.42077922077921,0.161,81.42077922077921,80.73067681963074,79.44599754886126,78.2746415908305
E01002188,Harrow 016A,630.0,1.4873015873015871,0,0.0,,False,1.0,936.9999999999999,117.73344155844153,0.038,117.73344155844153,115.32246544807305,110.8342459807066,106.74193848134112
E01002189,Harrow 016B,725.0,1.1337931034482758,0,0.0,,False,1.0,821.9999999999999,103.2837662337662,0.131,103.2837662337662,102.10600143228834,99.9135006906845,97.91440343341642
E01002192,Harrow 016C,666.0,1.2357357357357357,0,0.0,,False,1.0,823.0,103.40941558441557,0.103,103.40941558441557,101.94767468584256,99.22653036217756,96.74542189509896
E01002193,Harrow 016D,741.0,1.0931174089068827,0,0.0,,False,1.0,810.0000000000001,101.77597402597401,0.194,101.77597402597401,101.24108349317439,100.2453431820626,99.33743848350423
E01002165,Harrow 017A,532.0,1.0657894736842106,0,0.0,,False,1.0,567.0,71.24318181818181,0.244,71.24318181818181,71.21635879074503,71.16642563985324,71.1208971603867
E01002166,Harrow 017B,486.0,1.2880658436213992,0,0.0,,False,1.0,626.0,78.65649350649349,0.246,78.65649350649349,78.64223018634617,78.61567790701035,78.5914678404926
E01002167,Harrow 017C,474.0,1.259493670886076,0,0.0,,False,1.0,597.0,75.01266233766232,0.285,75.01266233766232,75.28453345894549,75.7906426874485,76.2521073297995
E01002168,Harrow 017D,506.0,1.0948616600790513,0,0.0,,False,1.0,554.0,69.60974025974025,0.385,69.60974025974025,70.54129071935866,72.27544432200654,73.85662586733139
E01002169,Harrow 017E,527.0,1.0891840607210626,0,0.0,,False,1.0,574.0,72.12272727272726,0.288,72.12272727272726,72.40523779967937,72.93115310898062,73.4106767106969
E01002153,Harrow 019A,621.0,1.3365539452495974,0,0.0,,False,1.0,830.0,104.28896103896102,0.116,104.28896103896102,102.94708391913788,100.4490753382551,98.17141950539002
E01002155,Harrow 019B,630.0,1.3126984126984127,0,0.0,,False,1.0,827.0,103.91201298701297,0.131,103.91201298701297,102.7270841660614,100.52124704525072,98.50998982899682
E01002157,Harrow 019C,592.0,1.1469594594594594,0,0.0,,False,1.0,679.0,85.31590909090907,0.163,85.31590909090907,84.60944301736775,83.29430149826848,82.09517040843012
E01002158,Harrow 019D,487.0,1.4661190965092403,0,0.0,,False,1.0,714.0,89.71363636363635,0.074,89.71363636363635,88.1916147756621,85.35825326224003,82.77482643694839
E01002128,Harrow 020A,804.0,0.6330845771144279,0,0.0,,False,1.0,509.0,63.95551948051946,0.25,63.95551948051946,63.968885456073636,63.99376725868653,64.0164542035142
E01002130,Harrow 020B,1109.0,0.6176735798016231,2,0.1153861882700616,0.0288465470675154,True,1.0288465470675154,685.0,88.552621881449,0.409,88.552621881449,89.94506099688043,92.53719466345859,94.90067267967956
E01002181,Harrow 020C,848.0,0.9245283018867924,0,0.0,,False,1.0,783.9999999999999,98.50909090909087,0.344,98.50909090909087,99.43326743161215,101.15369387707746,102.72235915649962
E01002182,Harrow 020D,688.0,0.9854651162790696,0,0.0,,False,1.0,677.9999999999999,85.1902597402597,0.266,85.1902597402597,85.34107124374167,85.6218185820996,85.87780081437293
E01002159,Harrow 021A,685.0,1.1284671532846715,3,0.3122677469120369,0.1040892489706789,True,1.1040892489706788,773.0,107.23681912948945,0.234,107.23681912948945,107.09180136140957,106.8218395119283,106.57569136582998
E01002160,Harrow 021B,939.0,0.744408945686901,9,0.2090482253078698,0.0232275805897633,True,1.0232275805897633,699.0,89.86894886625927,0.25,89.86894886625927,89.88773045357782,89.92269383851912,89.95457305553134
E01002161,Harrow 021C,713.0,1.0701262272089762,0,0.0,,False,1.0,763.0,95.87045454545452,0.247,95.87045454545452,95.86242486976452,95.84747700421188,95.83384771029132
E01002164,Harrow 021D,710.0,1.023943661971831,0,0.0,,False,1.0,727.0,91.3470779220779,0.239,91.3470779220779,91.26811692372507,91.1211248865805,90.98709921775405
E01002191,Harrow 022A,658.0,1.4680851063829787,0,0.0,,False,1.0,966.0,121.37727272727271,0.106,121.37727272727271,119.6970801669139,116.56927109162032,113.71737032596592
E01002194,Harrow 022B,654.0,1.4036697247706422,0,0.0,,False,1.0,918.0,115.34610389610387,0.069,115.34610389610387,113.33294084609989,109.58528131801373,106.16820795443009
E01002195,Harrow 022C,603.0,1.320066334991708,0,0.0,,False,1.0,795.9999999999999,100.01688311688308,0.133,100.01688311688308,98.8958907845723,96.80907640801804,94.90634277722089
E01002196,Harrow 022D,611.0,1.486088379705401,0,0.0,,False,1.0,908.0,114.08961038961036,0.094,114.08961038961036,112.37670271744608,109.18799191813662,106.28056165270473
E01002127,Harrow 023B,648.0,1.0200617283950617,0,0.0,,False,1.0,661.0,83.05422077922076,0.21,83.05422077922076,82.74739639748994,82.17621895727196,81.6554258590138
E01002129,Harrow 023C,1196.0,0.5819397993311036,3,0.0,0.0,True,1.0,695.9999999999999,87.45194805194802,0.271,87.45194805194802,87.64943180285692,88.01706315826775,88.35226524980727
E01002131,Harrow 023D,609.0,0.9014778325123152,0,0.0,,False,1.0,548.9999999999999,68.98149350649348,0.353,68.98149350649348,69.68923460608077,71.00674968528973,72.20804496025933
E01034595,Harrow 023E,516.0,0.7170542635658915,0,0.0,,False,1.0,370.0,46.49025974025973,0.296,46.49025974025973,46.70865849300334,47.115224750336594,47.485927242933315
E01034596,Harrow 023F,579.0,0.4300518134715025,0,0.0,,False,1.0,248.99999999999994,31.286688311688298,0.201,31.286688311688298,31.143629983959823,30.87731578502663,30.634493525240554
E01034597,Harrow 023G,606.0,0.5907590759075908,0,0.0,,False,1.0,358.0,44.982467532467524,0.277,44.982467532467524,45.110383521564174,45.34850907991457,45.565629257596036
E01034598,Harrow 023H,604.0,0.3774834437086092,0,0.0,,False,1.0,227.99999999999994,28.648051948051933,0.156,28.648051948051933,28.391260560208828,27.913223427856927,27.477354603722382
E01002237,Harrow 024A,807.0,0.8166047087980174,0,0.0,,False,1.0,659.0,82.80292207792206,0.236,82.80292207792206,82.70710663610059,82.52873874211436,82.36610492362283
E01002238,Harrow 024B,620.0,1.0870967741935484,2,0.027724537037037,0.0138622685185185,True,1.0138622685185186,674.0,85.86162545319263,0.196,85.86162545319263,85.42713084763162,84.61828536021338,83.88078923774064
E01002240,Harrow 024C,666.0,0.963963963963964,4,0.1730509259251542,0.0432627314812885,True,1.0432627314812886,642.0,84.1567528206013,0.215,84.1567528206013,83.88691604622889,83.3845939126576,82.92658230042306
E01002242,Harrow 024D,625.0,1.3056,0,0.0,,False,1.0,816.0000000000001,102.52987012987012,0.17,102.52987012987012,101.75089733327471,100.30077891227802,98.9785774173732
E01002208,Harrow 025A,487.0,1.3572895277207393,0,0.0,,False,1.0,661.0,83.05422077922076,0.075,83.05422077922076,81.6532829289629,79.04532820678324,76.66742473187948
E01002209,Harrow 025B,664.0,1.055722891566265,0,0.0,,False,1.0,701.0,88.08019480519478,0.168,88.08019480519478,87.39381374277006,86.11606203334502,84.95102254701277
E01002239,Harrow 025C,756.0,1.0462962962962965,0,0.0,,False,1.0,791.0000000000001,99.38863636363637,0.151,99.38863636363637,98.44925805842188,96.70053231263215,95.10606405281067
E01002241,Harrow 025D,657.0,1.1415525114155252,0,0.0,,False,1.0,750.0,94.23701298701297,0.35,94.23701298701297,95.17628508366893,96.92481311396989,98.51910109905592
E01002133,Harrow 027A,809.0,0.7972805933250927,1,0.0493993055555555,0.0246996527777777,True,1.0246996527777776,645.0,83.04558565848211,0.419,83.04558565848211,84.43246680833303,87.01425388988687,89.3682980074771
E01002136,Harrow 027B,710.0,1.036619718309859,0,0.0,,False,1.0,736.0,92.47792207792206,0.233,92.47792207792206,92.34383883957895,92.09423246729216,91.86664421394904
E01002138,Harrow 027C,509.0,1.1768172888015718,0,0.0,,False,1.0,599.0,75.26396103896103,0.366,75.26396103896103,76.13163611403671,77.74688072245718,79.21964239830889
E01034599,Harrow 027E,568.0,1.0369718309859155,0,0.0,,False,1.0,589.0,74.00746753246752,0.334,74.00746753246752,74.62956122411335,75.78763699490307,76.84355732056778
E01034600,Harrow 027F,817.0,0.6181150550795593,0,0.0,,False,1.0,504.99999999999994,63.45292207792206,0.426,63.45292207792206,64.55594381740131,66.60930453830142,68.48153550609155
E01002211,Harrow 028A,470.0,1.1446808510638298,0,0.0,,False,1.0,538.0,67.59935064935064,0.357,67.59935064935064,68.31929689159664,69.65953279273619,70.88154465490805
E01002212,Harrow 028B,647.0,0.9799072642967542,0,0.0,,False,1.0,634.0,79.6616883116883,0.415,79.6616883116883,80.96096358116911,83.37966550561917,85.5850104305109
E01002216,Harrow 028C,519.0,1.3526011560693645,0,0.0,,False,1.0,702.0000000000001,88.20584415584416,0.296,88.20584415584416,88.62021151915772,89.39158858036838,90.0949214176735
E01002217,Harrow 028D,780.0,0.8666666666666667,1,0.0540104166666666,0.0540104166666666,True,1.0540104166666666,676.0,89.52654971590907,0.374,89.52654971590907,90.62853898555325,92.67997768358741,94.55045617277321
E01002132,Harrow 029A,815.0,0.9631901840490796,0,0.0,,False,1.0,784.9999999999999,98.63474025974023,0.188,98.63474025974023,98.05860921860854,96.9860964950519,96.0081915833852
E01002134,Harrow 029B,587.0,1.1669505962521294,0,0.0,,False,1.0,685.0,86.06980519480517,0.173,86.06980519480517,85.4410845071784,84.2706720681637,83.20350330862422
E01002135,Harrow 029C,709.0,1.004231311706629,0,0.0,,False,1.0,712.0,89.46233766233765,0.245,89.46233766233765,89.4373849875321,89.39093364347129,89.34857983590067
E01002137,Harrow 029D,449.0,0.9888641425389756,0,0.0,,False,1.0,444.00000000000006,55.78831168831168,0.024,55.78831168831168,54.56964950278153,52.30101510125535,50.232500038169185
E01002218,Harrow 030A,646.0,1.0526315789473684,0,0.0,,False,1.0,680.0,85.44155844155843,0.31,85.44155844155843,85.95966498738629,86.92416060190284,87.80357674121817
E01002219,Harrow 030B,625.0,0.816,0,0.0,,False,1.0,509.99999999999994,64.08116883116881,0.381,64.08116883116881,64.9137208220701,66.46358107870563,67.87672604572741
E01002221,Harrow 030C,520.0,1.0288461538461535,0,0.0,,False,1.0,534.9999999999999,67.22240259740258,0.322,67.22240259740258,67.70874638698774,68.6141131614081,69.43961629635413
E01002222,Harrow 030D,495.0,1.397979797979798,1,0.0,0.0,True,1.0,692.0000000000001,86.94935064935065,0.249,86.94935064935065,86.95903743757628,86.97707014694389,86.99351216639405
E01002214,Harrow 031A,618.0,1.186084142394822,0,0.0,,False,1.0,733.0,92.10097402597401,0.349,92.10097402597401,93.00996861636614,94.70213271487525,96.24502870755923
E01002215,Harrow 031B,615.0,0.9284552845528456,0,0.0,,False,1.0,571.0000000000001,71.74577922077921,0.45,71.74577922077921,73.16098348212537,75.79549623766779,78.19761502554569
E01002220,Harrow 031C,494.0,1.354251012145749,0,0.0,,False,1.0,669.0,84.05941558441556,0.283,84.05941558441556,84.34766991765292,84.88427776889824,85.37355070883277
E01002223,Harrow 031D,577.0,1.4124783362218372,0,0.0,,False,1.0,815.0,102.40422077922076,0.275,102.40422077922076,102.67544068615513,103.18033762852008,103.64069692214866
E01002224,Harrow 031E,529.0,1.2287334593572778,0,0.0,,False,1.0,650.0,81.6720779220779,0.357,81.6720779220779,82.54190144895503,84.1611455674322,85.63755395109708
E01002204,Harrow 032A,635.0,0.9039370078740158,0,0.0,,False,1.0,574.0,72.12272727272726,0.345,72.12272727272726,72.80639434658661,74.07909375530203,75.23952661126934
E01002206,Harrow 032B,453.0,1.1832229580573952,2,0.1313680555528549,0.0656840277764274,True,1.0656840277764275,536.0,71.77174326289605,0.281,71.77174326289605,72.0038538646324,72.43594579487387,72.82992230591557
E01002207,Harrow 032C,547.0,1.351005484460695,0,0.0,,False,1.0,739.0000000000001,92.85487012987012,0.229,92.85487012987012,92.68399673678684,92.36590263125288,92.07586804113417
E01002210,Harrow 032D,490.0,1.4081632653061225,0,0.0,,False,1.0,690.0,86.69805194805194,0.226,86.69805194805194,86.51312811249765,86.16887801597221,85.85499469054407
E01032576,Harrow 032E,514.0,1.480544747081712,0,0.0,,False,1.0,760.9999999999999,95.61915584415581,0.206,95.61915584415581,95.22859065947141,94.50152320424552,93.83859136207526
E01002170,Harrow 033A,404.0,1.353960396039604,0,0.0,,False,1.0,547.0,68.7301948051948,0.319,68.7301948051948,69.20732688190323,70.09554533665197,70.90541282862112
E01002171,Harrow 033B,540.0,1.1814814814814816,0,0.0,,False,1.0,638.0,80.1642857142857,0.255,80.1642857142857,80.22015183949371,80.32415097480099,80.4189762043692
E01002172,Harrow 033C,492.0,1.2947154471544715,0,0.0,,False,1.0,637.0,80.03863636363634,0.282,80.03863636363634,80.30529246733538,80.80169353517137,81.25430638696454
E01002173,Harrow 033D,568.0,1.528169014084507,0,0.0,,False,1.0,868.0,109.06363636363635,0.193,109.06363636363635,108.47980244877333,107.39295022691678,106.4019707236762
E01002174,Harrow 033E,493.0,1.3894523326572008,0,0.0,,False,1.0,685.0,86.06980519480517,0.154,86.06980519480517,85.28150713515085,83.81402901199056,82.47599913795517
E01002175,Harrow 033F,405.0,1.4370370370370371,0,0.0,,False,1.0,582.0,73.12792207792207,0.197,73.12792207792207,72.76500109203687,72.08939546203463,71.4733859272126
E01002176,Harrow 033G,516.0,1.3255813953488371,0,0.0,,False,1.0,684.0,85.94415584415583,0.172,85.94415584415583,85.30796644892999,84.12365043007554,83.0438045444597
E01002177,Harrow 033H,474.0,1.3881856540084387,0,0.0,,False,1.0,658.0,82.67727272727271,0.234,82.67727272727271,82.56546715844692,82.35733239991244,82.16755749264193
E01002178,Harrow 033I,506.0,1.5217391304347827,0,0.0,,False,1.0,770.0,96.74999999999999,0.19,96.74999999999999,96.2037598263435,95.18689127641503,94.25972208983715
E01002276,Havering 001A,691.0,1.4905933429811866,0,0.0,,False,1.0,1030.0,129.41883116883116,0.314,129.41883116883116,130.25412566615785,131.80909131171651,133.22689131433296
E01002278,Havering 001B,628.0,1.055732484076433,0,0.0,,False,1.0,663.0,83.30551948051946,0.368,83.30551948051946,84.28215920703109,86.10024998540173,87.75796449356038
E01002312,Havering 001C,702.0,1.1652421652421652,0,0.0,,False,1.0,818.0,102.78116883116881,0.263,102.78116883116881,102.93303277289557,103.2157393068665,103.47350791143248
E01002313,Havering 001D,852.0,1.1654929577464788,0,0.0,,False,1.0,992.9999999999999,124.76980519480516,0.28,124.76980519480516,125.16113689990284,125.88963129247006,126.55386419989023
E01002277,Havering 002A,611.0,1.1751227495908347,0,0.0,,False,1.0,718.0,90.21623376623376,0.294,90.21623376623376,90.62243855351045,91.37862034484057,92.0680983077709
E01002279,Havering 002B,649.0,1.1833590138674883,0,0.0,,False,1.0,767.9999999999999,96.49870129870126,0.28,96.49870129870126,96.80136267787046,97.3647903651732,97.87851732680332
E01002281,Havering 002C,971.0,0.8959835221421215,0,0.0,,False,1.0,870.0,109.31493506493504,0.386,109.31493506493504,110.7885063168718,113.53167376305738,116.03286266294596
E01002283,Havering 002D,604.0,1.1837748344370862,1,0.043931327160108,0.043931327160108,True,1.043931327160108,715.0000000000001,93.78604476683041,0.28,93.78604476683041,94.08019808986933,94.62778736923882,95.12707305052722
E01002299,Havering 002E,659.0,1.2716236722306524,0,0.0,,False,1.0,838.0,105.29415584415582,0.245,105.29415584415582,105.2647873870111,105.21011572082716,105.16026671697297
E01002301,Havering 003A,624.0,1.4679487179487178,0,0.0,,False,1.0,915.9999999999999,115.09480519480516,0.16,115.09480519480516,114.10805896402832,112.27115414225212,110.59628520314783
E01002303,Havering 003B,813.0,1.1094710947109472,0,0.0,,False,1.0,902.0000000000001,113.33571428571427,0.297,113.33571428571427,113.87919448256339,114.89092512109441,115.81340961845524
E01002304,Havering 003C,529.0,1.5879017013232517,0,0.0,,False,1.0,840.0000000000001,105.54545454545453,0.135,105.54545454545453,104.38309635185921,102.21927620859363,100.2463295949202
E01002306,Havering 003D,662.0,1.0317220543806649,0,0.0,,False,1.0,683.0000000000001,85.81850649350649,0.372,85.81850649350649,86.8581045965059,88.79339728731819,90.55797516717963
E01002307,Havering 003E,662.0,1.4169184290030212,0,0.0,,False,1.0,938.0,117.85909090909088,0.28,117.85909090909088,118.22874764562825,118.91689239913083,119.54433496424676
E01002280,Havering 004A,666.0,0.9624624624624624,0,0.0,,False,1.0,640.9999999999999,80.54123376623374,0.439,80.54123376623374,82.04347811047693,84.84002274713977,87.38988036264561
E01002282,Havering 004B,718.0,0.8816155988857939,0,0.0,,False,1.0,633.0,79.53603896103894,0.466,79.53603896103894,81.22908789707371,84.3808301151888,87.25455284845509
E01002284,Havering 004C,768.0,1.0533854166666667,0,0.0,,False,1.0,809.0,101.65032467532465,0.31,101.65032467532465,102.26671908058162,103.41418518667558,104.46043174065514
E01002297,Havering 004D,675.0,0.9392592592592592,0,0.0,,False,1.0,634.0,79.6616883116883,0.401,79.6616883116883,80.85213463348438,83.0682430110673,85.08886544250794
E01002314,Havering 004E,648.0,1.0524691358024691,0,0.0,,False,1.0,682.0,85.69285714285712,0.433,85.69285714285712,87.24101672316134,90.1230361413667,92.75082869121704
E01002316,Havering 004F,815.0,0.7865030674846626,0,0.0,,False,1.0,641.0,80.54123376623374,0.471,80.54123376623374,82.294976462765,85.55970483459453,88.53644705867049
E01002302,Havering 005A,628.0,1.3980891719745223,0,0.0,,False,1.0,878.0,110.32012987012985,0.168,110.32012987012985,109.46044003730687,107.86006057814113,106.40085277642969
E01002305,Havering 005B,615.0,1.4439024390243902,0,0.0,,False,1.0,888.0,111.57662337662336,0.215,111.57662337662336,111.21886864942407,110.55288041160905,109.94563990567661
E01002308,Havering 005C,669.0,1.2630792227204783,0,0.0,,False,1.0,845.0,106.17370129870129,0.276,106.17370129870129,106.46526533516469,107.0080344562734,107.50292517204328
E01002326,Havering 005D,644.0,1.2158385093167705,0,0.0,,False,1.0,783.0000000000002,98.38344155844158,0.273,98.38344155844158,98.62481155920491,99.07414058059389,99.48383367543529
E01002331,Havering 005E,609.0,1.4088669950738917,0,0.0,,False,1.0,858.0,107.80714285714284,0.182,107.80714285714284,107.11431549003605,105.8245634832865,104.64858226224345
E01002309,Havering 006A,653.0,1.1776416539050536,0,0.0,,False,1.0,769.0,96.62435064935063,0.298,96.62435064935063,97.09712336692533,97.97722653573443,98.77969460221834
E01002310,Havering 006B,728.0,0.9423076923076924,0,0.0,,False,1.0,686.0000000000001,86.19545454545455,0.332,86.19545454545455,86.9031761615903,88.22065497083949,89.421917175272
E01002311,Havering 006C,677.0,1.174298375184638,0,0.0,,False,1.0,795.0,99.89123376623374,0.305,99.89123376623374,100.44822365743387,101.4851036422914,102.43051902779715
E01002315,Havering 006D,640.0,1.140625,0,0.0,,False,1.0,730.0,91.72402597402596,0.292,91.72402597402596,92.119118587983,92.85461420477847,93.52523074887738
E01002294,Havering 007B,633.0,1.3649289099526067,0,0.0,,False,1.0,864.0000000000001,108.56103896103895,0.129,108.56103896103895,107.3019093273024,104.9579416248557,102.8207385141929
E01002296,Havering 007C,695.0,1.3697841726618705,0,0.0,,False,1.0,952.0,119.6181818181818,0.133,119.6181818181818,118.27749752124728,115.78170947290603,113.50607829637475
E01002298,Havering 007D,644.0,1.2779503105590062,0,0.0,,False,1.0,823.0,103.40941558441557,0.161,103.40941558441557,102.53294293604338,100.90132096097658,99.41362658835418
E01002300,Havering 007E,845.0,1.1798816568047337,0,0.0,,False,1.0,997.0,125.27240259740257,0.154,125.27240259740257,124.12505491057722,121.98917799263444,120.0417096942209
E01033784,Havering 007F,679.0,1.1310751104565535,0,0.0,,False,1.0,767.9999999999999,96.49870129870126,0.172,96.49870129870126,95.78438338125471,94.45462504429534,93.24216650605999
E01033785,Havering 007G,635.0,0.8992125984251969,1,0.0,0.0,True,1.0,571.0,71.74577922077921,0.145,71.74577922077921,71.02566291159445,69.68511041762673,68.46280988971245
E01002333,Havering 008A,517.0,1.5183752417794971,0,0.0,,False,1.0,785.0,98.63474025974024,0.096,98.63474025974024,97.17311726257087,94.45219242153483,91.97128407622276
E01002334,Havering 008B,663.0,1.5671191553544497,0,0.0,,False,1.0,1039.0000000000002,130.54967532467535,0.112,130.54967532467535,128.81894698382442,125.59706162431213,122.65938317193373
E01002336,Havering 008C,617.0,1.4635332252836304,0,0.0,,False,1.0,903.0,113.46136363636361,0.15,113.46136363636361,112.37790429888739,110.36096051016709,108.5219340872409
E01002339,Havering 008D,599.0,1.5626043405676129,0,0.0,,False,1.0,936.0000000000001,117.60779220779219,0.07,117.60779220779219,115.56663170136207,111.76685273151614,108.30225745330087
E01002341,Havering 008E,546.0,1.5421245421245422,0,0.0,,False,1.0,842.0,105.79675324675323,0.081,105.79675324675323,104.07414278902013,100.86736950004506,97.94347006182579
E01002327,Havering 009A,603.0,1.388059701492537,0,0.0,,False,1.0,836.9999999999999,105.16850649350646,0.173,105.16850649350646,104.40027406205594,102.97014966577082,101.66617849535544
E01002328,Havering 009B,640.0,1.4234375,0,0.0,,False,1.0,911.0,114.46655844155842,0.132,114.46655844155842,113.17244389643871,110.76334906159988,108.56676377182612
E01002332,Havering 009C,690.0,1.2956521739130435,0,0.0,,False,1.0,894.0,112.33051948051946,0.199,112.33051948051946,111.79496564535852,110.79799054533366,109.88895998027834
E01002335,Havering 009D,573.0,1.24956369982548,0,0.0,,False,1.0,716.0,89.96493506493505,0.241,89.96493506493505,89.90472660199254,89.79264386740356,89.69044810388469
E01002338,Havering 009E,513.0,1.2651072124756335,0,0.0,,False,1.0,649.0,81.54642857142855,0.153,81.54642857142855,80.79160190311941,79.38643337713401,78.10521668562129
E01002340,Havering 009F,509.0,1.3654223968565815,0,0.0,,False,1.0,695.0,87.32629870129868,0.133,87.32629870129868,86.34754283326352,84.52551269293033,82.86420631930719
E01002268,Havering 010A,530.0,1.460377358490566,0,0.0,,False,1.0,774.0,97.25259740259739,0.145,97.25259740259739,96.27646776457811,94.4593265555921,92.80247785400601
E01002269,Havering 010B,681.0,1.5345080763582966,0,0.0,,False,1.0,1045.0,131.3035714285714,0.11,131.3035714285714,129.53722294295753,126.24902791473153,123.25088906006427
E01002295,Havering 010C,806.0,1.1749379652605458,0,0.0,,False,1.0,947.0,118.98993506493505,0.187,118.98993506493505,118.2832969908569,116.96783527938635,115.76841224178304
E01002377,Havering 010D,746.0,1.239946380697051,0,0.0,,False,1.0,925.0,116.22564935064933,0.153,116.22564935064933,115.14981781261243,113.14707376556083,111.3209945057006
E01002378,Havering 010E,605.0,1.5173553719008264,0,0.0,,False,1.0,918.0,115.34610389610387,0.105,115.34610389610387,113.73814353459524,110.74480031305102,108.01550398457
E01002383,Havering 010F,651.0,1.336405529953917,0,0.0,,False,1.0,870.0,109.31493506493504,0.123,109.31493506493504,107.98305887210603,105.50366779433071,103.24298718920127
E01002244,Havering 011A,726.0,1.0399449035812671,0,0.0,,False,1.0,754.9999999999999,94.8652597402597,0.205,94.8652597402597,94.46851683162963,93.72994906300048,93.05653136577631
E01002245,Havering 011B,623.0,1.0626003210272874,0,0.0,,False,1.0,662.0,83.17987012987011,0.226,83.17987012987011,83.0024504499615,82.67216992257043,82.37102389150749
E01002325,Havering 011C,832.0,1.0600961538461535,0,0.0,,False,1.0,881.9999999999998,110.82272727272724,0.329,110.82272727272724,111.7002123659863,113.33371908592109,114.82313194749301
E01002329,Havering 011D,649.0,1.308166409861325,0,0.0,,False,1.0,849.0,106.67629870129868,0.168,106.67629870129868,105.84500409074434,104.29748454537794,102.88647381228792
E01002330,Havering 011E,703.0,1.2034139402560455,0,0.0,,False,1.0,846.0,106.29935064935063,0.279,106.29935064935063,106.62237823913402,107.22371921083725,107.77201507427924
E01002337,Havering 012A,495.0,1.614141414141414,0,0.0,,False,1.0,799.0,100.39383116883114,0.165,100.39383116883114,99.5821041368786,98.07101116033304,96.69321375868672
E01002354,Havering 012B,566.0,1.2915194346289751,0,0.0,,False,1.0,730.9999999999999,91.84967532467529,0.065,91.84967532467529,90.210749777439,87.15976245531833,84.37790689108728
E01002376,Havering 012C,527.0,1.5977229601518026,0,0.0,,False,1.0,842.0,105.79675324675323,0.046,105.79675324675323,103.71281008416786,99.83338787381206,96.29617479408724
E01002379,Havering 012D,667.0,1.1889055472263867,1,0.0438472222210647,0.0219236111105323,True,1.0219236111105323,793.0,101.82440225237737,0.155,101.82440225237737,100.90174680044844,99.18415194614425,97.61806847936028
E01002380,Havering 012E,1069.0,0.9270346117867164,0,0.0,,False,1.0,990.9999999999999,124.51850649350646,0.284,124.51850649350646,124.95765276112684,125.77515767910539,126.52054937194409
E01002381,Havering 012F,635.0,1.2929133858267716,0,0.0,,False,1.0,821.0,103.15811688311686,0.178,103.15811688311686,102.45490144753354,101.14581124370929,99.95219767436234
E01002243,Havering 013A,833.0,0.7851140456182473,1,0.0,0.0,True,1.0,654.0,82.1746753246753,0.406,82.1746753246753,83.44276874302749,85.80342322741288,87.95584115619339
E01002353,Havering 013B,858.0,1.0326340326340326,0,0.0,,False,1.0,886.0,111.32532467532465,0.23,111.32532467532465,111.13132485869973,110.77017911781208,110.44089053588236
E01002356,Havering 013C,947.0,0.5997888067581837,0,0.0,,False,1.0,568.0,71.36883116883115,0.37,71.36883116883115,72.21945859561008,73.80296768138095,75.24679326837168
E01032741,Havering 013E,731.0,0.5143638850889193,0,0.0,,False,1.0,376.0,47.244155844155834,0.262,47.244155844155834,47.3093511253794,47.43071720989165,47.54137742636041
E01032742,Havering 013F,830.0,0.7795180722891566,0,0.0,,False,1.0,647.0,81.29512987012986,0.31,81.29512987012986,81.78809301005725,82.70578221975168,83.54252081112963
E01002272,Havering 014A,539.0,1.3840445269016697,0,0.0,,False,1.0,746.0,93.73441558441557,0.125,93.73441558441557,92.61066348576134,90.51871158960465,88.6112936268246
E01002274,Havering 014B,677.0,1.3530280649926143,0,0.0,,False,1.0,915.9999999999999,115.09480519480516,0.098,115.09480519480516,113.41173025775177,110.27855541415491,107.42176220194635
E01002317,Havering 014C,555.0,1.6252252252252253,0,0.0,,False,1.0,902.0,113.33571428571426,0.059,113.33571428571426,111.24704450811934,107.35882333645927,103.81358746382207
E01002318,Havering 014D,624.0,1.4038461538461535,0,0.0,,False,1.0,875.9999999999998,110.06883116883112,0.085,110.06883116883112,108.31962428602506,105.06333968407539,102.094296393408
E01002355,Havering 014E,567.0,1.342151675485009,0,0.0,,False,1.0,761.0,95.61915584415583,0.072,95.61915584415583,93.9782838646087,90.92367310741875,88.1385137362738
E01002382,Havering 014F,752.0,1.1675531914893618,0,0.0,,False,1.0,878.0,110.32012987012985,0.141,110.32012987012985,109.16977993886006,107.02831410947877,105.07574990513649
E01002270,Havering 015A,647.0,1.6398763523956723,0,0.0,,False,1.0,1061.0,133.313961038961,0.089,133.313961038961,131.24737985982517,127.40027833144346,123.89253488220105
E01002271,Havering 015B,519.0,1.9094412331406552,0,0.0,,False,1.0,991.0,124.51850649350646,0.04,124.51850649350646,121.99288542607093,117.29124545821476,113.00434357213922
E01002273,Havering 015C,482.0,1.6763485477178424,0,0.0,,False,1.0,808.0,101.52467532467531,0.077,101.52467532467531,99.83199629356658,96.680942682229,93.80784781279615
E01002275,Havering 015D,500.0,1.666,0,0.0,,False,1.0,833.0,104.66590909090907,0.054,104.66590909090907,102.68594839324906,99.00009762532089,95.63938078676019
E01002319,Havering 016A,732.0,1.1065573770491803,0,0.0,,False,1.0,810.0,101.77597402597401,0.291,101.77597402597401,102.20443302219515,103.0020427535973,103.7292942414349
E01002350,Havering 016B,681.0,0.8325991189427313,0,0.0,,False,1.0,567.0,71.24318181818181,0.31,71.24318181818181,71.67519124683534,72.4794103842337,73.21268825333927
E01002351,Havering 016C,695.0,1.1323741007194246,0,0.0,,False,1.0,787.0000000000001,98.88603896103896,0.17,98.88603896103896,98.13475024667551,96.73616789701325,95.46095640621657
E01002352,Havering 016D,808.0,1.011138613861386,0,0.0,,False,1.0,816.9999999999999,102.65551948051944,0.219,102.65551948051944,102.36643807917557,101.82829057635071,101.33761379960492
E01002358,Havering 016E,873.0,0.8843069873997709,0,0.0,,False,1.0,772.0,97.0012987012987,0.237,97.0012987012987,96.8985191201253,96.70718693931835,96.53273243144965
E01002246,Havering 017A,635.0,1.2913385826771653,0,0.0,,False,1.0,820.0,103.03246753246752,0.187,103.03246753246752,102.42059507128052,101.28154691562493,100.24297575318066
E01002247,Havering 017B,891.0,0.9820426487093152,0,0.0,,False,1.0,874.9999999999999,109.94318181818178,0.368,109.94318181818178,111.2321105673487,113.631551639859,115.81933473886173
E01002248,Havering 017C,631.0,1.0031695721077654,0,0.0,,False,1.0,633.0,79.53603896103894,0.315,79.53603896103894,80.05714137763383,81.02721403849284,81.91171526527717
E01002250,Havering 017E,700.0,1.2185714285714286,0,0.0,,False,1.0,853.0,107.1788961038961,0.24,107.1788961038961,107.09670864361027,106.94371029674076,106.80420814297199
E01002251,Havering 017F,514.0,1.132295719844358,0,0.0,,False,1.0,582.0,73.12792207792207,0.327,73.12792207792207,73.6926710088717,74.74399504943844,75.70258036077549
E01033786,Havering 017G,559.0,0.5670840787119857,0,0.0,,False,1.0,317.0,39.83084415584415,0.253,39.83084415584415,39.85082859326581,39.88803117718794,39.921952070381174
E01033787,Havering 017H,567.0,0.5873015873015873,0,0.0,,False,1.0,333.0,41.841233766233756,0.295,41.841233766233756,42.033709719009565,42.392018668871465,42.71872069698552
E01033788,Havering 017I,515.0,1.1611650485436893,0,0.0,,False,1.0,598.0,75.13831168831167,0.211,75.13831168831167,74.86806287917904,74.36497371086858,73.9062627250766
E01002252,Havering 018A,633.0,1.4044233807266984,0,0.0,,False,1.0,889.0000000000001,111.70227272727273,0.096,111.70227272727273,110.04700795722997,106.96560390158533,104.15601470542937
E01002256,Havering 018B,611.0,1.3404255319148937,0,0.0,,False,1.0,819.0,102.90681818181817,0.09,102.90681818181817,101.32163849388286,98.37070326724651,95.68007406653332
E01002258,Havering 018C,767.0,1.1342894393741851,0,0.0,,False,1.0,870.0,109.31493506493504,0.223,109.31493506493504,109.04976892715005,108.55614154669827,108.10605771153763
E01002259,Havering 018D,604.0,1.3062913907284768,0,0.0,,False,1.0,789.0,99.13733766233764,0.105,99.13733766233764,97.75533251502794,95.18262249128242,92.83685473183631
E01002391,Havering 018E,626.0,1.5143769968051115,0,0.0,,False,1.0,947.9999999999998,119.11558441558437,0.078,119.11558441558437,117.14124287502841,113.46585260490288,110.11467352934952
E01002253,Havering 019A,610.0,1.5049180327868852,0,0.0,,False,1.0,918.0,115.34610389610387,0.02,115.34610389610387,112.7814149645368,108.0070471303241,103.6538328022952
E01002254,Havering 019B,635.0,1.4535433070866142,0,0.0,,False,1.0,923.0,115.97435064935064,0.039,115.97435064935064,113.6107145966404,109.2106223269904,105.19866820489075
E01002257,Havering 019C,657.0,1.4946727549467276,0,0.0,,False,1.0,982.0,123.38766233766232,0.033,123.38766233766232,120.80069593765543,115.98485686401186,111.59382953121236
E01002384,Havering 019D,677.0,1.240768094534712,0,0.0,,False,1.0,840.0,105.54545454545452,0.076,105.54545454545452,103.77543945153757,100.48041874690009,97.47605631805824
E01002359,Havering 020A,517.0,1.3056092843326883,0,0.0,,False,1.0,674.9999999999999,84.81331168831166,0.057,84.81331168831166,83.23373035534419,80.29321690171663,77.61209015518389
E01002360,Havering 020B,729.0,0.9519890260631,0,0.0,,False,1.0,693.9999999999999,87.20064935064931,0.203,87.20064935064931,86.81894285034714,86.10836652480455,85.46047110724922
E01002361,Havering 020C,896.0,0.8861607142857143,0,0.0,,False,1.0,794.0,99.7655844155844,0.218,99.7655844155844,99.47490590686425,98.93378526449361,98.44039761290132
E01002363,Havering 020D,628.0,1.1687898089171975,0,0.0,,False,1.0,734.0,92.22662337662337,0.243,92.22662337662337,92.18290049265357,92.10150694497021,92.02729323327313
E01002367,Havering 020E,703.0,1.3129445234708392,0,0.0,,False,1.0,923.0,115.97435064935064,0.154,115.97435064935064,114.91216216896969,112.93481573440482,111.13189372895275
E01002320,Havering 021A,539.0,1.5120593692022264,0,0.0,,False,1.0,815.0,102.40422077922076,0.12,102.40422077922076,101.12656542519609,98.7481106541772,96.57946262635393
E01002321,Havering 021B,702.0,1.4045584045584043,0,0.0,,False,1.0,985.9999999999998,123.8902597402597,0.1,123.8902597402597,122.10274430070534,118.77514534212432,115.74107843160574
E01002322,Havering 021C,731.0,1.422708618331053,0,0.0,,False,1.0,1039.9999999999998,130.67532467532462,0.125,130.67532467532462,129.10869976567258,126.1923057013255,123.53317073980908
E01002323,Havering 021D,627.0,1.3620414673046253,0,0.0,,False,1.0,854.0,107.30454545454543,0.102,107.30454545454543,105.7772741327666,102.93413983173429,100.3418022897725
E01002324,Havering 021E,654.0,1.191131498470948,0,0.0,,False,1.0,779.0,97.88084415584413,0.226,97.88084415584413,97.67206782555891,97.28341445571354,96.92904473033887
E01002255,Havering 022A,632.0,1.2990506329113924,0,0.0,,False,1.0,821.0,103.15811688311686,0.108,103.15811688311686,101.75025975944871,99.12942427188673,96.73977626150405
E01002289,Havering 022B,633.0,1.2622432859399684,0,0.0,,False,1.0,799.0,100.39383116883114,0.109,100.39383116883114,99.03349638167298,96.50112741808091,94.19214217878536
E01002292,Havering 022C,649.0,1.2295839753466873,0,0.0,,False,1.0,798.0,100.2681818181818,0.191,100.2681818181818,99.7118626715054,98.67623132972487,97.73195444278531
E01002362,Havering 022D,626.0,1.2715654952076678,0,0.0,,False,1.0,796.0,100.01688311688311,0.086,100.01688311688311,98.43718093883315,95.4964425226896,92.81511065789161
E01002386,Havering 022E,915.0,1.0688524590163937,0,0.0,,False,1.0,978.0000000000002,122.88506493506493,0.157,122.88506493506493,121.79555632692293,119.76735135056633,117.91805710474272
E01002287,Havering 023A,602.0,1.2906976744186047,0,0.0,,False,1.0,777.0,97.62954545454544,0.113,97.62954545454544,96.3447739912063,93.95307202946668,91.77234536370558
E01002291,Havering 023B,752.0,1.038563829787234,0,0.0,,False,1.0,780.9999999999999,98.13214285714282,0.139,98.13214285714282,97.0897299627507,95.14919731892888,93.37984170946821
E01002364,Havering 023C,538.0,1.2862453531598512,0,0.0,,False,1.0,692.0,86.94935064935063,0.082,86.94935064935063,85.54210317549459,82.92240259845417,80.53378938658621
E01002365,Havering 023D,534.0,1.1217228464419475,0,0.0,,False,1.0,599.0,75.26396103896103,0.193,75.26396103896103,74.86106182812814,74.11103362433543,73.42716643258301
E01002366,Havering 023E,564.0,1.299645390070922,0,0.0,,False,1.0,733.0,92.10097402597401,0.129,92.10097402597401,91.0327540936489,89.04417964238338,87.23102005891596
E01002385,Havering 024A,600.0,1.5933333333333333,0,0.0,,False,1.0,956.0,120.12077922077918,0.057,120.12077922077918,117.88362402919861,113.71898571561644,109.9217158346012
E01002387,Havering 024B,606.0,1.5016501650165015,0,0.0,,False,1.0,909.9999999999999,114.34090909090907,0.038,114.34090909090907,111.99940614487349,107.64051637400533,103.66613022200686
E01002388,Havering 024C,596.0,1.5671140939597314,0,0.0,,False,1.0,933.9999999999999,117.35649350649348,0.026,117.35649350649348,114.81581495503247,110.08614431004014,105.77368437113525
E01002389,Havering 024D,617.0,1.573743922204214,0,0.0,,False,1.0,971.0,122.00551948051947,0.036,122.00551948051947,119.48324771450051,114.7878427316179,110.50662583397741
E01002390,Havering 024E,526.0,1.557034220532319,0,0.0,,False,1.0,818.9999999999999,102.90681818181814,0.017,102.90681818181814,100.58858798743553,96.2730222530764,92.33813846516634
E01002265,Havering 025A,627.0,1.2312599681020733,0,0.0,,False,1.0,772.0,97.0012987012987,0.114,97.0012987012987,95.73426026970277,93.37556972518256,91.22494249444995
E01002285,Havering 025B,545.0,1.3596330275229358,0,0.0,,False,1.0,741.0,93.10616883116882,0.072,93.10616883116882,91.50842095095275,88.53408905728946,85.82212704149656
E01002286,Havering 025C,609.0,1.4729064039408868,0,0.0,,False,1.0,897.0,112.7074675324675,0.044,112.7074675324675,110.4654035195095,106.29162705330394,102.48602510858656
E01002288,Havering 025D,610.0,1.380327868852459,0,0.0,,False,1.0,842.0,105.79675324675323,0.116,105.79675324675323,104.4354754938724,101.90135112627806,99.59076532956433
E01002290,Havering 025E,623.0,1.260032102728732,0,0.0,,False,1.0,785.0,98.63474025974024,0.06,98.63474025974024,96.82662041020829,93.46066474059337,90.39162461689833
E01002260,Havering 026A,625.0,1.3296,0,0.0,,False,1.0,830.9999999999999,104.41461038961035,0.188,104.41461038961035,103.80471880339323,102.66935820049441,101.6341493067428
E01002261,Havering 026B,656.0,1.1021341463414631,0,0.0,,False,1.0,722.9999999999998,90.84448051948048,0.164,90.84448051948048,90.10109934040155,88.71723748243149,87.45544796865366
E01002262,Havering 026C,676.0,1.257396449704142,0,0.0,,False,1.0,850.0000000000001,106.80194805194803,0.192,106.80194805194803,106.2197994121534,105.13608446085595,104.14796548525445
E01002263,Havering 026D,604.0,1.3791390728476822,0,0.0,,False,1.0,833.0000000000001,104.66590909090908,0.107,104.66590909090908,103.22726083256099,100.54910525397925,98.10719343607781
E01002264,Havering 026E,700.0,0.9128571428571428,0,0.0,,False,1.0,639.0,80.28993506493504,0.393,80.28993506493504,81.42709135315309,83.5439961902725,85.47416596101901
E01002266,Havering 027A,602.0,1.219269102990033,0,0.0,,False,1.0,733.9999999999999,92.22662337662335,0.144,92.22662337662335,91.29194011495437,89.55195455773409,87.9654555025134
E01002267,Havering 027B,752.0,0.9800531914893617,0,0.0,,False,1.0,737.0,92.60357142857141,0.296,92.60357142857141,93.03859813336072,93.84843416485965,94.58683345416718
E01002372,Havering 027C,613.0,1.3393148450244698,0,0.0,,False,1.0,821.0,103.15811688311686,0.161,103.15811688311686,102.28377418042723,100.6561172648381,99.17203818838247
E01002373,Havering 027D,626.0,1.3354632587859423,0,0.0,,False,1.0,835.9999999999999,105.0428571428571,0.182,105.0428571428571,104.3677945800351,103.11111313756119,101.96528528116028
E01002374,Havering 027E,632.0,1.259493670886076,0,0.0,,False,1.0,796.0,100.01688311688311,0.244,100.01688311688311,99.97922680323288,99.9091266478363,99.84521012287094
E01002368,Havering 028A,983.0,0.9664292980671414,0,0.0,,False,1.0,950.0,119.3668831168831,0.417,119.3668831168831,121.33704265774561,125.00464781031813,128.34872850416863
E01002369,Havering 028B,741.0,1.2968960863697705,0,0.0,,False,1.0,960.9999999999999,120.74902597402594,0.237,120.74902597402594,120.62108403424922,120.38291016669031,120.16574594122163
E01002370,Havering 028C,866.0,1.172055427251732,1,0.0,0.0,True,1.0,1015.0,127.53409090909088,0.4,127.53409090909088,129.42748667867428,132.95219010312033,136.16597462541853
E01002371,Havering 028D,655.0,1.3083969465648857,1,0.0076651234567901,0.0076651234567901,True,1.0076651234567902,857.0000000000001,108.50688544823232,0.177,108.50688544823232,107.75661990461496,106.35994226684149,105.08646747069696
E01002375,Havering 028E,694.0,1.0979827089337175,0,0.0,,False,1.0,762.0,95.74480519480518,0.305,95.74480519480518,96.2786747508989,97.27251443449819,98.17868616249237
E01002343,Havering 029A,635.0,1.5606299212598425,0,0.0,,False,1.0,991.0,124.51850649350646,0.145,124.51850649350646,123.26870743500893,120.94210932376198,118.82074360894049
E01002344,Havering 029B,741.0,1.3360323886639676,0,0.0,,False,1.0,990.0,124.39285714285712,0.26,124.39285714285712,124.54023808165653,124.8145991571535,125.06475846753342
E01002348,Havering 029C,646.0,1.430340557275542,0,0.0,,False,1.0,924.0000000000002,116.1,0.128,116.1,114.7421016119184,112.21426819462181,109.90941841488959
E01002349,Havering 029D,596.0,1.395973154362416,0,0.0,,False,1.0,832.0,104.54025974025973,0.158,104.54025974025973,103.62359879266788,101.91716317422139,100.36125457186186
E01002342,Havering 030A,614.0,1.1254071661237786,0,0.0,,False,1.0,691.0,86.82370129870128,0.272,86.82370129870128,87.02823871976787,87.40900103055475,87.75617577796596
E01002345,Havering 030B,787.0,0.8462515883100381,0,0.0,,False,1.0,666.0,83.68246753246751,0.347,83.68246753246751,84.49204360613733,85.99913240661641,87.37327884603488
E01002346,Havering 030C,551.0,1.1851179673321235,0,0.0,,False,1.0,653.0,82.04902597402595,0.319,82.04902597402595,82.61861874567239,83.67895997227372,84.64576705135208
E01002347,Havering 030D,546.0,1.3736263736263736,0,0.0,,False,1.0,750.0,94.23701298701297,0.216,94.23701298701297,93.94405105456636,93.39867964140737,92.90141618532252
E01002473,Hillingdon 001A,683.0,1.5446559297218154,0,0.0,,False,1.0,1055.0,132.5600649350649,0.123,132.5600649350649,130.94497368973776,127.93835577358492,125.19695572943372
E01002475,Hillingdon 001B,711.0,1.0984528832630098,0,0.0,,False,1.0,781.0,98.13214285714284,0.207,98.13214285714284,97.74088901566193,97.0125395722707,96.34843882786178
E01002476,Hillingdon 001C,632.0,1.4493670886075949,0,0.0,,False,1.0,916.0,115.09480519480516,0.075,115.09480519480516,113.1534147699395,109.53936556340913,106.2441165724684
E01002477,Hillingdon 001D,564.0,1.1666666666666667,0,0.0,,False,1.0,658.0,82.67727272727271,0.129,82.67727272727271,81.71835224232058,79.9332472096702,78.30560872955893
E01002482,Hillingdon 001E,622.0,1.5289389067524115,0,0.0,,False,1.0,951.0,119.49253246753244,0.044,119.49253246753244,117.11549470128598,112.69045409999114,108.65575237264864
E01002472,Hillingdon 002A,801.0,0.9588014981273408,1,0.2024533179004628,0.0506133294751157,True,1.0506133294751157,768.0,101.38282186145321,0.161,101.38282186145321,100.52352612059471,98.92388029425895,97.46534141062375
E01002474,Hillingdon 002B,691.0,1.2257597684515196,0,0.0,,False,1.0,847.0,106.42499999999998,0.157,106.42499999999998,105.48142761646596,103.72489426782175,102.12330712445507
E01002478,Hillingdon 002C,667.0,1.1349325337331335,0,0.0,,False,1.0,757.0000000000001,95.11655844155844,0.139,95.11655844155844,94.10617872189795,92.22527832321279,90.51029471711583
E01002483,Hillingdon 002D,726.0,1.1542699724517906,0,0.0,,False,1.0,838.0,105.29415584415582,0.244,105.29415584415582,105.25451263958436,105.18071373226988,105.11342472734401
E01002484,Hillingdon 002E,580.0,1.1551724137931034,0,0.0,,False,1.0,670.0,84.18506493506491,0.298,84.18506493506491,84.59697354465536,85.3637734446581,86.0629328783957
E01002485,Hillingdon 002F,836.0,1.0239234449760766,0,0.0,,False,1.0,856.0,107.55584415584414,0.253,107.55584415584414,107.60980844112157,107.7102671535422,107.80186426576117
E01002438,Hillingdon 003A,562.0,1.6316725978647686,0,0.0,,False,1.0,917.0,115.22045454545453,0.144,115.22045454545453,114.05273717358743,111.87894050332723,109.89689740572862
E01002439,Hillingdon 003B,622.0,1.2861736334405145,0,0.0,,False,1.0,800.0,100.51948051948051,0.194,100.51948051948051,99.99119357350557,99.00774635265444,98.11105035407826
E01002440,Hillingdon 003C,633.0,1.3996840442338072,1,0.0,0.0,True,1.0,886.0,111.32532467532465,0.242,111.32532467532465,111.26168418404718,111.1432124618945,111.03519129212927
E01002441,Hillingdon 003D,708.0,1.3149717514124293,0,0.0,,False,1.0,930.9999999999999,116.97954545454542,0.219,116.97954545454542,116.65012711347913,116.0368892614229,115.47774595768934
E01002442,Hillingdon 003E,653.0,1.4180704441041347,0,0.0,,False,1.0,926.0,116.35129870129867,0.265,116.35129870129867,116.54592057603294,116.90822432645216,117.23856876831141
E01002433,Hillingdon 004A,1014.0,1.1785009861932938,0,0.0,,False,1.0,1195.0,150.150974025974,0.197,150.150974025974,149.40580121131282,148.01860408441817,146.75377351034203
E01002436,Hillingdon 004B,675.0,1.357037037037037,0,0.0,,False,1.0,916.0,115.09480519480516,0.139,115.09480519480516,113.87220569254755,111.5962416698321,109.52104354145057
E01002479,Hillingdon 004C,657.0,1.2968036529680365,0,0.0,,False,1.0,852.0,107.05324675324674,0.23,107.05324675324674,106.86669162484445,106.51940474985992,106.20275252434737
E01002480,Hillingdon 004D,696.0,1.4439655172413792,0,0.0,,False,1.0,1004.9999999999999,126.27759740259735,0.076,126.27759740259735,124.15990077237528,120.2176438578983,116.62313880910538
E01002481,Hillingdon 004E,652.0,1.1549079754601228,0,0.0,,False,1.0,753.0000000000001,94.61396103896104,0.295,94.61396103896104,95.04919945469733,95.85942960258323,96.59818824273304
E01002533,Hillingdon 005A,585.0,1.3504273504273503,0,0.0,,False,1.0,789.9999999999999,99.26298701298698,0.212,99.26298701298698,98.9156555731784,98.26907109518493,97.6795227169238
E01002534,Hillingdon 005B,598.0,1.3277591973244147,0,0.0,,False,1.0,794.0,99.7655844155844,0.129,99.7655844155844,98.60846759939595,96.45440468765676,94.490354606793
E01002538,Hillingdon 005C,761.0,1.269382391590013,0,0.0,,False,1.0,966.0,121.37727272727271,0.182,121.37727272727271,120.59723632094969,119.14513790775614,117.82113107846992
E01002539,Hillingdon 005D,695.0,1.38705035971223,0,0.0,,False,1.0,963.9999999999998,121.12597402597397,0.097,121.12597402597397,119.3428833844988,116.02352153154182,112.99696512031221
E01002418,Hillingdon 006A,660.0,1.343939393939394,0,0.0,,False,1.0,887.0,111.450974025974,0.171,111.450974025974,110.615098497234,109.05905121652799,107.64026499127753
E01002419,Hillingdon 006B,644.0,1.279503105590062,0,0.0,,False,1.0,824.0,103.53506493506492,0.1,103.53506493506492,102.04123864480854,99.26036487009175,96.72479576840077
E01002431,Hillingdon 006C,487.0,1.457905544147844,0,0.0,,False,1.0,710.0,89.21103896103895,0.03,89.21103896103895,87.31450936764335,83.78397208653621,80.56486832003931
E01002432,Hillingdon 006D,634.0,1.1466876971608833,0,0.0,,False,1.0,727.0,91.3470779220779,0.147,91.3470779220779,90.44804985106339,88.77443920320864,87.24846003596157
E01002437,Hillingdon 006E,590.0,1.4220338983050846,0,0.0,,False,1.0,838.9999999999999,105.41980519480515,0.049,105.41980519480515,103.37414803324403,99.56599819028565,96.09377044510585
E01002430,Hillingdon 007A,526.0,1.720532319391635,0,0.0,,False,1.0,905.0000000000001,113.71266233766234,0.031,113.71266233766234,111.3063511349728,106.82681575591735,102.7424263095746
E01002434,Hillingdon 007B,492.0,1.636178861788618,0,0.0,,False,1.0,805.0,101.14772727272725,0.067,101.14772727272725,99.36263160831207,96.03953724927463,93.00957758142275
E01002435,Hillingdon 007C,573.0,1.4956369982547992,0,0.0,,False,1.0,857.0,107.68149350649348,0.042,107.68149350649348,105.51839463733903,101.49161792535682,97.82004868581062
E01002470,Hillingdon 007D,714.0,1.0798319327731092,1,0.0618804012345678,0.0154701003086419,True,1.015470100308642,771.0,98.37432536356869,0.189,98.37432536356869,97.80931492135271,96.75750405723285,95.79847486571308
E01002535,Hillingdon 007E,1000.0,0.99,0,0.0,,False,1.0,990.0,124.39285714285712,0.122,124.39285714285712,122.86513546418396,120.02116278878042,117.42806082659555
E01002416,Hillingdon 008A,593.0,1.4856661045531196,0,0.0,,False,1.0,881.0,110.6970779220779,0.123,110.6970779220779,109.34836191531657,106.83762221471879,104.54835829159349
E01002417,Hillingdon 008B,751.0,1.2023968042609854,0,0.0,,False,1.0,903.0,113.46136363636361,0.098,113.46136363636361,111.8021751340064,108.7134667456134,105.89721754187507
E01002420,Hillingdon 008C,672.0,1.2038690476190477,0,0.0,,False,1.0,809.0,101.65032467532465,0.201,101.65032467532465,101.18552874306627,100.32027498026727,99.5313464334121
E01002421,Hillingdon 008D,627.0,1.40829346092504,0,0.0,,False,1.0,883.0,110.94837662337659,0.137,110.94837662337659,109.74816974836111,107.51389134213987,105.47670168509877
E01002471,Hillingdon 008E,632.0,1.3148734177215189,0,0.0,,False,1.0,830.9999999999999,104.41461038961035,0.075,104.41461038961035,102.6533708229473,99.37468644453382,96.38521929227208
E01002465,Hillingdon 009A,641.0,1.1684867394695788,0,0.0,,False,1.0,749.0,94.11136363636362,0.202,94.11136363636362,93.69022310560634,92.90623726662886,92.19140788906138
E01002467,Hillingdon 009B,626.0,1.218849840255591,0,0.0,,False,1.0,762.9999999999999,95.8704545454545,0.089,95.8704545454545,94.38430804245674,91.617730788776,89.09519709247823
E01002494,Hillingdon 009C,637.0,1.3186813186813189,0,0.0,,False,1.0,840.0000000000001,105.54545454545453,0.178,105.54545454545453,104.82596494022921,103.48657910440416,102.26534232212468
E01002536,Hillingdon 009D,586.0,1.0972696245733788,0,0.0,,False,1.0,643.0,80.79253246753245,0.131,80.79253246753245,79.8712395632134,78.15618119721428,76.5924104716384
E01002537,Hillingdon 009E,1036.0,1.1283783783783785,0,0.0,,False,1.0,1169.0000000000002,146.8840909090909,0.106,146.8840909090909,144.85081440488858,141.06571211812025,137.6144988727269
E01002415,Hillingdon 010A,641.0,1.357254290171607,0,0.0,,False,1.0,870.0,109.31493506493504,0.087,109.31493506493504,107.59904325229017,104.40477724347839,101.49228180116019
E01002466,Hillingdon 010B,631.0,1.375594294770206,0,0.0,,False,1.0,868.0,109.06363636363635,0.095,109.06363636363635,107.43682975771281,104.40840278701569,101.64711749480239
E01002468,Hillingdon 010C,636.0,1.3742138364779874,0,0.0,,False,1.0,874.0,109.81753246753244,0.104,109.81753246753244,108.27592595687364,105.40610558727226,102.7894359912905
E01002469,Hillingdon 010D,644.0,1.3726708074534162,0,0.0,,False,1.0,884.0,111.07402597402596,0.071,111.07402597402596,109.15710202855071,105.5885990755173,102.33487864085788
E01002495,Hillingdon 010E,700.0,1.2785714285714285,0,0.0,,False,1.0,894.9999999999999,112.45616883116878,0.185,112.45616883116878,111.76638517250437,110.48229926564912,109.31148433009146
E01002458,Hillingdon 011A,532.0,1.6296992481203008,0,0.0,,False,1.0,867.0,108.93798701298698,0.038,108.93798701298698,106.70712651385199,102.55420625962925,98.76762077195598
E01002459,Hillingdon 011B,631.0,1.5578446909667194,0,0.0,,False,1.0,983.0,123.51331168831166,0.041,123.51331168831166,121.0201316831166,116.3788832747054,112.14704572614987
E01002460,Hillingdon 011C,616.0,1.2646103896103895,0,0.0,,False,1.0,779.0,97.88084415584413,0.096,97.88084415584413,96.43039279941746,93.7302648361473,91.26831884761468
E01002462,Hillingdon 011D,524.0,1.6354961832061068,0,0.0,,False,1.0,857.0,107.68149350649348,0.071,107.68149350649348,105.82311814306328,102.36360792728317,99.20926583169138
E01002464,Hillingdon 011E,622.0,1.4260450160771705,0,0.0,,False,1.0,887.0,111.450974025974,0.132,111.450974025974,110.19095250948531,107.84532449795731,105.70660753634442
E01002461,Hillingdon 013A,527.0,1.7077798861480076,0,0.0,,False,1.0,900.0,113.08441558441557,0.103,113.08441558441557,111.48591399423852,108.51017901088676,105.79693767386277
E01002463,Hillingdon 013B,522.0,1.6417624521072798,0,0.0,,False,1.0,857.0,107.68149350649348,0.08,107.68149350649348,105.91768750690873,102.63422551408787,99.64040218730955
E01002512,Hillingdon 013C,768.0,1.4752604166666667,0,0.0,,False,1.0,1133.0,142.36071428571424,0.142,142.36071428571424,140.89015675361546,138.15259958120558,135.65652606518202
E01002513,Hillingdon 013D,580.0,1.3758620689655172,0,0.0,,False,1.0,798.0,100.2681818181818,0.141,100.2681818181818,99.222647370399,97.27630371225976,95.50164968598968
E01002516,Hillingdon 013E,496.0,1.7137096774193548,0,0.0,,False,1.0,850.0,106.80194805194803,0.102,106.80194805194803,105.28183022582158,102.45201271308449,99.87181726733797
E01002450,Hillingdon 014A,494.0,1.55668016194332,0,0.0,,False,1.0,769.0,96.62435064935063,0.154,96.62435064935063,95.73938538238102,94.09195373754854,92.58984428771902
E01002451,Hillingdon 014B,502.0,1.4760956175298805,0,0.0,,False,1.0,741.0,93.10616883116882,0.166,93.10616883116882,92.36245109088419,90.97796269806429,89.71560191693123
E01002452,Hillingdon 014C,512.0,1.482421875,0,0.0,,False,1.0,759.0,95.36785714285712,0.174,95.36785714285712,94.68052238981089,93.40099531115054,92.23433706332752
E01002453,Hillingdon 014D,621.0,1.355877616747182,0,0.0,,False,1.0,842.0,105.79675324675323,0.214,105.79675324675323,105.44720706745876,104.7964996797305,104.20319207923225
E01002454,Hillingdon 014E,652.0,1.25920245398773,0,0.0,,False,1.0,821.0,103.15811688311686,0.267,103.15811688311686,103.35080302238424,103.70950325074085,104.03656204213931
E01002414,Hillingdon 015A,531.0,1.0207156308851224,0,0.0,,False,1.0,542.0,68.10194805194804,0.114,68.10194805194804,67.21239516344417,65.55642330446754,64.04652698444542
E01002514,Hillingdon 015C,883.0,0.9026047565118912,0,0.0,,False,1.0,796.9999999999999,100.14253246753243,0.256,100.14253246753243,100.22209338679967,100.37020222336632,100.50524617721287
E01034601,Hillingdon 015G,595.0,1.1058823529411763,0,0.0,,False,1.0,657.9999999999999,82.6772727272727,0.247,82.6772727272727,82.67034805282444,82.65745723299004,82.64570352997599
E01034602,Hillingdon 015H,627.0,0.7559808612440191,0,0.0,,False,1.0,473.99999999999994,59.55779220779219,0.234,59.55779220779219,59.477251418090944,59.32731847653267,59.19061132448673
E01034603,Hillingdon 015I,518.0,1.2316602316602316,0,0.0,,False,1.0,638.0,80.1642857142857,0.073,80.1642857142857,78.7964494860283,76.25011600664108,73.92839808055759
E01034604,Hillingdon 015J,609.0,0.8029556650246306,0,0.0,,False,1.0,489.0,61.44253246753245,0.192,61.44253246753245,61.10762577946236,60.48417094277478,59.915711908575794
E01034605,Hillingdon 015K,577.0,1.1889081455805892,0,0.0,,False,1.0,686.0,86.19545454545454,0.23,86.19545454545454,86.04524701249213,85.76562401221116,85.51066693861773
E01002520,Hillingdon 016B,784.0,0.9872448979591836,0,0.0,,False,1.0,773.9999999999999,97.25259740259737,0.339,97.25259740259737,98.11753575337339,99.72768573674728,101.19580219138463
E01002521,Hillingdon 016C,1015.0,0.5399014778325123,0,0.0,,False,1.0,548.0,68.85584415584414,0.429,68.85584415584414,70.07294370001875,72.33866912317625,74.40453181284795
E01002523,Hillingdon 016D,547.0,1.1352833638025597,0,0.0,,False,1.0,621.0000000000001,78.02824675324675,0.202,78.02824675324675,77.67907683388724,77.02906988327975,76.43640093338736
E01034606,Hillingdon 016G,483.0,1.0869565217391304,0,0.0,,False,1.0,525.0,65.96590909090908,0.098,65.96590909090908,65.00126461279442,63.205503921868264,61.5681497336483
E01034607,Hillingdon 016H,578.0,1.0536332179930796,1,0.0,0.0,True,1.0,609.0,76.52045454545453,0.298,76.52045454545453,76.89486102790315,77.59184780268176,78.22735242230296
E01002410,Hillingdon 017A,681.0,1.2951541850220265,0,0.0,,False,1.0,882.0,110.82272727272725,0.241,110.82272727272725,110.74855986446566,110.61049146794684,110.48460227322107
E01002412,Hillingdon 017B,794.0,1.256926952141058,0,0.0,,False,1.0,998.0,125.39805194805193,0.197,125.39805194805193,124.77572352208384,123.61721077510406,122.5608920195158
E01002456,Hillingdon 017C,636.0,1.2374213836477987,0,0.0,,False,1.0,787.0,98.88603896103893,0.285,98.88603896103893,99.24443522979915,99.91161774710547,100.51994718350453
E01002509,Hillingdon 017D,508.0,1.6811023622047243,0,0.0,,False,1.0,854.0,107.30454545454543,0.09,107.30454545454543,105.65162304490349,102.5745794752485,99.76896612065867
E01002511,Hillingdon 017E,642.0,1.1510903426791277,0,0.0,,False,1.0,739.0,92.85487012987011,0.305,92.85487012987011,93.37262551301087,94.33646741088472,95.21528749879509
E01002422,Hillingdon 018A,495.0,1.4383838383838383,0,0.0,,False,1.0,712.0,89.46233766233765,0.303,89.46233766233765,89.94371669365967,90.83984118459509,91.65691731050299
E01002423,Hillingdon 018B,604.0,1.4387417218543046,0,0.0,,False,1.0,869.0,109.1892857142857,0.293,109.1892857142857,109.67026313123756,110.5656399858,111.38203442536029
E01002424,Hillingdon 018C,532.0,1.4473684210526316,0,0.0,,False,1.0,770.0,96.74999999999999,0.281,96.74999999999999,97.06289055688299,97.6453606537529,98.17645026799934
E01002425,Hillingdon 018D,601.0,1.1846921797004992,0,0.0,,False,1.0,712.0,89.46233766233765,0.396,89.46233766233765,90.7555933948642,93.1630894832936,95.35821705426191
E01002427,Hillingdon 018E,517.0,1.3887814313346227,0,0.0,,False,1.0,718.0,90.21623376623376,0.205,90.21623376623376,89.83893388756306,89.13656083077399,88.49614506043366
E01002428,Hillingdon 018F,512.0,1.55078125,0,0.0,,False,1.0,794.0,99.7655844155844,0.194,99.7655844155844,99.24125962170426,98.26518825500952,97.37521747642268
E01002408,Hillingdon 019A,660.0,1.0242424242424242,0,0.0,,False,1.0,676.0,84.93896103896103,0.429,84.93896103896103,86.44034660805234,89.23529256800575,91.78369252825769
E01002409,Hillingdon 019B,700.0,1.1585714285714286,0,0.0,,False,1.0,811.0,101.90162337662336,0.329,101.90162337662336,102.70847191475613,104.2104831957846,105.58000001067671
E01002429,Hillingdon 019C,524.0,1.286259541984733,0,0.0,,False,1.0,674.0,84.68766233766232,0.386,84.68766233766232,85.82925661789838,87.95442312218468,89.89212578715582
E01002455,Hillingdon 019D,697.0,1.1606886657101865,0,0.0,,False,1.0,809.0,101.65032467532465,0.32,101.65032467532465,102.36591085466561,103.69803015974058,104.91264140187009
E01002457,Hillingdon 019E,526.0,1.2623574144486691,0,0.0,,False,1.0,664.0,83.43116883116882,0.378,83.43116883116882,84.49069489227465,86.46308502637281,88.26148793339036
E01002392,Hillingdon 020A,611.0,1.0360065466448445,0,0.0,,False,1.0,633.0,79.53603896103894,0.461,79.53603896103894,81.19028172093333,84.26978322523199,87.07763769669421
E01002393,Hillingdon 020B,720.0,1.165277777777778,0,0.0,,False,1.0,839.0000000000002,105.4198051948052,0.306,105.4198051948052,106.01790920794244,107.13132632714492,108.1465274018615
E01002540,Hillingdon 020C,644.0,1.0046583850931676,0,0.0,,False,1.0,647.0,81.29512987012986,0.407,81.29512987012986,82.55758331286768,84.90773854417509,87.05058337332859
E01002542,Hillingdon 020D,702.0,0.9586894586894588,0,0.0,,False,1.0,673.0,84.56201298701296,0.481,84.56201298701296,86.48582278729553,90.0671442943837,93.33255254094065
E01002543,Hillingdon 020E,641.0,1.1029641185647423,0,0.0,,False,1.0,706.9999999999998,88.83409090909086,0.443,88.83409090909086,90.52568672541439,93.67472384821627,96.5459801063208
E01002394,Hillingdon 021A,517.0,1.3423597678916828,0,0.0,,False,1.0,694.0,87.20064935064934,0.34,87.20064935064934,87.98469754705378,89.44426421937474,90.77508052245267
E01002395,Hillingdon 021B,435.0,1.3586206896551725,0,0.0,,False,1.0,591.0,74.25876623376622,0.301,74.25876623376622,74.64384533002286,75.36070000513229,76.01431995046596
E01002397,Hillingdon 021C,576.0,1.0763888888888888,0,0.0,,False,1.0,620.0,77.9025974025974,0.431,77.9025974025974,79.29481151933079,81.88652633334038,84.24962244454981
E01002398,Hillingdon 021D,508.0,1.4153543307086611,0,0.0,,False,1.0,718.9999999999999,90.34188311688308,0.266,90.34188311688308,90.50181449004464,90.79953917482244,91.07100115860493
E01002399,Hillingdon 021E,493.0,1.3630831643002028,0,0.0,,False,1.0,672.0,84.43636363636362,0.3,84.43636363636362,84.8659806550883,85.66574613540956,86.39496321061038
E01002426,Hillingdon 021F,653.0,1.0551301684532923,0,0.0,,False,1.0,688.9999999999999,86.57240259740257,0.336,86.57240259740257,87.3170106188069,88.70315633914473,89.96702825267225
E01002411,Hillingdon 022A,713.0,1.220196353436185,0,0.0,,False,1.0,869.9999999999999,109.31493506493504,0.237,109.31493506493504,109.1991083348562,108.98348787202973,108.78688758466475
E01002413,Hillingdon 022B,600.0,1.04,0,0.0,,False,1.0,624.0,78.4051948051948,0.407,78.4051948051948,79.62276968659883,81.88937998696329,83.95604949761521
E01002518,Hillingdon 022C,487.0,1.326488706365503,0,0.0,,False,1.0,646.0,81.1694805194805,0.198,81.1694805194805,80.77457132534404,80.03941715880427,79.3691119451678
E01002519,Hillingdon 022D,957.0,0.9237199582027168,0,0.0,,False,1.0,884.0,111.07402597402596,0.279,111.07402597402596,111.41156307729845,112.03991463638313,112.61283844640998
E01002550,Hillingdon 022E,795.0,0.9710691823899372,0,0.0,,False,1.0,772.0000000000001,97.0012987012987,0.339,97.0012987012987,97.86400206925617,99.46999145835777,100.93431433042498
E01034608,Hillingdon 022G,944.0,0.940677966101695,0,0.0,,False,1.0,888.0,111.57662337662336,0.305,111.57662337662336,112.1987705758507,113.35694595516325,114.41295710274701
E01034609,Hillingdon 022H,850.0,0.6423529411764706,1,0.0002507716049382,0.0002507716049382,True,1.0002507716049382,546.0,68.62174952651515,0.304,68.62174952651515,68.99768570540466,69.6975201290321,70.33562120250863
E01002541,Hillingdon 023A,802.0,1.2082294264339153,0,0.0,,False,1.0,969.0000000000001,121.75422077922077,0.287,121.75422077922077,122.21926091740748,123.08496928852749,123.8743123420829
E01002544,Hillingdon 023B,557.0,1.4057450628366248,0,0.0,,False,1.0,783.0,98.38344155844153,0.221,98.38344155844153,98.12559125344424,97.64558286448583,97.20791667098183
E01002545,Hillingdon 023C,493.0,1.079107505070994,0,0.0,,False,1.0,532.0,66.84545454545453,0.52,66.84545454545453,68.62059956852366,71.92517003509691,74.93823982833379
E01002546,Hillingdon 023D,457.0,1.3719912472647702,0,0.0,,False,1.0,627.0,78.78214285714283,0.3,78.78214285714283,79.1829908790779,79.9292006352705,80.60958620989985
E01002547,Hillingdon 023E,509.0,1.1414538310412574,0,0.0,,False,1.0,581.0,73.00227272727271,0.345,73.00227272727271,73.69427720447182,74.98249733768375,76.15708181384579
E01002400,Hillingdon 024A,636.0,1.3176100628930818,0,0.0,,False,1.0,838.0,105.29415584415582,0.363,105.29415584415582,106.47720758336712,108.6795503705871,110.68762149318803
E01002401,Hillingdon 024B,760.0,1.0710526315789477,0,0.0,,False,1.0,814.0000000000002,102.27857142857144,0.38,102.27857142857144,103.5974092216613,106.05252830467023,108.29107798083575
E01002402,Hillingdon 024C,512.0,1.259765625,0,0.0,,False,1.0,645.0,81.04383116883115,0.394,81.04383116883115,82.1995733485317,84.35107726757953,86.3127940879916
E01002403,Hillingdon 024D,733.0,1.1759890859481583,0,0.0,,False,1.0,862.0,108.30974025974024,0.445,108.30974025974024,110.3933331551009,114.27210331578685,117.8087218640336
E01002404,Hillingdon 024E,679.0,1.0456553755522828,0,0.0,,False,1.0,710.0,89.21103896103895,0.429,89.21103896103895,90.78793800549876,93.72345817053859,96.40003209328842
E01002548,Hillingdon 025A,735.0,1.0693877551020408,0,0.0,,False,1.0,786.0,98.7603896103896,0.333,98.7603896103896,99.58091481647241,101.10838627816304,102.50111739641451
E01002549,Hillingdon 025B,715.0,1.193006993006993,0,0.0,,False,1.0,853.0000000000001,107.1788961038961,0.322,107.1788961038961,107.95431900579544,109.39782902183387,110.71400504820578
E01002551,Hillingdon 025C,685.0,1.3051094890510948,0,0.0,,False,1.0,893.9999999999999,112.33051948051946,0.281,112.33051948051946,112.69379760760181,113.3700680837079,113.98668381765118
E01002552,Hillingdon 025D,568.0,1.3098591549295775,0,0.0,,False,1.0,744.0,93.48311688311686,0.34,93.48311688311686,94.32365270174064,95.8883754743729,97.3150719145602
E01002553,Hillingdon 025E,626.0,1.1677316293929711,0,0.0,,False,1.0,730.9999999999999,91.84967532467529,0.375,91.84967532467529,92.9892229449508,95.11057943260582,97.0448081677154
E01002396,Hillingdon 026A,576.0,1.1649305555555556,0,0.0,,False,1.0,671.0,84.31071428571427,0.347,84.31071428571427,85.12636825783507,86.64477153879821,88.02923439292704
E01002501,Hillingdon 026B,512.0,1.328125,0,0.0,,False,1.0,680.0,85.44155844155843,0.294,85.44155844155843,85.82626492533022,86.5424259533309,87.19541343911449
E01002502,Hillingdon 026C,567.0,1.2328042328042328,0,0.0,,False,1.0,699.0,87.82889610389608,0.349,87.82889610389608,88.69572723443373,90.3094007744854,91.78072996805443
E01002505,Hillingdon 026D,659.0,0.9408194233687404,0,0.0,,False,1.0,619.9999999999999,77.90259740259737,0.455,77.90259740259737,79.47725572184866,82.40860460271082,85.08137519595628
E01002508,Hillingdon 026E,706.0,0.9461756373937678,0,0.0,,False,1.0,668.0,83.93376623376622,0.405,83.93376623376622,85.22081501132938,87.61675637054348,89.80134847073889
E01002405,Hillingdon 027A,644.0,1.1630434782608696,0,0.0,,False,1.0,749.0,94.11136363636362,0.352,94.11136363636362,95.06775040082697,96.84813871580697,98.4714765463544
E01002503,Hillingdon 027C,550.0,1.1163636363636364,1,0.1976670524683641,0.0658890174894547,True,1.0658890174894546,614.0,82.23195342786012,0.422,82.23195342786012,83.62931964351425,86.23062549020733,88.60246659601047
E01002506,Hillingdon 027E,651.0,0.7188940092165899,0,0.0,,False,1.0,468.0,58.80389610389609,0.518,58.80389610389609,60.35401351712644,63.23967759353269,65.87079330130715
E01002507,Hillingdon 027F,548.0,1.302919708029197,1,0.2381932870358794,0.0595483217589698,True,1.0595483217589698,714.0,95.05593284798539,0.346,95.05593284798539,95.96626447071831,97.66091755887551,99.20608298403197
E01034610,Hillingdon 027G,566.0,1.1713780918727916,0,0.0,,False,1.0,663.0000000000001,83.30551948051948,0.378,83.30551948051948,84.36344986984653,86.33286953687528,88.12856400577982
E01034611,Hillingdon 027H,430.0,1.058139534883721,0,0.0,,False,1.0,455.00000000000006,57.17045454545454,0.441,57.17045454545454,58.24794777638097,60.2537851939323,62.082684953856415
E01034612,Hillingdon 027I,619.0,1.0953150242326333,0,0.0,,False,1.0,678.0,85.19025974025972,0.359,85.19025974025972,86.11417855191117,87.83412524855689,89.402353098458
E01034613,Hillingdon 027J,447.0,0.6442953020134228,1,0.0,0.0,True,1.0,288.0,36.18701298701298,0.222,36.18701298701298,36.09570267363297,35.92572142648538,35.770734457262655
E01002486,Hillingdon 028A,689.0,1.2264150943396226,0,0.0,,False,1.0,845.0,106.17370129870129,0.41,106.17370129870129,107.8535823412869,110.98081150202718,113.83218350818294
E01002487,Hillingdon 028B,626.0,1.1916932907348243,0,0.0,,False,1.0,746.0,93.73441558441557,0.329,93.73441558441557,94.47659685377074,95.8582249865047,97.11797781499978
E01002526,Hillingdon 028C,997.0,1.1344032096288867,1,0.0,0.0,True,1.0,1131.0,142.10941558441556,0.279,142.10941558441556,142.5412645253671,143.34518490243136,144.07819036525981
E01002528,Hillingdon 028D,580.0,1.3362068965517242,0,0.0,,False,1.0,775.0,97.37824675324673,0.397,97.37824675324673,98.79543612387144,101.43364431466529,103.83913255840493
E01034614,Hillingdon 028F,757.0,0.8771466314398944,0,0.0,,False,1.0,664.0,83.43116883116882,0.357,83.43116883116882,84.31972701862485,85.97384716426922,87.48205511312072
E01034615,Hillingdon 028G,698.0,1.310888252148997,1,0.0,0.0,True,1.0,915.0,114.96915584415584,0.31,114.96915584415584,115.66631391685068,116.96412786873692,118.1474598797274
E01002445,Hillingdon 029A,627.0,0.9808612440191388,0,0.0,,False,1.0,615.0,77.27435064935064,0.427,77.27435064935064,78.62517508650058,81.13983979418364,83.43268249415964
E01002525,Hillingdon 029B,687.0,1.2925764192139737,0,0.0,,False,1.0,887.9999999999999,111.57662337662335,0.2,111.57662337662335,111.05555166168627,110.08553615435002,109.20108703949822
E01002529,Hillingdon 029C,907.0,0.9691289966923924,1,0.121150077159722,0.0302875192899305,True,1.0302875192899306,878.9999999999999,113.79090788941994,0.329,113.79090788941994,114.69189478875565,116.36915194781666,117.89845596253708
E01002530,Hillingdon 029D,618.0,1.0598705501618122,0,0.0,,False,1.0,654.9999999999999,82.30032467532465,0.454,82.30032467532465,83.95584401846855,87.0377219817323,89.8477432814692
E01002531,Hillingdon 029E,651.0,1.241167434715822,0,0.0,,False,1.0,808.0000000000001,101.52467532467531,0.185,101.52467532467531,100.90194326188106,99.7426791135693,98.68567523878652
E01002488,Hillingdon 030B,525.0,1.3733333333333333,0,0.0,,False,1.0,721.0,90.59318181818179,0.285,90.59318181818179,90.92152198308156,91.53275272638251,92.09006597116488
E01002489,Hillingdon 030C,554.0,1.2653429602888089,0,0.0,,False,1.0,701.0000000000001,88.08019480519481,0.241,88.08019480519481,88.02124769273294,87.91151306012557,87.81145826930612
E01002490,Hillingdon 030D,678.0,1.2595870206489677,0,0.0,,False,1.0,854.0000000000001,107.30454545454545,0.265,107.30454545454545,107.4840347429073,107.81816800733279,108.12282692023538
E01002492,Hillingdon 030E,499.0,1.4268537074148298,0,0.0,,False,1.0,712.0,89.46233766233765,0.267,89.46233766233765,89.62944184158049,89.94051926251827,90.2241561193705
E01034616,Hillingdon 030F,700.0,0.4942857142857143,1,0.0,0.0,True,1.0,346.0,43.47467532467532,0.382,43.47467532467532,44.04374703273085,45.103118258948385,46.06904090270134
E01034617,Hillingdon 030G,732.0,0.96448087431694,0,0.0,,False,1.0,706.0,88.70844155844155,0.375,88.70844155844155,89.80901696188137,91.85782363805708,93.72590227962667
E01002444,Hillingdon 031A,665.0,1.166917293233083,0,0.0,,False,1.0,776.0000000000001,97.5038961038961,0.353,97.5038961038961,98.50427332298487,100.3665532892256,102.06455899665075
E01002446,Hillingdon 031B,630.0,1.3714285714285714,0,0.0,,False,1.0,864.0,108.56103896103895,0.245,108.56103896103895,108.53075931071311,108.47439138758313,108.4229957559244
E01002447,Hillingdon 031C,717.0,1.0306834030683405,0,0.0,,False,1.0,739.0000000000001,92.85487012987012,0.292,92.85487012987012,93.25483374865676,93.99939711963192,94.67828153893203
E01002527,Hillingdon 031D,628.0,1.1656050955414012,0,0.0,,False,1.0,732.0,91.97532467532466,0.367,91.97532467532466,93.04463056263751,95.03522660353877,96.85022944945965
E01002443,Hillingdon 032A,685.0,1.0613138686131387,0,0.0,,False,1.0,727.0,91.3470779220779,0.287,91.3470779220779,91.69597800511374,92.34548263442669,92.93769357347188
E01002448,Hillingdon 032B,761.0,0.9526938239159002,0,0.0,,False,1.0,725.0,91.09577922077919,0.322,91.09577922077919,91.75484323470302,92.98174213461846,94.10041460720888
E01002449,Hillingdon 032C,736.0,0.84375,0,0.0,,False,1.0,621.0,78.02824675324673,0.373,78.02824675324673,78.98108841383183,80.75487724233334,82.37219773611633
E01002491,Hillingdon 032D,525.0,1.1504761904761904,0,0.0,,False,1.0,604.0,75.89220779220778,0.377,75.89220779220778,76.84858788137747,78.62896376977928,80.25229026991396
E01002493,Hillingdon 032E,611.0,1.0425531914893618,0,0.0,,False,1.0,637.0,80.03863636363634,0.468,80.03863636363634,81.75800442988394,84.9587417550336,87.87713767003878
E01002496,Hillingdon 033A,775.0,1.1083870967741936,0,0.0,,False,1.0,859.0,107.93279220779218,0.251,107.93279220779218,107.96588116190927,108.02747882245201,108.08364286924503
E01002497,Hillingdon 033B,991.0,1.043390514631685,0,0.0,,False,1.0,1034.0,129.92142857142855,0.257,129.92142857142855,130.03732604324648,130.25307819731995,130.44979855926724
E01002498,Hillingdon 033C,525.0,1.3733333333333333,0,0.0,,False,1.0,721.0,90.59318181818179,0.121,90.59318181818179,89.47172814689047,87.38405495195781,85.48053826032415
E01002499,Hillingdon 033D,678.0,1.224188790560472,0,0.0,,False,1.0,830.0,104.28896103896102,0.246,104.28896103896102,104.27004960809477,104.23484450929487,104.20274490033364
E01032577,Hillingdon 033E,609.0,1.4334975369458127,0,0.0,,False,1.0,873.0,109.69188311688309,0.172,109.69188311688309,108.87990454666063,107.3683433120701,105.99011895806039
E01002569,Hounslow 001A,963.0,0.726895119418484,17,0.224533950616512,0.0132078794480301,True,1.0132078794480301,700.0,89.11623848781537,0.097,89.11623848781537,87.80436188885388,85.36220160990297,83.13546762399399
E01002570,Hounslow 001B,667.0,0.679160419790105,7,0.191668981479938,0.0273812830685625,True,1.0273812830685625,453.00000000000006,58.4776753623483,0.147,58.4776753623483,57.90214439984427,56.830748769305266,55.8538624103557
E01002573,Hounslow 001C,639.0,0.892018779342723,16,0.3093159722218361,0.0193322482638647,True,1.0193322482638647,570.0,73.00470800146944,0.072,73.00470800146944,71.75191112539294,69.41973234366161,67.29327823691978
E01002574,Hounslow 001D,684.0,0.814327485380117,9,0.1959903549371135,0.0145875985938678,True,1.0145875985938677,557.0,71.00762602769333,0.077,71.00762602769333,69.82374517073407,67.6198589163676,65.61038047796487
E01002575,Hounslow 001E,664.0,0.8780120481927711,8,0.2516188271593361,0.031452353394917,True,1.031452353394917,583.0,75.55756864458263,0.073,75.55756864458263,74.26833642863727,71.86833042912629,69.68003223610503
E01002620,Hounslow 004A,898.0,0.9443207126948776,0,0.0,,False,1.0,848.0000000000001,106.55064935064934,0.435,106.55064935064934,108.49642841238988,112.11864740765108,115.42134551910273
E01002625,Hounslow 004B,489.0,1.4703476482617588,0,0.0,,False,1.0,719.0,90.3418831168831,0.293,90.3418831168831,90.73983796474086,91.48066185246282,92.15613665343388
E01002626,Hounslow 004C,485.0,1.4329896907216495,0,0.0,,False,1.0,695.0,87.32629870129868,0.277,87.32629870129868,87.5746272276176,88.03691008530902,88.45841434086381
E01002627,Hounslow 004D,609.0,0.9770114942528736,0,0.0,,False,1.0,595.0,74.76136363636363,0.487,74.76136363636363,76.50597777714647,79.75371263276372,82.71496036189757
E01002631,Hounslow 004E,556.0,1.2931654676258992,0,0.0,,False,1.0,719.0,90.3418831168831,0.353,90.3418831168831,91.26877901962128,92.99426780277474,94.56754886416479
E01002633,Hounslow 005A,742.0,0.9433962264150944,2,0.4790528549375,0.23952642746875,True,1.23952642746875,700.0,109.0219835069105,0.468,109.0219835069105,111.36396389884426,115.72374247237026,119.69893902453045
E01002634,Hounslow 005B,541.0,0.9926062846580408,1,0.048949074074074,0.024474537037037,True,1.024474537037037,537.0000000000001,69.12508890016234,0.54,69.12508890016234,71.0956782056103,74.76408339837006,78.10889355977042
E01002637,Hounslow 005C,615.0,1.024390243902439,0,0.0,,False,1.0,630.0,79.15909090909089,0.413,79.15909090909089,80.43471995401406,82.80940259310789,84.9746112339142
E01002638,Hounslow 005D,616.0,1.1737012987012987,0,0.0,,False,1.0,723.0,90.8444805194805,0.455,90.8444805194805,92.68073530144612,96.09906633509667,99.21586172044582
E01002563,Hounslow 006A,746.0,0.9973190348525468,0,0.0,,False,1.0,743.9999999999999,93.48311688311685,0.187,93.48311688311685,92.9279545524789,91.89447671368895,90.95216336630048
E01002565,Hounslow 006B,1057.0,0.7133396404919584,7,0.2142260802461418,0.0306037257494488,True,1.0306037257494487,754.0,97.63899544358364,0.327,97.63899544358364,98.39303735710887,99.79674500105429,101.07662967692673
E01002567,Hounslow 006C,871.0,0.7577497129735936,9,0.182867669753086,0.0190581704389574,True,1.0190581704389574,660.0,84.50903827711639,0.237,84.50903827711639,84.41949510938794,84.2528035412549,84.10081606396875
E01002686,Hounslow 006E,669.0,0.9312406576980568,1,0.1290100308638117,0.0430033436212705,True,1.0430033436212705,623.0,81.64582764624411,0.461,81.64582764624411,83.34395117645343,86.50514014614151,89.3874763201247
E01034032,Hounslow 006G,755.0,0.7695364238410596,2,0.015738811728395,0.0078694058641975,True,1.0078694058641975,581.0,73.57675724037246,0.296,73.57675724037246,73.92240108280299,74.56584396707731,75.15252787589122
E01034033,Hounslow 006H,841.0,0.7360285374554102,0,0.0,,False,1.0,619.0,77.77694805194804,0.174,77.77694805194804,77.21639441277067,76.17288023399497,75.22141586587581
E01002571,Hounslow 007A,590.0,1.0186440677966102,5,0.1937824074062498,0.023810956789969,True,1.023810956789969,601.0,77.31335032691833,0.036,77.31335032691833,75.71501869818364,72.73960011127026,70.02664726092277
E01002572,Hounslow 007B,619.0,0.7399030694668821,3,0.1056790123445214,0.0176131687240869,True,1.0176131687240868,458.0,58.560994708983586,0.348,58.560994708983586,59.133250545140164,60.19854927336334,61.16987654607584
E01002577,Hounslow 007C,681.0,0.9441997063142438,5,0.0289382716049382,0.0057876543209876,True,1.0057876543209876,643.0,81.2601317171717,0.1,81.2601317171717,80.08769297687691,77.90510711223247,75.91505012708814
E01002578,Hounslow 007D,586.0,1.0631399317406145,5,0.1322334104926694,0.0173198302467977,True,1.0173198302467976,623.0000000000001,79.63533389361466,0.111,79.63533389361466,78.5718182576225,76.59200121970953,74.78682654620437
E01002689,Hounslow 007E,754.0,0.6856763925729443,8,0.311699845677469,0.0352083333331886,True,1.0352083333331885,517.0,67.24787276784772,0.228,67.24787276784772,67.11755974534485,66.87497192295477,66.65378310363793
E01002690,Hounslow 007F,582.0,0.9347079037800688,6,0.1533626543202159,0.0255604423867026,True,1.0255604423867026,544.0000000000001,70.10038597882718,0.118,70.10038597882718,69.21209130559751,67.55846171217199,66.05070104325829
E01002576,Hounslow 008A,708.0,0.827683615819209,5,0.0489517746905862,0.0097903549381172,True,1.0097903549381173,586.0,74.35138840051171,0.254,74.35138840051171,74.39594823413479,74.47889982866513,74.55453414976932
E01002579,Hounslow 008B,772.0,1.0829015544041452,3,0.0540459104934413,0.0180153034978137,True,1.0180153034978137,836.0,106.93523609456318,0.133,106.93523609456318,105.7367026472075,103.50553945667322,101.47119021788943
E01002580,Hounslow 008C,679.0,0.6303387334315169,6,0.1225636574062499,0.0204272762343749,True,1.020427276234375,428.0,54.876458547518475,0.205,54.876458547518475,54.646955715406165,54.219718351057175,53.83016817802155
E01002581,Hounslow 008D,841.0,0.8263971462544589,9,0.3870690586408173,0.0384086791265574,True,1.0384086791265574,695.0,90.68038648742677,0.168,90.68038648742677,89.97374295472363,88.65827108159831,87.45883877871367
E01002582,Hounslow 008E,694.0,0.968299711815562,17,0.6020941358013111,0.0354173021059594,True,1.0354173021059594,672.0,87.42687183600135,0.119,87.42687183600135,86.32755147258314,84.28108115097886,82.41513277095366
E01002675,Hounslow 009A,873.0,1.1901489117983963,3,0.1866886574066357,0.0622295524688785,True,1.0622295524688785,1039.0,138.67372319508723,0.155,138.67372319508723,137.41716716416545,135.07799042343947,132.94515565722182
E01002678,Hounslow 009B,761.0,1.1603153745072274,1,0.0861192129621913,0.0861192129621913,True,1.0861192129621913,883.0000000000001,120.5031634976146,0.169,120.5031634976146,119.57587937192963,117.84966788157894,116.27572786398039
E01002679,Hounslow 009C,623.0,1.1829855537720706,4,0.0525416666666665,0.0131354166666666,True,1.0131354166666666,737.0,93.81995792410713,0.164,93.81995792410713,93.05222838738746,91.6230401687407,90.3199225944558
E01002680,Hounslow 009D,740.0,1.1310810810810812,2,0.0796770833329474,0.0398385416664737,True,1.0398385416664737,837.0000000000001,109.35826642144886,0.204,109.35826642144886,108.89023992565214,108.01897221767095,107.22456022395035
E01002619,Hounslow 010A,634.0,1.227129337539432,0,0.0,,False,1.0,778.0,97.75519480519479,0.246,97.75519480519479,97.73746818686473,97.70446870871255,97.67438015958984
E01002622,Hounslow 010B,573.0,1.1326352530541013,0,0.0,,False,1.0,649.0,81.54642857142855,0.239,81.54642857142855,81.47593931705305,81.344718089946,81.2250720664682
E01002632,Hounslow 010C,624.0,1.2820512820512822,0,0.0,,False,1.0,800.0000000000001,100.51948051948051,0.278,100.51948051948051,100.81513513326371,101.36551918206936,101.86735310236567
E01002635,Hounslow 010D,556.0,1.3669064748201438,0,0.0,,False,1.0,760.0,95.49350649350647,0.26,95.49350649350647,95.60664741622116,95.81726803983499,96.00930953063171
E01002636,Hounslow 010E,617.0,1.2949756888168558,1,0.0037044753086419,0.0037044753086419,True,1.003704475308642,799.0,100.76573763753605,0.29,100.76573763753605,101.18011085758833,101.95149882157344,102.65484159990442
E01002618,Hounslow 011A,559.0,1.3935599284436493,0,0.0,,False,1.0,779.0,97.88084415584413,0.217,97.88084415584413,97.58610570836451,97.03742717435895,96.53714832307335
E01002621,Hounslow 011B,608.0,1.1710526315789471,2,0.0,0.0,True,1.0,711.9999999999999,89.46233766233763,0.339,89.46233766233763,90.25799154573883,91.73916310667191,93.08967850163546
E01002623,Hounslow 011C,543.0,1.0773480662983426,1,0.0441720679008486,0.0147240226336162,True,1.0147240226336163,585.0,74.58715750134334,0.295,74.58715750134334,74.93026961618007,75.56899949271295,76.15138613463404
E01002628,Hounslow 011D,653.0,1.2388973966309342,0,0.0,,False,1.0,809.0,101.65032467532465,0.269,101.65032467532465,101.86003280683731,102.25042079710916,102.60637212967382
E01002629,Hounslow 011E,883.0,1.0192525481313703,1,0.0807210648148147,0.0403605324074073,True,1.0403605324074072,900.0,117.64856280438308,0.311,117.64856280438308,118.37344876122383,119.72288032511264,120.95327668806571
E01002630,Hounslow 012A,679.0,0.8276877761413843,0,0.0,,False,1.0,562.0,70.61493506493505,0.243,70.61493506493505,70.58145787039686,70.51913747012705,70.46231443746524
E01002639,Hounslow 012B,549.0,1.0382513661202186,0,0.0,,False,1.0,570.0,71.62012987012986,0.298,71.62012987012986,71.9705595827665,72.62291173650017,73.21771901594857
E01002640,Hounslow 012C,622.0,0.8810289389067524,1,0.0610293209872684,0.0203431069957561,True,1.020343106995756,548.0,70.25658596078958,0.207,70.25658596078958,69.97647224528143,69.45501878681976,68.97956344998775
E01002674,Hounslow 012D,749.0,1.0520694259012016,0,0.0,,False,1.0,788.0,99.0116883116883,0.17,99.0116883116883,98.2594449737996,96.85908551822925,95.58225368246335
E01002676,Hounslow 012E,561.0,1.370766488413547,1,0.0359023919753085,0.0119674639917695,True,1.0119674639917695,768.9999999999999,97.78069908647483,0.129,97.78069908647483,96.64660367797894,94.53539690642613,92.6104225671017
E01002583,Hounslow 013A,535.0,1.1981308411214953,0,0.0,,False,1.0,641.0,80.54123376623374,0.294,80.54123376623374,80.90387620167158,81.57896328836044,82.19450002128292
E01002584,Hounslow 013B,635.0,0.9968503937007874,1,0.0,0.0,True,1.0,633.0,79.53603896103894,0.338,79.53603896103894,80.23564978787964,81.5380297322942,82.72552496337711
E01002585,Hounslow 013C,521.0,1.1362763915547025,0,0.0,,False,1.0,592.0,74.38441558441556,0.34,74.38441558441556,75.05322903149255,76.29827725917843,77.43349808255327
E01002586,Hounslow 013D,498.0,1.2610441767068272,0,0.0,,False,1.0,628.0,78.9077922077922,0.262,78.9077922077922,79.01668219877197,79.21938938247861,79.40421548870836
E01002589,Hounslow 013E,814.0,0.9889434889434888,0,0.0,,False,1.0,804.9999999999999,101.14772727272724,0.404,101.14772727272724,102.6888665196065,105.55781704135545,108.17369351995173
E01002668,Hounslow 014A,981.0,0.8430173292558614,1,0.0545351080243053,0.0181783693414351,True,1.018178369341435,827.0,105.80096393810288,0.242,105.80096393810288,105.74048151559671,105.62788878398136,105.52522801097022
E01002669,Hounslow 014B,708.0,0.963276836158192,1,0.0,0.0,True,1.0,682.0,85.69285714285712,0.403,85.69285714285712,86.99015594469927,89.40517852098233,91.6071686580331
E01002681,Hounslow 014C,873.0,0.986254295532646,0,0.0,,False,1.0,861.0,108.1840909090909,0.304,108.1840909090909,108.7767647192695,109.880073093501,110.8860571294443
E01002682,Hounslow 014D,893.0,0.908174692049272,1,0.0534972993827159,0.0267486496913579,True,1.0267486496913578,810.9999999999999,104.62735420330532,0.251,104.62735420330532,104.65942980935432,104.719141043687,104.7735850685019
E01034034,Hounslow 014F,619.0,0.8562197092084006,0,0.0,,False,1.0,530.0,66.59415584415584,0.224,66.59415584415584,66.43911620078306,66.15049785130762,65.88733892055556
E01034035,Hounslow 014G,657.0,0.9315068493150684,10,0.2100779320983793,0.0210077932098379,True,1.0210077932098378,612.0,78.51284732954247,0.13,78.51284732954247,77.60988872583434,75.92896108579673,74.39631036823879
E01002643,Hounslow 015B,1046.0,0.7638623326959847,2,0.1484722222222222,0.0742361111111111,True,1.0742361111111112,799.0,107.84667877435062,0.338,107.84667877435062,108.7953141991837,110.561272792825,112.17145376745722
E01002645,Hounslow 015C,777.0,0.7065637065637066,0,0.0,,False,1.0,549.0,68.98149350649349,0.314,68.98149350649349,69.42671358322394,70.25552536906054,71.01122653550368
E01002658,Hounslow 015D,493.0,1.22920892494929,2,0.1563742283946759,0.0781871141973379,True,1.0781871141973378,605.9999999999999,82.09694753109999,0.107,82.09694753109999,80.96851295667972,78.86784426785212,76.95247843258569
E01002677,Hounslow 015E,840.0,0.8345238095238096,0,0.0,,False,1.0,701.0,88.08019480519478,0.24,88.08019480519478,88.01265270711698,87.88691784058061,87.77227421831577
E01034036,Hounslow 015F,678.0,0.3820058997050147,0,0.0,,False,1.0,258.99999999999994,32.5431818181818,0.37,32.5431818181818,32.93105594412501,33.65311378429166,34.31147791638779
E01034037,Hounslow 015G,654.0,0.6651376146788991,1,0.0171273148148148,0.0171273148148148,True,1.0171273148148148,435.0,55.59360318587661,0.254,55.59360318587661,55.62692121478988,55.688945315874776,55.7454981863074
E01002587,Hounslow 016A,740.0,0.9432432432432432,0,0.0,,False,1.0,697.9999999999999,87.70324675324672,0.318,87.70324675324672,88.30353350419588,89.42101395952909,90.43991993794772
E01002588,Hounslow 016B,744.0,0.7782258064516129,0,0.0,,False,1.0,579.0,72.75097402597402,0.542,72.75097402597402,74.8391268363066,78.72638563321692,82.27074402349518
E01002660,Hounslow 016C,615.0,0.8878048780487805,3,0.1836840277773917,0.0394683641974022,True,1.0394683641974023,546.0,71.31225464014268,0.336,71.31225464014268,71.92561034284178,73.0674196678846,74.108508433194
E01002661,Hounslow 016D,616.0,1.0227272727272727,1,0.1195343364182097,0.0298835841045524,True,1.0298835841045524,630.0,81.52464825991262,0.242,81.52464825991262,81.4780436918899,81.39128566530958,81.31218068272437
E01002665,Hounslow 016E,566.0,0.901060070671378,1,0.0791107253082561,0.039555362654128,True,1.039555362654128,510.0,66.6159227035861,0.39,66.6159227035861,67.53991084427524,69.25998660231453,70.8283321289274
E01002624,Hounslow 017A,516.0,0.9573643410852714,0,0.0,,False,1.0,494.0,62.0707792207792,0.299,62.0707792207792,62.380541923077985,62.95718927546875,63.48296977747765
E01002646,Hounslow 017B,749.0,0.8144192256341789,0,0.0,,False,1.0,610.0,76.64610389610388,0.458,76.64610389610388,78.21780219478981,81.14364076724694,83.81138712391629
E01002662,Hounslow 017C,917.0,0.7306434023991276,0,0.0,,False,1.0,670.0,84.18506493506491,0.253,84.18506493506491,84.22730333592459,84.30593340288934,84.37762740427569
E01002663,Hounslow 017D,687.0,0.8136826783114993,5,0.1446782407403548,0.0289356481480709,True,1.028935648148071,559.0,72.27036869182358,0.315,72.27036869182358,72.7438680546968,73.62532393022114,74.42902537931374
E01034038,Hounslow 017F,547.0,0.6928702010968921,0,0.0,,False,1.0,379.0,47.62110389610389,0.332,47.62110389610389,48.01210461405644,48.73998284832093,49.40365394960362
E01034039,Hounslow 017G,534.0,0.7265917602996255,0,0.0,,False,1.0,388.0,48.75194805194805,0.402,48.75194805194805,49.48524346110735,50.850329874268105,52.095000150861694
E01002641,Hounslow 018A,983.0,0.6083418107833164,3,0.2220443672831787,0.031186985596622,True,1.031186985596622,598.0,77.48164913268954,0.322,77.48164913268954,78.04221700004446,79.0857576656788,80.03724618421467
E01002649,Hounslow 018D,731.0,0.7674418604651163,2,0.0349548611107253,0.0174774305553626,True,1.0174774305553627,561.0,71.72125731025424,0.392,71.72125731025424,72.73005569667453,74.60801232059448,76.32031182631815
E01002657,Hounslow 018E,685.0,1.148905109489051,1,0.0040196759259259,0.0040196759259259,True,1.004019675925926,786.9999999999999,99.28352879126078,0.171,99.28352879126078,98.53890836197475,97.15273954340044,95.88884656916346
E01033083,Hounslow 018F,790.0,0.3278481012658228,0,0.0,,False,1.0,259.0,32.543181818181814,0.371,32.543181818181814,32.93423155221993,33.66220103373837,34.325955333230155
E01033084,Hounslow 018G,706.0,0.5679886685552408,0,0.0,,False,1.0,401.0,50.3853896103896,0.432,50.3853896103896,51.29075444806783,52.976161479710036,54.5128964556224
E01034040,Hounslow 018H,556.0,0.5701438848920863,1,0.0334510030860339,0.0334510030860339,True,1.033451003086034,317.0,41.16322584662063,0.344,41.16322584662063,41.54940428525626,42.268305471671034,42.923791402753245
E01034041,Hounslow 018I,443.0,0.9435665914221218,1,0.0717546296296296,0.0717546296296296,True,1.0717546296296296,418.0,56.29008422619047,0.29,56.29008422619047,56.52156274264537,56.95247799699485,57.34538162833179
E01002653,Hounslow 019A,600.0,1.3333333333333333,0,0.0,,False,1.0,800.0,100.51948051948051,0.199,100.51948051948051,100.04023771396736,99.14808997345295,98.33463980338107
E01002654,Hounslow 019B,658.0,1.2340425531914894,0,0.0,,False,1.0,812.0,102.02727272727272,0.223,102.02727272727272,101.77978433200673,101.31906544358506,100.89898719743515
E01002655,Hounslow 019C,627.0,1.200956937799043,0,0.0,,False,1.0,753.0,94.61396103896102,0.196,94.61396103896102,94.13517606994597,93.2438806276666,92.43120757343867
E01002656,Hounslow 019D,523.0,1.2562141491395793,1,0.0312503858020832,0.0156251929010416,True,1.0156251929010416,657.0,83.84150841617723,0.175,83.84150841617723,83.24542767605034,82.13577703685304,81.1240101957972
E01002659,Hounslow 019E,513.0,1.1676413255360625,0,0.0,,False,1.0,599.0,75.26396103896103,0.172,75.26396103896103,74.70683026741092,73.66968802282932,72.72403351188795
E01002667,Hounslow 020A,914.0,0.8544857768052516,0,0.0,,False,1.0,781.0,98.13214285714284,0.271,98.13214285714284,98.35374459487251,98.76627345776885,99.14241258634983
E01002670,Hounslow 020B,724.0,1.0828729281767957,0,0.0,,False,1.0,784.0000000000001,98.5090909090909,0.176,98.5090909090909,97.81834197448624,96.5324591314242,95.36000576985634
E01002671,Hounslow 020C,666.0,1.12012012012012,4,0.0342581018518518,0.0085645254629629,True,1.008564525462963,746.0,94.53720637344425,0.189,94.53720637344425,93.99423432680999,92.98344964940924,92.06182766865574
E01002672,Hounslow 020D,659.0,0.7435508345978755,0,0.0,,False,1.0,489.99999999999994,61.5681818181818,0.39,61.5681818181818,62.42215587625981,64.01189497637301,65.46140101963367
E01002673,Hounslow 020E,585.0,0.694017094017094,0,0.0,,False,1.0,406.0,51.01363636363636,0.651,51.01363636363636,53.02046771594461,56.75634029652134,60.162666455330765
E01002647,Hounslow 021A,755.0,0.9973509933774836,0,0.0,,False,1.0,753.0000000000001,94.61396103896104,0.423,94.61396103896104,96.23096706326471,99.24114948934408,101.98579961313385
E01002650,Hounslow 021B,793.0,1.090794451450189,0,0.0,,False,1.0,864.9999999999999,108.68668831168829,0.367,108.68668831168829,109.95028065120417,112.3025560274058,114.4473339805773
E01002651,Hounslow 021C,564.0,0.9840425531914894,1,0.1086755401230709,0.1086755401230709,True,1.108675540123071,555.0,77.31392074199148,0.319,77.31392074199148,77.85064192642363,78.8497901378707,79.76080212122224
E01002652,Hounslow 021D,565.0,1.238938053097345,0,0.0,,False,1.0,700.0,87.95454545454544,0.292,87.95454545454544,88.33340138573712,89.03867115526702,89.68172811536186
E01002666,Hounslow 021E,481.0,1.1912681912681913,0,0.0,,False,1.0,573.0,71.9970779220779,0.245,71.9970779220779,71.9769966262021,71.93961373273743,71.90552843535264
E01002555,Hounslow 022A,704.0,1.3409090909090908,0,0.0,,False,1.0,944.0,118.61298701298699,0.234,118.61298701298699,118.4525851026959,118.15398447647014,117.88172381923098
E01002556,Hounslow 022B,662.0,1.1722054380664653,0,0.0,,False,1.0,776.0,97.5038961038961,0.259,97.5038961038961,97.60990437752362,97.807247020344,97.9871817991645
E01002590,Hounslow 022C,1000.0,0.883,0,0.0,,False,1.0,883.0,110.94837662337659,0.397,110.94837662337659,112.56305819016576,115.56891345787027,118.30961812783426
E01002592,Hounslow 022D,776.0,0.981958762886598,0,0.0,,False,1.0,762.0,95.74480519480518,0.332,95.74480519480518,96.53093328736414,97.99437184807532,99.32871849498142
E01002595,Hounslow 022E,714.0,1.0602240896358543,0,0.0,,False,1.0,757.0,95.11655844155842,0.323,95.11655844155842,95.81399378105851,97.11232388665843,98.29612652073867
E01002557,Hounslow 023A,730.0,1.1945205479452057,0,0.0,,False,1.0,872.0000000000001,109.56623376623375,0.299,109.56623376623375,110.11302137029153,111.13090900447116,112.05900738048689
E01002558,Hounslow 023B,821.0,1.0231425091352009,0,0.0,,False,1.0,839.9999999999999,105.54545454545452,0.399,105.54545454545452,107.10210349906106,109.9999265456629,112.64212866426865
E01002559,Hounslow 023C,918.0,1.1154684095860568,0,0.0,,False,1.0,1024.0,128.66493506493504,0.363,128.66493506493504,130.11057346702614,132.8017417416243,135.25551838785745
E01002560,Hounslow 023D,661.0,1.1331316187594551,0,0.0,,False,1.0,748.9999999999999,94.1113636363636,0.336,94.1113636363636,94.92081415600343,96.42766922789463,97.80160255624314
E01002561,Hounslow 023E,597.0,0.8844221105527639,0,0.0,,False,1.0,528.0,66.34285714285713,0.373,66.34285714285713,67.15300270934495,68.66115166497907,70.03626474181873
E01002591,Hounslow 024A,612.0,1.3643790849673203,1,0.1089101080243055,0.1089101080243055,True,1.1089101080243056,835.0,116.34375222646563,0.343,116.34375222646563,117.42389408362703,119.43466212482849,121.26805757135769
E01002593,Hounslow 024B,698.0,1.0716332378223496,0,0.0,,False,1.0,748.0,93.98571428571427,0.289,93.98571428571427,94.36303514653146,95.06544726321738,95.7058986479278
E01002594,Hounslow 024C,647.0,1.2890262751159196,0,0.0,,False,1.0,834.0,104.79155844155842,0.274,104.79155844155842,105.05887556328227,105.55650716756136,106.01024200849766
E01002611,Hounslow 024D,674.0,1.2878338278931751,0,0.0,,False,1.0,868.0,109.06363636363635,0.252,109.06363636363635,109.10771457910565,109.18976960400008,109.26458644310021
E01002612,Hounslow 024E,824.0,0.8616504854368932,2,0.3230312499965276,0.0807578124991319,True,1.080757812499132,710.0,96.41552731830728,0.318,96.41552731830728,97.07544546019538,98.30393438571927,99.42405662558804
E01002613,Hounslow 024F,631.0,1.2805071315372425,0,0.0,,False,1.0,808.0,101.52467532467531,0.294,101.52467532467531,101.98179714656885,102.83276495631085,103.60866773353605
E01002598,Hounslow 025B,657.0,1.1232876712328768,2,0.1551319444440584,0.0775659722220292,True,1.0775659722220292,738.0,99.92185294235222,0.29,99.92185294235222,100.33275590329961,101.09768371017064,101.79513619066807
E01002599,Hounslow 025C,558.0,1.168458781362007,0,0.0,,False,1.0,652.0,81.92337662337661,0.356,81.92337662337661,82.78788233544117,84.39722692821877,85.86460903686408
E01002600,Hounslow 025D,512.0,1.291015625,3,0.2747820216045524,0.0915940072015174,True,1.0915940072015173,661.0,90.6614896753891,0.339,90.6614896753891,91.46780849311803,92.96883365843232,94.337451344224
E01002603,Hounslow 025E,648.0,1.1851851851851851,0,0.0,,False,1.0,768.0,96.49870129870128,0.308,96.49870129870128,97.06502397699306,98.119277670586,99.08053420625528
E01033000,Hounslow 025F,623.0,0.7463884430176565,0,0.0,,False,1.0,465.0,58.42694805194804,0.463,58.42694805194804,59.653552842015976,61.93697301937574,64.01896958481885
E01033030,Hounslow 025G,720.0,0.5097222222222222,0,0.0,,False,1.0,367.0,46.11331168831168,0.186,46.11331168831168,45.83496165274671,45.31679142161412,44.84432969414513
E01002604,Hounslow 026A,555.0,0.9837837837837838,0,0.0,,False,1.0,546.0,68.60454545454544,0.568,68.60454545454544,70.74774202863259,74.73746907107129,78.37525684301677
E01002605,Hounslow 026B,831.0,1.0012033694344165,0,0.0,,False,1.0,832.0000000000001,104.54025974025973,0.417,104.54025974025973,106.26570472762565,109.47775471387861,112.40646538470348
E01002606,Hounslow 026C,617.0,0.9043760129659644,0,0.0,,False,1.0,558.0,70.11233766233765,0.428,70.11233766233765,71.34480539461445,73.63913989470217,75.7310880155616
E01002607,Hounslow 026D,781.0,1.1382842509603073,1,0.0,0.0,True,1.0,889.0,111.7022727272727,0.276,111.7022727272727,112.009018796404,112.58005045162963,113.10071062478872
E01002615,Hounslow 026E,634.0,0.8990536277602523,0,0.0,,False,1.0,570.0,71.62012987012986,0.416,71.62012987012986,72.79523680463157,74.98278972022709,76.97737560597552
E01002596,Hounslow 027A,756.0,1.0224867724867726,0,0.0,,False,1.0,773.0,97.12694805194803,0.289,97.12694805194803,97.5168799041027,98.24276836158694,98.9046252070163
E01002601,Hounslow 027B,666.0,1.2507507507507507,0,0.0,,False,1.0,833.0,104.66590909090907,0.293,104.66590909090907,105.12696109127836,105.98524523379906,106.76781896009794
E01002602,Hounslow 027C,549.0,1.530054644808743,0,0.0,,False,1.0,840.0,105.54545454545452,0.206,105.54545454545452,105.11434448614453,104.31179959469938,103.58004828402527
E01002614,Hounslow 027D,819.0,1.0525030525030523,0,0.0,,False,1.0,861.9999999999999,108.30974025974024,0.252,108.30974025974024,108.35351378708418,108.4350016113457,108.50930128335527
E01002616,Hounslow 027E,567.0,1.2857142857142858,0,0.0,,False,1.0,729.0,91.59837662337661,0.26,91.59837662337661,91.70690258740163,91.90893210663121,92.0931403260928
E01002608,Hounslow 028A,665.0,1.105263157894737,0,0.0,,False,1.0,735.0000000000001,92.35227272727272,0.41,92.35227272727272,93.81347103058683,96.53360527099406,99.0137927556384
E01002609,Hounslow 028B,665.0,1.306766917293233,0,0.0,,False,1.0,869.0,109.1892857142857,0.215,109.1892857142857,108.83918564904225,108.18744715955887,107.5931994121993
E01002610,Hounslow 028C,635.0,1.0771653543307087,0,0.0,,False,1.0,684.0,85.94415584415583,0.38,85.94415584415583,87.05236843687507,89.11539233463688,90.99643407726245
E01002617,Hounslow 028D,640.0,1.415625,0,0.0,,False,1.0,906.0,113.83831168831166,0.162,113.83831168831166,112.88455479192795,111.10906218083353,109.49018819744676
E01002687,Hounslow 029A,761.0,0.6846254927726675,6,0.1379645061724534,0.0229940843620755,True,1.0229940843620755,521.0,66.96858059989356,0.132,66.96858059989356,66.21145978312163,64.80202052141743,63.51690982161545
E01002691,Hounslow 029B,584.0,0.8561643835616438,0,0.0,,False,1.0,500.0,62.82467532467531,0.119,62.82467532467531,62.03470716661165,60.564120025423,59.22325538408495
E01002692,Hounslow 029C,1011.0,0.552917903066271,10,0.7816994598684409,0.0415662229933834,True,1.0415662229933833,559.0,73.15751484377519,0.16,73.15751484377519,72.53031101904206,71.36272233823024,70.29812824932665
E01002693,Hounslow 029D,887.0,0.6110484780157835,3,0.1286141975285492,0.0342053755138245,True,1.0342053755138245,542.0,70.4314007582879,0.161,70.4314007582879,69.83444161291116,68.72315575405095,67.70989793829159
E01032573,Hounslow 029E,902.0,0.6197339246119734,3,0.0636493055555554,0.0212164351851851,True,1.0212164351851851,559.0,71.72818671198591,0.102,71.72818671198591,70.70727560272803,68.80677020355941,67.07391098084277
E01002562,Hounslow 030D,522.0,0.946360153256705,0,0.0,,False,1.0,494.0,62.0707792207792,0.336,62.0707792207792,62.60464912291816,63.59848945070754,64.5046617660669
E01034042,Hounslow 030A,595.0,0.6151260504201681,1,2.26949112651466,0.1891242605428883,True,1.1891242605428882,366.0,54.68504497136875,0.325,54.68504497136875,55.09669162222882,55.86300386568939,56.561718659734325
E01034043,Hounslow 030B,641.0,0.6614664586583463,0,0.0,,False,1.0,424.0,53.27532467532466,0.41,53.27532467532466,54.11824723397117,55.687413108709485,57.118160718898885
E01034044,Hounslow 030C,576.0,0.7586805555555556,0,0.0,,False,1.0,437.0,54.90876623376622,0.232,54.90876623376622,54.82379623865455,54.665617986882474,54.52139285469592
E01002564,Hounslow 031E,723.0,0.8381742738589212,0,0.0,,False,1.0,606.0,76.14350649350648,0.342,76.14350649350648,76.8429968493648,78.14515252767987,79.33244327548215
E01033081,Hounslow 031D,777.0,0.7207207207207207,0,0.0,,False,1.0,560.0,70.36363636363635,0.289,70.36363636363635,70.64612256959575,71.17199260347826,71.65147492358231
E01033082,Hounslow 031C,654.0,0.6788990825688074,1,0.126578703696372,0.002260333994578,True,1.002260333994578,444.0,55.91441190572088,0.359,55.91441190572088,56.52082368518526,57.64970635728121,58.67900874735191
E01034045,Hounslow 031A,842.0,0.6187648456057007,0,0.0,,False,1.0,521.0,65.46331168831168,0.229,65.46331168831168,65.34284479007569,65.11858629348139,64.9141099451027
E01034046,Hounslow 031B,732.0,0.6325136612021858,0,0.0,,False,1.0,463.0,58.17564935064934,0.483,58.17564935064934,59.51051560635916,61.99547291864525,64.26122875313847
E01002755,Islington 001A,610.0,0.4426229508196721,1,0.0558873456782405,0.0279436728391202,True,1.0279436728391202,270.0,34.87332284901287,0.472,34.87332284901287,35.63607396547382,37.05599446776875,38.35066184361656
E01002756,Islington 001B,585.0,0.558974358974359,10,0.1734525462947524,0.0133522376541859,True,1.013352237654186,327.0,41.63594555938297,0.279,41.63594555938297,41.76247087736695,41.99800759332538,42.21276729393739
E01002758,Islington 001C,756.0,0.3571428571428571,6,0.0601319444444441,0.0056196952160493,True,1.0056196952160492,269.99999999999994,34.1159746601055,0.515,34.1159746601055,35.00531160268284,36.66088146152877,38.170411242400675
E01002804,Islington 001D,709.0,0.383638928067701,0,0.0,,False,1.0,272.0,34.17662337662337,0.453,34.17662337662337,34.860771216805,36.134365609405826,37.2956145015079
E01002807,Islington 001E,805.0,0.3428571428571428,5,0.1029043209868823,0.0112538194443672,True,1.0112538194443672,275.99999999999994,35.06949446834146,0.483,35.06949446834146,35.8741796810226,37.37216376353821,38.738008624597505
E01002811,Islington 001F,733.0,0.4488403819918145,0,0.0,,False,1.0,329.0,41.338636363636354,0.431,41.338636363636354,42.07740804816102,43.45268897365965,44.70665449073691
E01002753,Islington 002A,627.0,0.4114832535885167,0,0.0,,False,1.0,257.99999999999994,32.41753246753245,0.367,32.41753246753245,32.79441896879846,33.4960224914112,34.135736609235764
E01002754,Islington 002B,631.0,0.6481774960380349,9,0.2454147376516199,0.0183893532805498,True,1.0183893532805497,409.0,52.3356240276965,0.221,52.3356240276965,52.19845911047057,51.94311595336272,51.710296964821325
E01002757,Islington 002C,598.0,0.6086956521739131,7,0.099399691356867,0.0141999559081238,True,1.0141999559081238,364.0,46.38581798339791,0.337,46.38581798339791,46.789308145186716,47.54043645012646,48.22530670160156
E01002759,Islington 002D,615.0,0.6032520325203252,0,0.0,,False,1.0,371.0,46.615909090909085,0.219,46.615909090909085,46.48463712040898,46.240264141770034,46.01744763727471
E01002760,Islington 002E,689.0,0.4354136429608127,3,0.0973356481469906,0.0162226080244984,True,1.0162226080244985,299.99999999999994,38.30631324404033,0.444,38.30631324404033,39.03948739843892,40.40434808643583,41.648812549390506
E01002772,Islington 002F,873.0,0.3150057273768614,1,0.1955744598753856,0.0488936149688464,True,1.0488936149688464,275.0,36.24302044579853,0.281,36.24302044579853,36.360230769833755,36.57842690037559,36.77737565228964
E01002735,Islington 003A,1132.0,0.3798586572438162,1,0.086030864197145,0.0430154320985725,True,1.0430154320985725,429.9999999999999,56.35331105698811,0.258,56.35331105698811,56.40908052152496,56.51289971547814,56.607560876564825
E01002805,Islington 003B,720.0,0.3402777777777778,1,0.0217700617280092,0.0108850308640046,True,1.0108850308640045,245.0,31.119176688756674,0.274,31.119176688756674,31.198559883992704,31.346337873458403,31.481080164678506
E01002806,Islington 003C,701.0,0.5449358059914408,6,0.1271728395057866,0.0154449588476722,True,1.0154449588476722,381.99999999999994,48.73937988515802,0.27,48.73937988515802,48.844686964863364,49.0407242806843,49.219468877182436
E01002808,Islington 003D,865.0,0.4346820809248555,1,0.0231608796296296,0.0231608796296296,True,1.0231608796296296,376.0,48.33837205086579,0.332,48.33837205086579,48.735262014143025,49.47410353643043,50.147770839128874
E01002809,Islington 003E,737.0,0.4355495251017639,4,0.1719544753074844,0.0429886188268711,True,1.042988618826871,321.0,42.06732050357328,0.283,42.06732050357328,42.2115766507108,42.4801206835967,42.72497608063763
E01002810,Islington 003F,795.0,0.3320754716981132,12,0.1784830246878853,0.0125972061468621,True,1.012597206146862,264.0,33.58929589532876,0.325,33.58929589532876,33.84214237588481,34.312835756630626,34.74200863151638
E01002768,Islington 004A,848.0,0.3667452830188679,2,0.0079938271604938,0.0039969135802469,True,1.003996913580247,310.99999999999994,39.23313523629147,0.307,39.23313523629147,39.459554619089936,39.88105190282282,40.265368335591724
E01002770,Islington 004B,908.0,0.3524229074889868,3,0.2105918209861109,0.0473499228391846,True,1.0473499228391847,320.0,42.111628066365135,0.194,42.111628066365135,41.89030754952361,41.478302201173676,41.102640407206096
E01002771,Islington 004C,669.0,0.4125560538116592,1,0.034803240739969,0.0174016203699845,True,1.0174016203699845,276.0,35.28269541394765,0.304,35.28269541394765,35.475987508456505,35.83581576960427,36.16390308848099
E01002773,Islington 004D,686.0,0.3425655976676385,1,0.1220108024675925,0.0610054012337962,True,1.0610054012337962,235.0,31.328940329612845,0.393,31.328940329612845,31.772655989243344,32.59866718568964,33.351814806556874
E01002774,Islington 004E,1026.0,0.3879142300194931,0,0.0,,False,1.0,397.99999999999994,50.00844155844154,0.3,50.00844155844154,50.262887352269544,50.736557979007436,51.16844547295078
E01002732,Islington 005A,816.0,0.3676470588235294,6,0.6741242283873455,0.0561770190322787,True,1.0561770190322788,300.0,39.812386983651805,0.502,39.812386983651805,40.79971397733721,42.637699934418265,44.313554640405876
E01002734,Islington 005B,936.0,0.2873931623931623,2,0.1219116512337961,0.030477912808449,True,1.030477912808449,268.99999999999994,34.82981888217464,0.46,34.82981888217464,35.55083358250521,36.89305850143501,38.11688392742173
E01002736,Islington 005C,576.0,0.3958333333333333,1,0.1661832561724537,0.0830916280862268,True,1.0830916280862268,228.0,31.02846522591438,0.598,31.02846522591438,32.08862421589875,34.06219259631048,35.861669814925314
E01002737,Islington 005D,758.0,0.3773087071240105,1,0.1264212962943673,0.0632106481471836,True,1.0632106481471837,285.99999999999994,38.20723407734628,0.532,38.20723407734628,39.26660351484871,41.2387020819327,43.036839141460504
E01002751,Islington 005E,873.0,0.3069873997709049,4,0.1113942901234567,0.0215353491512345,True,1.0215353491512345,267.99999999999994,34.399207880704346,0.56,34.399207880704346,35.446980635414086,37.3974910759118,39.1759443269787
E01002742,Islington 006A,714.0,0.6442577030812325,12,0.163452160491512,0.0120349954988104,True,1.0120349954988104,460.00000000000006,58.494308408668246,0.126,58.494308408668246,57.79874670219085,56.50390451012561,55.32328211596433
E01002747,Islington 006B,647.0,0.5054095826893354,5,0.0565019290119596,0.0063467206789737,True,1.0063467206789738,327.00000000000006,41.348107517923204,0.163,41.348107517923204,41.00572078750198,40.36834127045248,39.78718587096084
E01002748,Islington 006C,692.0,0.4017341040462427,2,0.4498090277716048,0.1124522569429012,True,1.1124522569429012,277.99999999999994,38.85853523229186,0.419,38.85853523229186,39.507482067902245,40.71554705384156,41.81704697772591
E01002749,Islington 006D,606.0,0.4488448844884488,2,0.3850347221936727,0.1018925540052082,True,1.1018925540052082,271.99999999999994,37.65896681974162,0.285,37.65896681974162,37.79545558332611,38.04954002786383,38.28121133658973
E01033493,Islington 006F,686.0,0.3965014577259475,0,0.0,,False,1.0,272.0,34.17662337662337,0.046,34.17662337662337,33.50342558538439,32.25021556018631,31.107552902603004
E01033494,Islington 006G,651.0,0.5145929339477726,2,0.0967611882704473,0.0241902970676118,True,1.0241902970676118,334.99999999999994,43.11076333225015,0.126,43.11076333225015,42.59812890803531,41.643820073323724,40.77369212405645
E01002730,Islington 007A,794.0,0.345088161209068,1,0.0780077160489969,0.0780077160489969,True,1.078007716048997,274.0,37.113565647533605,0.332,37.113565647533605,37.418292535965776,37.985565329341654,38.50279821498758
E01002733,Islington 007C,606.0,0.4488448844884488,2,0.1511222993819444,0.0755611496909722,True,1.0755611496909723,271.99999999999994,36.75904833151638,0.161,36.75904833151638,36.44748772302938,35.86749342849356,35.33866122267658
E01002763,Islington 007D,572.0,0.3146853146853147,2,0.1210455246909721,0.030261381172743,True,1.030261381172743,180.0,23.30130123782249,0.333,23.30130123782249,23.494894084869653,23.85528222024904,24.183880026086907
E01035651,Islington 007E,696.0,0.3290229885057471,1,0.0921365740733023,0.0460682870366511,True,1.0460682870366511,229.0,30.09925642923672,0.34,30.09925642923672,30.369888218015735,30.873690332712137,31.333051374915808
E01035652,Islington 007F,610.0,0.3311475409836065,0,0.0,,False,1.0,201.99999999999997,25.381168831168825,0.188,25.381168831168825,25.232916002750226,24.956931836943294,24.705292611266003
E01002769,Islington 008A,706.0,0.6317280453257791,19,0.1494120370354931,0.0066358024690545,True,1.0066358024690545,446.00000000000006,56.411478174598614,0.175,56.411478174598614,56.01041435433606,55.26380287277988,54.58305100952986
E01002785,Islington 008B,781.0,0.5403329065300896,25,0.2725987654278541,0.0094823148146604,True,1.0094823148146603,421.99999999999994,53.52681648105239,0.141,53.52681648105239,52.96867201791085,51.92964270762381,50.982267591619724
E01002788,Islington 008C,888.0,0.4448198198198198,7,0.0600559413576386,0.0049300319664627,True,1.0049300319664627,394.99999999999994,49.87617835602379,0.179,49.87617835602379,49.5410459353479,48.91717087986538,48.34832869494515
E01002789,Islington 008D,780.0,0.6256410256410256,14,0.2181581790092587,0.0126702904539654,True,1.0126702904539655,488.0,62.093785835705866,0.149,62.093785835705866,61.49478389736539,60.379695220589156,59.36297003867497
E01002738,Islington 009A,846.0,0.4858156028368794,2,0.1368645833333331,0.0684322916666665,True,1.0684322916666664,411.0,55.17585552455355,0.257,55.17585552455355,55.22507559726212,55.31670258915379,55.40024703897159
E01002741,Islington 009B,635.0,0.4330708661417323,2,0.0875597993827159,0.0218899498456789,True,1.0218899498456788,275.0,35.30994737413193,0.49,35.30994737413193,36.1442690360996,37.69742367300576,39.11357241851594
E01002743,Islington 009C,628.0,0.5047770700636943,10,0.125751543207947,0.0095827546294945,True,1.0095827546294944,317.00000000000006,40.21253336207524,0.277,40.21253336207524,40.3268851587031,40.539759918243945,40.7338567045595
E01002744,Islington 009D,674.0,0.4554896142433234,0,0.0,,False,1.0,307.0,38.57435064935064,0.214,38.57435064935064,38.44690328944161,38.20965012075684,37.993325378057364
E01002752,Islington 009E,703.0,0.4480796586059744,3,0.1698726851840276,0.0500734953699845,True,1.0500734953699844,315.0,41.56143164060971,0.275,41.56143164060971,41.67150803722551,41.876423807258995,42.063263677399846
E01002764,Islington 010A,796.0,0.3894472361809045,1,0.0681655092584876,0.0340827546292438,True,1.0340827546292437,310.0,40.27886625742544,0.354,40.27886625742544,40.6960526229009,41.472677475795265,42.18079518991367
E01002783,Islington 010B,797.0,0.328732747804266,0,0.0,,False,1.0,262.0,32.92012987012986,0.408,32.92012987012986,33.43456761217603,34.392233463227015,35.26542230183828
E01002784,Islington 010C,751.0,0.4021304926764314,5,0.1153252314807096,0.018885956789969,True,1.018885956789969,302.0,38.662752374633385,0.407,38.662752374633385,39.26315641998089,40.380855227955514,41.39996029783088
E01002786,Islington 010D,886.0,0.355530474040632,5,0.0935038580246912,0.011864236111111,True,1.011864236111111,314.99999999999994,40.049126526988616,0.403,40.049126526988616,40.655427747307044,41.784104604957555,42.81321933575608
E01002787,Islington 010E,625.0,0.3728,1,0.031559799382716,0.015779899691358,True,1.015779899691358,233.0,29.738275758139423,0.343,29.738275758139423,30.0143675618802,30.52833391890904,30.996962601749473
E01002762,Islington 011C,859.0,0.409778812572759,8,0.5464517746851848,0.0401610243050973,True,1.0401610243050974,352.0,46.00483616069401,0.194,46.00483616069401,45.763054624719,45.31295949853917,44.902567878056686
E01002767,Islington 011D,943.0,0.3372216330858961,1,0.6523962191277006,0.3261981095638503,True,1.3261981095638502,318.0,52.99022615311194,0.339,52.99022615311194,53.46150692134052,54.33883271045238,55.138768393694704
E01033486,Islington 011E,418.0,0.3660287081339713,0,0.0,,False,1.0,153.0,19.224350649350647,0.378,19.224350649350647,19.468488431503044,19.92296989312506,20.337360924410728
E01033487,Islington 011F,593.0,0.2462057335581787,2,0.0407546296296295,0.0203773148148147,True,1.0203773148148148,145.99999999999997,18.71862306547618,0.12,18.71862306547618,18.485078502590074,18.050317142187044,17.653906675063517
E01033488,Islington 011G,620.0,0.2903225806451613,5,0.0828375771589504,0.008758487654128,True,1.008758487654128,180.0,22.81497280843719,0.217,22.81497280843719,22.746272444000798,22.618381374590125,22.501771751050875
E01033491,Islington 011H,966.0,0.3095238095238095,2,0.0,0.0,True,1.0,298.99999999999994,37.56915584415583,0.267,37.56915584415583,37.63933021156259,37.769965252096846,37.88907679731991
E01035653,Islington 011J,758.0,0.1978891820580474,2,8.217592554012346e-05,4.108796277006173e-05,True,1.0000410879627701,149.99999999999991,18.848176998778822,0.089,18.848176998778822,18.55599988887123,18.012089483883564,17.51615815844417
E01035654,Islington 011K,504.0,0.2559523809523809,1,0.0456851851847993,0.0228425925923996,True,1.0228425925923996,128.99999999999997,16.579016477269594,0.395,16.579016477269594,16.81706274581421,17.26020438127925,17.66425588795809
E01002777,Islington 012A,764.0,0.4136125654450261,20,0.1374290123441353,0.0050106192128954,True,1.0050106192128954,315.99999999999994,39.90414241713745,0.275,39.90414241713745,40.00982944556575,40.20657406547303,40.38596357379821
E01002778,Islington 012B,755.0,0.3456953642384106,1,0.0773769290119598,0.0386884645059799,True,1.03868846450598,261.0,34.06324861505049,0.412,34.06324861505049,34.608845448828234,35.624516371556915,36.55059357526571
E01002779,Islington 012C,776.0,0.4149484536082474,2,0.0600146604934411,0.0113802726336804,True,1.0113802726336805,322.0,40.91952639414722,0.23,40.91952639414722,40.84821844476558,40.71547315325633,40.59443750517841
E01002781,Islington 012D,643.0,0.3685847589424572,2,0.0519251543202159,0.0158079668207947,True,1.0158079668207947,236.99999999999997,30.249639905466374,0.303,30.249639905466374,30.412407196552525,30.7154111630214,30.99168673584798
E01002782,Islington 012E,558.0,0.4247311827956989,2,0.0181261574074074,0.0090630787037037,True,1.0090630787037036,236.99999999999997,30.04878458299512,0.496,30.04878458299512,30.77638598340835,32.13087255661566,33.36587801961246
E01002739,Islington 013A,816.0,0.4950980392156863,3,0.0581770833321759,0.0193923611107253,True,1.0193923611107254,404.0,51.746739245110284,0.188,51.746739245110284,51.44448364350433,50.88181134268212,50.36877313385963
E01002740,Islington 013B,980.0,0.4663265306122449,8,0.3057943672827927,0.0224283613039038,True,1.0224283613039038,457.0,58.709629075275025,0.097,58.709629075275025,57.84536696295424,56.23647585003791,54.7695072191761
E01002745,Islington 013C,681.0,0.4772393538913362,1,0.0,0.0,True,1.0,324.99999999999994,40.836038961038945,0.166,40.836038961038945,40.50984696968604,39.90261521844925,39.348948209180364
E01002795,Islington 013D,854.0,0.3852459016393442,5,0.0912276234560183,0.0182455246912036,True,1.0182455246912037,328.99999999999994,42.09288147410977,0.296,42.09288147410977,42.290622524916785,42.65873286409136,42.99437168758277
E01002796,Islington 013E,503.0,0.4493041749502982,9,0.1560177469128081,0.0173353052125342,True,1.0173353052125342,225.99999999999997,28.88901963133073,0.282,28.88901963133073,28.985266066359642,29.16443628770843,29.327801659170284
E01002716,Islington 014A,1033.0,0.3223620522749273,5,0.1148070987642743,0.012990895061574,True,1.012990895061574,332.9999999999999,42.384788843337674,0.485,42.384788843337674,43.365598683557295,45.191452452794934,46.856245167795635
E01002718,Islington 014B,750.0,0.4706666666666667,3,0.0535142746913579,0.0178380915637859,True,1.017838091563786,353.0,45.14541543072089,0.201,45.14541543072089,44.938988097415894,44.55470756806863,44.204324948960505
E01002721,Islington 014C,800.0,0.385,4,0.1131157407384255,0.0192720389656153,True,1.0192720389656154,308.0,39.44582790796931,0.298,39.44582790796931,39.638832167575785,39.99812460167542,40.32572335953966
E01002775,Islington 014D,661.0,0.340393343419062,9,0.1902831790084869,0.0191171982163279,True,1.0191171982163278,225.0,28.81156819308011,0.218,28.81156819308011,28.72762237423574,28.571350706208403,28.42886397541094
E01002776,Islington 014E,889.0,0.3487064116985376,4,0.1318942901230707,0.0164867862653838,True,1.016486786265384,309.99999999999994,39.59348043774612,0.342,39.59348043774612,39.95720492321397,40.6343063301562,41.251679697391864
E01002780,Islington 014F,764.0,0.3599476439790576,0,0.0,,False,1.0,275.0,34.55357142857142,0.294,34.55357142857142,34.70915125656737,34.99877520171471,35.2628510231713
E01002708,Islington 015A,1001.0,0.3276723276723277,2,0.2144633487445986,0.0536158371861496,True,1.0536158371861497,328.0,43.42265581463022,0.329,43.42265581463022,43.766472774605305,44.406514775160446,44.99009779685205
E01002712,Islington 015B,612.0,0.3366013071895425,4,0.1706913580235337,0.023127443415477,True,1.023127443415477,206.00000000000003,26.48239157271709,0.253,26.48239157271709,26.49567865483592,26.520413591185445,26.542966625023364
E01002713,Islington 015C,1051.0,0.3349191246431969,2,0.0755115740736881,0.024332368827064,True,1.024332368827064,351.99999999999994,45.30475734126556,0.324,45.30475734126556,45.64137212359061,46.268006710527125,46.83936500486358
E01002765,Islington 015D,1072.0,0.3423507462686567,1,0.1073993055551697,0.0536996527775848,True,1.0536996527775848,367.0,48.58958051439856,0.35,48.58958051439856,49.07387894151108,49.975438114674816,50.79746952207045
E01002766,Islington 015E,934.0,0.3843683083511777,1,0.296194058621142,0.148097029310571,True,1.148097029310571,358.99999999999994,51.78849499130048,0.368,51.78849499130048,52.39564205550647,53.525893517312625,54.55644395428404
E01002717,Islington 016A,535.0,0.5570093457943925,4,0.0121894290123456,0.0030473572530864,True,1.0030473572530865,298.0,37.55761023460046,0.278,37.55761023460046,37.66807718778352,37.87372000923023,38.061222796586335
E01002719,Islington 016B,690.0,0.5376811594202898,3,0.0971631944440584,0.020702803497878,True,1.020702803497878,371.0,47.58098909669312,0.15,47.58098909669312,47.126631196603114,46.28080864217555,45.50959725026753
E01002720,Islington 016C,933.0,0.3408360128617363,6,0.1886199845679008,0.0244125514403291,True,1.024412551440329,318.0,40.931933459595946,0.53,40.931933459595946,42.05886206775057,44.15672728329541,46.06953694348561
E01002790,Islington 016D,694.0,0.3991354466858789,2,0.0367291666658949,0.0111114004626735,True,1.0111114004626736,276.99999999999994,35.19160097993445,0.448,35.19160097993445,35.87889642526801,37.15835032956527,38.324941857835704
E01002791,Islington 016E,851.0,0.3948296122209165,2,0.0163198302465277,0.0081599151232638,True,1.0081599151232639,335.99999999999994,42.56267859847669,0.195,42.56267859847669,42.34314087924322,41.93445434724175,41.5618186123006
E01002793,Islington 016F,900.0,0.2944444444444444,6,0.3990335648113421,0.0503965727877121,True,1.050396572787712,264.99999999999994,34.97513653319602,0.371,34.97513653319602,35.39540944675642,36.177780148870205,36.89113686300229
E01002698,Islington 017A,1037.0,0.4185149469623915,5,0.0715316358009258,0.0143063271601851,True,1.014306327160185,434.0,55.311968213366995,0.23,55.311968213366995,55.2155794381997,55.03614423961725,54.872537264925384
E01002699,Islington 017B,741.0,0.4885290148448043,1,0.0054911265432098,0.0054911265432098,True,1.0054911265432098,362.0,45.73482918244948,0.272,45.73482918244948,45.842570316194944,46.0431388128436,46.22601488852122
E01002700,Islington 017C,610.0,0.6491803278688525,20,0.5024417438213726,0.0220862364966627,True,1.0220862364966627,396.0,50.85609088168394,0.102,50.85609088168394,50.13225342622149,48.784773729162595,47.556157056201094
E01002714,Islington 017D,719.0,0.4617524339360223,4,0.1021581790123455,0.0255395447530863,True,1.0255395447530864,332.0,42.78098145066738,0.143,42.78098145066738,42.34323714742133,41.528342095119285,40.78533004814195
E01002792,Islington 017E,884.0,0.3925339366515837,13,0.1834664351836415,0.0141128027064339,True,1.014112802706434,347.0,44.21564745540399,0.175,44.21564745540399,43.901291280780086,43.31609282254309,42.78251551941145
E01002722,Islington 018A,698.0,0.3051575931232091,3,0.0413464506172837,0.009152199074074,True,1.009152199074074,212.99999999999997,27.008254844764597,0.36,27.008254844764597,27.30380452296629,27.85399322602895,28.35564903229696
E01002797,Islington 018B,874.0,0.2906178489702517,1,0.0444074074070215,0.0222037037035107,True,1.0222037037035108,254.0,32.623564826833665,0.373,32.623564826833665,33.021947373888814,33.76356745691758,34.4397682197202
E01002798,Islington 018C,898.0,0.522271714922049,3,0.0232233796296295,0.0077411265432098,True,1.00774112654321,469.00000000000006,59.38572652304293,0.209,59.38572652304293,59.16054491403223,58.741351842434234,58.359136364101346
E01002799,Islington 018D,858.0,0.3298368298368298,3,0.0287087191358024,0.0095695730452674,True,1.0095695730452674,283.0,35.89904844463984,0.385,35.89904844463984,36.37946648604732,37.27380201954604,38.089246994395594
E01002800,Islington 018E,795.0,0.3044025157232704,2,0.1445694444436727,0.0361423611109181,True,1.0361423611109182,241.99999999999994,31.506128794636982,0.293,31.506128794636982,31.64491289187387,31.903270278452965,32.13883760716794
E01002694,Islington 019A,666.0,0.3498498498498498,1,0.1261554783946758,0.0630777391973379,True,1.0630777391973378,232.99999999999997,31.122981435442572,0.427,31.122981435442572,31.66703885587608,32.67984404098493,33.6033082977026
E01002697,Islington 019B,827.0,0.2998790810157195,5,0.2960003858016971,0.0236164351851272,True,1.0236164351851271,248.0,31.896951617963552,0.302,31.896951617963552,32.06547021740427,32.37918069150248,32.665218336300384
E01002709,Islington 019C,701.0,0.3609129814550642,2,0.1771890432094905,0.0591549961418787,True,1.0591549961418787,253.0,33.66978078806736,0.388,33.66978078806736,34.13022234504916,34.98737009974607,35.768907680542824
E01002710,Islington 019D,642.0,0.4018691588785046,2,0.2302716049371141,0.115135802468557,True,1.115135802468557,257.99999999999994,36.1499510822323,0.386,36.1499510822323,36.63725438293915,37.54440736190835,38.37153913786087
E01002715,Islington 019E,685.0,0.3284671532846715,1,0.1308572530864197,0.0654286265432098,True,1.0654286265432098,225.0,30.120843394886357,0.459,30.120843394886357,30.741438006473324,31.89672312318963,32.95009896218747
E01002696,Islington 020A,860.0,0.3662790697674418,4,0.118323302467978,0.0156651234566453,True,1.0156651234566454,314.99999999999994,40.1995639204488,0.176,40.1995639204488,39.91768327681108,39.39294054426891,38.91448608471464
E01002794,Islington 020B,1016.0,0.3336614173228346,8,0.0345381944440583,0.0043172743055072,True,1.004317274305507,338.99999999999994,42.7790247298579,0.184,42.7790247298579,42.51245230844084,42.016207021678454,41.5637362092977
E01002801,Islington 020C,758.0,0.3997361477572559,0,0.0,,False,1.0,303.0,38.07175324675324,0.191,38.07175324675324,37.86051928504528,37.4672908432414,37.10874961925307
E01002802,Islington 020D,824.0,0.4259708737864077,14,0.3508688271585642,0.0215225832229662,True,1.0215225832229662,350.99999999999994,45.05213088872013,0.231,45.05213088872013,44.97801755132189,44.84004981191886,44.71425239520724
E01035655,Islington 020F,747.0,0.4203480589022758,4,0.1807465277754627,0.0296219618052661,True,1.029621961805266,314.0,40.622597907354645,0.237,40.622597907354645,40.57955545684117,40.49942858893611,40.42636982146437
E01035656,Islington 020G,721.0,0.2552011095700416,0,0.0,,False,1.0,184.0,23.119480519480515,0.219,23.119480519480515,23.054375283437338,22.933176825028802,22.822669448136242
E01002695,Islington 021A,744.0,0.260752688172043,0,0.0,,False,1.0,194.0,24.375974025974024,0.334,24.375974025974024,24.580874155310685,24.962311675740573,25.31010207163014
E01002711,Islington 021B,962.0,0.2713097713097713,7,0.1670640432071756,0.0238662918867393,True,1.0238662918867394,261.0,33.577163163832424,0.224,33.577163163832424,33.498991268169796,33.353468207030744,33.22078193383044
E01002727,Islington 021C,802.0,0.327930174563591,3,0.1299803240729165,0.0273233667693543,True,1.0273233667693542,263.0,33.94870116660767,0.253,33.94870116660767,33.96573434048057,33.99744291786488,34.02635443833921
E01002728,Islington 021D,438.0,0.2899543378995434,3,0.0083217592592592,0.0027739197530864,True,1.0027739197530865,127.0,16.001732266865076,0.265,16.001732266865076,16.028498509851055,16.07832595207302,16.123758047575873
E01002729,Islington 021E,661.0,0.4205748865355522,5,0.2341412037010027,0.0319506687238939,True,1.031950668723894,278.0,36.04657293679507,0.275,36.04657293679507,36.142043104751316,36.31976824459454,36.48181600716372
E01002707,Islington 022B,890.0,0.247191011235955,2,0.0988688271593362,0.0311452546292437,True,1.0311452546292437,219.99999999999994,28.50380096725122,0.305,28.50380096725122,28.662737126120714,28.95860914212234,29.228381883571263
E01002723,Islington 022C,735.0,0.3034013605442177,10,0.6397523147827926,0.0404926890415315,True,1.0404926890415316,223.0,29.154402453562728,0.348,29.154402453562728,29.439298177015143,29.96965371503544,30.453225866832202
E01002724,Islington 022D,963.0,0.2824506749740395,4,0.3949834104930555,0.049183497299238,True,1.049183497299238,272.0,35.857549240164595,0.136,35.857549240164595,35.466153800386216,34.73754076075584,34.073199672292
E01002725,Islington 022E,562.0,0.302491103202847,1,0.3854587191018517,0.1927293595509258,True,1.1927293595509258,170.0,25.477163819758246,0.415,25.477163819758246,25.892694165512495,26.666236208950934,27.371543052445173
E01002726,Islington 022F,786.0,0.3282442748091603,1,0.0796905864193672,0.0398452932096836,True,1.0398452932096836,258.0,33.709218553835726,0.297,33.709218553835726,33.87086479968797,34.17178185329984,34.446154602702286
E01033489,Islington 022G,679.0,0.251840942562592,2,0.1320555555547838,0.0517414158948687,True,1.0517414158948688,170.99999999999997,22.597757038855427,0.076,22.597757038855427,22.218788837716875,21.513310068952567,20.87006254573123
E01033490,Islington 022H,557.0,0.2854578096947935,1,0.0167214506172839,0.0167214506172839,True,1.016721450617284,158.99999999999997,20.312312019751072,0.229,20.312312019751072,20.274932896057003,20.205348751313572,20.141902718996988
E01002701,Islington 023A,678.0,0.2492625368731563,3,0.1498850308638116,0.034372749485468,True,1.034372749485468,168.99999999999997,21.964636667077286,0.441,21.964636667077286,22.378604817526703,23.14923871295454,23.851893940145345
E01002702,Islington 023B,1116.0,0.2482078853046595,1,0.1745235339494596,0.0436308834873649,True,1.0436308834873649,277.0,36.323437363299355,0.388,36.323437363299355,36.820168249661876,37.74487141226341,38.58800524618477
E01002703,Islington 023C,1126.0,0.2602131438721137,6,0.0109506172835647,0.0018251028805941,True,1.001825102880594,293.0,36.882451376861496,0.384,36.882451376861496,37.37243074137664,38.28456542117177,39.116239455317704
E01002704,Islington 023D,1121.0,0.2194469223907225,2,0.1897160493823301,0.0628413387344714,True,1.0628413387344713,245.99999999999991,32.8521497175971,0.379,32.8521497175971,33.27255817386636,34.05518119927026,34.76876797891047
E01002706,Islington 023E,913.0,0.276013143483023,2,0.5449421296022374,0.1250750707237975,True,1.1250750707237975,252.00000000000003,35.62396792119079,0.356,35.62396792119079,35.999893878147574,36.69970927285253,37.3377929959738
E01002852,Kensington and Chelsea 001A,851.0,0.391304347826087,3,0.2388418209849535,0.0509073431063528,True,1.0509073431063527,333.0,43.97125980956453,0.419,43.97125980956453,44.705590368877694,46.072603794526124,47.319031099204466
E01002853,Kensington and Chelsea 001B,589.0,0.4142614601018676,2,0.0366334876539351,0.0183167438269675,True,1.0183167438269676,244.0,31.220004378601583,0.354,31.220004378601583,31.543364030126916,32.145323160578435,32.69418265414143
E01002854,Kensington and Chelsea 001C,459.0,0.3986928104575163,4,0.1500389660482251,0.0375097415120562,True,1.0375097415120562,183.0,23.856323832345883,0.519,23.856323832345883,24.487523411903393,25.66255050096506,26.733926845969464
E01002855,Kensington and Chelsea 001D,724.0,0.3881215469613259,2,0.1526998456786263,0.0383260030863232,True,1.0383260030863233,280.99999999999994,36.66066164208713,0.468,36.66066164208713,37.44819593525695,38.914252247728335,40.25098573093723
E01002857,Kensington and Chelsea 001E,555.0,0.3945945945945946,3,0.1041114969124228,0.0347038323041409,True,1.0347038323041409,219.0,28.472160356906766,0.489,28.472160356906766,29.14213690560755,30.389350337389843,31.52654536925109
E01002904,Kensington and Chelsea 002A,497.0,0.5472837022132797,3,0.1839305555540122,0.0613101851846707,True,1.0613101851846707,272.0,36.271998484830895,0.555,36.271998484830895,37.35911760942694,39.382874376395705,41.22811279545579
E01002905,Kensington and Chelsea 002B,654.0,0.5275229357798165,9,0.2829216820979934,0.025581983024627,True,1.025581983024627,344.99999999999994,44.45798002062761,0.414,44.45798002062761,45.17874757209675,46.520512404206755,47.74391832826032
E01002906,Kensington and Chelsea 002C,645.0,0.6403100775193798,10,0.3218788580239192,0.0257619084361367,True,1.0257619084361367,413.0,53.2300492166416,0.328,53.2300492166416,53.646326037136994,54.4212577013397,55.12783158525301
E01002907,Kensington and Chelsea 002D,515.0,0.4796116504854369,1,0.0966967592592591,0.0241741898148147,True,1.0241741898148147,247.0,31.785645009807887,0.556,31.785645009807887,32.74140395329805,34.52062353072738,36.14289571965942
E01002876,Kensington and Chelsea 003A,696.0,0.8103448275862069,10,0.3388757716033947,0.0338875771603394,True,1.0338875771603393,564.0,73.26771873104964,0.168,73.26771873104964,72.69676660344277,71.63389483003985,70.66478042714886
E01002877,Kensington and Chelsea 003B,760.0,0.6302631578947369,7,0.1677989969131941,0.0208691027336309,True,1.020869102733631,479.0,61.44206759124719,0.382,61.44206759124719,62.246327590648924,63.74352010558731,65.1086432243263
E01002878,Kensington and Chelsea 003C,756.0,0.3981481481481481,6,0.0631423611107251,0.0076262860081982,True,1.0076262860081981,300.99999999999994,38.10888414877822,0.315,38.10888414877822,38.35856507182985,38.82336552117939,39.247165288194296
E01002908,Kensington and Chelsea 003D,592.0,0.6672297297297297,7,0.0408094135802466,0.0058299162257495,True,1.0058299162257496,395.0,49.92084095579519,0.226,49.92084095579519,49.81436159234683,49.616141979200734,49.43540758880447
E01002909,Kensington and Chelsea 003E,1021.0,0.494613124387855,15,0.5208067129579468,0.026642373970949,True,1.026642373970949,504.99999999999994,65.14345855747155,0.235,65.14345855747155,65.06172098491842,64.90956013903923,64.77082160915478
E01002829,Kensington and Chelsea 004A,722.0,0.4210526315789473,7,0.1681222993815583,0.0196687334654706,True,1.0196687334654706,303.99999999999994,38.94869712816416,0.33,38.94869712816416,39.260890324162446,39.84206222953014,40.37196816751946
E01002830,Kensington and Chelsea 004B,824.0,0.3701456310679611,10,0.1186404320976075,0.0103236882714891,True,1.010323688271489,304.99999999999994,38.718687189975704,0.31,38.718687189975704,38.95347229508013,39.39054302126677,39.78905914186464
E01002831,Kensington and Chelsea 004C,889.0,0.3790776152980877,9,0.1294729938267743,0.0111889789094435,True,1.0111889789094435,336.99999999999994,42.817615402724236,0.4,42.817615402724236,43.453293998849226,44.63665912546603,45.71563799834702
E01002832,Kensington and Chelsea 004D,786.0,0.4020356234096692,6,0.1933973765420522,0.032232896090342,True,1.032232896090342,316.0,40.98500822359743,0.318,40.98500822359743,41.26553099025609,41.78774592923548,42.26389557534895
E01002856,Kensington and Chelsea 004E,771.0,0.3372243839169909,9,0.3600516975262341,0.0275076731820772,True,1.0275076731820771,260.0,33.56747469986382,0.352,33.56747469986382,33.90859703917507,34.54362279387503,35.12263205960815
E01002870,Kensington and Chelsea 005A,690.0,0.3956521739130434,7,0.2798117283931325,0.0352199900790894,True,1.0352199900790895,272.99999999999994,35.510398432417475,0.408,35.510398432417475,36.06531389784242,37.09833217784614,38.04022650475645
E01002872,Kensington and Chelsea 005B,655.0,0.4793893129770992,7,0.0932588734548609,0.0093930776011628,True,1.0093930776011628,313.99999999999994,39.8244896116682,0.433,39.8244896116682,40.54397390917793,41.88334986427773,43.10457763742424
E01002879,Kensington and Chelsea 005C,701.0,0.442225392296719,4,0.1272600308630398,0.0183547935955343,True,1.0183547935955344,310.0,39.66624174923904,0.337,39.66624174923904,40.01128122459513,40.65359903257471,41.239257109610165
E01002880,Kensington and Chelsea 005D,454.0,0.4229074889867841,3,0.1303279320972221,0.023564171810378,True,1.023564171810378,191.99999999999997,24.693153318895554,0.544,24.693153318895554,25.406733837449124,26.73511944904112,27.94632635188826
E01002881,Kensington and Chelsea 005E,510.0,0.5235294117647059,9,0.1344641203692127,0.0149404578188014,True,1.0149404578188015,267.0,34.049604729207445,0.445,34.049604729207445,34.70462905419871,35.92400775910631,37.03582340335956
E01002882,Kensington and Chelsea 006A,560.0,0.5321428571428571,10,0.2320393518495365,0.0216208140429976,True,1.0216208140429976,298.0,38.253065584520364,0.196,38.253065584520364,38.059489577137334,37.69913279010189,37.370563567327764
E01002883,Kensington and Chelsea 006B,649.0,0.6040061633281972,9,0.1803765432083331,0.0159891332303026,True,1.0159891332303026,392.0,50.04208294401617,0.071,50.04208294401617,49.178452889774015,47.570738402109505,46.10484260477934
E01002884,Kensington and Chelsea 006C,594.0,0.3484848484848485,4,0.0435690586415894,0.0108922646603973,True,1.0108922646603973,207.0,26.292717022623297,0.121,26.292717022623297,25.967239283112804,25.361337167209157,24.808882504325034
E01002885,Kensington and Chelsea 006D,803.0,0.2914072229140722,4,0.0670775462951388,0.0167693865737847,True,1.0167693865737848,233.99999999999994,29.8950006848535,0.158,29.8950006848535,29.63286646284062,29.14488322931064,28.699945663164588
E01002886,Kensington and Chelsea 006E,665.0,0.6120300751879699,9,0.1472002314791664,0.0097962534291409,True,1.009796253429141,407.0,51.64025911732809,0.085,51.64025911732809,50.8195953951944,49.29186607510632,47.89889984449875
E01002833,Kensington and Chelsea 007A,651.0,0.4254992319508449,9,0.1246493055551694,0.0138499228394632,True,1.0138499228394633,277.0,35.286914895606365,0.143,35.286914895606365,34.9258515106419,34.25370394917018,33.640847441931484
E01002871,Kensington and Chelsea 007B,645.0,0.8914728682170543,19,0.3626589506141969,0.0179366370206404,True,1.0179366370206404,575.0,73.54426953020064,0.048,73.54426953020064,72.1099763070268,69.43992796499796,67.00540823324243
E01002873,Kensington and Chelsea 007C,656.0,0.6158536585365854,11,0.2005219907388111,0.0170758803309132,True,1.0170758803309132,404.0,51.62914926557715,0.142,51.62914926557715,51.095830542716776,50.10301627800509,49.19777951529826
E01002874,Kensington and Chelsea 007D,587.0,0.5366269165247018,11,0.285767746911265,0.0259788860828422,True,1.0259788860828423,315.0,40.60777795711976,0.236,40.60777795711976,40.560788646975745,40.47331439302544,40.39355636246454
E01002875,Kensington and Chelsea 007E,578.0,0.8096885813148789,21,0.5038518518479929,0.0196110376247886,True,1.0196110376247887,468.0,59.957101522873764,0.087,59.957101522873764,59.01596846038872,57.26397609751875,55.66652937337031
E01002824,Kensington and Chelsea 008A,551.0,0.6696914700544465,9,0.2510077160474533,0.0222919881685742,True,1.0222919881685741,369.00000000000006,47.398169735856136,0.054,47.398169735856136,46.50154050831557,44.832395494082185,43.31048804081682
E01002825,Kensington and Chelsea 008B,728.0,0.7431318681318682,8,0.3940135030837187,0.0415483458716241,True,1.0415483458716241,541.0,70.80060147081308,0.07,70.80060147081308,69.5718105136766,67.28432061635827,65.19861332651145
E01002826,Kensington and Chelsea 008C,635.0,0.4881889763779528,4,0.0305636574070215,0.0076409143517553,True,1.0076409143517553,310.0,39.24892223856496,0.076,39.24892223856496,38.590711185503324,37.36540013854505,36.24817545223421
E01002827,Kensington and Chelsea 008D,795.0,0.6364779874213836,11,0.1778869598749997,0.0161715418068181,True,1.016171541806818,506.0,64.60673495444631,0.026,64.60673495444631,63.20804843208864,60.604284731821494,58.23020258306438
E01002828,Kensington and Chelsea 008E,628.0,0.5732484076433121,6,0.0477685185173609,0.0079614197528934,True,1.0079614197528934,360.0,45.593891233757496,0.112,45.593891233757496,44.9894420880075,43.86421301115301,42.838241927698476
E01002864,Kensington and Chelsea 009A,531.0,0.8851224105461394,11,0.3046655092584871,0.0216637380751437,True,1.0216637380751437,470.0,60.334551077431115,0.041,60.334551077431115,59.11666699422985,56.84948109068136,54.7822867515883
E01002866,Kensington and Chelsea 009B,766.0,0.5221932114882507,11,0.4625231481446755,0.0420475589222432,True,1.042047558922243,400.00000000000006,52.37303964972832,0.15,52.37303964972832,51.87292175036681,50.94191339974915,50.09303056705645
E01002867,Kensington and Chelsea 009C,810.0,0.4814814814814814,7,0.1734486882692898,0.0247783840384699,True,1.0247783840384699,389.99999999999994,50.21746802043059,0.262,50.21746802043059,50.28676636837285,50.41577063056908,50.533395250638186
E01002868,Kensington and Chelsea 009D,528.0,0.9772727272727272,13,0.2023167438240735,0.0106119420701269,True,1.010611942070127,516.0,65.52309088826875,0.021,65.52309088826875,64.07259679588961,61.3723892763215,58.91037074926061
E01002869,Kensington and Chelsea 009E,749.0,0.4859813084112149,8,0.0903406635802467,0.0112925829475308,True,1.0112925829475308,363.99999999999994,46.252845316445686,0.186,46.252845316445686,45.973653025381566,45.453914870157334,44.98002352732189
E01002887,Kensington and Chelsea 010A,551.0,0.4246823956442831,6,0.2549174382704471,0.0332490997940778,True,1.0332490997940778,234.0,30.379536356867558,0.045,30.379536356867558,29.778167627467376,28.65867298513068,27.637930493894586
E01002889,Kensington and Chelsea 010B,566.0,0.6625441696113075,9,0.0852442129618053,0.0094715792179783,True,1.0094715792179783,375.0,47.564793160392554,0.031,47.564793160392554,46.55825886348554,44.68451701821293,42.97606049975678
E01002890,Kensington and Chelsea 010C,565.0,0.8884955752212389,13,0.3564633487623451,0.0219285671887909,True,1.021928567188791,502.0,64.45913976040102,0.033,64.45913976040102,63.107678637187846,60.59182868889978,58.2979053000111
E01002891,Kensington and Chelsea 010D,560.0,0.6017857142857143,10,0.1701944444429007,0.0126663001541666,True,1.0126663001541667,337.0,42.88017084409293,0.05,42.88017084409293,42.05227119340979,40.51107162977993,39.10582338420739
E01002892,Kensington and Chelsea 010E,641.0,0.4898595943837753,11,0.2859810956770827,0.0224685044891624,True,1.0224685044891624,313.99999999999994,40.34036614562142,0.059,40.34036614562142,39.59693143824345,38.2129699331833,36.95108956232122
E01002813,Kensington and Chelsea 011A,682.0,0.7419354838709677,17,0.3367256944409715,0.0150645538305872,True,1.0150645538305871,506.0,64.53635424032895,0.063,64.53635424032895,63.37220059106314,61.20503806748181,59.22904390942441
E01002815,Kensington and Chelsea 011B,631.0,0.375594294770206,2,0.0266631944444444,0.0133315972222222,True,1.013331597222222,237.0,30.175896352475636,0.165,30.175896352475636,29.93191133369983,29.4777142529797,29.06358251696824
E01002816,Kensington and Chelsea 011C,545.0,0.4513761467889908,4,0.1484278549359565,0.0206786747681326,True,1.0206786747681327,245.99999999999997,31.548912725738877,0.062,31.548912725738877,30.976731928903103,29.911572892209424,28.94037298864586
E01002817,Kensington and Chelsea 011D,607.0,0.729818780889621,9,0.1016446759255398,0.0112938528806155,True,1.0112938528806155,443.0,56.29130825704726,0.07,56.29130825704726,55.3143356167773,53.49562509356359,51.83734550910077
E01002865,Kensington and Chelsea 011E,562.0,0.8096085409252669,14,0.0376350308634258,0.0026882164902447,True,1.0026882164902446,455.0,57.324141104118404,0.034,57.324141104118404,56.12786732599822,53.900910685420605,51.87039693107764
E01002818,Kensington and Chelsea 012A,720.0,0.4444444444444444,12,0.4681072530833329,0.0316888663835519,True,1.031688866383552,320.0,41.48193156264255,0.046,41.48193156264255,40.664836661354016,39.143750978722125,37.75684234123867
E01002819,Kensington and Chelsea 012B,571.0,0.5709281961471103,7,0.1929818672820213,0.0221576554230323,True,1.0221576554230323,326.0,41.86930328684434,0.054,41.86930328684434,41.07726339853309,39.60281957042483,38.25843844578675
E01002859,Kensington and Chelsea 012C,664.0,0.5240963855421686,14,0.2946222993796291,0.0186169532625798,True,1.0186169532625797,348.0,44.54001844077635,0.031,44.54001844077635,43.59749240067905,41.84290690168877,40.24309578549819
E01002860,Kensington and Chelsea 012D,573.0,0.7225130890052356,17,0.4219355709834097,0.0225749024144198,True,1.0225749024144197,414.0,53.1931512061797,0.052,53.1931512061797,52.17651723191684,50.28397405206123,48.55837469041938
E01002863,Kensington and Chelsea 012E,554.0,0.6534296028880866,11,0.253487654319058,0.0197030197810219,True,1.019703019781022,362.0,46.38125806922158,0.051,46.38125806922158,45.49028787847335,43.83167760118269,42.31937560132886
E01002812,Kensington and Chelsea 013A,734.0,0.4577656675749318,2,0.067006558641975,0.018273148148148,True,1.018273148148148,335.99999999999994,42.98964090909089,0.081,42.98964090909089,42.289672311458496,40.98662634890072,39.79852385004453
E01002834,Kensington and Chelsea 013B,612.0,0.446078431372549,10,0.1125652006153546,0.0112565200615354,True,1.0112565200615353,273.0,34.68839694838353,0.099,34.68839694838353,34.184520320120406,33.24651480343534,32.39125203424887
E01002839,Kensington and Chelsea 013C,855.0,0.2947368421052631,4,0.0749729938260029,0.0187432484565007,True,1.0187432484565007,251.99999999999994,32.257115767036275,0.16,32.257115767036275,31.98056473291287,31.46574348282454,30.996335318208796
E01002850,Kensington and Chelsea 013D,631.0,0.4199683042789223,3,0.095894290122685,0.0268697916664094,True,1.0268697916664093,264.99999999999994,34.19176346894434,0.146,34.19176346894434,33.85191534830193,33.21926165071633,32.64241519970042
E01002888,Kensington and Chelsea 013E,826.0,0.3861985472154963,5,0.0782268518518518,0.0156453703703703,True,1.0156453703703703,318.99999999999994,40.70924282738093,0.067,40.70924282738093,39.99078978021715,38.65333357780941,37.433856213348534
E01002821,Kensington and Chelsea 014A,537.0,0.6163873370577281,8,0.4527322530829469,0.0339250819827353,True,1.0339250819827353,331.0,43.00087702166961,0.047,43.00087702166961,42.15805860970062,40.58908661209922,39.15851577687979
E01002823,Kensington and Chelsea 014B,606.0,0.5033003300330033,9,0.154420138886188,0.009330461248028,True,1.009330461248028,305.0,38.680623699159405,0.321,38.680623699159405,38.95669758073116,39.47063057424903,39.93922883661936
E01002858,Kensington and Chelsea 014C,638.0,0.3322884012539185,6,0.0739147376535491,0.0123191229422581,True,1.0123191229422581,212.0,26.96581497489435,0.251,26.96581497489435,26.974081884294012,26.98947137884062,27.0035033450585
E01002861,Kensington and Chelsea 014D,552.0,0.605072463768116,6,0.1912654320968361,0.0235402520574523,True,1.0235402520574524,334.0,42.95479412352018,0.129,42.95479412352018,42.45658910715711,41.529141736955424,40.6835057657336
E01002862,Kensington and Chelsea 014E,715.0,0.2853146853146853,3,0.1276851851836418,0.0295651363164222,True,1.0295651363164222,203.99999999999997,26.390294929191196,0.311,26.390294929191196,26.55289746113087,26.855594715639604,27.13159063198688
E01002814,Kensington and Chelsea 015A,1021.0,0.4995102840352595,1,0.0,0.0,True,1.0,509.99999999999994,64.08116883116881,0.33,64.08116883116881,64.59481129871729,65.55099668446331,66.42283565163581
E01002847,Kensington and Chelsea 015B,715.0,0.3496503496503496,8,0.1118996913576385,0.0139874614197048,True,1.0139874614197049,249.99999999999994,31.851716523492343,0.134,31.851716523492343,31.49782962941025,30.839041663642167,30.238366283927203
E01002848,Kensington and Chelsea 015C,710.0,0.2845070422535211,9,0.06743595678858,0.0056179483880315,True,1.0056179483880314,201.99999999999997,25.523758927690242,0.234,25.523758927690242,25.48924281109196,25.424988376637753,25.366401913587918
E01002851,Kensington and Chelsea 015D,796.0,0.2462311557788944,8,0.2484810956759255,0.0263826195985001,True,1.0263826195985002,195.99999999999994,25.277004695384868,0.409,25.277004695384868,25.674471075385654,26.414385642216647,27.089031334734216
E01002835,Kensington and Chelsea 016C,646.0,0.479876160990712,10,0.2645354938260024,0.0177056712962383,True,1.0177056712962382,309.99999999999994,39.640957592665465,0.056,39.640957592665465,38.89880766568867,37.51723787922873,36.25753825020318
E01002836,Kensington and Chelsea 016D,708.0,0.4152542372881356,6,0.1564293981469905,0.0183736175410236,True,1.0183736175410236,294.0,37.61964722616317,0.088,37.61964722616317,37.03281110836991,35.940370052356776,34.94429471365225
E01002837,Kensington and Chelsea 016E,493.0,0.6328600405679513,5,0.1812488425910493,0.0362497685182098,True,1.0362497685182097,312.0,40.62368248375412,0.027,40.62368248375412,39.74817486474937,38.118349366874924,36.6322930017386
E01035713,Kensington and Chelsea 016F,995.0,0.5336683417085427,18,0.5421246141940577,0.023611636230967,True,1.023611636230967,531.0,68.29516896446592,0.055,68.29516896446592,67.00989639774511,64.61726159310295,62.43568437178556
E01002846,Kensington and Chelsea 017A,714.0,0.3025210084033613,6,0.0585555555547837,0.0071319444443479,True,1.0071319444443478,215.99999999999997,27.333822564932436,0.258,27.333822564932436,27.36087319637892,27.411230049829477,27.457144856473533
E01002849,Kensington and Chelsea 017B,739.0,0.3937753721244925,8,0.3202519290096448,0.0400314911262056,True,1.0400314911262056,290.99999999999994,38.02767092083112,0.119,38.02767092083112,37.54950451571194,36.65936057821413,35.84773745295852
E01002893,Kensington and Chelsea 017C,904.0,0.3595132743362831,6,0.2231674382692897,0.0371945730448816,True,1.0371945730448815,324.99999999999994,42.35491799503893,0.229,42.35491799503893,42.276975626033895,42.13187984661218,41.99958316402546
E01002894,Kensington and Chelsea 017D,653.0,0.3813169984686064,3,0.0238850308641974,0.0079616769547324,True,1.0079616769547324,248.99999999999997,31.535782817009366,0.159,31.535782817009366,31.262338706617744,30.75330123659951,30.289166656915956
E01002898,Kensington and Chelsea 017E,674.0,0.6632047477744807,13,0.2004567901211415,0.0121741156218987,True,1.0121741156218986,447.0,56.84902210627162,0.053,56.84902210627162,55.76806408796528,53.755776699341226,51.92099592910033
E01002899,Kensington and Chelsea 018A,636.0,0.4779874213836478,9,0.1189976851844132,0.0084790809326988,True,1.008479080932699,304.0,38.52128146544485,0.312,38.52128146544485,38.762387446233596,39.211224973914085,39.62046993037815
E01002900,Kensington and Chelsea 018B,568.0,0.9630281690140844,5,0.393212962960648,0.0397727237652006,True,1.0397727237652006,546.9999999999999,71.46378185751023,0.023,71.46378185751023,69.89572490095073,66.97666496995285,64.31509930152329
E01002901,Kensington and Chelsea 018C,440.0,0.6386363636363637,9,0.1845354938248455,0.0205039437583161,True,1.020503943758316,281.0,36.03140986100181,0.091,36.03140986100181,35.479896946001816,34.45321277814056,33.517093822691244
E01002902,Kensington and Chelsea 018D,713.0,0.4712482468443197,7,0.0497199074074073,0.0059708994708994,True,1.0059708994708993,335.99999999999994,42.47026233766232,0.142,42.47026233766232,42.03155307377428,41.2148616722177,40.47021173440653
E01002903,Kensington and Chelsea 018E,566.0,0.96113074204947,12,0.0592596450609565,0.0049383037550797,True,1.0049383037550796,544.0,68.69079584836018,0.013,68.69079584836018,67.11655428258375,64.18598122071491,61.51391801040998
E01002844,Kensington and Chelsea 019A,611.0,0.618657937806874,8,0.0905902777766199,0.0089888840662133,True,1.0089888840662133,378.0,47.92238568003573,0.11,47.92238568003573,47.27771446163721,46.07760886953956,44.98336623049737
E01002845,Kensington and Chelsea 019B,614.0,0.4592833876221498,3,0.0189506172835648,0.0063168724278549,True,1.0063168724278548,282.0,35.65694336218879,0.249,35.65694336218879,35.660915804266196,35.66831081402517,35.67505349987522
E01002910,Kensington and Chelsea 019C,632.0,0.6376582278481012,14,0.3629193672824066,0.0184386574073384,True,1.0184386574073383,403.0,51.570360859709695,0.168,51.570360859709695,51.168489370269874,50.42037434974912,49.73825157675972
E01002911,Kensington and Chelsea 019D,595.0,0.8235294117647058,11,0.1088796296280858,0.0071893062568742,True,1.0071893062568742,490.0,62.01081433295162,0.056,62.01081433295162,60.8498605083274,58.68865470708221,56.7180918207496
E01002914,Kensington and Chelsea 019E,574.0,0.6707317073170732,15,0.2911890432079468,0.0152606095678111,True,1.0152606095678112,385.0,49.11323198784286,0.067,49.11323198784286,48.24646196887325,46.63290219275651,45.161676727850384
E01002896,Kensington and Chelsea 020C,755.0,0.623841059602649,8,0.3571361882681325,0.0318771942512056,True,1.0318771942512055,471.0,61.067363420950315,0.063,61.067363420950315,59.965785948618986,57.915113843297256,56.04533432463396
E01002897,Kensington and Chelsea 020D,697.0,0.479196556671449,2,0.0612935956782405,0.0192759452157599,True,1.0192759452157598,333.99999999999994,42.77583445672034,0.143,42.77583445672034,42.33814281863536,41.52334580662504,40.78042315167143
E01002912,Kensington and Chelsea 020E,684.0,0.4985380116959064,10,0.4051786265416662,0.0289216628085261,True,1.028921662808526,341.0,44.085618531121014,0.116,44.085618531121014,43.51837265743682,42.462400363848396,41.49957682823604
E01035714,Kensington and Chelsea 020F,934.0,0.7066381156316917,13,0.2683337191327153,0.0173698065050747,True,1.0173698065050747,660.0,84.36902466802796,0.039,84.36902466802796,82.6495266297049,79.44854735143223,76.52993082631941
E01002840,Kensington and Chelsea 021A,538.0,0.3996282527881041,5,0.033491898148148,0.0066983796296296,True,1.0066983796296296,215.0,27.195564505546532,0.535,27.195564505546532,27.957575454288115,29.376118076830142,30.669529117579586
E01002841,Kensington and Chelsea 021B,609.0,0.5615763546798029,17,0.4874158950582554,0.0275544662307438,True,1.0275544662307439,342.0,44.15615059204671,0.269,44.15615059204671,44.2472462561779,44.41682791706121,44.57145054806969
E01002842,Kensington and Chelsea 021C,403.0,0.3598014888337469,0,0.0,,False,1.0,145.0,18.21915584415584,0.588,18.21915584415584,18.823876771343453,19.94961179047331,20.976044186344236
E01002843,Kensington and Chelsea 021D,631.0,0.393026941362916,3,0.1467125771597219,0.0388209233537807,True,1.0388209233537806,248.0,32.37073926616962,0.488,32.37073926616962,33.129294240044246,34.54140329669158,35.828948285179095
E01002913,Kensington and Chelsea 021E,815.0,0.6061349693251534,4,0.1510949074062497,0.0335117187497588,True,1.033511718749759,494.00000000000006,64.15087771660434,0.216,64.15087771660434,63.95144689310623,63.580190910698164,63.241683925458396
E01003006,Kingston upon Thames 001A,595.0,1.122689075630252,1,0.0,0.0,True,1.0,668.0,83.93376623376622,0.088,83.93376623376622,82.62446725942246,80.18710542909125,77.9647466140968
E01003007,Kingston upon Thames 001B,558.0,1.2867383512544803,2,0.0144672067901234,0.0072336033950617,True,1.0072336033950617,718.0,90.86882222109487,0.093,90.86882222109487,89.49567749202838,86.93946182568318,84.60873343384766
E01003008,Kingston upon Thames 001C,508.0,1.2322834645669292,6,0.0398113425925925,0.006635223765432,True,1.006635223765432,626.0,79.17839694151331,0.056,79.17839694151331,77.69603513501761,74.93650338811129,72.42039370481453
E01003009,Kingston upon Thames 001D,776.0,1.1211340206185567,4,0.108587962962577,0.0198092206789158,True,1.0198092206789158,870.0,111.48037873713768,0.158,111.48037873713768,110.5028633773616,108.68314253959431,107.0239417618043
E01003010,Kingston upon Thames 001E,530.0,1.258490566037736,1,0.0,0.0,True,1.0,667.0,83.80811688311687,0.048,83.80811688311687,82.17365352029765,79.13097290137553,76.3566912947109
E01002952,Kingston upon Thames 002A,471.0,1.713375796178344,0,0.0,,False,1.0,807.0,101.39902597402595,0.038,101.39902597402595,99.32255028451968,95.45702935584869,91.93249130676871
E01002953,Kingston upon Thames 002B,438.0,1.5890410958904109,0,0.0,,False,1.0,696.0,87.45194805194804,0.067,87.45194805194804,85.9085609930251,83.0354259944039,80.41573415735434
E01002955,Kingston upon Thames 002C,531.0,1.2881355932203389,0,0.0,,False,1.0,684.0,85.94415584415583,0.206,85.94415584415583,85.59310908157484,84.93960824139808,84.3437536027063
E01002956,Kingston upon Thames 002D,438.0,1.5022831050228311,4,0.0221041666666666,0.0055260416666666,True,1.0055260416666667,658.0,83.13415078124999,0.108,83.13415078124999,81.99957204005312,79.8874655071014,77.96167077555972
E01002959,Kingston upon Thames 002E,473.0,1.5961945031712474,0,0.0,,False,1.0,755.0,94.86525974025972,0.027,94.86525974025972,92.82075632246452,89.01475426322261,85.54448484282477
E01002935,Kingston upon Thames 003A,811.0,0.812577065351418,7,0.2423395061720674,0.0233676146384111,True,1.0233676146384112,659.0,84.73782885197333,0.136,84.73782885197333,83.81289113335664,82.09104766218161,80.52109035482259
E01002938,Kingston upon Thames 003B,784.0,1.0076530612244898,9,0.0788275462955244,0.0087586162550582,True,1.0087586162550581,790.0,100.13239342456457,0.093,100.13239342456457,98.61926422492326,95.80245658370909,93.23412339095314
E01002951,Kingston upon Thames 003C,579.0,1.0569948186528495,2,0.0237260802469135,0.0118630401234567,True,1.0118630401234567,611.9999999999999,77.80963956980516,0.124,77.80963956980516,76.86921177551082,75.11853232420792,73.52228269790442
E01002954,Kingston upon Thames 003D,630.0,0.6507936507936508,0,0.0,,False,1.0,410.0,51.51623376623376,0.264,51.51623376623376,51.597378414234974,51.74843548496469,51.88616760521286
E01002957,Kingston upon Thames 003E,575.0,0.8486956521739131,0,0.0,,False,1.0,488.0,61.316883116883105,0.318,61.316883116883105,61.736567836744406,62.51784357055902,63.23020190504082
E01002933,Kingston upon Thames 004A,808.0,0.8675742574257426,11,0.1293950617283949,0.011763187429854,True,1.011763187429854,701.0,89.11629864554634,0.227,89.11629864554634,88.93491286655451,88.59724913738133,88.2893711868474
E01002934,Kingston upon Thames 004B,662.0,1.1782477341389728,4,0.1131975308641973,0.0282993827160493,True,1.0282993827160494,780.0,100.78001677489176,0.097,100.78001677489176,99.29643816011435,96.53464122999259,94.01646617838502
E01002937,Kingston upon Thames 004D,666.0,0.987987987987988,25,0.2506813271597214,0.0100272530863888,True,1.0100272530863887,658.0,83.50629866540146,0.058,83.50629866540146,81.95920808227953,79.07917868543663,76.45320061444696
E01003011,Kingston upon Thames 004E,702.0,0.9715099715099716,12,0.3981296296288574,0.0312621742112053,True,1.0312621742112054,682.0000000000001,88.37180217151308,0.079,88.37180217151308,86.91566245083436,84.20494515527523,81.73334393391484
E01033569,Kingston upon Thames 004G,806.0,0.6339950372208437,1,0.0462982253086419,0.0462982253086419,True,1.046298225308642,511.00000000000006,67.179479916351,0.145,67.179479916351,66.50519580297555,65.24996350466586,64.10545696144356
E01034576,Kingston upon Thames 004H,587.0,0.6422487223168655,0,0.0,,False,1.0,377.00000000000006,47.369805194805195,0.154,47.369805194805195,46.93595356197354,46.12830501827803,45.39190025548775
E01034577,Kingston upon Thames 004I,633.0,0.5908372827804107,0,0.0,,False,1.0,374.0,46.99285714285713,0.228,46.99285714285713,46.90179431814189,46.7322737903844,46.57770689986526
E01002964,Kingston upon Thames 005A,1051.0,0.6051379638439581,7,0.1510439814810955,0.0215777116401565,True,1.0215777116401565,636.0,81.6373264030568,0.219,81.6373264030568,81.40743294152655,80.9794683901471,80.58925517624198
E01002969,Kingston upon Thames 005B,658.0,0.662613981762918,5,0.0303248456790121,0.0060649691358024,True,1.0060649691358023,436.0,55.115374796176035,0.435,55.115374796176035,56.1218664779438,57.995528991821594,59.70391317681362
E01002971,Kingston upon Thames 005C,729.0,0.8847736625514403,6,0.1375173611107251,0.0229195601851208,True,1.0229195601851209,645.0,82.90132013493795,0.18,82.90132013493795,82.35237189012136,81.33046205519321,80.39869628224947
E01002972,Kingston upon Thames 005D,889.0,0.6366704161979753,2,0.0,0.0,True,1.0,566.0,71.11753246753246,0.221,71.11753246753246,70.93114259188947,70.5841633477637,70.2677916165718
E01002974,Kingston upon Thames 005E,716.0,0.8938547486033519,10,0.1098013117276232,0.0077641975308063,True,1.0077641975308063,640.0,81.03994689754222,0.208,81.03994689754222,80.72474780203865,80.13798018105248,79.6029721331605
E01002932,Kingston upon Thames 006A,674.0,0.9198813056379822,0,0.0,,False,1.0,620.0,77.9025974025974,0.326,77.9025974025974,78.49661813331511,79.60243390484466,80.61070415714639
E01002960,Kingston upon Thames 006B,581.0,1.182444061962134,6,0.350867283946759,0.0323061985593492,True,1.0323061985593491,686.9999999999998,89.10981061843358,0.08,89.10981061843358,87.65020587603487,84.93303817316077,82.4555555437229
E01002962,Kingston upon Thames 006C,529.0,1.2457466918714557,0,0.0,,False,1.0,659.0000000000001,82.80292207792208,0.266,82.80292207792208,82.94950730033301,83.222387087911,83.47119577680205
E01002970,Kingston upon Thames 006D,644.0,0.9332298136645962,5,0.0,0.0,True,1.0,601.0,75.51525974025972,0.307,75.51525974025972,75.95106784989149,76.76235852725391,77.50208414612692
E01002973,Kingston upon Thames 006E,524.0,0.9980916030534353,1,0.0079857253086419,0.0079857253086419,True,1.007985725308642,523.0000000000001,66.23938921694624,0.395,66.23938921694624,67.19047334521083,68.9609903906609,70.57532770984311
E01002929,Kingston upon Thames 007A,670.0,1.144776119402985,3,0.0718761574070215,0.0239587191356738,True,1.0239587191356738,767.0,98.682026831923,0.078,98.682026831923,97.04637163334907,94.00147231951196,91.22516773204048
E01002930,Kingston upon Thames 007B,797.0,0.835633626097867,9,0.3758082561705245,0.0196506844420367,True,1.0196506844420368,666.0,85.32688529527901,0.191,85.32688529527901,84.85346512194724,83.97215666391077,83.16858962840814
E01002931,Kingston upon Thames 007C,722.0,1.0401662049861495,7,0.0989594907407406,0.01413707010582,True,1.01413707010582,751.0,95.69667391050167,0.128,95.69667391050167,94.57741155694578,92.49381767033853,90.5940204456725
E01002963,Kingston upon Thames 007D,773.0,0.8124191461836999,2,0.066200617283179,0.0331003086415895,True,1.0331003086415895,628.0,81.51966448409654,0.21,81.51966448409654,81.2185091614703,80.65788511550846,80.14671448218817
E01002985,Kingston upon Thames 007E,598.0,1.0418060200668895,4,0.0384656635802467,0.0070442708333333,True,1.0070442708333334,622.9999999999999,78.83096777343748,0.298,78.83096777343748,79.21667935248385,79.93471144347785,80.58940494323315
E01002927,Kingston upon Thames 008A,639.0,1.050078247261346,2,0.0275416666666666,0.0137708333333333,True,1.0137708333333333,671.0,85.47174308035713,0.169,85.47174308035713,84.8140293054436,83.5896439804182,82.47326335684446
E01002928,Kingston upon Thames 008B,744.0,0.8911290322580645,3,0.1284733796296295,0.0428244598765431,True,1.042824459876543,663.0,86.87303335700754,0.242,86.87303335700754,86.8233713188529,86.73092157392335,86.6466269472367
E01002958,Kingston upon Thames 008C,650.0,1.106153846153846,11,0.3176983024683637,0.0258048014870405,True,1.0258048014870405,718.9999999999999,92.67313747667966,0.1,92.67313747667966,91.33602942299724,88.84689882949971,86.57733784462948
E01002961,Kingston upon Thames 008D,597.0,1.3986599664991626,4,0.017599537037037,0.0043998842592592,True,1.0043998842592592,835.0000000000001,105.37883136329815,0.085,105.37883136329815,103.7041576598952,100.58662236588064,97.74408911722952
E01002986,Kingston upon Thames 008E,477.0,1.3417190775681342,2,0.1955810185162035,0.0488952546290508,True,1.0488952546290509,640.0,84.34752489172834,0.178,84.34752489172834,83.77253880968965,82.70215751649783,81.72619601881298
E01002965,Kingston upon Thames 009A,1144.0,0.7482517482517482,4,0.0587253086415894,0.0099449266974826,True,1.0099449266974827,856.0,108.62547914185988,0.163,108.62547914185988,107.7259960729504,106.05153841114094,104.52478694619674
E01002967,Kingston upon Thames 009B,953.0,0.8037775445960126,6,0.0940304783946756,0.0108183942043252,True,1.0108183942043252,766.0,97.28864493984368,0.082,97.28864493984368,95.714059289646,92.78284568787666,90.11019844057054
E01002968,Kingston upon Thames 009C,1149.0,0.6727589208006962,1,0.0078055555555555,0.0078055555555555,True,1.0078055555555554,773.0,97.88507784090906,0.158,97.88507784090906,97.02677283543379,95.42897134003721,93.97211409639053
E01002990,Kingston upon Thames 009D,888.0,0.7398648648648649,6,0.1075015432091048,0.0135491255143389,True,1.013549125514339,657.0,83.67012568316567,0.097,83.67012568316567,82.43842109398555,80.14550724410176,78.0548544559519
E01002991,Kingston upon Thames 009E,680.0,0.9588235294117649,4,0.5136311728371913,0.1284077932092978,True,1.1284077932092977,652.0000000000001,92.44297662783859,0.084,92.44297662783859,90.96485799549562,88.2132252471542,85.70431778097264
E01002922,Kingston upon Thames 010A,715.0,1.123076923076923,1,0.0025474537037037,0.0025474537037037,True,1.0025474537037038,803.0,101.15345755208331,0.141,101.15345755208331,100.09869199769425,98.13516391694816,96.34484132945516
E01002926,Kingston upon Thames 010B,599.0,1.2621035058430718,1,0.0327723765432098,0.0163861882716049,True,1.016386188271605,756.0,96.54744801136361,0.076,96.54744801136361,94.9283310063231,91.91421882548684,89.16598559597355
E01002966,Kingston upon Thames 010C,780.0,0.9551282051282052,8,0.2411983024687495,0.0301497878085936,True,1.0301497878085937,745.0,96.43105067273852,0.125,96.43105067273852,95.27496947360487,93.12283444352573,91.16054218324824
E01002992,Kingston upon Thames 010D,488.0,0.971311475409836,4,0.0214116512345679,0.0053529128086419,True,1.0053529128086418,473.99999999999994,59.87659987655571,0.094,59.87659987655571,58.977630312531296,57.30412857998711,55.77824872048234
E01002921,Kingston upon Thames 011A,905.0,0.6386740331491713,5,0.1149332561724535,0.0229866512344907,True,1.0229866512344907,578.0,74.294737684428,0.218,74.294737684428,74.07827141820633,73.67530263477207,73.30788027798928
E01002987,Kingston upon Thames 011B,958.0,0.6367432150313153,3,0.1180030864193672,0.0221556069958204,True,1.0221556069958204,610.0,78.34424485178678,0.21,78.34424485178678,78.05482037385788,77.516034207298,77.02477510421743
E01002988,Kingston upon Thames 011C,631.0,0.8240887480190174,2,0.0,0.0,True,1.0,520.0,65.33766233766232,0.109,65.33766233766232,64.45233807067578,62.804238119401845,61.30151931535468
E01002989,Kingston upon Thames 011D,919.0,0.8487486398258978,8,0.0209475308641973,0.0026184413580246,True,1.0026184413580246,780.0,98.26311776244587,0.083,98.26311776244587,96.68234922993769,93.73962571206792,91.05648385407768
E01002975,Kingston upon Thames 012A,500.0,1.412,1,0.0580949074070215,0.0290474537035107,True,1.0290474537035108,706.0,91.28519590772098,0.215,91.28519590772098,90.9925027846367,90.44763178100389,89.95082459263759
E01002977,Kingston upon Thames 012B,648.0,1.126543209876543,2,0.0,0.0,True,1.0,729.9999999999999,91.72402597402595,0.273,91.72402597402595,91.94905803093172,92.36797269965966,92.74993433341983
E01002980,Kingston upon Thames 012C,479.0,1.5156576200417538,0,0.0,,False,1.0,726.0,91.22142857142856,0.118,91.22142857142856,90.0654932944263,87.91362990973927,85.95158533264289
E01002981,Kingston upon Thames 012D,523.0,1.537284894837476,0,0.0,,False,1.0,803.9999999999999,101.02207792207788,0.161,101.02207792207788,100.16583975768998,98.57188584766116,97.118536788623
E01002984,Kingston upon Thames 012E,586.0,1.0546075085324231,3,0.0381948302469135,0.0127316100823045,True,1.0127316100823045,618.0,78.63992475874818,0.227,78.63992475874818,78.47986241068143,78.18189390593513,77.91020960987652
E01002923,Kingston upon Thames 013A,858.0,0.6491841491841492,1,0.0821755401230709,0.0821755401230709,True,1.0821755401230708,557.0,75.73788222512628,0.373,75.73788222512628,76.6627551073378,78.38447788050395,79.95432513679033
E01002925,Kingston upon Thames 013B,798.0,0.8458646616541353,8,0.1410794753086416,0.0176349344135802,True,1.0176349344135802,675.0,86.30898887733359,0.148,86.30898887733359,85.46796728326485,83.90234020187586,82.47481922324215
E01002993,Kingston upon Thames 013C,815.0,0.7141104294478527,3,0.0502314814810955,0.0167438271603652,True,1.0167438271603653,582.0,74.35236336579145,0.147,74.35236336579145,73.62059543919024,72.25835255356338,71.016274973057
E01002995,Kingston upon Thames 013D,632.0,1.1629746835443038,0,0.0,,False,1.0,735.0,92.3522727272727,0.054,92.3522727272727,90.60524858227858,87.35302731645962,84.38768892949429
E01002999,Kingston upon Thames 013E,767.0,0.6988265971316818,2,0.0133105709876543,0.0066552854938271,True,1.006655285493827,536.0,67.79627246121932,0.182,67.79627246121932,67.36057672062073,66.54949522694952,65.80996033938868
E01002915,Kingston upon Thames 014A,482.0,1.549792531120332,0,0.0,,False,1.0,747.0,93.86006493506491,0.159,93.86006493506491,93.0462122361674,91.53116216534681,90.14975673011499
E01002916,Kingston upon Thames 014B,533.0,1.3808630393996248,0,0.0,,False,1.0,736.0,92.47792207792206,0.055,92.47792207792206,90.73754515117426,87.4976981988994,84.54364257038303
E01002917,Kingston upon Thames 014C,494.0,1.54251012145749,0,0.0,,False,1.0,762.0,95.74480519480518,0.049,95.74480519480518,93.88689010885814,90.42823673539652,87.27467589889234
E01002920,Kingston upon Thames 014D,587.0,1.3577512776831346,0,0.0,,False,1.0,797.0,100.14253246753245,0.058,100.14253246753245,98.28722847937121,94.83343586743398,91.68430701804257
E01002924,Kingston upon Thames 014E,554.0,1.404332129963899,0,0.0,,False,1.0,778.0,97.75519480519479,0.032,97.75519480519479,95.6961039284235,91.86294618021623,88.36791651125849
E01002976,Kingston upon Thames 015A,648.0,1.2762345679012346,0,0.0,,False,1.0,827.0,103.91201298701297,0.1,103.91201298701297,102.41274800880663,99.6217496936479,97.0769491510527
E01002978,Kingston upon Thames 015B,722.0,1.3421052631578947,1,0.0260898919749227,0.0130449459874613,True,1.0130449459874613,969.0,123.34249801303112,0.117,123.34249801303112,121.7674965959235,118.83550901172806,116.16215605604256
E01002979,Kingston upon Thames 015C,599.0,1.32220367278798,0,0.0,,False,1.0,792.0,99.5142857142857,0.146,99.5142857142857,98.52516612682162,96.68384311705887,95.00494572436347
E01002982,Kingston upon Thames 015D,517.0,1.3965183752417796,0,0.0,,False,1.0,722.0,90.71883116883116,0.162,90.71883116883116,89.95877324478144,88.54386632953843,87.25377028538253
E01002983,Kingston upon Thames 015E,597.0,1.4958123953098827,0,0.0,,False,1.0,893.0,112.20487012987012,0.079,112.20487012987012,110.3560228252446,106.91424983167481,103.77608033370154
E01002994,Kingston upon Thames 016A,596.0,1.2130872483221478,0,0.0,,False,1.0,723.0000000000001,90.84448051948051,0.098,90.84448051948051,89.5160272667626,87.04300825811573,84.78813763319566
E01002996,Kingston upon Thames 016B,592.0,1.152027027027027,4,0.0449077932094906,0.0112269483023726,True,1.0112269483023726,682.0,86.65492641988257,0.097,86.65492641988257,85.37928269788551,83.0045727362775,80.83933918311338
E01002997,Kingston upon Thames 016C,605.0,1.1950413223140497,1,0.0277696759259258,0.0138848379629629,True,1.0138848379629628,723.0000000000001,92.10584141132303,0.063,92.10584141132303,90.44436932074925,87.35140985535682,84.53128456792614
E01002998,Kingston upon Thames 016D,603.0,1.011608623548922,5,0.1148206018510802,0.022964120370216,True,1.022964120370216,609.9999999999999,78.40621425188208,0.241,78.40621425188208,78.35374138962925,78.25605907711741,78.16699345478008
E01003002,Kingston upon Thames 016E,798.0,1.0087719298245614,1,0.0034706790123456,0.0034706790123456,True,1.0034706790123455,805.0,101.49877856691916,0.262,101.49877856691916,101.63884332824851,101.89958477059912,102.13732585427056
E01002918,Kingston upon Thames 017A,609.0,1.3382594417077176,0,0.0,,False,1.0,815.0,102.40422077922076,0.241,102.40422077922076,102.33568740310604,102.20810719543842,102.09178101210338
E01002919,Kingston upon Thames 017B,799.0,1.0112640801001251,2,0.0,0.0,True,1.0,808.0,101.52467532467531,0.338,101.52467532467531,102.41770146699328,104.08013905796797,105.59593075893953
E01003000,Kingston upon Thames 017C,673.0,1.2734026745913818,2,0.0880837191358024,0.0440418595679012,True,1.0440418595679013,857.0,112.42398672156834,0.242,112.42398672156834,112.35971816661737,112.24007725510852,112.13099003177678
E01003001,Kingston upon Thames 017D,636.0,1.3820754716981132,0,0.0,,False,1.0,879.0,110.4457792207792,0.177,110.4457792207792,109.68210729115908,108.26047262358101,106.96424229131047
E01003003,Kingston upon Thames 017E,657.0,1.0380517503805176,3,0.1047303240729164,0.0134107081617369,True,1.013410708161737,682.0,86.8420590415454,0.234,86.8420590415454,86.72462137713221,86.50600203480253,86.30666740319036
E01002939,Kingston upon Thames 018A,599.0,1.2838063439065108,4,0.1279266975297067,0.0159908371912133,True,1.0159908371912132,769.0,98.16945490929109,0.226,98.16945490929109,97.96006298261922,97.57026363224142,97.21484901484195
E01002941,Kingston upon Thames 018B,642.0,1.3006230529595015,2,0.1543908179008485,0.0519666280863553,True,1.0519666280863553,835.0,110.36940130940428,0.119,110.36940130940428,108.9815976763828,106.39809332068977,104.04248341205718
E01002942,Kingston upon Thames 018C,526.0,1.368821292775665,0,0.0,,False,1.0,719.9999999999999,90.46753246753244,0.121,90.46753246753244,89.34763421048702,87.26285654009656,85.36197995483133
E01003004,Kingston upon Thames 018D,609.0,1.270935960591133,4,0.1513398919729938,0.0189174864966242,True,1.0189174864966242,774.0,99.09237210072266,0.176,99.09237210072266,98.39753317951904,97.10403650843281,95.92464094500768
E01003005,Kingston upon Thames 018E,580.0,1.4586206896551723,0,0.0,,False,1.0,846.0,106.29935064935063,0.12,106.29935064935063,104.97309736161459,102.5041737588146,100.25303727839929
E01002944,Kingston upon Thames 019A,529.0,1.2665406427221173,3,0.0069421296296296,0.0023140432098765,True,1.0023140432098765,670.0,84.37987281295091,0.178,84.37987281295091,83.80466621934997,82.73387442674165,81.7575386403544
E01002945,Kingston upon Thames 019B,640.0,1.29375,0,0.0,,False,1.0,828.0,104.03766233766233,0.128,104.03766233766233,102.82084430158922,100.55564292764811,98.49025806009585
E01002946,Kingston upon Thames 019C,606.0,1.4273927392739274,0,0.0,,False,1.0,865.0,108.68668831168829,0.127,108.68668831168829,107.40488976123706,105.0187221079632,102.84304156176083
E01002947,Kingston upon Thames 019D,615.0,1.4894308943089432,0,0.0,,False,1.0,916.0,115.09480519480516,0.092,115.09480519480516,113.34434360875727,110.08572327917774,107.11455029860429
E01002940,Kingston upon Thames 020A,612.0,1.2483660130718954,5,0.0998958333333332,0.0199791666666666,True,1.0199791666666667,764.0,97.91402605519478,0.198,97.91402605519478,97.43765058898944,96.55084062351374,95.74225737605559
E01002943,Kingston upon Thames 020B,512.0,1.408203125,6,0.1480273919753085,0.0246712319958847,True,1.0246712319958846,721.0,92.82822722406351,0.202,92.82822722406351,92.4128286221109,91.63953183000142,90.93444860388152
E01002948,Kingston upon Thames 020C,823.0,1.3961117861482382,0,0.0,,False,1.0,1149.0,144.37110389610385,0.2,144.37110389610385,143.69687934603323,142.44175792944614,141.2973524869183
E01002949,Kingston upon Thames 020D,686.0,1.4198250728862971,1,0.0,0.0,True,1.0,973.9999999999998,122.38246753246747,0.162,122.38246753246747,121.35712623326467,119.44837369109473,117.70799481712265
E01002950,Kingston upon Thames 020E,712.0,1.1137640449438202,7,0.022338348765432,0.003191192680776,True,1.003191192680776,793.0,99.95790529642726,0.265,99.95790529642726,100.1251057930306,100.43636251622299,100.72016285883316
E01003015,Lambeth 002A,802.0,0.3491271820448878,2,0.0787619598757715,0.0393809799378857,True,1.0393809799378857,280.0,36.567312657814696,0.334,36.567312657814696,36.87469102493539,37.44689975202539,37.968633165932346
E01003108,Lambeth 002B,711.0,0.3136427566807314,0,0.0,,False,1.0,223.0,28.01980519480519,0.362,28.01980519480519,28.331892628179837,28.91286764820125,29.442594068369544
E01003110,Lambeth 002C,924.0,0.4458874458874459,9,0.2410976080239195,0.0267886231137688,True,1.0267886231137688,412.0,53.15431338433498,0.193,53.15431338433498,52.869770415571665,52.34007155782952,51.85709815964686
E01003111,Lambeth 002D,804.0,0.3519900497512437,0,0.0,,False,1.0,282.99999999999994,35.55876623376622,0.451,35.55876623376622,36.26364207160927,37.57582324332557,38.77225512206606
E01003112,Lambeth 002E,813.0,0.3665436654366543,4,0.240320216048611,0.0600800540121527,True,1.0600800540121527,297.99999999999994,39.69311438604073,0.348,39.69311438604073,40.080994005837525,40.80306207323972,41.46143553041298
E01003101,Lambeth 003A,635.0,0.3574803149606299,4,0.3310767746631941,0.0559816261538386,True,1.0559816261538386,226.99999999999997,30.119133076619658,0.385,30.119133076619658,30.52220155749805,31.272544870640093,31.956699375515882
E01003105,Lambeth 003B,748.0,0.3462566844919786,7,0.6458819444425151,0.035874889770521,True,1.035874889770521,259.0,33.71066487869111,0.356,33.71066487869111,34.06640048855374,34.728629982473045,35.332443308441526
E01003106,Lambeth 003C,972.0,0.4259259259259259,4,0.2745401234564042,0.068635030864101,True,1.068635030864101,413.99999999999994,55.58914525161834,0.303,55.58914525161834,55.88825937709808,56.44508357588171,56.95278955173221
E01003107,Lambeth 003D,883.0,0.4224235560588901,6,0.3546635802461417,0.0591105967076902,True,1.0591105967076901,372.99999999999994,49.63755641082849,0.192,49.63755641082849,49.366995466254345,48.86332523355298,48.40408443985347
E01033862,Lambeth 003F,744.0,0.2782258064516129,1,0.0,0.0,True,1.0,206.99999999999997,26.009415584415578,0.128,26.009415584415578,25.7052110753973,25.138910731912024,24.62256451502396
E01033863,Lambeth 003G,607.0,0.3443163097199341,2,0.1468645833329473,0.0734322916664736,True,1.0734322916664736,209.0,28.189098716512785,0.396,28.189098716512785,28.596596602913696,29.355185598793746,30.046858423473513
E01003102,Lambeth 004A,784.0,0.3443877551020408,3,0.3214185956585647,0.0588173868278034,True,1.0588173868278035,270.0,35.92072362001206,0.223,35.92072362001206,35.83359042505474,35.67138520859509,35.523488335774964
E01003104,Lambeth 004C,868.0,0.3110599078341013,3,0.1549317129621912,0.0516439043207304,True,1.0516439043207304,269.99999999999994,35.67736089690684,0.228,35.67736089690684,35.608225256743886,35.479523887728334,35.362175442218835
E01003122,Lambeth 004D,895.0,0.3754189944134078,2,0.0706450617280091,0.0353225308640045,True,1.0353225308640046,336.0,43.7094348484767,0.279,43.7094348484767,43.84226118564288,44.089527738672786,44.31498257141078
E01003129,Lambeth 004E,797.0,0.397741530740276,4,0.0950239197527004,0.0237559799381751,True,1.023755979938175,317.0,40.77706489053096,0.24,40.77706489053096,40.74579601649801,40.68758657653145,40.634511870750906
E01033208,Lambeth 004G,954.0,0.2683438155136268,2,0.0715690586369595,0.0119557291658306,True,1.0119557291658305,255.99999999999997,32.55080454542764,0.177,32.55080454542764,32.32573360208083,31.90674654321972,31.52471890495887
E01033864,Lambeth 004H,492.0,0.3495934959349593,4,0.0902797067901233,0.0142217881944444,True,1.0142217881944444,171.99999999999997,21.919045165381487,0.392,21.919045165381487,22.227348424749316,22.801278910661807,23.32458220469443
E01033865,Lambeth 004I,596.0,0.2667785234899328,3,0.0796246141975307,0.0265415380658435,True,1.0265415380658436,158.99999999999994,20.508500149936854,0.121,20.508500149936854,20.25462527409924,19.782017455585656,19.351099018101863
E01033866,Lambeth 004J,624.0,0.1634615384615384,1,0.0326593364189814,0.0326593364189814,True,1.0326593364189813,101.99999999999997,13.234803456429496,0.078,13.234803456429496,13.015436508155483,12.607067879571392,12.234722005353063
E01003098,Lambeth 005A,650.0,0.48,4,0.0646986882708332,0.0161746720677083,True,1.0161746720677083,312.0,39.836686559786806,0.24,39.836686559786806,39.806138791396116,39.74927174564396,39.69742101965109
E01003099,Lambeth 005B,761.0,0.3679369250985545,1,0.0274934413580246,0.0274934413580246,True,1.0274934413580246,280.0,36.149087436868676,0.296,36.149087436868676,36.31890613982153,36.63503685768225,36.92328125323549
E01003100,Lambeth 005C,891.0,0.3198653198653198,4,0.4500995370351078,0.1125248842587769,True,1.112524884258777,284.99999999999994,39.83958834718239,0.098,39.83958834718239,39.25699895458404,38.172463507676824,37.18359641350366
E01003180,Lambeth 005D,655.0,0.5053435114503817,4,0.2479251543202158,0.0238645833332047,True,1.0238645833332047,331.0,42.58246153611477,0.292,42.58246153611477,42.765881483706174,43.10733197587105,43.41866265386222
E01003183,Lambeth 005E,679.0,0.4860088365243004,2,0.1901003086412035,0.0950501543206017,True,1.0950501543206017,329.99999999999994,45.40547247022208,0.374,45.40547247022208,45.96437196544542,47.00480682665158,47.95346350800893
E01003097,Lambeth 006A,687.0,0.3609898107714702,4,0.1245501543202158,0.0311375385800539,True,1.0311375385800539,248.00000000000003,32.13131701388287,0.328,32.13131701388287,32.382594679068404,32.850367588036676,33.27687760994835
E01003121,Lambeth 006B,637.0,0.3846153846153846,0,0.0,,False,1.0,244.99999999999997,30.7840909090909,0.433,30.7840909090909,31.340247943071155,32.375577499464576,33.31957922191815
E01003123,Lambeth 006C,697.0,0.5179340028694405,4,0.1636215277739195,0.0404573688261959,True,1.040457368826196,361.0,47.194538190454985,0.163,47.194538190454985,46.803739563993894,46.07623753875207,45.412909460580444
E01003124,Lambeth 006D,608.0,0.3651315789473684,2,0.0,0.0,True,1.0,222.0,27.89415584415584,0.292,27.89415584415584,28.01430729661949,28.237978566384687,28.441919488014765
E01003125,Lambeth 006E,694.0,0.3645533141210375,1,0.0252361111111111,0.0252361111111111,True,1.025236111111111,253.0,32.59152366071427,0.401,32.59152366071427,33.07856404720248,33.98522759091378,34.81191310536082
E01003181,Lambeth 007A,699.0,0.3776824034334764,2,0.0638877314814814,0.0319438657407407,True,1.0319438657407407,264.0,34.23105223214285,0.333,34.23105223214285,34.515452094253725,35.0448845478367,35.527615041734855
E01003184,Lambeth 007B,596.0,0.3406040268456375,0,0.0,,False,1.0,202.99999999999994,25.50681818181817,0.358,25.50681818181817,25.78095975034054,26.291295592892034,26.756614013894733
E01003185,Lambeth 007C,796.0,0.3743718592964824,2,0.1201284722206789,0.0600642361103394,True,1.0600642361103394,298.0,39.69252210833148,0.232,39.69252210833148,39.631098885031285,39.51675477959663,39.41249712384236
E01003186,Lambeth 007D,1191.0,0.4450041981528128,5,0.1996909722218364,0.0399381944443672,True,1.0399381944443673,530.0,69.25380618911824,0.207,69.25380618911824,68.97769056665486,68.4636798692221,67.99501075730537
E01003187,Lambeth 007E,991.0,0.4520686175580222,2,0.4020760030841047,0.2010380015420523,True,1.2010380015420523,448.0,67.60752095953079,0.354,67.60752095953079,68.30776251468411,69.61131660888776,70.7998824164035
E01003089,Lambeth 008A,739.0,0.401894451962111,3,0.1401601080239197,0.0233600180039866,True,1.0233600180039866,297.0,38.189602957584476,0.343,38.189602957584476,38.5441573524141,39.20418792271761,39.80599629512512
E01003091,Lambeth 008B,679.0,0.4609720176730486,3,0.2199780092584875,0.0389131944441872,True,1.0389131944441872,313.0,40.85863446630481,0.29,40.85863446630481,41.026655108317506,41.33943859595045,41.62463102502503
E01003092,Lambeth 008C,950.0,0.3905263157894736,6,0.6362256944417436,0.0773531700099022,True,1.0773531700099022,370.99999999999994,50.221797431984314,0.339,50.221797431984314,50.66845654242436,51.49994720138702,52.258090933899716
E01003126,Lambeth 008D,714.0,0.3179271708683473,2,0.0662407407403549,0.0331203703701774,True,1.0331203703701775,227.0,29.467075135275874,0.292,29.467075135275874,29.594001789630987,29.8302856244456,30.04572653953929
E01003128,Lambeth 008E,713.0,0.3562412342215988,0,0.0,,False,1.0,253.99999999999994,31.914935064935054,0.396,31.914935064935054,32.37629314929144,33.23514709095024,34.018240353627135
E01003046,Lambeth 009A,744.0,0.3870967741935484,3,0.2585679012334103,0.0861893004111367,True,1.0861893004111367,288.0,39.305946320332346,0.436,39.305946320332346,40.02756900219565,41.370925726015265,42.59578311883698
E01003048,Lambeth 009B,738.0,0.4051490514905149,4,0.1569421296292436,0.0392355324073109,True,1.0392355324073108,299.0,39.04320167579452,0.441,39.04320167579452,39.77905004107062,41.14888898051873,42.39789255656614
E01003075,Lambeth 009C,675.0,0.4044444444444444,3,0.0379911265432098,0.0126637088477366,True,1.0126637088477366,272.99999999999994,34.736666721906545,0.474,34.736666721906545,35.503208191196066,36.93018472995697,38.23128571965889
E01003182,Lambeth 009D,744.0,0.4905913978494624,6,0.3771327160470676,0.0628554526745112,True,1.062855452674511,365.0,48.74469057387599,0.345,48.74469057387599,49.20675213520332,50.06691565393435,50.851202974101675
E01003188,Lambeth 009E,551.0,0.4936479128856624,2,0.2225725308622685,0.1112862654311342,True,1.1112862654311342,272.0,37.98001215725418,0.392,37.98001215725418,38.51422162899726,39.508694092004106,40.4154427810702
E01003088,Lambeth 010A,654.0,0.4327217125382263,3,0.0906354166662807,0.0302118055554269,True,1.0302118055554268,283.0,36.63306076501165,0.313,36.63306076501165,36.8659230137533,37.29941419333086,37.69466652401401
E01003093,Lambeth 010B,954.0,0.3427672955974842,1,0.0638908179012345,0.0638908179012345,True,1.0638908179012345,326.99999999999994,43.7124412709686,0.434,43.7124412709686,44.50643229389481,45.98450831077698,47.33220122385739
E01003094,Lambeth 010C,655.0,0.4244274809160305,3,0.3736261574070214,0.0690046296295652,True,1.0690046296295652,278.0,37.34088704004103,0.231,37.34088704004103,37.27945914073071,37.16510633053969,37.06084073788748
E01003096,Lambeth 010D,859.0,0.4179278230500582,8,0.228125385802083,0.0285156732252603,True,1.0285156732252603,359.0,46.394405203962684,0.163,46.394405203962684,46.01023215080089,45.2950641453515,44.64298208624398
E01003127,Lambeth 010E,793.0,0.4817150063051702,8,0.454768518513503,0.0284230324070939,True,1.028423032407094,382.0,49.3623021340488,0.18,49.3623021340488,49.03543943665767,48.42695911398762,47.87215367147657
E01003045,Lambeth 011A,701.0,0.4950071326676177,1,0.1277793209876543,0.1277793209876543,True,1.1277793209876543,347.0,49.171544557178926,0.402,49.171544557178926,49.911151266774006,51.287986656359045,52.54336951612299
E01003047,Lambeth 011B,818.0,0.2970660146699266,5,0.2079949845671294,0.0415989969134258,True,1.0415989969134258,242.99999999999997,31.80292573660242,0.333,31.80292573660242,32.06715213644762,32.559030121665856,33.00751887813535
E01003049,Lambeth 011C,754.0,0.3925729442970822,3,0.0753171296292437,0.0251057098764145,True,1.0251057098764145,296.0,38.12594457070227,0.416,38.12594457070227,38.75149582187566,39.916008108528985,40.97779717620374
E01003059,Lambeth 011D,874.0,0.3695652173913043,2,0.2266219135802469,0.0566554783950617,True,1.0566554783950617,323.0,42.884088134695155,0.295,42.884088134695155,43.0813613740256,43.448600845767174,43.78344562223105
E01003060,Lambeth 011E,688.0,0.3372093023255814,1,0.0944510030856481,0.0944510030856481,True,1.094451003085648,232.0,31.90395742241617,0.404,31.90395742241617,32.390062669070666,33.294985377280405,34.12008361770265
E01003061,Lambeth 011F,648.0,0.2716049382716049,2,0.0489567901234567,0.0122391975308641,True,1.012239197530864,176.0,22.384946825396817,0.3,22.384946825396817,22.49884270751763,22.710868746759203,22.90419167955201
E01003034,Lambeth 012A,695.0,0.5194244604316547,3,0.1218649691358022,0.0406216563786007,True,1.0406216563786006,361.0,47.20199017781985,0.286,47.20199017781985,47.37767210278334,47.70471766424476,48.002914090140166
E01003035,Lambeth 012B,765.0,0.392156862745098,1,0.0551134259247685,0.0551134259247685,True,1.0551134259247685,299.99999999999994,39.772295048657654,0.205,39.772295048657654,39.60596043824599,39.296315629516485,39.01398501219335
E01003036,Lambeth 012C,756.0,0.5211640211640212,8,0.2904074074066354,0.0340874565971257,True,1.0340874565971256,394.0,51.193372469810555,0.166,51.193372469810555,50.784447693195204,50.02320243024942,49.329107651448986
E01003090,Lambeth 012D,1103.0,0.42883046237534,3,0.0510416666666666,0.0170138888888888,True,1.0170138888888889,473.0,60.443314732142845,0.19,60.443314732142845,60.1020582284151,59.46678271622343,58.887545724448
E01003095,Lambeth 012E,695.0,0.6,5,0.1675169753082559,0.0335033950616511,True,1.033503395061651,417.0,54.15121571157602,0.15,54.15121571157602,53.63411774608327,52.671499682271175,51.793795472348855
E01003037,Lambeth 013A,597.0,0.4053601340033501,2,0.0999903549378856,0.0499951774689428,True,1.0499951774689429,242.0,31.927353360609207,0.34,31.927353360609207,32.214422138247464,32.7488229855757,33.23608360442237
E01003038,Lambeth 013B,771.0,0.6277561608300908,7,0.0723711419749227,0.0103387345678461,True,1.010338734567846,484.0,61.443028472218856,0.071,61.443028472218856,60.38264003731638,58.40864452735169,56.60877785686503
E01003039,Lambeth 013C,961.0,0.5535900104058272,6,0.2560817901215276,0.0426802983535879,True,1.0426802983535879,532.0,69.69843848903572,0.08,69.69843848903572,68.55678898209202,66.43151966899589,64.49372326412046
E01003040,Lambeth 013D,593.0,0.5497470489038786,4,0.079861111111111,0.0199652777777777,True,1.0199652777777777,326.0,41.77949979707791,0.15,41.77949979707791,41.380541176103584,40.63784868668818,39.96067011593072
E01003042,Lambeth 013E,505.0,0.3861386138613861,1,0.0,0.0,True,1.0,194.99999999999997,24.501623376623368,0.267,24.501623376623368,24.54738926841038,24.632586033976203,24.710267476512985
E01003072,Lambeth 014A,703.0,0.7297297297297297,5,0.0630999228387345,0.0126199845677469,True,1.0126199845677468,513.0,65.27157732344783,0.129,65.27157732344783,64.51453429921725,63.10523985437667,61.82026119694501
E01003073,Lambeth 014B,661.0,0.5416036308623298,11,0.2914324845671293,0.0195388432939989,True,1.019538843293999,358.0,45.8613729165618,0.373,45.8613729165618,46.4214089105105,47.46395945244939,48.41454518745303
E01003076,Lambeth 014C,963.0,0.4735202492211838,7,0.3548599537021602,0.0506942791003086,True,1.0506942791003087,456.0,60.20068857837326,0.178,60.20068857837326,59.79030833181425,59.02635359841487,58.32978835524944
E01003077,Lambeth 014D,791.0,0.4310998735777497,9,0.7322997685169752,0.0490456247141346,True,1.0490456247141347,341.0,44.94785842748382,0.225,44.94785842748382,44.84760018405472,44.66096166947661,44.490786793129374
E01003078,Lambeth 014E,620.0,0.7709677419354839,8,0.2404486882708331,0.0300560860338541,True,1.0300560860338541,478.0,61.86556984774626,0.129,61.86556984774626,61.148030912518756,59.81227640054674,58.59435061808456
E01003019,Lambeth 015A,885.0,0.5412429378531074,4,0.0684359567893518,0.0171089891973379,True,1.017108989197338,479.00000000000006,61.21576125145393,0.155,61.21576125145393,60.661070483688434,59.62847049584656,58.68695756297532
E01003053,Lambeth 015B,744.0,0.4838709677419355,6,0.1175914351844134,0.0195985725307355,True,1.0195985725307355,360.0,46.120283482137026,0.148,46.120283482137026,45.67087311552763,44.834260779313205,44.07144715969293
E01003054,Lambeth 015C,1005.0,0.3771144278606965,5,0.1344911265428238,0.0268982253085647,True,1.0268982253085648,378.99999999999994,48.90202707814386,0.095,48.90202707814386,48.172598431289195,46.814710296774464,45.576603328838104
E01003056,Lambeth 015D,769.0,0.4213263979193758,3,0.1609498456782407,0.0536499485594135,True,1.0536499485594135,324.0,42.89449991882069,0.193,42.89449991882069,42.664879262030944,42.237422557884784,41.847672393314994
E01003058,Lambeth 015E,857.0,0.441073512252042,6,0.8213148148117283,0.1026081854419688,True,1.1026081854419687,378.0,52.36887695310513,0.181,52.36887695310513,52.027215824926735,51.39118707286321,50.811263285533606
E01003020,Lambeth 016A,829.0,0.3799758745476477,7,0.0607542438267745,0.0086791776895392,True,1.0086791776895392,314.99999999999994,39.923063362416634,0.269,39.923063362416634,40.005426021352896,40.15875051413076,40.29855004403197
E01003050,Lambeth 016B,755.0,0.3615894039735099,1,0.0388885030864197,0.0388885030864197,True,1.0388885030864197,273.0,35.63623676609848,0.234,35.63623676609848,35.58804541204175,35.49833345989674,35.41653512155453
E01003052,Lambeth 016C,786.0,0.4681933842239186,3,0.1544027777758486,0.0514675925919495,True,1.0514675925919494,368.0,48.618769047589296,0.357,48.618769047589296,49.136568401313916,50.100492153848045,50.97938687590731
E01003055,Lambeth 016D,829.0,0.3558504221954162,2,0.0212959104934413,0.0106479552467206,True,1.0106479552467207,295.0,37.461241496994106,0.269,37.461241496994106,37.538525332373595,37.6823952002546,37.813574110631635
E01003176,Lambeth 016E,766.0,0.3550913838120104,3,0.2299205246905863,0.0766401748968621,True,1.0766401748968621,271.99999999999994,36.79592576959196,0.363,36.79592576959196,37.209353121077974,37.978980277191795,38.680717570918205
E01003029,Lambeth 017A,894.0,0.470917225950783,4,0.0888734567901232,0.0222183641975308,True,1.0222183641975309,421.0,54.07369202065295,0.174,54.07369202065295,53.683972372285055,52.958478948647326,52.2969822905895
E01003032,Lambeth 017B,815.0,0.4625766871165644,0,0.0,,False,1.0,377.0,47.36980519480519,0.317,47.36980519480519,47.68940643085296,48.2843689787003,48.82684906776468
E01003041,Lambeth 017C,677.0,0.3205317577548006,1,0.0408506944444444,0.0408506944444444,True,1.0408506944444444,217.0,28.379740411931813,0.305,28.379740411931813,28.53798481365101,28.832569069937687,29.10116764671459
E01003057,Lambeth 017D,721.0,0.4313453536754507,2,0.2234668209868825,0.1117334104934412,True,1.111733410493441,310.99999999999994,43.44314872946722,0.345,43.44314872946722,43.854955818497565,44.621566730085156,45.32055384633376
E01003043,Lambeth 018A,675.0,0.5466666666666666,5,0.2154745370362652,0.043094907407253,True,1.043094907407253,369.0,48.362688981324006,0.21,48.362688981324006,48.184024345062106,47.85142623463204,47.54816705769469
E01003044,Lambeth 018B,686.0,0.3833819241982507,1,0.0380540123452932,0.0380540123452932,True,1.0380540123452933,262.99999999999994,34.30330371120657,0.444,34.30330371120657,34.95986117032082,36.18209392358972,37.29651185670103
E01003051,Lambeth 018C,880.0,0.3852272727272727,7,0.3041550925918209,0.0255278604496803,True,1.0255278604496803,339.0,43.68249240129054,0.268,43.68249240129054,43.768348294986865,43.92817571584715,44.07390454166472
E01003071,Lambeth 018D,1001.0,0.5314685314685315,7,0.2136469907399687,0.0261147211198191,True,1.0261147211198192,532.0,68.59110494903662,0.157,68.59110494903662,67.98297084158072,66.85088192202856,65.81865611196804
E01003074,Lambeth 018E,1093.0,0.4675205855443732,5,0.052663966048611,0.0082524691356867,True,1.0082524691356867,510.9999999999999,64.73668296716427,0.184,64.73668296716427,64.33328400138511,63.582325464907214,62.89761000638615
E01003026,Lambeth 019A,624.0,0.6330128205128205,5,0.0699128086415894,0.0069912808641589,True,1.0069912808641588,395.0,49.97848121730507,0.101,49.97848121730507,49.26225785862453,47.928952394672315,46.71325962635985
E01003027,Lambeth 019B,519.0,0.9152215799614644,5,0.3286099537025462,0.0657219907405092,True,1.065721990740509,475.0,63.605956151907165,0.037,63.605956151907165,62.29721004319397,59.860877415215796,57.639457015229425
E01003028,Lambeth 019C,599.0,0.7362270450751253,8,0.1795451388881171,0.0207869164736689,True,1.020786916473669,441.00000000000006,56.56319502396481,0.153,56.56319502396481,56.039623252682865,55.06495369609732,54.17626107203573
E01003030,Lambeth 019D,746.0,0.5857908847184986,3,0.0306547067901232,0.0102182355967077,True,1.0102182355967078,436.99999999999994,55.46983694346739,0.158,55.46983694346739,54.98344984799146,54.07800245628866,53.25242581542076
E01003033,Lambeth 019E,590.0,0.8305084745762712,6,0.2981500771593362,0.049691679526556,True,1.049691679526556,490.0,64.62760817812362,0.151,64.62760817812362,64.0167760421608,62.879664532788645,61.8428591824146
E01003018,Lambeth 020A,933.0,0.4190782422293676,14,0.1228630401219133,0.0087759314372795,True,1.0087759314372795,391.0,49.56004792769312,0.153,49.56004792769312,49.10130011354778,48.24730539281857,47.468642712557674
E01003171,Lambeth 020B,783.0,0.4776500638569604,7,0.1377291666658949,0.0196755952379849,True,1.019675595237985,374.0,47.917469579076446,0.227,47.917469579076446,47.81993918700431,47.638378779800135,47.47283406404107
E01003173,Lambeth 020C,669.0,0.585949177877429,7,0.2289625771589503,0.0327089395941357,True,1.0327089395941358,391.99999999999994,50.865609406554775,0.14,50.865609406554775,50.330250825626365,49.33363920653517,48.424940059264024
E01003177,Lambeth 020D,668.0,0.4311377245508982,7,0.0714861111103392,0.0078259479717261,True,1.0078259479717262,288.0,36.47021066790152,0.256,36.47021066790152,36.49918540436076,36.55312412887938,36.60230484485346
E01003178,Lambeth 020E,653.0,0.557427258805513,9,0.0625027006168978,0.0054979852537508,True,1.005497985253751,364.0,45.98782148919654,0.174,45.98782148919654,45.65637828733177,45.039370999479196,44.476790767028184
E01003021,Lambeth 021A,635.0,0.5086614173228347,5,0.0751145833329474,0.0089269290122685,True,1.0089269290122684,323.0,40.947037355020306,0.255,40.947037355020306,40.975573158656424,41.02869477560059,41.07713046217512
E01003022,Lambeth 021B,735.0,0.54421768707483,7,0.2166172839486881,0.030945326278384,True,1.030945326278384,400.00000000000006,51.815044320744754,0.229,51.815044320744754,51.71969323766786,51.542189783585634,51.38034415157375
E01003023,Lambeth 021C,1104.0,0.4284420289855072,6,0.6986103395034718,0.1164350565839119,True,1.1164350565839118,472.99999999999994,66.3521277736174,0.221,66.3521277736174,66.17822740875282,65.85449835992036,65.55932589254617
E01003024,Lambeth 021D,784.0,0.4056122448979591,0,0.0,,False,1.0,317.99999999999994,39.95649350649349,0.331,39.95649350649349,40.28066370130807,40.88413172110707,41.43436700282778
E01003025,Lambeth 021E,848.0,0.5625,2,0.0243047839506172,0.0121523919753086,True,1.0121523919753086,477.0,60.66309071631492,0.245,60.66309071631492,60.64617067582753,60.61467270503571,60.58595321325878
E01003136,Lambeth 022A,748.0,0.498663101604278,4,0.1444155092581017,0.0361038773145254,True,1.0361038773145255,372.99999999999994,48.55929571241202,0.215,48.55929571241202,48.403597170326336,48.113752229671654,47.84947490702321
E01003137,Lambeth 022B,754.0,0.4058355437665782,1,0.3869818672739197,0.3869818672739197,True,1.3869818672739198,305.99999999999994,53.32765152152989,0.398,53.32765152152989,54.10895657573389,55.56341667558705,56.889576863927736
E01003159,Lambeth 022C,840.0,0.4809523809523809,1,0.0,0.0,True,1.0,403.99999999999994,50.76233766233765,0.255,50.76233766233765,50.79771370400542,50.86356895583009,50.923615025964196
E01003160,Lambeth 022D,642.0,0.4174454828660436,0,0.0,,False,1.0,268.0,33.674025974025966,0.271,33.674025974025966,33.750068567766746,33.89162776783873,34.02069983756947
E01003162,Lambeth 022E,744.0,0.4341397849462365,1,0.008912037037037,0.008912037037037,True,1.008912037037037,322.99999999999994,40.94643296807357,0.331,40.94643296807357,41.27863462010456,41.89705382190615,42.460921421448745
E01003031,Lambeth 023A,711.0,0.3980309423347398,2,0.0368993055547838,0.0116845100306712,True,1.0116845100306713,283.0,35.97425299450296,0.261,35.97425299450296,36.020385787608376,36.106265568502614,36.18456977665302
E01003156,Lambeth 023B,660.0,0.6621212121212121,3,0.0466967592581017,0.0155520190326002,True,1.0155520190326002,437.0,55.76270841129035,0.168,55.76270841129035,55.328167285130576,54.51923519600112,53.781660111072334
E01003157,Lambeth 023C,571.0,0.7548161120840631,3,0.0,0.0,True,1.0,431.0,54.15487012987012,0.131,54.15487012987012,53.53733165123635,52.38773576360708,51.33954729902979
E01003158,Lambeth 023D,725.0,0.6675862068965517,3,0.1374976851840277,0.0458325617280092,True,1.0458325617280093,483.99999999999994,63.60156021823049,0.095,63.60156021823049,62.652871528215755,60.886813777297725,59.276542392187615
E01003161,Lambeth 023E,530.0,0.6679245283018868,5,0.0879398148148146,0.0175879629629629,True,1.017587962962963,354.0,45.26218043831168,0.165,45.26218043831168,44.89621636503008,44.214945791258955,43.59377102509351
E01003163,Lambeth 023F,602.0,0.8488372093023255,3,0.039345679011574,0.0131152263371913,True,1.0131152263371912,511.0,65.04890513466361,0.15,65.04890513466361,64.42774352156478,63.271402887453384,62.217064639691266
E01003132,Lambeth 024A,538.0,0.5650557620817844,0,0.0,,False,1.0,304.0,38.19740259740259,0.395,38.19740259740259,38.74585184762648,39.7668327653267,40.69775156209965
E01003172,Lambeth 024B,778.0,0.4717223650385604,1,0.0,0.0,True,1.0,367.0,46.11331168831168,0.341,46.11331168831168,46.53243063528901,47.31265313889491,48.02405115004289
E01003174,Lambeth 024C,827.0,0.4715840386940749,3,0.2354402006099535,0.0784800668699845,True,1.0784800668699845,389.99999999999994,52.84902483528789,0.403,52.84902483528789,53.64910291511021,55.1385104616341,56.49653533465299
E01003175,Lambeth 024D,610.0,0.6229508196721312,1,0.0556774691358024,0.0556774691358024,True,1.0556774691358024,380.0,50.405171626984114,0.386,50.405171626984114,51.08463607357909,52.34951196491457,53.502811426653274
E01003179,Lambeth 024E,637.0,0.4505494505494505,2,0.0,0.0,True,1.0,286.99999999999994,36.06136363636362,0.457,36.06136363636362,36.79731588604428,38.167348214387815,39.416528120232144
E01003164,Lambeth 025A,1011.0,0.4826904055390702,4,0.0992785493827158,0.0248196373456789,True,1.0248196373456788,488.0,62.83874591901152,0.268,62.83874591901152,62.96225253214318,63.1921696943341,63.401805549690074
E01003165,Lambeth 025B,703.0,0.7211948790896159,3,0.0386404320983795,0.0128801440327931,True,1.012880144032793,506.99999999999994,64.52474031835398,0.229,64.52474031835398,64.40600059796458,64.18495737720866,63.983412680796135
E01003168,Lambeth 025C,663.0,0.5927601809954751,0,0.0,,False,1.0,393.0,49.3801948051948,0.444,49.3801948051948,50.32532054307742,52.08474558160485,53.68896933494151
E01003169,Lambeth 025D,1024.0,0.53515625,4,0.2083159722218363,0.052078993055459,True,1.052078993055459,548.0,72.44178718546412,0.234,72.44178718546412,72.34382319904013,72.16145562224077,71.99517493841873
E01003170,Lambeth 025E,771.0,0.7756160830090791,6,0.7783622685158176,0.1297270447526362,True,1.1297270447526362,598.0,84.88578281133881,0.089,84.88578281133881,83.56991641769939,81.12032882577462,78.88682270031138
E01003130,Lambeth 026A,783.0,0.558109833971903,3,0.3739672067889659,0.0804694573043338,True,1.0804694573043339,437.0,59.32724485384792,0.221,59.32724485384792,59.1717558006303,58.88230083978995,58.61837909630388
E01003131,Lambeth 026B,946.0,0.6152219873150105,2,0.2067145061724536,0.1033572530862268,True,1.1033572530862268,582.0,80.68622322779973,0.167,80.68622322779973,80.04958757237002,78.86444080545225,77.78383745319412
E01003135,Lambeth 026C,756.0,0.5859788359788359,3,0.1741975308638116,0.0580658436212705,True,1.0580658436212704,442.99999999999994,58.8947617845046,0.223,58.8947617845046,58.751900276066735,58.485952471544444,58.243464286017954
E01003138,Lambeth 026D,646.0,0.6563467492260062,4,0.419101080243441,0.1047752700608602,True,1.1047752700608602,424.0,58.85726120576181,0.088,58.85726120576181,57.93913545986402,56.2299730054924,54.671578105128276
E01003151,Lambeth 026E,814.0,0.4877149877149877,3,0.3690906635790893,0.0966795910489968,True,1.0966795910489968,397.0,54.705440158823635,0.421,54.705440158823635,55.62971056123142,57.350311771403994,58.919136399299944
E01003079,Lambeth 027A,732.0,0.6065573770491803,3,0.1511898148144289,0.025661586934092,True,1.025661586934092,444.0,57.219928298607506,0.296,57.219928298607506,57.48873215219564,57.98913142342396,58.44538979162857
E01003080,Lambeth 027B,674.0,0.7626112759643917,5,0.5493202160489966,0.0651643904320601,True,1.06516439043206,514.0,68.79232799219626,0.219,68.79232799219626,68.59860647894178,68.23797882141446,67.90916262200442
E01003133,Lambeth 027C,709.0,0.6502115655853314,4,0.187616126542824,0.046904031635706,True,1.0469040316357061,461.0,60.641236224685514,0.277,60.641236224685514,60.81368082671019,61.1346998598399,61.427401365697136
E01003134,Lambeth 027D,621.0,0.748792270531401,3,0.0892094907403549,0.0297364969134516,True,1.0297364969134517,465.0,60.164360812357195,0.203,60.164360812357195,59.90100121836776,59.41073685963859,58.96371938946213
E01003152,Lambeth 027E,759.0,0.7549407114624506,1,0.0106489197530864,0.0106489197530864,True,1.0106489197530863,573.0,72.76376902732682,0.159,72.76376902732682,72.13284052918638,70.95831807925741,69.88740185847871
E01003064,Lambeth 028A,624.0,0.7596153846153846,6,0.2350115740733023,0.0391685956788837,True,1.0391685956788836,474.0,61.89058729030617,0.135,61.89058729030617,61.20899440169597,59.9401562500764,58.783244044443876
E01003066,Lambeth 028B,807.0,0.6047087980173482,2,0.3195524691342592,0.1015028935180362,True,1.1015028935180362,488.0,67.54072417475396,0.347,67.54072417475396,68.19413887322709,69.41052113323305,70.51960465308113
E01003081,Lambeth 028C,819.0,0.518925518925519,7,0.3904031635783176,0.0304357087741126,True,1.0304357087741125,425.00000000000006,55.026270519682505,0.345,55.026270519682505,55.547876548380344,56.518886722321675,57.40424276287911
E01003166,Lambeth 028D,1115.0,0.557847533632287,3,0.2094899691346449,0.0698299897115483,True,1.0698299897115482,622.0,83.61138186474855,0.236,83.61138186474855,83.51463091328894,83.33452149538145,83.17029977517186
E01003167,Lambeth 028E,681.0,0.919236417033774,4,0.1413016975308641,0.035325424382716,True,1.035325424382716,626.0000000000001,81.43506752006672,0.115,81.43506752006672,80.3793029436034,78.41391510559849,76.62189681257405
E01003116,Lambeth 029A,635.0,1.0078740157480317,1,0.0231512345679012,0.0231512345679012,True,1.0231512345679012,640.0000000000001,82.27730447330448,0.154,82.27730447330448,81.52374125420462,80.12092473714739,78.84185258064352
E01003117,Lambeth 029B,821.0,0.5456760048721072,6,0.2422939814787807,0.0403823302464634,True,1.0403823302464634,448.0,58.564067171691825,0.222,58.564067171691825,58.416293070298764,58.14120009206781,57.890373441093494
E01003118,Lambeth 029C,702.0,0.7094017094017094,4,0.0429309413576388,0.0053663676697048,True,1.0053663676697049,498.0,62.90916836867256,0.278,62.90916836867256,63.094201018874706,63.4386536823267,63.752721705976235
E01003153,Lambeth 029D,1020.0,0.4235294117647059,1,0.1252380401226852,0.1252380401226852,True,1.1252380401226851,432.0,61.078505357100966,0.183,61.078505357100966,60.691941767535525,59.97232359272187,59.31618391976655
E01003155,Lambeth 029E,725.0,0.6868965517241379,3,0.2126439043209874,0.0564906121399176,True,1.0564906121399176,497.99999999999994,66.10818497249275,0.197,66.10818497249275,65.78010170438439,65.16934919443267,64.61247199738281
E01003083,Lambeth 030A,575.0,0.8452173913043478,2,0.0902770061728394,0.0451385030864197,True,1.0451385030864198,486.0,63.82199348620128,0.172,63.82199348620128,63.3495602527919,62.470089060149185,61.668197222351075
E01003084,Lambeth 030B,635.0,0.7118110236220473,4,0.0320613425922067,0.0080153356480516,True,1.0080153356480517,452.00000000000006,57.248725510681744,0.211,57.248725510681744,57.04281990080059,56.65951060016743,56.31001353636231
E01003085,Lambeth 030C,692.0,0.8742774566473989,8,0.24622415123341,0.0307780189041762,True,1.0307780189041762,605.0,78.35753618705495,0.177,78.35753618705495,77.81573684187012,76.80713523938748,75.88750376153253
E01003149,Lambeth 030D,695.0,0.8805755395683453,2,0.0900447530852622,0.0450223765426311,True,1.0450223765426312,612.0,80.35950641229316,0.151,80.35950641229316,79.59998319411292,78.18607167541596,76.8968832225175
E01003154,Lambeth 030E,822.0,0.6508515815085159,2,0.0368414351844135,0.0184207175922067,True,1.0184207175922066,535.0,68.46068749151897,0.333,68.46068749151897,69.02947544318822,70.08831843483246,71.05375944030513
E01003065,Lambeth 031A,684.0,0.5818713450292398,4,0.3892314814810955,0.0538766878857059,True,1.053876687885706,398.0,52.70273075593628,0.42,52.70273075593628,53.5880217735245,55.23605982845851,56.73872219612645
E01003068,Lambeth 031B,644.0,0.6816770186335404,2,0.1627071759259258,0.0813535879629629,True,1.081353587962963,439.0,59.64753412980248,0.297,59.64753412980248,59.93356271130246,60.466027152650696,60.95152217853309
E01003082,Lambeth 031C,632.0,0.6170886075949367,3,0.2130864197527004,0.0710288065842335,True,1.0710288065842335,390.0,52.48388888888258,0.391,52.48388888888258,53.21698180440392,54.58169125991503,55.826017830808
E01003086,Lambeth 031D,622.0,0.7186495176848875,1,0.0511616512345679,0.0511616512345679,True,1.0511616512345678,447.0,59.03876717058981,0.402,59.03876717058981,59.92679028881449,61.57991436148656,63.08721410232279
E01003087,Lambeth 031E,602.0,0.5498338870431894,0,0.0,,False,1.0,331.0,41.589935064935055,0.511,41.589935064935055,42.65786997259658,44.64591382829204,46.45858962074917
E01003113,Lambeth 032A,740.0,0.6459459459459459,3,0.1856334876535492,0.0618778292178497,True,1.0618778292178497,477.99999999999994,63.776796141458796,0.346,63.776796141458796,64.38757373928648,65.52458372168007,66.561296500909
E01003114,Lambeth 032B,1006.0,0.5984095427435387,7,0.3357129629621911,0.0479589947088844,True,1.0479589947088843,602.0,79.26857104977519,0.222,79.26857104977519,79.06855348915647,78.69620524998338,78.3567023574393
E01003119,Lambeth 032C,849.0,0.552414605418139,10,0.2746427469070214,0.0188092399687114,True,1.0188092399687114,469.00000000000006,60.03796541624709,0.249,60.03796541624709,60.04465408099434,60.05710555042211,60.068458658728844
E01003120,Lambeth 032D,1111.0,0.3636363636363636,5,0.3180401234560184,0.0636080246912036,True,1.0636080246912036,403.99999999999994,53.99122968974684,0.358,53.99122968974684,54.57151533290673,55.65176217113248,56.63671896065222
E01003148,Lambeth 032E,761.0,0.6780551905387647,2,0.0970995370370369,0.0485497685185184,True,1.0485497685185183,516.0,67.98279232954543,0.224,67.98279232954543,67.82451976426321,67.52988307931444,67.26123669867934
E01003150,Lambeth 032F,837.0,0.5340501792114696,1,0.1261315586415895,0.1261315586415895,True,1.1261315586415894,447.00000000000006,63.24947149280841,0.388,63.24947149280841,64.1144217375319,65.7245938624137,67.19273050542627
E01003062,Lambeth 033A,862.0,0.5522041763341067,8,0.1508476080246912,0.0188559510030864,True,1.0188559510030863,475.99999999999994,60.936848196811845,0.279,60.936848196811845,61.12202602792527,61.466748956930545,61.78106340563982
E01003063,Lambeth 033B,601.0,0.5274542429284526,1,0.0339135802465277,0.0339135802465277,True,1.0339135802465278,317.0,41.18165068541031,0.406,41.18165068541031,41.81715280312134,43.0001894014505,44.07886872597271
E01003067,Lambeth 033C,634.0,0.7255520504731862,10,0.1421983024664348,0.0142198302466434,True,1.0142198302466434,460.0,58.62058901964527,0.19,58.62058901964527,58.28962343074671,57.67350525656211,57.111735707848304
E01003069,Lambeth 033D,519.0,0.7976878612716763,3,0.0038213734567901,0.0012737911522633,True,1.0012737911522633,414.0,52.0850922957251,0.337,52.0850922957251,52.538157978962786,53.38157497125816,54.150592998954565
E01003070,Lambeth 033E,661.0,0.5960665658093798,3,0.1870543981477623,0.0623514660492541,True,1.0623514660492541,394.00000000000006,52.592606116966934,0.402,52.592606116966934,53.383670231578336,54.85629758108418,56.19902246117781
E01003115,Lambeth 034A,668.0,0.592814371257485,1,0.1713433641959876,0.1713433641959876,True,1.1713433641959876,396.0,58.282699107066065,0.255,58.282699107066065,58.323316054335834,58.3989276593854,58.467869461503874
E01003141,Lambeth 034B,740.0,0.6824324324324325,9,0.3663078703603392,0.0407008744844821,True,1.0407008744844821,505.0,66.0355114950892,0.315,66.0355114950892,66.46816146195549,67.27357301103461,68.00793810755833
E01003144,Lambeth 034C,522.0,1.1206896551724137,5,0.2259621913576387,0.0451924382715277,True,1.0451924382715276,585.0,76.82673443587092,0.114,76.82673443587092,75.82321771591427,73.95509332473199,72.25175873707008
E01003145,Lambeth 034D,748.0,0.5254010695187166,2,0.1568977623445215,0.0784488811722607,True,1.0784488811722608,393.0,53.25401583973061,0.298,53.25401583973061,53.514582100938235,53.99964645353031,54.44192261721183
E01003147,Lambeth 034E,799.0,0.6670838548185232,4,0.2298560956774689,0.0392004243824266,True,1.0392004243824267,533.0,69.59639959019074,0.259,69.59639959019074,69.67206625035564,69.8129256208497,69.94135959392518
E01003139,Lambeth 035A,538.0,0.8661710037174721,2,0.1739475308641975,0.0434868827160493,True,1.0434868827160493,466.0,61.09886733856419,0.272,61.09886733856419,61.242802745239906,61.5107496948206,61.75506067809004
E01003140,Lambeth 035B,494.0,0.9554655870445344,1,0.0460613425925926,0.0460613425925926,True,1.0460613425925926,472.0,62.03823022186146,0.245,62.03823022186146,62.02092662992895,61.988714648303386,61.959344129563355
E01003142,Lambeth 035C,455.0,0.978021978021978,1,0.0728734567897376,0.0728734567897376,True,1.0728734567897376,445.0,59.98860466267682,0.237,59.98860466267682,59.92504258933394,59.80671684826299,59.69882878238891
E01003143,Lambeth 035D,510.0,0.788235294117647,2,0.2767010030864197,0.1383505015432098,True,1.1383505015432098,402.0,57.49926653476731,0.388,57.49926653476731,58.28558147917475,59.74936787912845,61.08403168190247
E01003146,Lambeth 035E,547.0,0.6946983546617916,1,0.0460077160489969,0.0460077160489969,True,1.046007716048997,380.0,49.94347231239138,0.298,49.94347231239138,50.187840434625215,50.64275069221628,51.05753269479305
E01003013,Lambeth 036A,720.0,0.2597222222222222,3,0.0012735339506172,0.0004245113168724,True,1.0004245113168724,186.99999999999997,23.506403071263218,0.051,23.506403071263218,23.0548520504403,22.214254719985263,21.447807627907963
E01003014,Lambeth 036B,639.0,0.3286384976525822,6,0.2180030864189813,0.0363338477364968,True,1.0363338477364967,210.00000000000003,27.345081755047104,0.276,27.345081755047104,27.420174196173303,27.559964613284947,27.687423926815605
E01003016,Lambeth 036C,423.0,0.3829787234042553,2,0.0757002314807098,0.0378501157403549,True,1.0378501157403548,162.0,21.125641284488893,0.151,21.125641284488893,20.925970881186597,20.55426890234729,20.215355262630464
E01003017,Lambeth 036D,767.0,0.3455019556714472,6,0.2287299382704474,0.0381216563784079,True,1.038121656378408,265.0,34.56641768502845,0.239,34.56641768502845,34.536538252517,34.48091536596286,34.430199050186204
E01032582,Lambeth 036E,1165.0,0.2798283261802575,10,0.1419614197523144,0.0141961419752314,True,1.0141961419752314,326.0,41.54318625450621,0.183,41.54318625450621,41.28026097323686,40.790805121401156,40.34452483862104
E01003244,Lewisham 001A,730.0,0.4575342465753425,0,0.0,,False,1.0,334.0,41.96688311688311,0.382,41.96688311688311,42.516218233907814,43.53884826152821,44.47127069798337
E01003245,Lewisham 001B,638.0,0.5705329153605015,0,0.0,,False,1.0,364.0,45.73636363636363,0.411,45.73636363636363,46.46446771764407,47.8198900703659,49.05574876648843
E01003247,Lewisham 001C,873.0,0.4639175257731959,1,0.0927260802469135,0.0463630401234567,True,1.0463630401234567,405.0,53.247308796672066,0.191,53.247308796672066,52.951876119471486,52.40190522286847,51.900448010054895
E01003249,Lewisham 001D,855.0,0.5403508771929825,1,0.1311983024683641,0.065599151234182,True,1.065599151234182,462.0,61.85803072914425,0.297,61.85803072914425,62.15465933319241,62.70685654059784,63.21034367829788
E01034387,Lewisham 001F,844.0,0.2748815165876777,1,0.0671358024683642,0.0671358024683642,True,1.0671358024683641,231.99999999999997,31.107701587279085,0.085,31.107701587279085,30.613339966946423,29.693047377254718,28.85393505358404
E01034388,Lewisham 001G,618.0,0.3656957928802589,0,0.0,,False,1.0,226.0,28.396753246753242,0.125,28.396753246753242,28.056313602925012,27.42255873894189,26.844708256920054
E01034389,Lewisham 001H,730.0,0.3945205479452054,3,0.0277758487646604,0.0092586162548868,True,1.0092586162548869,287.99999999999994,36.52205465367033,0.332,36.52205465367033,36.821924846134635,37.380156522389406,37.889145820201364
E01003246,Lewisham 002A,1015.0,0.4798029556650246,2,0.2464911265412807,0.1232455632706403,True,1.1232455632706404,487.0,68.73278183897867,0.313,68.73278183897867,69.1696896432149,69.9830274875777,70.72461969005454
E01003248,Lewisham 002B,684.0,0.5292397660818714,2,0.431101466046682,0.215550733023341,True,1.215550733023341,362.00000000000006,55.289404023432446,0.394,55.289404023432446,56.07786991156734,57.54566046049171,58.883975200787944
E01003251,Lewisham 002C,640.0,0.48125,0,0.0,,False,1.0,308.0,38.699999999999996,0.432,38.699999999999996,39.39539244390247,40.689919540525416,41.87025463424364
E01003252,Lewisham 002D,606.0,0.5033003300330033,0,0.0,,False,1.0,305.0,38.32305194805194,0.485,38.32305194805194,39.209870721570624,40.8607528129424,42.36600834071032
E01003253,Lewisham 002E,653.0,0.4104134762633997,0,0.0,,False,1.0,268.0,33.674025974025966,0.349,33.674025974025966,34.006373245820086,34.62506353013174,35.18917829962602
E01003297,Lewisham 003A,785.0,0.4089171974522293,1,0.177931327160108,0.177931327160108,True,1.177931327160108,321.0,47.51002434386971,0.239,47.51002434386971,47.4689563749834,47.39250515813057,47.32279780751253
E01003299,Lewisham 003B,701.0,0.536376604850214,0,0.0,,False,1.0,376.0,47.244155844155834,0.275,47.244155844155834,47.369283065023716,47.60221711450742,47.81460373340846
E01003301,Lewisham 003C,933.0,0.4983922829581994,0,0.0,,False,1.0,465.0,58.42694805194804,0.199,58.42694805194804,58.14838817124352,57.62982729706952,57.15700938571524
E01003302,Lewisham 003D,804.0,0.4788557213930348,0,0.0,,False,1.0,384.99999999999994,48.374999999999986,0.354,48.374999999999986,48.876041670361175,49.808769692511966,50.65922050216361
E01003305,Lewisham 003E,785.0,0.597452229299363,2,0.207136959875,0.1035684799375,True,1.1035684799375,469.0,65.03278890068053,0.318,65.03278890068053,65.47790721727132,66.30652956869676,67.06205801099685
E01003207,Lewisham 005A,998.0,0.3617234468937875,0,0.0,,False,1.0,360.99999999999994,45.35941558441557,0.327,45.35941558441557,45.7097151790424,46.361825107985005,46.9564115296219
E01003209,Lewisham 005B,721.0,0.4438280166435506,1,0.1457939814814814,0.1457939814814814,True,1.1457939814814815,320.0,46.069846320346315,0.301,46.069846320346315,46.30874787615554,46.75348169535676,47.158984937070244
E01003210,Lewisham 005C,806.0,0.4913151364764268,1,0.3203730709625769,0.1601865354812884,True,1.1601865354812884,396.0,57.7275671868761,0.198,57.7275671868761,57.4467085822463,56.92386845477435,56.447148768899
E01003212,Lewisham 005D,829.0,0.617611580217129,0,0.0,,False,1.0,511.99999999999994,64.3324675324675,0.193,64.3324675324675,63.98808623706444,63.34699368223661,62.762452777099305
E01003215,Lewisham 005E,640.0,0.403125,0,0.0,,False,1.0,258.0,32.41753246753246,0.197,32.41753246753246,32.256649968634896,31.957154689355562,31.684078297630332
E01003338,Lewisham 006A,842.0,0.4156769596199525,1,0.0228935185181327,0.0228935185181327,True,1.0228935185181327,350.0,44.98406723483151,0.406,44.98406723483151,45.678247033727196,46.970516697394636,48.14879348940095
E01003339,Lewisham 006B,676.0,0.5502958579881657,2,0.0277168209876543,0.0138584104938271,True,1.013858410493827,372.0,47.38932214556276,0.314,47.38932214556276,47.6951821171197,48.26456423282225,48.783720374592086
E01003340,Lewisham 006C,761.0,0.5321944809461235,2,0.036807098765432,0.018403549382716,True,1.018403549382716,405.0,51.82450659496752,0.152,51.82450659496752,51.339740931011995,50.43731196014031,49.61448748108031
E01003341,Lewisham 006D,564.0,0.7109929078014184,3,0.2328028549378857,0.0776009516459619,True,1.077600951645962,401.0,54.295343793208396,0.156,54.295343793208396,53.808658809832956,52.90265687664633,52.07657461115617
E01003343,Lewisham 006E,610.0,0.6229508196721312,0,0.0,,False,1.0,380.0,47.74675324675324,0.193,47.74675324675324,47.49115775407127,47.01534687353499,46.581507920503405
E01003199,Lewisham 007A,902.0,0.6629711751662971,2,0.0103194444444443,0.0051597222222221,True,1.0051597222222222,598.0,75.52600450487012,0.142,75.52600450487012,74.74583607602212,73.29349189263446,71.96926097287856
E01003201,Lewisham 007B,689.0,0.6400580551523948,1,0.1178665123452931,0.1178665123452931,True,1.117866512345293,441.0,61.9425078124786,0.269,61.9425078124786,62.07029734601973,62.308187497522425,62.52509303391566
E01003204,Lewisham 007C,736.0,0.5883152173913043,1,0.0407349537037037,0.0407349537037037,True,1.0407349537037036,433.0,56.622401599702364,0.287,56.622401599702364,56.83867081234951,57.24127276523513,57.6083606500929
E01003205,Lewisham 007D,578.0,0.4290657439446367,0,0.0,,False,1.0,248.0,31.161038961038955,0.347,31.161038961038955,31.462502724207297,32.023700956217525,32.535395125850826
E01003206,Lewisham 007E,635.0,0.7559055118110236,0,0.0,,False,1.0,480.0,60.3116883116883,0.159,60.3116883116883,59.788730754163794,58.81520460423892,57.9275545253751
E01003211,Lewisham 008B,702.0,0.5512820512820513,0,0.0,,False,1.0,387.0,48.626298701298694,0.232,48.626298701298694,48.55105067359111,48.410970619962285,48.283247219147185
E01003213,Lewisham 008C,793.0,0.6343001261034048,2,0.0972561728387345,0.0486280864193672,True,1.0486280864193671,503.0,66.27499738002611,0.18,66.27499738002611,65.83614377157004,65.01918366137821,64.27428871808745
E01003214,Lewisham 008D,765.0,0.6013071895424836,0,0.0,,False,1.0,460.0,57.79870129870129,0.263,57.79870129870129,57.88410155933003,58.04308078381246,58.18803623381289
E01033324,Lewisham 008E,627.0,0.6523125996810207,4,0.29495871913233,0.0737396797830825,True,1.0737396797830825,409.0,55.18010965425507,0.319,55.18010965425507,55.563175647112445,56.276282773738316,56.92648574695755
E01033325,Lewisham 008F,719.0,0.3101529902642559,0,0.0,,False,1.0,223.0,28.01980519480519,0.111,28.01980519480519,27.64560570966284,26.949004276462524,26.313851006912834
E01003198,Lewisham 009A,642.0,0.6386292834890965,2,0.0389498456782406,0.0194749228391203,True,1.0194749228391202,410.0,52.51950844379324,0.202,52.51950844379324,52.28448800835898,51.846979196467935,51.44806363430387
E01003200,Lewisham 009B,692.0,0.7225433526011561,1,0.0869984567893518,0.0869984567893518,True,1.0869984567893518,500.0,68.29032512621413,0.096,68.29032512621413,67.27836210562117,65.39451426915876,63.67684322279568
E01003202,Lewisham 009C,743.0,0.7833109017496636,1,0.0001956018518518,0.0001956018518518,True,1.0001956018518519,582.0,73.14222603490259,0.111,73.14222603490259,72.16542469263271,70.34703305396349,68.68904422480404
E01003203,Lewisham 009D,961.0,0.4193548387096774,1,0.0124120370366512,0.0124120370366512,True,1.0124120370366512,402.99999999999994,51.26519276242633,0.326,51.26519276242633,51.65609869214448,52.38380047074145,53.04731068175201
E01003336,Lewisham 010A,576.0,0.5850694444444444,1,0.0198368055551697,0.0198368055551697,True,1.0198368055551696,337.0,43.18379751418819,0.408,43.18379751418819,43.85862399190312,45.11486594359611,46.26029307729804
E01003337,Lewisham 010B,566.0,0.5671378091872792,2,0.0545887345667438,0.0272943672833719,True,1.0272943672833719,321.0,41.43431732614007,0.538,41.43431732614007,42.60742318958938,44.79125095585046,46.78244029277404
E01003342,Lewisham 010C,701.0,0.579172610556348,2,0.067497685185185,0.0233751929012345,True,1.0233751929012345,406.0,52.20608995422979,0.19,52.20608995422979,51.91133994242075,51.362639880516944,50.862341400338394
E01003344,Lewisham 010D,677.0,0.6602658788774003,0,0.0,,False,1.0,447.0,56.16525974025973,0.227,56.16525974025973,56.0509419381842,55.83813046214536,55.644091377007705
E01003345,Lewisham 010E,781.0,0.6594110115236875,1,0.0263287037033179,0.0263287037033179,True,1.026328703703318,515.0,66.41313061415252,0.209,66.41313061415252,66.16130216164836,65.69250391926629,65.26505901000137
E01003273,Lewisham 011A,580.0,0.7775862068965518,3,0.133666280862654,0.0370567772629243,True,1.0370567772629242,451.00000000000006,58.767785302967205,0.199,58.767785302967205,58.48760042579874,57.96601449437406,57.49043837019998
E01003277,Lewisham 011B,756.0,0.6309523809523809,0,0.0,,False,1.0,477.0,59.934740259740245,0.18,59.934740259740245,59.53786997570172,58.79906508784709,58.1254311880081
E01003278,Lewisham 011C,884.0,0.5180995475113123,0,0.0,,False,1.0,458.00000000000006,57.547402597402595,0.25,57.547402597402595,57.55942934947295,57.5818180834547,57.60223187663951
E01003279,Lewisham 011D,603.0,0.6633499170812603,4,0.2393472222210644,0.0514321469904513,True,1.0514321469904513,400.0,52.84470660848112,0.188,52.84470660848112,52.536037718022556,51.961426581409185,51.437502677803465
E01003282,Lewisham 013A,1022.0,0.5547945205479452,1,0.0137554012345679,0.0137554012345679,True,1.013755401234568,567.0,72.22316036931818,0.214,72.22316036931818,71.98453934372975,71.5403277533439,71.13530067392892
E01003283,Lewisham 013B,869.0,0.7686996547756041,5,0.1779371141971448,0.0323078703702931,True,1.032307870370293,668.0,86.64548747293722,0.189,86.64548747293722,86.1478413136149,85.22143429924216,84.37674691264098
E01003284,Lewisham 013C,758.0,0.7110817941952506,3,0.3474374999996139,0.1009730795609138,True,1.1009730795609138,539.0,74.56340181326289,0.208,74.56340181326289,74.27339277810245,73.7335184128105,73.24126710249394
E01003286,Lewisham 013D,767.0,0.6179921773142112,1,0.0635177469135802,0.0635177469135802,True,1.0635177469135801,474.0,63.34076897997833,0.35,63.34076897997833,63.97209434777011,65.1473556014091,66.21894545501371
E01003272,Lewisham 014A,794.0,0.6335012594458438,2,0.0698425925925925,0.0349212962962962,True,1.0349212962962961,502.99999999999994,65.40870599296534,0.187,65.40870599296534,65.02026740775567,64.29715878278142,63.63783655704047
E01003274,Lewisham 014B,661.0,0.6671709531013615,2,0.1072125771601079,0.0536062885800539,True,1.053606288580054,441.0,58.381761186068836,0.247,58.381761186068836,58.37687139378865,58.367768665309114,58.35946890093877
E01003275,Lewisham 014C,618.0,0.7783171521035599,0,0.0,,False,1.0,481.0,60.43733766233765,0.284,60.43733766233765,60.65048534621798,61.04727633062532,61.409065840469324
E01003276,Lewisham 014D,663.0,0.8265460030165912,0,0.0,,False,1.0,548.0,68.85584415584414,0.159,68.85584415584414,68.258800944337,67.14735858983943,66.13395808313656
E01003225,Lewisham 015A,587.0,0.909710391822828,0,0.0,,False,1.0,534.0,67.09675324675324,0.088,67.09675324675324,66.0500980786401,64.10166811247713,62.32511181426301
E01003231,Lewisham 015B,651.0,0.5821812596006144,0,0.0,,False,1.0,379.0,47.62110389610389,0.195,47.62110389610389,47.375474887757015,46.91821739264069,46.50129520556602
E01003232,Lewisham 015C,621.0,0.8904991948470209,3,0.330931712960648,0.1103105709868826,True,1.1103105709868826,553.0,77.14892065177717,0.119,77.14892065177717,76.17883699549209,74.37295085154052,72.72636439033309
E01003233,Lewisham 015D,663.0,0.7873303167420814,2,0.251956404320216,0.125978202160108,True,1.125978202160108,522.0,73.85174043219871,0.164,73.85174043219871,73.24741099395895,72.12240476194127,71.09663686587622
E01003280,Lewisham 016A,630.0,0.8714285714285714,0,0.0,,False,1.0,549.0,68.98149350649349,0.317,68.98149350649349,69.44690750805908,70.31331185492431,71.10328949125412
E01003281,Lewisham 016B,582.0,0.9140893470790378,0,0.0,,False,1.0,532.0,66.84545454545453,0.134,66.84545454545453,66.10277148549608,64.72020923054309,63.45960468002551
E01003285,Lewisham 016C,755.0,0.7629139072847683,1,0.0201350308641975,0.0201350308641975,True,1.0201350308641974,576.0,73.8312792207792,0.208,73.8312792207792,73.54411772424363,73.00954427347973,72.52212627678217
E01003287,Lewisham 016D,763.0,0.8741808650065531,3,0.019257716048611,0.0064192386828703,True,1.0064192386828703,667.0,84.3461011889515,0.111,84.3461011889515,83.21967409856894,81.12274249734655,79.21078409608458
E01003292,Lewisham 017A,734.0,0.5708446866485014,0,0.0,,False,1.0,419.00000000000006,52.64707792207792,0.257,52.64707792207792,52.694042178066034,52.78146979175731,52.86118529626014
E01003293,Lewisham 017B,640.0,0.553125,2,0.0357843364185956,0.0178921682092978,True,1.0178921682092978,354.0,45.27571144816148,0.286,45.27571144816148,45.44422392213429,45.75792299319776,46.04395024083821
E01003295,Lewisham 017D,721.0,0.6463245492371706,3,0.1090123456778547,0.0334373713987911,True,1.033437371398791,466.00000000000006,60.51044234831193,0.314,60.51044234831193,60.90098860087709,61.62802081249115,62.29092051993667
E01033320,Lewisham 017E,638.0,0.7178683385579937,1,0.0852916666662808,0.0852916666662808,True,1.0852916666662809,458.0,62.455716477250505,0.234,62.455716477250505,62.3712567862518,62.2140285052589,62.07066954563185
E01033322,Lewisham 017F,572.0,0.5332167832167832,0,0.0,,False,1.0,305.0,38.32305194805194,0.248,38.32305194805194,38.32358179825042,38.32456815558736,38.32546750499671
E01003319,Lewisham 018A,752.0,0.5066489361702128,0,0.0,,False,1.0,381.0,47.87240259740259,0.418,47.87240259740259,48.667211720274864,50.14681069380864,51.49589222145478
E01003320,Lewisham 018B,620.0,0.635483870967742,1,0.0113993055555555,0.0113993055555555,True,1.0113993055555555,394.0,50.07017640016233,0.381,50.07017640016233,50.7206955122054,51.93168741295857,53.035856064504245
E01003323,Lewisham 018C,623.0,0.6853932584269663,0,0.0,,False,1.0,427.0,53.65227272727272,0.275,53.65227272727272,53.79437199139661,54.0589008188688,54.30009519724844
E01003325,Lewisham 018D,787.0,0.5095298602287166,0,0.0,,False,1.0,400.99999999999994,50.385389610389595,0.363,50.385389610389595,50.951503867458484,52.00536956874155,52.96627233743245
E01003226,Lewisham 019A,705.0,0.7148936170212766,2,0.2716763117272375,0.1358381558636187,True,1.1358381558636186,504.0,71.92953267041787,0.141,71.92953267041787,71.17949608995798,69.78324468490257,68.510158522906
E01003227,Lewisham 019B,658.0,0.8130699088145896,0,0.0,,False,1.0,535.0,67.22240259740259,0.123,67.22240259740259,66.40337528342154,64.87869226432981,63.48850361634793
E01003228,Lewisham 019C,671.0,0.6736214605067065,3,0.1507932098765431,0.050264403292181,True,1.050264403292181,452.00000000000006,59.6481982082732,0.13,59.6481982082732,58.96219769243684,57.68515440007108,56.52076084036192
E01003229,Lewisham 019D,778.0,0.5051413881748072,1,0.1326666666651234,0.1326666666651234,True,1.1326666666651235,393.00000000000006,55.93130064927444,0.385,55.93130064927444,56.67979976207779,58.073189051562295,59.34366556911077
E01003230,Lewisham 019E,870.0,0.7034482758620689,0,0.0,,False,1.0,612.0,76.89740259740259,0.262,76.89740259740259,77.00351832109627,77.20106099056832,77.38117815141644
E01003318,Lewisham 020B,775.0,0.4619354838709677,0,0.0,,False,1.0,358.0,44.982467532467524,0.614,44.982467532467524,46.589628364102566,49.58148319862878,52.30942243274309
E01003321,Lewisham 020C,760.0,0.5986842105263158,1,0.0046720679012345,0.0046720679012345,True,1.0046720679012344,455.0,57.43755879103533,0.389,57.43755879103533,58.22863470403401,59.701284017155004,61.044028923423305
E01003322,Lewisham 020D,609.0,0.6584564860426929,0,0.0,,False,1.0,401.0,50.3853896103896,0.248,50.3853896103896,50.38608623310957,50.387383050460755,50.388565473782556
E01003324,Lewisham 020E,724.0,0.4295580110497237,0,0.0,,False,1.0,310.99999999999994,39.07694805194804,0.224,39.07694805194804,38.98597195932741,38.81661289010691,38.662193215646745
E01034390,Lewisham 020F,692.0,0.434971098265896,1,0.0022368827160493,0.0022368827160493,True,1.0022368827160493,301.0,37.90505446654039,0.253,37.90505446654039,37.92407267228033,37.95947654080862,37.99175738574911
E01034391,Lewisham 020G,636.0,0.7279874213836478,1,0.0,0.0,True,1.0,463.0,58.17564935064934,0.203,58.17564935064934,57.92099501399241,57.446936168565585,57.01469470123399
E01003254,Lewisham 021A,602.0,0.8654485049833887,3,0.0553715277770061,0.0184571759256687,True,1.0184571759256686,521.0,66.67157954881972,0.152,66.67157954881972,66.04793458525945,64.88697100119954,63.828417600216596
E01003255,Lewisham 021B,984.0,0.5010162601626016,1,0.0542422839506172,0.0271211419753086,True,1.0271211419753086,492.99999999999994,63.62515253201657,0.244,63.62515253201657,63.60119768934277,63.55660388737022,63.51594376556373
E01003260,Lewisham 021C,638.0,0.8714733542319749,1,0.0533051697530864,0.0533051697530864,True,1.0533051697530864,556.0,73.5849935019841,0.154,73.5849935019841,72.91104161530328,71.65642778281408,70.51248514969774
E01003261,Lewisham 021D,610.0,0.8360655737704918,0,0.0,,False,1.0,510.0,64.08116883116881,0.132,64.08116883116881,63.3566919727593,62.00802197740497,60.77832000398607
E01003262,Lewisham 021E,665.0,0.675187969924812,0,0.0,,False,1.0,449.0,56.41655844155843,0.217,56.41655844155843,56.24667710276723,55.93042978342383,55.642079071963984
E01003217,Lewisham 022A,656.0,0.9222560975609756,0,0.0,,False,1.0,605.0,76.01785714285712,0.209,76.01785714285712,75.72960903363627,75.19301276888152,74.70375039337746
E01003218,Lewisham 022B,546.0,1.0402930402930404,0,0.0,,False,1.0,568.0,71.36883116883115,0.219,71.36883116883115,71.1678541358283,70.79371976421935,70.45258829642056
E01003220,Lewisham 022C,599.0,0.7996661101836394,0,0.0,,False,1.0,479.0,60.18603896103895,0.273,60.18603896103895,60.33369698194014,60.60857386731093,60.85920348727138
E01003222,Lewisham 022D,618.0,0.9546925566343042,1,0.0647839506172838,0.0323919753086419,True,1.032391975308642,590.0,76.53443497474746,0.255,76.53443497474746,76.58777147352525,76.6870615125705,76.77759304168835
E01003224,Lewisham 022E,637.0,0.8288854003139717,0,0.0,,False,1.0,528.0,66.34285714285713,0.264,66.34285714285713,66.44735561638063,66.64188764893014,66.81925974524972
E01003263,Lewisham 023A,739.0,0.8200270635994588,0,0.0,,False,1.0,606.0,76.14350649350648,0.327,76.14350649350648,76.73154404016536,77.82622164941527,78.82433625194149
E01003268,Lewisham 023B,765.0,0.7934640522875817,1,0.0394475308638117,0.0394475308638117,True,1.0394475308638116,607.0,79.27778572327503,0.259,79.27778572327503,79.36397818878002,79.52443216422843,79.67073227539831
E01003269,Lewisham 023C,636.0,0.9213836477987422,1,0.0354444444436728,0.0354444444436728,True,1.0354444444436728,586.0,76.2403123376055,0.269,76.2403123376055,76.39759873582733,76.69039959412503,76.95737208888484
E01003270,Lewisham 023D,657.0,1.0441400304414004,0,0.0,,False,1.0,686.0,86.19545454545454,0.152,86.19545454545454,85.38918354553472,83.88824739678952,82.5197108752939
E01003271,Lewisham 023E,621.0,1.2173913043478262,2,0.0479398148148147,0.0239699074074073,True,1.0239699074074073,756.0,97.26783238636361,0.123,97.26783238636361,96.08273622172219,93.87658757762301,91.86504631797526
E01003307,Lewisham 024A,649.0,0.802773497688752,0,0.0,,False,1.0,521.0,65.46331168831168,0.18,65.46331168831168,65.02983282461341,64.22287821964011,63.48710618228977
E01003308,Lewisham 024B,709.0,0.6981664315937941,1,0.0935297067897376,0.0935297067897376,True,1.0935297067897376,495.0,68.01364229908313,0.235,68.01364229908313,67.92830341556164,67.76943844933601,67.62458717871553
E01003314,Lewisham 024C,666.0,0.7732732732732732,2,0.1451558641959875,0.0725779320979937,True,1.0725779320979938,515.0,69.40589115480216,0.194,69.40589115480216,69.04112378750828,68.36208097496949,67.742937456176
E01003315,Lewisham 024D,593.0,0.6053962900505903,1,0.081372299382716,0.081372299382716,True,1.081372299382716,359.0,48.77866807472041,0.292,48.77866807472041,48.988777599137066,49.37991281350541,49.73654545650867
E01003316,Lewisham 024E,576.0,0.8333333333333334,1,0.0151238425922067,0.0151238425922067,True,1.0151238425922067,480.0,61.2238327921845,0.179,61.2238327921845,60.81245221005089,60.04663527420975,59.348372096022786
E01003216,Lewisham 025A,619.0,0.901453957996769,1,0.1973846450613426,0.1973846450613426,True,1.1973846450613426,558.0,83.95143654623917,0.266,83.95143654623917,84.10005497284816,84.3767197281094,84.62897950751591
E01003219,Lewisham 025B,661.0,1.0181543116490166,1,0.032886574074074,0.016443287037037,True,1.016443287037037,673.0,85.95249043898806,0.257,85.95249043898806,86.02916506031781,86.17190082888268,86.30204568039296
E01003221,Lewisham 025C,764.0,0.8141361256544503,0,0.0,,False,1.0,622.0,78.15389610389609,0.268,78.15389610389609,78.30750392769443,78.59345683371725,78.8541854434234
E01003223,Lewisham 025D,599.0,1.1535893155258763,0,0.0,,False,1.0,690.9999999999999,86.82370129870127,0.252,86.82370129870127,86.85879121447233,86.92411382069591,86.98367423062469
E01003346,Lewisham 026A,649.0,0.9491525423728814,1,0.0730848765424382,0.0730848765424382,True,1.0730848765424381,616.0,83.0567694443847,0.391,83.0567694443847,84.21690316455698,86.376582277607,88.3457531469949
E01003349,Lewisham 026B,540.0,0.8722222222222222,0,0.0,,False,1.0,471.0,59.18084415584415,0.367,59.18084415584415,59.86888114071348,61.149715478506515,62.31756567034903
E01003351,Lewisham 026C,601.0,0.9284525790349416,0,0.0,,False,1.0,557.9999999999999,70.11233766233764,0.479,70.11233766233764,71.6937299319299,74.63761458487315,77.32181515262651
E01003354,Lewisham 026D,823.0,0.8432563791008505,1,0.0466851851851851,0.0466851851851851,True,1.046685185185185,694.0,91.27162781385279,0.283,91.27162781385279,91.58461407524965,92.16726233351251,92.69851439329213
E01003309,Lewisham 027A,656.0,0.6463414634146342,1,0.0755798611107252,0.0377899305553626,True,1.0377899305553626,424.0,55.28859549511958,0.393,55.28859549511958,56.07165471646746,57.52938033483418,58.858517985841175
E01003310,Lewisham 027B,730.0,0.510958904109589,1,0.4676215277716051,0.2338107638858025,True,1.2338107638858025,372.99999999999994,57.82526544729851,0.339,57.82526544729851,58.33954774993073,59.29692423842822,60.16984923955198
E01003311,Lewisham 027C,595.0,1.035294117647059,1,0.0345690586412037,0.0345690586412037,True,1.0345690586412037,616.0000000000001,80.07564513882917,0.155,80.07564513882917,79.35006041729115,77.99932804859384,76.76774562660076
E01003312,Lewisham 027D,771.0,0.8054474708171206,1,0.005866512345679,0.005866512345679,True,1.005866512345679,621.0,78.48600042613634,0.196,78.48600042613634,78.08882947092532,77.3494648603078,76.67532061161519
E01003313,Lewisham 027E,623.0,0.6051364365971108,0,0.0,,False,1.0,377.00000000000006,47.369805194805195,0.465,47.369805194805195,48.373523146154525,50.242022145218705,51.94569829608974
E01003256,Lewisham 028A,934.0,0.5985010706638115,2,0.5862519290115742,0.2931259645057871,True,1.293125964505787,559.0,90.82656470111377,0.356,90.82656470111377,91.78502231391812,93.56926567408003,95.1961184910097
E01003257,Lewisham 028B,633.0,0.6903633491311216,0,0.0,,False,1.0,437.0,54.90876623376622,0.264,54.90876623376622,54.995254553708975,55.15625928519407,55.30306156945858
E01003258,Lewisham 028C,588.0,0.6700680272108843,0,0.0,,False,1.0,394.0,49.50584415584415,0.418,49.50584415584415,50.327772750100515,51.8578567279806,53.25296990880101
E01003259,Lewisham 028D,756.0,0.6256613756613757,0,0.0,,False,1.0,473.0,59.43214285714284,0.298,59.43214285714284,59.722938039734295,60.26427587958697,60.757861569374874
E01003193,Lewisham 029A,683.0,0.8696925329428989,1,0.0601932870362654,0.0601932870362654,True,1.0601932870362654,594.0,79.12828325887097,0.294,79.12828325887097,79.48456378762842,80.14780769043436,80.7525459428964
E01003194,Lewisham 029B,723.0,0.6998616874135546,0,0.0,,False,1.0,505.99999999999994,63.57857142857141,0.42,63.57857142857141,64.64655286690447,66.63468334306246,68.44743811507286
E01003195,Lewisham 029C,621.0,0.9098228663446056,1,0.0956358024679783,0.0956358024679783,True,1.0956358024679782,565.0000000000001,77.78124882747915,0.243,77.78124882747915,77.744374220202,77.6757292719916,77.61313958839936
E01003196,Lewisham 029D,668.0,0.7589820359281437,0,0.0,,False,1.0,507.0,63.70422077922077,0.454,63.70422077922077,64.98566857612758,67.37118327440959,69.5462684636716
E01003197,Lewisham 029E,650.0,0.7630769230769231,0,0.0,,False,1.0,496.0,62.32207792207791,0.513,62.32207792207791,63.93453003568016,66.93623500295153,69.67315547615094
E01003347,Lewisham 030A,650.0,0.6307692307692307,0,0.0,,False,1.0,410.0,51.51623376623376,0.616,51.51623376623376,53.36689100209651,56.81203332337488,59.95327493605867
E01003348,Lewisham 030B,620.0,0.964516129032258,2,0.3227307098734566,0.0806826774683641,True,1.080682677468364,598.0,81.20067185577713,0.394,81.20067185577713,82.35865069426815,84.5143183275403,86.47983157525928
E01003350,Lewisham 030C,474.0,0.9324894514767932,0,0.0,,False,1.0,441.99999999999994,55.537012987012965,0.398,55.537012987012965,56.35068746365157,57.865405759881526,59.24650868681244
E01003352,Lewisham 030D,847.0,0.8063754427390791,0,0.0,,False,1.0,683.0,85.81850649350648,0.385,85.81850649350648,86.96697032729597,89.10492503958567,91.05428784726956
E01003353,Lewisham 030E,628.0,1.154458598726115,1,0.0,0.0,True,1.0,725.0000000000001,91.09577922077922,0.26,91.09577922077922,91.20370970626362,91.40463069589525,91.58782817066843
E01003264,Lewisham 031A,720.0,0.8027777777777778,0,0.0,,False,1.0,578.0,72.62532467532466,0.274,72.62532467532466,72.81058762059611,73.15546899622358,73.46992791476215
E01003265,Lewisham 031B,664.0,0.6882530120481928,1,0.1271628086419752,0.0635814043209876,True,1.0635814043209877,457.0,61.07270895675504,0.384,61.07270895675504,61.88405326839215,63.39443378131649,64.7715815667305
E01003266,Lewisham 031C,733.0,0.7366984993178718,0,0.0,,False,1.0,540.0,67.85064935064933,0.395,67.85064935064933,68.82486841354702,70.63845293840926,72.2920586958349
E01003267,Lewisham 031D,607.0,0.9818780889621088,0,0.0,,False,1.0,596.0,74.88701298701297,0.37,74.88701298701297,75.7795727517317,77.44114214454761,78.9561422323055
E01003329,Lewisham 033A,662.0,0.7507552870090635,0,0.0,,False,1.0,497.0,62.447727272727256,0.221,62.447727272727256,62.284059837754526,61.97938018346035,61.70157673751976
E01003330,Lewisham 033B,667.0,0.7736131934032984,1,0.1167395833333333,0.1167395833333333,True,1.1167395833333333,516.0,72.40388340097401,0.397,72.40388340097401,73.45760964239857,75.41920296126128,77.20776145485861
E01003331,Lewisham 033C,587.0,0.7189097103918228,0,0.0,,False,1.0,422.0,53.02402597402597,0.289,53.02402597402597,53.23689950780251,53.63318014047826,53.99450431741381
E01003332,Lewisham 033D,712.0,0.6179775280898876,2,0.2636535493819444,0.10134577546277,True,1.10134577546277,439.99999999999994,60.88868787201312,0.307,60.88868787201312,61.2400841864896,61.89423574469523,62.49068370068998
E01003334,Lewisham 033E,796.0,0.5615577889447236,0,0.0,,False,1.0,447.0,56.16525974025973,0.378,56.16525974025973,56.87852502537164,58.20632380540459,59.41699564190586
E01003189,Lewisham 034A,650.0,0.7461538461538462,0,0.0,,False,1.0,485.0,60.93993506493505,0.48,60.93993506493505,62.3203892848016,64.890212136537,67.23334740535854
E01003190,Lewisham 034B,948.0,0.640295358649789,1,0.0637527006161265,0.0318763503080632,True,1.0318763503080632,607.0,78.70033817354441,0.466,78.70033817354441,80.37559791178164,83.49422415520065,86.33775211911959
E01003191,Lewisham 034C,704.0,0.7585227272727273,0,0.0,,False,1.0,534.0,67.09675324675324,0.376,67.09675324675324,67.93574719111517,69.49759964493819,70.92167896105789
E01003192,Lewisham 034D,740.0,0.5824324324324325,2,0.0930185185177469,0.0465092592588734,True,1.0465092592588734,431.00000000000006,56.673573024870876,0.478,56.673573024870876,57.9463220454523,60.31564329533061,62.47596348238518
E01003326,Lewisham 035A,692.0,0.6936416184971098,2,0.1343688271601079,0.0671844135800539,True,1.067184413580054,480.0,64.36369372293207,0.25,64.36369372293207,64.3771450022566,64.40218560446979,64.42501734096818
E01003327,Lewisham 035B,687.0,0.7889374090247453,0,0.0,,False,1.0,542.0,68.10194805194804,0.193,68.10194805194804,67.73738816501745,67.05873159330518,66.43994024450748
E01003328,Lewisham 035C,827.0,0.6142684401451027,1,0.0085185185181327,0.0085185185181327,True,1.0085185185181327,507.99999999999994,64.37360606058141,0.255,64.37360606058141,64.4184677331358,64.50198122430284,64.57812787637413
E01003333,Lewisham 035D,629.0,0.7138314785373608,1,0.0394374999999999,0.0394374999999999,True,1.0394375,448.99999999999994,58.64148646509738,0.253,58.64148646509738,58.670908817081425,58.725680812698705,58.77562129578995
E01003335,Lewisham 035E,616.0,0.6818181818181818,0,0.0,,False,1.0,419.99999999999994,52.77272727272726,0.433,52.77272727272726,53.72613933097913,55.50098999908213,57.119278666145384
E01003236,Lewisham 037A,648.0,0.7407407407407407,1,0.1137183641975308,0.1137183641975308,True,1.1137183641975308,480.0,67.17023484848482,0.387,67.17023484848482,68.08224781952553,69.78003086827168,71.32805015591947
E01003237,Lewisham 037B,615.0,0.8845528455284553,0,0.0,,False,1.0,544.0,68.35324675324674,0.373,68.35324675324674,69.1879421853857,70.74179262452388,72.1585757946011
E01003238,Lewisham 037C,567.0,0.8536155202821869,0,0.0,,False,1.0,484.0,60.8142857142857,0.396,60.8142857142857,61.69340899313803,63.32996532291306,64.8221587840769
E01003239,Lewisham 037D,574.0,0.8780487804878049,0,0.0,,False,1.0,504.0,63.327272727272714,0.353,63.327272727272714,63.97700226132007,65.1865243012496,66.28935275040202
E01032564,Lewisham 037E,493.0,0.821501014198783,0,0.0,,False,1.0,405.0,50.887987012987004,0.46,50.887987012987004,51.941423059574454,53.90247615818712,55.69054208510037
E01003235,Lewisham 038A,521.0,1.0422264875239924,10,1.011571373442515,0.0354126157401716,True,1.0354126157401715,543.0,70.6437150922907,0.297,70.6437150922907,70.98247380066856,71.61309947262885,72.18809679292922
E01003240,Lewisham 038B,714.0,0.8641456582633054,0,0.0,,False,1.0,617.0,77.52564935064933,0.376,77.52564935064933,78.49504872082034,80.29966101297165,81.94508599058561
E01003241,Lewisham 038C,699.0,0.776824034334764,0,0.0,,False,1.0,543.0,68.2275974025974,0.333,68.2275974025974,68.7944487854256,69.84968670361646,70.8118406440879
E01003243,Lewisham 038D,588.0,0.8571428571428571,0,0.0,,False,1.0,504.0,63.327272727272714,0.366,63.327272727272714,64.0573365633965,65.41640715211756,66.65559226836005
E01032565,Lewisham 038E,602.0,0.7857142857142857,0,0.0,,False,1.0,473.0,59.43214285714284,0.382,59.43214285714284,60.2100934869413,61.65830906497856,62.9787755692998
E01003298,Lewisham 039A,472.0,0.6461864406779662,1,0.0,0.0,True,1.0,305.0,38.32305194805194,0.367,38.32305194805194,38.76859606776563,39.59801108480782,40.35426227060818
E01003300,Lewisham 039B,600.0,0.565,0,0.0,,False,1.0,338.99999999999994,42.59512987012985,0.398,42.59512987012985,43.219192421216924,44.38093337692271,45.44019557653714
E01003303,Lewisham 039C,648.0,0.4398148148148148,1,0.145974537027006,0.072987268513503,True,1.072987268513503,285.0,38.42374375996649,0.4,38.42374375996649,38.994190088223434,40.056120276813786,41.02437615337432
E01003304,Lewisham 039D,1084.0,0.3662361623616236,0,0.0,,False,1.0,397.0,49.8827922077922,0.302,49.8827922077922,50.1463339524621,50.63693739884397,51.084264045288286
E01032579,Lewisham 039E,975.0,0.3538461538461538,1,0.5197114197453702,0.1299278549363425,True,1.1299278549363425,344.99999999999994,48.98127193241094,0.315,48.98127193241094,49.3021863192133,49.89959339927934,50.44430238503732
E01034392,Lewisham 040A,678.0,0.387905604719764,0,0.0,,False,1.0,263.0,33.04577922077922,0.238,33.04577922077922,33.01398958564592,32.95481070840522,32.900852080736286
E01034393,Lewisham 040B,615.0,0.2113821138211382,0,0.0,,False,1.0,130.0,16.33441558441558,0.129,16.33441558441558,16.14496320896911,15.792282883369493,15.470712970885504
E01034394,Lewisham 040C,669.0,0.1778774289985052,0,0.0,,False,1.0,118.99999999999997,14.952272727272723,0.084,14.952272727272723,14.71319309439773,14.268127770894223,13.862322267325654
E01034395,Lewisham 040D,699.0,0.4105865522174535,0,0.0,,False,1.0,287.0,36.06136363636363,0.352,36.06136363636363,36.42782959284025,37.11003446119706,37.73206110654701
E01003288,Lewisham 041A,948.0,0.4483122362869198,1,0.0035644290123456,0.0035644290123456,True,1.0035644290123455,424.99999999999994,53.5913180070797,0.371,53.5913180070797,54.23528917039452,55.434091555529086,56.52714594527399
E01003290,Lewisham 041E,816.0,0.5012254901960784,0,0.0,,False,1.0,409.0,51.39058441558441,0.427,51.39058441558441,52.288937577851605,53.96129183060343,55.486125431075266
E01003291,Lewisham 041D,653.0,0.5650842266462481,2,0.0365609567897375,0.0182804783948687,True,1.0182804783948687,369.00000000000006,47.21217764812417,0.483,47.21217764812417,48.29548214931156,50.31213769824266,52.15090130740508
E01033327,Lewisham 041B,1004.0,0.4362549800796813,0,0.0,,False,1.0,438.0,55.03441558441558,0.251,55.03441558441558,55.051287484186574,55.082695837292185,55.11133361668141
E01033341,Lewisham 041C,564.0,0.4645390070921986,2,0.0780536265428239,0.0284439943414994,True,1.0284439943414994,262.0,33.85650985787726,0.384,33.85650985787726,34.30628991765037,35.143590466430304,35.90703159044592
E01003472,Merton 001A,473.0,0.949260042283298,8,0.0932148919745367,0.0104402247298417,True,1.0104402247298416,448.99999999999994,57.005559990172536,0.019,57.005559990172536,55.73249434435333,53.36258367197927,51.20172605619219
E01003473,Merton 001B,564.0,0.7943262411347518,14,0.4046064814807093,0.0230327013520906,True,1.0230327013520906,448.0,57.58744078883767,0.054,57.58744078883767,56.49806153984373,54.4700973755981,52.621022699520275
E01003474,Merton 001C,469.0,1.4093816631130065,9,0.0949097222214503,0.0085374228394418,True,1.0085374228394417,661.0,83.7632897806133,0.024,83.7632897806133,81.93353098881562,78.5272927458842,75.42152342967182
E01003478,Merton 001E,665.0,0.9308270676691728,14,0.2629236111087957,0.0187802579363425,True,1.0187802579363425,618.9999999999999,79.23761919786513,0.077,79.23761919786513,77.91652305978562,75.45719989200653,73.21481697912928
E01034578,Merton 001F,444.0,0.6824324324324325,4,0.0979467592584874,0.0244866898146218,True,1.0244866898146219,303.0,39.00400445920531,0.302,39.00400445920531,39.210071179397566,39.59368039940011,39.94345092627751
E01034579,Merton 001G,893.0,0.6394176931690929,3,0.0142422839506172,0.004747427983539,True,1.004747427983539,571.0,72.08638714075276,0.179,72.08638714075276,71.60201792449459,70.70032697183281,69.87817540938862
E01003460,Merton 002A,644.0,1.110248447204969,10,0.1604818672835646,0.0160481867283564,True,1.0160481867283564,715.0,91.2810433469707,0.108,91.2810433469707,90.03527935849557,87.71619284379615,85.60167611733345
E01003462,Merton 002B,574.0,1.2317073170731707,6,0.0400918209872681,0.0058207197359074,True,1.0058207197359075,707.0,89.35116925526684,0.071,89.35116925526684,87.80914001486022,84.93853270096876,82.3211455781273
E01003464,Merton 002C,541.0,1.3770794824399262,3,0.0673364197523145,0.0131013374483024,True,1.0131013374483024,745.0000000000001,94.83516626831407,0.033,94.83516626831407,92.84683628436633,89.14540543935526,85.77048286358617
E01003465,Merton 002D,465.0,1.589247311827957,3,0.2832878086415893,0.0907005529834104,True,1.0907005529834104,739.0,101.27685819785208,0.01,101.27685819785208,98.92616773880096,94.55017469818424,90.56019397921668
E01003400,Merton 003A,630.0,0.7317460317460317,6,0.0640667438267745,0.0058055769889617,True,1.0058055769889618,460.99999999999994,58.260634926581055,0.112,58.260634926581055,57.48825972325226,56.05042323504186,54.739420266860954
E01003454,Merton 003B,577.0,0.7902946273830156,7,0.1151419753082559,0.0164488536154651,True,1.016448853615465,456.0,58.23855912182737,0.102,58.23855912182737,57.40964660193636,55.866561503531955,54.45959404878209
E01003456,Merton 003C,665.0,0.6631578947368421,9,0.3916847993761567,0.0228896676379243,True,1.0228896676379242,440.99999999999994,56.67971133336414,0.157,56.67971133336414,56.17718457441801,55.241691944410185,54.38872039673576
E01003476,Merton 003D,490.0,0.9285714285714286,8,0.1721419753063267,0.0201450617281297,True,1.0201450617281298,455.0,58.32215688129795,0.219,58.32215688129795,58.15791972263409,57.852179483396526,57.573409008158634
E01003477,Merton 003E,593.0,0.8785834738617201,10,0.1856693672827928,0.0185669367282792,True,1.0185669367282792,521.0,66.67876485445218,0.112,66.67876485445218,65.79478848469462,64.14919774890276,62.648766819013595
E01003401,Merton 004A,624.0,0.7019230769230769,6,0.2239355709864965,0.023706340020426,True,1.023706340020426,437.99999999999994,56.33908015308515,0.1,56.33908015308515,55.52620773006282,54.01298251899406,52.633240970143454
E01003402,Merton 004B,678.0,0.8008849557522124,7,0.1173846450609565,0.0111290509258432,True,1.0111290509258433,543.0,68.98690580863884,0.058,68.98690580863884,67.70881069436591,65.32953727545636,63.16014281379077
E01003403,Merton 004C,676.0,0.9097633136094676,12,0.1267052469131941,0.0105587705760995,True,1.0105587705760994,615.0000000000001,78.09027278927421,0.056,78.09027278927421,76.62828262133537,73.90667426336678,71.42514269508415
E01003404,Merton 004D,914.0,0.6477024070021882,6,0.4819456018495369,0.0803242669749228,True,1.080324266974923,592.0,80.35928924059178,0.122,80.35928924059178,79.37236257072173,77.53512184754558,75.85994663736248
E01003461,Merton 004E,676.0,0.9911242603550297,3,0.029201388888503,0.0097337962961676,True,1.0097337962961677,670.0,85.00450520832248,0.027,85.00450520832248,83.17251737734784,79.76212960469503,76.6525767944443
E01003369,Merton 005B,746.0,0.5911528150134048,5,0.1221543209864966,0.0220199845677468,True,1.022019984567747,440.99999999999994,56.631521008514156,0.174,56.631521008514156,56.223366587588956,55.463555401650574,54.770768197966476
E01003370,Merton 005C,880.0,0.5215909090909091,5,0.3439185956539348,0.0383101337423482,True,1.0383101337423482,459.0,59.8825142815112,0.196,59.8825142815112,59.57948450207928,59.01537100904667,58.50101873754665
E01003371,Merton 005D,629.0,0.7186009538950715,9,0.45073842592554,0.05008204732506,True,1.05008204732506,452.0,59.63784157347038,0.14,59.63784157347038,59.01015558667295,57.84166932369344,56.77625682957082
E01003455,Merton 005E,746.0,0.7064343163538874,10,0.1281180555536261,0.0112539544751157,True,1.0112539544751158,527.0,66.96241323417058,0.169,66.96241323417058,66.4471306390308,65.48789202826418,64.61326916521944
E01034580,Merton 005F,598.0,0.520066889632107,6,0.2701527777766201,0.0377960069442836,True,1.0377960069442835,311.0,40.55390065188088,0.176,40.55390065188088,40.26953538761099,39.74016734059876,39.25749557187981
E01034581,Merton 005G,685.0,0.5883211678832116,5,0.1276215277762344,0.0255243055552468,True,1.0255243055552468,403.0,51.92915461646163,0.128,51.92915461646163,51.321794449811044,50.191146281236946,49.16023413154329
E01003359,Merton 006A,797.0,0.6398996235884568,16,0.2284448302457557,0.0128920235338903,True,1.0128920235338903,510.00000000000006,64.90730476781945,0.227,64.90730476781945,64.7751935579004,64.5292582698376,64.30501726936608
E01003360,Merton 006B,745.0,0.6966442953020134,13,0.1613954475308639,0.012415034425451,True,1.012415034425451,519.0,66.0216223731997,0.084,66.0216223731997,64.96596845846034,63.00078662585783,61.208956166217924
E01003457,Merton 006C,614.0,0.8973941368078175,12,0.276548996911265,0.0196646197700617,True,1.0196646197700616,551.0,70.59422874217812,0.04,70.59422874217812,69.16235908383214,66.49682239614698,64.06641633954467
E01003458,Merton 006D,722.0,0.7257617728531855,5,0.0698449074070213,0.0139689814814042,True,1.0139689814814041,524.0,66.75998110930225,0.075,66.75998110930225,65.63389042371098,63.53758506616088,61.62619766676172
E01003459,Merton 006E,958.0,0.6492693110647182,5,0.0458877314807097,0.0091775462961419,True,1.0091775462961419,622.0,78.87115710361346,0.25,78.87115710361346,78.88764027764347,78.91832498756128,78.94630295731645
E01003394,Merton 007A,673.0,0.87518573551263,10,0.1434205246909718,0.0109996527777584,True,1.0109996527777585,589.0,74.8215239782859,0.253,74.8215239782859,74.85906438435632,74.92894876878192,74.99266855622837
E01003395,Merton 007B,535.0,1.1121495327102804,8,0.1112202932083332,0.0139025366510416,True,1.0139025366510417,595.0,75.80073623440002,0.234,75.80073623440002,75.69822989677496,75.50740638007618,75.33341566636007
E01003396,Merton 007C,529.0,0.7977315689981096,9,0.2072469135802466,0.0166277434842249,True,1.0166277434842248,422.0,53.905695876422946,0.171,53.905695876422946,53.501406434930026,52.7487902086822,52.06256328746942
E01003397,Merton 007D,548.0,0.8594890510948905,13,0.3189344135763884,0.0245334164289529,True,1.0245334164289528,471.0,60.63275245013643,0.213,60.63275245013643,60.426508816112964,60.04257025725969,59.692499442961314
E01003398,Merton 007E,657.0,0.8964992389649924,9,0.0768634259255398,0.0085403806583933,True,1.0085403806583932,589.0,74.63951947675847,0.236,74.63951947675847,74.55315032025361,74.39236742077229,74.24576740040762
E01003368,Merton 008A,584.0,0.8732876712328768,6,0.0264749228395061,0.0044124871399176,True,1.0044124871399176,510.0,64.36392616454724,0.203,64.36392616454724,64.08218366394745,63.55769809541014,63.07947811507269
E01003372,Merton 008B,643.0,0.6858475894245724,7,0.0576512345675152,0.0082358906525021,True,1.0082358906525022,441.0,55.86772556817875,0.284,55.86772556817875,56.0647573496753,56.43154732888729,56.765982263171416
E01003393,Merton 008C,690.0,0.518840579710145,7,0.0494903549382714,0.0055109126984126,True,1.0055109126984125,358.0,45.23036198399813,0.262,45.23036198399813,45.292778300190065,45.408971125249266,45.51491442254557
E01003406,Merton 008D,569.0,0.92091388400703,3,0.1803927469120369,0.0521140260625857,True,1.0521140260625856,524.0000000000001,69.27146075233104,0.295,69.27146075233104,69.59011986460696,70.1833285758089,70.72420953655326
E01003407,Merton 008E,788.0,0.7614213197969543,2,0.2101631944444444,0.1050815972222222,True,1.105081597222222,600.0,83.31167106331168,0.3,83.31167106331168,83.73556558228141,84.52467818442126,85.24418208637182
E01003355,Merton 009A,821.0,0.5785627283800243,9,0.238705246911265,0.0234236539778163,True,1.0234236539778163,474.99999999999994,61.0814458417117,0.087,61.0814458417117,60.12266420073972,58.337817636952636,56.710414825813274
E01003356,Merton 009B,701.0,0.81169757489301,15,0.1541014660482246,0.0102734310698816,True,1.0102734310698815,569.0,72.22897413697437,0.114,72.22897413697437,71.2855137160154,69.52918879440901,67.92779169244652
E01003358,Merton 009C,793.0,0.6544766708701135,10,0.3940725308641969,0.0368008230452674,True,1.0368008230452674,519.0,67.61186873737373,0.089,67.61186873737373,66.56377584200155,64.61266943477179,62.83367278801213
E01003383,Merton 009D,672.0,0.7232142857142857,11,0.0740887345655861,0.0067353395059623,True,1.0067353395059624,486.0,61.476881858753366,0.065,61.476881858753366,60.379915191352744,58.33782645787001,56.47587316009495
E01003384,Merton 009E,679.0,0.695139911634757,7,0.0806149691354164,0.0078032407407131,True,1.0078032407407131,472.0,59.769276352812206,0.082,59.769276352812206,58.80192970176131,57.00113870583777,55.35919794269325
E01003442,Merton 010A,671.0,1.1073025335320417,6,0.0641902006172838,0.0106983667695473,True,1.0106983667695473,743.0,94.35623996080595,0.048,94.35623996080595,92.51606238606814,89.09042876870018,85.96697497051525
E01003443,Merton 010B,636.0,1.069182389937107,12,0.0956103395057867,0.0079675282921488,True,1.0079675282921488,680.0,86.12231647576682,0.044,86.12231647576682,84.40910482519651,81.21982814645193,78.3118819185826
E01003444,Merton 010C,672.0,0.9345238095238096,8,0.0707708333317898,0.0060190007714441,True,1.006019000771444,628.0000000000001,79.38273826996385,0.092,79.38273826996385,78.17541676052063,75.92789390919502,73.87862811763783
E01003445,Merton 010D,650.0,1.1353846153846154,10,0.0866956018518516,0.0086695601851851,True,1.0086695601851852,738.0,93.53314233969155,0.121,93.53314233969155,92.37529487524573,90.21987180497219,88.25458154701575
E01003463,Merton 010E,551.0,1.3847549909255898,1,0.0519544753086419,0.0519544753086419,True,1.0519544753086418,763.0,100.85135370896461,0.07,100.85135370896461,99.10101220228071,95.84261540977272,92.87164624776045
E01003380,Merton 011A,669.0,0.8953662182361734,6,0.0782515432087189,0.0101984310698087,True,1.0101984310698087,599.0,76.03153535765763,0.078,76.03153535765763,74.77131219386789,72.4253088002122,70.28624956944172
E01003382,Merton 011B,726.0,0.8732782369146006,4,0.0898371913572528,0.0224592978393132,True,1.0224592978393132,634.0,81.45083389586304,0.083,81.45083389586304,80.14052624329699,77.70128668003673,75.477215769499
E01003385,Merton 011C,585.0,0.952136752136752,10,0.127308256172839,0.01069358281893,True,1.01069358281893,556.9999999999999,70.73509675937197,0.046,70.73509675937197,69.34178442489319,66.74802519317126,64.38306500512759
E01003399,Merton 011D,630.0,0.7634920634920634,14,0.2172276234537033,0.0145947282846119,True,1.014594728284612,480.99999999999994,61.3194041837648,0.114,61.3194041837648,60.51844540544328,59.027398370194426,57.66787862998977
E01003423,Merton 011E,653.0,0.8116385911179173,9,0.162712962960648,0.0157502786348808,True,1.0157502786348809,530.0,67.64303235415598,0.095,67.64303235415598,66.63406056899065,64.7557811498261,63.04318732306722
E01003357,Merton 012A,724.0,0.6104972375690608,6,0.4219556327021603,0.0443119212951067,True,1.0443119212951066,442.00000000000006,57.99796473545882,0.503,57.99796473545882,59.44194434934296,62.13002466073372,64.58098573721064
E01003376,Merton 012B,591.0,0.8764805414551607,1,0.0772955246909722,0.0772955246909722,True,1.0772955246909721,518.0,70.11724826386376,0.378,70.11724826386376,71.00769547812881,72.6653321940379,74.1767465116891
E01003377,Merton 012C,549.0,0.7504553734061931,1,0.0,0.0,True,1.0,412.0,51.76753246753246,0.461,51.76753246753246,52.844227597195164,54.84857928719681,56.676124377627204
E01003408,Merton 012D,868.0,0.706221198156682,5,0.4294965277762341,0.0790216820985596,True,1.0790216820985596,613.0,83.10954307335173,0.2,83.10954307335173,82.72141488998943,81.99888410218578,81.34008874180958
E01003410,Merton 012E,625.0,0.776,4,0.1278013117283949,0.0319503279320987,True,1.0319503279320987,485.0,62.886985974420526,0.325,62.886985974420526,63.36037348233257,64.2416211311507,65.04513272149919
E01003386,Merton 013A,761.0,0.9211563731931668,2,0.0622665895057869,0.0311332947528934,True,1.0311332947528935,700.9999999999999,90.82242147195718,0.334,90.82242147195718,91.58585869446337,93.0070564365018,94.30288838503125
E01003388,Merton 013B,619.0,0.7883683360258481,6,0.1875898919753084,0.0312649819958847,True,1.0312649819958848,488.0,63.233954363576224,0.318,63.233954363576224,63.66676051864794,64.47246282421409,65.20709302919808
E01003389,Merton 013C,641.0,0.8018720748829953,7,0.2479996141959873,0.0333457065694719,True,1.033345706569472,514.0,66.73735755174877,0.32,66.73735755174877,67.20716746984105,68.08175515707502,68.87919427014505
E01003392,Merton 013D,516.0,0.8895348837209303,8,0.3924023919737652,0.0490502989967206,True,1.0490502989967205,459.0,60.50193239015728,0.246,60.50193239015728,60.490961160793475,60.47053736439009,60.4519151789567
E01003409,Merton 013E,577.0,1.0051993067590987,3,0.1486902006165123,0.0495634002055041,True,1.049563400205504,580.0,76.48863662666473,0.327,76.48863662666473,77.07933952833714,78.17897890315898,79.18161758714061
E01003387,Merton 014A,782.0,0.8120204603580563,6,0.2107280092577158,0.0351213348762859,True,1.035121334876286,635.0,82.5895754672639,0.314,82.5895754672639,83.12262477161403,84.11493749282333,85.01971695386501
E01003391,Merton 014B,482.0,0.7406639004149378,1,0.0802519290119598,0.0401259645059799,True,1.04012596450598,357.0,46.65674127603301,0.398,46.65674127603301,47.340310620108404,48.612828097233084,49.773095070043745
E01003411,Merton 014C,739.0,0.8267929634641408,6,0.471189429011188,0.0785315715018646,True,1.0785315715018646,611.0,82.80075967617414,0.268,82.80075967617414,82.96350069276784,83.26645574722633,83.54268672263775
E01003412,Merton 014D,624.0,0.9887820512820512,4,0.1669220679004629,0.0417305169751157,True,1.0417305169751157,617.0,80.76083477688347,0.317,80.76083477688347,81.30572328788314,82.32007561269283,83.24495053380568
E01003435,Merton 014E,738.0,1.051490514905149,2,0.0,0.0,True,1.0,776.0,97.5038961038961,0.263,97.5038961038961,97.64796263052197,97.91615367008363,98.16068721182349
E01003361,Merton 015A,615.0,1.0178861788617886,6,0.242656249999228,0.0404427083332046,True,1.0404427083332046,626.0,81.83757513188921,0.145,81.83757513188921,81.01616691531306,79.48705166094071,78.09282175120461
E01003424,Merton 015B,569.0,1.1616871704745166,7,0.0716415895046294,0.0102345127863756,True,1.0102345127863757,661.0,83.90424026374816,0.023,83.90424026374816,82.06321500297008,78.63600335213599,75.51111072097181
E01003425,Merton 015C,517.0,1.2688588007736945,3,0.3152677469131942,0.1050892489710647,True,1.1050892489710646,656.0000000000001,91.08805773207212,0.031,91.08805773207212,89.16051325948685,85.57223936956034,82.30049201934891
E01003426,Merton 015D,602.0,1.064784053156146,4,0.0563437499999998,0.0074844714506172,True,1.0074844714506173,641.0,81.14404233095462,0.124,81.14404233095462,80.1633140668047,78.3376121577628,76.67295790716264
E01003428,Merton 015E,631.0,0.8858954041204438,1,0.005545138888503,0.005545138888503,True,1.005545138888503,559.0,70.6274664062229,0.09,70.6274664062229,69.53951881309385,67.51421978754277,65.66757515463594
E01003366,Merton 016A,648.0,0.8919753086419753,3,0.0118896604938271,0.003963220164609,True,1.003963220164609,578.0,72.91315482653918,0.189,72.91315482653918,72.49437997141666,71.71479802154938,71.00398406002007
E01003381,Merton 016B,711.0,0.7918424753867792,12,0.1372361111103392,0.0114363425925282,True,1.0114363425925281,563.0,71.54959797415668,0.098,71.54959797415668,70.50330109826619,68.55553812093058,66.77958997554852
E01003446,Merton 016C,902.0,0.6707317073170732,7,0.0917380401230708,0.0131054343032958,True,1.0131054343032957,605.0,77.01410417552016,0.208,77.01410417552016,76.71456330825094,76.15694469644974,75.64851438383876
E01003447,Merton 016D,680.0,0.6823529411764706,2,0.1186535493819444,0.0593267746909722,True,1.0593267746909723,464.0,61.76012671354171,0.335,61.76012671354171,62.28529806036838,63.26294535118711,64.15435303947903
E01003471,Merton 016E,634.0,1.0173501577287063,3,0.0268742283950616,0.0044790380658436,True,1.0044790380658437,644.9999999999998,81.40682957363813,0.116,81.40682957363813,80.3593748774369,78.40945652757972,76.6315431380295
E01003413,Merton 017A,729.0,0.925925925925926,4,0.119527391970293,0.0263525270049189,True,1.026352527004919,675.0000000000001,87.04835677495453,0.248,87.04835677495453,87.0495602957278,87.05180074321328,87.0538435577667
E01003414,Merton 017B,568.0,1.079225352112676,5,0.1464949845586418,0.0292989969117283,True,1.0292989969117283,613.0,79.27975010920979,0.24,79.27975010920979,79.21895641240539,79.1057842194843,79.00259510024051
E01003415,Merton 017C,786.0,1.0279898218829515,9,0.4582816357951386,0.0509201817550154,True,1.0509201817550153,807.9999999999999,106.69433024482669,0.262,106.69433024482669,106.8415646855947,107.11565304361693,107.365563693303
E01003416,Merton 017D,535.0,1.211214953271028,6,0.2510837191346448,0.0418472865224407,True,1.0418472865224406,647.9999999999999,84.82801789771152,0.217,84.82801789771152,84.57258407392742,84.09707415261319,83.66350961077973
E01003434,Merton 017E,498.0,1.2028112449799198,10,0.4304648919737648,0.0430464891973764,True,1.0430464891973763,599.0,78.50381032477641,0.251,78.50381032477641,78.52787723646023,78.57267966360756,78.61353000747731
E01003373,Merton 018A,545.0,0.7743119266055046,2,0.2531419753036265,0.1265709876518132,True,1.1265709876518133,422.0,59.73532931083383,0.465,59.73532931083383,61.00106013055068,63.35731645389951,65.50572418943429
E01003378,Merton 018B,774.0,0.9108527131782944,3,0.256549382714892,0.085516460904964,True,1.085516460904964,704.9999999999999,96.15807909448239,0.304,96.15807909448239,96.68486981424053,97.66553169366706,98.5596880495892
E01003379,Merton 018C,741.0,0.6032388663967612,2,0.0216408179008487,0.0108204089504243,True,1.0108204089504242,447.0,56.77299081945613,0.405,56.77299081945613,57.64355354661026,59.26417374387118,60.741836820531205
E01003390,Merton 018D,640.0,0.565625,1,0.1434853395046296,0.1434853395046296,True,1.1434853395046296,362.0,52.01150491966284,0.47,52.01150491966284,53.13895253126343,55.237783912072125,57.151474510768914
E01003405,Merton 018E,839.0,0.8688915375446961,5,0.5306751543202158,0.1035483796295138,True,1.1035483796295138,729.0,101.08324009942119,0.336,101.08324009942119,101.95265563080702,103.5711402339581,105.04685610018095
E01003429,Merton 019A,527.0,1.2922201138519924,2,0.1225482253086419,0.0612741126543209,True,1.0612741126543208,681.0,90.81026252198319,0.246,90.81026252198319,90.79379527574234,90.7631402166423,90.7351892821658
E01003430,Merton 019B,579.0,0.8272884283246977,0,0.0,,False,1.0,479.0,60.18603896103895,0.396,60.18603896103895,61.05608038783702,62.67573014395735,64.15250838341495
E01003431,Merton 019C,569.0,1.0404217926186292,1,0.0605933641975308,0.0605933641975308,True,1.0605933641975307,592.0,78.89161756854253,0.383,78.89161756854253,79.93198579589102,81.8687121330513,83.63459719535874
E01003432,Merton 019D,528.0,1.0890151515151516,4,0.3277445987638888,0.0819361496909722,True,1.0819361496909723,575.0,78.16813042531935,0.456,78.16813042531935,79.75578376111812,82.71132387556253,85.40615176064217
E01003433,Merton 019E,575.0,0.9460869565217392,5,0.2763572530856479,0.0304036522632715,True,1.0304036522632716,544.0000000000001,70.43143509859806,0.307,70.43143509859806,70.83790381359088,71.59457692688332,72.2845028715947
E01003466,Merton 020A,625.0,1.1344,5,0.1349116512334104,0.026982330246682,True,1.026982330246682,709.0,91.48912101301146,0.091,91.48912101301146,90.0887475051381,87.48184335018118,85.10489777053088
E01003467,Merton 020B,668.0,1.1122754491017963,2,0.0053321759259259,0.0026660879629629,True,1.002666087962963,742.9999999999999,93.60636675290851,0.131,93.60636675290851,92.53895521307098,90.55188564726834,88.74009820126221
E01003468,Merton 020C,635.0,1.1590551181102362,7,0.1043595679004627,0.0149085097000661,True,1.014908509700066,736.0,93.85663007626272,0.082,93.85663007626272,92.33759049065254,89.5097802064628,86.93141492889256
E01003469,Merton 020D,577.0,1.0849220103986137,3,0.0999610339490739,0.0333203446496913,True,1.0333203446496912,626.0000000000001,81.27735497906608,0.258,81.27735497906608,81.35779026283441,81.50752679689609,81.64405486681895
E01003470,Merton 020E,750.0,1.032,6,0.1248202160482251,0.0196248392487782,True,1.0196248392487781,774.0,99.1611639931495,0.173,99.1611639931495,98.43681385583321,97.08837976164563,95.85889288022943
E01003362,Merton 021A,503.0,1.252485089463221,1,0.0372241512341821,0.0372241512341821,True,1.0372241512341822,630.0000000000001,82.10572088065129,0.08,82.10572088065129,80.76084203124351,78.25724549737376,75.97449463248516
E01003363,Merton 021B,594.0,1.323232323232323,6,0.0151473765428239,0.0025245627571373,True,1.0025245627571373,785.9999999999999,99.00971641188033,0.079,99.00971641188033,97.37829125976377,94.34126650626604,91.57214185341347
E01003364,Merton 021C,664.0,1.2018072289156627,6,0.0821361882716047,0.0136893647119341,True,1.013689364711934,798.0,101.6407895280934,0.081,101.6407895280934,99.98584756059294,96.90504442697664,94.09600314469633
E01003365,Merton 021D,496.0,1.2661290322580645,4,0.0458101851847993,0.0114525462961998,True,1.0114525462961999,628.0,79.81148735118286,0.091,79.81148735118286,78.58985694012371,76.31569695601479,74.24214372953082
E01003421,Merton 021E,612.0,1.0702614379084967,3,0.0288468364197529,0.0096156121399176,True,1.0096156121399176,655.0,83.09169267639187,0.17,83.09169267639187,82.4604018326993,81.28520484835505,80.21367359476292
E01003374,Merton 022A,667.0,0.7241379310344828,3,0.0265991512326388,0.0088663837442129,True,1.008866383744213,483.0,61.226725102549345,0.385,61.226725102549345,62.04609008936568,63.571401712692115,64.96216351487084
E01003375,Merton 022B,723.0,0.8769017980636238,3,0.0162206790119598,0.0054068930039866,True,1.0054068930039866,634.0,80.09241053690651,0.313,80.09241053690651,80.60152712272499,81.54928722777235,82.41344411976155
E01003437,Merton 022C,770.0,1.1077922077922078,8,0.158859182097222,0.0198573977621527,True,1.0198573977621528,853.0,109.30719007553961,0.187,109.30719007553961,108.65805431262216,107.44963762381283,106.34781702124893
E01003440,Merton 022D,630.0,0.9111111111111112,1,0.0,0.0,True,1.0,574.0000000000001,72.12272727272727,0.313,72.12272727272727,72.58118365358608,73.43463584859529,74.2128038600708
E01003441,Merton 022E,647.0,0.9690880989180836,4,0.2038078703699844,0.0509519675924961,True,1.050951967592496,627.0000000000001,82.7962480468674,0.299,82.7962480468674,83.20944069334561,83.97863092784054,84.67996984140073
E01003427,Merton 023A,729.0,0.7503429355281207,10,0.4782368827110334,0.0275824845676311,True,1.0275824845676311,547.0,70.62594434273936,0.283,70.62594434273936,70.86813297032185,71.31898592917773,71.73006853288106
E01003436,Merton 023B,605.0,1.0132231404958678,6,0.6882141203684411,0.1147023533947401,True,1.11470235339474,613.0,85.8577772721388,0.263,85.8577772721388,85.98463611829439,86.22079372287392,86.43611954267395
E01003439,Merton 023C,574.0,0.8449477351916377,4,0.0168611111103394,0.0042152777775848,True,1.0042152777775848,485.00000000000006,61.196813818981745,0.319,61.196813818981745,61.62164839057214,62.41251097374838,63.13361048851851
E01003448,Merton 023D,882.0,0.8922902494331065,3,0.0266658950617282,0.0088886316872427,True,1.0088886316872427,787.0,99.76500054037395,0.251,99.76500054037395,99.79558549475016,99.85252176510534,99.90443560930449
E01003453,Merton 023E,665.0,0.8872180451127819,5,0.2273499228395059,0.0454699845679011,True,1.0454699845679012,590.0,77.5039485637626,0.307,77.5039485637626,77.95123364797934,78.7838896057928,79.54309584455338
E01003438,Merton 024A,655.0,0.9526717557251908,4,0.0374633487650461,0.0093658371912615,True,1.0093658371912615,624.0,79.13952509468939,0.327,79.13952509468939,79.75070015509193,80.88845004496883,81.92583746343156
E01003449,Merton 024B,653.0,0.9586523736600306,13,0.4501705246871138,0.0240044367282021,True,1.0240044367282022,626.0,80.54459832813235,0.266,80.54459832813235,80.6871856615699,80.95262306801375,81.19464587837328
E01003450,Merton 024C,611.0,1.0114566284779052,4,0.0568495370370369,0.0142123842592592,True,1.0142123842592592,618.0000000000001,78.75490879667207,0.373,78.75490879667207,79.71662408824275,81.5069318706918,83.13931415893755
E01003451,Merton 024D,664.0,1.1852409638554218,3,0.0005266203703703,0.0001755401234567,True,1.0001755401234567,787.0,98.90339742852629,0.181,98.90339742852629,98.25813924633603,97.05694097550737,95.96170204441712
E01003452,Merton 024E,817.0,0.8763769889840881,8,0.6563198302449843,0.0768711660877218,True,1.0768711660877217,716.0,96.88064453038277,0.326,96.88064453038277,97.61937614107515,98.9945824660195,100.24847996315927
E01003417,Merton 025A,604.0,1.2301324503311255,3,0.0222048611099536,0.0074016203699845,True,1.0074016203699845,742.9999999999998,94.04846406584598,0.144,94.04846406584598,93.09531711185802,91.32095995595243,89.70312126770179
E01003418,Merton 025B,528.0,1.4242424242424243,4,0.0139907407407405,0.0019714506172839,True,1.0019714506172839,752.0,94.6745907287157,0.103,94.6745907287157,93.33632070231897,90.84502700627785,88.57349372909319
E01003419,Merton 025C,664.0,1.2530120481927711,1,0.0,0.0,True,1.0,832.0,104.54025974025973,0.155,104.54025974025973,103.59299524901971,101.8295887548431,100.2217347554969
E01003420,Merton 025D,507.0,1.428007889546351,4,0.066719135802469,0.0087651427469135,True,1.0087651427469135,724.0,91.76749604414681,0.131,91.76749604414681,90.72105350335165,88.77301935947145,86.99682396751605
E01003422,Merton 025E,528.0,1.253787878787879,2,0.0,0.0,True,1.0,662.0,83.17987012987011,0.105,83.17987012987011,82.02031701514383,79.86171874426991,77.89353337449384
E01003543,Newham 001A,838.0,0.6670644391408115,5,0.0856269290123456,0.0171253858024691,True,1.0171253858024691,559.0,71.44083963857322,0.3,71.44083963857322,71.80433469234994,72.4810089943623,73.09799293217716
E01003544,Newham 001B,624.0,0.6426282051282052,2,0.0501770833333333,0.0250885416666666,True,1.0250885416666666,401.00000000000006,51.649485557021094,0.367,51.649485557021094,52.249962904372275,53.36779816972554,54.38702765988782
E01003546,Newham 001C,577.0,0.6880415944540728,0,0.0,,False,1.0,397.0,49.8827922077922,0.413,49.8827922077922,50.686640986894574,52.183067983275926,53.54749311089515
E01003550,Newham 001D,608.0,0.587171052631579,0,0.0,,False,1.0,357.0,44.85681818181818,0.376,44.85681818181818,45.41771862776801,46.46187841431261,47.413931440257805
E01003576,Newham 002A,635.0,0.4614173228346456,2,0.2489872685181326,0.0622468171295331,True,1.0622468171295332,292.99999999999994,39.106892480887936,0.648,39.106892480887936,40.63387474403607,43.47647093995491,46.06831784379009
E01003581,Newham 002B,474.0,0.7827004219409283,2,0.2978294753078704,0.0744573688269676,True,1.0744573688269676,371.0,50.08680702729529,0.506,50.08680702729529,51.34848458006589,53.697195431878825,55.83872329222543
E01003582,Newham 002C,453.0,0.7196467991169978,0,0.0,,False,1.0,326.0,40.961688311688306,0.576,40.961688311688306,42.27330260620055,44.714974585026646,46.94126334443165
E01003583,Newham 002D,530.0,0.7358490566037735,3,0.615663966046682,0.1461833204726079,True,1.146183320472608,390.0,56.166704077574906,0.435,56.166704077574906,57.19239465221857,59.10179739777553,60.84276911980604
E01003578,Newham 003A,594.0,0.601010101010101,2,0.0,0.0,True,1.0,357.0,44.85681818181818,0.623,44.85681818181818,46.49888444321314,49.55571844891053,52.3429049527762
E01003584,Newham 003B,604.0,0.8377483443708609,3,0.5673310185150462,0.0977291023656121,True,1.0977291023656122,505.99999999999994,69.79204814397364,0.289,69.79204814397364,70.07223961651833,70.59383782574858,71.06942514468625
E01003586,Newham 003C,530.0,0.7037735849056603,0,0.0,,False,1.0,373.0,46.867207792207786,0.43,46.867207792207786,47.70020840278966,49.2509037998379,50.66481023839619
E01003590,Newham 003D,571.0,0.637478108581436,0,0.0,,False,1.0,364.0,45.73636363636363,0.495,45.73636363636363,46.83936112733402,48.89267670774971,50.7648665169592
E01003579,Newham 004A,493.0,0.7849898580121704,1,0.0,0.0,True,1.0,387.0,48.626298701298694,0.451,48.626298701298694,49.5902101827307,51.38460634334629,53.0207163683377
E01003585,Newham 004B,410.0,0.8829268292682927,0,0.0,,False,1.0,362.0,45.485064935064926,0.425,45.485064935064926,46.271307370435295,47.734958789179345,49.06949951762055
E01003587,Newham 004C,808.0,0.5631188118811881,0,0.0,,False,1.0,454.99999999999994,57.17045454545453,0.527,57.17045454545453,58.72772208044846,61.62669666439369,64.26994874166128
E01003591,Newham 004D,684.0,0.533625730994152,3,0.3407816358016975,0.0567969393002829,True,1.056796939300283,364.99999999999994,48.46683495482514,0.569,48.46683495482514,49.98566167961888,52.813075706850256,55.391079681829545
E01003528,Newham 005A,409.0,0.726161369193154,0,0.0,,False,1.0,297.0,37.317857142857136,0.524,37.317857142857136,38.32343466582904,40.19539540203841,41.902227925493946
E01003575,Newham 005B,471.0,0.7855626326963907,1,0.0,0.0,True,1.0,370.0,46.49025974025973,0.555,46.49025974025973,47.88363348811678,50.47750704561686,52.84257147460568
E01003577,Newham 005C,756.0,0.6468253968253969,1,0.0,0.0,True,1.0,489.0,61.44253246753245,0.581,61.44253246753245,63.43993214015808,67.15824691575304,70.5485640675338
E01003580,Newham 005D,613.0,0.734094616639478,2,0.0206851851851851,0.0103425925925925,True,1.0103425925925924,450.0,57.12700081168829,0.563,57.12700081168829,58.88376781457395,62.154126167802595,65.13600174493054
E01003545,Newham 006A,634.0,0.6514195583596214,3,0.1638788580246913,0.0273131430041152,True,1.0273131430041151,412.99999999999994,53.31054771412035,0.317,53.31054771412035,53.670230783825794,54.33980878113216,54.95032238896937
E01003548,Newham 006B,812.0,0.5566502463054187,3,0.1400092592569443,0.0283652906372813,True,1.0283652906372813,452.0,58.40447081150512,0.369,58.40447081150512,59.09488004937344,60.38013052055151,61.55200729262283
E01003549,Newham 006C,775.0,0.5045161290322581,1,0.0424031635802469,0.0424031635802469,True,1.0424031635802469,391.0,51.212116721906554,0.363,51.212116721906554,51.787519822589715,52.85867742840871,53.835346759123865
E01003557,Newham 006D,650.0,0.6153846153846154,1,0.0,0.0,True,1.0,400.0,50.259740259740255,0.43,50.259740259740255,51.15303850165112,52.81598262717202,54.33223618058573
E01003547,Newham 007A,674.0,0.8249258160237388,4,0.4196419753043979,0.0588682002308545,True,1.0588682002308545,556.0,73.97363259093291,0.229,73.97363259093291,73.83750482960137,73.58409241882315,73.35303386284116
E01003555,Newham 007B,480.0,1.0541666666666667,1,0.0,0.0,True,1.0,506.0,63.57857142857141,0.268,63.57857142857141,63.7035321341051,63.936156202348755,64.1482601838782
E01003561,Newham 007C,467.0,0.7259100642398287,1,0.0,0.0,True,1.0,339.0,42.59512987012986,0.374,42.59512987012986,43.119436639517644,44.09547445221855,44.98541463665521
E01003567,Newham 007D,507.0,0.6153846153846154,2,0.0,0.0,True,1.0,312.0,39.2025974025974,0.445,39.2025974025974,39.95675167562817,41.36066848552842,42.640743876541165
E01003556,Newham 008A,652.0,0.5122699386503068,1,0.0,0.0,True,1.0,334.0,41.96688311688311,0.656,41.96688311688311,43.638299123533194,46.74976996177729,49.58677370858264
E01003558,Newham 008B,546.0,0.5695970695970696,0,0.0,,False,1.0,311.0,39.076948051948044,0.456,39.076948051948044,39.87063016497726,41.34813112207043,42.69529970217105
E01003570,Newham 008C,542.0,0.6752767527675276,0,0.0,,False,1.0,366.0,45.98766233766233,0.452,45.98766233766233,46.903756083760356,48.609135812529786,50.16408166668252
E01003571,Newham 008D,582.0,0.7233676975945017,1,0.0,0.0,True,1.0,421.0,52.89837662337661,0.396,52.89837662337661,53.66306856634527,55.08660206807108,56.38456373573632
E01003572,Newham 008E,447.0,0.8031319910514542,0,0.0,,False,1.0,359.0,45.10811688311688,0.433,45.10811688311688,45.92305719005122,47.44013192778687,48.82338343130047
E01003551,Newham 009A,618.0,0.5258899676375405,1,0.0,0.0,True,1.0,325.0,40.83603896103895,0.394,40.83603896103895,41.41838967174078,42.502480793741626,43.49094275751515
E01003553,Newham 009B,733.0,0.5075034106412005,1,0.0385239197530864,0.0385239197530864,True,1.0385239197530864,372.0,48.54222648809523,0.516,48.54222648809523,49.81236450529464,52.17682516938858,54.332713529568075
E01003554,Newham 009C,686.0,0.5029154518950437,1,0.0002735339502314,0.0002735339502314,True,1.0002735339502313,345.0,43.360883404339326,0.292,43.360883404339326,43.547656330906655,43.8953486541078,44.21237056269616
E01003559,Newham 009D,898.0,0.4688195991091314,2,0.1252689043209876,0.0626344521604938,True,1.0626344521604938,421.0,56.21163746336128,0.306,56.21163746336128,56.53055672041857,57.12424971135567,57.66557223285844
E01003529,Newham 010A,626.0,0.8178913738019169,3,0.102715277777006,0.0342384259256686,True,1.0342384259256685,512.0,66.53510995669338,0.361,66.53510995669338,67.26969217574576,68.63717408556371,69.88402854878325
E01003530,Newham 010B,484.0,0.8078512396694215,3,0.0644787808641973,0.0163351337448559,True,1.0163351337448558,391.0,49.931423192490364,0.329,49.931423192490364,50.32677602863558,51.06275606926496,51.73381430550986
E01003531,Newham 010C,557.0,0.7127468581687613,2,0.2116114969128085,0.0883362268515624,True,1.0883362268515624,397.0,54.28924985624908,0.318,54.28924985624908,54.66083378973064,55.352566170172,55.98327989275544
E01003532,Newham 010D,564.0,0.7907801418439716,3,0.1594660493819444,0.0531553497939814,True,1.0531553497939814,446.0,59.01841548218856,0.293,59.01841548218856,59.27839085289932,59.76235521689357,60.20362842347353
E01003534,Newham 010E,630.0,0.7158730158730159,2,0.0,0.0,True,1.0,451.0,56.66785714285713,0.439,56.66785714285713,57.724818452145236,59.69243410134172,61.48648368729044
E01003533,Newham 011A,569.0,0.827768014059754,0,0.0,,False,1.0,471.0,59.18084415584415,0.29,59.18084415584415,59.42421018018151,59.87725495463163,60.29033603088267
E01003560,Newham 011B,445.0,0.8337078651685393,1,0.0676234567901234,0.0676234567901234,True,1.0676234567901235,371.0,49.7682380050505,0.357,49.7682380050505,50.298279426909694,51.284992741018556,52.184666726306276
E01003563,Newham 011C,585.0,0.8598290598290599,1,0.0,0.0,True,1.0,503.00000000000006,63.20162337662337,0.319,63.20162337662337,63.64037554222544,64.45714680865801,65.20186956635544
E01003588,Newham 011D,426.0,0.7863849765258216,1,0.0,0.0,True,1.0,335.0,42.09253246753246,0.439,42.09253246753246,42.877636766005885,44.339169454433424,45.671778348652545
E01003589,Newham 011E,508.0,0.7322834645669292,0,0.0,,False,1.0,372.0,46.74155844155843,0.483,46.74155844155843,47.81406437487172,49.81061755018582,51.631052043558334
E01003616,Newham 012A,680.0,0.5147058823529411,1,0.0008020833329475,0.0008020833329475,True,1.0008020833329474,349.99999999999994,44.01254616475574,0.34,44.01254616475574,44.40827667475322,45.144959784620305,45.81665907140538
E01003618,Newham 012C,829.0,0.4535585042219541,2,0.4116458333329474,0.1029114583332368,True,1.102911458333237,375.99999999999994,52.10612081980062,0.337,52.10612081980062,52.55936942107124,53.403126929505625,54.17245543594742
E01003619,Newham 012D,1064.0,0.3458646616541353,1,0.3030351080216049,0.1515175540108024,True,1.1515175540108025,368.0,53.2449753155852,0.361,53.2449753155852,53.83282753595683,54.92716014591506,55.92496018200821
E01034199,Newham 012E,702.0,0.3561253561253561,2,0.2991361882696758,0.0789230324067322,True,1.0789230324067323,250.0,33.89149460563355,0.449,33.89149460563355,34.55670602327656,35.79504879313647,36.92415565627664
E01034200,Newham 012F,722.0,0.242382271468144,1,0.218937499997685,0.1094687499988425,True,1.1094687499988425,174.99999999999997,24.39570490054272,0.205,24.39570490054272,24.293677847153287,24.10374655532041,23.93056936209641
E01003562,Newham 014A,589.0,0.7521222410865874,3,0.3234660493807869,0.0744030992793209,True,1.074403099279321,443.0,59.80413692972274,0.334,59.80413692972274,60.30683993468615,61.242660660357096,62.09593136192822
E01003564,Newham 014B,654.0,0.6666666666666666,0,0.0,,False,1.0,436.0,54.783116883116875,0.413,54.783116883116875,55.665933174524014,57.30936433427785,58.807826187280305
E01003565,Newham 014C,515.0,0.6757281553398058,0,0.0,,False,1.0,348.0,43.72597402597402,0.416,43.72597402597402,44.44340773335401,45.778966355507066,46.996713527858745
E01003566,Newham 014D,532.0,0.5939849624060151,2,0.0,0.0,True,1.0,316.0,39.7051948051948,0.54,39.7051948051948,40.83709399691737,42.94421234020493,44.86545889710425
E01003625,Newham 015A,486.0,0.7736625514403292,0,0.0,,False,1.0,376.0,47.244155844155834,0.471,47.244155844155834,48.27287230889179,50.18790798409914,51.93401574736365
E01003626,Newham 015B,463.0,0.7732181425485961,2,0.0151319444444444,0.0075659722222222,True,1.007565972222222,358.0,45.32280363230518,0.362,45.32280363230518,45.82761361797816,46.76735665204418,47.62420366983083
E01003627,Newham 015C,459.0,0.7494553376906318,1,0.0,0.0,True,1.0,344.0,43.223376623376616,0.443,43.223376623376616,44.04644446045624,45.57864922742066,46.97569611962428
E01003628,Newham 015D,429.0,0.8974358974358975,1,0.0,0.0,True,1.0,385.0,48.37499999999999,0.436,48.37499999999999,49.26312254895589,50.916431719664196,52.42390023078614
E01003629,Newham 015E,508.0,0.6279527559055118,2,0.0,0.0,True,1.0,319.0,40.08214285714285,0.42,40.08214285714285,40.75543550304848,42.00882210758286,43.15164576819811
E01003552,Newham 016A,526.0,0.6825095057034221,1,0.0,0.0,True,1.0,359.0,45.10811688311688,0.431,45.10811688311688,45.91425376683832,47.41494024785355,48.78324912515062
E01003596,Newham 016B,536.0,0.6417910447761194,1,0.0512623456790123,0.0512623456790123,True,1.0512623456790122,344.0,45.43910829725829,0.47,45.43910829725829,46.42408679772918,48.25770085211116,49.929569306906714
E01003597,Newham 016C,532.0,0.8721804511278195,2,0.0,0.0,True,1.0,464.0,58.30129870129869,0.249,58.30129870129869,58.307793888779464,58.31988518523405,58.33090989191739
E01003635,Newham 016D,607.0,0.6392092257001647,6,0.2599486882696755,0.0231544174381108,True,1.0231544174381109,387.99999999999994,49.88077100806393,0.314,49.88077100806393,50.20271127880471,50.80202812157803,51.34847840726703
E01003568,Newham 017A,627.0,0.8149920255183413,2,0.0,0.0,True,1.0,511.0,64.20681818181818,0.283,64.20681818181818,64.42699451109216,64.83686986533186,65.21058955487825
E01003569,Newham 017B,591.0,0.6531302876480541,1,0.0,0.0,True,1.0,386.0,48.50064935064935,0.371,48.50064935064935,49.0834493403741,50.168376830204686,51.15760138465961
E01003573,Newham 017C,577.0,0.8509532062391681,1,0.1310015432091049,0.1310015432091049,True,1.131001543209105,491.0,69.77581825843002,0.334,69.77581825843002,70.36234145420012,71.45419998153947,72.44974417722001
E01003574,Newham 017D,773.0,0.705045278137128,1,0.0,0.0,True,1.0,545.0,68.47889610389609,0.394,68.47889610389609,69.45545344953455,71.27339086950518,72.93096554721771
E01003520,Newham 018A,573.0,0.5741710296684118,2,0.2024780092584875,0.1012390046292437,True,1.1012390046292437,329.0,45.52371876182116,0.46,45.52371876182116,46.466108687879206,48.22044080000339,49.820020880929356
E01003521,Newham 018B,648.0,0.5416666666666666,0,0.0,,False,1.0,351.0,44.102922077922074,0.477,44.102922077922074,45.08906158149841,46.924836933421695,48.598676034751136
E01003522,Newham 018C,531.0,0.5894538606403014,2,0.0,0.0,True,1.0,313.0,39.328246753246745,0.532,39.328246753246745,40.418698434637804,42.44865901516539,44.2995540009188
E01003525,Newham 018D,534.0,0.6947565543071161,1,0.0,0.0,True,1.0,371.0,46.615909090909085,0.492,46.615909090909085,47.726471540006955,49.79386987810386,51.67890018570914
E01003526,Newham 018E,486.0,0.823045267489712,2,0.0356913580246913,0.0178456790123456,True,1.0178456790123456,400.0,51.15665945165944,0.372,51.15665945165944,51.77636688184825,52.93000044141923,53.98187040938277
E01003488,Newham 019A,667.0,0.631184407796102,1,0.0,0.0,True,1.0,421.0,52.89837662337661,0.488,52.89837662337661,54.13796297843682,56.445549348263036,58.549580373335544
E01003489,Newham 019B,964.0,0.4948132780082988,0,0.0,,False,1.0,477.0,59.934740259740245,0.4,59.934740259740245,60.82454300071688,62.480979979495956,63.99130039046762
E01003490,Newham 019C,565.0,0.6672566371681415,0,0.0,,False,1.0,376.99999999999994,47.36980519480518,0.487,47.36980519480518,48.47521617140204,50.53302464294439,52.40931101921913
E01003524,Newham 019D,558.0,0.6129032258064516,0,0.0,,False,1.0,342.0,42.972077922077915,0.511,42.972077922077915,44.07550311367986,46.12961489207214,48.00253066554749
E01003631,Newham 020A,695.0,0.5597122302158274,0,0.0,,False,1.0,389.00000000000006,48.877597402597395,0.313,48.877597402597395,49.1882934516463,49.76667830157416,50.29404303408979
E01003632,Newham 020B,792.0,0.5656565656565656,1,0.0,0.0,True,1.0,448.0,56.29090909090908,0.282,56.29090909090908,56.47844744955456,56.82756468407658,57.145885810612434
E01003633,Newham 020C,685.0,0.5065693430656935,1,0.0,0.0,True,1.0,347.0,43.60032467532467,0.533,43.60032467532467,44.813482556243585,47.071870266811594,49.13104251354116
E01003634,Newham 020D,591.0,0.6209813874788495,1,0.0,0.0,True,1.0,367.0,46.11331168831168,0.385,46.11331168831168,46.73042183033327,47.87922033605848,48.926681756878374
E01003636,Newham 020E,695.0,0.6129496402877698,0,0.0,,False,1.0,426.0,53.52662337662337,0.368,53.52662337662337,54.15414754478921,55.322332569805646,56.38747039857726
E01003598,Newham 021A,641.0,0.5912636505460218,1,0.0,0.0,True,1.0,379.0,47.62110389610389,0.458,47.62110389610389,48.59761808495957,50.415475165223924,52.07297659010537
E01003600,Newham 021B,589.0,0.5195246179966044,2,0.1049139660482252,0.0262284915120563,True,1.0262284915120563,306.0,39.457152734363866,0.483,39.457152734363866,40.362514725495686,42.04791645807046,43.58464660235337
E01003630,Newham 021C,678.0,0.5309734513274337,0,0.0,,False,1.0,360.00000000000006,45.23376623376623,0.478,45.23376623376623,46.249605338280965,48.14066880630437,49.864918983515345
E01003637,Newham 021D,582.0,0.7560137457044673,1,0.0002704475308641,0.0002704475308641,True,1.0002704475308641,440.0,55.30066617063491,0.289,55.30066617063491,55.52267964493629,55.93597498747072,56.31281298347429
E01003491,Newham 022A,627.0,0.4944178628389155,0,0.0,,False,1.0,310.0,38.9512987012987,0.416,38.9512987012987,39.590391946378574,40.78011370749193,41.86488848746038
E01003592,Newham 022B,631.0,0.5990491283676703,2,0.0,0.0,True,1.0,378.0,47.495454545454535,0.434,47.495454545454535,48.35816006915486,49.96415347133938,51.42848000248998
E01003599,Newham 022C,473.0,0.6553911205073996,1,0.0,0.0,True,1.0,310.0,38.9512987012987,0.449,38.9512987012987,39.71582233560961,41.13904251768412,42.436718504052344
E01034201,Newham 022E,425.0,0.64,1,0.0,0.0,True,1.0,272.0,34.17662337662337,0.482,34.17662337662337,34.95748626179566,36.41112322962049,37.73653289553307
E01034202,Newham 022F,499.0,0.6132264529058116,2,0.3239398148144289,0.1619699074072144,True,1.1619699074072143,306.0,44.676233887979585,0.327,44.676233887979585,45.021257438631096,45.6635456015351,46.24917664852755
E01003535,Newham 023A,567.0,0.7142857142857143,0,0.0,,False,1.0,405.0,50.887987012987004,0.603,50.887987012987004,52.651520908285654,55.93447635782354,58.927837824193595
E01003536,Newham 023B,621.0,0.7906602254428341,2,0.0,0.0,True,1.0,491.0,61.69383116883116,0.424,61.69383116883116,62.75423375132663,64.72825559813553,66.52814628225745
E01003621,Newham 023C,449.0,0.7728285077951003,1,0.0757750771593364,0.0757750771593364,True,1.0757750771593364,347.0,46.90414264176952,0.472,46.90414264176952,47.930032469405084,49.83980613989715,51.58111606706775
E01003622,Newham 023D,532.0,0.6672932330827067,1,0.0,0.0,True,1.0,355.0,44.605519480519476,0.481,44.605519480519476,45.62030771098056,47.5094148952544,49.23188135517673
E01003623,Newham 023E,480.0,0.7583333333333333,1,0.0,0.0,True,1.0,364.0,45.73636363636363,0.456,45.73636363636363,46.66530347283512,48.3945971975358,49.97134756138348
E01003523,Newham 024A,713.0,0.6732117812061711,2,0.0,0.0,True,1.0,480.0,60.3116883116883,0.426,60.3116883116883,61.36010501455968,63.311814214623126,65.09136048103751
E01003527,Newham 024B,555.0,0.8342342342342343,2,0.167589891974537,0.0837949459872685,True,1.0837949459872684,463.0,63.050474745761264,0.325,63.050474745761264,63.52509293027257,64.40863157925742,65.2142320775195
E01003537,Newham 024C,642.0,0.7881619937694704,1,0.1123931327160493,0.1123931327160493,True,1.1123931327160492,506.0,70.72436624503965,0.471,70.72436624503965,72.26435185202745,75.13115478343033,77.74507311355758
E01003542,Newham 024D,664.0,0.7228915662650602,3,0.0,0.0,True,1.0,480.0,60.3116883116883,0.488,60.3116883116883,61.72499341959542,64.35597075336403,66.75486598385051
E01003624,Newham 024E,491.0,0.7678207739307535,0,0.0,,False,1.0,377.0,47.36980519480519,0.436,47.36980519480519,48.23947324923733,49.858427943671174,51.33457243378279
E01003492,Newham 025A,529.0,0.8525519848771267,1,0.0,0.0,True,1.0,451.0,56.66785714285713,0.384,56.66785714285713,57.42068347610653,58.822128222864976,60.09994961480131
E01003494,Newham 025C,610.0,0.7836065573770492,3,0.092579861111111,0.0308599537037036,True,1.0308599537037035,478.0,61.91385045319261,0.38,61.91385045319261,62.712202686244765,64.19839743483246,65.55349291520831
E01003495,Newham 025D,610.0,0.9360655737704918,3,0.2994884259220677,0.0499147376536779,True,1.049914737653678,571.0,75.3269509683431,0.388,75.3269509683431,76.35706336512021,78.2746976763469,80.023174846399
E01034203,Newham 025E,483.0,0.3995859213250518,0,0.0,,False,1.0,193.0,24.250324675324674,0.2,24.250324675324674,24.137073728271904,23.92624828579905,23.734020043494553
E01034204,Newham 025F,555.0,0.6918918918918919,2,0.0,0.0,True,1.0,384.0,48.24935064935064,0.475,48.24935064935064,49.318787648380024,51.30962776393469,53.12485315435048
E01003594,Newham 026A,575.0,0.6521739130434783,2,0.0,0.0,True,1.0,375.0,47.11850649350649,0.367,47.11850649350649,47.666306640695446,48.68607920263257,49.615896234354324
E01003595,Newham 026B,667.0,0.52023988005997,1,0.0,0.0,True,1.0,347.0,43.60032467532467,0.377,43.60032467532467,44.14976820337414,45.17260004654538,46.105206496126065
E01003602,Newham 026C,633.0,0.65086887835703,2,0.0,0.0,True,1.0,412.0,51.76753246753246,0.34,51.76753246753246,52.23299047461982,53.09947674118501,53.88952907096614
E01003607,Newham 026D,604.0,0.5993377483443708,4,0.1317287808568673,0.0329321952142168,True,1.0329321952142168,361.99999999999994,46.982987972837805,0.403,46.982987972837805,47.694260487681326,49.01834957093459,50.225638948074796
E01003496,Newham 027A,552.0,0.4239130434782608,0,0.0,,False,1.0,233.99999999999997,29.401948051948043,0.464,29.401948051948043,30.02207631884441,31.176493298663853,32.22907758030596
E01003498,Newham 027B,683.0,0.554904831625183,2,0.0074425154320987,0.0037212577160493,True,1.0037212577160493,379.0,47.798314296424046,0.427,47.798314296424046,48.63387137925442,50.18932584814255,51.6075715543151
E01003500,Newham 027C,720.0,0.6194444444444445,0,0.0,,False,1.0,446.0,56.03961038961038,0.39,56.03961038961038,56.81690106288139,58.263888080535445,59.5832343974625
E01003593,Newham 027D,535.0,0.5906542056074766,1,0.0,0.0,True,1.0,316.0,39.7051948051948,0.401,39.7051948051948,40.298540290506416,41.40309904021651,42.41022315430995
E01003601,Newham 028A,715.0,0.6881118881118881,3,0.0,0.0,True,1.0,491.99999999999994,61.8194805194805,0.495,61.8194805194805,63.31034526002291,66.08570587970564,68.6162481492965
E01003603,Newham 028B,609.0,0.7651888341543513,3,0.5220868055532407,0.1195428240735596,True,1.1195428240735597,466.0,65.55214025294605,0.393,65.55214025294605,66.48056332907011,68.2088950642093,69.78476829690831
E01003605,Newham 028C,684.0,0.5833333333333334,3,0.0,0.0,True,1.0,399.0,50.1340909090909,0.478,50.1340909090909,51.25997924992806,53.35590792698734,55.26695187339617
E01003608,Newham 028D,677.0,0.6558345642540621,2,0.1929020061709103,0.0672154706781442,True,1.0672154706781443,444.0,59.53814931678057,0.333,59.53814931678057,60.0328066630169,60.95364976946907,61.79326404806502
E01003538,Newham 029A,664.0,0.6430722891566265,3,0.2836423611103394,0.0472737268517232,True,1.0472737268517232,427.0,56.18861561315596,0.428,56.18861561315596,57.17632559364516,59.01502451043624,60.691529284984284
E01003539,Newham 029B,703.0,0.8250355618776671,2,0.1364471450605709,0.0341117862651427,True,1.0341117862651428,580.0,75.36257517697204,0.391,75.36257517697204,76.41523669133984,78.37484793801075,80.1615992007109
E01003540,Newham 029C,603.0,0.7114427860696517,1,0.0463757716037808,0.0463757716037808,True,1.0463757716037807,429.0,56.403391145770925,0.469,56.403391145770925,57.6205372670978,59.88634939724532,61.95229114536503
E01003541,Newham 029D,557.0,0.9443447037701976,1,0.0,0.0,True,1.0,526.0000000000001,66.09155844155845,0.43,66.09155844155845,67.26624562967122,69.45301715473121,71.44689057747026
E01003499,Newham 030A,821.0,0.5200974421437271,2,0.0,0.0,True,1.0,426.99999999999994,53.65227272727272,0.585,53.65227272727272,55.41736520962852,58.703222090143434,61.69922904830207
E01003501,Newham 030B,788.0,0.6357868020304569,1,0.0155972222222222,0.0155972222222222,True,1.0155972222222223,501.00000000000006,63.932174878246755,0.439,63.932174878246755,65.12462927253587,67.3444758331793,69.36850669744814
E01003502,Newham 030C,811.0,0.468557336621455,2,0.0381462191354166,0.0190731095677083,True,1.0190731095677084,380.0,48.65743230293089,0.398,48.65743230293089,49.370313832460106,50.697398221641336,51.907418684683435
E01003503,Newham 030D,1158.0,0.3972366148531951,1,0.0,0.0,True,1.0,459.99999999999994,57.79870129870128,0.36,57.79870129870128,58.43118894618134,59.60861387381982,60.68217654078585
E01003507,Newham 031A,832.0,0.5420673076923077,2,0.0128537808638117,0.0064268904319058,True,1.0064268904319058,451.0,57.03205525172516,0.399,57.03205525172516,57.87319890411613,59.439053206561184,60.86678136277136
E01003508,Newham 031B,963.0,0.5659397715472482,2,0.1752418981473764,0.0438104745368441,True,1.0438104745368442,545.0,71.47898903796703,0.392,71.47898903796703,72.48437978972876,74.35599283681016,76.06250834127049
E01003509,Newham 031C,778.0,0.532133676092545,0,0.0,,False,1.0,414.00000000000006,52.01883116883116,0.468,52.01883116883116,53.13628545364514,55.216513479723574,57.11324175101423
E01003604,Newham 031D,753.0,0.6215139442231076,1,0.0,0.0,True,1.0,468.0,58.80389610389609,0.47,58.80389610389609,60.078581624292994,62.451507819128274,64.6151149540225
E01003483,Newham 032A,601.0,0.7853577371048253,0,0.0,,False,1.0,472.0,59.306493506493496,0.448,59.306493506493496,60.46475518628916,62.620949350639,64.58694268341034
E01003484,Newham 032B,561.0,0.8467023172905526,0,0.0,,False,1.0,475.0,59.68344155844155,0.321,59.68344155844155,60.10941812760836,60.90240662805607,61.62544453003215
E01003516,Newham 032C,651.0,0.6912442396313364,1,0.0,0.0,True,1.0,450.0,56.54220779220778,0.444,56.54220779220778,57.62441283558483,59.639021658326165,61.47591908581088
E01003518,Newham 032D,573.0,0.8411867364746946,0,0.0,,False,1.0,482.0,60.562987012986994,0.323,60.562987012986994,61.007060769445445,61.83373859097669,62.58749403301985
E01003519,Newham 032E,495.0,0.8,0,0.0,,False,1.0,396.0,49.75714285714285,0.343,49.75714285714285,50.219090934837176,51.07904319496274,51.86313789193466
E01003480,Newham 033A,585.0,0.8307692307692308,0,0.0,,False,1.0,486.0,61.0655844155844,0.326,61.0655844155844,61.53122002063086,62.39803689960402,63.188390678021186
E01003486,Newham 033C,448.0,0.7098214285714286,1,0.0652303240733023,0.0326151620366511,True,1.032615162036651,318.0,41.259681016624185,0.572,41.259681016624185,42.56473248664472,44.994187257462066,47.20933650545969
E01003487,Newham 033D,412.0,0.8131067961165048,0,0.0,,False,1.0,335.0,42.09253246753246,0.516,42.09253246753246,43.19391016680888,45.24421037905781,47.11365080984412
E01034205,Newham 033E,560.0,0.7678571428571429,2,0.2220104166574074,0.0555026041643518,True,1.0555026041643518,430.0,57.027983233438235,0.385,57.027983233438235,57.79115867115705,59.211869080461746,60.507256684543364
E01034206,Newham 033F,681.0,0.5315712187958884,0,0.0,,False,1.0,362.0,45.485064935064926,0.407,45.485064935064926,46.191414465623026,47.50633903089857,48.705272304706256
E01034207,Newham 033G,714.0,0.5140056022408963,0,0.0,,False,1.0,366.99999999999994,46.113311688311676,0.238,46.113311688311676,46.06895124688993,45.98637083644379,45.911074956768886
E01003497,Newham 034A,593.0,0.612141652613828,2,0.0589320987646605,0.0294660493823302,True,1.0294660493823302,363.0,46.95468184522049,0.373,46.95468184522049,47.528068777303304,48.59547312852857,49.5687202843629
E01003506,Newham 034D,481.0,0.6923076923076923,0,0.0,,False,1.0,333.0,41.841233766233756,0.511,41.841233766233756,42.91562145279354,44.91567765807024,46.73930617434887
E01033584,Newham 034I,562.0,0.6316725978647687,0,0.0,,False,1.0,355.0,44.605519480519476,0.46,44.605519480519476,45.5289016941949,47.24784947199119,48.8151665190386
E01034208,Newham 034J,665.0,0.524812030075188,4,0.3399857253074843,0.0424982156634355,True,1.0424982156634355,349.0,45.71523912407486,0.604,45.71523912407486,47.3039713085097,50.26151978356371,52.95817886902112
E01034209,Newham 034K,685.0,0.2759124087591241,1,0.0,0.0,True,1.0,189.0,23.747727272727268,0.173,23.747727272727268,23.574255433367473,23.25132411807729,22.95687901508026
E01034210,Newham 034L,708.0,0.3813559322033898,0,0.0,,False,1.0,270.0,33.92532467532467,0.183,33.92532467532467,33.710612556765234,33.31090925557797,32.94646432839406
E01034211,Newham 034M,745.0,0.2483221476510067,0,0.0,,False,1.0,185.0,23.245129870129865,0.299,23.245129870129865,23.361134120990744,23.57708505255409,23.773986657557423
E01034212,Newham 034N,1006.0,0.3061630218687873,0,0.0,,False,1.0,308.0,38.699999999999996,0.11,38.699999999999996,38.179392025292756,37.2102398064472,36.326577828229475
E01003479,Newham 035A,610.0,0.6983606557377049,0,0.0,,False,1.0,426.0,53.52662337662337,0.397,53.52662337662337,54.30562037260547,55.75578384264183,57.07802641274903
E01003481,Newham 035B,483.0,0.7474120082815735,0,0.0,,False,1.0,361.0,45.35941558441558,0.366,45.35941558441558,45.88233829243281,46.85579956729055,47.74339049380552
E01003485,Newham 035C,571.0,0.7723292469352014,1,0.0,0.0,True,1.0,441.0,55.411363636363625,0.326,55.411363636363625,55.833884833535414,56.62044089038144,57.33761376338961
E01003513,Newham 035D,546.0,0.8223443223443223,0,0.0,,False,1.0,449.0,56.41655844155843,0.356,56.41655844155843,57.011900565357486,58.12017621283776,59.13068935207358
E01003511,Newham 036A,671.0,0.6602086438152012,2,0.1523587962955246,0.0380896990738811,True,1.038089699073881,443.0,57.782836395754934,0.38,57.782836395754934,58.52792099525846,59.914953902778834,61.17963474349606
E01003512,Newham 036B,687.0,0.6521106259097526,2,0.0320821759255401,0.01604108796277,True,1.01604108796277,448.0,57.19387651514064,0.456,57.19387651514064,58.35552702849504,60.51802976997452,62.48977519167235
E01003514,Newham 036C,526.0,0.7680608365019012,1,0.0,0.0,True,1.0,404.0,50.76233766233766,0.421,50.76233766233766,51.619987762987854,53.216570102137894,54.67231573297531
E01003515,Newham 036D,815.0,0.5006134969325153,0,0.0,,False,1.0,408.0,51.26493506493506,0.484,51.26493506493506,52.446234397347695,54.645314943073636,56.65041159095738
E01003517,Newham 036E,631.0,0.6481774960380349,2,0.0656072530856481,0.032803626542824,True,1.032803626542824,409.0,53.07638195457071,0.48,53.07638195457071,54.27870544517441,56.516924095866344,58.557706423032904
E01034213,Newham 038A,649.0,0.4668721109399075,1,0.0,0.0,True,1.0,302.99999999999994,38.07175324675323,0.206,38.07175324675323,37.91624568964499,37.6267562823737,37.3628031310234
E01034214,Newham 038B,646.0,0.3142414860681115,0,0.0,,False,1.0,203.0,25.50681818181818,0.093,25.50681818181818,25.121377366304998,24.403849322678106,23.74961540758342
E01034215,Newham 038C,640.0,0.3046875,0,0.0,,False,1.0,195.0,24.501623376623375,0.273,24.501623376623375,24.561734679495466,24.673636543059775,24.77566739043407
E01034216,Newham 038D,634.0,0.3533123028391167,1,0.2744695216030092,0.2744695216030092,True,1.274469521603009,223.99999999999997,35.870523989844685,0.18,35.870523989844685,35.63299989308935,35.19083032100553,34.7876651306697
E01034217,Newham 038E,665.0,0.3323308270676692,0,0.0,,False,1.0,221.00000000000003,27.768506493506493,0.152,27.768506493506493,27.50876029673932,27.02522255785785,26.584338343206927
E01003615,Newham 039A,618.0,0.5129449838187702,2,0.2209845679012346,0.1104922839506173,True,1.1104922839506173,317.0,44.23184509830446,0.347,44.23184509830446,44.65976081998133,45.456359203583204,46.182688555991014
E01034218,Newham 039B,616.0,0.5178571428571429,1,0.0,0.0,True,1.0,319.00000000000006,40.082142857142856,0.47,40.082142857142856,40.950999013139885,42.568442295516924,44.04320869729312
E01034219,Newham 039C,669.0,0.3617339312406577,0,0.0,,False,1.0,242.00000000000003,30.40714285714285,0.159,30.40714285714285,30.143485088557583,29.652665654637122,29.205142073209945
E01034220,Newham 039D,616.0,0.1558441558441558,2,0.3546604938233025,0.0886651234558256,True,1.0886651234558256,95.99999999999999,13.131846320334681,0.164,13.131846320334681,13.02438830697744,12.824346860942219,12.64195134402375
E01034221,Newham 039E,639.0,0.3990610328638497,1,0.0,0.0,True,1.0,254.99999999999994,32.0405844155844,0.285,32.0405844155844,32.15671027140886,32.37288758006593,32.56999559313043
E01033579,Newham 040C,896.0,0.2868303571428571,0,0.0,,False,1.0,256.99999999999994,32.2918831168831,0.162,32.2918831168831,32.0213361826992,31.51769203142849,31.058475018481026
E01033586,Newham 040D,904.0,0.4347345132743362,0,0.0,,False,1.0,392.99999999999994,49.38019480519479,0.34,49.38019480519479,49.8241875158388,50.650714464285684,51.404332341965265
E01034222,Newham 040A,718.0,0.3050139275766017,0,0.0,,False,1.0,219.0,27.51720779220779,0.327,27.51720779220779,27.72971641055481,28.12531772478869,28.486022506889743
E01034223,Newham 040B,711.0,0.2686357243319268,0,0.0,,False,1.0,190.99999999999994,23.99902597402596,0.207,23.99902597402596,23.903341615866097,23.72521774430691,23.5628064226909
E01003611,Newham 041C,715.0,0.5496503496503496,2,0.0,0.0,True,1.0,393.0,49.3801948051948,0.498,49.3801948051948,50.585524230297466,52.829338661751336,54.875223158217636
E01033581,Newham 041A,745.0,0.6738255033557047,2,0.1837415123433642,0.0918707561716821,True,1.091870756171682,502.0,68.87081145600561,0.435,68.87081145600561,70.1284986096068,72.46978102313793,74.60453571788729
E01033582,Newham 041B,600.0,0.68,2,0.0,0.0,True,1.0,408.00000000000006,51.26493506493506,0.193,51.26493506493506,50.99050622016074,50.47963559053231,50.01382955675103
E01034224,Newham 041D,613.0,0.5938009787928222,1,0.0,0.0,True,1.0,364.0,45.73636363636363,0.504,45.73636363636363,46.879528278372234,49.00761813318368,50.94798627593821
E01033580,Newham 042A,587.0,0.6643952299829642,1,0.3317168209872684,0.1658584104936342,True,1.1658584104936343,390.0,57.1308473687676,0.14,57.1308473687676,56.529547399467724,55.410180759403396,54.389554979184446
E01034225,Newham 042B,642.0,0.5607476635514018,1,0.0,0.0,True,1.0,359.99999999999994,45.23376623376622,0.377,45.23376623376622,45.80379410148324,46.86494529324591,47.83249088935268
E01034226,Newham 042C,611.0,0.4729950900163666,0,0.0,,False,1.0,289.0,36.31266233766233,0.188,36.31266233766233,36.10055804353869,35.70570941028026,35.345690914138
E01034227,Newham 042D,633.0,0.4202211690363349,0,0.0,,False,1.0,266.0,33.422727272727265,0.287,33.422727272727265,33.55038534987656,33.788030785085965,34.00471319194432
E01034228,Newham 042E,634.0,0.389589905362776,0,0.0,,False,1.0,246.99999999999997,31.0353896103896,0.053,31.0353896103896,30.445265945854114,29.346704865994635,28.345049359104312
E01034229,Newham 042F,619.0,0.529886914378029,0,0.0,,False,1.0,328.0,41.21298701298701,0.223,41.21298701298701,41.11301633115542,40.92691313484716,40.75722635561419
E01034230,Newham 042G,677.0,0.2540620384047267,0,0.0,,False,1.0,171.99999999999997,21.611688311688305,0.043,21.611688311688305,21.179663014285264,20.37541433597598,19.6421095318036
E01034231,Newham 042H,653.0,0.3828483920367534,0,0.0,,False,1.0,249.99999999999997,31.412337662337652,0.051,31.412337662337652,30.8089159863432,29.685599624317835,28.66137253250548
E01003744,Redbridge 001A,616.0,1.332792207792208,1,0.0,0.0,True,1.0,821.0000000000002,103.1581168831169,0.083,103.1581168831169,101.49860201370417,98.40928606766441,95.592482899769
E01003745,Redbridge 001B,477.0,1.740041928721174,0,0.0,,False,1.0,830.0,104.28896103896102,0.032,104.28896103896102,102.09224455088882,98.0028860277371,94.27425540404182
E01003746,Redbridge 001C,677.0,1.311669128508124,0,0.0,,False,1.0,887.9999999999999,111.57662337662335,0.084,111.57662337662335,109.79256695651414,106.4714072315468,103.44321154105195
E01003747,Redbridge 001D,483.0,1.546583850931677,1,0.0,0.0,True,1.0,747.0,93.86006493506491,0.044,93.86006493506491,91.9929280145748,88.51710747917285,85.34789381952527
E01003748,Redbridge 001E,620.0,1.2596774193548388,0,0.0,,False,1.0,781.0,98.13214285714284,0.081,98.13214285714284,96.53432959409112,93.55987598519619,90.8478029908384
E01003749,Redbridge 001F,682.0,1.0513196480938416,0,0.0,,False,1.0,717.0,90.09058441558439,0.129,90.09058441558439,89.04568169869886,87.10051405673788,85.32693230865311
E01003750,Redbridge 001G,877.0,0.992018244013683,10,0.0108190586419753,0.0010819058641975,True,1.0010819058641975,870.0,109.43320353422617,0.189,109.43320353422617,108.804676705773,107.6346251506813,106.56778544100119
E01003720,Redbridge 002A,788.0,0.8794416243654822,3,0.1603186728391203,0.05343955761304,True,1.05343955761304,693.0,91.72824947915542,0.381,91.72824947915542,92.91999641696432,95.13852599236968,97.16135604446664
E01003722,Redbridge 002B,821.0,1.1364190012180269,2,0.0066828703703703,0.0033414351851851,True,1.003341435185185,933.0,117.62256342329542,0.281,117.62256342329542,118.00295607829823,118.71108657867295,119.35675192063836
E01003723,Redbridge 002C,720.0,1.0791666666666666,1,0.0396732253082561,0.0396732253082561,True,1.0396732253082561,777.0,101.50282440810625,0.307,101.50282440810625,102.08861003845082,103.1790955304096,104.17338780803536
E01003726,Redbridge 002D,938.0,1.17590618336887,5,0.0253580246909721,0.0050716049381944,True,1.0050716049381945,1103.0,139.29411375179305,0.293,139.29411375179305,139.9077025539421,141.04994581173293,142.09143023199016
E01003721,Redbridge 003A,659.0,0.9878603945371776,0,0.0,,False,1.0,651.0,81.79772727272726,0.284,81.79772727272726,82.08620781785427,82.62323678011869,83.11289368429426
E01003724,Redbridge 003B,505.0,1.3683168316831684,1,0.0,0.0,True,1.0,691.0,86.82370129870128,0.203,86.82370129870128,86.44364482649839,85.73614015654174,85.09104543963865
E01003725,Redbridge 003C,671.0,1.0789865871833084,0,0.0,,False,1.0,724.0,90.97012987012985,0.3,90.97012987012985,91.4329910629225,92.29464315779244,93.08028774476475
E01003727,Redbridge 003D,639.0,1.0657276995305165,0,0.0,,False,1.0,681.0,85.56720779220777,0.363,85.56720779220777,86.52861379984844,88.31834582621696,89.95020314661222
E01003654,Redbridge 004A,597.0,1.190954773869347,1,0.0,0.0,True,1.0,711.0000000000001,89.3366883116883,0.195,89.3366883116883,88.87589088442016,88.01808064951857,87.23593902680062
E01003655,Redbridge 004B,634.0,1.11198738170347,0,0.0,,False,1.0,705.0,88.58279220779218,0.131,88.58279220779218,87.57266546199912,85.69223599383525,83.97768177683525
E01003658,Redbridge 004C,685.0,0.8598540145985402,2,0.0,0.0,True,1.0,589.0,74.00746753246752,0.332,74.00746753246752,74.61511772474734,75.7463057985779,76.77771022774809
E01003660,Redbridge 004D,669.0,1.2600896860986548,0,0.0,,False,1.0,843.0,105.92240259740257,0.12,105.92240259740257,104.60085233550956,102.14068378094645,99.8975300540078
E01003656,Redbridge 005A,651.0,1.0046082949308757,4,0.0003672839506172,9.18209876543e-05,True,1.0000918209876544,654.0000000000001,82.18222068452383,0.305,82.18222068452383,82.64046576201262,83.49352459937109,84.27133395181139
E01003657,Redbridge 005B,898.0,1.2193763919821827,3,0.0379490740740739,0.0126496913580246,True,1.0126496913580245,1095.0,139.32645988906924,0.194,139.32645988906924,138.59422023156293,137.23109918218208,135.98822090194565
E01003659,Redbridge 005C,635.0,1.2834645669291338,1,0.0,0.0,True,1.0,815.0,102.40422077922076,0.144,102.40422077922076,101.36639127205426,99.43439095988188,97.67281503344473
E01003698,Redbridge 006A,522.0,1.3697318007662835,1,0.0,0.0,True,1.0,715.0,89.8392857142857,0.158,89.8392857142857,89.05153021244894,87.58506210284649,86.24795314769378
E01003699,Redbridge 006B,592.0,1.1030405405405406,0,0.0,,False,1.0,653.0,82.04902597402595,0.172,82.04902597402595,81.44166972390538,80.31102884625632,79.28012334434528
E01003700,Redbridge 006C,865.0,1.213872832369942,1,0.0,0.0,True,1.0,1049.9999999999998,131.93181818181813,0.222,131.93181818181813,131.5989159976202,130.97919270072794,130.41413604210342
E01003701,Redbridge 006D,687.0,1.017467248908297,1,0.0,0.0,True,1.0,699.0,87.82889610389608,0.227,87.82889610389608,87.65013068185851,87.3173449508716,87.01391470364291
E01003702,Redbridge 006E,921.0,0.97828447339848,3,0.0079903549382714,0.0026634516460904,True,1.0026634516460904,901.0000000000001,113.51159446887021,0.216,113.51159446887021,113.15871214570831,112.50179426680704,111.90282401104277
E01003703,Redbridge 006F,979.0,1.362614913176711,1,0.0,0.0,True,1.0,1334.0,167.61623376623373,0.192,167.61623376623373,166.7026028421325,165.00180784797865,163.45104230274052
E01003704,Redbridge 006G,694.0,1.0389048991354466,1,0.0,0.0,True,1.0,720.9999999999999,90.59318181818179,0.319,90.59318181818179,91.22208899790166,92.39284860644618,93.46033391121722
E01003668,Redbridge 007A,804.0,0.8681592039800995,7,0.3934043209868825,0.0562006172838403,True,1.0562006172838403,698.0,92.63222335857617,0.153,92.63222335857617,91.77478209768053,90.17858852996952,88.7231973765116
E01003669,Redbridge 007B,622.0,1.1463022508038585,7,0.0567121913580246,0.0081017416225749,True,1.0081017416225748,713.0,90.31380573625279,0.065,90.31380573625279,88.70228557609914,85.70231551262576,82.96697690499128
E01003670,Redbridge 007C,580.0,1.1344827586206896,4,0.0341358024691356,0.0085339506172839,True,1.008533950617284,658.0,83.38283648989896,0.132,83.38283648989896,82.44014245782488,80.68524422870948,79.08514796874518
E01003671,Redbridge 007D,557.0,1.384201077199282,5,0.0059618055551697,0.0011923611110339,True,1.0011923611110338,771.0000000000001,96.9911601075412,0.046,96.9911601075412,95.08066608258835,91.52413292649248,88.28132641663764
E01003672,Redbridge 007E,750.0,0.736,1,0.0692199074074074,0.0692199074074074,True,1.0692199074074074,552.0,74.15942646103893,0.25,74.15942646103893,74.17492493699912,74.20377655490601,74.23008313219971
E01003673,Redbridge 007F,794.0,0.9836272040302269,3,0.0175459104938271,0.0058486368312757,True,1.0058486368312758,781.0000000000001,98.70608212218916,0.113,98.70608212218916,97.40714380409936,94.9890691408594,92.78429614560991
E01003674,Redbridge 007G,1065.0,0.8046948356807512,6,0.1584413580243052,0.0264068930040508,True,1.0264068930040509,857.0,110.52502718403585,0.173,110.52502718403585,109.71766656629266,108.21470200925843,106.84431600813878
E01003707,Redbridge 008A,488.0,1.4487704918032789,0,0.0,,False,1.0,707.0000000000001,88.8340909090909,0.195,88.8340909090909,88.37588587241217,87.5229015741345,86.74516018558093
E01003708,Redbridge 008B,753.0,0.9853917662682604,3,0.0,0.0,True,1.0,742.0000000000001,93.23181818181818,0.389,93.23181818181818,94.51588121028065,96.90626436542105,99.08578855831394
E01003709,Redbridge 008C,571.0,1.3730297723292468,0,0.0,,False,1.0,783.9999999999999,98.50909090909087,0.164,98.50909090909087,97.70299015612007,96.20237093530608,94.83412338509609
E01003710,Redbridge 008D,503.0,1.497017892644135,0,0.0,,False,1.0,753.0,94.61396103896102,0.146,94.61396103896102,93.67354809784932,91.92289629690065,90.32667188187585
E01003759,Redbridge 009A,553.0,1.2622061482820977,7,0.2575798611099535,0.0367971230157076,True,1.0367971230157076,698.0,90.93047391290293,0.074,90.93047391290293,89.38780827242884,86.51601625033578,83.89754892402092
E01003760,Redbridge 009B,670.0,1.1074626865671642,4,9.25925925925926e-06,2.314814814814815e-06,True,1.0000023148148147,742.0,93.2320339962121,0.187,93.2320339962121,92.67836275578726,91.64766069735175,90.70787827494226
E01003761,Redbridge 009C,679.0,0.7761413843888071,0,0.0,,False,1.0,527.0,66.21720779220779,0.534,66.21720779220779,68.06613103853284,71.50804540348031,74.64634380226896
E01003762,Redbridge 009D,652.0,1.093558282208589,4,0.0392912808638116,0.0098228202159529,True,1.009822820215953,713.0,90.46799370292469,0.169,90.46799370292469,89.7718332702158,88.47587650272351,87.2942378513556
E01003763,Redbridge 009E,662.0,1.3882175226586102,4,0.0,0.0,True,1.0,919.0,115.47175324675322,0.129,115.47175324675322,114.13247068494317,111.63929207551203,109.36604015572138
E01003764,Redbridge 009F,859.0,0.8370197904540163,9,0.1179645061720676,0.0131071673524519,True,1.0131071673524519,719.0,91.52600929783173,0.196,91.52600929783173,91.06285061549215,90.20064472070266,89.41449518525795
E01003765,Redbridge 009G,741.0,0.9298245614035088,4,0.0581280864185956,0.0145320216046489,True,1.014532021604649,689.0,87.8304746223144,0.17,87.8304746223144,87.16318078534587,85.92096143001679,84.78831994030529
E01003705,Redbridge 010A,824.0,1.144417475728155,0,0.0,,False,1.0,942.9999999999998,118.48733766233761,0.216,118.48733766233761,118.11898685927474,117.43327320246283,116.8080472836788
E01003706,Redbridge 010B,625.0,1.1168,1,0.0,0.0,True,1.0,698.0,87.70324675324675,0.337,87.70324675324675,88.46613935189698,89.88632323428658,91.18123075711125
E01003711,Redbridge 010C,639.0,1.2112676056338028,1,0.0048935185185185,0.0048935185185185,True,1.0048935185185186,774.0,97.72850478896103,0.235,97.72850478896103,97.60588172092655,97.37760934662393,97.16947319017063
E01003712,Redbridge 010D,542.0,0.8191881918819188,0,0.0,,False,1.0,444.0,55.78831168831168,0.504,55.78831168831168,57.18272130658592,59.77852321739987,62.14534589702354
E01003646,Redbridge 012A,600.0,1.09,7,0.0,0.0,True,1.0,654.0,82.1746753246753,0.282,82.1746753246753,82.44844783930508,82.95809665934394,83.42278866102797
E01003648,Redbridge 012B,517.0,1.344294003868472,0,0.0,,False,1.0,695.0000000000001,87.3262987012987,0.119,87.3262987012987,86.22824296159021,84.18412683533798,82.3203249838781
E01003649,Redbridge 012C,509.0,1.432220039292731,1,0.0,0.0,True,1.0,729.0,91.59837662337661,0.177,91.59837662337661,90.96502413567119,89.78598924071736,88.71095862385134
E01003651,Redbridge 012D,478.0,1.3577405857740583,0,0.0,,False,1.0,648.9999999999999,81.54642857142855,0.138,81.54642857142855,80.67224072627052,79.04487209001566,77.56105586338053
E01003639,Redbridge 013A,785.0,0.978343949044586,1,0.0037407407407407,0.0037407407407407,True,1.0037407407407406,768.0,96.85967792207789,0.281,96.85967792207789,97.172923178559,97.75605357630641,98.28774524538827
E01003640,Redbridge 013B,625.0,1.272,1,0.0,0.0,True,1.0,795.0,99.89123376623374,0.211,99.89123376623374,99.53195650325641,98.86313394672328,98.25330914119715
E01003641,Redbridge 013C,610.0,1.1770491803278689,1,0.0,0.0,True,1.0,718.0,90.21623376623376,0.2,90.21623376623376,89.79491677149859,89.01060243110734,88.29547352968439
E01003642,Redbridge 013D,554.0,1.1462093862815883,1,0.0141585648140432,0.0141585648140432,True,1.0141585648140432,634.9999999999999,80.9170118539698,0.285,80.9170118539698,81.21028232402183,81.75622810392012,82.25401526106995
E01003774,Redbridge 014A,853.0,0.8968347010550997,8,0.1885154320964505,0.0235644290120563,True,1.0235644290120562,765.0,98.38680747765073,0.084,98.38680747765073,96.81364985535863,93.8850946385555,91.21487127644762
E01003775,Redbridge 014B,642.0,1.1697819314641744,8,0.1807939814791663,0.0225992476848957,True,1.0225992476848957,751.0,96.49518751603733,0.104,96.49518751603733,95.14059862681833,92.61892609894672,90.31969374817044
E01003776,Redbridge 014C,899.0,0.6162402669632926,0,0.0,,False,1.0,554.0,69.60974025974025,0.313,69.60974025974025,70.05222255067366,70.87593773540382,71.62699187888366
E01003777,Redbridge 014D,843.0,0.8683274021352313,4,0.1063290895057869,0.0265822723764467,True,1.0265822723764466,732.0,94.42023780775625,0.092,94.42023780775625,92.98421296764084,90.31094108605313,87.87348216756504
E01003778,Redbridge 014E,903.0,0.8361018826135105,10,0.3593931327129627,0.0359393132712962,True,1.0359393132712962,755.0,98.2746520286278,0.12,98.2746520286278,97.04851960582471,94.76597877685195,92.68478399127387
E01003779,Redbridge 014F,722.0,0.8448753462603878,6,0.0030547839506172,0.0005091306584362,True,1.0005091306584362,610.0,76.68512677744707,0.152,76.68512677744707,75.96781524203165,74.63248405248868,73.41494425060601
E01003780,Redbridge 014G,510.0,1.6411764705882352,9,0.0814301697515429,0.0069035493825874,True,1.0069035493825873,837.0,105.89454247157737,0.042,105.89454247157737,103.76733975910678,99.80738653348732,96.19674618932255
E01003647,Redbridge 015A,633.0,1.042654028436019,0,0.0,,False,1.0,660.0000000000001,82.92857142857143,0.204,82.92857142857143,82.57365752990405,81.91295771525745,81.31053913346423
E01003650,Redbridge 015B,590.0,1.0389830508474576,3,2.430555555555556e-05,8.101851851851854e-06,True,1.0000081018518518,613.0,77.02367597740799,0.278,77.02367597740799,77.2502231606562,77.67195835486193,78.05649171169603
E01003652,Redbridge 015C,479.0,1.32776617954071,0,0.0,,False,1.0,636.0000000000001,79.91298701298702,0.149,79.91298701298702,79.1420880659328,77.70699974354696,76.39850252173053
E01003653,Redbridge 015D,724.0,0.7569060773480663,0,0.0,,False,1.0,548.0,68.85584415584414,0.292,68.85584415584414,69.15243422769134,69.70455970440904,70.20798143888328
E01003638,Redbridge 017A,657.0,1.0928462709284628,6,0.0350790895054011,0.0058465149175668,True,1.0058465149175668,718.0,90.74368432275473,0.242,90.74368432275473,90.69180957936216,90.59524071160858,90.50719031554695
E01003643,Redbridge 017B,700.0,1.1842857142857144,1,0.0,0.0,True,1.0,829.0000000000001,104.16331168831168,0.22,104.16331168831168,103.88014869142351,103.35301875861093,102.87238767698187
E01003644,Redbridge 017C,501.0,1.2295409181636727,0,0.0,,False,1.0,616.0,77.39999999999999,0.209,77.39999999999999,77.10651101606601,76.56015845558846,76.06200040052978
E01003645,Redbridge 017D,904.0,0.8694690265486725,1,0.0,0.0,True,1.0,786.0,98.7603896103896,0.307,98.7603896103896,99.33034830285311,100.39137071950346,101.35879889992638
E01003789,Redbridge 018A,587.0,1.071550255536627,3,0.084482253085648,0.0281607510285493,True,1.0281607510285493,629.0,81.25908262909822,0.072,81.25908262909822,79.86463660421269,77.2687669196614,74.90188244471435
E01003794,Redbridge 018B,582.0,1.1030927835051547,1,0.1294043209868827,0.1294043209868827,True,1.1294043209868827,642.0,91.10552635275158,0.147,91.10552635275158,90.20887560618316,88.5396905326065,87.01774655368719
E01003795,Redbridge 018C,430.0,1.23953488372093,1,0.0471076388888888,0.0471076388888888,True,1.047107638888889,532.9999999999999,70.1259544744318,0.051,70.1259544744318,68.77885571869649,66.27112665661456,63.98460779947045
E01003796,Redbridge 018D,602.0,1.043189368770764,1,0.0097800925918209,0.0097800925918209,True,1.009780092591821,628.0,79.67951772180058,0.125,79.67951772180058,78.72426532382737,76.94598872025846,75.32457632417497
E01003751,Redbridge 020A,669.0,1.092675635276532,2,0.0,0.0,True,1.0,731.0,91.8496753246753,0.325,91.8496753246753,92.54108211148116,93.82818959755946,95.00175957471089
E01003753,Redbridge 020B,624.0,1.1025641025641026,0,0.0,,False,1.0,688.0,86.44675324675323,0.301,86.44675324675323,86.89503483427363,87.72954586045854,88.49044352947644
E01003754,Redbridge 020C,556.0,1.143884892086331,1,0.0,0.0,True,1.0,636.0,79.912987012987,0.213,79.912987012987,79.64116123927201,79.13513642879256,78.67374875783604
E01003757,Redbridge 020D,640.0,1.0640625,1,0.0,0.0,True,1.0,681.0,85.56720779220777,0.39,85.56720779220777,86.7540574525162,88.9634703651225,90.97798794769497
E01003769,Redbridge 022A,582.0,0.8092783505154639,0,0.0,,False,1.0,471.0,59.18084415584415,0.427,59.18084415584415,60.21537799307606,62.14124315944796,63.89722512967347
E01003770,Redbridge 022B,873.0,1.0423825887743414,0,0.0,,False,1.0,910.0000000000001,114.34090909090908,0.281,114.34090909090908,114.71068883995262,115.39906259079889,116.02671395309014
E01003771,Redbridge 022C,527.0,1.015180265654649,0,0.0,,False,1.0,535.0,67.22240259740259,0.332,67.22240259740259,67.7743429248554,68.80182275422612,69.73866718479667
E01003773,Redbridge 022D,558.0,1.1003584229390682,0,0.0,,False,1.0,614.0,77.14870129870128,0.286,77.14870129870128,77.43584241926696,77.97037793857879,78.45776134980952
E01003752,Redbridge 023A,824.0,1.1286407766990292,1,0.0,0.0,True,1.0,930.0,116.85389610389608,0.149,116.85389610389608,115.72663820961867,113.62816000235637,111.71479142328519
E01003755,Redbridge 023B,660.0,1.243939393939394,0,0.0,,False,1.0,821.0,103.15811688311686,0.262,103.15811688311686,103.30047147323532,103.56547560989637,103.80710336979229
E01003756,Redbridge 023C,755.0,1.0874172185430464,0,0.0,,False,1.0,821.0,103.15811688311686,0.31,103.15811688311686,103.7836543450649,104.94814096200328,106.00990662432369
E01034480,Redbridge 023E,409.0,0.8264058679706602,0,0.0,,False,1.0,338.0,42.46948051948051,0.441,42.46948051948051,43.26990406245443,44.75995471549256,46.118565965721906
E01034481,Redbridge 023F,466.0,0.9120171673819742,1,0.0,0.0,True,1.0,425.0,53.400974025974016,0.381,53.400974025974016,54.094767351725096,55.38631756558802,56.56393837143952
E01003766,Redbridge 024A,627.0,1.127591706539075,1,0.1890196759251543,0.1890196759251543,True,1.1890196759251543,707.0,105.62548198383296,0.248,105.62548198383296,105.62694234984635,105.62966093471434,105.63213970949886
E01003767,Redbridge 024B,660.0,0.8712121212121212,2,0.0409054783946758,0.0204527391973379,True,1.020452739197338,575.0,73.72605382788558,0.372,73.72605382788558,74.61916498575573,76.28176083979027,77.79769684322102
E01003768,Redbridge 024C,651.0,0.8402457757296466,0,0.0,,False,1.0,547.0,68.7301948051948,0.415,68.7301948051948,69.85117835788566,71.9379763904948,73.84069511906857
E01003772,Redbridge 024D,523.0,1.1204588910133844,0,0.0,,False,1.0,586.0,73.63051948051947,0.291,73.63051948051947,73.94049105062513,74.51752722667656,75.04366225368007
E01003781,Redbridge 026A,656.0,0.8399390243902439,1,0.0,0.0,True,1.0,551.0,69.2327922077922,0.534,69.2327922077922,71.16591689228007,74.76457878048889,78.04579778946906
E01003782,Redbridge 026B,482.0,0.9564315352697096,1,0.0,0.0,True,1.0,461.0,57.924350649350636,0.41,57.924350649350636,58.840830129388465,60.546927931875175,62.10252851748204
E01003786,Redbridge 026C,457.0,1.2560175054704594,1,0.0,0.0,True,1.0,574.0,72.12272727272726,0.285,72.12272727272726,72.38412429721056,72.87073518022686,73.31442145277205
E01003787,Redbridge 026D,490.0,1.153061224489796,1,0.0,0.0,True,1.0,565.0,70.9918831168831,0.265,70.9918831168831,71.11063188494451,71.33169194864522,71.53325200226344
E01003790,Redbridge 027A,550.0,1.06,3,0.110807870368827,0.036935956789609,True,1.036935956789609,583.0,75.95926217754167,0.182,75.95926217754167,75.47110662284362,74.56236710681249,73.73378874439877
E01003791,Redbridge 027B,533.0,1.195121951219512,2,0.0464359567897375,0.0232179783948687,True,1.0232179783948687,636.9999999999999,81.896971693482,0.076,81.896971693482,80.52354565000304,77.96680629500867,75.63560040981483
E01003792,Redbridge 027C,504.0,1.1547619047619049,2,0.0069976851851851,0.0034988425925925,True,1.0034988425925926,582.0000000000001,73.38378516639611,0.11,73.38378516639611,72.39659695523774,70.5588693526202,68.88325021129613
E01003793,Redbridge 027D,732.0,0.7254098360655737,4,0.1184104938248455,0.0296026234562113,True,1.0296026234562112,531.0,68.69488646505877,0.292,68.69488646505877,68.99078322679324,69.54161805283566,70.04386298669311
E01003783,Redbridge 029A,885.0,0.5830508474576271,1,0.0,0.0,True,1.0,516.0,64.83506493506492,0.595,64.83506493506492,67.03132419685922,71.11983155774816,74.84768610136614
E01003784,Redbridge 029B,586.0,1.0546075085324231,0,0.0,,False,1.0,618.0,77.65129870129869,0.331,77.65129870129869,78.2812898346176,79.45406730705716,80.52339247719362
E01003785,Redbridge 029C,671.0,0.698956780923994,0,0.0,,False,1.0,469.0,58.92954545454544,0.439,58.92954545454544,60.02869147240824,62.0748372362068,63.940489688113566
E01003788,Redbridge 029D,638.0,0.7836990595611285,0,0.0,,False,1.0,500.0,62.82467532467531,0.568,62.82467532467531,64.78730955002983,68.44090574273928,71.77221322620584
E01003737,Redbridge 031A,667.0,1.5472263868065967,0,0.0,,False,1.0,1032.0,129.67012987012984,0.153,129.67012987012984,128.4698507920173,126.23543797411757,124.19812576203569
E01003738,Redbridge 031B,652.0,1.3819018404907977,1,0.0,0.0,True,1.0,901.0000000000001,113.21006493506492,0.218,113.21006493506492,112.8802143854971,112.26617194371377,111.7062950242117
E01003739,Redbridge 031C,672.0,1.2455357142857142,2,0.0,0.0,True,1.0,836.9999999999999,105.16850649350646,0.372,105.16850649350646,106.44250885399036,108.81416329353631,110.97661085641191
E01003740,Redbridge 031D,615.0,1.2650406504065042,4,0.0,0.0,True,1.0,778.0,97.75519480519479,0.241,97.75519480519479,97.68977276026565,97.567984537486,97.45693942014286
E01003741,Redbridge 031E,668.0,1.062874251497006,0,0.0,,False,1.0,710.0,89.21103896103895,0.271,89.21103896103895,89.41249508624774,89.78752132524441,90.12946598759078
E01003742,Redbridge 031F,636.0,1.0943396226415094,2,0.0,0.0,True,1.0,696.0,87.45194805194804,0.346,87.45194805194804,88.28945783588335,89.8485474096883,91.27010756320912
E01003743,Redbridge 031G,517.0,1.0889748549323015,6,0.0001184413580246,1.97402263374358e-05,True,1.0000197402263373,562.9999999999999,70.74198085073199,0.45,70.74198085073199,72.13738492667002,74.73503809773786,77.10354873542045
E01003729,Redbridge 032B,496.0,0.8125,0,0.0,,False,1.0,403.0,50.6366883116883,0.595,50.6366883116883,52.351983820415235,55.54513976312501,58.456623059787894
E01003730,Redbridge 032C,460.0,1.008695652173913,1,0.0,0.0,True,1.0,464.0,58.30129870129869,0.437,58.30129870129869,59.37734850397027,61.38049886760792,63.206948602313325
E01003732,Redbridge 032D,630.0,0.6460317460317461,1,0.0,0.0,True,1.0,407.0,51.139285714285705,0.678,51.139285714285705,53.285796515842925,57.28169325037708,60.92510647745338
E01003733,Redbridge 032E,489.0,0.9406952965235174,0,0.0,,False,1.0,460.0,57.79870129870129,0.435,57.79870129870129,58.85419465766432,60.81907760320696,62.6106355410227
E01034482,Redbridge 032F,428.0,0.2242990654205607,0,0.0,,False,1.0,95.99999999999997,12.062337662337656,0.158,12.062337662337656,11.956569091461672,11.759672673948616,11.580144758291748
E01034483,Redbridge 032G,542.0,0.4151291512915129,1,0.0,0.0,True,1.0,225.0,28.27110389610389,0.36,28.27110389610389,28.58047285411044,29.15638722089013,29.681499394949604
E01034484,Redbridge 032H,534.0,0.7471910112359551,9,0.0221882716041663,0.002465363511574,True,1.002465363511574,399.0,50.2576896675041,0.452,50.2576896675041,51.25884416976351,53.122571109055094,54.821896150062436
E01003731,Redbridge 033A,418.0,0.9593301435406698,4,0.0001157407407407,2.8935185185175e-05,True,1.0000289351851852,401.0,50.38684752096861,0.436,50.38684752096861,51.311905824930875,53.033973775101394,54.60413575985721
E01003734,Redbridge 033B,500.0,0.892,1,0.0,0.0,True,1.0,446.0,56.03961038961038,0.508,56.03961038961038,57.462174818937214,60.11038909938143,62.525000781939724
E01003735,Redbridge 033C,707.0,0.6364922206506365,1,0.0,0.0,True,1.0,450.0,56.54220779220778,0.63,56.54220779220778,58.650661474747864,62.57571192353496,66.15452831247244
E01003736,Redbridge 033D,490.0,0.9428571428571428,0,0.0,,False,1.0,462.0,58.04999999999998,0.381,58.04999999999998,58.80419415646351,60.208185212474504,61.48832830024719
E01003713,Redbridge 034A,492.0,1.1971544715447155,0,0.0,,False,1.0,589.0,74.00746753246752,0.296,74.00746753246752,74.35513473615937,75.00234426472501,75.59246255699384
E01003714,Redbridge 034B,684.0,1.0570175438596492,11,0.1843159722202929,0.016755997474572,True,1.016755997474572,723.0,92.36667040564372,0.403,92.36667040564372,93.76500364884073,96.36810969248512,98.74159219740824
E01003715,Redbridge 034C,626.0,1.0862619808306708,2,0.0,0.0,True,1.0,679.9999999999999,85.44155844155841,0.328,85.44155844155841,86.10974005719936,87.35361208154627,88.48776045608479
E01003716,Redbridge 034D,593.0,1.153456998313659,2,0.0,0.0,True,1.0,683.9999999999999,85.94415584415582,0.322,85.94415584415582,86.56594865177499,87.72346430355728,88.77887391907707
E01003718,Redbridge 034E,656.0,0.8612804878048781,2,0.0,0.0,True,1.0,565.0,70.9918831168831,0.353,70.9918831168831,71.7202505508846,73.07616315517069,74.3124688570975
E01003719,Redbridge 034F,720.0,1.0472222222222225,5,0.615957175917824,0.0615957175917823,True,1.0615957175917823,754.0000000000002,100.57516467592431,0.363,100.57516467592431,101.70519532707861,103.80883523683129,105.72691019756773
E01032581,Redbridge 034G,743.0,0.8721399730820996,0,0.0,,False,1.0,648.0,81.42077922077921,0.394,81.42077922077921,82.58189694550164,84.74340785952177,86.71424894421483
E01003690,Redbridge 035A,748.0,0.8021390374331551,1,0.0,0.0,True,1.0,600.0,75.38961038961038,0.244,75.38961038961038,75.36122623359262,75.30838692047963,75.26020863532985
E01003691,Redbridge 035B,457.0,1.1072210065645514,1,0.0,0.0,True,1.0,505.99999999999994,63.57857142857141,0.275,63.57857142857141,63.74696072048403,64.06043047856583,64.34624864123585
E01003692,Redbridge 035C,476.0,1.1323529411764706,5,0.0306489197527004,0.00612978395054,True,1.00612978395054,539.0,68.14013961805033,0.281,68.14013961805033,68.36050557392812,68.7707339328331,69.1447754880212
E01003693,Redbridge 035D,444.0,1.4527027027027026,0,0.0,,False,1.0,645.0,81.04383116883115,0.186,81.04383116883115,80.55463287744313,79.64395222599755,78.81360395837494
E01003694,Redbridge 035E,447.0,1.2595078299776286,3,0.0056419753086419,0.0018806584362139,True,1.0018806584362139,563.0,70.87362329244827,0.195,70.87362329244827,70.50805810426502,69.82753008611517,69.2070323737257
E01003695,Redbridge 035F,494.0,0.979757085020243,3,0.0741350308638116,0.0247116769546038,True,1.0247116769546039,484.0,62.31710869708211,0.346,62.31710869708211,62.913907160729416,64.02489389805831,65.03787897820513
E01003696,Redbridge 035G,521.0,1.1919385796545106,0,0.0,,False,1.0,621.0,78.02824675324673,0.249,78.02824675324673,78.03693966580181,78.05312219834124,78.0678772475877
E01003697,Redbridge 035H,508.0,1.3622047244094488,1,0.0,0.0,True,1.0,692.0,86.94935064935063,0.23,86.94935064935063,86.79782934787835,86.51576066537919,86.25857364653567
E01003675,Redbridge 036A,499.0,1.218436873747495,0,0.0,,False,1.0,608.0,76.39480519480519,0.205,76.39480519480519,76.07530891871635,75.48054176199246,74.9382398283338
E01003676,Redbridge 036B,523.0,1.395793499043977,0,0.0,,False,1.0,730.0,91.72402597402596,0.167,91.72402597402596,91.00029913369832,89.65302535531251,88.42459643665674
E01003677,Redbridge 036C,526.0,1.461977186311787,1,0.0,0.0,True,1.0,769.0,96.62435064935063,0.145,96.62435064935063,95.65452675834699,93.84912418766193,92.20297864306282
E01003678,Redbridge 036D,474.0,1.5632911392405062,0,0.0,,False,1.0,741.0,93.10616883116882,0.14,93.10616883116882,92.12622998834996,90.30199764848828,88.6386833343642
E01003679,Redbridge 036E,494.0,1.7388663967611335,0,0.0,,False,1.0,859.0,107.93279220779218,0.134,107.93279220779218,106.73361034970137,104.50124009217389,102.46579026342465
E01003680,Redbridge 036F,479.0,1.488517745302714,0,0.0,,False,1.0,713.0,89.58798701298699,0.169,89.58798701298699,88.89859832145395,87.61524767661989,86.44510314461654
E01003681,Redbridge 036G,678.0,1.0884955752212389,1,0.0,0.0,True,1.0,737.9999999999999,92.72922077922075,0.221,92.72922077922075,92.48618945726929,92.03376775733147,91.62125479333919
E01003682,Redbridge 036H,512.0,1.564453125,0,0.0,,False,1.0,801.0,100.64512987012985,0.125,100.64512987012985,99.4385274156767,97.19234314111705,95.14429784864144
E01003663,Redbridge 037A,638.0,1.219435736677116,1,0.0,0.0,True,1.0,778.0,97.75519480519479,0.203,97.75519480519479,97.32728751811251,96.5307048361642,95.80438980034569
E01003664,Redbridge 037B,562.0,1.3487544483985765,0,0.0,,False,1.0,758.0,95.24220779220778,0.278,95.24220779220778,95.52234053876735,96.04382942501071,96.51931706449146
E01003665,Redbridge 037E,511.0,1.356164383561644,0,0.0,,False,1.0,693.0,87.07499999999997,0.212,87.07499999999997,86.77031558507929,86.20312185944704,85.68596106687113
E01033590,Redbridge 037C,418.0,0.8923444976076556,0,0.0,,False,1.0,373.0,46.867207792207786,0.358,46.867207792207786,47.370926043729185,48.30863672979672,49.16363067577704
E01033592,Redbridge 037D,627.0,1.1690590111642742,0,0.0,,False,1.0,733.0,92.10097402597401,0.328,92.10097402597401,92.82123450283405,94.1620553761374,95.38460060927964
E01003661,Redbridge 038A,699.0,1.161659513590844,0,0.0,,False,1.0,812.0,102.02727272727272,0.326,102.02727272727272,102.80524826492238,104.25351021086107,105.57401899290785
E01003662,Redbridge 038C,763.0,0.8466579292267365,0,0.0,,False,1.0,646.0,81.1694805194805,0.351,81.1694805194805,81.98642751408475,83.50723785692502,84.89389544271589
E01003666,Redbridge 038B,1067.0,0.845360824742268,2,0.0,0.0,True,1.0,902.0,113.33571428571426,0.366,113.33571428571426,114.64229678607865,117.07460168890879,119.29234965488249
E01003689,Redbridge 039C,727.0,0.5873452544704264,0,0.0,,False,1.0,427.0,53.65227272727272,0.421,53.65227272727272,54.558749442563894,56.24622632082396,57.78484855935756
E01033589,Redbridge 039B,666.0,0.3603603603603603,0,0.0,,False,1.0,239.99999999999994,30.155844155844147,0.44,30.155844155844147,30.721249585267742,31.773795748782312,32.733495377933124
E01033591,Redbridge 039A,1013.0,0.6643632773938796,9,0.0003742283950616,4.1580932784627715e-05,True,1.0000415809327847,673.0,84.56552915439111,0.458,84.56552915439111,86.29962249434219,89.52777206128636,92.47116214680523
E01003683,Redbridge 040C,569.0,1.047451669595782,3,0.0001157407407407,3.8580246913566666e-05,True,1.0000385802469136,596.0,74.88990214646462,0.458,74.88990214646462,76.42558792576928,79.28438639365596,81.89100634492411
E01003684,Redbridge 040E,503.0,1.0874751491053678,2,0.0,0.0,True,1.0,547.0,68.7301948051948,0.454,68.7301948051948,70.11274302000352,72.68646400611844,75.03315354956285
E01003685,Redbridge 040D,547.0,0.9122486288848264,4,0.0,0.0,True,1.0,499.00000000000006,62.699025974025965,0.482,62.699025974025965,64.13156486998543,66.79834739551701,69.2298893929081
E01003686,Redbridge 040A,579.0,1.0241796200345423,1,0.0,0.0,True,1.0,593.0,74.51006493506492,0.36,74.51006493506492,75.3254240110555,76.84327831994598,78.2272406275783
E01003688,Redbridge 040B,525.0,0.956190476190476,1,0.0,0.0,True,1.0,501.99999999999994,63.075974025974006,0.412,63.075974025974006,64.08627260626893,65.96702195771704,67.68186784065999
E01003797,Richmond upon Thames 001A,515.0,1.3067961165048545,14,0.2596535493792432,0.0161880511461731,True,1.0161880511461732,673.0000000000001,85.9309071782701,0.039,85.9309071782701,84.17957691333282,80.91933947046653,77.94669202437753
E01003798,Richmond upon Thames 001B,652.0,0.946319018404908,16,0.206087191356481,0.0116189838926745,True,1.0116189838926746,617.0,78.42641862172367,0.12,78.42641862172367,77.44792444554068,75.62638146493518,73.96551927801492
E01003799,Richmond upon Thames 001C,634.0,1.0425867507886435,19,0.1860667438256168,0.0097929865171377,True,1.0097929865171378,661.0,83.86756964350305,0.052,83.86756964350305,82.26468245398576,79.28078333650994,76.56009803478129
E01003800,Richmond upon Thames 001D,605.0,0.9818181818181818,13,0.383744598760802,0.0295188152892924,True,1.0295188152892925,594.0,76.83887214969867,0.182,76.83887214969867,76.34506374264836,75.42580100249052,74.58762768392003
E01003801,Richmond upon Thames 001E,537.0,0.9124767225325884,12,0.2218719135790889,0.0184893261315907,True,1.0184893261315906,489.99999999999994,62.70653601114723,0.037,62.70653601114723,61.416296229208,59.01441456726768,56.82440616656123
E01003802,Richmond upon Thames 001F,624.0,0.9903846153846154,6,0.0951666666662805,0.0158611111110467,True,1.0158611111110467,618.0,78.88293457791706,0.065,78.88293457791706,77.4753818972601,74.85511315403197,72.46598189469154
E01003803,Richmond upon Thames 001G,606.0,0.8168316831683168,9,0.0999185956778546,0.0087348036693029,True,1.008734803669303,494.99999999999994,62.7397021639318,0.324,62.7397021639318,63.20585875380088,64.07364548652455,64.86488356656852
E01003846,Richmond upon Thames 002A,614.0,1.1921824104234529,23,0.2884610339494592,0.0109691637591418,True,1.0109691637591418,732.0,92.98421707348852,0.021,92.98421707348852,90.92581207883431,87.09393115351092,83.60006567714696
E01003847,Richmond upon Thames 002B,832.0,0.8149038461538461,7,0.0482372685177467,0.0068910383596781,True,1.006891038359678,678.0,85.77730908800079,0.089,85.77730908800079,84.44762260072905,81.97230783008413,79.71534395546682
E01003849,Richmond upon Thames 002C,642.0,1.0093457943925233,15,0.219652006170524,0.0130644204388202,True,1.0130644204388202,647.9999999999999,82.48449451297581,0.079,82.48449451297581,81.12536246124577,78.59523248315813,76.28828872539823
E01003851,Richmond upon Thames 002D,657.0,1.1187214611872147,15,0.1976512345667434,0.0131767489711162,True,1.013176748971116,735.0000000000001,93.56917544191204,0.03,93.56917544191204,91.57999661021262,87.8769855691194,84.50062218852233
E01003860,Richmond upon Thames 002E,779.0,0.8138639281129654,18,0.1027121913564811,0.0057062328531378,True,1.0057062328531379,634.0,80.11625645466889,0.076,80.11625645466889,78.77269330641589,76.27154605253304,73.99102841329916
E01003864,Richmond upon Thames 002F,642.0,0.9439252336448598,17,0.1991323302434408,0.0105649963687363,True,1.0105649963687362,606.0,76.94796236311322,0.095,76.94796236311322,75.80019709818752,73.663542826147,71.71536574510213
E01003852,Richmond upon Thames 003A,657.0,0.8660578386605784,9,0.2526246141963728,0.0230299639916408,True,1.0230299639916407,569.0,73.1409958314452,0.129,73.1409958314452,72.29268048577663,70.71347551874216,69.27357437829671
E01003853,Richmond upon Thames 003B,595.0,1.0033613445378151,15,0.1929290123452928,0.0128619341563528,True,1.0128619341563527,597.0,75.97747026154205,0.135,75.97747026154205,75.1407403856087,73.5831026711822,72.16286630654155
E01003854,Richmond upon Thames 003C,635.0,0.8551181102362204,14,0.3192905092554003,0.0154091067752424,True,1.0154091067752424,543.0,69.27892373599228,0.174,69.27892373599228,68.77961701605562,67.85011873900132,67.0026127742209
E01003855,Richmond upon Thames 003D,899.0,0.7452725250278087,4,0.0880960648148146,0.0220240162037036,True,1.0220240162037035,670.0,86.03915816930461,0.275,86.03915816930461,86.26703483585042,86.6912449665734,87.07803494239494
E01003856,Richmond upon Thames 003E,739.0,0.7794316644113667,11,0.232810570981481,0.0211645973619528,True,1.0211645973619528,576.0,73.90579309322972,0.112,73.90579309322972,72.92600627766389,71.10205694835281,69.43900068003222
E01003857,Richmond upon Thames 003F,752.0,0.8670212765957447,19,0.164320216047453,0.0086484324235501,True,1.00864843242355,652.0,82.63188541001293,0.08,82.63188541001293,81.2783880680171,78.75874754016219,76.46136794390638
E01003858,Richmond upon Thames 003G,666.0,0.9864864864864864,27,0.2054147376535484,0.0076079532464277,True,1.0076079532464277,657.0,83.17967226768941,0.053,83.17967226768941,81.59804904240734,78.65373444749213,75.96914186353527
E01003848,Richmond upon Thames 004A,820.0,0.8926829268292683,21,0.3409934413456785,0.0162377829212227,True,1.0162377829212228,732.0,93.46880003151156,0.109,93.46880003151156,92.20229930416139,89.8446097378977,87.69489518776273
E01003861,Richmond upon Thames 004C,895.0,0.758659217877095,18,0.2180042438252308,0.0119877722049682,True,1.0119877722049682,679.0,86.33865677455066,0.106,86.33865677455066,85.1434942410348,82.91860626868034,80.8899787025117
E01003862,Richmond upon Thames 004D,806.0,0.8362282878411911,5,0.0718622685092591,0.0084250385792823,True,1.0084250385792823,674.0,85.40115916004636,0.208,85.40115916004636,85.06899744039178,84.45065257581338,83.88685275610604
E01003863,Richmond upon Thames 004E,623.0,0.8025682182985554,11,0.125522376542052,0.0096928310885591,True,1.0096928310885591,500.0,63.43362429079096,0.224,63.43362429079096,63.28594276584,63.01102212585324,62.76035261093128
E01003865,Richmond upon Thames 004F,587.0,0.9028960817717206,12,0.3534999999764655,0.0234748906882072,True,1.0234748906882072,530.0,68.15744637307083,0.14,68.15744637307083,67.44009187372045,66.1046807034724,64.88706797609184
E01033570,Richmond upon Thames 004G,835.0,0.8622754491017964,0,0.0,,False,1.0,720.0,90.46753246753245,0.145,90.46753246753245,89.55950489728197,87.86914098194615,86.32788637581955
E01033571,Richmond upon Thames 004H,606.0,1.0973597359735974,6,0.0822870370370369,0.0137145061728394,True,1.0137145061728394,665.0,84.70275868055552,0.196,84.70275868055552,84.274128410297,83.47619983895878,82.7486576364913
E01003804,Richmond upon Thames 005A,753.0,0.952191235059761,7,0.3332673611053239,0.0327201003081183,True,1.0327201003081183,717.0,93.03835737447932,0.093,93.03835737447932,91.63242817998697,89.01518168246987,86.62880607241934
E01003807,Richmond upon Thames 005B,840.0,0.7797619047619048,18,0.0842924382689038,0.0035832261658736,True,1.0035832261658737,655.0,82.59522535216118,0.098,82.59522535216118,81.38740408277192,79.13895088945362,77.08883682264134
E01003808,Richmond upon Thames 005C,782.0,0.9156010230179028,23,0.2996929012295521,0.0130301261404153,True,1.0130301261404153,716.0,91.13718951704543,0.073,91.13718951704543,89.58212358647279,86.68724746031836,84.04773231028334
E01003809,Richmond upon Thames 005D,643.0,1.2208398133748055,11,0.293834876542052,0.0267122615038229,True,1.0267122615038229,785.0,101.26949723492007,0.046,101.26949723492007,99.27473019467872,95.56131626893738,92.17546765635238
E01003859,Richmond upon Thames 005E,609.0,1.0738916256157636,22,0.400653163576774,0.0138368143236882,True,1.0138368143236882,654.0,83.3117110492522,0.069,83.3117110492522,81.8576518946575,79.15080773461439,76.68273799419734
E01003873,Richmond upon Thames 006A,797.0,0.7603513174404015,11,0.054858796296296,0.0049871632996632,True,1.0049871632996632,606.0,76.52324659459856,0.077,76.52324659459856,75.24740607121046,72.872329748513,70.70676215147138
E01003874,Richmond upon Thames 006B,768.0,0.7239583333333334,6,0.0692735339490739,0.0115455889915123,True,1.0115455889915124,556.0,70.66762580340313,0.062,70.66762580340313,69.38597597939207,67.00008519194911,64.82465708886465
E01003875,Richmond upon Thames 006C,647.0,1.0757341576506956,2,0.0015972222214506,0.0007986111107253,True,1.0007986111107252,696.0,87.52178814931689,0.1,87.52178814931689,86.25900487690868,83.90823564202769,81.76483097139429
E01003878,Richmond upon Thames 006D,631.0,0.8272583201267829,14,0.2372187499984563,0.0169441964284611,True,1.0169441964284611,522.0,66.70031327834387,0.25,66.70031327834387,66.71425288455731,66.74020254523853,66.7638631509161
E01003866,Richmond upon Thames 007A,672.0,1.0208333333333333,20,0.4782831790100302,0.0239141589505015,True,1.0239141589505014,686.0,88.25674634626526,0.032,88.25674634626526,86.39772840274564,82.93702197417257,79.78158918535179
E01003868,Richmond upon Thames 007B,652.0,0.9248466257668712,21,0.1505428240733018,0.0071687059082524,True,1.0071687059082524,603.0,76.30970661670638,0.04,76.30970661670638,74.76190936063321,71.88056443715233,69.25338688392581
E01003871,Richmond upon Thames 007C,698.0,1.0487106017191976,13,0.3111176697503853,0.0226571205284603,True,1.0226571205284603,731.9999999999999,94.05922069213774,0.096,94.05922069213774,92.66540022181029,90.07069505570168,87.70487237543533
E01003872,Richmond upon Thames 007D,682.0,1.002932551319648,6,0.046089506171296,0.0076815843618826,True,1.0076815843618827,684.0,86.6043431276835,0.075,86.6043431276835,85.1435227004254,82.4240919056738,79.9445458147833
E01003821,Richmond upon Thames 008A,765.0,0.803921568627451,3,0.100702160493827,0.0190311213991769,True,1.019031121399177,615.0,78.744968197601,0.044,78.744968197601,77.17851245813098,74.26243331722956,71.60358549933167
E01003876,Richmond upon Thames 008B,943.0,0.6712619300106044,4,0.0090459104934412,0.0022614776233603,True,1.0022614776233603,633.0,79.71590793340005,0.071,79.71590793340005,78.34016476200759,75.7791118932604,73.44397299525211
E01003877,Richmond upon Thames 008C,685.0,0.8642335766423358,8,0.1392503858013113,0.0174062982251639,True,1.017406298225164,592.0,75.67917290538243,0.065,75.67917290538243,74.32878675072367,71.81493793997159,69.52283916554421
E01003879,Richmond upon Thames 008D,577.0,0.9965337954939342,7,0.050864197530864,0.0072663139329805,True,1.0072663139329805,575.0,72.77335600907028,0.062,72.77335600907028,71.45351601357933,68.99653125288592,66.75628047301214
E01003892,Richmond upon Thames 009A,889.0,0.9280089988751408,15,0.1972800925910488,0.0085266803840191,True,1.0085266803840192,825.0000000000001,104.54459606480769,0.038,104.54459606480769,102.40370457090485,98.41826861443435,94.78439340590425
E01003893,Richmond upon Thames 009B,752.0,0.8723404255319149,10,0.1375231481473764,0.0137523148147376,True,1.0137523148147376,656.0,83.55952196969059,0.063,83.55952196969059,82.05221459887643,79.24624474463384,76.68779332286144
E01003894,Richmond upon Thames 009C,739.0,0.9079837618403248,19,0.2234710648101845,0.0100556976930636,True,1.0100556976930637,671.0,85.15851734085768,0.056,85.15851734085768,83.5641969393328,80.59624556371763,77.89010123176304
E01003895,Richmond upon Thames 009D,722.0,0.969529085872576,14,0.0916118827141201,0.0065437059081514,True,1.0065437059081515,699.9999999999999,88.5300941332851,0.089,88.5300941332851,87.15773504278069,84.6029819036972,82.27358702759649
E01003905,Richmond upon Thames 010A,531.0,1.112994350282486,8,0.0488564814810954,0.004272987397071,True,1.004272987397071,591.0,74.57607300600515,0.129,74.57607300600515,73.71111312363648,72.1009230575289,70.6327700559106
E01003906,Richmond upon Thames 010B,655.0,1.0625954198473282,13,0.1093402777773916,0.0084107905982608,True,1.0084107905982609,696.0,88.18748807442296,0.161,88.18748807442296,87.4400327214548,86.04858647204908,84.77988159636081
E01003907,Richmond upon Thames 010C,646.0,1.0913312693498451,4,0.1297515432087191,0.0324378858021797,True,1.0324378858021797,705.0,91.45623070546675,0.262,91.45623070546675,91.58243710229938,91.81738012174046,92.03159849661564
E01003908,Richmond upon Thames 010D,667.0,1.3358320839580209,3,0.0950547839494597,0.0316849279831532,True,1.0316849279831533,890.9999999999999,115.50081227674248,0.113,115.50081227674248,113.98086104768817,111.1513536683527,108.57144099871697
E01003909,Richmond upon Thames 010E,637.0,1.1930926216640505,2,0.0321597222210646,0.0160798611105323,True,1.0160798611105324,760.0000000000001,97.0290288148798,0.144,97.0290288148798,96.045674921949,94.2150852008057,92.54597429868406
E01003867,Richmond upon Thames 011A,596.0,1.0620805369127515,9,0.1819471450605706,0.016138045839006,True,1.016138045839006,632.9999999999999,80.81959520364515,0.135,80.81959520364515,79.9295396432936,78.27263202159298,76.7618824837546
E01003869,Richmond upon Thames 011B,687.0,1.024745269286754,7,0.0884062499999997,0.0126294642857142,True,1.012629464285714,704.0,89.57430918367344,0.063,89.57430918367344,87.95850271080836,84.95055334298931,82.20793929634148
E01003870,Richmond upon Thames 011C,819.0,1.0146520146520146,10,0.1144614197523144,0.0114461419752314,True,1.0114461419752314,831.0,105.60975484441833,0.067,105.60975484441833,103.74591152755961,100.27622229137405,97.11259908066656
E01003910,Richmond upon Thames 011D,658.0,1.229483282674772,5,0.0560960648140432,0.0112192129628086,True,1.0112192129628086,808.9999999999999,102.79076131559574,0.082,102.79076131559574,101.12712566890225,98.03013857559034,95.2063409427988
E01003805,Richmond upon Thames 012A,600.0,1.395,10,0.104368441356867,0.0104368441356867,True,1.0104368441356868,837.0,106.26613380376217,0.02,106.26613380376217,103.90333551269532,99.50480280147505,95.49427066702644
E01003806,Richmond upon Thames 012B,510.0,1.3686274509803922,6,0.0732129629625769,0.0122021604937628,True,1.0122021604937628,698.0,88.77341584595393,0.014,88.77341584595393,86.74758754654924,82.97635067206177,79.5377797519984
E01003816,Richmond upon Thames 012C,617.0,1.2965964343598055,8,0.0734112654305552,0.0091764081788194,True,1.0091764081788195,800.0,101.44188830265016,0.123,101.44188830265016,100.2059360889324,97.90511495574627,95.80725239655176
E01003817,Richmond upon Thames 012D,861.0,0.991869918699187,17,0.2928966049347987,0.0172292120549881,True,1.0172292120549882,854.0,109.15331822264591,0.137,109.15331822264591,107.97252976094282,105.77440024075956,103.77017072715678
E01003840,Richmond upon Thames 013A,583.0,1.3379073756432247,2,0.0001527777777777,7.638888888886853e-05,True,1.0000763888888888,780.0,98.01398011363635,0.267,98.01398011363635,98.1970576648069,98.53787075941521,98.84862026555868
E01003841,Richmond upon Thames 013B,820.0,0.9329268292682928,6,0.2369533178993053,0.0394922196498842,True,1.0394922196498841,765.0000000000001,99.91781463910598,0.433,99.91781463910598,101.72296768376074,105.0834004154467,108.14740478710928
E01003842,Richmond upon Thames 013C,609.0,1.2019704433497538,7,0.034946759259259,0.0049923941798941,True,1.0049923941798942,732.0,92.43450175092762,0.238,92.43450175092762,92.34558089163247,92.1800477990285,92.02911660656306
E01003843,Richmond upon Thames 013D,798.0,1.2518796992481205,3,0.1744668209868826,0.0581556069956275,True,1.0581556069956275,999.0000000000001,132.8236083400651,0.298,132.8236083400651,133.47350019290553,134.68332440188752,135.78642836534775
E01003844,Richmond upon Thames 013E,548.0,1.302919708029197,8,0.0285825617276231,0.0035728202159528,True,1.0035728202159528,714.0,90.034167057283,0.107,90.034167057283,88.79663423734372,86.49287068279426,84.39232525724282
E01003845,Richmond upon Thames 013F,623.0,1.4735152487961476,1,0.0765721450617284,0.0765721450617284,True,1.0765721450617285,918.0,124.17840249594154,0.108,124.17840249594154,122.48366965433948,119.32879271509802,116.45221177873653
E01003882,Richmond upon Thames 014A,850.0,0.9329411764705884,12,0.0953792438244595,0.0079482703187049,True,1.0079482703187048,793.0000000000001,100.43190020336935,0.059,100.43190020336935,98.58103548713007,95.13550692500041,91.9939131422983
E01003883,Richmond upon Thames 014B,877.0,0.8985176738882554,23,0.2774753086404316,0.0120641438539318,True,1.0120641438539317,788.0,100.20617956270117,0.078,100.20617956270117,98.5452615232883,95.45333346720584,92.63414860706145
E01003896,Richmond upon Thames 014C,881.0,0.8081725312145289,9,0.1101249999996141,0.0122361111110682,True,1.0122361111110683,712.0,90.55700876622991,0.089,90.55700876622991,89.15322923333886,86.53998449801495,84.15725764925006
E01003897,Richmond upon Thames 014D,873.0,0.7147766323024055,8,0.1595771604934411,0.0199471450616801,True,1.0199471450616802,624.0,79.96915459956331,0.124,79.96915459956331,79.00262633793088,77.20335883753432,75.562807180296
E01003898,Richmond upon Thames 015A,737.0,0.9701492537313432,7,0.042285879628472,0.0060408399469245,True,1.0060408399469245,714.9999999999999,90.3819904602317,0.113,90.3819904602317,89.1925943445122,86.9784410071876,84.95960115923441
E01003899,Richmond upon Thames 015B,622.0,1.0,5,0.0274888117283948,0.0044219907407407,True,1.0044219907407408,622.0,78.49949190882033,0.113,78.49949190882033,77.46646541441726,75.54340628390742,73.78998282528892
E01003900,Richmond upon Thames 015C,618.0,1.0906148867313916,6,0.0382226080243053,0.0063704346707175,True,1.0063704346707174,674.0,85.22715955800017,0.251,85.22715955800017,85.25328764673446,85.3019271152045,85.34627602974233
E01003901,Richmond upon Thames 015D,610.0,1.321311475409836,1,0.0064722222222221,0.003236111111111,True,1.003236111111111,806.0,101.60110852272724,0.056,101.60110852272724,99.69895328102706,96.15794341824288,92.92929087079928
E01003902,Richmond upon Thames 015E,500.0,1.142,4,0.0103005401234567,0.0025751350308641,True,1.002575135030864,571.0,71.93053429016727,0.064,71.93053429016727,70.6400181283269,68.23762196371382,66.04714444531794
E01003903,Richmond upon Thames 015F,580.0,1.2706896551724138,7,0.0571975308634257,0.0081710758376322,True,1.008171075837632,737.0,93.36024223354985,0.193,93.36024223354985,92.86047092999605,91.93010779442,91.08181326146904
E01003904,Richmond upon Thames 015G,654.0,0.9770642201834864,12,0.0540401234540891,0.004503343621174,True,1.004503343621174,639.0000000000001,80.65150823185422,0.153,80.65150823185422,79.90496530754413,78.5152176150209,77.24806146419307
E01003880,Richmond upon Thames 016A,580.0,1.2620689655172417,10,0.2161929012318668,0.0216192901231866,True,1.0216192901231866,732.0000000000002,93.96376590365482,0.061,93.96376590365482,92.25044099611219,89.06095348070856,86.15281501436982
E01003881,Richmond upon Thames 016B,477.0,1.2054507337526206,6,0.0553804012345677,0.0092300668724279,True,1.0092300668724279,575.0,72.91523397103474,0.049,72.91523397103474,71.50032364859466,68.86635808317781,66.46473821703732
E01003884,Richmond upon Thames 016C,739.0,1.037889039242219,14,0.1387364969108791,0.0099097497793485,True,1.0099097497793486,766.9999999999999,97.32808477832927,0.109,97.32808477832927,96.00929080513396,93.55425329626541,91.31577799847402
E01003885,Richmond upon Thames 016D,642.0,1.101246105919003,5,0.11513310185108,0.0182506172837962,True,1.0182506172837962,707.0,90.45536790402666,0.1,90.45536790402666,89.15025830898661,86.7206953339266,84.50544742653032
E01003818,Richmond upon Thames 017A,662.0,1.0438066465256797,7,0.3362461419733793,0.0480351631390541,True,1.048035163139054,690.9999999999999,90.99429195492088,0.106,90.99429195492088,89.73468273037268,87.389822232345,85.25180508081849
E01003819,Richmond upon Thames 017B,733.0,0.8390177353342428,9,0.4095933641956016,0.0455103737995112,True,1.0455103737995113,615.0,80.79113523251709,0.295,80.79113523251709,81.1627865757016,81.85464444454568,82.48547258602848
E01003820,Richmond upon Thames 017C,761.0,1.0735873850197108,19,0.5196508487631167,0.0273500446717429,True,1.027350044671743,817.0,105.46315252411264,0.202,105.46315252411264,104.99121368152022,104.11266283581895,103.31161015990186
E01003811,Richmond upon Thames 018A,719.0,1.0806675938803894,13,0.213047067898919,0.0163882359922245,True,1.0163882359922245,777.0,99.22952148526814,0.103,99.22952148526814,97.82686536269833,95.21571194302535,92.83489193210208
E01003812,Richmond upon Thames 018B,751.0,1.0119840213049267,17,0.2139351851836413,0.0125844226578612,True,1.0125844226578613,760.0,96.69523714030198,0.123,96.69523714030198,95.51711738721772,93.32395587560339,91.32425613574974
E01003890,Richmond upon Thames 018C,693.0,1.1341991341991342,6,0.0182172067897374,0.0030362011316229,True,1.003036201131623,786.0,99.06024601708418,0.101,99.06024601708418,97.64064981515898,94.9979611207835,92.5883876048015
E01003891,Richmond upon Thames 018D,856.0,1.0315420560747663,5,0.1057785493823301,0.021155709876466,True,1.021155709876466,883.0,113.29556829048563,0.057,113.29556829048563,111.18552729318009,107.25752193455351,103.67601129240855
E01003810,Richmond upon Thames 019A,621.0,1.2286634460547503,11,0.1639124228387342,0.0149011293489758,True,1.0149011293489758,762.9999999999999,97.29903258938143,0.099,97.29903258938143,95.88568654899352,93.25463301622968,90.8556683083654
E01003813,Richmond upon Thames 019B,625.0,1.3568,4,0.1257908950617282,0.031447723765432,True,1.031447723765432,848.0,109.90142473845596,0.049,109.90142473845596,107.76880235154728,103.79875998061642,100.1789204684252
E01003814,Richmond upon Thames 019C,797.0,1.0740276035131744,11,0.287693672837191,0.0261539702579264,True,1.0261539702579263,856.0,110.36885650496225,0.104,110.36885650496225,108.81951056776117,105.93528265396068,103.30547642292746
E01003815,Richmond upon Thames 019D,934.0,0.923982869379015,7,0.5150169753074844,0.0735738536153549,True,1.073573853615355,863.0,116.41339909230838,0.146,116.41339909230838,115.25631121835153,113.10230218482653,111.1383012295061
E01003828,Richmond upon Thames 020A,619.0,1.3554119547657513,1,0.0129421296284722,0.0129421296284722,True,1.0129421296284722,839.0,106.78416197904463,0.068,106.78416197904463,104.91001239824158,101.4211372504778,98.24002054365126
E01003829,Richmond upon Thames 020B,696.0,1.067528735632184,9,0.1500524691358022,0.0166724965706446,True,1.0166724965706446,743.0000000000001,94.91396958974666,0.32,94.91396958974666,95.58213395697074,96.82597387204866,97.96009296972066
E01003830,Richmond upon Thames 020C,748.0,1.3021390374331552,4,0.1679089506165122,0.041977237654128,True,1.041977237654128,974.0000000000001,127.51974545677652,0.132,127.51974545677652,126.07805663837954,123.3942408208827,120.9471680614701
E01003831,Richmond upon Thames 020D,686.0,1.272594752186589,2,0.0322098765432098,0.0161049382716049,True,1.016104938271605,873.0000000000001,111.45846412337663,0.11,111.45846412337663,109.95908000784043,107.16785990928001,104.62285714709985
E01003832,Richmond upon Thames 020E,681.0,0.9148311306901616,2,0.0,0.0,True,1.0,623.0000000000001,78.27954545454546,0.393,78.27954545454546,79.3882283458754,81.45212774106382,83.33396775229244
E01003833,Richmond upon Thames 020F,666.0,0.9954954954954957,3,0.0789243827156634,0.0263081275718878,True,1.0263081275718877,663.0000000000001,85.49713171445536,0.213,85.49713171445536,85.20631135036463,84.66492663319329,84.17129820119906
E01003886,Richmond upon Thames 021A,673.0,0.9940564635958395,16,0.1790825617276226,0.0107047164351369,True,1.0107047164351368,669.0,84.95924779195005,0.092,84.95924779195005,83.66711389079249,81.26170617867163,79.06848276548598
E01003887,Richmond upon Thames 021B,804.0,0.9639303482587064,17,0.1209112654309409,0.0071124273782906,True,1.0071124273782905,774.9999999999999,98.07084246150444,0.053,98.07084246150444,96.20607048138754,92.73465246634925,89.56945297473229
E01003888,Richmond upon Thames 021C,941.0,0.79596174282678,17,0.2778923611107247,0.0163466094771014,True,1.0163466094771014,749.0,95.64976534508475,0.205,95.64976534508475,95.24974149845539,94.50506600866868,93.82607936071052
E01003889,Richmond upon Thames 021D,752.0,1.13031914893617,11,0.1117862654313266,0.0101623877664842,True,1.0101623877664843,849.9999999999998,107.88731086226782,0.052,107.88731086226782,105.82535545772134,101.98686516836196,98.48697334898884
E01003834,Richmond upon Thames 022A,785.0,0.8369426751592357,7,0.1058503086404318,0.0151214726629188,True,1.0151214726629187,657.0,83.79992549279253,0.133,83.79992549279253,82.86069332520083,81.11223962595717,79.51801941508442
E01003835,Richmond upon Thames 022B,596.0,1.3120805369127515,12,0.0814614197527004,0.0067884516460583,True,1.0067884516460583,781.9999999999999,98.92481047904323,0.041,98.92481047904323,96.92796207353327,93.21067352453154,89.82129207449493
E01003836,Richmond upon Thames 022C,578.0,0.9826989619377162,5,0.0938919753082559,0.0187783950616511,True,1.0187783950616511,568.0,72.70902327560775,0.19,72.70902327560775,72.29851589059007,71.53432447906569,70.83754343547584
E01003837,Richmond upon Thames 022D,888.0,1.1362612612612613,6,0.2268163580227622,0.037802726337127,True,1.037802726337127,1009.0,131.57283181438322,0.106,131.57283181438322,129.7515049037301,126.36096326307387,123.26950593041586
E01003838,Richmond upon Thames 022E,752.0,1.0664893617021276,7,0.1267569444436725,0.0181081349205246,True,1.0181081349205245,802.0,102.59555008695547,0.106,102.59555008695547,101.17534780271608,98.53153083899372,96.1209285798446
E01003839,Richmond upon Thames 022F,1034.0,0.8762088974854932,4,0.0169537037037037,0.0042384259259259,True,1.0042384259259258,906.0,114.32080693993503,0.162,114.32080693993503,113.36300761559464,111.57998971058608,109.9542542497373
E01003822,Richmond upon Thames 023A,524.0,1.6278625954198471,3,0.0054429012345678,0.0018143004115226,True,1.0018143004115225,852.9999999999999,107.37335081920389,0.034,107.37335081920389,105.13262079551959,100.96132765405609,97.15798997661425
E01003823,Richmond upon Thames 023B,801.0,1.250936329588015,6,0.0695597993819442,0.0115932998969907,True,1.0115932998969908,1002.0,127.36025333579727,0.061,127.36025333579727,125.0379805727526,120.71488928254531,116.77314377834482
E01003824,Richmond upon Thames 023C,631.0,1.3470681458003169,8,0.0847210648128856,0.0105901331016107,True,1.0105901331016107,849.9999999999999,107.93299489732946,0.046,107.93299489732946,105.80697288029224,101.8492176110135,98.24058133845926
E01003825,Richmond upon Thames 023D,649.0,1.325115562403698,6,0.01007137345679,0.0016785622427983,True,1.0016785622427984,860.0000000000001,108.2398243784572,0.062,108.2398243784572,106.27675359054689,102.62234470269986,99.29029621304362
E01003826,Richmond upon Thames 023E,766.0,0.9451697127937336,6,0.0356678240729165,0.0046703317900591,True,1.0046703317900592,724.0,91.39499055960813,0.303,91.39499055960813,91.88676881147234,92.80225225991967,93.63697966326218
E01003827,Richmond upon Thames 023F,883.0,0.9943374858437146,13,0.0709610339498453,0.005458541073065,True,1.005458541073065,878.0,110.92231683021181,0.154,110.92231683021181,109.90639903033167,108.01518906476743,106.29080531276375
E01004029,Southwark 001A,931.0,0.4081632653061224,7,0.3274112654293977,0.0467730379184853,True,1.0467730379184852,379.99999999999994,49.980013946848175,0.15,49.980013946848175,49.502747403750234,48.61427862936349,47.80418289879344
E01004032,Southwark 001B,658.0,0.5364741641337386,1,0.0563900462962963,0.0563900462962963,True,1.0563900462962963,353.0,46.855357342397184,0.078,46.855357342397184,46.07872950773926,44.632976415694905,43.31475517811457
E01004053,Southwark 001C,889.0,0.6029246344206974,1,0.1022345679012345,0.1022345679012345,True,1.1022345679012344,536.0,74.23335093795092,0.11,74.23335093795092,73.23473402612821,71.37573100871592,69.68071318598827
E01004054,Southwark 001D,727.0,0.6052269601100413,2,0.0260690586419753,0.0130345293209876,True,1.0130345293209877,440.0,56.00633754960317,0.087,56.00633754960317,55.12721873568718,53.49067071773824,51.99848483520299
E01004055,Southwark 001E,529.0,0.6446124763705104,4,0.2462345679008485,0.0615586419752121,True,1.061558641975212,341.0,45.48399652777363,0.395,45.48399652777363,46.13706878129224,47.352813553392465,48.461315819013514
E01003929,Southwark 002B,1070.0,0.2682242990654205,6,0.0265675154313271,0.0044279192385545,True,1.0044279192385546,286.99999999999994,36.22104044217759,0.234,36.22104044217759,36.172058250379145,36.08087409229535,35.99773341331057
E01003934,Southwark 002C,1118.0,0.3228980322003578,18,0.8573572530814038,0.0476309585045224,True,1.0476309585045225,361.0,47.51992802590627,0.133,47.51992802590627,46.98732319671209,45.99583790056067,45.09181287628266
E01003935,Southwark 002D,420.0,0.4119047619047619,1,0.0,0.0,True,1.0,173.0,21.73733766233766,0.244,21.73733766233766,21.729153564019207,21.713918228738294,21.700026823186775
E01003939,Southwark 002E,880.0,0.2625,3,0.2305185185162035,0.0768395061720678,True,1.076839506172068,231.0,31.25526666664426,0.178,31.25526666664426,31.0422035880679,30.645570103011377,30.283924199285405
E01033867,Southwark 002F,604.0,0.271523178807947,6,0.1552862654313268,0.0258810442385544,True,1.0258810442385544,164.0,21.139811076536546,0.195,21.139811076536546,21.030772217573958,20.827787904543783,20.642709114946545
E01033868,Southwark 002G,600.0,0.1966666666666666,7,0.1920405092581015,0.027434358465443,True,1.027434358465443,117.99999999999996,15.233382277169772,0.071,15.233382277169772,14.97048341308688,14.481076738897551,14.034841295736461
E01003975,Southwark 004A,739.0,0.401894451962111,5,0.1420046296280863,0.0284009259256172,True,1.0284009259256173,297.0,38.37771883927419,0.334,38.37771883927419,38.70031516077642,39.30085329304592,39.848417136616945
E01004023,Southwark 004D,711.0,0.4430379746835443,6,0.4265216049340275,0.0710869341556712,True,1.0710869341556712,315.0,42.39313399618411,0.34,42.39313399618411,42.77430386701825,43.48388121508654,44.13086577633475
E01004028,Southwark 004E,1096.0,0.3503649635036496,15,0.5244336419699068,0.0301326131684027,True,1.0301326131684028,383.99999999999994,49.70322966809414,0.336,49.70322966809414,50.13072644986504,50.926544944262055,51.65216320255672
E01033869,Southwark 004F,644.0,0.3944099378881988,4,0.2662827932079473,0.0665706983019868,True,1.0665706983019867,254.00000000000003,34.03953457847035,0.35,34.03953457847035,34.3788108776578,35.01040008514951,35.586275946196324
E01033870,Southwark 004G,862.0,0.3109048723897912,0,0.0,,False,1.0,268.0,33.674025974025966,0.204,33.674025974025966,33.529909421233754,33.261625254074225,33.01700679964911
E01033871,Southwark 004H,686.0,0.3877551020408163,21,1.352765432094135,0.0644174015282921,True,1.0644174015282921,266.0,35.575732515625134,0.324,35.575732515625134,35.840060550021065,36.33212773585692,36.78078900329921
E01033872,Southwark 004I,659.0,0.3823975720789074,5,0.2927654320979936,0.0585530864195987,True,1.0585530864195987,251.99999999999997,33.5176399999951,0.279,33.5176399999951,33.619495019788594,33.809106057708135,33.981991247053806
E01003938,Southwark 006A,751.0,0.3581890812250333,6,0.6080640432071757,0.1013440072011959,True,1.101344007201196,269.0,37.2250698641773,0.251,37.2250698641773,37.236481953159206,37.257726444015695,37.27709692932381
E01003940,Southwark 006B,634.0,0.3501577287066246,10,1.134140817891589,0.1134140817891589,True,1.113414081789159,222.0,31.057745916504476,0.337,31.057745916504476,31.327903811081892,31.830823734879786,32.289380405448775
E01003941,Southwark 006C,965.0,0.3191709844559585,6,0.2705767746882715,0.0411628407916666,True,1.0411628407916667,307.99999999999994,40.29300193863748,0.223,40.29300193863748,40.195262872173366,40.01331400136543,39.847415088907546
E01003942,Southwark 006D,636.0,0.4245283018867924,6,0.6161643518479935,0.0938670910487396,True,1.0938670910487396,270.0,37.10979621548142,0.335,37.10979621548142,37.42535582806677,38.01279457962856,38.548414556751645
E01003979,Southwark 006E,890.0,0.3415730337078652,2,0.0692789351847993,0.0346394675923996,True,1.0346394675923996,304.0,39.520540286789156,0.292,39.520540286789156,39.690771296615566,40.00766955577564,40.2966137867621
E01003981,Southwark 006F,664.0,0.2951807228915662,4,0.4573641975293208,0.1143410493823302,True,1.1143410493823303,195.99999999999997,27.443180934333924,0.273,27.443180934333924,27.510508936873187,27.635845247920006,27.75012547181928
E01004030,Southwark 007A,743.0,0.4333781965006729,5,0.329085648130401,0.0658171296260801,True,1.06581712962608,321.99999999999994,43.12199214000789,0.276,43.12199214000789,43.24040961942977,43.46085296357243,43.66185069930694
E01004031,Southwark 007B,1081.0,0.3441258094357077,4,0.0391450617276234,0.0097862654319058,True,1.0097862654319059,372.0,47.19898373916846,0.223,47.19898373916846,47.08449277580598,46.871358946569266,46.677025943449515
E01004033,Southwark 007C,1143.0,0.3622047244094488,6,0.2124702932079472,0.0354117155346578,True,1.0354117155346578,413.99999999999994,53.8609072206272,0.32,53.8609072206272,54.2400709954302,54.94591383977544,55.58949332297358
E01004034,Southwark 007D,656.0,0.4847560975609756,6,0.5152619598742282,0.0858769933123713,True,1.0858769933123713,318.0,43.38783703213645,0.358,43.38783703213645,43.85415978607608,44.72225584613526,45.5137759673281
E01004036,Southwark 007E,862.0,0.351508120649652,5,0.4170046296238423,0.0834009259247684,True,1.0834009259247683,303.0,41.24697271911177,0.351,41.24697271911177,41.662111391723016,42.434924305155675,43.13956633619761
E01004056,Southwark 008A,1026.0,0.5974658869395711,5,0.3798692129606479,0.0759738425921295,True,1.0759738425921295,613.0,82.87478917271864,0.208,82.87478917271864,82.55245358900562,81.95240084040147,81.40527956413987
E01004057,Southwark 008B,954.0,0.5723270440251572,3,0.1079544753074844,0.0359848251024948,True,1.0359848251024948,546.0,71.07326802396342,0.251,71.07326802396342,71.09505695443109,71.13561874244611,71.17260251975215
E01004058,Southwark 008C,846.0,0.450354609929078,3,0.0479880401234567,0.0159960133744855,True,1.0159960133744854,381.0,48.638170189619395,0.076,48.638170189619395,47.822499863058326,46.304066137033125,44.91957552344278
E01004059,Southwark 008D,899.0,0.4827586206896552,2,0.2116226851840277,0.1058113425920138,True,1.1058113425920137,434.0,60.30190307761994,0.12,60.30190307761994,59.549541029076025,58.14896058439197,56.871927253263834
E01004060,Southwark 008E,872.0,0.4495412844036697,5,0.3981188271566357,0.0796237654313271,True,1.079623765431327,392.0,53.17637782824481,0.297,53.17637782824481,53.43137519136162,53.90607260721158,54.33889631579733
E01003936,Southwark 009A,581.0,0.3734939759036144,4,0.3868985339494598,0.0967246334873649,True,1.0967246334873648,216.99999999999994,29.90319415442707,0.053,29.90319415442707,29.334598665945776,28.276113959488676,27.310999634377538
E01003937,Southwark 009B,766.0,0.2454308093994778,4,0.2296720678981481,0.057418016974537,True,1.057418016974537,188.0,24.978410793181624,0.231,24.978410793181624,24.93731987583169,24.860825938629745,24.79107963608292
E01003943,Southwark 009C,586.0,0.3020477815699658,16,1.2040393518414343,0.0752524594900896,True,1.0752524594900896,176.99999999999997,23.913544877471306,0.35,23.913544877471306,24.1518941706374,24.59559990999356,25.00016576018898
E01033873,Southwark 009G,674.0,0.301186943620178,3,0.1931338734560184,0.0643779578186728,True,1.0643779578186727,202.99999999999997,27.14889504681582,0.31,27.14889504681582,27.313522430635956,27.619989104339414,27.899421934266996
E01033874,Southwark 009H,625.0,0.1104,0,0.0,,False,1.0,69.0,8.669805194805193,0.073,8.669805194805193,8.521873063535976,8.246485900404757,7.995391014981934
E01003977,Southwark 010A,828.0,0.4057971014492754,6,0.4622472993815585,0.077041216563593,True,1.077041216563593,336.0,45.4707219065575,0.32,45.4707219065575,45.79082142679924,46.38671156941208,46.930037428841
E01004037,Southwark 010B,875.0,0.4,2,0.1285100308626542,0.0642550154313271,True,1.064255015431327,350.0,46.803033064991304,0.328,46.803033064991304,47.169048465701174,47.8504145894704,48.47167647703814
E01004038,Southwark 010C,1032.0,0.4757751937984496,8,0.6160725308607251,0.0770090663575906,True,1.0770090663575906,491.0,66.44481550716567,0.309,66.44481550716567,66.8412444881136,67.57922785595659,68.25211270318599
E01004042,Southwark 010D,824.0,0.4029126213592233,11,0.7665756172812496,0.0696886924801136,True,1.0696886924801137,332.0,44.622688949550295,0.427,44.622688949550295,45.402733274450746,46.85484642869174,48.178866698697526
E01004043,Southwark 010E,585.0,0.5743589743589743,12,0.2641932870339502,0.0170451710388588,True,1.0170451710388588,336.0,42.93779794822236,0.257,42.93779794822236,42.976100961684786,43.047404999058465,43.11241920992786
E01003986,Southwark 011A,696.0,0.3563218390804598,3,0.1708942901234567,0.0569647633744855,True,1.0569647633744854,248.0,32.93612017195766,0.439,32.93612017195766,33.55044029018734,34.69404494971749,35.73677068060752
E01003987,Southwark 011B,820.0,0.5487804878048781,7,0.4537191357993823,0.0648170193999117,True,1.0648170193999118,450.00000000000006,60.20710517158917,0.438,60.20710517158917,61.32420497131822,63.4037730958521,65.29989967641458
E01004024,Southwark 011C,814.0,0.3685503685503685,6,0.3586520061693671,0.0597753343615611,True,1.059775334361561,299.99999999999994,39.94802477901856,0.366,39.94802477901856,40.40856266356222,41.26588973950438,42.047590823374485
E01004035,Southwark 011D,593.0,0.4536256323777403,9,0.303582947528549,0.0337314386142832,True,1.0337314386142833,269.0,34.939786998072314,0.333,34.939786998072314,35.230075200054735,35.77046925608922,36.26319441451827
E01003960,Southwark 012A,764.0,0.3965968586387434,11,0.1606049382696754,0.0146004489336068,True,1.014600448933607,302.99999999999994,38.627617935845336,0.263,38.627617935845336,38.684692032063175,38.79093989931729,38.88781549711659
E01003961,Southwark 012B,885.0,0.3242937853107344,11,0.798561728391975,0.0725965207629068,True,1.072596520762907,286.99999999999994,38.67929317032963,0.42,38.67929317032963,39.32902099883494,40.53853986376533,41.64136541798964
E01003994,Southwark 012E,865.0,0.3213872832369942,16,1.1109425154243822,0.0694339072140238,True,1.0694339072140238,278.0,37.35588192906751,0.296,37.35588192906751,37.53136982839368,37.85805419604696,38.155921289533254
E01033875,Southwark 012G,638.0,0.2366771159874608,3,0.0626323302449844,0.0208774434149948,True,1.0208774434149948,151.0,19.369160766507157,0.295,19.369160766507157,19.458261811993292,19.62413033520004,19.775367369476783
E01033876,Southwark 012H,653.0,0.1975497702909647,7,0.0599066358013113,0.0085580908287587,True,1.0085580908287588,128.99999999999994,16.347482327416913,0.166,16.347482327416913,16.21690115574465,15.973814152828899,15.752170186382191
E01033877,Southwark 012I,682.0,0.3401759530791788,13,0.4144432870331786,0.031880252848706,True,1.031880252848706,231.99999999999994,30.079979422652006,0.281,30.079979422652006,30.177258404694204,30.358350792582133,30.523468773647945
E01003980,Southwark 013A,887.0,0.3043968432919955,6,0.1974972993823301,0.0329162165637216,True,1.0329162165637216,270.0,35.042018009332224,0.347,35.042018009332224,35.38102784245474,36.01212100265058,36.58754457341084
E01004039,Southwark 013B,636.0,0.4591194968553459,5,0.3925270061712961,0.0785054012342592,True,1.0785054012342592,292.0,39.56994297437539,0.266,39.56994297437539,39.639993266637156,39.77039733164297,39.88929827600436
E01004040,Southwark 013C,779.0,0.362002567394095,1,0.0759309413557099,0.0759309413557099,True,1.0759309413557099,282.0,38.123586803218835,0.425,38.123586803218835,38.78258073399607,40.00934916868564,41.12790268456592
E01004041,Southwark 013D,691.0,0.4153400868306802,1,0.1073823302469135,0.1073823302469135,True,1.1073823302469135,287.0,39.93371689551766,0.334,39.93371689551766,40.269392661666174,40.89427919698758,41.4640436377289
E01004044,Southwark 013E,562.0,0.5213523131672598,3,0.3874656635787036,0.1291552211929012,True,1.1291552211929012,293.0,41.570142755287094,0.381,41.570142755287094,42.11022817732658,43.11563917862758,44.03236150258804
E01003992,Southwark 014A,647.0,0.3802163833075734,14,0.7944313271558636,0.0567450947968474,True,1.0567450947968473,246.0,32.66371640092514,0.446,32.66371640092514,33.2952672705368,34.47094831334482,35.542920925942624
E01003995,Southwark 014B,737.0,0.2957937584803256,10,0.4339502314791662,0.0433950231479166,True,1.0433950231479165,217.99999999999994,28.580215754187364,0.371,28.580215754187364,28.923645165357684,29.56296571368333,30.145890923431743
E01003998,Southwark 014D,659.0,0.471927162367223,12,0.8495466820976075,0.0707955568414673,True,1.0707955568414673,310.99999999999994,41.84342234895079,0.254,41.84342234895079,41.86849970094381,41.91518314128193,41.95774857160035
E01003999,Southwark 014E,597.0,0.4438860971524288,16,0.5020416666631938,0.0313776041664496,True,1.0313776041664495,265.0,34.3418604530163,0.318,34.3418604530163,34.57691405246731,35.01448460175379,35.41345645537336
E01032639,Southwark 014F,781.0,0.2676056338028169,4,0.0809081790108023,0.0202270447527005,True,1.0202270447527004,208.99999999999997,26.7918909288093,0.178,26.7918909288093,26.609254100813004,26.26926144665694,25.959260008793123
E01032719,Southwark 014G,803.0,0.1880448318804483,3,0.2226986882689041,0.0742328960896347,True,1.0742328960896348,150.99999999999997,20.381476541814923,0.261,20.381476541814923,20.407613413666855,20.456269232593232,20.50063305529128
E01003966,Southwark 015B,823.0,0.3718104495747266,16,1.6229726080165887,0.0971566116893325,True,1.0971566116893325,306.0,42.18424684073835,0.383,42.18424684073835,42.74054358632859,43.77613322674567,44.720372090856024
E01003971,Southwark 015D,511.0,0.3679060665362035,2,0.2640316358013117,0.1320158179006558,True,1.1320158179006559,188.0,26.74056585947406,0.418,26.74056585947406,27.184530326321813,28.011004696746184,28.764574634382416
E01033878,Southwark 015F,421.0,0.4061757719714964,15,0.5722604166620364,0.0381506944441357,True,1.0381506944441357,170.99999999999997,22.305746268256346,0.378,22.305746268256346,22.58901593611221,23.116344445224136,23.597156586466028
E01033879,Southwark 015G,842.0,0.4726840855106888,8,0.2893846450594133,0.0361730806324266,True,1.0361730806324265,397.99999999999994,51.81740094723703,0.398,51.81740094723703,52.57657927406522,53.98984875069728,55.27845179693811
E01033880,Southwark 015H,532.0,0.4774436090225564,11,1.0923263888865735,0.0993023989896885,True,1.0993023989896884,254.0,35.084164680483234,0.128,35.084164680483234,34.67382246974407,33.90993854298039,33.213437860500626
E01003963,Southwark 016A,690.0,0.3507246376811594,4,0.4910949074039351,0.1227737268509837,True,1.1227737268509836,242.0,34.140341108604545,0.401,34.140341108604545,34.65052667407465,35.60027676784985,36.466248108943816
E01003972,Southwark 016D,617.0,0.353322528363047,16,0.7321874999965271,0.0457617187497829,True,1.045761718749783,218.0,28.645043235079278,0.316,28.645043235079278,28.835514402235983,29.19009128780871,29.513390462120785
E01003973,Southwark 016E,754.0,0.2944297082228116,6,0.1632627314807097,0.0272104552467849,True,1.027210455246785,221.99999999999997,28.653168523400083,0.363,28.653168523400083,28.975106437083486,29.574418892011263,30.120865176912563
E01033881,Southwark 016F,711.0,0.430379746835443,9,0.4617430555532404,0.05130478395036,True,1.05130478395036,306.0,40.421303612003086,0.53,40.421303612003086,41.53417367625828,43.60586781937282,45.49481499316907
E01003923,Southwark 017A,729.0,0.4320987654320987,8,0.2682638888865737,0.0309391075100308,True,1.0309391075100307,314.99999999999994,40.804101266561766,0.278,40.804101266561766,40.924117016129806,41.14753566440479,41.351246248631284
E01003969,Southwark 017B,1016.0,0.3858267716535433,8,0.1753047839498454,0.0219130979937306,True,1.0219130979937305,392.0,50.33386513572756,0.245,50.33386513572756,50.31982610431773,50.29369135590377,50.26986198933511
E01003991,Southwark 017C,584.0,0.3698630136986301,9,0.7054035493788577,0.0728347050750599,True,1.07283470507506,216.0,29.11701255410208,0.461,29.11701255410208,29.72260729878093,30.84996899710442,31.877884580576033
E01003993,Southwark 017D,797.0,0.397741530740276,3,0.163536651234182,0.0545122170780606,True,1.0545122170780605,317.0,42.002111778869924,0.36,42.002111778869924,42.46173831495627,43.31736884489364,44.097523037398695
E01003997,Southwark 017E,506.0,0.4565217391304347,10,0.2604888117260798,0.0260488811726079,True,1.0260488811726078,230.99999999999997,29.781068776034935,0.298,29.781068776034935,29.926784392470175,30.198045340918124,30.44537799068937
E01003983,Southwark 018A,673.0,0.4546805349182763,11,0.5964479166620367,0.0542225378783669,True,1.054222537878367,305.99999999999994,40.53348746124413,0.434,40.53348746124413,41.26973609518841,42.64032016588063,43.89000314412766
E01003988,Southwark 018B,874.0,0.3627002288329519,20,0.8882380401192121,0.0444119020059606,True,1.0444119020059606,316.99999999999994,41.59980770330818,0.438,41.59980770330818,42.37166239922306,43.80852992241635,45.11864939930746
E01003989,Southwark 018C,879.0,0.4334470989761092,7,0.3768333333310181,0.0538333333330025,True,1.0538333333330026,381.0,50.44953360388026,0.321,50.44953360388026,50.80960532024741,51.47990681352933,52.09108009677412
E01003990,Southwark 018D,823.0,0.5856622114216282,14,0.8894980709822524,0.0574434064517379,True,1.057443406451738,482.0,64.04193129190533,0.382,64.04193129190533,64.88022280196921,66.44076761973668,67.8636546481629
E01004007,Southwark 018E,543.0,0.569060773480663,5,0.2752584876527775,0.0550516975305555,True,1.0550516975305555,309.0,40.9630672551287,0.426,40.9630672551287,41.67514090309516,43.000721357939746,44.2093705507467
E01003912,Southwark 019A,669.0,0.4349775784753363,3,0.2834899691350307,0.0944966563783435,True,1.0944966563783436,291.0,40.01913310109087,0.36,40.01913310109087,40.45706002298642,41.27229503410189,42.0156170516615
E01004011,Southwark 019B,828.0,0.538647342995169,10,0.4736149691331014,0.0473614969133101,True,1.04736149691331,445.99999999999994,58.693730224100996,0.382,58.693730224100996,59.462015232817826,60.89223750577166,62.19629791902121
E01004012,Southwark 019C,922.0,0.4967462039045553,13,0.6632843364158942,0.0510218720319918,True,1.0510218720319917,458.0,60.48357880850076,0.329,60.48357880850076,60.96248273098598,61.8539996143979,62.66687457613375
E01004013,Southwark 019D,657.0,0.5707762557077626,7,0.2146620370347219,0.0306660052906745,True,1.0306660052906744,375.0,48.56344286292504,0.363,48.56344286292504,49.10908630420118,50.124843990411534,51.05100030407681
E01004014,Southwark 019E,818.0,0.4633251833740831,3,0.5609857253067129,0.1869952417689042,True,1.1869952417689043,379.0,56.52602373245794,0.387,56.52602373245794,57.29351348385814,58.72225532349092,60.02496589446422
E01003911,Southwark 020A,752.0,0.4188829787234042,2,0.212350308640432,0.106175154320216,True,1.106175154320216,314.99999999999994,43.781909801105805,0.293,43.781909801105805,43.97476855778325,44.333790126868585,44.66114191309129
E01003916,Southwark 020B,909.0,0.4587458745874587,10,0.5156689814799376,0.0515668981479937,True,1.0515668981479938,416.99999999999994,55.09766703124189,0.212,55.09766703124189,54.90487460582807,54.545976517546755,54.218737319717754
E01003917,Southwark 020C,875.0,0.416,6,0.6392106481462188,0.0807095550408628,True,1.0807095550408627,364.0,49.42772519464163,0.321,49.42772519464163,49.78050399308804,50.43722915268294,51.036023689174094
E01003918,Southwark 020D,648.0,0.3487654320987654,3,0.2494837962939813,0.0831612654313271,True,1.0831612654313272,226.0,30.75826318089439,0.354,30.75826318089439,31.076840370797527,31.66989657713364,32.210638485674615
E01003925,Southwark 020E,839.0,0.4052443384982122,8,0.912695216042438,0.1044863281243007,True,1.1044863281243007,340.0,47.18451657616736,0.328,47.18451657616736,47.55351530575708,48.24043512817081,48.8667608150419
E01003919,Southwark 021A,682.0,0.4354838709677419,20,1.1675474536959871,0.0583773726847993,True,1.0583773726847994,296.99999999999994,39.496375597083805,0.234,39.496375597083805,39.442964126258495,39.34353452091818,39.25287573683875
E01003920,Southwark 021B,909.0,0.3542354235423542,9,0.6164737654274689,0.0684970850474965,True,1.0684970850474964,322.0,43.23042070003529,0.368,43.23042070003529,43.7372364130006,44.68071326435373,45.54096473430596
E01003921,Southwark 021C,989.0,0.2659251769464105,2,0.0586068672839505,0.0293034336419752,True,1.0293034336419753,263.0,34.01413401932269,0.304,34.01413401932269,34.200476449524345,34.547367370272454,34.8636585692125
E01003922,Southwark 021D,966.0,0.3436853002070393,8,0.3435327932075613,0.0429415991509451,True,1.0429415991509452,331.99999999999994,43.50691831990584,0.363,43.50691831990584,43.9957482551804,44.90574318308344,45.73546621577357
E01003924,Southwark 021E,903.0,0.3433001107419712,6,0.3565999228360337,0.0594333204726722,True,1.0594333204726722,310.0,41.26630371983976,0.373,41.26630371983976,41.77022704246632,42.70831948433906,43.56366151092373
E01003926,Southwark 021F,568.0,0.375,5,0.3170605709853394,0.0634121141970678,True,1.0634121141970678,213.0,28.460429865382626,0.317,28.460429865382626,28.652450679612713,29.00991235368765,29.335841845368908
E01004008,Southwark 022B,800.0,0.46375,9,0.4536651234552465,0.0504072359394718,True,1.0504072359394718,371.0,48.96568821898751,0.402,48.96568821898751,49.7021985701031,51.07326984765659,52.323397055582326
E01004010,Southwark 022D,632.0,0.439873417721519,7,0.4983256172824072,0.0711893738974867,True,1.0711893738974867,278.0,37.41720129225161,0.369,37.41720129225161,37.859516427863795,38.68292043996826,39.433690859784626
E01004067,Southwark 022E,931.0,0.3469387755102041,13,0.2249425154301692,0.0173032704177053,True,1.0173032704177054,323.0,41.28698899528687,0.384,41.28698899528687,41.83548216413696,42.856544839774266,43.78753818250503
E01033882,Southwark 022G,586.0,0.5204778156996587,22,0.866361111108024,0.0393800505049101,True,1.03938005050491,305.0,39.832215669268514,0.331,39.832215669268514,40.15537758815173,40.756968623917516,41.305492492929645
E01033883,Southwark 022H,647.0,0.4667697063369397,7,0.0809891975300924,0.0115698853614417,True,1.0115698853614417,302.0,38.38513596809517,0.355,38.38513596809517,38.786453789697276,39.53353811449397,40.2147211108366
E01003984,Southwark 023A,1006.0,0.4731610337972167,19,0.5838422067858785,0.0307285371992567,True,1.0307285371992567,476.0,61.646936783944625,0.27,61.646936783944625,61.78013213646642,62.02808564026935,62.25416682691465
E01004003,Southwark 023B,795.0,0.4327044025157233,17,0.4392094907372675,0.0248659676831993,True,1.0248659676831993,344.0,44.29816770965225,0.381,44.29816770965225,44.873696034004716,45.94508675341948,46.9219686344618
E01004004,Southwark 023C,1140.0,0.5263157894736842,17,0.4359521604918975,0.0256442447348175,True,1.0256442447348175,600.0,77.32292000890409,0.309,77.32292000890409,77.78425090656822,78.6430542380858,79.42610135501114
E01004005,Southwark 023D,1005.0,0.4288557213930348,11,0.2235540123449069,0.0203230920313551,True,1.020323092031355,430.99999999999994,55.25546453946555,0.409,55.25546453946555,56.12432498121611,57.741776241856535,59.2165499181226
E01004006,Southwark 023E,790.0,0.6050632911392405,33,0.5137426697492273,0.0155679596893705,True,1.0155679596893705,478.0,60.995407334772025,0.26,60.995407334772025,61.067674831491125,61.202206394967675,61.32487074552348
E01003913,Southwark 024A,841.0,0.5243757431629013,12,0.719880401227237,0.0529524016197916,True,1.0529524016197915,440.99999999999994,58.345528417936656,0.181,58.345528417936656,57.96487486523039,57.256258683497535,56.61015050278982
E01003914,Southwark 024B,719.0,0.56884561891516,33,0.7405505401172827,0.0224409254580994,True,1.0224409254580995,409.0,52.54383668970271,0.179,52.54383668970271,52.19077950365044,51.53353610388435,50.93426904189519
E01003915,Southwark 024C,798.0,0.506265664160401,13,0.5986894290061722,0.0446932276823361,True,1.0446932276823362,404.0,53.03107037716814,0.295,53.03107037716814,53.27502125716833,53.72915478590356,54.1432285759375
E01004050,Southwark 024D,629.0,0.6470588235294118,10,0.372229552466049,0.0372229552466049,True,1.0372229552466048,407.0,53.042841057771895,0.107,53.042841057771895,52.313759434458255,50.956517311243985,49.718999369069145
E01004052,Southwark 024E,774.0,0.5852713178294574,23,0.5247222222195203,0.0228140096617182,True,1.0228140096617182,453.00000000000006,58.21771001552126,0.14,58.21771001552126,57.60497085870317,56.464309281750275,55.42426702010452
E01004061,Southwark 025A,734.0,0.5735694822888283,25,0.4448437499969127,0.0177937499998765,True,1.0177937499998766,421.0,53.83963711241229,0.157,53.83963711241229,53.36229067389911,52.47367316798551,51.6634418256997
E01004062,Southwark 025B,982.0,0.3920570264765784,3,0.1204795524683641,0.040159850822788,True,1.040159850822788,385.0,50.317732783552366,0.32,50.317732783552366,50.67195372943413,51.33136355859766,51.932605946288795
E01004063,Southwark 025C,857.0,0.5834305717619603,4,0.1325038580223763,0.033125964505594,True,1.033125964505594,500.0,64.90580328955596,0.22,64.90580328955596,64.72935995766672,64.40089697801847,64.10140816633006
E01004065,Southwark 025D,631.0,0.6434231378763867,0,0.0,,False,1.0,406.0,51.01363636363636,0.176,51.01363636363636,50.65592709393037,49.990023478773246,49.382860130818464
E01004066,Southwark 025E,850.0,0.5329411764705883,21,0.9233109567839496,0.0437393996175778,True,1.043739399617578,453.0,59.408765547518556,0.296,59.408765547518556,59.68785197056944,60.20739304425647,60.68110469038624
E01004000,Southwark 026A,878.0,0.530751708428246,10,0.247261574071373,0.0247261574071373,True,1.0247261574071374,466.0,60.00037814257075,0.332,60.00037814257075,60.49302087891625,61.41011363243364,62.24630838184843
E01004001,Southwark 026B,753.0,0.5883134130146083,11,0.3995601851840274,0.0363236531985479,True,1.0363236531985478,443.0,57.68453358052344,0.388,57.68453358052344,58.473382091975544,59.94188492395143,61.28084911583854
E01004019,Southwark 026C,841.0,0.7063020214030915,17,0.386131944442515,0.0227136437907361,True,1.022713643790736,594.0,76.33096331406713,0.25,76.33096331406713,76.34691561651061,76.37661206769823,76.40368895437533
E01004064,Southwark 026D,817.0,0.5361077111383109,11,0.3022083333310181,0.0274734848482743,True,1.0274734848482743,438.0,56.54640276710765,0.342,56.54640276710765,57.06586483571419,58.03288386126642,58.914600818084175
E01004068,Southwark 026E,814.0,0.5601965601965602,23,0.6400223765428233,0.0278270598496879,True,1.027827059849688,456.0,58.89048600837471,0.345,58.89048600837471,59.44872177912219,60.487921065616206,61.435451163993996
E01004045,Southwark 027A,641.0,0.4976599063962558,10,0.7019533178966046,0.0701953317896604,True,1.0701953317896604,318.99999999999994,42.895722173840554,0.376,42.895722173840554,43.43210060351704,44.43061075033946,45.34104095361818
E01004047,Southwark 027B,618.0,0.4368932038834951,14,0.4157611882700611,0.0296972277335757,True,1.0296972277335756,270.0,34.93281276814328,0.308,34.93281276814328,35.13782323793068,35.519466165687895,35.86744384964395
E01004048,Southwark 027C,689.0,0.5442670537010159,14,0.1322654320983791,0.0094475308641699,True,1.00944753086417,374.99999999999994,47.563660037877476,0.212,47.563660037877476,47.39722988077007,47.0874072044383,46.80491440945696
E01004049,Southwark 027D,518.0,0.5096525096525096,3,0.0713831018518517,0.0237943672839505,True,1.0237943672839505,264.0,33.960721726190464,0.315,33.960721726190464,34.18322481274086,34.59743160654105,34.975100653449594
E01004051,Southwark 027E,585.0,0.5931623931623932,6,0.0291593364185954,0.0048598894030992,True,1.0048598894030991,347.0,43.812217431185964,0.081,43.812217431185964,43.09885542708539,41.77087659713575,40.560040593166825
E01003953,Southwark 028A,946.0,0.5792811839323467,31,0.2517565586396595,0.0081211793109567,True,1.0081211793109568,548.0,69.41503481284104,0.122,69.41503481284104,68.56251919461995,66.97549509368474,65.5284645558172
E01003955,Southwark 028B,809.0,0.6761433868974042,25,0.1912430555520825,0.0076497222220833,True,1.0076497222220833,547.0,69.25596170372421,0.189,69.25596170372421,68.85819184452878,68.11771232758335,67.44255151997243
E01004015,Southwark 028C,705.0,0.6907801418439716,12,0.1314247685169749,0.0109520640430812,True,1.0109520640430811,487.0,61.8614040773167,0.152,61.8614040773167,61.28275342357997,60.20555024527532,59.22336863027888
E01004021,Southwark 028D,999.0,0.6366366366366366,21,0.5905902777723756,0.0281233465605893,True,1.0281233465605892,636.0,82.1604076414451,0.142,82.1604076414451,81.31170716320118,79.73178524193607,78.29123039077172
E01004046,Southwark 028E,643.0,0.6951788491446346,6,0.0668549382716048,0.0111424897119341,True,1.011142489711934,447.0,56.791080569083675,0.15,56.791080569083675,56.24877414374279,55.23922857212746,54.318736393946004
E01004002,Southwark 029A,655.0,0.8091603053435115,27,0.85986574073611,0.0318468792865225,True,1.0318468792865225,530.0,68.71497188651253,0.165,68.71497188651253,68.1593819709694,67.12510814963653,66.18206903441218
E01004016,Southwark 029B,990.0,0.7646464646464647,42,0.9875856481419738,0.0235139440033803,True,1.0235139440033802,757.0,97.35312387054748,0.169,97.35312387054748,96.60398165941551,95.20939519239549,93.93782710197672
E01004017,Southwark 029C,650.0,0.8784615384615385,14,0.2576207561720672,0.018401482583719,True,1.018401482583719,571.0,73.06600792756574,0.116,73.06600792756574,72.1258738683321,70.37574122768069,68.77999017711444
E01004020,Southwark 029D,738.0,0.505420054200542,10,0.2063587962955242,0.0206358796295524,True,1.0206358796295525,373.0,47.834353850781014,0.36,47.834353850781014,48.357802254568746,49.33224215297273,50.22072537731459
E01003952,Southwark 030A,687.0,0.7365356622998545,28,0.1818819444429004,0.0064957837301035,True,1.0064957837301034,506.0,63.99156407844034,0.168,63.99156407844034,63.492898086209934,62.56459257359331,61.718174157870784
E01003954,Southwark 030B,658.0,0.7082066869300911,21,0.1900416666639654,0.0090496031744745,True,1.0090496031744745,466.0,59.08247517392566,0.11,59.08247517392566,58.28767394030839,56.8080896532361,55.45902151653867
E01003956,Southwark 030C,730.0,0.7931506849315069,24,0.1838842592569436,0.0076618441357059,True,1.007661844135706,579.0,73.30838064968182,0.106,73.30838064968182,72.29359268310502,70.40448599007229,68.68201997805802
E01004071,Southwark 030D,639.0,0.7167449139280125,23,0.167554783949845,0.0072849906065149,True,1.0072849906065149,458.0,57.96663488475399,0.205,57.96663488475399,57.72420840122733,57.2729126550396,56.861426322879595
E01004072,Southwark 030E,625.0,0.9456,24,0.181870756171681,0.0059712255657953,True,1.0059712255657953,591.0,74.70218207718571,0.08,74.70218207718571,73.47857203390686,71.20072681051727,69.12381342474191
E01004069,Southwark 031A,481.0,1.2162162162162162,2,0.0459247685185185,0.0114811921296296,True,1.0114811921296296,585.0,74.34879366629463,0.042,74.34879366629463,72.85527991322934,70.0749879507915,67.53994933892386
E01004070,Southwark 031B,729.0,0.8559670781893004,41,0.5042669753043968,0.0101318127069293,True,1.0101318127069292,624.0,79.19958155421133,0.14,79.19958155421133,78.36600900714731,76.81424890587313,75.39937168210258
E01004073,Southwark 031C,697.0,0.8020086083213773,26,0.112690586418595,0.0043342533237921,True,1.004334253323792,559.0,70.54241624165451,0.101,70.54241624165451,69.53149864153055,67.6495969365459,65.93370035074543
E01004074,Southwark 031D,616.0,1.0032467532467533,31,0.8257044753047831,0.0253700716844633,True,1.0253700716844634,618.0,79.62131771574231,0.072,79.62131771574231,78.25497654632937,75.7114262352124,73.39224597032552
E01004075,Southwark 031E,624.0,1.0753205128205128,28,0.3658707561709096,0.0130668127203896,True,1.0130668127203897,671.0,85.41238659960798,0.045,85.41238659960798,83.7216320798198,80.57416109592387,77.70433282547381
E01003949,Southwark 032A,863.0,0.6743916570104287,6,0.1667010030852619,0.0277835005142103,True,1.0277835005142102,582.0,75.15967173857713,0.173,75.15967173857713,74.61064713708852,73.5885951582791,72.65669978015997
E01003950,Southwark 032B,809.0,0.6242274412855378,15,0.2312071759236104,0.0154138117282406,True,1.0154138117282405,505.00000000000006,64.43097347243788,0.31,64.43097347243788,64.82167455185423,65.5489949856886,66.21215749087881
E01003957,Southwark 032C,698.0,0.8008595988538681,14,0.1848070987638884,0.0132005070545634,True,1.0132005070545633,559.0,71.16516405605027,0.119,71.16516405605027,70.27032117342297,68.60450157912253,67.08562620595683
E01003958,Southwark 032D,776.0,0.7487113402061856,11,0.0560949074062498,0.0050995370369318,True,1.0050995370369318,581.0,73.37455052082564,0.15,73.37455052082564,72.6738860889253,71.36954477678111,70.18026119289438
E01004018,Southwark 032E,780.0,0.7974358974358975,23,0.784161651230323,0.034093984836101,True,1.034093984836101,622.0,80.81847385254454,0.096,80.81847385254454,79.62086193946055,77.39141425661641,75.35862919824686
E01003945,Southwark 033A,728.0,0.9010989010989012,10,0.2966192129614194,0.0269672260801118,True,1.0269672260801117,656.0000000000001,84.64877390240588,0.149,84.64877390240588,83.83219010157522,82.31205587218045,80.92601475894482
E01003946,Southwark 033B,753.0,0.9561752988047808,13,1.386390046291666,0.106645388176282,True,1.106645388176282,720.0,100.11547758488285,0.152,100.11547758488285,99.17899889647074,97.43567101278519,95.84612446228076
E01003947,Southwark 033C,601.0,0.5391014975041597,1,7.716041666666666e-07,7.716041666666666e-07,True,1.0000007716041666,324.0,40.71042102269585,0.459,40.71042102269585,41.54919793179166,43.11064635759371,44.534357285555885
E01003948,Southwark 033D,794.0,0.7015113350125944,8,0.2432777777773918,0.0304097222221739,True,1.030409722222174,557.0,72.11496406249661,0.175,72.11496406249661,71.60225452321662,70.64780585597153,69.7775504089895
E01003951,Southwark 033E,551.0,1.056261343012704,15,0.5267237654301692,0.0351149176953446,True,1.0351149176953447,581.9999999999999,75.69580304291986,0.109,75.69580304291986,74.67012613705508,72.76074883699265,71.01980031587486
E01003930,Southwark 034A,750.0,0.276,6,0.3235868055478393,0.0539311342579732,True,1.0539311342579731,207.00000000000003,27.412132868270117,0.188,27.412132868270117,27.2520170651824,26.95394904975878,26.682174020995586
E01003932,Southwark 034B,688.0,0.3081395348837209,4,0.1046701388850307,0.0261675347212576,True,1.0261675347212575,212.0,27.334704291776244,0.386,27.334704291776244,27.70317758776848,28.38911927469139,29.01455310873899
E01003933,Southwark 034C,1016.0,0.3444881889763779,5,0.1282685185181324,0.0256537037036264,True,1.0256537037036264,349.99999999999994,45.10545265151174,0.196,45.10545265151174,44.87720078980952,44.45229220413383,44.064865385024724
E01032583,Southwark 034D,917.0,0.2889858233369684,18,0.6358680555439807,0.0353260030857767,True,1.0353260030857767,265.0,34.47333059950059,0.238,34.47333059950059,34.44016767741406,34.378432319745656,34.32214272227849
E01032584,Southwark 034E,566.0,0.2950530035335689,7,0.311123070983796,0.0341795451201498,True,1.0341795451201499,167.0,21.700646045964337,0.251,21.700646045964337,21.707298812622536,21.71968345496667,21.730975631098072
E01032637,Southwark 035E,567.0,0.3791887125220458,0,0.0,,False,1.0,214.99999999999994,27.01461038961038,0.022,27.01461038961038,26.419220194310327,25.31085505799366,24.300260323853937
E01032638,Southwark 035D,598.0,0.4682274247491639,1,0.0003317901234567,0.0003317901234567,True,1.0003317901234567,280.0,35.19349116161615,0.029,35.19349116161615,34.44188161427995,33.042702009096224,31.766945947503196
E01032640,Southwark 035B,610.0,0.3967213114754098,2,0.0330250771601079,0.0082562692900269,True,1.008256269290027,241.99999999999997,30.65819241691174,0.026,30.65819241691174,29.99446594066096,28.758887504647355,27.63230112969015
E01032834,Southwark 035C,619.0,0.4701130856219709,1,0.0864197530860339,0.0864197530860339,True,1.086419753086034,291.0,39.72380952379541,0.031,39.72380952379541,38.88320087120074,37.318342512469265,35.89152244641773
E01033884,Southwark 035A,593.0,0.2225969645868465,0,0.0,,False,1.0,131.99999999999997,16.58571428571428,0.139,16.58571428571428,16.409531824690255,16.081554476438683,15.78250845793829
E01003976,Southwark 036D,1143.0,0.3385826771653543,6,0.5736277006149688,0.0956046167691614,True,1.0956046167691613,386.99999999999994,53.27519735353911,0.317,53.27519735353911,53.6346419164808,54.303775914904094,54.91388468960597
E01032646,Southwark 036B,805.0,0.284472049689441,3,0.1556558641975307,0.0518852880658435,True,1.0518852880658436,229.0,30.266633079304945,0.108,30.266633079304945,29.85356723167581,29.08461304309618,28.383489353518822
E01032803,Southwark 036C,786.0,0.2239185750636132,0,0.0,,False,1.0,175.99999999999997,22.114285714285707,0.161,22.114285714285707,21.926850494220695,21.577925260184536,21.259779197509516
E01033885,Southwark 036A,628.0,0.286624203821656,1,0.0648074845671296,0.0648074845671296,True,1.0648074845671296,179.99999999999997,24.082626420437084,0.316,24.082626420437084,24.242760441700568,24.540862371674713,24.812668323339633
E01004125,Sutton 001A,618.0,1.0080906148867317,2,0.0121851851851851,0.0060925925925925,True,1.0060925925925925,623.0000000000002,78.75647083333334,0.388,78.75647083333334,79.83348265830323,81.83842390124022,83.6665065393365
E01004183,Sutton 001B,680.0,1.001470588235294,0,0.0,,False,1.0,680.9999999999999,85.56720779220777,0.328,85.56720779220777,86.23637202787172,87.48207327578385,88.61788951557902
E01004184,Sutton 001C,605.0,1.0892561983471074,0,0.0,,False,1.0,659.0,82.80292207792206,0.336,82.80292207792206,83.51510885020863,84.84089989476979,86.04974110088682
E01004185,Sutton 001D,808.0,0.9529702970297028,0,0.0,,False,1.0,769.9999999999999,96.74999999999997,0.351,96.74999999999997,97.72376034960564,99.53649094401278,101.18931809735484
E01004189,Sutton 001E,768.0,1.0807291666666667,0,0.0,,False,1.0,830.0,104.28896103896102,0.341,104.28896103896102,105.23683222694788,107.00136813428547,108.61025191971552
E01004123,Sutton 002A,814.0,0.968058968058968,1,0.0,0.0,True,1.0,787.9999999999999,99.01168831168827,0.339,99.01168831168827,99.8922715421941,101.53154568547396,103.02621721810216
E01004124,Sutton 002B,669.0,1.1823617339312409,1,1.58179012345679e-05,1.58179012345679e-05,True,1.0000158179012346,791.0000000000001,99.39020848327021,0.344,99.39020848327021,100.32265133094101,102.05846618332583,103.64116243727989
E01004126,Sutton 002C,565.0,1.08141592920354,0,0.0,,False,1.0,611.0,76.77175324675324,0.336,76.77175324675324,77.43206602045142,78.66128958376987,79.78208165803012
E01004128,Sutton 002D,525.0,1.1238095238095238,0,0.0,,False,1.0,590.0,74.13311688311687,0.317,74.13311688311687,74.63328857878844,75.56439707541958,76.41337122010916
E01004129,Sutton 002E,728.0,0.8997252747252747,0,0.0,,False,1.0,655.0,82.30032467532466,0.413,82.30032467532466,83.62657392044319,86.0954899975963,88.34661961621238
E01004130,Sutton 003A,655.0,1.4091603053435116,3,0.2909718364166666,0.0484953060694444,True,1.0484953060694444,923.0000000000001,121.59856228029597,0.14,121.59856228029597,120.31874209324195,117.93625731723706,115.76393477667071
E01004131,Sutton 003B,678.0,1.297935103244838,1,0.0,0.0,True,1.0,880.0000000000002,110.57142857142858,0.149,110.57142857142858,109.50477594028438,107.51911914201466,105.70861984138817
E01004134,Sutton 003C,559.0,1.300536672629696,0,0.0,,False,1.0,727.0000000000001,91.34707792207791,0.161,91.34707792207791,90.57284266646846,89.13154354633046,87.81738338971262
E01004135,Sutton 003D,511.0,1.4403131115459882,0,0.0,,False,1.0,736.0,92.47792207792206,0.105,92.47792207792206,91.18875124342277,88.7888595102457,86.60066550396898
E01004136,Sutton 003E,555.0,1.5225225225225223,0,0.0,,False,1.0,844.9999999999999,106.17370129870126,0.085,106.17370129870126,104.48639557270684,101.34534478657956,98.48137037948604
E01004164,Sutton 004A,618.0,1.161812297734628,0,0.0,,False,1.0,718.0,90.21623376623376,0.124,90.21623376623376,89.1258566073188,87.09603475617408,85.24526626229527
E01004166,Sutton 004B,676.0,1.0857988165680474,2,0.0188395061728395,0.0094197530864197,True,1.0094197530864197,734.0000000000001,93.0953753968254,0.168,93.0953753968254,92.36991262039734,91.0194072620027,89.78803182542352
E01004169,Sutton 004C,701.0,1.0185449358059917,0,0.0,,False,1.0,714.0000000000002,89.71363636363637,0.272,89.71363636363637,89.9249818320033,90.31841785212173,90.67714834365806
E01004186,Sutton 004D,766.0,1.0156657963446476,4,0.248419367282793,0.0621048418206982,True,1.0621048418206982,778.0000000000001,103.82626571572295,0.191,103.82626571572295,103.25020520980586,102.17782379303485,101.20003860540292
E01034153,Sutton 004F,584.0,0.9794520547945206,1,0.2749020061716821,0.137451003085841,True,1.137451003085841,572.0,81.75022852178377,0.225,81.75022852178377,81.56788091728677,81.22842667515992,80.91891615526502
E01034154,Sutton 004G,636.0,0.9245283018867924,4,0.0261952160493825,0.0021829346707818,True,1.0021829346707818,587.9999999999999,74.04309736426764,0.133,74.04309736426764,73.21322002936923,71.66833885282037,70.25973375443175
E01004127,Sutton 005A,652.0,1.2653374233128831,0,0.0,,False,1.0,824.9999999999998,103.66071428571423,0.239,103.66071428571423,103.5711093013386,103.40430265671101,103.25221025398497
E01004163,Sutton 005B,635.0,1.3826771653543306,0,0.0,,False,1.0,877.9999999999999,110.32012987012985,0.122,110.32012987012985,108.96524135106415,106.4430110389386,104.14327010681909
E01004165,Sutton 005C,711.0,1.0337552742616034,2,0.0112905092592592,0.0056452546296296,True,1.0056452546296295,735.0,92.87362482244315,0.229,92.87362482244315,92.70271691659869,92.38455856287668,92.0944653919903
E01004167,Sutton 005D,581.0,1.0516351118760758,0,0.0,,False,1.0,611.0000000000001,76.77175324675325,0.365,76.77175324675325,77.64931930166206,79.28297673800208,80.77252702107933
E01004187,Sutton 005E,642.0,1.1822429906542056,0,0.0,,False,1.0,759.0,95.36785714285712,0.256,95.36785714285712,95.44362469332617,95.58467187896493,95.71327709975479
E01004117,Sutton 006A,515.0,1.5067961165048545,0,0.0,,False,1.0,776.0,97.5038961038961,0.061,97.5038961038961,95.72602085410519,92.41636785823168,89.3986638725445
E01004121,Sutton 006B,626.0,1.0702875399361025,3,0.2203402777735338,0.0373588605960004,True,1.0373588605960005,670.0000000000001,87.33012304023929,0.159,87.33012304023929,86.57289091622017,85.16324444742197,83.87794481854667
E01004192,Sutton 006C,728.0,1.1620879120879122,1,0.0172307098765432,0.0172307098765432,True,1.0172307098765432,846.0000000000001,108.13096392045453,0.189,108.13096392045453,107.50991647218851,106.353788364789,105.29964389646729
E01004193,Sutton 006D,1055.0,1.2208530805687203,0,0.0,,False,1.0,1288.0,161.83636363636361,0.196,161.83636363636361,161.01740607980136,159.49285291956787,158.10278267541705
E01004195,Sutton 006E,686.0,1.0422740524781342,2,0.0253483796288579,0.0126741898144289,True,1.012674189814429,715.0000000000001,90.97792587422127,0.192,90.97792587422127,90.48202971534921,89.55888046286584,88.71716346652921
E01004144,Sutton 007A,654.0,1.327217125382263,0,0.0,,False,1.0,868.0000000000001,109.06363636363636,0.101,109.06363636363636,107.50068522859408,104.59113018129537,101.93823095779467
E01004145,Sutton 007B,807.0,1.2639405204460967,0,0.0,,False,1.0,1020.0000000000001,128.16233766233765,0.17,128.16233766233765,127.18862166659339,125.37597364034752,123.72322177171651
E01004146,Sutton 007C,733.0,1.0381991814461118,4,0.0184729938271604,0.0046182484567901,True,1.00461824845679,760.9999999999999,96.06074886307265,0.135,96.06074886307265,95.00284448429329,93.03347323792117,91.23782291842102
E01004147,Sutton 007D,594.0,1.335016835016835,0,0.0,,False,1.0,793.0,99.63993506493505,0.12,99.63993506493505,98.39676856709264,96.08251748314417,93.97240964748302
E01004116,Sutton 008A,632.0,1.3259493670886076,0,0.0,,False,1.0,838.0,105.29415584415582,0.107,105.29415584415582,103.84687224212017,101.1526412999215,98.6960721481791
E01004122,Sutton 008B,533.0,1.3545966228893058,0,0.0,,False,1.0,722.0,90.71883116883116,0.064,90.71883116883116,89.09123144415277,86.06132802123362,83.29869651666492
E01004190,Sutton 008C,504.0,1.4821428571428572,0,0.0,,False,1.0,747.0,93.86006493506491,0.064,93.86006493506491,92.1761078791996,89.04129090285528,86.1830004126713
E01004191,Sutton 008D,714.0,1.2450980392156863,2,0.090800540123071,0.0454002700615355,True,1.0454002700615355,889.0,116.77358607557817,0.136,116.77358607557817,115.49896887376016,113.12616985927082,110.96267868597057
E01004194,Sutton 008E,691.0,1.096960926193922,0,0.0,,False,1.0,758.0000000000001,95.2422077922078,0.188,95.2422077922078,94.68589272319146,93.65026897229217,92.70599900663187
E01004196,Sutton 008F,608.0,1.3207236842105263,0,0.0,,False,1.0,803.0,100.89642857142854,0.111,100.89642857142854,99.54897481999667,97.04058490582693,94.75346349126009
E01004115,Sutton 009A,674.0,1.3531157270029674,1,0.0035231481481481,0.0035231481481481,True,1.0035231481481481,912.0000000000001,114.9959331168831,0.112,114.9959331168831,113.47140446498862,110.63337585717096,108.0456936282534
E01004118,Sutton 009B,691.0,1.1852387843704777,6,0.1703989197515432,0.0141999099792952,True,1.014199909979295,819.0000000000001,104.3680857362557,0.161,104.3680857362557,103.48348763661632,101.83673950231397,100.3352532696174
E01004119,Sutton 009C,501.0,1.502994011976048,2,0.2198233024668209,0.0549558256167052,True,1.0549558256167053,753.0000000000001,99.81354938272393,0.073,99.81354938272393,98.1104394791036,94.93996798765232,92.0491681158262
E01004132,Sutton 009D,512.0,1.560546875,0,0.0,,False,1.0,799.0,100.39383116883114,0.072,100.39383116883114,98.67102340055499,95.46388280266434,92.53964845635053
E01004133,Sutton 009E,540.0,1.4944444444444445,0,0.0,,False,1.0,807.0,101.39902597402595,0.073,101.39902597402595,99.66886322135554,96.44803074821215,93.51131230565827
E01004171,Sutton 010A,575.0,1.2678260869565217,0,0.0,,False,1.0,729.0,91.59837662337661,0.114,91.59837662337661,90.40191157592399,88.17459887261408,86.14376046431866
E01004172,Sutton 010B,844.0,0.8744075829383886,5,0.0260007716037807,0.0052001543207561,True,1.005200154320756,738.0,93.21142703731617,0.347,93.21142703731617,94.11318989573994,95.7918915629692,97.32251266381982
E01004173,Sutton 010C,529.0,1.3043478260869563,1,0.0,0.0,True,1.0,689.9999999999999,86.69805194805191,0.137,86.69805194805191,85.76017794605794,84.01425257766309,82.42233767012247
E01004175,Sutton 010D,694.0,1.1902017291066282,1,0.0253796296296296,0.0253796296296296,True,1.0253796296296296,826.0,106.42042310606058,0.122,106.42042310606058,105.11342854731363,102.68035656576942,100.46190918614255
E01004176,Sutton 010E,615.0,1.0991869918699186,0,0.0,,False,1.0,676.0,84.93896103896103,0.18,84.93896103896103,84.37652013327958,83.32949266118372,82.37482491214566
E01004076,Sutton 011A,619.0,1.1760904684975768,4,0.0976890432094905,0.0244222608023726,True,1.0244222608023725,728.0,93.7066980744861,0.261,93.7066980744861,93.82686601002383,94.05056796431289,94.2545368637431
E01004077,Sutton 011B,636.0,1.229559748427673,2,0.0001157407407407,5.787037037035e-05,True,1.0000578703703704,782.0,98.26347842261903,0.18,98.26347842261903,97.61280646803654,96.40153003901372,95.2971019578256
E01004078,Sutton 011C,698.0,1.1977077363896849,2,0.0420922067893518,0.0210461033946759,True,1.0210461033946758,836.0,107.25359997515787,0.252,107.25359997515787,107.29694666198391,107.37763988943725,107.45121505710813
E01004079,Sutton 011D,494.0,1.55668016194332,3,0.012341820987654,0.0029988425925925,True,1.0029988425925924,769.0,96.91411186755948,0.049,96.91411186755948,95.03350654266956,91.53261352539539,88.3405390617387
E01004080,Sutton 011E,511.0,1.4383561643835616,0,0.0,,False,1.0,735.0,92.3522727272727,0.074,92.3522727272727,90.78548579847566,87.86879012289413,85.20938015568217
E01004081,Sutton 011F,632.0,1.1803797468354431,0,0.0,,False,1.0,746.0,93.73441558441557,0.162,93.73441558441557,92.94909257701795,91.48715274492474,90.15417262173874
E01004082,Sutton 011G,498.0,1.3895582329317269,0,0.0,,False,1.0,692.0,86.94935064935063,0.105,86.94935064935063,85.73724981039206,83.48082986561144,81.42345180536213
E01004137,Sutton 012A,1160.0,0.75,1,0.0,0.0,True,1.0,870.0,109.31493506493504,0.14,109.31493506493504,108.16439958146351,106.02258833223321,104.06970917799846
E01004140,Sutton 012B,790.0,0.7240506329113924,3,0.1326820987635029,0.0380642361105323,True,1.0380642361105323,572.0,74.60715959817267,0.384,74.60715959817267,75.5983076179902,77.44340671227644,79.12574709592319
E01004141,Sutton 012C,753.0,0.8047808764940239,3,0.030803240739969,0.010267746913323,True,1.010267746913323,606.0,76.92532874727478,0.362,76.92532874727478,77.78213086432478,79.37713461607777,80.83144090886805
E01004149,Sutton 012E,789.0,1.0697084917617237,1,0.0020096450617283,0.0020096450617283,True,1.0020096450617284,844.0,106.26117089195526,0.132,106.26117089195526,105.05982327825076,102.82342129827482,100.78429539081972
E01034155,Sutton 012F,865.0,0.6774566473988439,0,0.0,,False,1.0,586.0,73.63051948051947,0.323,73.63051948051947,74.17040998111004,75.17545812097997,76.0918495920117
E01034156,Sutton 012G,682.0,0.5,4,0.2819471450590277,0.0364298321755883,True,1.0364298321755883,341.0,44.40731677360903,0.297,44.40731677360903,44.62026374635956,45.01668109139479,45.37812992110591
E01004101,Sutton 013A,536.0,1.332089552238806,0,0.0,,False,1.0,714.0000000000001,89.71363636363637,0.086,89.71363636363637,88.29666732453126,85.65886929799045,83.25375503735506
E01004103,Sutton 013B,747.0,1.0080321285140563,3,0.0397472993827159,0.0132490997942386,True,1.0132490997942385,753.0000000000001,95.86751085069443,0.157,95.86751085069443,95.01754199265486,93.43525888379173,91.99255112861168
E01004138,Sutton 013C,751.0,0.941411451398136,2,0.0,0.0,True,1.0,707.0000000000001,88.8340909090909,0.207,88.8340909090909,88.47990849433162,87.82057039384813,87.21939340755222
E01004139,Sutton 013D,635.0,0.9338582677165356,2,0.0816983024691357,0.0408491512345678,True,1.040849151234568,593.0000000000001,77.55373784609488,0.164,77.55373784609488,76.91911493062071,75.73771503560776,74.66052803856734
E01004168,Sutton 013E,584.0,1.3852739726027397,0,0.0,,False,1.0,809.0,101.65032467532465,0.108,101.65032467532465,100.26304524408526,97.68051673076293,95.325796584113
E01004143,Sutton 014A,628.0,0.9410828025477708,5,0.1186018518483794,0.0237203703696758,True,1.0237203703696758,591.0,76.02021167202633,0.158,76.02021167202633,75.3536286786365,74.11273261389266,72.98129768549687
E01004148,Sutton 014B,677.0,0.9423929098966026,1,0.0140713734564043,0.0140713734564043,True,1.0140713734564042,638.0,81.2923073164373,0.353,81.2923073164373,82.12635575527993,83.6790017660975,85.09468675212088
E01004159,Sutton 014C,614.0,1.254071661237785,0,0.0,,False,1.0,769.9999999999999,96.74999999999997,0.138,96.74999999999997,95.71282798032094,93.78205163222196,92.02159170231589
E01004160,Sutton 014D,678.0,1.140117994100295,3,0.014488811728395,0.004829603909465,True,1.004829603909465,773.0,97.59603273997413,0.147,97.59603273997413,96.63550313083071,94.84740258839919,93.217032836515
E01004161,Sutton 014E,605.0,1.2578512396694217,1,0.0,0.0,True,1.0,761.0000000000001,95.61915584415584,0.114,95.61915584415584,94.37017106896867,92.04508880940922,89.925105230928
E01004097,Sutton 015A,624.0,1.3189102564102564,0,0.0,,False,1.0,823.0,103.40941558441557,0.1,103.40941558441557,101.91740219014251,99.1399032622397,96.60741130751678
E01004098,Sutton 015B,514.0,1.2529182879377432,3,0.0689942129629629,0.0229980709876543,True,1.0229980709876543,644.0,82.77914390782827,0.073,82.77914390782827,81.36669058185691,78.73729890638226,76.3398494611064
E01004099,Sutton 015C,773.0,0.8318240620957309,6,0.2324490740721449,0.0196024948557741,True,1.019602494855774,643.0,82.37626766961222,0.214,82.37626766961222,82.10410138147203,81.59744267691731,81.13547702854747
E01004100,Sutton 015D,572.0,1.318181818181818,1,0.0247608024687499,0.0247608024687499,True,1.0247608024687498,753.9999999999999,97.08543916843382,0.105,97.08543916843382,95.73203812072168,93.21257685216217,90.91536070249452
E01004102,Sutton 015E,600.0,1.17,5,0.0862075617264659,0.0172415123452931,True,1.0172415123452931,702.0,89.72664630678413,0.121,89.72664630678413,88.61591948503113,86.54821515445775,84.66290584639022
E01004110,Sutton 016A,861.0,1.0534262485481998,0,0.0,,False,1.0,907.0,113.96396103896103,0.176,113.96396103896103,113.16484205466712,111.67721993903284,110.32082300160677
E01004111,Sutton 016B,683.0,1.1244509516837482,0,0.0,,False,1.0,768.0,96.49870129870128,0.108,96.49870129870128,95.18172898326019,92.73008263192327,90.49469935302693
E01004112,Sutton 016C,674.0,1.3753709198813056,0,0.0,,False,1.0,927.0,116.47694805194803,0.043,116.47694805194803,114.14853264094442,109.8140063340101,105.8618345115229
E01004120,Sutton 016D,546.0,1.551282051282051,0,0.0,,False,1.0,846.9999999999999,106.42499999999995,0.042,106.42499999999995,104.28714149104567,100.30735167185205,96.6786245471197
E01004157,Sutton 016E,449.0,1.5389755011135855,0,0.0,,False,1.0,690.9999999999999,86.82370129870127,0.04,86.82370129870127,85.06264765834007,81.78430939619213,78.79515782880746
E01004087,Sutton 017A,538.0,1.6654275092936803,2,6.520061689814814e-05,3.260030844907407e-05,True,1.000032600308449,896.0,112.58548838381664,0.057,112.58548838381664,110.48867206720287,106.58528547981805,103.02622195348602
E01004170,Sutton 017B,914.0,1.050328227571116,1,0.0036381172839506,0.0036381172839506,True,1.0036381172839506,960.0000000000001,121.06221861471859,0.198,121.06221861471859,120.47322158175082,119.37675781414298,118.3770146127267
E01004174,Sutton 017C,681.0,1.0440528634361232,2,0.0952183641971449,0.0476091820985724,True,1.0476091820985725,710.9999999999999,93.58993497360285,0.185,93.58993497360285,93.0158730218999,91.94721206917329,90.97281915837199
E01004178,Sutton 017D,1060.0,0.8783018867924528,0,0.0,,False,1.0,931.0,116.97954545454544,0.245,116.97954545454544,116.9469177294837,116.88617868268507,116.83079751014542
E01004179,Sutton 017E,606.0,1.3828382838283828,4,0.0342137345675154,0.0085534336418788,True,1.0085534336418789,838.0,106.19478241904646,0.089,106.19478241904646,104.54859220041297,101.4840811277048,98.68989476139267
E01004152,Sutton 018A,837.0,0.8028673835125448,1,0.0650181327152777,0.0650181327152777,True,1.0650181327152777,672.0,89.92625833326817,0.231,89.92625833326817,89.77832448433932,89.50293412365119,89.2518363227323
E01004155,Sutton 018B,837.0,0.923536439665472,4,0.0745748456774688,0.0186437114193672,True,1.0186437114193672,773.0000000000001,98.93775484247243,0.148,98.93775484247243,97.97367463050914,96.17896436489184,94.54256794252986
E01004156,Sutton 018C,944.0,0.7658898305084746,1,0.0509664351851851,0.0254832175925925,True,1.0254832175925925,723.0,93.15949018364445,0.145,93.15949018364445,92.22444328659786,90.48378079385185,88.8966645165125
E01004158,Sutton 018D,720.0,1.0041666666666669,2,0.1029934413576388,0.0514967206788194,True,1.0514967206788195,723.0000000000001,95.52267335800465,0.117,95.52267335800465,94.30291254297015,92.03223295721023,89.96185311838433
E01004162,Sutton 018E,742.0,0.8881401617250674,3,0.0128838734564041,0.0021966949587834,True,1.0021966949587835,659.0,82.98481483942318,0.201,82.98481483942318,82.60536691832921,81.89899511357275,81.25493333028359
E01004083,Sutton 019A,610.0,1.0081967213114753,0,0.0,,False,1.0,614.9999999999999,77.27435064935062,0.478,77.27435064935062,79.00974245289662,82.24030921076994,85.18590326350535
E01004086,Sutton 019B,726.0,1.2231404958677683,0,0.0,,False,1.0,887.9999999999998,111.57662337662332,0.202,111.57662337662332,111.07732726005128,110.14784872198452,109.30036075498863
E01004088,Sutton 019C,749.0,0.8571428571428571,0,0.0,,False,1.0,642.0,80.6668831168831,0.51,80.6668831168831,82.73035355867947,86.57166420766391,90.07412759888831
E01004089,Sutton 019D,556.0,0.908273381294964,0,0.0,,False,1.0,505.0,63.45292207792206,0.412,63.45292207792206,64.46925829913509,66.36124718854003,68.0863411544488
E01004182,Sutton 019E,671.0,0.9731743666169896,4,0.0401574074074072,0.0100393518518518,True,1.0100393518518518,653.0,82.87274501488092,0.342,82.87274501488092,83.63405334662104,85.0512879929909,86.3435064359324
E01004104,Sutton 020A,555.0,1.430630630630631,1,0.0,0.0,True,1.0,794.0000000000001,99.7655844155844,0.065,99.7655844155844,97.98541083896933,94.67147932903252,91.64987424284995
E01004107,Sutton 020B,622.0,1.2331189710610932,2,0.018503086419753,0.0092515432098765,True,1.0092515432098765,767.0,97.264651402417,0.2,97.264651402417,96.81041773612348,95.96482645256644,95.19382593080967
E01004177,Sutton 020C,908.0,0.763215859030837,3,0.1236635802465277,0.0412211934155092,True,1.0412211934155091,693.0,90.66433541665543,0.303,90.66433541665543,91.15218215863362,92.0603467957785,92.88840099015758
E01004180,Sutton 020D,625.0,1.6432,2,0.1300358796292438,0.0650179398146219,True,1.0650179398146218,1027.0,137.43192050694205,0.056,137.43192050694205,134.85894810762295,130.06915995420337,125.70188555438175
E01004181,Sutton 020E,781.0,1.028169014084507,4,0.0639606481477622,0.0159901620369405,True,1.0159901620369405,803.0,102.50977881323428,0.216,102.50977881323428,102.19109869017117,101.59785086575538,101.0569342420272
E01004090,Sutton 021A,571.0,0.7180385288966725,0,0.0,,False,1.0,410.0,51.51623376623376,0.482,51.51623376623376,52.69326973285376,54.884413691707366,56.88227384988441
E01004096,Sutton 021B,756.0,0.8306878306878307,2,0.0464155092592592,0.0232077546296296,True,1.0232077546296297,628.0,80.73906488771644,0.238,80.73906488771644,80.6613948955327,80.51680616673931,80.38497180715264
E01004150,Sutton 021C,1056.0,0.5965909090909091,2,0.0832885802465277,0.0416442901232638,True,1.0416442901232639,630.0,82.4556150568029,0.292,82.4556150568029,82.81078486255753,83.47196106814218,84.07481401777831
E01004151,Sutton 021D,846.0,0.9160756501182034,1,0.0,0.0,True,1.0,775.0,97.37824675324673,0.174,97.37824675324673,96.67642273004405,95.36992274853974,94.17867091446486
E01004153,Sutton 021E,890.0,0.8404494382022472,1,0.0619363425922067,0.0619363425922067,True,1.0619363425922066,748.0,99.80684568448751,0.159,99.80684568448751,98.94142895176991,97.33038842322055,95.86145997961378
E01004091,Sutton 022A,481.0,1.6444906444906444,0,0.0,,False,1.0,791.0,99.38863636363634,0.045,99.38863636363634,97.42121930813195,93.75871950526421,90.41929381124955
E01004092,Sutton 022B,584.0,1.4160958904109588,3,0.2094371141967592,0.0698123713989197,True,1.0698123713989196,827.0,111.16635703047167,0.063,111.16635703047167,109.16105750997696,105.42803655341119,102.02431047296479
E01004105,Sutton 022C,683.0,1.4202049780380674,0,0.0,,False,1.0,970.0000000000001,121.87987012987013,0.12,121.87987012987013,120.35922510728861,117.52842617736427,114.94733588658077
E01004106,Sutton 022D,552.0,1.7934782608695652,0,0.0,,False,1.0,990.0,124.39285714285712,0.027,124.39285714285712,121.71198511157601,116.7213334047555,112.17091389986297
E01004154,Sutton 022E,565.0,1.3805309734513274,1,0.0133329475308641,0.0133329475308641,True,1.0133329475308641,780.0,99.31320894209955,0.063,99.31320894209955,97.52172511920344,94.18673870651537,91.14593599930434
E01004084,Sutton 024A,512.0,1.767578125,0,0.0,,False,1.0,905.0,113.71266233766231,0.062,113.71266233766231,111.65033447513666,107.81115082629285,104.31062680962224
E01004085,Sutton 024B,580.0,1.660344827586207,0,0.0,,False,1.0,963.0,121.00032467532466,0.07,121.00032467532466,118.90028453890137,114.99089656030989,111.42636103368456
E01004108,Sutton 024C,696.0,1.5790229885057472,0,0.0,,False,1.0,1099.0,138.08863636363634,0.111,138.08863636363634,136.24448733147742,132.81146053736464,129.68126572465113
E01004109,Sutton 024D,635.0,1.325984251968504,0,0.0,,False,1.0,842.0,105.79675324675323,0.237,105.79675324675323,105.68465427350452,105.47597331982647,105.28570039803186
E01004093,Sutton 025A,614.0,1.3403908794788273,0,0.0,,False,1.0,823.0,103.40941558441557,0.075,103.40941558441557,101.66513139264217,98.41801076275735,95.4573230776654
E01004094,Sutton 025B,777.0,1.1634491634491635,0,0.0,,False,1.0,904.0,113.58701298701297,0.109,113.58701298701297,112.0479107997902,109.18275242296015,106.57033357900121
E01004095,Sutton 025C,628.0,1.3312101910828025,0,0.0,,False,1.0,836.0,105.04285714285713,0.07,105.04285714285713,103.21976934010546,99.82594966190972,96.73150345187985
E01004114,Sutton 025D,590.0,1.9847457627118643,0,0.0,,False,1.0,1171.0,147.13538961038958,0.033,147.13538961038958,144.05052438186814,138.307807930507,133.07166433915447
E01032623,Sutton 025E,604.0,1.812913907284768,0,0.0,,False,1.0,1094.9999999999998,137.5860389610389,0.05,137.5860389610389,134.92962618673175,129.98450728831847,125.47560408062732
E01004222,Tower Hamlets 001A,1120.0,0.4508928571428571,12,0.0737939814807095,0.0061494984567257,True,1.0061494984567256,504.99999999999994,63.84312572431497,0.47,63.84312572431497,65.22704606513523,67.80332137049466,70.15233991319502
E01004223,Tower Hamlets 001B,941.0,0.5005313496280552,9,0.24330015431983,0.012319844535851,True,1.012319844535851,471.0,59.909942955344576,0.451,59.909942955344576,61.097528344504596,63.30831087356634,65.32407725685648
E01004226,Tower Hamlets 001D,911.0,0.4237102085620197,25,0.4343398919729931,0.0173735956789197,True,1.0173735956789196,385.99999999999994,49.34328002263257,0.439,49.34328002263257,50.26362429691515,51.97691671435136,53.539077268098616
E01035657,Tower Hamlets 001E,511.0,0.2778864970645792,1,0.0897970679012345,0.0897970679012345,True,1.0897970679012345,141.99999999999997,19.4443857368326,0.126,19.4443857368326,19.213170589710494,18.782745617849276,18.39028902051283
E01035658,Tower Hamlets 001F,591.0,0.2639593908629442,6,0.10578742283912,0.0176312371398533,True,1.0176312371398533,156.0,19.946893846950395,0.208,19.946893846950395,19.869311825498514,19.7248868610617,19.593201819954043
E01035659,Tower Hamlets 001G,591.0,0.5143824027072758,9,0.2850868055555551,0.031676311728395,True,1.031676311728395,303.99999999999994,39.407355429292906,0.492,39.407355429292906,40.34618361073366,42.093885258349985,43.6874197570964
E01004198,Tower Hamlets 002B,577.0,0.3760831889081455,9,0.4326855709853391,0.0357743627112768,True,1.0357743627112768,216.99999999999997,28.24132961237996,0.49,28.24132961237996,28.908630325369394,30.15086248094596,31.283515641777665
E01004199,Tower Hamlets 002C,559.0,0.4275491949910555,18,0.5476477623437493,0.0304248756857638,True,1.030424875685764,239.0,30.943859748962122,0.541,30.943859748962122,31.829013986244476,33.47679741400533,34.97922761551075
E01004201,Tower Hamlets 002D,678.0,0.4203539823008849,20,0.4920385802457555,0.0246019290122877,True,1.0246019290122876,284.99999999999994,36.6910616105228,0.357,36.6910616105228,37.08182855838202,37.80927161144364,38.472545919451626
E01035660,Tower Hamlets 002E,583.0,0.320754716981132,18,0.8881292438233019,0.049340513545739,True,1.049340513545739,186.99999999999997,24.655754423633624,0.411,24.655754423633624,25.04826388428132,25.778950760367877,26.445182749342234
E01035661,Tower Hamlets 002F,498.0,0.4618473895582329,13,0.3980528549378853,0.0306194503798373,True,1.0306194503798374,229.99999999999997,29.784232882567952,0.499,29.784232882567952,30.51414758523545,31.87294055043347,33.111872532702996
E01004228,Tower Hamlets 003A,816.0,0.4975490196078431,41,0.130217206790123,0.0031760294339054,True,1.0031760294339054,405.99999999999994,51.17565717425781,0.231,51.17565717425781,51.09147028516037,50.934749846115274,50.79185393100435
E01004230,Tower Hamlets 003B,833.0,0.4729891956782713,35,0.3619899691338723,0.010342570546682,True,1.010342570546682,394.0,50.01786184149901,0.366,50.01786184149901,50.59448910678447,51.6679255901816,52.646672775571865
E01004232,Tower Hamlets 003C,633.0,0.6461295418641391,63,0.3832449845667425,0.0060832537232816,True,1.0060832537232816,409.00000000000006,51.70320637957213,0.202,51.70320637957213,51.471838828033086,51.04113014350126,50.6484148601763
E01004233,Tower Hamlets 003D,931.0,0.4070891514500537,6,0.0874332561720677,0.0145722093620112,True,1.014572209362011,379.0,48.315048592128,0.442,48.315048592128,49.23035837612068,50.93427869848296,52.48789388246058
E01004234,Tower Hamlets 003E,937.0,0.5880469583778015,46,0.3896153549359554,0.0084698990203468,True,1.008469899020347,551.0,69.81918696668886,0.178,69.81918696668886,69.34323867043909,68.45722391504542,67.64936573110207
E01004229,Tower Hamlets 004C,539.0,0.5398886827458256,32,0.2658977623437491,0.0083093050732421,True,1.0083093050732421,291.0,36.8677821459199,0.369,36.8677821459199,37.30360250384095,38.11491598234609,38.854662391041884
E01004231,Tower Hamlets 004D,589.0,0.465195246179966,42,0.6736222993796279,0.0160386261757054,True,1.0160386261757055,273.99999999999994,34.98009865013617,0.465,34.98009865013617,35.72129133207193,37.10107913246832,38.35915396685435
E01032764,Tower Hamlets 004E,1057.0,0.3538315988647114,27,0.3349976851824837,0.0124073216734253,True,1.0124073216734253,373.99999999999994,47.575912637781876,0.341,47.575912637781876,48.00832500801046,48.813294252476894,49.547256060681775
E01032765,Tower Hamlets 004F,740.0,0.4459459459459459,16,0.3255733024679777,0.0203483314042486,True,1.0203483314042485,329.99999999999994,42.30801474144043,0.358,42.30801474144043,42.76273180727005,43.60922297664471,44.38104400406236
E01032784,Tower Hamlets 004G,745.0,0.3812080536912752,11,0.2887083333325614,0.0262462121211419,True,1.026246212121142,284.0,36.62099632526313,0.238,36.62099632526313,36.58576737503563,36.52018594536239,36.46038954315385
E01035662,Tower Hamlets 004H,643.0,0.390357698289269,9,0.2544139660474534,0.028268218449717,True,1.028268218449717,250.99999999999994,32.429509719334455,0.095,32.429509719334455,31.94578716617865,31.045300027155818,30.224246088305648
E01035663,Tower Hamlets 004I,560.0,0.3535714285714286,29,0.2742060185162028,0.0094553799488345,True,1.0094553799488346,198.0,25.11380777401279,0.334,25.11380777401279,25.324910003427217,25.717893215325333,26.07621084147276
E01004200,Tower Hamlets 005A,572.0,0.3461538461538461,20,1.0003688271574067,0.0500184413578703,True,1.0500184413578704,197.99999999999997,26.122958794639008,0.255,26.122958794639008,26.141163765516268,26.1750537341239,26.205954222322987
E01004202,Tower Hamlets 005B,824.0,0.3616504854368932,16,0.6953437499953696,0.0434589843747106,True,1.0434589843747106,298.0,39.070763257142154,0.324,39.070763257142154,39.36105940352715,39.901468248684644,40.39420689166797
E01004203,Tower Hamlets 005C,678.0,0.3687315634218289,22,0.3182241512310947,0.0144647341468679,True,1.014464734146868,250.0,31.86670877555502,0.383,31.86670877555502,32.28694494692583,33.06924725059724,33.782541599806926
E01004204,Tower Hamlets 005D,710.0,0.3957746478873239,16,0.1477060185181322,0.0092316261573832,True,1.0092316261573833,281.0,35.63341287329121,0.472,35.63341287329121,36.41278871797606,37.863657444325675,39.18654305912367
E01004311,Tower Hamlets 006A,757.0,0.3619550858652576,11,0.5305308641936723,0.0482300785630611,True,1.0482300785630612,274.0,36.088383464503195,0.471,36.088383464503195,36.87418889572103,38.337026797260876,39.67082576996135
E01004315,Tower Hamlets 006C,659.0,0.3763277693474962,11,0.2700964506149688,0.0245542227831789,True,1.024554222783179,247.99999999999997,31.92617405384362,0.343,31.92617405384362,32.222578426873056,32.77435821080459,33.277464746525375
E01035664,Tower Hamlets 006E,1107.0,0.4254742547425474,14,0.3015127314814811,0.0215366236772486,True,1.0215366236772485,471.0,60.45539972533046,0.373,60.45539972533046,61.19365062628669,62.56796207268506,63.82104362973739
E01004259,Tower Hamlets 007A,783.0,0.3231162196679438,23,0.3555077160493821,0.0154568572195383,True,1.0154568572195384,253.0,32.28064816468253,0.35,32.28064816468253,32.602393422962656,33.20134723487953,33.74746651315966
E01004260,Tower Hamlets 007B,602.0,0.4651162790697674,5,0.2611898148136572,0.0522379629627314,True,1.0522379629627314,279.99999999999994,37.019644696961535,0.521,37.019644696961535,38.006349220748994,39.84317640172196,41.517974548824334
E01004263,Tower Hamlets 007C,484.0,0.5227272727272727,40,1.619430555550153,0.0404857638887538,True,1.040485763888754,253.0,33.07629922990641,0.55,33.07629922990641,34.05150092578363,35.866914698330675,37.522188343004956
E01004266,Tower Hamlets 007D,552.0,0.519927536231884,39,0.9547955246898135,0.024481936530508,True,1.024481936530508,287.0,36.94421565211265,0.404,36.94421565211265,37.50711688797655,38.55500130049476,39.51045039807036
E01004235,Tower Hamlets 008A,485.0,0.4268041237113402,0,0.0,,False,1.0,207.0,26.00941558441558,0.812,26.00941558441558,27.441226515323425,30.106653877316834,32.53696025199595
E01004236,Tower Hamlets 008B,493.0,0.5537525354969574,17,0.5656859567870364,0.0332756445168844,True,1.0332756445168845,273.0,35.44370296066667,0.705,35.44370296066667,37.024793723558595,39.968117098339015,42.65180589904272
E01004237,Tower Hamlets 008C,622.0,0.3906752411575562,1,0.0067060185185185,0.0067060185185185,True,1.0067060185185186,242.99999999999994,30.73754567775973,0.544,30.73754567775973,31.625796501805592,33.27934446656646,34.787030707391494
E01004239,Tower Hamlets 008E,539.0,0.5695732838589982,11,0.4094726080208328,0.0372247825473484,True,1.0372247825473484,307.0,40.01027246417789,0.432,40.01027246417789,40.72920892800395,42.067565048111064,43.2878629473022
E01035665,Tower Hamlets 008F,673.0,0.2852897473997028,1,0.0,0.0,True,1.0,192.0,24.12467532467532,0.206,24.12467532467532,24.026135882547322,23.842697050217,23.675439607777207
E01035666,Tower Hamlets 008G,734.0,0.3092643051771117,6,0.1687264660486107,0.0281210776747684,True,1.0281210776747685,226.99999999999997,29.324483296315165,0.477,29.324483296315165,29.98017752331826,31.200803302901473,32.31375601567028
E01035667,Tower Hamlets 008H,682.0,0.3900293255131964,8,0.3438398919718361,0.0429799864964795,True,1.0429799864964795,265.99999999999994,34.85923563958459,0.51,34.85923563958459,35.750939887803426,37.410916670143855,38.92446463377103
E01004312,Tower Hamlets 009A,486.0,0.3991769547325103,5,0.0425096450617283,0.0085019290123456,True,1.0085019290123456,194.0,24.583216826749634,0.535,24.583216826749634,25.272030635834238,26.554311092297073,27.723479838706833
E01004313,Tower Hamlets 009B,804.0,0.3171641791044776,19,0.8080185185146597,0.0425272904481399,True,1.04252729044814,254.99999999999997,33.40318365515411,0.505,33.40318365515411,34.24134424350135,35.801645340314955,37.22431014674547
E01004316,Tower Hamlets 009C,439.0,0.2984054669703872,19,0.730550540118055,0.038450028427266,True,1.038450028427266,131.0,17.09295489973282,0.402,17.09295489973282,17.350056120459122,17.828670030810596,18.26506475456979
E01035668,Tower Hamlets 009E,824.0,0.337378640776699,9,0.1533603395054009,0.0170400377228223,True,1.0170400377228224,277.99999999999994,35.5257368501453,0.372,35.5257368501453,35.95609261076276,36.75723331654991,37.487704306700365
E01035669,Tower Hamlets 009F,640.0,0.2296875,4,0.1116859567901233,0.0279214891975308,True,1.0279214891975308,147.0,18.986177142518933,0.338,18.986177142518933,19.153182380178908,19.464075613668093,19.74754453049812
E01004264,Tower Hamlets 010C,441.0,0.4580498866213152,5,0.02642592592554,0.005285185185108,True,1.005285185185108,202.0,25.515313008656044,0.619,25.515313008656044,26.43938865370009,28.15962730789893,29.728121361378676
E01032785,Tower Hamlets 010E,1024.0,0.349609375,0,0.0,,False,1.0,358.0,44.982467532467524,0.313,44.982467532467524,45.26840374213208,45.80069622612737,46.28603446324972
E01032786,Tower Hamlets 010F,622.0,0.4469453376205787,1,0.0083657407407407,0.0083657407407407,True,1.0083657407407407,277.99999999999994,35.222739150432886,0.496,35.222739150432886,36.075622709215764,37.66333176011174,39.11098682756871
E01035670,Tower Hamlets 010G,836.0,0.4401913875598086,36,0.3239544753067117,0.0088285858195622,True,1.0088285858195623,367.99999999999994,46.647185674700886,0.284,46.647185674700886,46.81169887085866,47.11795297535127,47.39719198708838
E01004207,Tower Hamlets 011A,511.0,0.4305283757338551,28,0.2357982253070979,0.0084213651895392,True,1.0084213651895393,219.99999999999997,27.8756477377394,0.536,27.8756477377394,28.659434543116188,30.118514615717714,31.44888724270193
E01004209,Tower Hamlets 011B,453.0,0.4679911699779249,20,0.6227507716033942,0.0311375385801697,True,1.0311375385801698,211.99999999999997,27.467093576386826,0.599,27.467093576386826,28.408250376653324,30.16028692924891,31.757773945086957
E01004212,Tower Hamlets 011D,784.0,0.2806122448979591,15,0.3048506944432863,0.0203233796295524,True,1.0203233796295523,219.99999999999994,28.204653422616897,0.421,28.204653422616897,28.68118238012113,29.56827808158264,30.377121859865166
E01032787,Tower Hamlets 011F,776.0,0.4368556701030928,16,0.3997156635787033,0.0249822289736689,True,1.024982228973669,339.0,43.65925115770861,0.552,43.65925115770861,44.954994896332025,47.36712260153725,49.56647322804097
E01004240,Tower Hamlets 012A,542.0,0.566420664206642,32,1.372858796292051,0.0429018373841266,True,1.0429018373841266,307.0,40.22926116810736,0.542,40.22926116810736,41.38395147831262,43.53349726051886,45.49342867401401
E01004241,Tower Hamlets 012B,544.0,0.53125,28,0.6232388117249218,0.0222585289901757,True,1.0222585289901758,289.0,37.12092878501565,0.643,37.12092878501565,38.55225481688723,41.21677950162682,43.64626282544531
E01004267,Tower Hamlets 012D,902.0,0.4345898004434589,11,0.000238811728395,2.1710157126818183e-05,True,1.0000217101571267,391.99999999999994,49.25561477846646,0.408,49.25561477846646,50.02532459886184,51.45819926952526,52.76467810886051
E01004268,Tower Hamlets 012E,730.0,0.3520547945205479,0,0.0,,False,1.0,256.99999999999994,32.2918831168831,0.515,32.2918831168831,33.133669549407806,34.700720437043856,36.12953962603135
E01035671,Tower Hamlets 012F,892.0,0.2589686098654709,0,0.0,,False,1.0,231.00000000000003,29.025,0.308,29.025,29.195339243079953,29.51243898685595,29.801566929225224
E01035672,Tower Hamlets 012G,1012.0,0.3992094861660079,29,0.4537160493815577,0.0156453810131571,True,1.0156453810131572,403.99999999999994,51.55653377618346,0.632,51.55653377618346,53.489134051095434,57.086819710109225,60.36714860440477
E01035673,Tower Hamlets 012H,457.0,0.299781181619256,4,0.06733024691358,0.016832561728395,True,1.016832561728395,137.0,17.503716100739535,0.404,17.503716100739535,17.77041179995527,18.26688657792393,18.7195666377783
E01004205,Tower Hamlets 013A,765.0,0.3712418300653595,12,0.4076300154293977,0.0339691679524498,True,1.0339691679524499,284.0,36.896585490687606,0.605,36.896585490687606,38.18244526117703,40.57617319128575,42.75874711197963
E01004206,Tower Hamlets 013B,548.0,0.3923357664233576,6,0.0214722222206787,0.0035787037034464,True,1.0035787037034465,214.99999999999997,27.11128767585884,0.61,27.11128767585884,28.069353948857557,29.852868799547146,31.47905736981984
E01004208,Tower Hamlets 013C,722.0,0.2908587257617728,6,0.3131820987631169,0.0352493998625685,True,1.0352493998625685,209.99999999999997,27.31646711910095,0.326,27.31646711910095,27.524759888530145,27.91251307224829,28.266062018143256
E01004211,Tower Hamlets 013D,743.0,0.3041722745625841,31,0.6744714506138108,0.0217571435681874,True,1.0217571435681874,226.0,29.014585484013242,0.34,29.014585484013242,29.27546465850982,29.761111523516313,30.203918815396708
E01004270,Tower Hamlets 014B,841.0,0.460166468489893,12,0.2656226851824843,0.022135223765207,True,1.022135223765207,387.0,49.702652703925736,0.304,49.702652703925736,49.97494283740546,50.48183208968788,50.94400794885555
E01004271,Tower Hamlets 014C,904.0,0.4081858407079646,16,0.4291558641956013,0.026822241512225,True,1.026822241512225,369.0,47.60821316710073,0.469,47.60821316710073,48.63556543834771,50.548061561318036,52.29185378971618
E01004272,Tower Hamlets 014D,872.0,0.4426605504587156,7,0.1525968364182097,0.0217995480597442,True,1.0217995480597442,386.0,49.55794158709762,0.575,49.55794158709762,51.13997639428893,54.085057180926,56.7703483697867
E01035674,Tower Hamlets 014F,567.0,0.345679012345679,6,0.1962847222206788,0.0327141203701131,True,1.0327141203701131,196.0,25.43293229166033,0.346,25.43293229166033,25.67649838827578,26.129915612825886,26.543336284845008
E01035675,Tower Hamlets 014G,654.0,0.2996941896024465,12,0.2926759259247681,0.0243896604937306,True,1.0243896604937306,196.0,25.22792354797742,0.412,25.22792354797742,25.632003480755234,26.38422969024194,27.07010099860468
E01035676,Tower Hamlets 014H,477.0,0.5618448637316562,13,0.6452353395027,0.0496334876540538,True,1.0496334876540538,268.0,35.34538532647007,0.524,35.34538532647007,36.29781206654302,38.070828488253795,39.6874447103038
E01035677,Tower Hamlets 014I,595.0,0.3327731092436974,5,0.0885455246905862,0.0177091049381172,True,1.0177091049381173,197.99999999999994,25.319148660710432,0.499,25.319148660710432,25.939638667599045,27.09472905453702,28.147927341136175
E01004306,Tower Hamlets 015A,689.0,0.3991291727140784,19,0.7566948302434409,0.0398260436970232,True,1.0398260436970233,275.0,35.92970347417392,0.387,35.92970347417392,36.41754389468172,37.32569676391803,38.15374022845181
E01004307,Tower Hamlets 015B,1029.0,0.2089407191448007,19,0.4614953703688268,0.0242892300194119,True,1.024289230019412,214.99999999999991,27.670774475248415,0.125,27.670774475248415,27.339038360033136,26.721485791206494,26.15840837776072
E01004308,Tower Hamlets 015C,508.0,0.3759842519685039,6,0.3009668209857249,0.0501611368309541,True,1.050161136830954,190.99999999999997,25.2028443997187,0.423,25.2028443997187,25.633575242994052,26.435414194309132,27.16652183679603
E01004309,Tower Hamlets 015D,942.0,0.2707006369426751,10,0.1422449845671293,0.0142244984567129,True,1.0142244984567128,254.99999999999994,32.496345659156056,0.571,32.496345659156056,33.52104014599253,35.42858859665702,37.16786959367961
E01004310,Tower Hamlets 015E,844.0,0.2582938388625592,8,0.4564209104926693,0.0467806471835213,True,1.0467806471835213,217.99999999999994,28.672953272819775,0.391,28.672953272819775,29.07345596719674,29.819022869292937,30.498822296863555
E01004283,Tower Hamlets 016A,734.0,0.4822888283378747,15,0.3264070215999222,0.0217604681066614,True,1.0217604681066614,354.0,45.4477729252196,0.535,45.4477729252196,46.72120486879538,49.09179743292057,51.2532767898563
E01004287,Tower Hamlets 016B,879.0,0.3856655290102389,9,0.0451701388873455,0.0050189043208161,True,1.0050189043208162,339.0,42.80891075148078,0.649,42.80891075148078,44.48462074831007,47.60408518310292,50.44837740038999
E01004289,Tower Hamlets 016C,658.0,0.5258358662613982,44,1.2020852623402762,0.0273201195986426,True,1.0273201195986426,346.00000000000006,44.66240865405761,0.454,44.66240865405761,45.56081922205818,47.23328034004559,48.75821137902464
E01004290,Tower Hamlets 016D,775.0,0.3754838709677419,20,0.7050821759228387,0.0352541087961419,True,1.035254108796142,290.99999999999994,37.85299089944645,0.404,37.85299089944645,38.42973870643974,39.50339958759734,40.482351376315194
E01004322,Tower Hamlets 017A,527.0,0.3149905123339658,9,0.1842040895050151,0.0204671210561127,True,1.0204671210561127,165.99999999999997,21.284691165872328,0.666,21.284691165872328,22.153166936272655,23.769902101288874,25.244022849703608
E01004323,Tower Hamlets 017B,474.0,0.4746835443037974,16,0.769938271602623,0.0481211419751639,True,1.048121141975164,224.99999999999997,29.631541700482916,0.44,29.631541700482916,30.18711674832643,31.221362892280617,32.164376771585644
E01004324,Tower Hamlets 017C,514.0,0.4182879377431907,19,0.2353695987635022,0.0123878736191316,True,1.0123878736191316,215.0,27.34926396898696,0.537,27.34926396898696,28.12091908414224,29.557415072235386,30.86719578764488
E01004326,Tower Hamlets 017D,766.0,0.2767624020887728,20,1.2010324074039342,0.0600516203701967,True,1.0600516203701966,211.99999999999994,28.237297123913105,0.442,28.237297123913105,28.772241723663274,29.768082684606792,30.676079154537835
E01004245,Tower Hamlets 018A,1068.0,0.3838951310861423,15,0.4838692129587189,0.0322579475305812,True,1.032257947530581,410.0,53.17804173203808,0.44,53.17804173203808,54.17510065587464,56.03120335752715,57.72357670530865
E01004248,Tower Hamlets 018C,615.0,0.4455284552845528,12,0.2042264660474535,0.0170188721706211,True,1.017018872170621,274.0,35.01384648286633,0.644,35.01384648286633,36.36734335454553,38.88698300686945,41.18436180482607
E01004249,Tower Hamlets 018D,778.0,0.525706940874036,5,0.3889506172816356,0.0777901234563271,True,1.0777901234563272,409.0,55.38826432176552,0.584,55.38826432176552,57.205063887886205,60.58717752472328,63.670950299287725
E01035678,Tower Hamlets 018E,755.0,0.4357615894039735,2,0.1071909722214506,0.0535954861107253,True,1.0535954861107253,329.0,43.55420067469995,0.416,43.55420067469995,44.26881601164958,45.5991280181363,46.81209138595397
E01035679,Tower Hamlets 018F,638.0,0.3448275862068966,5,0.1115613425925924,0.0223122685185184,True,1.0223122685185184,220.00000000000003,28.259631994047613,0.384,28.259631994047613,28.635058138703553,29.333943093953298,29.971178452954238
E01004286,Tower Hamlets 019C,851.0,0.54524089306698,35,1.0226122685135015,0.0292174933861,True,1.0292174933861,463.99999999999994,60.00471651050492,0.432,60.00471651050492,61.08292908052857,63.090105603733406,64.92022634497275
E01004288,Tower Hamlets 019D,610.0,0.521311475409836,23,1.334682484564042,0.0580296732419148,True,1.0580296732419148,318.0,42.275155768568005,0.556,42.275155768568005,43.5463226176529,45.91269853228674,48.070333196140695
E01035680,Tower Hamlets 019E,736.0,0.3967391304347826,3,0.1176358024687499,0.0392119341562499,True,1.0392119341562498,292.0,38.12828097642624,0.34,38.12828097642624,38.47110422549814,39.109296355952345,39.691192687110636
E01035681,Tower Hamlets 019F,626.0,0.5271565495207667,9,0.1697418981473763,0.018860210905264,True,1.018860210905264,330.0,42.246310887893266,0.554,42.246310887893266,43.508365498199275,45.85777827192816,47.999946136700025
E01035682,Tower Hamlets 019G,496.0,0.3407258064516129,3,0.0284753086419753,0.0094917695473251,True,1.0094917695473251,169.0,21.436295520683018,0.515,21.436295520683018,21.99509794999897,23.03535211547229,23.98384404051413
E01035683,Tower Hamlets 019H,488.0,0.639344262295082,10,0.2420208333314039,0.0242020833331403,True,1.0242020833331402,312.0,40.151381931810604,0.449,40.151381931810604,40.939460415984215,42.406529782316525,43.74418695652193
E01004243,Tower Hamlets 020A,458.0,0.4650655021834061,4,0.5475999228371912,0.1368999807092978,True,1.1368999807092979,213.0,30.427208542158482,0.473,30.427208542158482,31.095683145660683,32.340100589689214,33.474746271694464
E01004244,Tower Hamlets 020B,707.0,0.3946251768033946,29,0.7186589506114958,0.0247813431245343,True,1.0247813431245343,279.0,35.924907779605626,0.513,35.924907779605626,36.85438887862511,38.58469020563859,40.16235928982314
E01004247,Tower Hamlets 020C,865.0,0.3826589595375722,10,0.2062534722206787,0.0206253472220678,True,1.0206253472220679,330.99999999999994,42.44774191659259,0.568,42.44774191659259,43.7738035419648,46.24237035037397,48.49318150971891
E01035684,Tower Hamlets 020E,506.0,0.5296442687747036,3,0.0527118055551697,0.0175706018517232,True,1.0175706018517232,268.0,34.26569887716016,0.523,34.26569887716016,35.185688387437345,36.89832038409693,38.45987877368605
E01035685,Tower Hamlets 020F,492.0,0.4817073170731707,4,0.0817148919749226,0.0204287229937306,True,1.0204287229937306,237.0,30.387240923461672,0.662,30.387240923461672,31.615265628227842,33.90132908718763,35.98573576675135
E01004319,Tower Hamlets 021A,842.0,0.333729216152019,27,0.84962847221682,0.0314677211932155,True,1.0314677211932155,281.0,36.418513076817725,0.499,36.418513076817725,37.311012415271925,38.97246931989862,40.48736684220407
E01004321,Tower Hamlets 021C,843.0,0.3013048635824436,28,1.2727739197492274,0.0454562114196152,True,1.0454562114196153,253.99999999999997,33.36566710069004,0.457,33.36566710069004,34.04660468287529,35.31422293063891,36.47002284180044
E01032767,Tower Hamlets 021F,796.0,0.2211055276381909,12,0.1564494598749997,0.0130374549895833,True,1.0130374549895833,175.99999999999997,22.40259971891249,0.099,22.40259971891249,22.07718409283179,21.471397605906617,20.919048372210884
E01035686,Tower Hamlets 021G,572.0,0.2202797202797203,13,0.6696790123456784,0.0515137701804368,True,1.051513770180437,126.0,16.647374825174822,0.421,16.647374825174822,16.92863891488923,17.452233884370013,17.929641826609867
E01035687,Tower Hamlets 021H,679.0,0.2150220913107511,10,0.5979810956759255,0.0597981095675925,True,1.0597981095675926,146.0,19.441789865840292,0.329,19.441789865840292,19.595728333277272,19.882296758138853,20.143586590926496
E01035688,Tower Hamlets 021I,694.0,0.1412103746397694,0,0.0,,False,1.0,97.99999999999997,12.313636363636357,0.182,12.313636363636357,12.234502235458658,12.0871879036854,11.952868370279552
E01035689,Tower Hamlets 021J,694.0,0.2521613832853026,6,0.1832384259251541,0.0305397376541923,True,1.0305397376541923,175.0,22.660163549555246,0.263,22.660163549555246,22.69364499169044,22.755973299192295,22.812803541578432
E01004298,Tower Hamlets 022A,569.0,0.4094903339191564,9,0.2370231481442897,0.0263359053493655,True,1.0263359053493655,233.0,30.047316532875847,0.578,30.047316532875847,31.01531115455709,32.817308398184565,34.4603490042759
E01004300,Tower Hamlets 022B,535.0,0.4598130841121495,4,0.0467422839506172,0.0116855709876543,True,1.0116855709876542,245.99999999999997,31.270938223755397,0.591,31.270938223755397,32.31802163645835,34.267248813218536,36.04453199899451
E01004304,Tower Hamlets 022C,621.0,0.359098228663446,14,0.2659872685165889,0.0189990906083277,True,1.0189990906083277,222.99999999999994,28.55215601252898,0.564,28.55215601252898,29.432976810040273,31.072693202770168,32.56776797342047
E01004305,Tower Hamlets 022D,667.0,0.4302848575712144,21,0.2254783950594128,0.0107370664314006,True,1.0107370664314006,287.0,36.448556893334164,0.597,36.448556893334164,37.690349100649534,40.002041835939586,42.10981699837102
E01004251,Tower Hamlets 023A,932.0,0.4366952789699571,23,1.1934004629556314,0.0518869766502448,True,1.0518869766502448,407.0,53.79274863805304,0.493,53.79274863805304,55.07953897775411,57.47499923479609,59.659152671498894
E01004255,Tower Hamlets 023C,618.0,0.441747572815534,9,0.4941531635775459,0.0549059070641717,True,1.0549059070641718,273.0,36.18567012572623,0.514,36.18567012572623,37.125428946677694,38.87486305209441,40.46997718617296
E01004258,Tower Hamlets 023D,691.0,0.5354558610709117,3,0.2858564814783949,0.0952854938261316,True,1.0952854938261316,370.0,50.9201070977155,0.234,50.9201070977155,50.85124716377078,50.723059043314834,50.60617857200864
E01035690,Tower Hamlets 023E,824.0,0.3009708737864077,5,0.0737318672839505,0.01474637345679,True,1.01474637345679,247.99999999999994,31.620551278860017,0.237,31.620551278860017,31.58704711901448,31.52467652072865,31.467807718086355
E01035691,Tower Hamlets 023F,758.0,0.3509234828496042,2,0.0739058641959875,0.0369529320979937,True,1.0369529320979938,265.99999999999994,34.657795044166114,0.182,34.657795044166114,34.43506519293543,34.020436259053376,33.64238230961604
E01004256,Tower Hamlets 024C,600.0,0.4566666666666666,23,0.505337577158178,0.0219711990068773,True,1.0219711990068774,273.99999999999994,35.184344805289356,0.586,35.184344805289356,36.34529895776444,38.50650536932949,40.47706881214482
E01004257,Tower Hamlets 024D,752.0,0.4454787234042553,39,0.3791724536998449,0.0097223706076883,True,1.0097223706076883,335.0,42.501771667997964,0.624,42.501771667997964,44.061774504849,46.96584106585342,49.613735949930536
E01035692,Tower Hamlets 024E,573.0,0.3560209424083769,18,0.2884197530837183,0.0160233196157621,True,1.0160233196157622,203.99999999999997,26.0431847522809,0.421,26.0431847522809,26.48319482771557,27.30230779109596,28.049165681455747
E01035693,Tower Hamlets 024F,620.0,0.364516129032258,12,0.3469876543206014,0.0289156378600501,True,1.0289156378600501,225.99999999999997,29.217863480037558,0.334,29.217863480037558,29.463463676346482,29.920667535614186,30.337540818131703
E01035694,Tower Hamlets 024G,818.0,0.3875305623471882,29,0.5464189814787797,0.0188420338440958,True,1.0188420338440958,316.99999999999994,40.58133826946746,0.573,40.58133826946746,41.86889361319495,44.265777984706276,46.45122991279642
E01035695,Tower Hamlets 024H,589.0,0.4719864176570458,18,0.4570196759236103,0.0253899819957561,True,1.0253899819957562,278.0,35.817404741232274,0.583,35.817404741232274,36.98876221276365,39.16933521154326,41.157556888469365
E01004301,Tower Hamlets 025B,478.0,0.4393305439330544,9,0.2051130401230707,0.0227903377914523,True,1.0227903377914522,210.0,26.98771777672445,0.578,26.98771777672445,27.857145355414794,29.47565238555986,30.951388700460896
E01004302,Tower Hamlets 025C,553.0,0.3580470162748643,6,0.2423260030833331,0.0403876671805555,True,1.0403876671805554,197.99999999999994,25.883358891356234,0.557,25.883358891356234,26.664168398549084,28.117705999115387,29.443025063090996
E01004303,Tower Hamlets 025D,1008.0,0.4682539682539682,7,0.1251878858016972,0.0178839836859567,True,1.0178839836859568,471.99999999999994,60.36712986883492,0.431,60.36712986883492,61.445963864006295,63.454297218435414,65.28547274523707
E01032768,Tower Hamlets 025E,685.0,0.4102189781021897,1,0.0061998456786265,0.0061998456786265,True,1.0061998456786265,280.99999999999994,35.52636838247194,0.111,35.52636838247194,35.051920089014025,34.16869770543298,33.363385574371584
E01032769,Tower Hamlets 025F,632.0,0.4651898734177215,2,0.0298248456790122,0.0149124228395061,True,1.0149124228395061,294.0,37.49178754734847,0.276,37.49178754734847,37.59474389885382,37.78640515137642,37.961159703095404
E01004292,Tower Hamlets 026A,765.0,0.469281045751634,2,0.0510239197527005,0.0255119598763502,True,1.0255119598763502,359.0,46.25891335113667,0.089,46.25891335113667,45.541825666143225,44.206911191563734,42.98975134564858
E01004295,Tower Hamlets 026C,666.0,0.4009009009009009,8,0.1900381944417434,0.0237547743052179,True,1.023754774305218,267.0,34.34531073837138,0.602,34.34531073837138,35.53220324497726,37.74169591929732,39.75628622769384
E01004296,Tower Hamlets 026D,1099.0,0.3348498635122839,8,0.327829089505401,0.0409786361881751,True,1.040978636188175,368.0,48.13377060109581,0.397,48.13377060109581,48.83428298798253,50.13834125651333,51.32736676445035
E01035696,Tower Hamlets 026E,602.0,0.2740863787375415,2,0.0703842592588733,0.0351921296294366,True,1.0351921296294366,164.99999999999997,21.461751116067422,0.218,21.461751116067422,21.39921983490984,21.2828129936293,21.176674558774796
E01035697,Tower Hamlets 026F,670.0,0.2880597014925373,7,0.1557141203692127,0.0222448743384589,True,1.022244874338459,192.99999999999997,24.789770100394094,0.29,24.789770100394094,24.891711664081207,25.08148381018694,25.254515896145712
E01004291,Tower Hamlets 027A,1006.0,0.4562624254473161,13,0.8648395061701384,0.0665261158592414,True,1.0665261158592414,459.0,61.509816083904084,0.163,61.509816083904084,61.000478508813124,60.05230701505449,59.187775023514035
E01004293,Tower Hamlets 027B,1004.0,0.4661354581673306,18,0.6480088734533169,0.0343579068070987,True,1.0343579068070987,467.99999999999994,60.824274886128066,0.119,60.824274886128066,60.059460103575894,58.635697926415354,57.33752775508774
E01004297,Tower Hamlets 027C,882.0,0.5952380952380952,3,0.0615887345679011,0.0205295781893003,True,1.0205295781893002,525.0,67.32016137941916,0.113,67.32016137941916,66.43425105539812,64.78506011339226,63.28134655639542
E01004214,Tower Hamlets 030A,637.0,0.4427001569858713,3,0.0461531635802468,0.0153843878600822,True,1.0153843878600821,282.0,35.97823369633837,0.73,35.97823369633837,37.67093920729898,40.822042112939414,43.695181928357414
E01004216,Tower Hamlets 030B,733.0,0.5075034106412005,14,0.4403128858005396,0.0314509204143242,True,1.0314509204143243,372.0,48.21162347614538,0.317,48.21162347614538,48.53690440967422,49.14244015594261,49.694560767157306
E01004217,Tower Hamlets 030C,832.0,0.5264423076923077,45,0.8762700617191339,0.0194726680382029,True,1.019472668038203,438.0,56.1060824897674,0.293,56.1060824897674,56.35322907063093,56.81331164496849,57.232809707168606
E01004218,Tower Hamlets 030D,788.0,0.5774111675126904,29,0.3886045524656626,0.0134001569815745,True,1.0134001569815745,455.00000000000006,57.936547611071596,0.232,57.936547611071596,57.846892197101056,57.679991673861956,57.527813673684975
E01004274,Tower Hamlets 031A,665.0,0.6421052631578947,5,0.3030505401211418,0.0606101080242283,True,1.0606101080242283,427.0,56.90414277301807,0.399,56.90414277301807,57.743399893895294,59.3057422712618,60.73026829410024
E01004275,Tower Hamlets 031B,887.0,0.5411499436302142,31,0.6766199845659715,0.0218264511150313,True,1.0218264511150312,480.0,61.62807842828837,0.359,61.62807842828837,62.29645696310481,63.540695567806054,64.67517818614532
E01004276,Tower Hamlets 031C,958.0,0.5542797494780793,3,0.0148572530864197,0.0049524176954732,True,1.0049524176954732,531.0,67.05022953869046,0.085,67.05022953869046,65.98467154413973,64.00105249698973,62.19241119467409
E01004281,Tower Hamlets 031D,811.0,0.4784217016029593,2,0.0794922839498455,0.0397461419749227,True,1.0397461419749228,388.0,50.68964990077483,0.175,50.68964990077483,50.32926606941956,49.658383549822275,49.04668049338683
E01032775,Tower Hamlets 031F,565.0,0.5079646017699115,0,0.0,,False,1.0,287.0,36.06136363636363,0.149,36.06136363636363,35.7134894259791,35.06589453836159,34.475424880089086
E01032783,Tower Hamlets 031G,581.0,0.4664371772805508,1,0.1818568672827931,0.1818568672827931,True,1.1818568672827932,271.0,40.243377490265416,0.339,40.243377490265416,40.60129122712935,41.267575473796974,41.875085877236984
E01004280,Tower Hamlets 032A,748.0,0.4973262032085561,15,0.2633784722187494,0.0175585648145832,True,1.0175585648145833,371.99999999999994,47.56227312498916,0.413,47.56227312498916,48.32872731671911,49.755541381517574,51.056494229307155
E01032770,Tower Hamlets 032B,1085.0,0.2202764976958525,15,0.229504629628086,0.0153003086418724,True,1.0153003086418724,238.99999999999997,30.489666054289827,0.182,30.489666054289827,30.293722868184332,29.928959393924075,29.59637220382266
E01032772,Tower Hamlets 032C,1179.0,0.2434266327396098,17,0.2394274691342585,0.0140839687726034,True,1.0140839687726033,286.99999999999994,36.569250755715665,0.34,36.569250755715665,36.898056278523015,37.51015332174753,38.06825644895422
E01032774,Tower Hamlets 032E,729.0,0.3305898491083676,10,0.1383993055543978,0.0138399305554397,True,1.0138399305554398,240.99999999999997,30.700587273738368,0.35,30.700587273738368,31.006583867466855,31.57622031596327,32.09560835548391
E01035698,Tower Hamlets 032F,476.0,0.2247899159663865,1,0.3309297839479165,0.0827324459869791,True,1.0827324459869792,106.99999999999997,14.556775277881428,0.19,14.556775277881428,14.474589278339636,14.321593650758716,14.182093976406362
E01035699,Tower Hamlets 032G,826.0,0.198547215496368,0,0.0,,False,1.0,163.99999999999997,20.6064935064935,0.386,20.6064935064935,20.88427015628388,21.40137298522001,21.872861467497856
E01004277,Tower Hamlets 033A,852.0,0.3755868544600939,0,0.0,,False,1.0,320.0,40.2077922077922,0.087,40.2077922077922,39.576659587049264,38.401757147026544,37.33049445559915
E01032771,Tower Hamlets 033B,778.0,0.2532133676092545,3,0.0151396604938271,0.0050465534979423,True,1.0050465534979423,197.0,24.877839023418705,0.152,24.877839023418705,24.645132087176744,24.21193003389188,23.81694132527635
E01032781,Tower Hamlets 033C,760.0,0.3657894736842105,1,0.0199675925925925,0.0199675925925925,True,1.0199675925925924,278.0,35.627997862554096,0.157,35.627997862554096,35.31211724367964,34.72408091395446,34.187916071853806
E01032782,Tower Hamlets 033D,1134.0,0.2134038800705467,5,0.1016080246905861,0.0203216049381172,True,1.0203216049381172,241.99999999999994,31.025064801582598,0.3,31.025064801582598,31.18292209519129,31.47678571963508,31.744727232487996
E01032776,Tower Hamlets 034D,1051.0,0.2787821122740247,0,0.0,,False,1.0,293.0,36.815259740259734,0.155,36.815259740259734,36.481667798032184,35.86066046294354,35.29443303288532
E01035700,Tower Hamlets 034A,625.0,0.1952,0,0.0,,False,1.0,122.00000000000001,15.329220779220776,0.019,15.329220779220776,14.986883920244772,14.34959724276776,13.768526493343122
E01035701,Tower Hamlets 034B,663.0,0.2066365007541478,0,0.0,,False,1.0,137.0,17.213961038961035,0.036,17.213961038961035,16.858089533353827,16.195607058940936,15.59156306823368
E01035702,Tower Hamlets 034C,577.0,0.3622183708838821,0,0.0,,False,1.0,208.99999999999997,26.260714285714275,0.532,26.260714285714275,26.98884336370383,28.34431224974302,29.580213374415425
E01004219,Tower Hamlets 035B,1028.0,0.2840466926070039,25,0.2647021604930544,0.0105880864197221,True,1.010588086419722,292.0,37.078083155121504,0.445,37.078083155121504,37.791367393919735,39.11920145771332,40.32990546554649
E01032777,Tower Hamlets 035A,577.0,0.3830155979202773,5,0.2631087962947529,0.0526217592589505,True,1.0526217592589504,221.0,29.22973415718839,0.354,29.22973415718839,29.532479683314094,30.09606401671829,30.609933806483316
E01032779,Tower Hamlets 035C,656.0,0.3216463414634146,2,0.0967422839506172,0.0483711419753086,True,1.0483711419753086,210.99999999999997,27.794429331259007,0.186,27.794429331259007,27.62665607643062,27.31433311927403,27.029560596653628
E01032780,Tower Hamlets 035D,1008.0,0.3472222222222222,2,0.0287889660493826,0.0143944830246913,True,1.0143944830246914,350.0,44.61030283301767,0.3,44.61030283301767,44.83728259010508,45.25982305414231,45.64509064685643
E01004221,Tower Hamlets 036A,817.0,0.4834761321909425,11,0.277152006171296,0.0251956369246632,True,1.0251956369246633,395.0,50.88199059691189,0.362,50.88199059691189,51.44871937107649,52.50372904370801,53.4656748724726
E01035703,Tower Hamlets 036B,500.0,0.198,0,0.0,,False,1.0,99.0,12.439285714285713,0.032,12.439285714285713,12.177267723539751,11.689500863549366,11.244760584337522
E01035704,Tower Hamlets 036C,593.0,0.2478920741989882,0,0.0,,False,1.0,147.0,18.47045454545454,0.378,18.47045454545454,18.705018296934295,19.14167695613976,19.53981735874756
E01035705,Tower Hamlets 036D,559.0,0.5044722719141324,30,0.9314737654263108,0.0310491255142103,True,1.0310491255142102,282.0,36.53328417658045,0.483,36.53328417658045,37.3715566978485,38.93206616649625,40.354920963996875
E01035706,Tower Hamlets 036E,560.0,0.2946428571428571,4,0.0968773148144288,0.0242193287036072,True,1.0242193287036072,164.99999999999997,21.234261439730137,0.193,21.234261439730137,21.120591270653364,20.908985413790987,20.716045598515944
E01004349,Waltham Forest 001A,551.0,1.221415607985481,5,0.0001006944444444,2.013888888888e-05,True,1.000020138888889,673.0,84.56371597199674,0.291,84.56371597199674,84.91971438133493,85.58243309690899,86.186692489622
E01004350,Waltham Forest 001B,920.0,0.8521739130434782,3,0.0469533179008486,0.0102083333332047,True,1.0102083333332046,784.0,99.51470454544186,0.285,99.51470454544186,99.87537930975225,100.54680342366365,101.15900029963923
E01004351,Waltham Forest 001C,637.0,1.3061224489795915,2,0.0,0.0,True,1.0,831.9999999999998,104.54025974025969,0.147,104.54025974025969,103.51138579929123,101.59605696983435,99.84968191185695
E01004356,Waltham Forest 001D,592.0,1.3158783783783785,3,0.0,0.0,True,1.0,779.0000000000001,97.88084415584416,0.254,97.88084415584416,97.93950552349712,98.04870821992785,98.1482779973872
E01004357,Waltham Forest 001E,576.0,1.3159722222222223,0,0.0,,False,1.0,758.0,95.24220779220778,0.212,95.24220779220778,94.9089454740117,94.2885517596838,93.72288382206108
E01004352,Waltham Forest 002A,791.0,1.1959544879898862,5,0.0,0.0,True,1.0,946.0,118.86428571428569,0.12,118.86428571428569,117.38126489844845,114.62050635441915,112.10327809144884
E01004353,Waltham Forest 002B,790.0,1.1822784810126583,3,0.0002183641975307,7.278806584356666e-05,True,1.0000727880658435,934.0000000000001,117.36503565867001,0.156,117.36503565867001,116.3130154219818,114.35459796356666,112.56893518343016
E01004354,Waltham Forest 002C,775.0,1.0348387096774194,7,0.0533152006172838,0.0057116402116401,True,1.0057116402116402,802.0,101.34634565553492,0.212,101.34634565553492,100.99172432874299,100.33156915938811,99.72964717898171
E01004358,Waltham Forest 002D,881.0,1.0238365493757091,4,0.0032669753086419,0.0008167438271604,True,1.0008167438271605,901.9999999999998,113.42828053075391,0.209,113.42828053075391,112.99817780720936,112.19750814960543,111.46746665583474
E01004359,Waltham Forest 002E,598.0,1.3444816053511706,6,0.0,0.0,True,1.0,804.0,101.02207792207791,0.165,101.02207792207791,100.2052712466213,98.6847221187832,97.29830270586251
E01004384,Waltham Forest 003A,744.0,0.978494623655914,5,0.0344753086415894,0.0068950617283178,True,1.0068950617283179,728.0,92.1034373737303,0.392,92.1034373737303,93.39892217824858,95.81056785748663,98.00947897819199
E01004385,Waltham Forest 003B,655.0,0.8977099236641222,12,0.0788375771601076,0.0065697980966756,True,1.0065697980966757,588.0,74.36720681028801,0.292,74.36720681028801,74.68753655834858,75.28385528794487,75.82757192811422
E01004386,Waltham Forest 003C,649.0,1.4221879815100154,10,0.0131593364193671,0.0013159336419367,True,1.0013159336419366,923.0,116.12696519897187,0.081,116.12696519897187,114.23615552346139,110.71626631418427,107.50687133856101
E01004389,Waltham Forest 003D,690.0,1.1101449275362318,6,0.0,0.0,True,1.0,766.0,96.24740259740258,0.35,96.24740259740258,97.20671249878718,98.99254246040125,100.62084192250244
E01004390,Waltham Forest 003E,633.0,1.09478672985782,2,0.0,0.0,True,1.0,693.0000000000001,87.075,0.321,87.075,87.69647739459494,88.85340588051129,89.90828012486797
E01004355,Waltham Forest 004A,681.0,1.0881057268722467,2,0.0086080246913579,0.0043040123456789,True,1.004304012345679,741.0,93.50689893127704,0.315,93.50689893127704,94.11953531143736,95.26000556165152,96.29987337375148
E01004360,Waltham Forest 004B,476.0,1.4243697478991597,3,0.011668209876543,0.003889403292181,True,1.003889403292181,678.0,85.52159901695524,0.117,85.52159901695524,84.42954524947938,82.39660226115299,80.5429879498653
E01004413,Waltham Forest 004C,704.0,0.9161931818181818,0,0.0,,False,1.0,645.0,81.04383116883115,0.324,81.04383116883115,81.6459876130692,82.76694864781635,83.78902817898597
E01004415,Waltham Forest 004D,622.0,1.1141479099678455,2,0.0190979938267746,0.0095489969133873,True,1.0095489969133873,692.9999999999999,87.90647890623318,0.307,87.90647890623318,88.4137983080108,89.35821281524663,90.21931922917574
E01004416,Waltham Forest 004E,718.0,1.0947075208913648,5,0.0389475308638116,0.0077895061727623,True,1.0077895061727622,785.9999999999999,99.5296842748841,0.206,99.5296842748841,99.12314617927744,98.36634390857844,97.6763001996117
E01004361,Waltham Forest 005A,496.0,1.4919354838709675,7,0.009738811728395,0.0013912588183421,True,1.001391258818342,739.9999999999999,93.10987944818073,0.14,93.10987944818073,92.12990155126067,90.30559650915337,88.64221590594806
E01004414,Waltham Forest 005B,635.0,1.094488188976378,4,0.0044864969135801,0.001121624228395,True,1.001121624228395,695.0,87.42424599369811,0.259,87.42424599369811,87.51929546106611,87.69623743405754,87.85757111399236
E01004417,Waltham Forest 005C,699.0,1.011444921316166,2,0.0025277777777777,0.0012638888888888,True,1.0012638888888887,707.0000000000001,88.94636732954544,0.216,88.94636732954544,88.66985283878414,88.15509961700536,87.68575347982912
E01004451,Waltham Forest 005D,630.0,1.288888888888889,7,0.0882569444444442,0.0075932264109347,True,1.0075932264109346,812.0,102.80198890918108,0.183,102.80198890918108,102.1513589434532,100.94016067994762,99.83580386918973
E01004452,Waltham Forest 005E,766.0,0.908616187989556,4,0.0018167438271604,0.0004541859567901,True,1.0004541859567901,695.9999999999999,87.49166749864716,0.31,87.49166749864716,88.02220564031096,89.0098436369529,89.91036073726478
E01004450,Waltham Forest 006A,604.0,1.3096026490066226,3,0.0053699845679012,0.001789994855967,True,1.001789994855967,791.0,99.56654151146881,0.154,99.56654151146881,98.65462924093052,96.95703365399838,95.40918529190203
E01004453,Waltham Forest 006B,657.0,1.1278538812785388,2,0.0,0.0,True,1.0,741.0,93.10616883116882,0.284,93.10616883116882,93.43453147930879,94.04580407690929,94.60315548396628
E01004454,Waltham Forest 006C,689.0,1.0377358490566038,7,0.0,0.0,True,1.0,715.0,89.8392857142857,0.289,89.8392857142857,90.19996006653741,90.87138341336956,91.48357958993098
E01004455,Waltham Forest 006D,604.0,0.9701986754966888,5,0.0055729166666666,0.0011145833333333,True,1.0011145833333333,586.0,73.71258683035713,0.342,73.71258683035713,74.38974560551283,75.65032931021297,76.79971520496052
E01004456,Waltham Forest 006E,562.0,0.8451957295373665,2,0.0063105709876543,0.0031552854938271,True,1.003155285493827,475.0,59.87175985581258,0.476,59.87175985581258,61.20464754829554,63.685921611314235,65.9483191009875
E01004379,Waltham Forest 007A,728.0,1.0137362637362637,5,0.0,0.0,True,1.0,738.0,92.72922077922077,0.117,92.72922077922077,91.5451304900884,89.34085436144969,87.33102044011666
E01004380,Waltham Forest 007B,622.0,1.117363344051447,4,0.033713734567901,0.0084284336419752,True,1.008428433641975,695.0,88.06232261510188,0.203,88.06232261510188,87.6768442818073,86.95924639591361,86.30494879943384
E01004381,Waltham Forest 007C,743.0,0.9865410497981156,20,0.1817283950605707,0.006392862654292,True,1.006392862654292,732.9999999999999,92.68976290324856,0.209,92.68976290324856,92.33829747255663,91.68401724914258,91.08745197767317
E01004383,Waltham Forest 007D,581.0,1.2409638554216869,8,0.0,0.0,True,1.0,721.0000000000001,90.59318181818182,0.145,90.59318181818182,89.68389309852822,87.9911814555322,86.44778621800819
E01004387,Waltham Forest 007E,521.0,1.3224568138195778,5,0.0896222993827159,0.0179244598765431,True,1.0179244598765431,689.0,88.12416615417565,0.053,88.12416615417565,86.44852565093457,83.3291905838588,80.48501632258585
E01004388,Waltham Forest 007F,659.0,0.936267071320182,4,0.0,0.0,True,1.0,617.0,77.52564935064933,0.255,77.52564935064933,77.57967662220629,77.68025258848309,77.77195661143541
E01004343,Waltham Forest 008A,652.0,1.044478527607362,8,0.015578703702932,0.001923852237606,True,1.001923852237606,681.0,85.7318264563845,0.174,85.7318264563845,85.1139404565205,83.96369763110361,82.91491929600433
E01004344,Waltham Forest 008B,664.0,0.8343373493975904,12,0.0701790123456786,0.0058482510288065,True,1.0058482510288065,554.0,70.01683549482922,0.34,70.01683549482922,70.64637866906544,71.81832223084662,72.88688705072259
E01004382,Waltham Forest 008C,626.0,0.8162939297124601,6,3.935185185185186e-05,6.558641975308643e-06,True,1.0000065586419753,511.0,64.207239291351,0.403,64.207239291351,65.17926866905516,66.98877692469566,68.63866598617385
E01004418,Waltham Forest 008D,649.0,1.073959938366718,11,0.0667087191350306,0.0060644290122755,True,1.0060644290122756,697.0,88.10870552511108,0.258,88.10870552511108,88.1959013834556,88.35822325268215,88.50622648816937
E01004419,Waltham Forest 008E,927.0,1.0021574973031284,9,0.0534567901234566,0.0045872556584362,True,1.004587255658436,929.0,117.26370906366488,0.309,117.26370906366488,117.96333825717615,119.26575239257592,120.45327879861053
E01004398,Waltham Forest 009A,664.0,0.8930722891566265,6,0.0326041666666666,0.0054340277777777,True,1.0054340277777778,593.0,74.91495469764608,0.461,74.91495469764608,76.47308511292995,79.37366601561831,82.01838271605918
E01004399,Waltham Forest 009B,598.0,0.8929765886287625,3,1.0802469135802469e-05,3.6008230452674896e-06,True,1.0000036008230453,534.0,67.0969948502886,0.454,67.0969948502886,68.44669028927613,70.9592532791075,73.25017965663342
E01004400,Waltham Forest 009C,653.0,0.77947932618683,8,5.5941358024691354e-05,6.992669753086419e-06,True,1.000006992669753,509.0,63.955966700346075,0.363,63.955966700346075,64.67455565745564,66.01226486679354,67.23197292009782
E01004402,Waltham Forest 009D,655.0,0.7465648854961832,10,0.0307384259243824,0.0030738425924382,True,1.0030738425924381,488.99999999999994,61.631397140818414,0.382,61.631397140818414,62.438135412670846,63.93994142444596,65.30927107716586
E01004403,Waltham Forest 009E,899.0,0.8031145717463849,5,0.0289544753086419,0.0057908950617283,True,1.0057908950617283,722.0,91.2441744002525,0.364,91.2441744002525,92.27826873521634,94.20331573394775,95.95855170821756
E01004345,Waltham Forest 010A,617.0,0.8217179902755267,11,0.0861909722214503,0.0078355429292227,True,1.0078355429292227,507.0,64.20337793590903,0.273,64.20337793590903,64.36089193558136,64.65411649167369,64.92147530926708
E01004348,Waltham Forest 010B,1198.0,0.6527545909849749,16,0.0353406635802468,0.0022087914737654,True,1.0022087914737654,781.9999999999999,98.47482318145177,0.28,98.47482318145177,98.78368252770643,99.35864821259094,99.88289538928066
E01004377,Waltham Forest 010C,617.0,1.220421393841167,14,0.065884259259259,0.0047060185185185,True,1.0047060185185186,753.0,95.05921609172077,0.155,95.05921609172077,94.19786162223191,92.59438331249778,91.13235001405815
E01004378,Waltham Forest 010D,672.0,0.8764880952380952,10,0.0133379629629629,0.0013337962962962,True,1.0013337962962963,589.0,74.10617841856059,0.25,74.10617841856059,74.12166576628603,74.1504966681188,74.17678435673155
E01004342,Waltham Forest 011A,723.0,0.7952973720608575,9,0.0017650462962962,0.000196116255144,True,1.000196116255144,575.0,72.26254570444023,0.324,72.26254570444023,72.79945711330895,73.79895944233341,74.7102943060673
E01004346,Waltham Forest 011B,567.0,0.9911816578483243,11,0.014868827159722,0.0013517115599747,True,1.0013517115599746,561.9999999999999,70.71038608896917,0.244,70.71038608896917,70.68376365889621,70.63420393559234,70.58901594315626
E01004347,Waltham Forest 011C,804.0,0.695273631840796,8,0.0119436728391202,0.00149295910489,True,1.00149295910489,559.0,70.34284945520719,0.232,70.34284945520719,70.23399558752232,70.03135565013744,69.84659085833964
E01004460,Waltham Forest 011D,703.0,0.7510668563300142,15,0.3646188271539347,0.0169262259942643,True,1.0169262259942644,528.0,67.46579133596232,0.276,67.46579133596232,67.6510594221692,67.99595036804764,68.31041801263228
E01004462,Waltham Forest 011E,833.0,0.6338535414165666,10,0.0559517746909719,0.0051676118826774,True,1.0051676118826773,528.0,66.68569127975933,0.282,66.68569127975933,66.90786081458683,67.32144667592334,67.69854956366875
E01004396,Waltham Forest 012A,697.0,0.6183644189383071,5,0.0369868827156635,0.0073973765431327,True,1.0073973765431328,431.0,54.55547409586522,0.243,54.55547409586522,54.529610385621055,54.48146307826409,54.437562910635535
E01004457,Waltham Forest 012B,756.0,0.6005291005291006,9,0.0329868827152775,0.0036652091905863,True,1.0036652091905862,454.00000000000006,57.253886339080395,0.303,57.253886339080395,57.56195810498206,58.135457647810156,58.65836801283633
E01004458,Waltham Forest 012C,758.0,0.6358839050131926,7,0.0,0.0,True,1.0,482.0,60.562987012986994,0.344,60.562987012986994,61.13116696688401,62.188878123407314,63.15328713448065
E01004459,Waltham Forest 012D,523.0,0.768642447418738,1,0.0,0.0,True,1.0,401.99999999999994,50.51103896103894,0.577,50.51103896103894,52.13335730327168,55.15342902217462,57.90709609076388
E01004463,Waltham Forest 012E,893.0,0.574468085106383,16,0.1171207561701385,0.0044365113810884,True,1.0044365113810885,513.0,64.74408605227235,0.231,64.74408605227235,64.63757832001914,64.43930589613733,64.25852335351246
E01004407,Waltham Forest 013A,664.0,0.4593373493975903,2,0.0036057098765432,0.0018028549382716,True,1.0018028549382716,304.99999999999994,38.392142851506115,0.646,38.392142851506115,39.88372401950279,42.66041832458931,45.192176633373286
E01004410,Waltham Forest 013B,822.0,0.5352798053527981,10,0.0962731481473765,0.0048136574073688,True,1.0048136574073687,440.0,55.55184077380738,0.341,55.55184077380738,56.05674549991213,56.996664900657365,57.85367272757762
E01004464,Waltham Forest 013C,682.0,0.5146627565982405,4,0.0090254629629629,0.0022563657407407,True,1.0022563657407406,351.0,44.20243440036525,0.466,44.20243440036525,45.14335232272173,46.89494418551663,48.492025738248536
E01004469,Waltham Forest 013D,645.0,0.710077519379845,10,0.0283780864193671,0.0028378086419367,True,1.0028378086419367,458.0,57.710711113814504,0.553,57.710711113814504,59.42911345059248,62.62805299525519,65.54480971444511
E01004470,Waltham Forest 013E,603.0,0.6417910447761194,11,0.0128919753086418,0.001171997755331,True,1.001171997755331,387.0,48.683288614226676,0.297,48.683288614226676,48.91674020930483,49.35132850290568,49.747581169686
E01004471,Waltham Forest 013F,655.0,0.6885496183206107,6,0.0389633487654321,0.0064938914609053,True,1.0064938914609054,451.0,57.03585205646494,0.342,57.03585205646494,57.55981043832724,58.53519970056457,59.42454854405964
E01004391,Waltham Forest 014A,977.0,0.4912998976458546,8,0.1237793209876539,0.0133192515432098,True,1.01331925154321,479.99999999999994,61.114994859307345,0.32,61.114994859307345,61.54522511987464,62.346132197561545,63.076390168265505
E01004393,Waltham Forest 014B,767.0,0.4250325945241199,3,0.0132955246913579,0.0044318415637859,True,1.0044318415637858,325.99999999999994,41.14322402447088,0.396,41.14322402447088,41.73798503468615,42.845178894052374,43.85470567118088
E01004401,Waltham Forest 014C,889.0,0.6445444319460067,13,0.0584675925914348,0.004497507122418,True,1.004497507122418,573.0,72.32088529282574,0.326,72.32088529282574,72.87234450676928,73.89892870593899,74.8349565110716
E01004404,Waltham Forest 014D,1106.0,0.6012658227848101,9,0.0538260030864194,0.0047755701303154,True,1.0047755701303154,665.0,83.95584962691144,0.413,83.95584962691144,85.30877724451487,87.82735718612084,90.12376975188904
E01034485,Waltham Forest 014F,766.0,0.5861618798955613,10,0.0135891203699844,0.0013589120369984,True,1.0013589120369983,449.0,56.493223581910684,0.211,56.493223581910684,56.29003527418817,55.91178444277614,55.56689963371467
E01034486,Waltham Forest 014G,736.0,0.25,0,0.0,,False,1.0,184.0,23.119480519480515,0.164,23.119480519480515,22.930293608069,22.57810746440857,22.256988141400104
E01004412,Waltham Forest 015A,751.0,0.6045272969374168,10,0.0211331018514659,0.0021133101851465,True,1.0021133101851465,454.0,57.16535856263306,0.215,57.16535856263306,56.98206589218906,56.640852336329054,56.32973769416777
E01004465,Waltham Forest 015B,569.0,0.7873462214411248,14,0.0315756172831786,0.0022554012345127,True,1.0022554012345126,448.0,56.41786767676456,0.165,56.41786767676456,55.961705104371674,55.11252301215062,54.338248431865395
E01004466,Waltham Forest 015C,671.0,0.7183308494783904,11,0.0611041666666665,0.0055549242424242,True,1.0055549242424242,482.0,60.899409817739055,0.145,60.899409817739055,60.28815911134518,59.150268400574454,58.11275258322122
E01004467,Waltham Forest 015D,911.0,0.5850713501646543,5,8.719135763888888e-05,1.7438271527777775e-05,True,1.0000174382715277,533.0,66.97227175639813,0.442,66.97227175639813,68.24103536900132,70.6029374720883,72.75649296542105
E01004468,Waltham Forest 015E,667.0,0.929535232383808,10,0.0242986111107251,0.0024298611110725,True,1.0024298611110725,619.9999999999999,78.09188989447748,0.171,78.09188989447748,77.50620546842086,76.41590837611213,75.42178787914602
E01004406,Waltham Forest 016A,738.0,0.494579945799458,6,0.003318287037037,0.0005530478395061,True,1.0005530478395062,365.0,45.88737687421085,0.299,45.88737687421085,46.11637670376672,46.54267768975164,46.93137408363738
E01004408,Waltham Forest 016B,711.0,0.5682137834036568,8,0.0751099537033176,0.0093887442129147,True,1.0093887442129148,404.0,51.23893226629896,0.255,51.23893226629896,51.274640444573215,51.34111399451234,51.40172382183993
E01004409,Waltham Forest 016C,750.0,0.4973333333333333,15,0.0447932098761571,0.0029862139917438,True,1.0029862139917438,372.99999999999994,47.00716330387083,0.305,47.00716330387083,47.26927353904445,47.75721211920832,48.20210897092267
E01004411,Waltham Forest 016D,767.0,0.530638852672751,7,0.0301685956782406,0.0043097993826058,True,1.0043097993826058,407.00000000000006,51.35968577628403,0.252,51.35968577628403,51.38044286243633,51.419083792039046,51.45431615247626
E01004443,Waltham Forest 016E,783.0,0.5696040868454662,15,0.0102395833333332,0.0006810442386831,True,1.000681044238683,446.0,56.07777584340427,0.301,56.07777584340427,56.3685749010385,56.909919954584566,57.403512221736094
E01004447,Waltham Forest 016F,653.0,0.7013782542113323,19,0.1499444444444437,0.0073542986517218,True,1.0073542986517219,457.99999999999994,57.97062338273476,0.238,57.97062338273476,57.91485635259531,57.811041690462105,57.71638466143742
E01004392,Waltham Forest 017A,980.0,0.523469387755102,10,0.0702646604903546,0.0070264660490354,True,1.0070264660490353,513.0,64.91102965298084,0.336,64.91102965298084,65.46932850928027,66.50864523443376,67.45628241204648
E01004394,Waltham Forest 017B,790.0,0.5810126582278481,5,0.0151365740736882,0.0030273148147376,True,1.0030273148147375,459.0,57.847646432625396,0.35,57.847646432625396,58.424221160846805,59.49755984241478,60.476217853208794
E01004397,Waltham Forest 017C,1129.0,0.4720992028343667,15,0.0196836419749228,0.0013122427983281,True,1.001312242798328,533.0,67.05898624488763,0.297,67.05898624488763,67.38055505728332,67.97918040146872,68.52500018660452
E01004444,Waltham Forest 017D,1150.0,0.4547826086956522,13,0.001466049382716,0.0001127730294396,True,1.0001127730294397,523.0,65.72202122530247,0.418,65.72202122530247,66.81318145978608,68.84446106698087,70.69655872625803
E01004446,Waltham Forest 017E,797.0,0.6273525721455459,12,0.0057461419753085,0.000478845164609,True,1.000478845164609,500.00000000000006,62.854758616672676,0.228,62.854758616672676,62.73295857695538,62.50621833385043,62.29947915720969
E01004395,Waltham Forest 018A,595.0,0.7411764705882353,17,0.0599787808622683,0.0035281635801334,True,1.0035281635801334,441.0,55.60686399147097,0.191,55.60686399147097,55.29833976609725,54.72399793478609,54.20031958069415
E01004421,Waltham Forest 018B,595.0,0.8907563025210085,13,0.0882932098765431,0.0067917853751187,True,1.0067917853751187,530.0,67.04644905788655,0.321,67.04644905788655,67.52497736655538,68.41579501564648,69.22803242347578
E01004445,Waltham Forest 018C,679.0,0.6524300441826215,10,0.0059475308641975,0.0005947530864197,True,1.0005947530864197,443.0,55.695767877885984,0.251,55.695767877885984,55.71284252841739,55.74462831782609,55.7736102393467
E01004448,Waltham Forest 018D,762.0,0.6614173228346457,9,0.0547546296280862,0.006083847736454,True,1.006083847736454,504.00000000000006,63.712546212110354,0.276,63.712546212110354,63.88750749649379,64.21321152949021,64.51018476497842
E01004449,Waltham Forest 018E,638.0,0.719435736677116,3,0.0389888117283949,0.0129962705761316,True,1.0129962705761315,459.0,58.42258653612011,0.502,58.42258653612011,59.871437034627505,62.56858487642445,65.02781362406846
E01004363,Waltham Forest 019A,520.0,0.9173076923076924,17,0.1757692901219131,0.0103393700071713,True,1.0103393700071712,477.00000000000006,60.55442771556942,0.208,60.55442771556942,60.3189055863556,59.88046283249045,59.48069571264915
E01004364,Waltham Forest 019B,620.0,0.8274193548387097,19,0.1174691358020828,0.0061825860948464,True,1.0061825860948463,513.0,64.85663474025841,0.403,64.85663474025841,65.83849527502603,67.66630499384954,69.33288112145223
E01004366,Waltham Forest 019C,666.0,0.8528528528528528,13,0.1990019290115736,0.0153078406931979,True,1.015307840693198,568.0,72.46133386682335,0.189,72.46133386682335,72.04515403392139,71.27040291966402,70.56399365913883
E01004367,Waltham Forest 019D,530.0,0.7132075471698113,11,0.0453348765432098,0.004121352413019,True,1.004121352413019,378.0,47.69120005165288,0.279,47.69120005165288,47.83612636881714,48.105917975309225,48.35191089578493
E01004368,Waltham Forest 019E,781.0,0.8463508322663252,8,0.0800266203703702,0.0100033275462962,True,1.0100033275462963,661.0,83.88503935377771,0.209,83.88503935377771,83.56696009063558,82.97483081367567,82.43493406880488
E01004365,Waltham Forest 020A,794.0,0.6120906801007556,8,0.0002094907403548,2.61863425443554e-05,True,1.0000261863425444,485.99999999999994,61.06718349989558,0.39,61.06718349989558,61.91420852107949,63.49101144877132,64.92872243704458
E01004405,Waltham Forest 020B,613.0,0.7096247960848288,13,0.1096477623456787,0.0084344432573599,True,1.00843444325736,435.0,55.11847284096111,0.289,55.11847284096111,55.33975487065401,55.751688572184655,56.127285039396725
E01004420,Waltham Forest 020C,736.0,0.625,13,0.0329695216045522,0.002536117046504,True,1.002536117046504,460.0,57.94528557033071,0.441,57.94528557033071,59.037382064272165,61.07040459123592,62.9240914249492
E01004423,Waltham Forest 020D,711.0,0.5738396624472574,9,0.1490559413576385,0.0165617712619598,True,1.01656177126196,408.0,52.113973193239744,0.379,52.113973193239744,52.78087490921761,54.02236430083768,55.15434021793576
E01034487,Waltham Forest 020H,453.0,0.5452538631346578,1,0.0,0.0,True,1.0,247.0,31.0353896103896,0.438,31.0353896103896,31.611229080157685,32.683199020953175,33.660609029467274
E01034488,Waltham Forest 020I,663.0,0.5882352941176471,5,0.0988468364185956,0.0197693672837191,True,1.0197693672837191,390.0,49.9720099364064,0.554,49.9720099364064,51.46485994392204,54.243916292417204,56.777828285535335
E01004362,Waltham Forest 021A,675.0,0.7288888888888889,8,0.0,0.0,True,1.0,492.0,61.81948051948051,0.194,61.81948051948051,61.494584047705914,60.889764006882466,60.33829596775812
E01004436,Waltham Forest 021B,578.0,0.7318339100346021,16,0.0634915123456787,0.0039682195216049,True,1.0039682195216049,423.0,53.36058490386565,0.261,53.36058490386565,53.42901364437988,53.55639906474239,53.672547643226515
E01004437,Waltham Forest 021C,750.0,0.5813333333333334,6,0.0165594135802468,0.0027599022633744,True,1.0027599022633744,436.0,54.934312931397294,0.345,54.934312931397294,55.45504727404443,56.42443473663439,57.3083112074246
E01004439,Waltham Forest 021D,663.0,0.6425339366515838,8,0.0107280092592591,0.0013410011574073,True,1.0013410011574073,426.00000000000006,53.59840264052353,0.252,53.59840264052353,53.62006450711051,53.66038975583324,53.69715785930093
E01004442,Waltham Forest 021E,619.0,0.7609046849757674,13,0.0734070216037806,0.0056466939695215,True,1.0056466939695214,471.0,59.515020271650144,0.177,59.515020271650144,59.10350657965674,58.33744184946312,57.63895273520193
E01004422,Waltham Forest 022A,980.0,0.6061224489795919,10,0.0527484567889657,0.0052748456788965,True,1.0052748456788965,594.0,75.02940616070562,0.302,75.02940616070562,75.42580298866928,76.16372650123233,76.83655677309778
E01004424,Waltham Forest 022B,735.0,0.6857142857142857,8,0.0830744598757712,0.0103843074844714,True,1.0103843074844714,504.0,63.984882599425696,0.369,63.984882599425696,64.74125883940802,66.14931201353224,67.43315889443244
E01004425,Waltham Forest 022C,836.0,0.5251196172248804,13,0.026594135802083,0.0020457027540063,True,1.0020457027540064,439.00000000000006,55.27290603181376,0.318,55.27290603181376,55.651222621058245,56.35548836362307,56.997629863342425
E01004426,Waltham Forest 022D,602.0,0.8056478405315615,15,0.0397052469124225,0.0026470164608281,True,1.002647016460828,485.0,61.10124407617373,0.233,61.10124407617373,61.01265371332342,60.84773586554551,60.69736564631989
E01004427,Waltham Forest 022E,828.0,0.5132850241545893,9,0.0323344907403547,0.0035927211933727,True,1.0035927211933726,424.99999999999994,53.592828837103866,0.317,53.592828837103866,53.95441644062463,54.627539875693486,55.24128617338677
E01004369,Waltham Forest 023A,634.0,0.638801261829653,12,0.050027777777006,0.0041689814814171,True,1.0041689814814172,405.0,51.10013808847074,0.279,51.10013808847074,51.25542365083291,51.5444997976257,51.80807614276863
E01004370,Waltham Forest 023B,804.0,0.6156716417910447,13,0.0732534722222219,0.0056348824786324,True,1.0056348824786323,494.99999999999994,62.546898137019205,0.241,62.546898137019205,62.505039021621265,62.42711502403047,62.3560648086745
E01004372,Waltham Forest 023C,692.0,0.5765895953757225,6,0.010187114196759,0.0016978523661265,True,1.0016978523661264,399.0,50.2192111939645,0.205,50.2192111939645,50.00918577504136,49.61820712958784,49.26171724434167
E01004432,Waltham Forest 023D,703.0,0.6429587482219061,13,0.0888364197523146,0.006833570750178,True,1.006833570750178,452.0,57.18160893828056,0.285,57.18160893828056,57.3888543239842,57.77465772146985,58.12642887443839
E01004435,Waltham Forest 023E,818.0,0.5635696821515892,8,0.0532523148136572,0.0066565393517071,True,1.006656539351707,460.99999999999994,58.30992636887011,0.373,58.30992636887011,59.02197782948552,60.34751698085115,61.55612851361544
E01004333,Waltham Forest 024A,583.0,0.6397941680960549,9,0.3268699845675152,0.0363188871741683,True,1.0363188871741682,373.00000000000006,48.569372624181284,0.396,48.569372624181284,49.27148505733185,50.57852193637612,51.77026330752583
E01004334,Waltham Forest 024B,613.0,0.4420880913539967,7,0.1413441358009257,0.0201920194001322,True,1.0201920194001322,270.99999999999994,34.73853195409987,0.483,34.73853195409987,35.535623084083234,37.01947019126573,38.37242511889049
E01004438,Waltham Forest 024C,797.0,0.6311166875784191,21,0.236069058640046,0.0064594815549033,True,1.0064594815549033,503.0,63.60987309706461,0.203,63.60987309706461,63.33143133974568,62.81309036143729,62.34047294863407
E01004440,Waltham Forest 024D,805.0,0.546583850931677,14,0.4655428240675149,0.0189835345015294,True,1.0189835345015295,440.0,56.335232550298834,0.23,56.335232550298834,56.237060595120134,56.05430586831568,55.88767218551915
E01004441,Waltham Forest 024E,609.0,0.7635467980295566,7,0.0230254629629629,0.0032893518518518,True,1.0032893518518518,465.0,58.61913484172076,0.17,58.61913484172076,58.17377475939725,57.34470234226458,56.58876353516792
E01004371,Waltham Forest 025A,606.0,0.6914191419141914,14,0.027352237653935,0.0019537312609953,True,1.0019537312609954,419.0,52.749936164014336,0.166,52.749936164014336,52.32857779628687,51.54418643685399,50.82898731034421
E01004373,Waltham Forest 025B,680.0,0.5588235294117647,7,0.045874999999228,0.0065535714284611,True,1.006553571428461,380.0,48.05966500463294,0.281,48.05966500463294,48.21509048625475,48.5044271036272,48.76824094288429
E01004374,Waltham Forest 025C,706.0,0.6246458923512748,14,0.0422831790123455,0.0030202270723103,True,1.0030202270723103,441.0,55.5787185369318,0.208,55.5787185369318,55.36254907381213,54.96013281242679,54.59321423896851
E01004375,Waltham Forest 025D,708.0,0.632768361581921,12,0.1203248456786261,0.0100270704732188,True,1.0100270704732188,448.00000000000006,56.85534200336518,0.251,56.85534200336518,56.87277214451486,56.905219707346575,56.93480502635289
E01004376,Waltham Forest 025E,656.0,0.5594512195121951,8,0.5011581790115738,0.0626447723764467,True,1.0626447723764467,367.0,49.00206960255011,0.256,49.00206960255011,49.04100061025994,49.113473707747715,49.179553854342146
E01004336,Waltham Forest 026A,581.0,0.5094664371772806,12,0.1283121141963731,0.010006140689236,True,1.010006140689236,296.0,37.56435825591991,0.328,37.56435825591991,37.858124124049816,38.40499212598406,38.903620154704704
E01004428,Waltham Forest 026B,709.0,0.6614950634696756,7,3.896604899691358e-05,5.566578428130512e-06,True,1.0000055665784282,469.0,58.92987349048195,0.502,58.92987349048195,60.391304448025664,63.11187179236865,65.59245417625915
E01004429,Waltham Forest 026C,699.0,0.6094420600858369,6,0.0524104938271603,0.0087350823045267,True,1.0087350823045267,426.0,53.99418283730158,0.295,53.99418283730158,54.242564179114396,54.704945356953786,55.126539259702035
E01004430,Waltham Forest 026D,1077.0,0.4716805942432683,7,0.0557098765420523,0.0079585537917217,True,1.0079585537917217,507.99999999999994,64.33786358481728,0.29,64.33786358481728,64.60243652726746,65.09495962848631,65.5440365943931
E01004434,Waltham Forest 026E,749.0,0.678237650200267,6,0.002949074074074,0.000491512345679,True,1.000491512345679,508.0,63.86124329906203,0.33,63.86124329906203,64.37312295399256,65.32602672700293,66.1948735569803
E01004335,Waltham Forest 027A,615.0,0.6325203252032521,8,0.0244980709876542,0.0020704571759259,True,1.0020704571759258,389.0,48.97879637488162,0.468,48.97879637488162,50.03094546482382,51.98960279358876,53.775484284784014
E01004337,Waltham Forest 027B,647.0,0.5904173106646059,12,0.1404915123449073,0.0117076260287422,True,1.011707626028742,382.0,48.559995190367864,0.446,48.559995190367864,49.498899594704,51.2467431371659,52.84040701401982
E01004338,Waltham Forest 027C,646.0,0.5603715170278638,10,0.0403726851847992,0.0040372685184799,True,1.00403726851848,362.0,45.66870035578828,0.246,45.66870035578828,45.660418937880515,45.64500243461813,45.630945842160166
E01004339,Waltham Forest 027D,695.0,0.6863309352517986,11,0.0906253858005396,0.0082386714364126,True,1.0082386714364127,477.0,60.42852289236698,0.268,60.42852289236698,60.54729232498112,60.768390857353296,60.969985986268924
E01004340,Waltham Forest 027E,716.0,0.5754189944134078,11,0.026808256171682,0.0024371141974256,True,1.0024371141974255,412.0,51.893695855874775,0.429,51.893695855874775,52.81097156930252,54.518551622146575,56.075503706782705
E01004341,Waltham Forest 027F,740.0,0.581081081081081,3,0.0112253086419752,0.003741769547325,True,1.003741769547325,429.99999999999994,54.231385672198144,0.415,54.231385672198144,55.115894897735416,56.762477585987256,58.2638129668554
E01004327,Waltham Forest 028A,472.0,0.8050847457627118,6,0.0633834876531633,0.0105639146088605,True,1.0105639146088605,380.0,48.25114587090227,0.314,48.25114587090227,48.56256822166585,49.142305138700856,49.67090267063784
E01004328,Waltham Forest 028B,658.0,0.6200607902735562,13,0.1437912808634254,0.0095658089980561,True,1.0095658089980561,408.0,51.75532564206398,0.292,51.75532564206398,51.978256838955744,52.393260593439216,52.77165630004092
E01004329,Waltham Forest 028C,641.0,0.6489859594383776,20,0.0581913580239195,0.0029095679011959,True,1.002909567901196,416.0,52.422213362191336,0.309,52.422213362191336,52.73497944429397,53.31721782168311,53.84809615674059
E01004330,Waltham Forest 028D,609.0,0.7372742200328407,16,0.1637646604930551,0.0073050733024208,True,1.0073050733024207,449.0,56.82868553644431,0.217,56.82868553644431,56.65756320202053,56.33900567282764,56.04854853828377
E01004331,Waltham Forest 028E,603.0,0.6832504145936982,16,0.2557627314803235,0.0159851707175202,True,1.0159851707175203,412.0,52.59504531165074,0.386,52.59504531165074,53.3040293742541,54.62385832574982,55.82726336317214
E01004332,Waltham Forest 028F,651.0,0.6359447004608295,18,0.1521331018510799,0.0084518389917266,True,1.0084518389917265,414.0,52.45848595440793,0.348,52.45848595440793,52.97110830470319,53.92539466287482,54.795502118288404
E01004560,Wandsworth 001A,883.0,0.6194790486976217,9,0.6485694444390426,0.0531566643801439,True,1.053156664380144,547.0,72.38366270323645,0.142,72.38366270323645,71.63595403288298,70.24403621347072,68.97490136561011
E01004566,Wandsworth 001B,786.0,0.5712468193384224,2,0.190082561728009,0.0419264403291537,True,1.0419264403291537,449.0,58.78190391263464,0.116,58.78190391263464,58.025562195024285,56.61757328697934,55.33378500315984
E01004582,Wandsworth 001C,985.0,0.700507614213198,4,0.5614050925910492,0.1403512731477623,True,1.1403512731477623,690.0,98.86623391839187,0.102,98.86623391839187,97.45906553501896,94.83951219106173,92.45103322464563
E01004583,Wandsworth 001D,814.0,0.6130221130221131,0,0.0,,False,1.0,499.00000000000006,62.699025974025965,0.174,62.699025974025965,62.24714186102192,61.40592445357592,60.63891198234577
E01004539,Wandsworth 003A,781.0,0.4507042253521127,2,0.0874895833314042,0.0437447916657021,True,1.043744791665702,352.0,46.1633410713859,0.406,46.1633410713859,46.875719048548326,48.20186603585083,49.411031786513966
E01004540,Wandsworth 003B,1043.0,0.4937679769894535,11,0.3456836419714503,0.0276707585107322,True,1.0276707585107323,515.0,66.49997419642256,0.261,66.49997419642256,66.58525267466052,66.74400519175474,66.88875393253524
E01004577,Wandsworth 003C,820.0,0.6134146341463415,8,0.0332908950617282,0.004161361882716,True,1.004161361882716,503.0,63.46462820306863,0.151,63.46462820306863,62.86478804966977,61.748138970396525,60.72999103122037
E01004584,Wandsworth 003D,716.0,0.4092178770949721,1,0.0684193672839506,0.0684193672839506,True,1.0684193672839506,293.0,39.3341365180826,0.381,39.3341365180826,39.84517141750511,40.796502612462966,41.66391558364523
E01004579,Wandsworth 004B,827.0,0.6481257557436517,12,0.2615011574066354,0.0217917631172196,True,1.0217917631172195,536.0,68.81568474251007,0.138,68.81568474251007,68.07797205279446,66.70466252846295,65.45249451256385
E01004580,Wandsworth 004C,893.0,0.444568868980963,10,0.2343831018487649,0.0234383101848765,True,1.0234383101848765,396.99999999999994,51.05196056444617,0.205,51.05196056444617,50.838452443759394,50.44099047821518,50.078589175396644
E01004581,Wandsworth 004D,838.0,0.5155131264916468,3,0.0935362654317129,0.0311787551439043,True,1.0311787551439042,432.00000000000006,55.972918506486515,0.208,55.972918506486515,55.75521583069077,55.349945374711496,54.98042437906188
E01033099,Wandsworth 004E,913.0,0.4917853231106243,2,0.1260354938267744,0.0210059156377957,True,1.0210059156377957,448.99999999999994,57.601639908756574,0.209,57.601639908756574,57.383223283824385,56.97662375602264,56.605890927790895
E01033133,Wandsworth 004G,645.0,0.524031007751938,0,0.0,,False,1.0,338.0,42.46948051948051,0.166,42.46948051948051,42.13024084847349,41.49871982718722,40.922906137547585
E01035488,Wandsworth 004H,744.0,0.6518817204301075,1,0.0478341049378858,0.0478341049378858,True,1.0478341049378859,485.0,63.8549423137391,0.093,63.8549423137391,62.890012040409324,61.09371931947148,59.45588003233365
E01035489,Wandsworth 004I,694.0,0.4596541786743516,0,0.0,,False,1.0,319.0,40.08214285714285,0.105,40.08214285714285,39.52338538947264,38.48321492359834,37.534799314899594
E01004565,Wandsworth 005A,779.0,0.5455712451861361,10,0.3927175925825611,0.0392717592582561,True,1.039271759258256,425.0,55.49812422207845,0.211,55.49812422207845,55.298514972907036,54.92692683723671,54.58811699842747
E01004590,Wandsworth 005B,815.0,0.5914110429447853,6,0.1521759259247684,0.0253626543207947,True,1.0253626543207948,482.0,62.099025117232166,0.303,62.099025117232166,62.433167610465496,63.05519983905315,63.62236175535535
E01004591,Wandsworth 005C,865.0,0.4971098265895953,29,0.4236400462932091,0.0127548646586224,True,1.0127548646586224,429.99999999999994,54.71835617787055,0.243,54.71835617787055,54.69241524833643,54.6441241912679,54.60009295428614
E01004592,Wandsworth 005D,779.0,0.5622593068035944,4,0.0805451388877313,0.0201362847219328,True,1.0201362847219329,438.0,56.14260424612855,0.324,56.14260424612855,56.559744335084694,57.33628304064066,58.04432220659502
E01004604,Wandsworth 006A,591.0,1.120135363790186,17,0.6866269290054006,0.0378975013612699,True,1.03789750136127,662.0,86.33217937134712,0.04,86.33217937134712,84.58109531839739,81.32131621828731,78.34908668391412
E01004605,Wandsworth 006B,804.0,0.7475124378109452,20,0.3416601080231475,0.0170830054011573,True,1.0170830054011573,601.0,76.80528733027238,0.168,76.80528733027238,76.20676805094763,75.09257788145281,74.07667194826583
E01004606,Wandsworth 006C,750.0,0.7626666666666667,17,0.3140489969104931,0.0184734704064995,True,1.0184734704064995,572.0,73.19914328021568,0.047,73.19914328021568,71.76443799116232,69.09362255646329,66.65840339832948
E01004607,Wandsworth 006D,683.0,0.8316251830161054,6,0.1608260030860337,0.0268043338476722,True,1.0268043338476722,568.0,73.28182514579865,0.057,73.28182514579865,71.91700869491548,69.37629676587875,67.05970450551295
E01004608,Wandsworth 006E,781.0,0.5313700384122919,6,0.0912091049374997,0.0085515260630572,True,1.008551526063057,415.0,52.59039540368742,0.186,52.59039540368742,52.27294827410504,51.68199576291095,51.14317197969086
E01004535,Wandsworth 007A,709.0,0.4047954866008462,3,0.0791689814783949,0.0263896604927983,True,1.0263896604927982,286.99999999999994,37.0130107796346,0.59,37.0130107796346,38.24875131330525,40.54917838762692,42.64668164842753
E01004537,Wandsworth 007B,931.0,0.3823845327604726,2,0.1413317901222993,0.0706658950611496,True,1.0706658950611496,355.99999999999994,47.89213691375476,0.363,47.89213691375476,48.430237774302256,49.43195436009902,50.345308157991674
E01004538,Wandsworth 007C,1086.0,0.4861878453038674,5,0.2839398148136574,0.0567879629627314,True,1.0567879629627315,528.0,70.11033285712749,0.307,70.11033285712749,70.51494845049515,71.26817183381405,71.95495235394357
E01004541,Wandsworth 007D,771.0,0.377431906614786,4,0.1228695987627314,0.0307173996906828,True,1.0307173996906829,291.0,37.68711084446935,0.421,37.68711084446935,38.323849731948826,39.50918867335286,40.5899672481234
E01004534,Wandsworth 008A,792.0,0.7537878787878788,10,0.2194679783923606,0.0192624871397247,True,1.0192624871397247,597.0,76.45759278125804,0.08,76.45759278125804,75.20522938556222,72.87385756125987,70.74813922913026
E01004536,Wandsworth 008B,881.0,0.3961407491486947,6,0.6604679783919749,0.094843503514714,True,1.094843503514714,349.0,48.01066497247006,0.275,48.01066497247006,48.13782231019117,48.374535580025714,48.590368049089825
E01004552,Wandsworth 008C,886.0,0.4887133182844244,13,0.4103140431793977,0.0223366126528667,True,1.0223366126528668,433.0,55.62141835027711,0.077,55.62141835027711,54.69406538686253,52.967725749726455,51.393668889345435
E01004585,Wandsworth 008D,823.0,0.5783718104495748,9,0.0500613425918206,0.003232853223551,True,1.003232853223551,476.0,60.00244492143401,0.108,60.00244492143401,59.18355764360729,57.659135312703775,56.26918435724903
E01004588,Wandsworth 008E,881.0,0.6004540295119183,6,0.0884452160470675,0.0147408693411779,True,1.014740869341178,529.0,67.44831006303049,0.06,67.44831006303049,66.21188334439971,63.91017888342827,61.81151091599858
E01004554,Wandsworth 009A,622.0,0.7861736334405145,18,0.1993240740717585,0.0110735596706532,True,1.0110735596706533,489.0,62.122920017127726,0.045,62.122920017127726,60.89318494024977,58.60393749063344,56.51662768457681
E01004556,Wandsworth 009B,585.0,0.8564102564102564,18,0.5209567901195982,0.0289420438955332,True,1.0289420438955332,501.0,64.77223573531597,0.043,64.77223573531597,63.47741582104413,61.06700788669079,58.869225327703724
E01004586,Wandsworth 009C,851.0,0.5534665099882491,43,0.1672280092588725,0.0034449080055417,True,1.0034449080055416,471.0,59.38471671965133,0.059,59.38471671965133,58.290312684303,56.252994489613776,54.395390914890974
E01004587,Wandsworth 009D,697.0,0.7288378766140603,57,0.1978437499996131,0.0034709429824493,True,1.0034709429824493,508.0,64.05141996966805,0.058,64.05141996966805,62.86476279225302,60.65570820151705,58.64151733275345
E01004589,Wandsworth 009E,732.0,0.6065573770491803,43,0.3524949845671285,0.0075174747583321,True,1.0075174747583322,444.0,56.20769891323853,0.052,56.20769891323853,55.133450536622384,53.13365366763619,51.31026161123977
E01004511,Wandsworth 010B,652.0,0.7116564417177914,7,0.1732295524683638,0.0161188455319664,True,1.0161188455319663,464.0,59.24104832937795,0.069,59.24104832937795,58.20710018971971,56.282325344915385,54.527337517503156
E01004602,Wandsworth 010C,713.0,0.7503506311360448,38,0.1121296296257708,0.0029507797269939,True,1.0029507797269939,535.0,67.42076110018682,0.056,67.42076110018682,66.15852335504009,63.8087696615676,61.6662909500483
E01004609,Wandsworth 010E,1013.0,0.5616979269496545,8,0.0435628858016974,0.0054453607252121,True,1.005445360725212,569.0,71.88379375577072,0.076,71.88379375577072,70.67829039701707,68.43415217454962,66.38797244911723
E01033135,Wandsworth 010G,466.0,0.7381974248927039,22,0.1097858796288573,0.0049902672558571,True,1.004990267255857,344.0,43.43907282442783,0.051,43.43907282442783,42.60462113830615,41.051224451328736,39.63485500731462
E01035490,Wandsworth 010H,780.0,0.8166666666666667,6,0.1765802469120367,0.0245099665635609,True,1.0245099665635609,637.0,82.00038066470208,0.077,82.00038066470208,80.63322214437002,78.0881502709733,75.76758266289313
E01035491,Wandsworth 010I,622.0,0.4694533762057878,2,0.0987592592588733,0.0164598765431455,True,1.0164598765431454,292.0,37.29351684703947,0.084,37.29351684703947,36.697211490720974,35.58714271102058,34.5749946142064
E01035492,Wandsworth 010J,852.0,0.4718309859154929,0,0.0,,False,1.0,401.99999999999994,50.51103896103894,0.197,50.51103896103894,50.26036157903577,49.79370614387958,49.368215021889114
E01035493,Wandsworth 010K,832.0,0.3786057692307692,4,0.3920844907229937,0.0615339506149208,True,1.0615339506149208,315.0,42.01503124990646,0.221,42.01503124990646,41.90491527458938,41.699925825726424,41.51301877606629
E01004506,Wandsworth 011A,1104.0,0.5760869565217391,3,0.1531936728391202,0.0170215192043466,True,1.0170215192043466,636.0,81.27322745610526,0.08,81.27322745610526,79.94198471861435,77.46377286719799,75.2041674672601
E01004638,Wandsworth 011B,505.0,1.386138613861386,3,1.54320987654321e-05,5.1440329218107e-06,True,1.0000051440329218,700.0,87.95499789562288,0.07,87.95499789562288,86.4284811174617,83.58675145803453,80.99569465232383
E01004639,Wandsworth 011C,767.0,0.7770534550195567,0,0.0,,False,1.0,596.0,74.88701298701297,0.116,74.88701298701297,73.92344821181466,72.12969747180726,70.4941759339909
E01004640,Wandsworth 011D,768.0,0.7747395833333334,6,0.1221111111099535,0.0203518518516589,True,1.020351851851659,595.0,76.2828958333189,0.069,76.2828958333189,74.95151226636925,72.47303824996688,70.21319381097439
E01004641,Wandsworth 011E,785.0,0.8866242038216561,3,0.4266180555547838,0.1422060185182612,True,1.1422060185182612,696.0,99.88814139608138,0.224,99.88814139608138,99.65558913045226,99.2226750085378,98.82794883247338
E01004508,Wandsworth 012A,982.0,0.5529531568228105,5,0.2151550925906634,0.0204271090533178,True,1.020427109053318,543.0,69.62128997518613,0.106,69.62128997518613,68.65754140158182,66.86344850655252,65.22761499567592
E01004510,Wandsworth 012B,863.0,0.5909617612977984,3,0.1286624228387344,0.0428874742795781,True,1.0428874742795782,510.00000000000006,66.82944831122089,0.116,66.82944831122089,65.96955952984038,64.36880971246782,62.90926422235269
E01004514,Wandsworth 012C,801.0,0.7590511860174781,12,0.3814999999976849,0.0317916666664737,True,1.0317916666664737,608.0,78.82352337660863,0.11,78.82352337660863,77.76315761783898,75.78920432125851,73.9893761404558
E01004515,Wandsworth 012D,766.0,0.5091383812010444,4,0.1040578703695987,0.0260144675923996,True,1.0260144675923997,390.0,50.27804012783145,0.166,50.27804012783145,49.876426885022425,49.12879261068192,48.447108176595734
E01004551,Wandsworth 012E,786.0,0.3676844783715012,3,0.1423491512334103,0.0158165723592678,True,1.0158165723592678,288.99999999999994,36.88700418908362,0.205,36.88700418908362,36.7327363636152,36.44555481317262,36.18370593944874
E01004568,Wandsworth 013A,458.0,0.5087336244541485,0,0.0,,False,1.0,233.0,29.276298701298693,0.435,29.276298701298693,29.81092903312127,30.80618495988526,31.71364800230063
E01004574,Wandsworth 013B,703.0,0.4964438122332859,2,0.164303240739969,0.0821516203699845,True,1.0821516203699846,348.99999999999994,47.45410529286726,0.561,47.45410529286726,48.90415056776565,51.60352257870061,54.064779298485846
E01004575,Wandsworth 013C,681.0,0.6035242290748899,5,0.0623827160489966,0.0124765432097993,True,1.0124765432097993,411.0,52.286195303026304,0.377,52.286195303026304,52.945096626112935,54.17169266438676,55.29008899117454
E01004576,Wandsworth 013D,593.0,0.866779089376054,3,0.376841820984182,0.1146703532224365,True,1.1146703532224365,514.0,71.98960952022746,0.469,71.98960952022746,73.54309544054966,76.43503025478724,79.07186355004605
E01004500,Wandsworth 014A,984.0,0.5203252032520326,8,0.1913445216049381,0.0239180652006172,True,1.0239180652006172,512.0,65.87117568542567,0.173,65.87117568542567,65.39000147133294,64.49425826359303,63.67752978736933
E01004501,Wandsworth 014B,667.0,0.6506746626686657,4,0.090996913579475,0.0150460310569058,True,1.0150460310569058,434.0,55.35230561177135,0.259,55.35230561177135,55.41248579526837,55.524515885471004,55.62666364843677
E01004503,Wandsworth 014C,719.0,0.7190542420027817,3,0.0198209876535493,0.0066069958845164,True,1.0066069958845163,517.0,65.38990945765522,0.18,65.38990945765522,64.95691664201527,64.15086685328968,63.41591981711028
E01004505,Wandsworth 014D,781.0,0.6811779769526248,8,0.1788283178981478,0.0223535397372684,True,1.0223535397372685,532.0,68.33968706989212,0.094,68.33968706989212,67.31365521742482,65.40361715666693,63.662066161456934
E01004507,Wandsworth 014E,1236.0,0.4668284789644012,5,0.2336620370208331,0.0267494212945987,True,1.0267494212945987,576.9999999999999,74.43899968365666,0.103,74.43899968365666,73.38676928788927,71.42796060200969,69.64194110511762
E01004553,Wandsworth 015A,780.0,0.6230769230769231,10,0.0564023919745367,0.0056402391974536,True,1.0056402391974535,486.0,61.41000891842058,0.068,61.41000891842058,60.33221292003877,58.325811877331006,56.49639821039517
E01004557,Wandsworth 015B,662.0,0.7054380664652568,16,0.3134405864182092,0.019590036651138,True,1.019590036651138,466.99999999999994,59.827755757767356,0.082,59.827755757767356,58.85946263622207,57.05690971189122,55.413362442450165
E01004558,Wandsworth 015C,670.0,0.7776119402985074,8,0.4574031635787032,0.049545524691165,True,1.049545524691165,521.0,68.70672581393035,0.092,68.70672581393035,67.66177435815571,65.71651598496351,63.94285150917331
E01004559,Wandsworth 015D,517.0,0.9613152804642168,13,0.279684799381944,0.0215142153370726,True,1.0215142153370727,497.00000000000006,63.79124112458351,0.051,63.79124112458351,62.56583033068025,60.28463287000653,58.20466295237543
E01004619,Wandsworth 015E,502.0,1.2270916334661357,7,0.074659336419367,0.0098570601851576,True,1.0098570601851575,616.0000000000001,78.1629364583312,0.082,78.1629364583312,76.89789429230349,74.54291995133534,72.3956811127649
E01004572,Wandsworth 016A,667.0,0.8020989505247377,5,0.5600455246874998,0.1120091049374999,True,1.1120091049374998,535.0,74.75192374408591,0.296,74.75192374408591,75.1030882030953,75.75680814432366,76.35286255686408
E01004642,Wandsworth 016B,828.0,0.7210144927536232,9,0.2080609567878084,0.0179832604593406,True,1.0179832604593406,597.0,76.36163458222907,0.264,76.36163458222907,76.48191390985014,76.70582322916232,76.9099812016638
E01004643,Wandsworth 016C,967.0,0.6421923474663909,2,0.0202337962962962,0.0101168981481481,True,1.010116898148148,621.0,78.8176505783279,0.335,78.8176505783279,79.48786895239188,80.73553256088806,81.87313805876056
E01004644,Wandsworth 016D,1063.0,0.8485418626528692,9,0.4878476080196755,0.0380401234564471,True,1.0380401234564471,902.0,117.64701884916745,0.193,117.64701884916745,117.01723680744585,115.84484857527015,114.7758783099824
E01004645,Wandsworth 016E,816.0,0.6004901960784313,5,0.0481049382708331,0.0096209876541666,True,1.0096209876541666,490.0,62.160528535344014,0.428,62.160528535344014,63.25321561718178,65.28733756942894,67.14202684662007
E01004477,Wandsworth 017A,607.0,0.9736408566721582,19,0.3762989969108788,0.0176289324776708,True,1.0176289324776708,591.0,75.56786900957643,0.054,75.56786900957643,74.13835473941492,71.47720278995142,69.05079468782478
E01004478,Wandsworth 017B,520.0,1.0365384615384616,34,0.5644162808611101,0.0163197508169026,True,1.0163197508169026,539.0,68.83025512407472,0.033,68.83025512407472,67.38714846384316,64.70069322354321,62.2512138684171
E01004479,Wandsworth 017C,608.0,0.9671052631578948,16,0.2668804012330239,0.0166800250770639,True,1.016680025077064,588.0,75.11416876182997,0.054,75.11416876182997,73.69323712059567,71.04806240212449,68.63622215762699
E01004550,Wandsworth 017D,521.0,0.7773512476007678,8,0.0675073302465275,0.0084384162808159,True,1.008438416280816,405.0,51.31740103109534,0.177,51.31740103109534,50.962569375734695,50.30202266339744,49.6997436785498
E01004555,Wandsworth 017E,579.0,0.9447322970639032,27,0.3708298611064807,0.0130865912206932,True,1.0130865912206932,546.9999999999999,69.62963876912899,0.031,69.62963876912899,68.15618298711722,65.41323049717398,62.91223759194416
E01004494,Wandsworth 018A,804.0,0.6256218905472637,6,0.3633742283927468,0.0605623713987911,True,1.060562371398791,503.0,67.02926356456494,0.197,67.02926356456494,66.69660914577686,66.07734708345724,65.51271097327387
E01004513,Wandsworth 018B,848.0,0.5117924528301887,6,0.1554243827160492,0.0259040637860081,True,1.0259040637860082,434.0,55.944413878366994,0.263,55.944413878366994,56.027074343370245,56.1809532252943,56.32125824091809
E01004601,Wandsworth 018D,1094.0,0.5740402193784278,3,0.1775536265428239,0.0591845421809412,True,1.0591845421809412,628.0,83.57791376411922,0.266,83.57791376411922,83.72587094691315,84.00130474540522,84.25244215242003
E01035494,Wandsworth 018E,959.0,0.3910323253388947,1,0.2138557098753856,0.0712852366251285,True,1.0712852366251284,375.0,50.47736037831875,0.12,50.47736037831875,49.847575109179935,48.675180868916215,47.60620512552208
E01035495,Wandsworth 018F,510.0,0.4392156862745098,0,0.0,,False,1.0,224.0,28.14545454545454,0.615,28.14545454545454,29.15379885610881,31.03091018268887,32.74243895590524
E01004493,Wandsworth 019A,844.0,0.6623222748815166,8,0.5545686728375768,0.0693210841046971,True,1.0693210841046972,559.0,75.1069604180589,0.189,75.1069604180589,74.67558549617283,73.8725475424509,73.14034666319677
E01004512,Wandsworth 019B,607.0,0.8105436573311368,16,0.4702098765416663,0.0293881172838541,True,1.0293881172838542,492.0,63.636238663413934,0.103,63.636238663413934,62.73671039357538,61.06216858672238,59.535340399283854
E01004620,Wandsworth 019C,680.0,0.861764705882353,16,0.553562885799768,0.0345976803624855,True,1.0345976803624855,586.0,76.17796465843024,0.131,76.17796465843024,75.30929256508445,73.69219192964232,72.21773794944706
E01004621,Wandsworth 019D,696.0,0.9051724137931034,3,0.1099629629618053,0.0186499485594563,True,1.0186499485594562,630.0,80.63540388255876,0.139,80.63540388255876,79.77885084800349,78.184310782679,76.73042727390421
E01004623,Wandsworth 019E,705.0,0.8028368794326242,12,0.3864668209845674,0.0322055684153806,True,1.0322055684153806,566.0,73.40791302494863,0.109,73.40791302494863,72.41323699179091,70.56157022639148,68.87324151486881
E01004627,Wandsworth 019F,608.0,0.8075657894736842,13,0.5023753857989965,0.0386442604460766,True,1.0386442604460766,491.0,64.07794364843575,0.119,64.07794364843575,63.27221668120731,61.772293291612186,60.40468019239901
E01004499,Wandsworth 020A,704.0,0.6505681818181818,7,0.1339618055520831,0.0191374007931547,True,1.0191374007931546,457.99999999999994,58.6487103055141,0.142,58.6487103055141,58.042880929619294,56.9150824470462,55.886768608660105
E01004502,Wandsworth 020B,684.0,0.8011695906432749,10,0.5719918981454472,0.0571991898145447,True,1.0571991898145447,548.0,72.79434265555498,0.068,72.79434265555498,71.51674226759188,69.13838982016989,66.96983508983934
E01004504,Wandsworth 020C,552.0,1.056159420289855,4,0.2188526234564042,0.054713155864101,True,1.054713155864101,583.0,77.2615054997449,0.12,77.2615054997449,76.2975454655723,74.50305892025541,72.86686648352065
E01004594,Wandsworth 020D,626.0,0.9249201277955272,12,0.1757662037021602,0.0120498649690393,True,1.0120498649690393,579.0,73.62761343935308,0.048,73.62761343935308,72.19169480600311,69.51862063656621,67.08134198977014
E01004596,Wandsworth 020E,643.0,0.8506998444790047,22,0.5608553240690578,0.0240129010005435,True,1.0240129010005434,547.0,70.3806061688,0.071,70.3806061688,69.1659723416838,66.90483704252415,64.84315957574455
E01004629,Wandsworth 020F,602.0,0.9551495016611296,5,0.1572098765416664,0.0314419753083332,True,1.0314419753083333,575.0,74.52000829723599,0.127,74.52000829723599,73.64115514512703,72.00510167728537,70.5133667199171
E01004472,Wandsworth 021A,756.0,0.6997354497354498,9,0.315513117282407,0.0350570130313785,True,1.0350570130313785,529.0,68.79869379182561,0.096,68.79869379182561,67.77919748903675,65.88132586210229,64.15086808297457
E01004474,Wandsworth 021B,984.0,0.4034552845528455,7,0.2849286265374227,0.0311755401228597,True,1.0311755401228597,397.0,51.4379151977065,0.161,51.4379151977065,51.00194014161236,50.1903386804312,49.4503296924045
E01004476,Wandsworth 021C,886.0,0.4683972911963883,2,0.0,0.0,True,1.0,415.0,52.14448051948051,0.146,52.14448051948051,51.62619184675627,50.66135718886291,49.78163191365004
E01004542,Wandsworth 021D,596.0,0.825503355704698,23,0.5313973765432094,0.0231042337627482,True,1.0231042337627483,492.0,63.24777224849425,0.084,63.24777224849425,62.23647086006048,60.35385470330005,58.63730668849054
E01004544,Wandsworth 021E,590.0,0.7949152542372881,14,0.2199571759239963,0.015711226851714,True,1.0157112268517139,469.0,59.85540091145019,0.073,59.85540091145019,58.83409341654709,56.932850114683454,55.19931808067615
E01004628,Wandsworth 022A,889.0,0.6737907761529809,9,0.3356574074050923,0.0340079732507715,True,1.0340079732507714,599.0,77.82353581272112,0.276,77.82353581272112,78.03724734350382,78.43508797275538,78.7978345368386
E01004630,Wandsworth 022B,658.0,0.6458966565349544,7,0.2026936728387343,0.028956238976962,True,1.028956238976962,425.0,54.94726539147266,0.547,54.94726539147266,56.55121200076784,59.53708331052325,62.25956683475747
E01004631,Wandsworth 022C,741.0,0.6815114709851552,6,0.3769880401211417,0.0628313400201903,True,1.0628313400201903,505.0,67.43975420027462,0.349,67.43975420027462,68.10535380325099,69.34441921028782,70.47418496579279
E01004633,Wandsworth 022D,601.0,0.5956738768718802,4,0.0197662037037036,0.0049415509259259,True,1.0049415509259259,358.0,45.20475068655302,0.556,45.20475068655302,46.56400719192155,49.09436885013265,51.401523851195975
E01004569,Wandsworth 023A,724.0,0.7251381215469613,10,0.8808128857974532,0.0869906442896218,True,1.0869906442896218,525.0,71.70432602387788,0.462,71.70432602387788,73.2026766819692,75.99197291915125,78.53522152639235
E01004570,Wandsworth 023B,720.0,0.5444444444444444,2,0.0119675925925925,0.0059837962962962,True,1.0059837962962963,391.99999999999994,49.549274621212106,0.516,49.549274621212106,50.84576268890487,53.259276020539474,55.45989004547314
E01004571,Wandsworth 023C,687.0,0.5967976710334789,2,0.0,0.0,True,1.0,410.0,51.51623376623376,0.484,51.51623376623376,52.70332378164843,54.91318413397106,56.92810968699149
E01004573,Wandsworth 023D,633.0,0.8562401263823065,7,0.6370979938229164,0.0771873622128802,True,1.0771873622128803,542.0,73.35855778363651,0.357,73.35855778363651,74.13984070285967,75.59425959672511,76.92038221391455
E01004495,Wandsworth 024A,522.0,0.6973180076628352,5,0.1498784722210644,0.0137027777777198,True,1.0137027777777199,364.0,46.36307886363371,0.32,46.36307886363371,46.68946029500129,47.29704470355313,47.85103326175373
E01004496,Wandsworth 024B,935.0,0.5807486631016042,4,0.0907276234556326,0.0226819058639081,True,1.022681905863908,543.0,69.77512934420373,0.146,69.77512934420373,69.08160130793422,67.79054495106573,66.61337443840887
E01004497,Wandsworth 024C,522.0,0.9022988505747126,2,0.0496913580243055,0.0248456790121527,True,1.0248456790121527,471.0,60.651232413408486,0.147,60.651232413408486,60.05430953725702,58.943091196379356,57.92989494274909
E01004622,Wandsworth 024D,519.0,0.6435452793834296,7,0.4290416666624229,0.0306458333330302,True,1.0306458333330302,334.0,43.25299322238987,0.149,43.25299322238987,42.83574330872233,42.05900015592793,41.35077457730523
E01004624,Wandsworth 024E,610.0,0.8327868852459016,12,0.2292569444429007,0.0147450917351679,True,1.014745091735168,508.0,64.7710474203789,0.152,64.7710474203789,64.16518000608338,63.03731071207008,62.00893230861762
E01004593,Wandsworth 025A,836.0,0.6543062200956937,14,0.496662422836805,0.035475887345486,True,1.035475887345486,547.0,71.16845945333719,0.123,71.16845945333719,70.30135399542414,68.68716977363594,67.21537494626374
E01004595,Wandsworth 025B,794.0,0.7367758186397985,7,0.0999347993815585,0.0142763999116512,True,1.0142763999116513,585.0,74.55425505129813,0.122,74.55425505129813,73.63862247965946,71.93410126299945,70.37993819043066
E01004597,Wandsworth 025C,768.0,0.7473958333333334,9,0.1139355709864965,0.0126595078873885,True,1.0126595078873886,574.0,73.03576550749632,0.147,73.03576550749632,72.31695539476034,70.97883448703038,69.75875105181144
E01004598,Wandsworth 025D,954.0,0.6551362683438156,8,0.1493692129625768,0.0186711516203221,True,1.0186711516203222,625.0,79.9971054539498,0.08,79.9971054539498,78.6867653950001,76.24746550473728,74.02333958872426
E01004599,Wandsworth 025E,567.0,0.9329805996472664,19,0.2410474537017741,0.012686708089567,True,1.012686708089567,529.0000000000001,67.3117730325391,0.024,67.3117730325391,65.84138775015153,63.10415123397043,60.608370088651846
E01004473,Wandsworth 026A,753.0,0.5883134130146083,10,0.3186724537006171,0.0318672453700617,True,1.0318672453700617,443.0,57.4364780563275,0.103,57.4364780563275,56.6245863289597,55.11318675909463,53.73510980914419
E01004475,Wandsworth 026B,635.0,0.5937007874015748,12,0.1226844135779319,0.0102237011314943,True,1.0102237011314943,377.0,47.85409992577398,0.142,47.85409992577398,47.35977670296112,46.43955559323768,45.60050844418966
E01004480,Wandsworth 026C,669.0,0.6591928251121076,7,0.1159263117272374,0.0165609016753196,True,1.0165609016753197,441.0,56.32902578124082,0.065,56.32902578124082,55.32391521250476,53.4528237479081,51.74678381642931
E01004483,Wandsworth 026D,961.0,0.6108220603537982,3,0.0686157407395831,0.022871913579861,True,1.022871913579861,587.0,75.44311355065695,0.184,75.44311355065695,74.97299873187744,74.0978434483101,73.29988680735438
E01004484,Wandsworth 026E,626.0,0.6437699680511182,5,0.0730316358020832,0.0146063271604166,True,1.0146063271604167,403.0,51.37630434748887,0.156,51.37630434748887,50.91578464026534,50.05849140281775,49.27682117250245
E01004486,Wandsworth 026F,737.0,0.576662143826323,7,0.5402075617280089,0.0753050595237819,True,1.0753050595237819,425.00000000000006,57.42233755362792,0.136,57.42233755362792,56.79555626109244,55.62875415681572,54.56487725945696
E01004543,Wandsworth 027A,717.0,0.8926080892608089,13,0.1491504629625768,0.0114731125355828,True,1.0114731125355827,640.0,81.33820146519905,0.057,81.33820146519905,79.82334133140616,77.00331142169978,74.43204020115544
E01004545,Wandsworth 027B,1020.0,0.4,3,0.0032476851851851,0.001082561728395,True,1.001082561728395,408.0,51.32043252164501,0.073,51.32043252164501,50.444756449345945,48.814617362567944,47.32827507063347
E01004546,Wandsworth 027C,614.0,0.7068403908794788,12,0.1039382716041663,0.0086615226336805,True,1.0086615226336806,434.0,55.00414675925575,0.086,55.00414675925575,54.13539172780938,52.51813669664518,51.043541940185285
E01004549,Wandsworth 027D,666.0,0.7522522522522522,6,0.0971496913572529,0.0161916152262088,True,1.0161916152262087,501.0,63.96959211083243,0.141,63.96959211083243,63.30255685648057,62.06081887279553,60.928616292278036
E01004625,Wandsworth 027E,472.0,1.3008474576271187,14,0.3934895833298606,0.0281063988092757,True,1.0281063988092758,614.0,79.31707346502027,0.018,79.31707346502027,77.53800039042805,74.22611755056374,71.20638041846905
E01004626,Wandsworth 027F,767.0,0.8996088657105606,8,0.1867179783942898,0.0193935988939686,True,1.0193935988939686,690.0,88.37943919242092,0.128,88.37943919242092,87.34575876159454,85.42148227759338,83.66694884989735
E01004632,Wandsworth 028A,574.0,0.8344947735191638,13,0.1181087962951384,0.0090852920227029,True,1.009085292022703,479.0,60.73284670068977,0.173,60.73284670068977,60.28920683125163,59.4633367241406,58.71031774692571
E01004634,Wandsworth 028B,680.0,0.7102941176470589,0,0.0,,False,1.0,483.0,60.688636363636355,0.26,60.688636363636355,60.760540397414246,60.894395346368825,61.01644276749357
E01004635,Wandsworth 028C,668.0,0.7410179640718563,7,0.2860887345644287,0.0408698192234898,True,1.0408698192234898,495.0,64.73838536348954,0.264,64.73838536348954,64.84035658903224,65.03018395298815,65.20326638595515
E01004636,Wandsworth 028D,619.0,0.7883683360258481,0,0.0,,False,1.0,488.0,61.316883116883105,0.318,61.316883116883105,61.736567836744406,62.51784357055902,63.23020190504082
E01004637,Wandsworth 028E,568.0,0.8063380281690141,4,0.3585686728379627,0.0896421682094906,True,1.0896421682094906,458.0,62.706076541058216,0.287,62.706076541058216,62.94558234474348,63.391441018342334,63.79796988951101
E01004481,Wandsworth 029A,688.0,0.5494186046511628,5,0.4663746141952158,0.0763700360078188,True,1.0763700360078188,378.0,51.12268411929862,0.159,51.12268411929862,50.67940364134284,49.8542025694166,49.10179361087926
E01004488,Wandsworth 029B,555.0,0.7297297297297297,9,0.0588032407407404,0.0065336934156378,True,1.0065336934156377,405.0,51.22047351866881,0.121,51.22047351866881,50.58641489615487,49.40606547635757,48.32983629067951
E01004547,Wandsworth 029C,557.0,0.800718132854578,7,0.2923368055536264,0.0417624007933752,True,1.0417624007933752,446.0,58.379959059005884,0.193,58.379959059005884,58.067442429418,57.48566842727836,56.95521350429555
E01004548,Wandsworth 029D,1022.0,0.4520547945205479,12,0.5455652006107251,0.0232678594390271,True,1.0232678594390272,462.0,59.400699240435515,0.174,59.400699240435515,58.97258681171606,58.17562224266169,57.44895900652019
E01004482,Wandsworth 030A,609.0,0.6223316912972086,10,0.1679969135794751,0.0167996913579475,True,1.0167996913579476,379.0,48.42112374368319,0.149,48.42112374368319,47.95401827429157,47.08446512856737,46.291616453225764
E01004485,Wandsworth 030B,748.0,0.5521390374331551,10,0.2425528549347989,0.0242552854934798,True,1.0242552854934799,413.0,53.151865758346865,0.172,53.151865758346865,52.758416628504406,52.02598048515853,51.35815353417847
E01004487,Wandsworth 030C,701.0,0.6419400855920114,5,0.097822916665895,0.019564583333179,True,1.019564583333179,450.0,57.648432528400356,0.167,57.648432528400356,57.19357113869822,56.3468112992146,55.574745301445205
E01004489,Wandsworth 030D,600.0,0.6783333333333333,16,0.2374976851820981,0.0120020576129918,True,1.0120020576129918,407.0,51.75306236771581,0.194,51.75306236771581,51.481070639129506,50.97473689075521,50.51306753373739
E01004490,Wandsworth 031A,600.0,0.8166666666666667,8,0.1316030092577158,0.013019145447362,True,1.013019145447362,490.0,62.36974693220234,0.05,62.36974693220234,61.16555649447978,58.92386237658294,56.87991115791949
E01004491,Wandsworth 031B,1124.0,0.4715302491103202,3,0.0793854166658949,0.0264618055552983,True,1.0264618055552983,529.9999999999999,68.35635744722309,0.193,68.35635744722309,67.99043566884843,67.30924383033474,66.68814085408215
E01004492,Wandsworth 031C,741.0,0.6545209176788124,10,0.065606481479552,0.0065606481479552,True,1.0065606481479552,484.99999999999994,61.33974053705532,0.212,61.33974053705532,61.12510645199164,60.725548416223305,60.36123594039737
E01004498,Wandsworth 031D,745.0,0.72751677852349,13,0.1803441358005397,0.0138726258308107,True,1.0138726258308106,542.0,69.04670089562202,0.11,69.04670089562202,68.1178568875216,66.38874155478368,64.81215384670014
E01004532,Wandsworth 032A,622.0,0.6511254019292605,5,0.153733024690972,0.0307466049381944,True,1.0307466049381944,405.0,52.45261984577528,0.192,52.45261984577528,52.166714748969085,51.63448018397838,51.14919475674616
E01004611,Wandsworth 032B,554.0,0.7057761732851986,12,0.1499533179004626,0.007400859482103,True,1.007400859482103,391.0,49.49249216047186,0.173,49.49249216047186,49.130960568375585,48.45794140292789,47.844290177090144
E01004612,Wandsworth 032C,542.0,0.6881918819188192,5,0.3916084104922838,0.0783216820984567,True,1.0783216820984567,373.0,50.537926341751394,0.27,50.537926341751394,50.64711938954875,50.85039073708204,51.035731241476924
E01004618,Wandsworth 032D,530.0,0.8679245283018868,11,0.5976693672816356,0.054333578843785,True,1.054333578843785,460.0,60.93911159278266,0.081,60.93911159278266,59.94688501027255,58.09977808768271,56.415606989008786
E01004531,Wandsworth 033A,652.0,0.6549079754601227,4,0.0973676697523147,0.0243419174380786,True,1.0243419174380786,427.0,54.95827192036526,0.304,54.95827192036526,55.25935434520391,55.81984268626679,56.330889585402595
E01004533,Wandsworth 033B,612.0,0.6405228758169934,3,0.0338614969124228,0.0112871656374742,True,1.0112871656374742,391.99999999999994,49.81048966748939,0.311,49.81048966748939,50.11739460200491,50.68872199749405,51.20965182326415
E01004610,Wandsworth 033C,714.0,0.6862745098039216,15,0.8627581018495364,0.057517206789969,True,1.057517206789969,490.0,65.10941166350057,0.179,65.10941166350057,64.67192275679614,63.85750314501177,63.11492459929481
E01004613,Wandsworth 033D,698.0,0.4426934097421203,4,0.2461184413564814,0.0615296103391203,True,1.0615296103391203,308.99999999999994,41.21457642635811,0.316,41.21457642635811,41.48862692826778,41.99879324323989,42.46395709092247
E01004614,Wandsworth 034A,835.0,0.5604790419161677,7,0.2611844135790891,0.0307849151233189,True,1.0307849151233188,468.00000000000006,60.61416905437499,0.239,60.61416905437499,60.56177377899526,60.46423590047957,60.375301971418345
E01004615,Wandsworth 034B,708.0,0.5508474576271186,4,0.0941419753070985,0.0097780992795781,True,1.0097780992795782,390.0,49.48240536502166,0.531,49.48240536502166,50.84957216608336,53.394659454702044,55.71524111820644
E01004616,Wandsworth 034C,765.0,0.4549019607843137,0,0.0,,False,1.0,348.0,43.72597402597402,0.262,43.72597402597402,43.78631433944689,43.89864252404865,44.00106208609954
E01004617,Wandsworth 034D,725.0,0.4662068965517241,2,0.3526709104930555,0.1763354552465277,True,1.1763354552465277,337.99999999999994,49.95835570096664,0.238,49.95835570096664,49.91029637426769,49.82083020131342,49.73925596164394
E01004525,Wandsworth 035A,725.0,0.4537931034482758,0,0.0,,False,1.0,328.99999999999994,41.33863636363635,0.299,41.33863636363635,41.544935815167314,41.928978282650235,42.279143839656165
E01004526,Wandsworth 035B,753.0,0.5086321381142098,2,0.1768418209868827,0.0884209104934413,True,1.0884209104934413,383.0,52.37884278384686,0.311,52.37884278384686,52.70157250246409,53.30235896383394,53.850149231056264
E01004527,Wandsworth 035C,601.0,0.6089850249584027,0,0.0,,False,1.0,366.0,45.98766233766233,0.176,45.98766233766233,45.66519536053821,45.06489801288426,44.51755371398905
E01004528,Wandsworth 035D,713.0,0.544179523141655,2,0.1509340277766201,0.0487244727361753,True,1.0487244727361753,388.0,51.12736101564062,0.426,51.12736101564062,52.016123720897944,53.67062459232941,55.17917968262642
E01004529,Wandsworth 035E,887.0,0.588500563697858,13,0.1756222993788576,0.0135094076445275,True,1.0135094076445275,522.0,66.47502905061738,0.232,66.47502905061738,66.37216054198194,66.18066281579085,66.00605736552242
E01004530,Wandsworth 035F,736.0,0.6100543478260869,8,0.1735462962928237,0.0216932870366029,True,1.021693287036603,449.0,57.64041903744844,0.189,57.64041903744844,57.30936275289959,56.69307574171098,56.13115224933584
E01004516,Wandsworth 036A,503.0,1.073558648111332,22,0.5580995370289347,0.0253681607740424,True,1.0253681607740424,540.0,69.57189553199979,0.106,69.57189553199979,68.60883071223257,66.81601067812854,65.18133774737683
E01004518,Wandsworth 036B,651.0,0.8970814132104454,15,0.6567484567878081,0.0437832304525205,True,1.0437832304525205,584.0,76.59200011302376,0.159,76.59200011302376,75.9278773463384,74.69156118487179,73.56430216023114
E01004519,Wandsworth 036C,614.0,0.7866449511400652,5,0.3425084876508487,0.0685016975301697,True,1.0685016975301698,483.0,64.84591097533664,0.262,64.84591097533664,64.93539606246955,65.10197950905854,65.25386840234972
E01004520,Wandsworth 036D,439.0,0.9043280182232346,5,0.0815898919753085,0.0163179783950617,True,1.0163179783950618,397.0,50.696778533324306,0.234,50.696778533324306,50.62822060954941,50.50059470450393,50.38422685481914
E01004523,Wandsworth 036E,709.0,0.7179125528913963,4,0.0870455246913579,0.0217613811728394,True,1.0217613811728394,509.0,65.347279918042,0.27,65.347279918042,65.48847029081801,65.75130714638566,65.99095880401289
E01004517,Wandsworth 037A,885.0,0.6440677966101694,8,0.3158445216026231,0.0394805652003278,True,1.0394805652003278,570.0,74.44773307712347,0.253,74.44773307712347,74.48508594007168,74.55462119839504,74.61802265662944
E01004521,Wandsworth 037B,764.0,0.7552356020942408,18,0.4533533950555546,0.0251862997253085,True,1.0251862997253085,577.0,74.32567387739013,0.273,74.32567387739013,74.50802151309328,74.84747581331276,75.15698638617589
E01004522,Wandsworth 037C,639.0,0.755868544600939,2,0.0678645833329472,0.015783757715985,True,1.015783757715985,483.0,61.646531096113506,0.275,61.646531096113506,61.80980333527991,62.11374730185663,62.39087995609795
E01004524,Wandsworth 037D,817.0,0.5152998776009792,3,0.0841763117280092,0.028058770576003,True,1.028058770576003,421.0,54.382640036894934,0.522,54.382640036894934,55.837436557027445,58.54565338034457,61.01497469953389
E01033098,Wandsworth 038C,949.0,0.327713382507903,0,0.0,,False,1.0,310.99999999999994,39.07694805194804,0.045,39.07694805194804,38.3034123954855,36.86341563354888,35.55044295233705
E01033132,Wandsworth 038D,1146.0,0.306282722513089,2,2.819398148123456,0.0906064814809876,True,1.0906064814809877,351.0,48.09893267043277,0.138,48.09893267043277,47.583306136663275,46.62342725739839,45.74822060481393
E01035496,Wandsworth 038A,705.0,0.4070921985815602,0,0.0,,False,1.0,286.99999999999994,36.06136363636362,0.024,36.06136363636362,35.27362479121238,33.80718768932496,32.4701070066544
E01035497,Wandsworth 038B,655.0,0.265648854961832,0,0.0,,False,1.0,173.99999999999994,21.862987012987002,0.246,21.862987012987002,21.85902244796203,21.851642101948556,21.844912786334998
E01035498,Wandsworth 038E,651.0,0.293394777265745,1,0.0268101851840277,0.0268101851840277,True,1.0268101851840277,190.99999999999997,24.64244430462589,0.147,24.64244430462589,24.399916030353467,23.94843079277892,23.536771684526084
E01004563,Wandsworth 039E,868.0,0.3963133640552995,4,0.5295636573877313,0.0914331597197627,True,1.0914331597197626,343.99999999999994,47.17542652180926,0.432,47.17542652180926,48.02311218437108,49.601144947348516,51.03997728545748
E01004564,Wandsworth 039D,828.0,0.538647342995169,9,0.2074969135798607,0.0230552126199845,True,1.0230552126199846,445.99999999999994,57.33161552228393,0.216,57.33161552228393,57.15338426960184,56.82159293639834,56.51906936976675
E01004567,Wandsworth 039A,981.0,0.3934760448521916,2,0.1115100308634258,0.0557550154317129,True,1.0557550154317128,386.0,51.20480380364289,0.471,51.20480380364289,52.31976127944459,54.39534130143579,56.287831575426736
E01033100,Wandsworth 039B,850.0,0.2811764705882353,3,0.0001454475304783,4.8482510159433335e-05,True,1.0000484825101594,239.0,30.03165074441953,0.244,30.03165074441953,30.02034384077863,29.999295160611908,29.98010321326524
E01035499,Wandsworth 039C,610.0,0.4737704918032787,1,0.0208406635802469,0.0208406635802469,True,1.020840663580247,289.0,37.069442317144656,0.463,37.069442317144656,37.847671490965766,39.29640560035624,40.61734489567193
E01004647,Westminster 001A,621.0,0.6344605475040258,41,0.7186277006122668,0.0158265253311125,True,1.0158265253311125,394.0,50.28934965241473,0.192,50.28934965241473,50.015235958514026,49.50495200673782,49.03968089915426
E01004649,Westminster 001B,594.0,0.664983164983165,19,0.1624228395057866,0.0085485705003045,True,1.0085485705003046,395.0,50.05577182776916,0.064,50.05577182776916,49.15771395603775,47.48590940957524,45.96157702505032
E01004724,Westminster 001C,870.0,0.4459770114942529,21,0.4381983024652767,0.0116711010984829,True,1.011671101098483,388.0,49.32093696641032,0.156,49.32093696641032,48.878840872885604,48.055844624656075,47.305445999306436
E01004730,Westminster 001D,697.0,0.5724533715925395,24,0.3231689814760797,0.0134653742281699,True,1.0134653742281698,399.00000000000006,50.8091652047709,0.099,50.8091652047709,50.07112156192573,48.69719594261404,47.44446617831428
E01004646,Westminster 002A,642.0,0.8333333333333334,55,0.911344521597606,0.0158692760941497,True,1.0158692760941497,535.0,68.28917346393285,0.149,68.28917346393285,67.6304062987161,66.40406000574691,65.28589139388944
E01004648,Westminster 002B,1032.0,0.6036821705426356,31,0.426488425923224,0.0110285970893982,True,1.0110285970893982,623.0,79.14285902170485,0.126,79.14285902170485,78.20176332240978,76.44984051402268,74.85245720886121
E01004650,Westminster 002C,857.0,0.6091015169194866,38,0.4684567901176685,0.0123278102662544,True,1.0123278102662543,522.0,66.39752930621009,0.067,66.39752930621009,65.22571907489554,63.0443032285804,61.05531305285081
E01004710,Westminster 002D,720.0,0.4097222222222222,20,0.4856358024629623,0.0242817901231481,True,1.024281790123148,295.0,37.966600834223755,0.442,37.966600834223755,38.68586330463699,40.02482631135103,41.245677562852784
E01004711,Westminster 002E,817.0,0.3574051407588739,10,0.2063352623449071,0.0206335262344907,True,1.0206335262344908,292.0,37.44664642811765,0.428,37.44664642811765,38.10490123666364,39.33029373785773,40.44759269321503
E01004651,Westminster 003A,1012.0,0.325098814229249,14,0.2004170524672065,0.0143155037476576,True,1.0143155037476577,329.0,41.93041976742305,0.084,41.93041976742305,41.259972568716925,40.01188298535967,38.87388908845031
E01004725,Westminster 003B,586.0,0.4948805460750853,17,1.3090073301720668,0.0323670967214732,True,1.0323670967214733,290.0,37.61771404709445,0.358,37.61771404709445,38.02202081164604,38.77466928611432,39.460925610888005
E01004726,Westminster 003C,793.0,0.562421185372005,21,0.4367245370339498,0.0196379427541151,True,1.0196379427541151,446.0,57.140113050404466,0.095,57.140113050404466,56.287804100575535,54.701164728919444,53.25448498283596
E01004728,Westminster 003D,728.0,0.3379120879120879,12,0.7503503086134252,0.0404132748186567,True,1.0404132748186568,245.99999999999997,32.15890408743043,0.23,32.15890408743043,32.102862737324195,31.998537407246225,31.90341475699349
E01004729,Westminster 003E,738.0,0.3794037940379404,6,0.0434918981469905,0.007248649691165,True,1.007248649691165,280.0,35.43683885731643,0.391,35.43683885731643,35.931819242054516,36.853263709791875,37.6934263027729
E01004718,Westminster 004A,791.0,0.4070796460176991,38,0.2804074074050916,0.0073791423001339,True,1.007379142300134,322.0,40.75764429824314,0.356,40.75764429824314,41.18774395670952,41.98840790843211,42.71844419964506
E01004719,Westminster 004B,780.0,0.55,46,0.3206342592554001,0.006970309983813,True,1.006970309983813,429.00000000000006,54.27929603066317,0.392,54.27929603066317,55.04276377098585,56.4640183243123,57.75990207272846
E01004720,Westminster 004C,857.0,0.5682613768961493,55,0.5221118827060168,0.0085710952111999,True,1.0085710952112,486.99999999999994,61.71570965693493,0.328,61.71570965693493,62.198347185336345,63.09681446642515,63.91602672176785
E01004721,Westminster 004D,838.0,0.4272076372315035,42,0.4787395833287028,0.0106967500733851,True,1.010696750073385,357.99999999999994,45.46363374534648,0.541,45.46363374534648,46.76412852455049,49.185100661159396,51.39251553969537
E01004722,Westminster 004E,869.0,0.5638665132336018,35,0.2726832561709096,0.0077909501763117,True,1.0077909501763116,490.0,62.047856455173346,0.483,62.047856455173346,63.471572232231765,66.12192983598818,68.53849577638258
E01004674,Westminster 005A,770.0,0.4688311688311688,28,0.3488927469116506,0.0124604552468446,True,1.0124604552468446,361.0,45.924614552328215,0.44,45.924614552328215,46.78567572103173,48.38860802855165,49.850143488378
E01004675,Westminster 005B,1073.0,0.3737185461323392,33,0.9249776234521596,0.0262124836324997,True,1.0262124836324997,400.99999999999994,51.70611581086905,0.469,51.70611581086905,52.82189798335277,54.899013242332444,56.79290332796067
E01004677,Westminster 005C,801.0,0.4019975031210986,39,0.6091381172584865,0.0113099873374188,True,1.0113099873374187,322.0,40.916682714956195,0.323,40.916682714956195,41.2167013549079,41.775209377701294,42.28445064514634
E01004678,Westminster 005D,835.0,0.4982035928143712,31,0.3158645833283164,0.010189180107365,True,1.010189180107365,415.99999999999994,52.80271963761197,0.327,52.80271963761197,53.210502036171015,53.96962067355244,54.6617764193335
E01004679,Westminster 005E,918.0,0.3474945533769063,27,0.7559714506141968,0.0279989426153406,True,1.0279989426153406,319.0,41.20440047489988,0.476,41.20440047489988,42.12170837434024,43.82934834394903,45.38635506001026
E01004723,Westminster 005F,962.0,0.3918918918918919,30,0.3613622685146598,0.0100163022975565,True,1.0100163022975566,377.0,47.84427548341272,0.406,47.84427548341272,48.58259310507208,49.95702875724646,51.21022356371366
E01004676,Westminster 006A,711.0,0.4458509142053445,29,0.4406041666620359,0.0151932471262771,True,1.015193247126277,316.99999999999994,40.43600401435211,0.292,40.43600401435211,40.61017829807284,40.93441726815143,41.230054675922354
E01004706,Westminster 006B,682.0,0.4457478005865102,29,0.2489197530829468,0.0085834397614809,True,1.0085834397614808,303.99999999999994,38.52526770164241,0.092,38.52526770164241,37.939342028543656,36.84859583611053,35.854065854755255
E01004707,Westminster 006C,754.0,0.5941644562334217,57,0.3991010802403534,0.0061707830209743,True,1.0061707830209743,448.0,56.63826807696247,0.055,56.63826807696247,55.572371128617924,53.58812109262927,51.77890446186206
E01004708,Westminster 006D,725.0,0.3586206896551724,21,0.3177168209818667,0.0141892636681731,True,1.014189263668173,260.0,33.132377828016736,0.264,33.132377828016736,33.18456555486993,33.281717065667884,33.370298709035374
E01004756,Westminster 006E,751.0,0.3928095872170439,19,0.4105879629594902,0.0216098927873415,True,1.0216098927873416,294.99999999999994,37.86756279547624,0.344,37.86756279547624,38.222822520012485,38.88416611639972,39.48717169106715
E01004701,Westminster 007A,769.0,0.4538361508452536,22,0.2115324074035482,0.0054666061656758,True,1.0054666061656758,349.0,44.09134293134892,0.134,44.09134293134892,43.60146828379656,42.689528542768706,41.8580322515752
E01004703,Westminster 007B,865.0,0.6427745664739885,63,1.1322353394934397,0.017514283876932,True,1.017514283876932,556.0,71.08460502933998,0.097,71.08460502933998,70.0381713886611,68.09015381303931,66.31397352783361
E01004705,Westminster 007D,585.0,0.5623931623931624,20,0.4323877314756938,0.0216193865737846,True,1.0216193865737846,329.0,42.23235232361492,0.063,42.23235232361492,41.47053446679071,40.052351299864505,38.759268006660186
E01004709,Westminster 007E,716.0,0.4664804469273743,23,0.7821948302102618,0.0269819343791431,True,1.026981934379143,334.0,43.09923080324002,0.319,43.09923080324002,43.398430093391475,43.95541283283251,44.463263364252526
E01035715,Westminster 007H,1172.0,0.5435153583617748,40,1.3278993055486097,0.030878192515268,True,1.030878192515268,637.0,82.51008478593222,0.115,82.51008478593222,81.4403831528304,79.44905040037624,77.6333758292346
E01004659,Westminster 008A,845.0,0.3313609467455621,20,0.5801331018468352,0.0247344907405574,True,1.0247344907405573,280.0,36.052022537872325,0.154,36.052022537872325,35.721828466340554,35.10714653171475,34.546686529907035
E01004660,Westminster 008B,666.0,0.3573573573573573,11,0.1850767746882712,0.0168251613352973,True,1.0168251613352972,237.99999999999997,30.4076942564769,0.081,30.4076942564769,29.912588211023987,28.99090981609665,28.15053393096253
E01004712,Westminster 008C,736.0,0.391304347826087,9,0.1531847993827158,0.0170205332647462,True,1.0170205332647462,288.0,36.80293524531023,0.119,36.80293524531023,36.340168874981615,35.478693299500286,34.69320966090027
E01004727,Westminster 008D,765.0,0.4444444444444444,8,0.3889942129529319,0.0384214650837673,True,1.0384214650837673,340.0,44.36217414796172,0.045,44.36217414796172,43.484016430628465,41.849257568687385,40.35870301826537
E01004670,Westminster 009A,926.0,0.3920086393088552,9,0.8052310956462186,0.0669289051763759,True,1.066928905176376,362.99999999999994,48.66338945716962,0.621,48.66338945716962,50.43530497539292,53.733863467622385,56.74145161098185
E01004702,Westminster 009E,1073.0,0.4109972041006524,20,0.0459918981466043,0.0022935088733796,True,1.0022935088733795,441.0,55.53845009054969,0.585,55.53845009054969,57.36559544252452,60.766968564047524,63.868301917854374
E01033598,Westminster 009F,544.0,0.2849264705882353,7,0.074832561728009,0.0084672067900683,True,1.0084672067900684,155.0,19.640553701072157,0.62,19.640553701072157,20.35378260597422,21.681513661418233,22.892123747409016
E01033601,Westminster 009G,608.0,0.4407894736842105,4,0.1947434413560955,0.045484423224971,True,1.045484423224971,268.0,35.205669623117224,0.396,35.205669623117224,35.71459813143967,36.66200811560638,37.525845771355904
E01033602,Westminster 009H,632.0,0.2784810126582278,2,0.0059506172839506,0.0029753086419753,True,1.0029753086419753,175.99999999999994,22.180082539682527,0.691,22.180082539682527,23.13920188588601,24.92467711421595,26.552653134540396
E01033603,Westminster 009I,591.0,0.2910321489001692,3,0.0115833333329474,0.0038611111109824,True,1.0038611111109823,172.0,21.695133441555654,0.42,21.695133441555654,22.05956440150214,22.737980965610213,23.35655347820223
E01033604,Westminster 009J,542.0,0.2785977859778598,5,0.1756863425922065,0.0351372685184413,True,1.0351372685184412,151.0,19.63971316896498,0.495,19.63971316896498,20.113352798931615,20.995069792555228,21.799009326163002
E01033605,Westminster 009K,700.0,0.3585714285714286,15,0.3596327160447526,0.0239755144029835,True,1.0239755144029834,251.00000000000003,32.29412647485798,0.565,32.29412647485798,33.293536634081306,35.15401634319975,36.850380596641706
E01004754,Westminster 010A,677.0,0.3530280649926144,10,0.5088452932048609,0.050884529320486,True,1.050884529320486,238.99999999999994,31.558267133259633,0.502,31.558267133259633,32.34089614335633,33.79782089003284,35.12622831533502
E01004755,Westminster 010B,990.0,0.4131313131313131,7,0.2485243055547838,0.0355034722221119,True,1.035503472222112,409.0,53.2151286018612,0.34,53.2151286018612,53.69360239663701,54.58431856387816,55.39646344171006
E01004757,Westminster 010C,622.0,0.4196141479099678,24,0.3104131944390422,0.0129338831016267,True,1.0129338831016268,261.0,33.218640496898054,0.574,33.218640496898054,34.275835383597816,36.243885855305265,38.03833190747749
E01032512,Westminster 010F,893.0,0.4109742441209406,8,0.6663649691334875,0.0832956211416859,True,1.083295621141686,366.99999999999994,49.954348628289765,0.626,49.954348628289765,51.79764319977819,55.229079348923904,58.357823829635
E01032513,Westminster 010G,532.0,0.3703007518796992,15,0.0978541666662804,0.0065236111110853,True,1.0065236111110853,196.99999999999997,24.91440051542143,0.528,24.91440051542143,25.595475716250238,26.863350151817805,28.01938365210727
E01004713,Westminster 011A,695.0,0.4460431654676259,30,0.4933445216018509,0.0120212234224279,True,1.012021223422428,310.0,39.41954096558074,0.033,39.41954096558074,38.59306426564471,37.05451363545587,35.651680657288324
E01004714,Westminster 011B,821.0,0.3934226552984166,50,0.6350648148082549,0.0101102507715007,True,1.0101102507715007,323.0,40.995062161262446,0.086,40.995062161262446,40.347571587998345,39.14221754763167,38.043189433109134
E01004716,Westminster 011C,532.0,0.5958646616541353,18,0.3749726080200611,0.0169650312926418,True,1.0169650312926417,317.0,40.50657567336038,0.025,40.50657567336038,39.62568652614526,37.98584289512793,36.490652110053276
E01004717,Westminster 011D,746.0,0.3109919571045576,10,0.235763503085262,0.0235763503085262,True,1.0235763503085262,232.0,29.837915271461267,0.089,29.837915271461267,29.375379512684805,28.5143332385364,27.72924103201251
E01004762,Westminster 011E,762.0,0.5708661417322834,23,0.7306959876504622,0.0153721064813696,True,1.0153721064813697,435.0,55.497667943378616,0.119,55.497667943378616,54.79983082292413,53.5007527708417,52.31626816765953
E01004657,Westminster 012A,600.0,0.4116666666666667,25,0.7407932098333323,0.0194333333323765,True,1.0194333333323764,247.0,31.638510681788475,0.061,31.638510681788475,31.061617579778886,29.987686220652687,29.00848781319721
E01004658,Westminster 012B,773.0,0.2626131953428202,8,0.5526222993796293,0.0690777874224536,True,1.0690777874224535,203.0,27.268772746004988,0.192,27.268772746004988,27.1201380136569,26.843442903994628,26.5911554477903
E01004661,Westminster 012C,848.0,0.320754716981132,14,0.2557646604907405,0.0152706817678984,True,1.0152706817678985,271.99999999999994,34.698523716109094,0.187,34.698523716109094,34.49246176676248,34.10886142806002,33.75909899905109
E01004662,Westminster 012D,779.0,0.2554557124518614,8,0.4195027006122681,0.0456477141198398,True,1.0456477141198397,199.00000000000003,26.145606301140003,0.109,26.145606301140003,25.79133375900571,25.131827879406806,24.53049791402037
E01004663,Westminster 012E,719.0,0.4102920723226704,19,0.1285065586408173,0.0067635030863588,True,1.0067635030863589,295.0,37.31725822397862,0.14,37.31725822397862,36.92449551770199,36.19333720518896,35.526675365839075
E01004715,Westminster 013A,830.0,0.3012048192771084,20,0.3443796296269282,0.013854812885677,True,1.013854812885677,249.99999999999997,31.847549722951047,0.188,31.847549722951047,31.66152640164398,31.3152295269118,30.99947997237747
E01004763,Westminster 013B,1117.0,0.2417188898836168,14,0.3204849537013884,0.0147400104716434,True,1.0147400104716433,270.0,34.42538431629285,0.161,34.42538431629285,34.133603267222895,33.59043016027567,33.09517109480978
E01004765,Westminster 013D,1044.0,0.2998084291187739,20,0.5066122685135024,0.0176506622940521,True,1.0176506622940522,313.0,40.02241635530546,0.2,40.02241635530546,39.835508484327946,39.487564951616164,39.17031399305116
E01035716,Westminster 013G,1261.0,0.2164948453608247,18,1.062319444437885,0.0417000921637088,True,1.0417000921637087,272.99999999999994,35.73268066142465,0.221,35.73268066142465,35.63902991633005,35.4646917735922,35.3057322364887
E01004653,Westminster 014A,798.0,0.5238095238095238,38,0.4274174382662029,0.0112478273227948,True,1.0112478273227947,418.0,53.11218053074649,0.091,53.11218053074649,52.29922168124496,50.78583558056602,49.40594733439747
E01004654,Westminster 014B,1198.0,0.4307178631051753,31,0.4145868055505395,0.0133737679209851,True,1.013373767920985,516.0,65.70215404664847,0.103,65.70215404664847,64.77342308775498,63.04451820490459,61.46812238263664
E01004656,Westminster 014D,1104.0,0.3333333333333333,31,0.5295123456728386,0.0140864197529308,True,1.014086419752931,368.0,46.89030245309525,0.222,46.89030245309525,46.77198464076264,46.551726834655085,46.35089827039226
E01004760,Westminster 014E,697.0,0.400286944045911,18,0.5737916666639656,0.0277548439642418,True,1.0277548439642419,278.99999999999994,36.02914732706203,0.265,36.02914732706203,36.08941360922766,36.20160397879553,36.30389788266487
E01035717,Westminster 014H,997.0,0.3841524573721163,36,0.717680941335647,0.0166541548778988,True,1.016654154877899,382.99999999999994,48.9251608734276,0.211,48.9251608734276,48.74919250036229,48.42161369348983,48.122931060489286
E01004680,Westminster 015A,566.0,0.5318021201413428,14,0.0847843364182095,0.0060560240298721,True,1.0060560240298722,301.0,38.0494961270025,0.088,38.0494961270025,37.455954713471364,36.35103122814846,35.34357455226867
E01004683,Westminster 015B,624.0,0.7003205128205128,36,0.6587878086288569,0.0151025698727601,True,1.01510256987276,437.0,55.738029712438724,0.046,55.738029712438724,54.64012375265653,52.59628645338153,50.732738833190474
E01004684,Westminster 015C,472.0,0.4406779661016949,14,0.0560906635802467,0.0040064759700176,True,1.0040064759700176,208.0,26.239774444702118,0.251,26.239774444702118,26.247818771869824,26.262793912287307,26.276448075119614
E01004686,Westminster 015E,748.0,0.2687165775401069,17,0.2992191357970672,0.0102843931551946,True,1.0102843931551946,200.99999999999997,25.51525717219581,0.332,25.51525717219581,25.72475428706401,26.11474945344699,26.470342613654427
E01033593,Westminster 015F,871.0,0.2766934557979334,3,0.2826288580135029,0.0484139017471064,True,1.0484139017471064,241.0,31.747538757872512,0.246,31.747538757872512,31.741781759448017,31.73106465931115,31.72129292921185
E01033594,Westminster 015G,701.0,0.3495007132667617,21,0.1884320987638882,0.0089729570839946,True,1.0089729570839947,244.99999999999994,31.06031523568796,0.303,31.06031523568796,31.22744460935965,31.53856893168543,31.82224855269022
E01004681,Westminster 016A,918.0,0.3474945533769063,6,0.4665154320979936,0.0777525720163322,True,1.0777525720163321,319.0,43.19863255621176,0.119,43.19863255621176,42.65544559957506,41.6442608504969,40.72227408893494
E01004682,Westminster 016B,672.0,0.275297619047619,6,0.0702754629610338,0.0117125771601723,True,1.0117125771601723,184.99999999999997,23.51739024733198,0.176,23.51739024733198,23.352485545561684,23.045502622934308,22.765599083105347
E01004694,Westminster 016C,773.0,0.2923673997412678,31,0.5678657407388107,0.0172241201214157,True,1.0172241201214156,226.0,28.88586233573352,0.151,28.88586233573352,28.61284568716696,28.1046039705685,27.641194949808945
E01004697,Westminster 016D,668.0,0.3532934131736527,23,0.2323206018503079,0.010100895732622,True,1.010100895732622,236.0,29.95277110683501,0.162,29.95277110683501,29.70182165418356,29.234659738363895,28.80870681306087
E01004700,Westminster 016E,772.0,0.3264248704663212,22,0.2648711419737648,0.0106474554572811,True,1.010647455457281,251.99999999999994,32.000773521433715,0.122,32.000773521433715,31.60775838723787,30.87613016052855,30.209039858755315
E01004652,Westminster 017A,850.0,0.2329411764705882,7,0.2156207561705245,0.0308029651672177,True,1.0308029651672177,197.99999999999997,25.64490519769584,0.202,25.64490519769584,25.53014637826243,25.3165139141256,25.121726261371172
E01004693,Westminster 017B,589.0,0.4872665534804754,23,0.1432530864170519,0.0062283950616109,True,1.0062283950616109,287.0,36.285968055551315,0.085,36.285968055551315,35.709313752984094,34.635826937584994,33.657033860047406
E01004695,Westminster 017C,547.0,0.2413162705667276,3,0.1324884259251542,0.044162808641718,True,1.044162808641718,132.0,17.31818601190049,0.161,17.31818601190049,17.171401347534392,16.89815028325152,16.64900306848073
E01004696,Westminster 017D,693.0,0.3376623376623376,5,0.0716936728387342,0.0143387345677468,True,1.0143387345677468,233.99999999999997,29.823534780839605,0.441,29.823534780839605,30.385619814169264,31.431984802215485,32.38604850582658
E01004698,Westminster 017E,634.0,0.3091482649842271,27,0.6184490740675146,0.0212058899174882,True,1.0212058899174883,195.99999999999997,25.149515961695226,0.238,25.149515961695226,25.125322435167682,25.080284304645275,25.039219049117037
E01004699,Westminster 017F,898.0,0.3251670378619153,26,0.7646612654282398,0.0276494391024305,True,1.0276494391024305,291.99999999999994,37.704057537769806,0.176,37.704057537769806,37.439675465677375,36.947507684468384,36.49875469530821
E01004734,Westminster 018A,1003.0,0.201395812562313,3,0.0126477623452929,0.0042159207817643,True,1.0042159207817642,201.99999999999994,25.48817382830961,0.232,25.48817382830961,25.44873149233767,25.375306517537464,25.308358460028177
E01004735,Westminster 018B,1154.0,0.194107452339688,15,0.4452835648097987,0.0201086676952288,True,1.020108667695229,223.99999999999997,28.711422138040252,0.181,28.711422138040252,28.52410521527956,28.175400200872257,27.857454931951917
E01004736,Westminster 018C,580.0,0.4758620689655172,14,2.344167823921295,0.0562786981885512,True,1.0562786981885512,276.0,36.63092217886867,0.028,36.63092217886867,35.84503965070888,34.382058227217776,33.04812839283337
E01004761,Westminster 018D,697.0,0.5050215208034433,26,0.317472222218749,0.0122104700853365,True,1.0122104700853365,352.0,44.76862307691716,0.099,44.76862307691716,44.11832312556611,42.90773920947945,41.80394255371576
E01004687,Westminster 019A,674.0,0.7685459940652819,24,0.445448688242283,0.0136129195595501,True,1.01361291955955,518.0,65.97237906896906,0.02,65.97237906896906,64.50550134469208,61.77479442062396,59.28496688318175
E01004690,Westminster 019D,435.0,0.8735632183908046,35,0.994540509235724,0.0204859413573952,True,1.0204859413573952,380.0,48.724890433772245,0.029,48.724890433772245,47.68429765271632,45.747153291371994,43.98088707936466
E01004691,Westminster 019E,477.0,0.7610062893081762,28,1.425454089439813,0.0358389867159211,True,1.035838986715921,363.0,47.245356069103664,0.027,47.245356069103664,46.22714042069133,44.331652831441474,42.60336879077872
E01004692,Westminster 019F,446.0,0.6121076233183856,16,0.2937557870343357,0.0160966555746889,True,1.0160966555746889,273.0,34.854424596792676,0.034,34.854424596792676,34.12706203376921,32.77302007493099,31.53842000626267
E01035718,Westminster 019G,732.0,0.6612021857923497,16,0.8593545524386569,0.0472707368808352,True,1.0472707368808352,483.99999999999994,63.68902181288163,0.025,63.68902181288163,62.303988218234636,59.72564050432842,57.374732363069114
E01004731,Westminster 020A,1037.0,0.3143683702989392,17,0.2508124999969129,0.0123058051922997,True,1.0123058051922997,325.99999999999994,41.465754868399635,0.066,41.465754868399635,40.72990430832523,39.360061283089436,38.11105398166723
E01004732,Westminster 020B,691.0,0.2373371924746743,7,0.0644031635802468,0.0092004519400352,True,1.0092004519400353,163.99999999999994,20.796082559652636,0.558,20.796082559652636,21.425456220366236,22.597084219546492,23.66536131302947
E01004733,Westminster 020C,943.0,0.4909862142099682,15,1.5695397375536255,0.0436880744150312,True,1.0436880744150312,463.0,60.71723144862327,0.139,60.71723144862327,60.07226005463287,58.8715956623342,57.776843515619774
E01004744,Westminster 020D,734.0,0.3651226158038147,15,0.2822071759220674,0.0188138117281378,True,1.0188138117281378,268.0,34.30756275882971,0.258,34.30756275882971,34.34151487927725,34.40471939104973,34.46234854653131
E01004748,Westminster 020E,520.0,0.4461538461538462,13,0.2962619598749994,0.0150985428537214,True,1.0150985428537214,232.0,29.59078167908393,0.105,29.59078167908393,29.178277030908898,28.410367558742735,27.71019642971741
E01004740,Westminster 021A,659.0,0.2867981790591806,14,1.0746844135775455,0.0739317405201168,True,1.0739317405201168,189.0,25.50343808339704,0.462,25.50343808339704,26.03636399393588,27.028447007972385,27.933017024624657
E01004743,Westminster 021B,721.0,0.3453536754507628,8,0.1623194444421293,0.0137676142938367,True,1.0137676142938368,248.99999999999997,31.717431368895117,0.293,31.717431368895117,31.857146251288228,32.11723636679821,32.35438357805901
E01004746,Westminster 021D,671.0,0.2712369597615499,12,0.0606107253078701,0.0050508937756558,True,1.0050508937756557,181.99999999999997,22.98368657538783,0.43,22.98368657538783,23.392190214768362,24.15265149801082,24.8460314530281
E01004747,Westminster 021E,1048.0,0.3444656488549618,22,0.4443055555528542,0.0201957070705842,True,1.0201957070705843,360.99999999999994,46.275481054451326,0.226,46.275481054451326,46.17677711293905,45.9930320522161,45.82549539420837
E01035719,Westminster 021F,634.0,0.3706624605678233,17,0.5861292438252307,0.0315301379810048,True,1.031530137981005,234.99999999999997,30.458606622948853,0.141,30.458606622948853,30.141003153151182,29.54975960249188,29.010670452795228
E01035720,Westminster 021G,587.0,0.4156729131175468,13,0.2303730709857248,0.015796800807069,True,1.015796800807069,243.99999999999997,31.142746852795415,0.192,31.142746852795415,30.972996131478936,30.656991966719417,30.368862960845536
E01004742,Westminster 022A,707.0,0.4229137199434229,10,0.6408333332943669,0.0457437499980323,True,1.0457437499980322,299.0,39.28770991672801,0.163,39.28770991672801,38.96238449431792,38.35676592853834,37.804569803434646
E01004749,Westminster 022B,1053.0,0.4311490978157645,33,1.8720652006003076,0.0532922687518413,True,1.0532922687518413,454.0,60.084852284143174,0.205,60.084852284143174,59.83356704943146,59.36578004920171,58.939257179038
E01004751,Westminster 022C,770.0,0.4714285714285714,17,0.2269695216014653,0.0133511483294979,True,1.013351148329498,363.0,46.2196696975572,0.094,46.2196696975572,45.525741244655286,44.23393948109577,43.05608931508995
E01004752,Westminster 022D,705.0,0.3475177304964539,11,0.549353395059413,0.0499412177326739,True,1.049941217732674,245.0,32.32148589588424,0.319,32.32148589588424,32.54586497310809,32.96356406939314,33.344417358015534
E01004753,Westminster 022E,922.0,0.3904555314533622,14,0.6972040895023142,0.0450723012196134,True,1.0450723012196135,359.99999999999994,47.27255617075211,0.189,47.27255617075211,47.00104744357147,46.49561283986412,46.03476331273437
E01004668,Westminster 023D,588.0,0.5102040816326531,16,0.2414143518487649,0.0150883969905478,True,1.0150883969905478,300.0,38.26355938006577,0.328,38.26355938006577,38.562793235265566,39.119840320231305,39.62774952116943
E01004750,Westminster 023E,840.0,0.3464285714285714,6,0.0290821759255399,0.0048470293209233,True,1.0048470293209233,291.0,36.74118763020597,0.313,36.74118763020597,36.974737199757094,37.409507880456275,37.80592684571991
E01033597,Westminster 023F,585.0,0.335042735042735,1,0.0596466049378858,0.0596466049378858,True,1.0596466049378859,195.99999999999997,26.096205934333923,0.374,26.096205934333923,26.417426164637856,27.015402596159465,27.560630710103638
E01033599,Westminster 023G,525.0,0.3123809523809523,1,0.0271288580239197,0.0271288580239197,True,1.0271288580239197,163.99999999999997,21.165524143201985,0.474,21.165524143201985,21.632588300649804,22.502064540978857,23.29484309485527
E01035721,Westminster 023H,1304.0,0.3680981595092024,10,0.2279467592565581,0.0227946759256558,True,1.0227946759256559,479.9999999999999,61.686473701282395,0.276,61.686473701282395,61.85587117963666,62.1712177551596,62.45874717864144
E01004665,Westminster 024A,581.0,0.3907056798623063,12,0.1342866512337958,0.0111905542694829,True,1.0111905542694828,226.99999999999997,28.841584091564858,0.631,28.841584091564858,29.919898487531036,31.92726456764419,33.75755814471812
E01004669,Westminster 024B,729.0,0.3182441700960219,12,0.1237565586412034,0.0103130465534336,True,1.0103130465534336,231.99999999999997,29.451281354465408,0.422,29.451281354465408,29.951746488235553,30.88340124270011,31.732873459073698
E01004737,Westminster 024C,601.0,0.4692179700499168,4,0.0360459104934411,0.0090114776233602,True,1.0090114776233603,282.0,35.75242162303499,0.262,35.75242162303499,35.80175871331608,35.89360354251638,35.97734661391634
E01004741,Westminster 024F,669.0,0.3333333333333333,10,0.1705682870331786,0.0131758680552083,True,1.0131758680552083,223.0,28.388990450984583,0.293,28.388990450984583,28.514043593402928,28.746839740093716,28.95910062079551
E01035722,Westminster 024G,1180.0,0.3516949152542373,22,0.478250385799382,0.0217386538999719,True,1.021738653899972,415.0,53.27803133428733,0.1,53.27803133428733,52.509324385098886,51.07831663715395,49.773540036734865
