location_id,n_latitudes,n_longitudes,n_boroughs,n_categories
00PL9XV,1,1,1,1
00SBWQK,1,1,1,1
011O1CP,1,1,1,1
0123F8D,1,1,1,1
015QJEK,1,1,1,1
018B9PV,1,1,1,1
01AG2YW,1,1,1,1
01AYCCY,1,1,1,1
01CQHMU,1,1,1,1
01IKXD1,1,1,1,1
01IPEZ9,1,1,1,1
01MSV8O,1,1,1,1
024ZFBL,1,1,1,1
0277RG2,1,1,1,1
02AL13P,1,1,1,1
02AW4D9,1,1,1,1
02HCQYJ,1,1,1,1
02HCT8Y,1,1,1,1
02K6XEP,1,1,1,1
02KV4WA,1,1,1,1
02L91GW,1,1,1,1
02LJRZ3,1,1,1,1
02OH4M5,1,1,1,1
02R7NZT,1,1,1,1
02RIFHA,1,1,1,1
02S3MMS,1,1,1,1
02XEGK6,1,1,1,1
037GQVX,1,1,1,1
03CFWHA,1,1,1,1
03IKWZW,1,1,1,1
03TNXL8,1,1,1,1
03XUDH2,1,1,1,1
047Y6EG,1,1,1,1
04L7C32,1,1,1,1
054KROP,1,1,1,1
05DQUO3,1,1,1,1
05KVFLD,1,1,1,1
05OUAJ3,1,1,1,1
05QNR8Y,1,1,1,1
05QP4TZ,1,1,1,1
05VA8E1,1,1,1,1
05WD16H,1,1,1,1
06ADK11,1,1,1,1
06QK79P,1,1,1,1
06XG13T,1,1,1,1
073E5WP,1,1,1,1
078ZU9D,1,1,1,1
07JLC1I,1,1,1,1
07LMQWU,1,1,1,1
07P4XQH,1,1,1,1
07PE8R9,1,1,1,1
07QY3AU,1,1,1,1
07WPF45,1,1,1,1
084YO7U,1,1,1,1
0878MN0,1,1,1,1
089KDVI,1,1,1,1
08DVBJZ,1,1,1,1
08EIPVJ,1,1,1,1
08G6IBY,1,1,1,1
08SWDCY,1,1,1,1
08XGN7J,1,1,1,1
08YAUCH,1,1,1,1
09KUS46,1,1,1,1
09LCWJF,1,1,1,1
09NBGZU,1,1,1,1
09QRKGV,1,1,1,1
09USNVH,1,1,1,1
0A0EC2N,1,1,1,1
0A2ON6Q,1,1,1,1
0A5PE1F,1,1,1,1
0ABHF2I,1,1,1,1
0AGKZCF,1,1,1,1
0AM9NOO,1,1,1,1
0APA7AC,1,1,1,1
0AR3MY3,1,1,1,1
0AY5BA0,1,1,1,1
0AZ8CJS,1,1,1,1
0AZB96K,1,1,1,1
0B3RQ2V,1,1,1,1
0B84Z27,1,1,1,1
0B8I6AL,1,1,1,1
0BCNW5Z,1,1,1,1
0BCR139,1,1,1,1
0BFSQ0G,1,1,1,1
0BJYO37,1,1,1,1
0BRXM6G,1,1,1,1
0BUJBBK,1,1,1,1
0BX6WDO,1,1,1,1
0BZ4JHP,1,1,1,1
0C3OW1B,1,1,1,1
0C74FU2,1,1,1,1
0CA3RQT,1,1,1,1
0CAMDEY,1,1,1,1
0CG2JP3,1,1,1,1
0CIDML1,1,1,1,1
0CSY6OL,1,1,1,1
0CWD6H0,1,1,1,1
0CZWRCB,1,1,1,1
0D20ADY,1,1,1,1
0DAC93Z,1,1,1,1
0DCWQSG,1,1,1,1
0DHYMQN,1,1,1,1
0DIIJUN,1,1,1,1
0DL5KVK,1,1,1,1
0DMLSUY,1,1,1,1
0DQMY9A,1,1,1,1
0DS1DEQ,1,1,1,1
0DSE4C5,1,1,1,1
0EE0DVW,1,1,1,1
0ELQURR,1,1,1,1
0ESVSWN,1,1,1,1
0EXLNMA,1,1,1,1
0F4Z1HO,1,1,1,1
0F6R8BH,1,1,1,1
0F9NAZQ,1,1,1,1
0FDL7OV,1,1,1,1
0FDLTYO,1,1,1,1
0FEM7BD,1,1,1,1
0FLHV23,1,1,1,1
0FOQU6P,1,1,1,1
0FQUD3T,1,1,1,1
0FXNHQ4,1,1,1,1
0FYZHJA,1,1,1,1
0G1N8TN,1,1,1,1
0G3MEKH,1,1,1,1
0G52U1N,1,1,1,1
0G7QHMU,1,1,1,1
0G92A4J,1,1,1,1
0GHFCUR,1,1,1,1
0GHLL16,1,1,1,1
0GHLMBA,1,1,1,1
0GNCD31,1,1,1,1
0GST624,1,1,1,1
0GU0OV2,1,1,1,1
0GYK3TB,1,1,1,1
0GYMS8A,1,1,1,1
0HFUNRE,1,1,1,1
0HHDD24,1,1,1,1
0HKPGO4,1,1,1,1
0HPRF5P,1,1,1,1
0HVYMFJ,1,1,1,1
0I1Y7NF,1,1,1,1
0ICCFKC,1,1,1,1
0IMEH15,1,1,1,1
0IQ7KEZ,1,1,1,1
0IR426F,1,1,1,1
0IR46ZV,1,1,1,1
0IZQ8RK,1,1,1,1
0J87K29,1,1,1,1
0JAVAUX,1,1,1,1
0JGUFGK,1,1,1,1
0JIPYOE,1,1,1,1
0JKGDWB,1,1,1,1
0JWOXA7,1,1,1,1
0JWSEZH,1,1,1,1
0K0CWJG,1,1,1,1
0K1O8GI,1,1,1,1
0K3E8WV,1,1,1,1
0K6NKQF,1,1,1,1
0K87DL6,1,1,1,1
0KAI1DZ,1,1,1,1
0KCDIHQ,1,1,1,1
0KCDNOQ,1,1,1,1
0KDE5LN,1,1,1,1
0KPUW8H,1,1,1,1
0KWTU5J,1,1,1,1
0L12Y4G,1,1,1,1
0L1G629,1,1,1,1
0L2UK57,1,1,1,1
0L2XU64,1,1,1,1
0L5MVC2,1,1,1,1
0LSP8X4,1,1,1,1
0LSTOMX,1,1,1,1
0LTX6CB,1,1,1,1
0LW5D7R,1,1,1,1
0LX3N1E,1,1,1,1
0M5QJI4,1,1,1,1
0M8RGJL,1,1,1,1
0MCIBEK,1,1,1,1
0MLUTUF,1,1,1,1
0MNTFP9,1,1,1,1
0MQ6LIG,1,1,1,1
0MQEGAV,1,1,1,1
0MT5CWL,1,1,1,1
0MV81ZG,1,1,1,1
0MXBZST,1,1,1,1
0MZT6Y7,1,1,1,1
0N1LBVG,1,1,1,1
0NBCQ5Z,1,1,1,1
0NP5CQS,1,1,1,1
0NPIKFC,1,1,1,1
0NYS5HB,1,1,1,1
0NZHRIN,1,1,1,1
0O3QVPK,1,1,1,1
0O4OOTM,1,1,1,1
0O84VA1,1,1,1,1
0OECN4W,1,1,1,1
0OFX8G4,1,1,1,1
0OKGXTW,1,1,1,1
0OL5KYI,1,1,1,1
0ONCQT9,1,1,1,1
0ORU7F8,1,1,1,1
0OSEQ16,1,1,1,1
0OYZFUG,1,1,1,1
0P1VOF6,1,1,1,1
0P2STGR,1,1,1,1
0PA4WWK,1,1,1,1
0PBXSW7,1,1,1,1
0PELTUR,1,1,1,1
0PJFEWU,1,1,1,1
0PJTRGZ,1,1,1,1
0PL8KQG,1,1,1,1
0PN74UF,1,1,1,1
0PSH3W1,1,1,1,1
0PSH7N8,1,1,1,1
0Q384VS,1,1,1,1
0Q5FD6I,1,1,1,1
0Q6SS7W,1,1,1,1
0Q9FOMB,1,1,1,1
0QAO5YS,1,1,1,1
0QCKMKB,1,1,1,1
0QFJSBS,1,1,1,1
0QK9SWJ,1,1,1,1
0QT1VUF,1,1,1,1
0R1ZLBO,1,1,1,1
0R84TEL,1,1,1,1
0RAT8QN,1,1,1,1
0RN2ZNU,1,1,1,1
0RR83CW,1,1,1,1
0RX153N,1,1,1,1
0S42GC9,1,1,1,1
0S4JYTM,1,1,1,1
0S51G6W,1,1,1,1
0S6KXGE,1,1,1,1
0SAENNP,1,1,1,1
0SAOK2N,1,1,1,1
0SAPG1B,1,1,1,1
0SJRP5K,1,1,1,1
0SVNKP5,1,1,1,1
0SXOHPM,1,1,1,1
0SYMUN5,1,1,1,1
0T1ICVL,1,1,1,1
0T1PY56,1,1,1,1
0T2XILV,1,1,1,1
0TBSY0D,1,1,1,1
0TCMH8N,1,1,1,1
0TEJOWP,1,1,1,1
0TJKXAI,1,1,1,1
0TKSGLI,1,1,1,1
0TYI49R,1,1,1,1
0U35AXT,1,1,1,1
0U3QM2C,1,1,1,1
0U5CJNV,1,1,1,1
0U87KMS,1,1,1,1
0UAQM5C,1,1,1,1
0UCC2OI,1,1,1,1
0UFVKFJ,1,1,1,1
0UHZ8TA,1,1,1,1
0ULDQ7S,1,1,1,1
0UOW8LB,1,1,1,1
0UQD59X,1,1,1,1
0V8HYDC,1,1,1,1
0VCGLY6,1,1,1,1
0VEAKFG,1,1,1,1
0VLGJOQ,1,1,1,1
0VODRCQ,1,1,1,1
0VOGX6N,1,1,1,1
0VOJN1M,1,1,1,1
0VOQAD4,1,1,1,1
0VTNRQE,1,1,1,1
0VY5YJE,1,1,1,1
0VYK48B,1,1,1,1
0W5I6TM,1,1,1,1
0W9DS1E,1,1,1,1
0WCSMG3,1,1,1,1
0WEGMK7,1,1,1,1
0WESODX,1,1,1,1
0WG7FZQ,1,1,1,1
0WJD1U3,1,1,1,1
0WJY3Z8,1,1,1,1
0WNH8TC,1,1,1,1
0WOPBYZ,1,1,1,1
0WTZY7U,1,1,1,1
0WUNBZ9,1,1,1,1
0XCZ3T6,1,1,1,1
0XIO8VT,1,1,1,1
0XMLU1O,1,1,1,1
0XUHYHS,1,1,1,1
0XWRDNN,1,1,1,1
0XWT7JA,1,1,1,1
0XXEVHE,1,1,1,1
0XZ487Q,1,1,1,1
0XZV7QN,1,1,1,1
0Y7VRUQ,1,1,1,1
0YGO75H,1,1,1,1
0YLIXF6,1,1,1,1
0YVSKN7,1,1,1,1
0YXFB5L,1,1,1,1
0YXVF1C,1,1,1,1
0Z8KH5D,1,1,1,1
0ZAKM5C,1,1,1,1
0ZQ0TO0,1,1,1,1
103GFRX,1,1,1,1
109OSQT,1,1,1,1
10AWU4S,1,1,1,1
10B69MR,1,1,1,1
10CX5WS,1,1,1,1
10DHT35,1,1,1,1
10E1DEF,1,1,1,1
10EBMX1,1,1,1,1
10F58U7,1,1,1,1
10IXL5B,1,1,1,1
10KUI3O,1,1,1,1
10LKF3A,1,1,1,1
10N2PO0,1,1,1,1
10NPXR5,1,1,1,1
10NX8EJ,1,1,1,1
10SKF73,1,1,1,1
10TGP87,1,1,1,1
10V0TMW,1,1,1,1
10V6OAR,1,1,1,1
1105XGB,1,1,1,1
112H9MJ,1,1,1,1
11G2N79,1,1,1,1
11GG9R4,1,1,1,1
11HJJFF,1,1,1,1
11MCFBG,1,1,1,1
11PH5WQ,1,1,1,1
11VXPVE,1,1,1,1
11XQKYH,1,1,1,1
11YHUUM,1,1,1,1
120NOJB,1,1,1,1
122G99P,1,1,1,1
122IVPD,1,1,1,1
125ZUAC,1,1,1,1
127820G,1,1,1,1
127AIGV,1,1,1,1
127W1RC,1,1,1,1
12BFT6X,1,1,1,1
12DJRCZ,1,1,1,1
12DWQDJ,1,1,1,1
12I9PZ0,1,1,1,1
12JLFE9,1,1,1,1
12KSHVE,1,1,1,1
12NWPMH,1,1,1,1
12U84ZF,1,1,1,1
12Y39U2,1,1,1,1
12ZQ4C8,1,1,1,1
12ZZFVL,1,1,1,1
130OLL8,1,1,1,1
132FL50,1,1,1,1
132HD17,1,1,1,1
132QHNY,1,1,1,1
132SQVV,1,1,1,1
133X4F0,1,1,1,1
134LIZB,1,1,1,1
135KCEE,1,1,1,1
1368DE1,1,1,1,1
137AET5,1,1,1,1
139WMIQ,1,1,1,1
13AKRVY,1,1,1,1
13BHG8O,1,1,1,1
13C4SUX,1,1,1,1
13DXQAX,1,1,1,1
13HMX6X,1,1,1,1
13I4CEK,1,1,1,1
13J2V52,1,1,1,1
13LULBQ,1,1,1,1
13NB4YQ,1,1,1,1
13NHL6V,1,1,1,1
13O8PPW,1,1,1,1
13PJI57,1,1,1,1
13QJLGV,1,1,1,1
13SZE50,1,1,1,1
13ULYSD,1,1,1,1
13UUBDL,1,1,1,1
13WBQ2P,1,1,1,1
13YEARF,1,1,1,1
1408JJO,1,1,1,1
140WDTC,1,1,1,1
141XAIO,1,1,1,1
143VJAI,1,1,1,1
1467AOI,1,1,1,1
1469ZXW,1,1,1,1
146QHX9,2,2,1,1
1474IE9,1,1,1,1
14C2Q0U,1,1,1,1
14DB5UG,1,1,1,1
14EG1AA,1,1,1,1
14FQ9FQ,1,1,1,1
14G1UNL,1,1,1,1
14GVML1,1,1,1,1
14LAAJQ,1,1,1,1
14MPB40,1,1,1,1
14NVST2,1,1,1,1
14U19JQ,1,1,1,1
14VD3TU,1,1,1,1
14VN59N,1,1,1,1
14Y4J7R,1,1,1,1
14ZSYU0,1,1,1,1
150NE2X,1,1,1,1
151YLZJ,1,1,1,1
155G4VQ,1,1,1,1
15AD4SF,1,1,1,1
15AERMS,1,1,1,1
15B5N42,1,1,1,1
15C7UDM,1,1,1,1
15CDUG5,1,1,1,1
15FOWUZ,1,1,1,1
15GBTX7,1,1,1,1
15H9RO2,1,1,1,1
15HVU00,1,1,1,1
15I70JE,1,1,1,1
15IUGCH,1,1,1,1
15PTZBH,1,1,1,1
15QWJ78,1,1,1,1
15S6BWI,1,1,1,1
15SS7RT,1,1,1,1
15W0XCX,1,1,1,1
15YLOUK,1,1,1,1
15YM1K7,1,1,1,1
15ZMXW2,1,1,1,1
15ZWEWJ,1,1,1,1
160K04W,1,1,1,1
162G0IK,1,1,1,1
162V8BA,1,1,1,1
164A7R5,1,1,1,1
164OE83,1,1,1,1
1676LEE,1,1,1,1
16A0M48,1,1,1,1
16BEP29,1,1,1,1
16CNBNW,1,1,1,1
16ELFI1,1,1,1,1
16G8SQM,1,1,1,1
16JSFE3,1,1,1,1
16KSYXZ,1,1,1,1
16L299S,1,1,1,1
16M9N4K,1,1,1,1
16OBWTV,1,1,1,1
16SFTOS,1,1,1,1
16XB05W,1,1,1,1
16ZCNLR,1,1,1,1
171N8D3,1,1,1,1
173FQ6E,1,1,1,1
173QUTI,1,1,1,1
173XYJM,1,1,1,1
174WZ6A,1,1,1,1
175QGHB,1,1,1,1
1771FA5,1,1,1,1
179A5H9,1,1,1,1
17AFRB7,1,1,1,1
17AMZWL,1,1,1,1
17GKV9F,1,1,1,1
17I6FL9,1,1,1,1
17ID9N9,1,1,1,1
17IM823,1,1,1,1
17K071V,1,1,1,1
17KIPZE,1,1,1,1
17M9HOJ,1,1,1,1
17NA5EW,1,1,1,1
17NL486,1,1,1,1
17NVJKS,1,1,1,1
17O5Y3W,1,1,1,1
17O9XIG,1,1,1,1
17Q4GWK,1,1,1,1
17R1DPF,1,1,1,1
17RGEX0,1,1,1,1
17UCXRG,1,1,1,1
17V6XHA,1,1,1,1
17VCLEO,1,1,1,1
17W0P84,1,1,1,1
183QN7T,1,1,1,1
184AR2K,1,1,1,1
1855KQG,1,1,1,1
185OEYW,1,1,1,1
186JXWF,1,1,1,1
1875OYX,1,1,1,1
1876JGV,1,1,1,1
188MENR,1,1,1,1
189VEBS,1,1,1,1
18BIYNM,1,1,1,1
18BPCAZ,1,1,1,1
18BYIWA,1,1,1,1
18C8OGU,1,1,1,1
18EHSB3,1,1,1,1
18I9ZTD,1,1,1,1
18IWEO9,1,1,1,1
18LKJGW,1,1,1,1
18O4K10,1,1,1,1
18RJVVE,1,1,1,1
18TTE3Z,1,1,1,1
18VG27T,1,1,1,1
18XFTH7,1,1,1,1
18Y2G6U,1,1,1,1
18Y96J0,1,1,1,1
18YG5DN,1,1,1,1
18YGOCL,1,1,1,1
1921Q0P,1,1,1,1
192LL7D,1,1,1,1
1954IIN,1,1,1,1
199K7W8,1,1,1,1
19ASW5U,1,1,1,1
19DRM4M,1,1,1,1
19HKX30,1,1,1,1
19JMN2C,1,1,1,1
19NKXBW,1,1,1,1
19P47SM,1,1,1,1
19PGIZP,1,1,1,1
19PSCTF,1,1,1,1
19RL2YH,1,1,1,1
19T3B4H,1,1,1,1
19T3LXU,1,1,1,1
19T4SGW,1,1,1,1
19WM2GT,1,1,1,1
19WQLCP,1,1,1,1
19XYWHI,1,1,1,1
1A0F7QR,1,1,1,1
1A1HR6N,1,1,1,1
1A3PZZF,1,1,1,1
1A3SL9F,1,1,1,1
1A3W88L,1,1,1,1
1A4PGJ1,1,1,1,1
1A5MNG8,1,1,1,1
1A79ZNO,1,1,1,1
1A8PB65,1,1,1,1
1ADOR9J,1,1,1,1
1ADT7NP,1,1,1,1
1AESPFC,1,1,1,1
1AH17RL,1,1,1,1
1AHSFID,1,1,1,1
1AHSV6X,1,1,1,1
1AHVFZM,1,1,1,1
1AJG7NO,1,1,1,1
1AJHRUC,1,1,1,1
1ALOP4Z,1,1,1,1
1ALTZWJ,1,1,1,1
1AM6LFJ,1,1,1,1
1AMGNKC,1,1,1,1
1ANTGA3,1,1,1,1
1AOMQFB,1,1,1,1
1APC1WY,1,1,1,1
1AQLHTV,1,1,1,1
1AR9037,1,1,1,1
1ARO9TE,1,1,1,1
1AT5M0R,1,1,1,1
1AUB43C,1,1,1,1
1AUVXN4,1,1,1,1
1AWPS62,1,1,1,1
1AXUZ9T,1,1,1,1
1AYZTHU,1,1,1,1
1B16ISN,1,1,1,1
1B1EZEC,1,1,1,1
1B1XN5G,1,1,1,1
1B3JQML,1,1,1,1
1B7K6ES,1,1,1,1
1B8LX89,1,1,1,1
1BCYPP4,1,1,1,1
1BDM6CX,1,1,1,1
1BFF03R,1,1,1,1
1BFGLYU,1,1,1,1
1BHEDG4,1,1,1,1
1BHEOQC,1,1,1,1
1BJ7YWO,1,1,1,1
1BKE1XF,1,1,1,1
1BNW3LR,1,1,1,1
1BO95OV,1,1,1,1
1BOJQOZ,1,1,1,1
1BP8KOH,1,1,1,1
1BQFBH2,1,1,1,1
1BSC0RN,1,1,1,1
1BUUZNP,1,1,1,1
1BVM95C,1,1,1,1
1BVPTGJ,1,1,1,1
1BX4AX6,1,1,1,1
1C4G2N6,1,1,1,1
1C4Q5JR,1,1,1,1
1C50NXO,1,1,1,1
1C5L7KJ,1,1,1,1
1CH3OCG,1,1,1,1
1CL0KTH,1,1,1,1
1CN9WWD,1,1,1,1
1CNCK2P,1,1,1,1
1CNHJLP,1,1,1,1
1CP4TIS,1,1,1,1
1CS1IO1,1,1,1,1
1CSOKIK,1,1,1,1
1CT7RWH,1,1,1,1
1CXTKVI,1,1,1,1
1CXXNZ1,1,1,1,1
1CZQMLG,1,1,1,1
1D0FLKW,1,1,1,1
1D2QJHK,1,1,1,1
1D405XV,1,1,1,1
1D5BX64,1,1,1,1
1D6M4ZQ,1,1,1,1
1D74M63,1,1,1,1
1D74YH5,1,1,1,1
1D8AMVL,1,1,1,1
1D8BET1,1,1,1,1
1DAYP5A,1,1,1,1
1DCZMVO,1,1,1,1
1DE7BM3,1,1,1,1
1DF4EAN,1,1,1,1
1DGJUOK,1,1,1,1
1DKD7G8,1,1,1,1
1DKEXC5,1,1,1,1
1DNJDU5,1,1,1,1
1DO28IC,1,1,1,1
1DOOPJ0,1,1,1,1
1DPBKVU,1,1,1,1
1DPHEES,1,1,1,1
1DQ32XS,1,1,1,1
1DQHKY5,1,1,1,1
1DR5SW5,1,1,1,1
1DRO8FZ,1,1,1,1
1DRZB7S,1,1,1,1
1DVP49B,1,1,1,1
1DWO0QH,1,1,1,1
1DZ0MPN,1,1,1,1
1DZUWM1,1,1,1,1
1E25LUH,1,1,1,1
1E2X2V4,1,1,1,1
1E3OG79,1,1,1,1
1E4Q25R,1,1,1,1
1E4SBRA,1,1,1,1
1E62SD5,1,1,1,1
1E632VB,1,1,1,1
1EAMW4H,1,1,1,1
1EB6GR3,1,1,1,1
1EC98IY,1,1,1,1
1ECWJUH,1,1,1,1
1EDTOET,1,1,1,1
1EEOYP1,1,1,1,1
1EJLMSM,1,1,1,1
1EJZP40,1,1,1,1
1EK8EDY,1,1,1,1
1EKE1UQ,1,1,1,1
1EKNLKZ,1,1,1,1
1ELBOXZ,1,1,1,1
1EN04EM,1,1,1,1
1EOZ81Z,1,1,1,1
1EP5W7D,1,1,1,1
1EPX0TK,1,1,1,1
1EQ1PD3,1,1,1,1
1EQQH4I,1,1,1,1
1EX5KO4,1,1,1,1
1EZMFCN,1,1,1,1
1F23E06,1,1,1,1
1F2G89R,1,1,1,1
1F43RJB,1,1,1,1
1F5NJTL,1,1,1,1
1F6I3UI,1,1,1,1
1F7Q99D,1,1,1,1
1F90Y9Y,1,1,1,1
1F9W558,1,1,1,1
1FBCZHH,1,1,1,1
1FBZ24J,1,1,1,1
1FC7I2H,1,1,1,1
1FDRHDR,1,1,1,1
1FFCEX2,1,1,1,1
1FHT8RP,1,1,1,1
1FI2CO6,1,1,1,1
1FJBPO5,1,1,1,1
1FJE459,1,1,1,1
1FL09WC,1,1,1,1
1FLCVD4,1,1,1,1
1FM7AZ3,1,1,1,1
1FPA6S5,1,1,1,1
1FSD12Q,1,1,1,1
1FSZMBJ,1,1,1,1
1FZBQTG,1,1,1,1
1G0RX3I,1,1,1,1
1G0VYIO,1,1,1,1
1G39XQO,1,1,1,1
1G3MOH7,1,1,1,1
1G3Q9MZ,1,1,1,1
1G4NGXO,1,1,1,1
1G4TTJI,1,1,1,1
1G6L93A,1,1,1,1
1G6MLO8,1,1,1,1
1G75LSE,1,1,1,1
1G7FUKQ,1,1,1,1
1G8TBWV,1,1,1,1
1GH7ZWF,1,1,1,1
1GKQIGK,1,1,1,1
1GLZQ1D,1,1,1,1
1GM44VZ,1,1,1,1
1GMWCNP,1,1,1,1
1GNO2QH,1,1,1,1
1GOJK33,1,1,1,1
1GPDR3R,1,1,1,1
1GPOS7U,1,1,1,1
1GQKK1P,1,1,1,1
1GRFAUD,1,1,1,1
1GSVJF4,1,1,1,1
1GUEFWQ,1,1,1,1
1GVEFWA,1,1,1,1
1GX76PZ,1,1,1,1
1GXBPTO,1,1,1,1
1GXXSJL,1,1,1,1
1GY8A6M,1,1,1,1
1H0IY5K,1,1,1,1
1H1QXG7,1,1,1,1
1H4JKEQ,1,1,1,1
1H5JLHF,1,1,1,1
1H6F95P,1,1,1,1
1H6OOLH,1,1,1,1
1H7R9F8,1,1,1,1
1H8CIP0,1,1,1,1
1H8OFZF,1,1,1,1
1H954MC,1,1,1,1
1HB0WT9,1,1,1,1
1HBDY03,1,1,1,1
1HEFWGL,1,1,1,1
1HEV3K7,1,1,1,1
1HFGS00,1,1,1,1
1HOAQ88,1,1,1,1
1HOEJPJ,1,1,1,1
1HS6U6Z,1,1,1,1
1HV946I,1,1,1,1
1HWYJR6,1,1,1,1
1HZ64IB,1,1,1,1
1I1VNDG,1,1,1,1
1I2QS9L,1,1,1,1
1I3U8BN,1,1,1,1
1I4A2HC,1,1,1,1
1I5INE1,1,1,1,1
1I6QEJL,1,1,1,1
1I9T8MY,1,1,1,1
1I9V45Z,1,1,1,1
1IB3TVJ,1,1,1,1
1IB8V0K,1,1,1,1
1ICHL4B,1,1,1,1
1IDUYOS,1,1,1,1
1IEAJWT,1,1,1,1
1IFCWTZ,1,1,1,1
1IGMQGV,1,1,1,1
1IH4EYN,1,1,1,1
1IID7F6,1,1,1,1
1IK1BQ6,1,1,1,1
1IKO8BA,1,1,1,1
1IKYOED,1,1,1,1
1ILBRCZ,1,1,1,1
1IODF0U,1,1,1,1
1IPGQZ8,1,1,1,1
1IPRI8J,1,1,1,1
1IPWQ1G,1,1,1,1
1ITTF5T,1,1,1,1
1IW2XDN,1,1,1,1
1IYACDN,1,1,1,1
1J26KMN,1,1,1,1
1J287Q8,1,1,1,1
1J2UC3W,1,1,1,1
1J8F2EG,1,1,1,1
1J8IV4H,1,1,1,1
1J8K71B,1,1,1,1
1J9JFZM,1,1,1,1
1JAFEV4,1,1,1,1
1JE067X,1,1,1,1
1JGU2WK,1,1,1,1
1JHBQK9,1,1,1,1
1JIAUDD,1,1,1,1
1JJBJ1L,1,1,1,1
1JJJI61,1,1,1,1
1JJO9D9,1,1,1,1
1JLFZSH,1,1,1,1
1JLYJ2N,1,1,1,1
1JM5UHX,1,1,1,1
1JMM4BW,1,1,1,1
1JMUKIB,1,1,1,1
1JNGTZT,1,1,1,1
1JNHS02,1,1,1,1
1JNQZ3M,1,1,1,1
1JOO25K,1,1,1,1
1JOW3L5,1,1,1,1
1JPNH8X,1,1,1,1
1JQY9H3,1,1,1,1
1JRC3UL,1,1,1,1
1JTWZPM,1,1,1,1
1JTZQAM,1,1,1,1
1JU94M0,1,1,1,1
1JVOLUW,1,1,1,1
1JWHZS1,1,1,1,1
1JY3Q4B,1,1,1,1
1JZMZ83,1,1,1,1
1JZQFCZ,1,1,1,1
1K49EHO,1,1,1,1
1K4O2PL,1,1,1,1
1K5KV89,1,1,1,1
1KBBV3H,1,1,1,1
1KDWRMT,1,1,1,1
1KH09Y3,1,1,1,1
1KH8R11,1,1,1,1
1KHM0V9,1,1,1,1
1KIV2SO,1,1,1,1
1KJHVDK,1,1,1,1
1KJN6BV,1,1,1,1
1KKS7LM,1,1,1,1
1KL30E5,1,1,1,1
1KLO1GN,1,1,1,1
1KNPYYS,1,1,1,1
1KPVSUX,1,1,1,1
1KQQE3H,1,1,1,1
1KR5QKW,1,1,1,1
1KSSVQW,1,1,1,1
1KTVNZ9,1,1,1,1
1KXARL8,1,1,1,1
1KXT6UO,1,1,1,1
1KYFY23,1,1,1,1
1L0EJVH,1,1,1,1
1L2DQER,1,1,1,1
1L2X3WN,1,1,1,1
1L9D4MY,1,1,1,1
1LB8ERG,1,1,1,1
1LBN0SD,1,1,1,1
1LBSFXZ,1,1,1,1
1LBULL7,1,1,1,1
1LF8O2D,1,1,1,1
1LFFIVS,1,1,1,1
1LFSSYI,1,1,1,1
1LFVSH3,1,1,1,1
1LJLKVL,1,1,1,1
1LKNPXU,1,1,1,1
1LL94RI,1,1,1,1
1LO4IR8,1,1,1,1
1LQ765X,1,1,1,1
1LVPRCT,1,1,1,1
1LVXTEJ,1,1,1,1
1LWI74R,1,1,1,1
1LY4HPZ,1,1,1,1
1LYMVP6,1,1,1,1
1LZMO97,1,1,1,1
1M0OFGQ,1,1,1,1
1M10KER,1,1,1,1
1M147O4,1,1,1,1
1M5FNJ2,1,1,1,1
1M6HU34,1,1,1,1
1M6PSLB,1,1,1,1
1M7W0OM,1,1,1,1
1M8YW8S,1,1,1,1
1MC59K6,1,1,1,1
1MEALHI,1,1,1,1
1MFLKI9,1,1,1,1
1MJRKNI,1,1,1,1
1MKR3S2,1,1,1,1
1MMI0NO,1,1,1,1
1MR955F,1,1,1,1
1MTIXWV,1,1,1,1
1MTVG6A,1,1,1,1
1MVCJO9,1,1,1,1
1MWFKIU,1,1,1,1
1MYVE04,1,1,1,1
1MZVUBD,1,1,1,1
1N0BY4V,1,1,1,1
1N0LRJD,1,1,1,1
1N2G6VU,1,1,1,1
1N3NCEX,1,1,1,1
1N4QJC0,1,1,1,1
1N4SZKO,1,1,1,1
1N4YWMF,1,1,1,1
1N6KAUT,1,1,1,1
1N7U4TI,1,1,1,1
1N8LEJ9,1,1,1,1
1N9CXDV,1,1,1,1
1NAZTFE,1,1,1,1
1NBS53W,1,1,1,1
1NCQ0AM,1,1,1,1
1NKD0OB,1,1,1,1
1NLAS7Z,1,1,1,1
1NMH6AG,1,1,1,1
1NN223X,1,1,1,1
1NSBMNP,1,1,1,1
1NTTV1Q,1,1,1,1
1NU0YCW,1,1,1,1
1NUW2XJ,1,1,1,1
1O0IMTK,1,1,1,1
1O14G0Q,1,1,1,1
1O1PPAC,1,1,1,1
1O2DYP6,1,1,1,1
1O3Y12Z,1,1,1,1
1O6XNIT,1,1,1,1
1O7BV82,1,1,1,1
1O7IG4W,1,1,1,1
1OAD4F9,1,1,1,1
1OCBEIS,1,1,1,1
1OCBGSX,1,1,1,1
1OCC46P,1,1,1,1
1OCTD8G,1,1,1,1
1OEO8KT,1,1,1,1
1OESXDZ,1,1,1,1
1OGVK1Q,1,1,1,1
1OHGY0I,1,1,1,1
1ONWWAZ,1,1,1,1
1OOEYDS,1,1,1,1
1OOOF0I,1,1,1,1
1OPQ4RT,1,1,1,1
1OSHL2G,1,1,1,1
1OWJL4N,1,1,1,1
1OY9G7L,1,1,1,1
1OZDI7R,1,1,1,1
1OZPX2X,1,1,1,1
1P25CC5,1,1,1,1
1P279NA,1,1,1,1
1P3YFEH,1,1,1,1
1P4UUBD,1,1,1,1
1P5UY9S,1,1,1,1
1P5V0GP,1,1,1,1
1P685VI,1,1,1,1
1P9ZS7S,1,1,1,1
1PAC6FM,1,1,1,1
1PAUNFG,1,1,1,1
1PBCEGY,1,1,1,1
1PBV8TE,1,1,1,1
1PCIZWR,1,1,1,1
1PDFA2Y,1,1,1,1
1PE2V01,1,1,1,1
1PFV45J,1,1,1,1
1PGL464,1,1,1,1
1PGPBCL,1,1,1,1
1PHIN2J,1,1,1,1
1PKOILE,1,1,1,1
1PRPMID,1,1,1,1
1PSF5WY,1,1,1,1
1PXL47G,1,1,1,1
1PXY7FP,1,1,1,1
1PYGB2C,1,1,1,1
1PYGLB5,1,1,1,1
1PZE6XF,1,1,1,1
1PZLIC4,1,1,1,1
1Q465U8,1,1,1,1
1Q4LTVY,1,1,1,1
1Q4SZKE,1,1,1,1
1Q5T5V7,1,1,1,1
1Q69X65,1,1,1,1
1Q7PRZT,1,1,1,1
1Q9PPJE,1,1,1,1
1QF3BG0,1,1,1,1
1QJA486,1,1,1,1
1QK6I52,1,1,1,1
1QKCD8P,1,1,1,1
1QKHZ4X,1,1,1,1
1QKRJ8V,1,1,1,1
1QM2EU3,1,1,1,1
1QQUUC0,1,1,1,1
1QRDX8P,1,1,1,1
1QRN0JZ,1,1,1,1
1QRU3LT,1,1,1,1
1QSSIPY,1,1,1,1
1QU053B,1,1,1,1
1QV88TO,1,1,1,1
1QVNB9T,1,1,1,1
1QX0UDE,1,1,1,1
1QXM652,1,1,1,1
1QYFL6U,1,1,1,1
1R06HTX,1,1,1,1
1R1FZR8,1,1,1,1
1R2583U,1,1,1,1
1R25MBI,1,1,1,1
1R34184,1,1,1,1
1R4WZEU,1,1,1,1
1R6BWWH,1,1,1,1
1R7K5R5,1,1,1,1
1R7TCKT,1,1,1,1
1R9BKJA,1,1,1,1
1R9LEPZ,1,1,1,1
1RBCLQC,1,1,1,1
1RBYDFW,1,1,1,1
1RCZMU5,1,1,1,1
1REKUAP,1,1,1,1
1REWMOJ,1,1,1,1
1RFGH7Q,1,1,1,1
1RGHG9G,1,1,1,1
1RIRCK6,1,1,1,1
1RKDRB3,1,1,1,1
1RLX5EF,1,1,1,1
1RM29QJ,1,1,1,1
1RMB7XU,1,1,1,1
1RMX700,1,1,1,1
1RN1KR6,1,1,1,1
1RPLT0Z,1,1,1,1
1RR3WNT,1,1,1,1
1RSV5YY,1,1,1,1
1RTGIHB,1,1,1,1
1RXUZC6,1,1,1,1
1RZXOIH,1,1,1,1
1S3MWLO,1,1,1,1
1S4V6PH,1,1,1,1
1S6CFX5,1,1,1,1
1S7A1Y9,1,1,1,1
1SAQVPX,1,1,1,1
1SBTS6A,1,1,1,1
1SD09JK,1,1,1,1
1SESCC6,1,1,1,1
1SIP3B5,1,1,1,1
1SIZSVK,1,1,1,1
1SJAPRN,1,1,1,1
1SJB1CL,1,1,1,1
1SKFV4H,1,1,1,1
1SLPV1F,1,1,1,1
1SMTY8U,1,1,1,1
1SNWODY,1,1,1,1
1SOIMUB,1,1,1,1
1SS0RT9,1,1,1,1
1SV64EF,1,1,1,1
1SVQ5ST,1,1,1,1
1SXKSX3,1,1,1,1
1SYR5QK,1,1,1,1
1SZ92I5,1,1,1,1
1T0AXXY,1,1,1,1
1T1IPP9,1,1,1,1
1T2G319,1,1,1,1
1T6I97L,1,1,1,1
1T6P9IX,1,1,1,1
1T861BE,1,1,1,1
1T8T4N6,1,1,1,1
1T9ZAB3,1,1,1,1
1TF5M62,1,1,1,1
1TIQC6N,1,1,1,1
1TJ6KUI,1,1,1,1
1TLJQQL,1,1,1,1
1TLKFN6,1,1,1,1
1TN3J5G,1,1,1,1
1TN3MHN,1,1,1,1
1TN9V1N,1,1,1,1
1TPX5TM,1,1,1,1
1TR0OLD,1,1,1,1
1TR494A,1,1,1,1
1TS8MD3,1,1,1,1
1TXFTGJ,1,1,1,1
1TXMMO3,1,1,1,1
1TYRPRQ,1,1,1,1
1TYVDS2,1,1,1,1
1TZNDD3,1,1,1,1
1TZNYMD,1,1,1,1
1U2753A,1,1,1,1
1U2V97S,1,1,1,1
1U4TQ9D,1,1,1,1
1U58BMO,1,1,1,1
1U6N524,1,1,1,1
1U6NY9F,1,1,1,1
1U9T3DY,1,1,1,1
1UAVY7N,1,1,1,1
1UBDSOB,1,1,1,1
1UBP4J3,1,1,1,1
1UD53QK,1,1,1,1
1UDEUHO,1,1,1,1
1UE50EG,1,1,1,1
1UFV4UV,1,1,1,1
1UHGI11,1,1,1,1
1ULCF2N,1,1,1,1
1UOO45A,1,1,1,1
1UOZBC6,1,1,1,1
1UX30OQ,1,1,1,1
1V4VFYB,1,1,1,1
1V6YR9B,1,1,1,1
1V7NGEN,1,1,1,1
1V7U9S8,1,1,1,1
1VA9S23,1,1,1,1
1VFTF30,1,1,1,1
1VGZRB0,1,1,1,1
1VIC3B4,1,1,1,1
1VIFLY6,1,1,1,1
1VIMLQ0,1,1,1,1
1VKQ5XN,1,1,1,1
1VMHE67,1,1,1,1
1VOAB4I,1,1,1,1
1VOKDBV,1,1,1,1
1VPT7ES,1,1,1,1
1VPW7QY,1,1,1,1
1VPZ5UP,1,1,1,1
1VT67SU,1,1,1,1
1VTEF81,1,1,1,1
1VTG3S8,1,1,1,1
1VW4R2D,1,1,1,1
1VWPF8Y,1,1,1,1
1VXAJWV,1,1,1,1
1VY50NZ,1,1,1,1
1VYJ92B,1,1,1,1
1W28Z6T,1,1,1,1
1W29VTD,1,1,1,1
1W35Q3A,1,1,1,1
1W5U87E,1,1,1,1
1W72O0B,1,1,1,1
1W7NO64,1,1,1,1
1W7UXMP,1,1,1,1
1W8BVFD,1,1,1,1
1W9DHAJ,1,1,1,1
1WA65EB,1,1,1,1
1WASU07,1,1,1,1
1WBBU4X,1,1,1,1
1WBRE0O,1,1,1,1
1WCTASP,1,1,1,1
1WFDONW,1,1,1,1
1WH37QN,1,1,1,1
1WLCVC0,1,1,1,1
1WN3LIJ,1,1,1,1
1WNN6SZ,1,1,1,1
1WNPCQT,1,1,1,1
1WQGVKE,1,1,1,1
1WRIG91,1,1,1,1
1WRPN72,1,1,1,1
1WSO8JB,1,1,1,1
1WT1P36,1,1,1,1
1WULFFU,1,1,1,1
1WVDGU2,1,1,1,1
1WVZT8V,1,1,1,1
1WXABR7,1,1,1,1
1WXTE70,1,1,1,1
1WYD59K,1,1,1,1
1X56L50,1,1,1,1
1X5Q1MP,1,1,1,1
1X66QSE,1,1,1,1
1X6Y8Z7,1,1,1,1
1X830TU,1,1,1,1
1X9RY72,1,1,1,1
1X9U296,1,1,1,1
1XAY1T9,1,1,1,1
1XBZW2L,1,1,1,1
1XE98GX,1,1,1,1
1XGXFOE,1,1,1,1
1XHUZG0,1,1,1,1
1XI94LL,1,1,1,1
1XJOMEO,1,1,1,1
1XLQXIC,1,1,1,1
1XM0UFN,1,1,1,1
1XNGPBR,1,1,1,1
1XQC6GO,1,1,1,1
1XR0WFT,1,1,1,1
1XYK9W3,1,1,1,1
1XYKR3I,1,1,1,1
1Y1E39U,1,1,1,1
1Y2AJ3B,1,1,1,1
1Y4YENE,1,1,1,1
1Y94QYB,1,1,1,1
1YA8N6C,1,1,1,1
1YBM0DP,1,1,1,1
1YD2FAR,1,1,1,1
1YE8EVC,1,1,1,1
1YEUNSW,1,1,1,1
1YFXJGO,1,1,1,1
1YG6KPU,1,1,1,1
1YHX2OB,1,1,1,1
1YJJ699,1,1,1,1
1YK0ZYS,1,1,1,1
1YKNFVZ,1,1,1,1
1YKYZOH,1,1,1,1
1YL46U9,1,1,1,1
1YLQUSF,1,1,1,1
1YMIS9N,1,1,1,1
1YOKG41,1,1,1,1
1YP6GGX,1,1,1,1
1YQQZYB,1,1,1,1
1YSKRLT,1,1,1,1
1YWQ4TE,1,1,1,1
1YZ39H1,1,1,1,1
1YZP33U,1,1,1,1
1Z0BK0X,1,1,1,1
1Z2FTKO,1,1,1,1
1Z3I1GF,1,1,1,1
1Z3SIRL,1,1,1,1
1Z3USMY,1,1,1,1
1Z46J9U,1,1,1,1
1Z4PTPZ,1,1,1,1
1Z4X5U8,1,1,1,1
1Z58PJB,1,1,1,1
1Z5V9CA,1,1,1,1
1Z7I28L,1,1,1,1
1Z7VQYC,1,1,1,1
1Z96V1A,1,1,1,1
1Z9K34B,1,1,1,1
1Z9O37O,1,1,1,1
1ZCN45P,1,1,1,1
1ZDU839,1,1,1,1
1ZDXSMC,1,1,1,1
1ZE33N7,1,1,1,1
1ZE9XW0,1,1,1,1
1ZEJSOF,1,1,1,1
1ZG8V77,1,1,1,1
1ZGDDC9,1,1,1,1
1ZICOZ6,1,1,1,1
1ZJ8XCL,1,1,1,1
1ZK46VW,1,1,1,1
1ZKPXK5,1,1,1,1
1ZP0EDS,1,1,1,1
1ZP7ZSN,1,1,1,1
1ZQVKCG,1,1,1,1
1ZQWLTE,1,1,1,1
1ZSDAS8,1,1,1,1
1ZU1MQ5,1,1,1,1
1ZWUPMA,1,1,1,1
1ZXCH0C,1,1,1,1
201TFEF,1,1,1,1
2046OZR,1,1,1,1
204LM2C,1,1,1,1
20855W5,1,1,1,1
20D5S6C,1,1,1,1
20DI5OV,1,1,1,1
20FP6YT,1,1,1,1
20GJWPW,1,1,1,1
20HOT5L,1,1,1,1
20IEZLM,1,1,1,1
20IQLIF,1,1,1,1
20JVBKU,1,1,1,1
20NFWD0,1,1,1,1
20NJCI3,1,1,1,1
20NPDOT,1,1,1,1
20ON97T,1,1,1,1
20RCK5J,1,1,1,1
20VBGSK,1,1,1,1
20WRXRC,1,1,1,1
20Y3EZL,1,1,1,1
20YEPDE,1,1,1,1
20ZVCWH,1,1,1,1
210019I,1,1,1,1
210NZ4I,1,1,1,1
2119NZC,1,1,1,1
214EVHK,1,1,1,1
215IFH7,1,1,1,1
215XBLI,1,1,1,1
216O7GC,1,1,1,1
216RDIP,1,1,1,1
217SS33,1,1,1,1
2183MAB,1,1,1,1
218KVMB,1,1,1,1
21BQO53,1,1,1,1
21C3568,1,1,1,1
21CA0DG,1,1,1,1
21CK7GS,1,1,1,1
21CT8HJ,1,1,1,1
21DDSDA,1,1,1,1
21DQ3ED,1,1,1,1
21GJ03W,1,1,1,1
21HMFVA,1,1,1,1
21LZDWM,1,1,1,1
21N6FFJ,1,1,1,1
21Q0GF2,1,1,1,1
21RXFH4,1,1,1,1
21ST73U,1,1,1,1
21SWDCQ,1,1,1,1
21UQ1OR,1,1,1,1
21VESR1,1,1,1,1
21WU6D0,1,1,1,1
21XG3V6,1,1,1,1
21XZEXH,1,1,1,1
21ZKHYX,1,1,1,1
220DJB3,1,1,1,1
2246VEN,1,1,1,1
224E30V,1,1,1,1
225VPBC,1,1,1,1
2266FG5,1,1,1,1
22821FH,1,1,1,1
228LGLR,1,1,1,1
2291HL0,1,1,1,1
22AQ9UI,1,1,1,1
22FE5HX,1,1,1,1
22FHK9J,1,1,1,1
22HX1GB,1,1,1,1
22IUFIE,1,1,1,1
22JK17G,1,1,1,1
22LB3X7,1,1,1,1
22NJNYB,1,1,1,1
22PVGI1,1,1,1,1
22R04Q8,1,1,1,1
22TYJPF,1,1,1,1
22UN7JG,1,1,1,1
22W35R1,1,1,1,1
22XXLCD,1,1,1,1
22ZV3YU,1,1,1,1
23140QO,1,1,1,1
23677LU,1,1,1,1
2394TLA,1,1,1,1
239MI6V,1,1,1,1
239ZU4Y,1,1,1,1
23AUB9X,1,1,1,1
23C5ETM,1,1,1,1
23CIBE3,1,1,1,1
23CRDBA,1,1,1,1
23DR9GP,1,1,1,1
23EX19E,1,1,1,1
23F2X18,1,1,1,1
23FH69W,1,1,1,1
23HARSQ,1,1,1,1
23NXPB8,1,1,1,1
23O7E8B,1,1,1,1
23QHJUW,1,1,1,1
23RQXRM,1,1,1,1
23TEQ6G,1,1,1,1
23XH5PH,1,1,1,1
23Y4A4B,1,1,1,1
23YEY73,1,1,1,1
241A5JZ,1,1,1,1
241CCQN,1,1,1,1
241RRIW,1,1,1,1
242U0GV,1,1,1,1
243JNHY,1,1,1,1
245WVQQ,1,1,1,1
2498ARW,1,1,1,1
24B55WU,1,1,1,1
24CXA0Z,1,1,1,1
24DW20X,1,1,1,1
24H4JHT,1,1,1,1
24H8XWL,1,1,1,1
24KQL1X,1,1,1,1
24KVQ9E,1,1,1,1
24L1HEV,1,1,1,1
24LDHYC,1,1,1,1
24LOZEH,1,1,1,1
24P75CI,1,1,1,1
24SR1AI,1,1,1,1
24T1WGK,1,1,1,1
24UQAIA,1,1,1,1
24WI1DC,1,1,1,1
24WVHO1,1,1,1,1
24X4RHQ,1,1,1,1
24Y941K,1,1,1,1
24ZNR88,1,1,1,1
25340OP,1,1,1,1
253N7YF,1,1,1,1
2571AKY,1,1,1,1
2578ACO,1,1,1,1
257QDNB,1,1,1,1
258IHCU,1,1,1,1
2599ZGI,1,1,1,1
25A7J6W,1,1,1,1
25AXYV7,1,1,1,1
25C3CZL,1,1,1,1
25C7VH9,1,1,1,1
25C8HE4,1,1,1,1
25DAEF1,1,1,1,1
25DEIVA,1,1,1,1
25DGYCB,1,1,1,1
25DPRSO,1,1,1,1
25E6F8D,1,1,1,1
25GH6AD,1,1,1,1
25GV3G0,1,1,1,1
25GVI8Z,1,1,1,1
25HUAOT,1,1,1,1
25IGVGB,1,1,1,1
25JH7L1,1,1,1,1
25K6RU4,1,1,1,1
25KSQ8C,1,1,1,1
25LFC8I,1,1,1,1
25M0I46,1,1,1,1
25NGYLG,1,1,1,1
25PTLHO,1,1,1,1
25QP918,1,1,1,1
25STDXG,1,1,1,1
25TF8GW,1,1,1,1
25TR8HN,1,1,1,1
25TYEYA,1,1,1,1
25U8V6E,1,1,1,1
25UCRE7,1,1,1,1
25VYH0C,1,1,1,1
25YUZ5M,1,1,1,1
261XNQN,1,1,1,1
26C7KZ3,1,1,1,1
26D2CTS,1,1,1,1
26E3FKS,1,1,1,1
26E613C,1,1,1,1
26EC0TW,1,1,1,1
26HL1Y0,1,1,1,1
26JM3UP,1,1,1,1
26KHCWK,1,1,1,1
26NBPUH,1,1,1,1
26OMEKY,1,1,1,1
26S0VY9,1,1,1,1
26S13L9,1,1,1,1
26SMWG7,1,1,1,1
26T1YLI,1,1,1,1
26T3ORI,1,1,1,1
26VT8YJ,1,1,1,1
26W17T4,1,1,1,1
26WGXGS,1,1,1,1
26ZK710,1,1,1,1
270ZRS8,1,1,1,1
2725F15,1,1,1,1
272ZDUA,1,1,1,1
273YIYN,1,1,1,1
278MP5A,1,1,1,1
27AW46J,1,1,1,1
27FDHIG,1,1,1,1
27FEUDL,1,1,1,1
27FNDOZ,1,1,1,1
27HSFKT,1,1,1,1
27IFUA6,1,1,1,1
27IMHYQ,1,1,1,1
27NJASO,1,1,1,1
282SU1M,1,1,1,1
2833TG8,1,1,1,1
2853ARX,1,1,1,1
285N7C2,1,1,1,1
286ZIII,1,1,1,1
2870UKJ,1,1,1,1
2880Q5Y,1,1,1,1
2891M3A,1,1,1,1
28CIQ7O,1,1,1,1
28E024F,1,1,1,1
28F1LIH,1,1,1,1
28FBIMV,1,1,1,1
28GNN9E,1,1,1,1
28HEIYV,1,1,1,1
28KWO53,1,1,1,1
28L4IJJ,1,1,1,1
28N0IQR,1,1,1,1
28ODBQK,1,1,1,1
28P7RDW,1,1,1,1
28PXDVP,1,1,1,1
28TOHAD,1,1,1,1
28U6VGM,1,1,1,1
28UORN3,1,1,1,1
28VGBVZ,1,1,1,1
28VZH3O,1,1,1,1
28XWYYC,1,1,1,1
28YEW2U,1,1,1,1
28ZNFQL,1,1,1,1
28ZTIHX,1,1,1,1
2906H8I,1,1,1,1
290FOFM,1,1,1,1
290QCON,1,1,1,1
291F4DQ,1,1,1,1
292MRFE,1,1,1,1
294AKL0,1,1,1,1
295ERI1,1,1,1,1
29750SY,1,1,1,1
2976G0Y,1,1,1,1
298NOW7,1,1,1,1
2999XEF,1,1,1,1
29ANPHV,1,1,1,1
29BPHIS,1,1,1,1
29HYRSZ,1,1,1,1
29JOMF6,1,1,1,1
29K3XVL,1,1,1,1
29KO3W8,1,1,1,1
29NFTBI,1,1,1,1
29NQ57F,1,1,1,1
29OFLHI,1,1,1,1
29OWK85,1,1,1,1
29PGXT2,1,1,1,1
29SFPSH,1,1,1,1
29SJGU7,1,1,1,1
29TLYSF,1,1,1,1
29V9XK0,1,1,1,1
29VA7Y2,1,1,1,1
29WSEQ6,1,1,1,1
29YQWEX,1,1,1,1
29Z1FY3,1,1,1,1
29Z4QTD,1,1,1,1
29ZWZ2R,1,1,1,1
2A13S11,1,1,1,1
2A2RPLB,1,1,1,1
2A40QBL,1,1,1,1
2A42IT6,1,1,1,1
2A4PKGA,1,1,1,1
2A8QBPW,1,1,1,1
2AC4UM4,1,1,1,1
2AF4AYB,1,1,1,1
2AFDUBU,1,1,1,1
2AFWXEF,1,1,1,1
2AGEOXC,1,1,1,1
2AH2P11,1,1,1,1
2AJ660Y,1,1,1,1
2AL7T3R,1,1,1,1
2AMWJS6,1,1,1,1
2APYACX,1,1,1,1
2ARAK5G,1,1,1,1
2AUKGZP,1,1,1,1
2AVWRTR,1,1,1,1
2AW36JQ,1,1,1,1
2AWFCIT,1,1,1,1
2AXKNNL,1,1,1,1
2AXRO74,1,1,1,1
2AYGIC8,1,1,1,1
2B0UEYZ,1,1,1,1
2B2ONXG,1,1,1,1
2B4B58I,1,1,1,1
2B5PUW7,1,1,1,1
2B7Q4ZD,1,1,1,1
2B8WZM6,1,1,1,1
2BCPG16,1,1,1,1
2BCWR8U,1,1,1,1
2BDJ5IP,1,1,1,1
2BF9O4B,1,1,1,1
2BFI226,1,1,1,1
2BGMJQP,1,1,1,1
2BHCGWM,1,1,1,1
2BHFM1I,1,1,1,1
2BITKSG,1,1,1,1
2BJ01ID,1,1,1,1
2BJ0A3A,1,1,1,1
2BJ2T20,1,1,1,1
2BJOJR3,1,1,1,1
2BLD0T0,1,1,1,1
2BM0DBC,1,1,1,1
2BOVVPU,1,1,1,1
2BQNOJ7,1,1,1,1
2BSTLVZ,1,1,1,1
2BXY6D7,1,1,1,1
2BZNQCO,1,1,1,1
2C2VJAO,1,1,1,1
2C75NAP,1,1,1,1
2C9F2GV,1,1,1,1
2C9T3N6,1,1,1,1
2CBHZKI,1,1,1,1
2CCZ4P6,1,1,1,1
2CE9LRD,1,1,1,1
2CFYX60,1,1,1,1
2CL4ICQ,1,1,1,1
2CNJ2WG,1,1,1,1
2CP94A2,1,1,1,1
2CP99PY,1,1,1,1
2CQ2P5E,1,1,1,1
2CQENV8,1,1,1,1
2CT7GC2,1,1,1,1
2CU0BH1,1,1,1,1
2CV38BU,1,1,1,1
2CVAFCY,1,1,1,1
2CXD7XF,1,1,1,1
2D1OWBG,1,1,1,1
2D38R5J,1,1,1,1
2D3GDI6,1,1,1,1
2D426TN,1,1,1,1
2D4NMQM,1,1,1,1
2D4PO8I,1,1,1,1
2D6QBG2,1,1,1,1
2D75PYZ,1,1,1,1
2DAKFJI,1,1,1,1
2DBYSSE,1,1,1,1
2DCVLQR,1,1,1,1
2DDFGK0,1,1,1,1
2DF5JK8,1,1,1,1
2DGILMZ,1,1,1,1
2DHTPEV,1,1,1,1
2DI5NIT,1,1,1,1
2DIZW95,1,1,1,1
2DM09LN,1,1,1,1
2DMP2HB,1,1,1,1
2DMXPZO,1,1,1,1
2DMZ9M8,1,1,1,1
2DORD0C,1,1,1,1
2DPMV37,1,1,1,1
2DQSEYE,1,1,1,1
2DR8A7Q,1,1,1,1
2DSCQL7,1,1,1,1
2DSUX91,1,1,1,1
2DTET2U,1,1,1,1
2DTKY2V,1,1,1,1
2DURJ21,1,1,1,1
2DVLGUI,1,1,1,1
2DVY8Y0,1,1,1,1
2DW6JB7,1,1,1,1
2DXI0LB,1,1,1,1
2DZ0YFX,1,1,1,1
2E2UDQ3,1,1,1,1
2E3LTFU,1,1,1,1
2E3R9NF,1,1,1,1
2E3RW3U,1,1,1,1
2E3V8YK,1,1,1,1
2E53R8H,1,1,1,1
2E5D9OX,1,1,1,1
2E6N34I,1,1,1,1
2E6PXDW,1,1,1,1
2E99AIV,1,1,1,1
2EC1FVS,1,1,1,1
2ED3OSC,1,1,1,1
2EE9U0F,1,1,1,1
2EFD1A0,1,1,1,1
2EFJQWX,1,1,1,1
2EHR8BR,1,1,1,1
2EKZYVD,1,1,1,1
2EO4853,1,1,1,1
2EOAARD,1,1,1,1
2EOCV5P,1,1,1,1
2EOCZXQ,1,1,1,1
2EOHU3R,1,1,1,1
2EQ5SXI,1,1,1,1
2ERZLUW,1,1,1,1
2ET6GBB,1,1,1,1
2EUQMH5,1,1,1,1
2EXGZ30,1,1,1,1
2EZDSLU,1,1,1,1
2F05EMI,1,1,1,1
2F2YBQ1,1,1,1,1
2F3084E,1,1,1,1
2F5GUO1,1,1,1,1
2F75PRB,1,1,1,1
2F8GZ75,1,1,1,1
2F8RDR3,1,1,1,1
2FA4S2G,1,1,1,1
2FEVW7J,1,1,1,1
2FG2BR7,1,1,1,1
2FHIM6K,1,1,1,1
2FO4D81,1,1,1,1
2FOE767,1,1,1,1
2FOKXB4,1,1,1,1
2FQ3RPV,1,1,1,1
2FUVLHM,1,1,1,1
2FVM3AJ,1,1,1,1
2FXLRGT,1,1,1,1
2FYLQ1O,1,1,1,1
2FZW7IY,1,1,1,1
2G0V1QC,1,1,1,1
2G4XKFY,1,1,1,1
2G5FRAA,1,1,1,1
2G5YSJM,1,1,1,1
2G730T6,1,1,1,1
2G778EW,1,1,1,1
2G7I0N9,1,1,1,1
2G7Q0XH,1,1,1,1
2GB548T,1,1,1,1
2GBRCLU,1,1,1,1
2GCMXEU,1,1,1,1
2GGCPGS,1,1,1,1
2GGIGSO,1,1,1,1
2GLHNC0,1,1,1,1
2GLRLKF,1,1,1,1
2GO26CJ,1,1,1,1
2GO40CH,1,1,1,1
2GP0EX8,1,1,1,1
2GPVRNW,1,1,1,1
2GQQL7U,1,1,1,1
2GRIFU6,1,1,1,1
2GRO9YU,1,1,1,1
2GROGZS,1,1,1,1
2GWQ04G,1,1,1,1
2GWTOMW,1,1,1,1
2GZBPQW,1,1,1,1
2H1W05Y,1,1,1,1
2H2H5JS,1,1,1,1
2H2YQ6D,1,1,1,1
2H39GYM,1,1,1,1
2H6AMKL,1,1,1,1
2H6WLK4,1,1,1,1
2H7DK6F,1,1,1,1
2H7KYK2,1,1,1,1
2H9JP0M,1,1,1,1
2HBI1UV,1,1,1,1
2HFDXXD,1,1,1,1
2HHPUPK,1,1,1,1
2HJ45FZ,1,1,1,1
2HK8V9E,1,1,1,1
2HKNPK0,1,1,1,1
2HLH7K5,1,1,1,1
2HLOLX8,1,1,1,1
2HNHYMN,1,1,1,1
2HO1JMW,1,1,1,1
2HOFCD5,1,1,1,1
2HQMZW4,1,1,1,1
2HU6TYC,1,1,1,1
2HVBD9N,1,1,1,1
2HVR9A9,1,1,1,1
2HW1LFL,1,1,1,1
2HW218Q,1,1,1,1
2HXUC7Z,1,1,1,1
2I09P6O,1,1,1,1
2I276Z8,1,1,1,1
2I3B8TJ,1,1,1,1
2I79PJW,1,1,1,1
2I7PC6E,1,1,1,1
2IBKLUK,1,1,1,1
2IBLQ03,1,1,1,1
2ICBSI5,1,1,1,1
2ID2K4N,1,1,1,1
2ID2RDM,1,1,1,1
2IDB8MX,1,1,1,1
2IEQJSW,1,1,1,1
2IHGW7Z,1,1,1,1
2IHLD43,1,1,1,1
2IHNFGJ,1,1,1,1
2IJ4VO4,1,1,1,1
2IL1KUO,1,1,1,1
2IMUA6G,1,1,1,1
2IQ4FNP,1,1,1,1
2IQVTKT,1,1,1,1
2ITAOXT,1,1,1,1
2ITFJQ9,1,1,1,1
2IUACFS,1,1,1,1
2IUUFUY,1,1,1,1
2IVN710,1,1,1,1
2IVTYMO,1,1,1,1
2IWTFOU,1,1,1,1
2IYWGKC,1,1,1,1
2J18OPN,1,1,1,1
2J43YXD,1,1,1,1
2J4NC1M,1,1,1,1
2J8FE58,1,1,1,1
2J9CY7H,1,1,1,1
2JAMFOB,1,1,1,1
2JBJZG2,1,1,1,1
2JDO5LO,1,1,1,1
2JELUUN,1,1,1,1
2JEZVKT,1,1,1,1
2JGZXFK,1,1,1,1
2JJ2GXJ,1,1,1,1
2JJTS1Y,1,1,1,1
2JKKEBA,1,1,1,1
2JLQUY3,1,1,1,1
2JQ6U1V,1,1,1,1
2JQWXYE,1,1,1,1
2JSWCNF,1,1,1,1
2JT160T,1,1,1,1
2JUURE6,1,1,1,1
2JUVTA2,1,1,1,1
2JVMHOX,1,1,1,1
2JWSHFA,1,1,1,1
2K0E6TD,1,1,1,1
2K0H7XH,1,1,1,1
2K0WM97,1,1,1,1
2K13JD1,1,1,1,1
2K1QBUS,1,1,1,1
2K33KSP,1,1,1,1
2K3K8Q2,1,1,1,1
2K3M81R,1,1,1,1
2K4UJVM,1,1,1,1
2K5IO1D,1,1,1,1
2K64T9W,1,1,1,1
2K6DEW1,1,1,1,1
2K6ZX1L,1,1,1,1
2K7HRPU,1,1,1,1
2K85X4Q,1,1,1,1
2KA06RV,1,1,1,1
2KAHHJZ,1,1,1,1
2KDWJFE,1,1,1,1
2KE1TPU,1,1,1,1
2KEJ6Q4,1,1,1,1
2KF7W6U,1,1,1,1
2KGNPNH,1,1,1,1
2KHLG75,1,1,1,1
2KHTPUU,1,1,1,1
2KJ61S3,1,1,1,1
2KJTXRN,1,1,1,1
2KL0WUA,1,1,1,1
2KM1TYO,1,1,1,1
2KM31KV,1,1,1,1
2KMA15Q,1,1,1,1
2KNOW8A,1,1,1,1
2KPIFPB,1,1,1,1
2KQFTA5,1,1,1,1
2KRIZ27,1,1,1,1
2KTFHHY,1,1,1,1
2KUB93D,1,1,1,1
2KVELB2,1,1,1,1
2KVXGSG,1,1,1,1
2KXP4I7,1,1,1,1
2KYFBY6,1,1,1,1
2KZNQDM,1,1,1,1
2L04U91,1,1,1,1
2L0TWS0,1,1,1,1
2L1DK5F,1,1,1,1
2L2P5B0,1,1,1,1
2L2ZM83,1,1,1,1
2L3CFI5,1,1,1,1
2L5H6UJ,1,1,1,1
2L6FO7I,1,1,1,1
2L9C4MI,1,1,1,1
2L9HE5T,1,1,1,1
2LB1DYH,1,1,1,1
2LE0ZRI,1,1,1,1
2LF5NNR,1,1,1,1
2LGND4M,1,1,1,1
2LHDHW8,1,1,1,1
2LHWGQJ,1,1,1,1
2LJ0XKC,1,1,1,1
2LJADWN,1,1,1,1
2LPUYOW,1,1,1,1
2LQFXM5,1,1,1,1
2LS1WJB,1,1,1,1
2LSPMUM,1,1,1,1
2LTUSRP,1,1,1,1
2LU6EZX,1,1,1,1
2LV2PJQ,1,1,1,1
2LXODGY,1,1,1,1
2LZHSXB,1,1,1,1
2M080NI,1,1,1,1
2M0BJOS,1,1,1,1
2M1IA7S,1,1,1,1
2M4REUC,1,1,1,1
2M571E9,1,1,1,1
2M8IY6C,1,1,1,1
2M94N9C,1,1,1,1
2M98BND,1,1,1,1
2MA4I6C,1,1,1,1
2MA8T2A,1,1,1,1
2MAIEGN,1,1,1,1
2MAR62V,1,1,1,1
2MBC576,1,1,1,1
2MBHNJ4,1,1,1,1
2MEINTM,1,1,1,1
2MESHQ6,1,1,1,1
2MEX2V0,1,1,1,1
2MH6X42,1,1,1,1
2MHWSM1,1,1,1,1
2MIVMAP,1,1,1,1
2MMSZPQ,1,1,1,1
2MNPJW7,1,1,1,1
2MOGASU,1,1,1,1
2MSG6JV,1,1,1,1
2MSL4J2,1,1,1,1
2MT5G3N,1,1,1,1
2MT76XB,1,1,1,1
2MTBY6P,1,1,1,1
2MUF3RW,1,1,1,1
2MVP7QX,1,1,1,1
2MY5TUM,1,1,1,1
2MZ4W9Z,1,1,1,1
2MZVYB1,1,1,1,1
2N1M2Q8,1,1,1,1
2N2C1RQ,1,1,1,1
2N4BHCE,1,1,1,1
2N4RVV3,1,1,1,1
2N71P2I,1,1,1,1
2N7CDYQ,1,1,1,1
2NACYJW,1,1,1,1
2NC3QX1,1,1,1,1
2NDFKM5,1,1,1,1
2NF35VF,1,1,1,1
2NHJ6LJ,1,1,1,1
2NIOE96,1,1,1,1
2NKD8VP,1,1,1,1
2NKXAVX,1,1,1,1
2NN3BCX,1,1,1,1
2NNDY68,1,1,1,1
2NOIKJE,1,1,1,1
2NPVD60,1,1,1,1
2NPZV5H,1,1,1,1
2NRK4GJ,1,1,1,1
2NSZC6Y,1,1,1,1
2NU9UHZ,1,1,1,1
2NUBZUP,1,1,1,1
2NW807H,1,1,1,1
2NXRVMI,1,1,1,1
2NY6AGC,1,1,1,1
2NZ975B,1,1,1,1
2O1VRKO,1,1,1,1
2O1YRHV,1,1,1,1
2O3Q7UQ,1,1,1,1
2O6NJ8I,1,1,1,1
2O8V8PE,1,1,1,1
2O9037A,1,1,1,1
2O91MYH,1,1,1,1
2OCTASX,1,1,1,1
2ODHRF1,1,1,1,1
2OE8ZH9,1,1,1,1
2OER3W1,1,1,1,1
2OJ7N7G,1,1,1,1
2OJGT93,1,1,1,1
2OJT5UO,1,1,1,1
2OK3JMY,1,1,1,1
2OLQ11Z,1,1,1,1
2OMHH2Y,1,1,1,1
2ONRXUQ,1,1,1,1
2OQGLXO,1,1,1,1
2OQZK98,1,1,1,1
2OS31P2,1,1,1,1
2OSS3F2,1,1,1,1
2OUHJI8,1,1,1,1
2OVDOV5,1,1,1,1
2OVU5XO,1,1,1,1
2OWH8PK,1,1,1,1
2OXNI4U,1,1,1,1
2OYHZWP,1,1,1,1
2OZMXL6,1,1,1,1
2P0TYQV,1,1,1,1
2P1N7B9,1,1,1,1
2P2WMQM,1,1,1,1
2P5K89G,1,1,1,1
2P6RTWO,1,1,1,1
2P9M4CN,1,1,1,1
2P9VKKT,1,1,1,1
2PC0LSD,1,1,1,1
2PFBNVF,1,1,1,1
2PKO6TY,1,1,1,1
2PL54C3,1,1,1,1
2PN1PN1,1,1,1,1
2PO6B8V,1,1,1,1
2POS1RI,1,1,1,1
2PR9C4M,1,1,1,1
2PTCQ6D,1,1,1,1
2PTLZ02,1,1,1,1
2PU91NL,1,1,1,1
2PUP5RQ,1,1,1,1
2PW3YND,1,1,1,1
2PXQH06,1,1,1,1
2PXRKIZ,1,1,1,1
2PYE401,1,1,1,1
2Q3AX5A,1,1,1,1
2Q3RYY0,1,1,1,1
2Q40FPM,1,1,1,1
2Q5PLDB,1,1,1,1
2Q77WO8,1,1,1,1
2Q82EP4,1,1,1,1
2Q8W7QW,1,1,1,1
2QAKWA2,1,1,1,1
2QAN680,1,1,1,1
2QBZ8UV,1,1,1,1
2QD1DZ6,1,1,1,1
2QE9TB6,1,1,1,1
2QEUE6K,1,1,1,1
2QFIKXO,1,1,1,1
2QFJ59S,1,1,1,1
2QHCIP7,1,1,1,1
2QJNG3D,1,1,1,1
2QK5WLN,1,1,1,1
2QKV4MN,1,1,1,1
2QLA2YW,1,1,1,1
2QOBFXE,1,1,1,1
2QTRENO,1,1,1,1
2QTSE6K,1,1,1,1
2QU5DB7,1,1,1,1
2QVHAIG,1,1,1,1
2QWR6OU,1,1,1,1
2QWTXG7,1,1,1,1
2QXOIHK,1,1,1,1
2QXTJNE,1,1,1,1
2QXUMNL,1,1,1,1
2QXYG9M,1,1,1,1
2QZZXF9,1,1,1,1
2R10ODY,1,1,1,1
2R1TF8X,1,1,1,1
2R3DW57,1,1,1,1
2R5DQEC,1,1,1,1
2R626ET,1,1,1,1
2R7EPBJ,1,1,1,1
2R7WEW3,1,1,1,1
2R817AI,1,1,1,1
2R8BS4M,1,1,1,1
2R8O98H,1,1,1,1
2RAA0SA,1,1,1,1
2RAGXL8,1,1,1,1
2RDJLBT,1,1,1,1
2RFDGOI,1,1,1,1
2RGD4ST,1,1,1,1
2RGDMN2,1,1,1,1
2RGIYWN,1,1,1,1
2RHM9LI,1,1,1,1
2RJGEX6,1,1,1,1
2RJHPQU,1,1,1,1
2RJI9XV,1,1,1,1
2RKUS6D,1,1,1,1
2RMTH2N,1,1,1,1
2RNQFDS,1,1,1,1
2ROZ804,1,1,1,1
2RPBIGV,1,1,1,1
2RR1I82,1,1,1,1
2RRONTV,1,1,1,1
2RSA73L,1,1,1,1
2RV2CUW,1,1,1,1
2RXI4BQ,1,1,1,1
2RYJNMA,1,1,1,1
2RYN1YV,1,1,1,1
2RZC7TG,1,1,1,1
2S0UT05,1,1,1,1
2S2RPV9,1,1,1,1
2S5DK0F,1,1,1,1
2S8WXA3,1,1,1,1
2S9JNX5,1,1,1,1
2SC5KZW,1,1,1,1
2SE26T4,1,1,1,1
2SF5WMI,1,1,1,1
2SF9SM0,1,1,1,1
2SFO7KG,1,1,1,1
2SFQ6SP,1,1,1,1
2SFUCGR,1,1,1,1
2SGA327,1,1,1,1
2SLH20K,1,1,1,1
2SLX8WZ,1,1,1,1
2SM8N6Y,1,1,1,1
2SMTD76,1,1,1,1
2SN6LX7,1,1,1,1
2SSO16P,1,1,1,1
2STSKEG,1,1,1,1
2SXRC0F,1,1,1,1
2SY8RU1,1,1,1,1
2T0NRUZ,1,1,1,1
2T0ZOVM,1,1,1,1
2T1LV8D,1,1,1,1
2T3J7NY,1,1,1,1
2T4BU7M,1,1,1,1
2T63ZTO,1,1,1,1
2T7RIXP,1,1,1,1
2T8G1B0,1,1,1,1
2T8HNEY,1,1,1,1
2T8NWUD,1,1,1,1
2T94NLZ,1,1,1,1
2T9YJZB,1,1,1,1
2TAYPKY,1,1,1,1
2TD31FL,1,1,1,1
2TI0KA8,1,1,1,1
2TI2PES,1,1,1,1
2TI8DWC,1,1,1,1
2TJ847Y,1,1,1,1
2TK9CQK,1,1,1,1
2TO3BWP,1,1,1,1
2TPFAZ3,1,1,1,1
2TVOPX8,1,1,1,1
2TVSEWO,1,1,1,1
2TWM21A,1,1,1,1
2TXV4OR,1,1,1,1
2TYN4ZU,1,1,1,1
2TZ2IGR,1,1,1,1
2U18ITS,1,1,1,1
2U1TIUC,1,1,1,1
2U2QTDV,1,1,1,1
2U2XQ93,1,1,1,1
2U4NK43,1,1,1,1
2U4WG1F,1,1,1,1
2U5KJD1,1,1,1,1
2U66HAU,1,1,1,1
2U8BHWN,1,1,1,1
2U8DV5N,1,1,1,1
2UBUH7N,1,1,1,1
2UDA7TR,1,1,1,1
2UEUUCQ,1,1,1,1
2UHFN9X,1,1,1,1
2UIYWNJ,1,1,1,1
2UK6AGU,1,1,1,1
2UMTHKP,1,1,1,1
2UN8WZS,1,1,1,1
2UNE28U,1,1,1,1
2UPNMWP,1,1,1,1
2UQ5MCE,1,1,1,1
2UTUHZO,1,1,1,1
2UULA9B,1,1,1,1
2UW5O45,1,1,1,1
2UXQMBA,1,1,1,1
2UY59P6,1,1,1,1
2V03TJ5,1,1,1,1
2V0FOIW,1,1,1,1
2V38YKY,1,1,1,1
2V603WI,1,1,1,1
2V7IEEB,1,1,1,1
2VCSUKI,1,1,1,1
2VDMPJG,1,1,1,1
2VF2BGO,1,1,1,1
2VFKRE1,1,1,1,1
2VFRPCU,1,1,1,1
2VGE8MK,1,1,1,1
2VHZFIM,1,1,1,1
2VJ3JX6,1,1,1,1
2VKJ5XO,1,1,1,1
2VM1PY0,1,1,1,1
2VNBH6H,1,1,1,1
2VNRIGR,1,1,1,1
2VO1ONQ,1,1,1,1
2VO9CLD,1,1,1,1
2VP2E3E,1,1,1,1
2VPEDAC,1,1,1,1
2VQEX1X,1,1,1,1
2VS3G2M,1,1,1,1
2VTCLGL,1,1,1,1
2VWJ9HS,1,1,1,1
2VWMH1Y,1,1,1,1
2VXIXYF,1,1,1,1
2W05J9B,1,1,1,1
2W06OC9,1,1,1,1
2W06RL7,1,1,1,1
2W0B54D,1,1,1,1
2W36GP1,1,1,1,1
2W86OQC,1,1,1,1
2WAII38,1,1,1,1
2WC0C2O,1,1,1,1
2WCFLBE,1,1,1,1
2WHT0ML,1,1,1,1
2WIV166,1,1,1,1
2WLD1LC,1,1,1,1
2WSBNZU,1,1,1,1
2WVAZZO,1,1,1,1
2X1MNJF,1,1,1,1
2X3BOPC,1,1,1,1
2X3O4IC,1,1,1,1
2X57ZA3,1,1,1,1
2X61YJV,1,1,1,1
2XAIIDT,1,1,1,1
2XBGI1H,1,1,1,1
2XBQT7R,1,1,1,1
2XDQ7H1,1,1,1,1
2XEIIQJ,1,1,1,1
2XELAR1,1,1,1,1
2XERGX3,1,1,1,1
2XFTPLR,1,1,1,1
2XIPTUX,1,1,1,1
2XJ6A1R,1,1,1,1
2XK8G2P,1,1,1,1
2XLZ9OM,1,1,1,1
2XMUQC0,1,1,1,1
2XOOLEZ,1,1,1,1
2XSRC8G,1,1,1,1
2XUCWLD,1,1,1,1
2XVPHAJ,1,1,1,1
2XWGLWP,1,1,1,1
2XZ6EKQ,1,1,1,1
2XZ7NZZ,1,1,1,1
2XZLPPL,1,1,1,1
2Y1SFRD,1,1,1,1
2Y37MFT,1,1,1,1
2Y6N0MY,1,1,1,1
2Y6Z0LA,1,1,1,1
2YCYJ3Z,1,1,1,1
2YD7EU5,1,1,1,1
2YFL71A,1,1,1,1
2YL94Z2,1,1,1,1
2YLHR0A,1,1,1,1
2YLUIK2,1,1,1,1
2YMO707,1,1,1,1
2YOY8SH,1,1,1,1
2YVSBD5,1,1,1,1
2YX9QJP,1,1,1,1
2YXUFBT,1,1,1,1
2YYIS9R,1,1,1,1
2YYOY5C,1,1,1,1
2YZ53CX,1,1,1,1
2Z0JT9P,1,1,1,1
2Z0VDWX,1,1,1,1
2Z2FX6D,1,1,1,1
2Z64AE4,1,1,1,1
2Z6BA77,1,1,1,1
2Z6UDPT,1,1,1,1
2Z83DI5,1,1,1,1
2Z9OXA7,1,1,1,1
2ZA3LJO,1,1,1,1
2ZC5A3I,1,1,1,1
2ZCVL9J,1,1,1,1
2ZGMIT3,1,1,1,1
2ZHN8WO,1,1,1,1
2ZHON3M,1,1,1,1
2ZHXQBB,1,1,1,1
2ZIDLS1,1,1,1,1
2ZLX956,1,1,1,1
2ZNUJRW,1,1,1,1
2ZPCJM7,1,1,1,1
2ZQN4D1,1,1,1,1
2ZS2C3V,1,1,1,1
2ZT77J2,1,1,1,1
2ZV0I60,1,1,1,1
2ZVVF80,1,1,1,1
2ZWHOUL,1,1,1,1
2ZZIY71,1,1,1,1
30026XH,1,1,1,1
300IO9M,1,1,1,1
3044SBK,1,1,1,1
305GCXA,1,1,1,1
30B5AMN,1,1,1,1
30DOXNV,1,1,1,1
30I1KII,1,1,1,1
30IHHVA,1,1,1,1
30IHTLR,1,1,1,1
30MJSIG,1,1,1,1
30N4PDO,1,1,1,1
30QQT62,1,1,1,1
30RUSXX,1,1,1,1
30RXH74,1,1,1,1
30TVH0Q,1,1,1,1
30UA3YQ,1,1,1,1
30UHM1E,1,1,1,1
30VYIZI,1,1,1,1
312UUH5,1,1,1,1
313NRC7,1,1,1,1
313WW5B,1,1,1,1
31594ZY,1,1,1,1
3179XHJ,1,1,1,1
31BP0PS,1,1,1,1
31BUYQ0,1,1,1,1
31FIT0M,1,1,1,1
31FORTY,1,1,1,1
31IURHP,1,1,1,1
31IYA9P,1,1,1,1
31J8TBY,1,1,1,1
31LCDW4,1,1,1,1
31LGN94,1,1,1,1
31PFWF8,1,1,1,1
31PIAXV,1,1,1,1
31QUDLM,1,1,1,1
31T9SWC,1,1,1,1
31VKPMV,1,1,1,1
31YP9D3,1,1,1,1
31ZW66V,1,1,1,1
32318MD,1,1,1,1
3231YB9,1,1,1,1
323ANL1,1,1,1,1
324XZFB,1,1,1,1
327833A,1,1,1,1
327WD6Y,1,1,1,1
327YGA5,1,1,1,1
329MYXG,1,1,1,1
329ZOHW,1,1,1,1
32BW0I3,1,1,1,1
32CG6YH,1,1,1,1
32DPZO2,1,1,1,1
32GPADA,1,1,1,1
32HGIWZ,1,1,1,1
32LB04P,1,1,1,1
32Q2LK9,1,1,1,1
32QAC0D,1,1,1,1
32RN987,1,1,1,1
32RVSSE,1,1,1,1
32TAYS7,1,1,1,1
32VBJ2G,1,1,1,1
32WG182,1,1,1,1
32WKS0Y,1,1,1,1
32XVZS0,1,1,1,1
32YEP5T,1,1,1,1
330HRPW,1,1,1,1
336LTMP,1,1,1,1
339KO5K,1,1,1,1
33AU8Z1,1,1,1,1
33BMHRQ,1,1,1,1
33IGZGM,1,1,1,1
33J8G0G,1,1,1,1
33KKFMI,1,1,1,1
33LDE7L,1,1,1,1
33LFEDF,1,1,1,1
33OS47R,1,1,1,1
33PAJA6,1,1,1,1
33QEKF8,1,1,1,1
33QJWP4,1,1,1,1
33VDBGX,1,1,1,1
33WWO1C,1,1,1,1
33YEJHJ,1,1,1,1
33Z99SU,1,1,1,1
340J5P6,1,1,1,1
343CSS0,1,1,1,1
343RT2D,1,1,1,1
343T5PM,1,1,1,1
347G9QH,1,1,1,1
34B8F6L,1,1,1,1
34FHPL1,1,1,1,1
34G8OKH,1,1,1,1
34GAI3P,1,1,1,1
34HSEJY,1,1,1,1
34IKFT2,1,1,1,1
34MYZQF,1,1,1,1
34NQM1M,1,1,1,1
34NVZBT,1,1,1,1
34O6JCN,1,1,1,1
34OZKND,1,1,1,1
34PEEX8,1,1,1,1
34QK0NZ,1,1,1,1
34U70A6,1,1,1,1
34Y2UI0,1,1,1,1
34YCZF6,1,1,1,1
35105PI,1,1,1,1
351NCZH,1,1,1,1
3556ONW,1,1,1,1
35784OV,1,1,1,1
358ANJE,1,1,1,1
358NXHJ,1,1,1,1
3592XSS,1,1,1,1
35ALC7B,1,1,1,1
35BPK41,1,1,1,1
35CMLSE,1,1,1,1
35DVVZT,1,1,1,1
35FQLIZ,1,1,1,1
35GSR2U,1,1,1,1
35H7KNX,1,1,1,1
35IH4Q2,1,1,1,1
35JA7SU,1,1,1,1
35JU76L,1,1,1,1
35L8AXE,1,1,1,1
35MXTGD,1,1,1,1
35MY1QV,1,1,1,1
35OFUJU,1,1,1,1
35OTTWN,1,1,1,1
35PWT6J,1,1,1,1
35UNGHQ,1,1,1,1
35V5QU7,1,1,1,1
35Y3L3V,1,1,1,1
35YGBWD,1,1,1,1
361AB86,1,1,1,1
361D2GH,1,1,1,1
364983M,1,1,1,1
364XRCG,1,1,1,1
3661YYU,1,1,1,1
3667JOF,1,1,1,1
367CLQ2,1,1,1,1
36AHGQJ,1,1,1,1
36EAXVG,1,1,1,1
36EWC1A,1,1,1,1
36F2JE4,1,1,1,1
36FM4T9,1,1,1,1
36H20UM,1,1,1,1
36HFF6M,1,1,1,1
36I59DB,1,1,1,1
36IX885,1,1,1,1
36J9HBN,1,1,1,1
36ON1GQ,1,1,1,1
36OSLW1,1,1,1,1
36OVZR2,1,1,1,1
36P9WBD,1,1,1,1
36PTAJC,1,1,1,1
36RV899,1,1,1,1
36SL9YJ,1,1,1,1
36TJQCA,1,1,1,1
36U0USY,1,1,1,1
36V5U9R,1,1,1,1
36WYFAU,1,1,1,1
36XI80A,1,1,1,1
370AQXG,1,1,1,1
370DLLJ,1,1,1,1
371RUIJ,1,1,1,1
3731OPJ,1,1,1,1
3744NQW,1,1,1,1
37BAI46,1,1,1,1
37INXEZ,1,1,1,1
37JDPUF,1,1,1,1
37KDPKQ,1,1,1,1
37ODDRN,1,1,1,1
37PSBQE,1,1,1,1
37SHFK1,1,1,1,1
37TWN91,1,1,1,1
37V3YGJ,1,1,1,1
37X5KMF,1,1,1,1
380O6GK,1,1,1,1
382IS05,1,1,1,1
383PU2U,1,1,1,1
384F9YU,1,1,1,1
385YYSE,1,1,1,1
387GRPE,1,1,1,1
3894PE5,1,1,1,1
389ZEDJ,1,1,1,1
38ADWI4,1,1,1,1
38ALNTG,1,1,1,1
38C6E9P,1,1,1,1
38DGCMC,1,1,1,1
38DHEX9,1,1,1,1
38DWFTN,1,1,1,1
38GLAI5,1,1,1,1
38HVUGY,1,1,1,1
38IYP3O,1,1,1,1
38KEK2F,1,1,1,1
38LEHP5,1,1,1,1
38NN783,1,1,1,1
38NWKZ4,1,1,1,1
38PB7GM,1,1,1,1
38Q65N7,1,1,1,1
38QFJ5W,1,1,1,1
38QQHPD,1,1,1,1
38SMZF1,1,1,1,1
38SZ0QY,1,1,1,1
38WE19Q,1,1,1,1
38ZA0GQ,1,1,1,1
38ZHJRL,1,1,1,1
390X42T,1,1,1,1
394Q4LL,1,1,1,1
395X51Z,1,1,1,1
396JTBN,1,1,1,1
396KXNE,1,1,1,1
3990UCA,1,1,1,1
39AQ3XE,1,1,1,1
39AQVFU,1,1,1,1
39BDOP0,1,1,1,1
39D3P5Z,1,1,1,1
39EGKT0,1,1,1,1
39G6MLH,1,1,1,1
39HGDVM,1,1,1,1
39IUB4C,1,1,1,1
39JK2JU,1,1,1,1
39OCB45,1,1,1,1
39OKTDN,1,1,1,1
39QQYVG,1,1,1,1
39QUCCT,1,1,1,1
39SSVE1,1,1,1,1
39V39CW,1,1,1,1
39VD7KK,1,1,1,1
39Y67MA,1,1,1,1
39Y8XVR,1,1,1,1
39YF6CP,1,1,1,1
39YKV73,1,1,1,1
39YKXNS,1,1,1,1
39ZO5IC,1,1,1,1
3A04KN8,1,1,1,1
3A0PKTA,1,1,1,1
3A2JU7M,1,1,1,1
3A2LKRK,1,1,1,1
3A51978,1,1,1,1
3A5YHIN,1,1,1,1
3A8A2QR,1,1,1,1
3AALWHR,1,1,1,1
3AB5P0K,1,1,1,1
3ABDJXO,1,1,1,1
3ACCSDF,1,1,1,1
3ACINDX,1,1,1,1
3ADPQ3D,1,1,1,1
3ADYGHY,1,1,1,1
3AHU6FH,1,1,1,1
3AMFCR0,1,1,1,1
3AOKQKU,1,1,1,1
3AP1EBT,1,1,1,1
3ATMJKY,1,1,1,1
3AZKANH,1,1,1,1
3B02PTF,1,1,1,1
3B1DTKM,1,1,1,1
3B1LGHI,1,1,1,1
3B4KLM1,1,1,1,1
3B4V2EN,1,1,1,1
3B5B6IF,1,1,1,1
3B6FALB,1,1,1,1
3B7NX94,1,1,1,1
3B80HCC,1,1,1,1
3B8XI1S,1,1,1,1
3B8Y2G7,1,1,1,1
3BBZVMN,1,1,1,1
3BEHAVU,1,1,1,1
3BFIQ1Z,1,1,1,1
3BGIR4R,1,1,1,1
3BKS51O,1,1,1,1
3BMHV8Y,1,1,1,1
3BNGQUC,1,1,1,1
3BNTJ6D,1,1,1,1
3BPPYOK,1,1,1,1
3BQVVH9,1,1,1,1
3BSTLU4,1,1,1,1
3BUIOVD,1,1,1,1
3BVY2WM,1,1,1,1
3BWIQLV,1,1,1,1
3BWKVOG,1,1,1,1
3BWZJL5,1,1,1,1
3BZ0H2R,1,1,1,1
3BZ2ZCZ,1,1,1,1
3BZVIAP,1,1,1,1
3C33W5Q,1,1,1,1
3C4SK4V,1,1,1,1
3C56FYI,1,1,1,1
3C8KYDE,1,1,1,1
3C98YQZ,1,1,1,1
3CBOLZ3,1,1,1,1
3CCYW9J,1,1,1,1
3CF7W2X,1,1,1,1
3CH0DSI,1,1,1,1
3CHCBRI,1,1,1,1
3CHKC23,1,1,1,1
3CKUSZF,1,1,1,1
3CNJ7N5,1,1,1,1
3COSC6U,1,1,1,1
3COXB1Q,1,1,1,1
3CP6R1S,1,1,1,1
3CPIKB2,1,1,1,1
3CRM16O,1,1,1,1
3CTGNYJ,1,1,1,1
3CV6TNV,1,1,1,1
3CVU25L,1,1,1,1
3CW3JFR,1,1,1,1
3CY61C3,1,1,1,1
3CYF6XW,1,1,1,1
3CYX0LX,1,1,1,1
3CZ45J9,1,1,1,1
3D0I6EF,1,1,1,1
3DCCAWB,1,1,1,1
3DCXZ1D,1,1,1,1
3DDYAQ7,1,1,1,1
3DEKV44,1,1,1,1
3DGGVT7,1,1,1,1
3DICOQ6,1,1,1,1
3DJW9QZ,1,1,1,1
3DK6D8S,1,1,1,1
3DKZPWG,1,1,1,1
3DP1ZI5,1,1,1,1
3DRNKZ9,1,1,1,1
3DU4S10,1,1,1,1
3DVPMA6,1,1,1,1
3DW237R,1,1,1,1
3DXDHBD,1,1,1,1
3DXSEAU,1,1,1,1
3DXT4DK,1,1,1,1
3DY0Z4R,1,1,1,1
3E1461D,1,1,1,1
3E48K3D,1,1,1,1
3E4DJG1,1,1,1,1
3E8QZNN,1,1,1,1
3E9D398,1,1,1,1
3ECXZ8R,1,1,1,1
3ED7L3D,1,1,1,1
3EE2P6Y,1,1,1,1
3EHADHA,1,1,1,1
3EHNSEM,1,1,1,1
3EJUV4V,1,1,1,1
3ENXW9K,1,1,1,1
3EOF5F6,1,1,1,1
3EOIRYA,1,1,1,1
3EQP4WO,1,1,1,1
3ESUYJU,1,1,1,1
3EUMUO2,1,1,1,1
3EWH8EL,1,1,1,1
3EZITFX,1,1,1,1
3F0DG6A,1,1,1,1
3F3VYSB,1,1,1,1
3F5XG8O,1,1,1,1
3FA9KNX,1,1,1,1
3FBGOSW,1,1,1,1
3FBQA9T,1,1,1,1
3FBVHFA,1,1,1,1
3FEI60W,1,1,1,1
3FF8L0X,1,1,1,1
3FHQ51A,1,1,1,1
3FI43W8,1,1,1,1
3FJ2DU6,1,1,1,1
3FKAQE0,1,1,1,1
3FKI4I8,1,1,1,1
3FKJDJK,1,1,1,1
3FKSB6V,1,1,1,1
3FLPQ3M,1,1,1,1
3FOLPNJ,1,1,1,1
3FQ73LO,1,1,1,1
3FQKN1J,1,1,1,1
3FRELWM,1,1,1,1
3FRPAJI,1,1,1,1
3FSU3LC,1,1,1,1
3FSZYLY,1,1,1,1
3FTBGV0,1,1,1,1
3FV8LBP,1,1,1,1
3FVLVAY,1,1,1,1
3FWHTS3,1,1,1,1
3FWU4XH,1,1,1,1
3FZL4AL,1,1,1,1
3FZSSHH,1,1,1,1
3FZXTNY,1,1,1,1
3G3IUFL,1,1,1,1
3G4998J,1,1,1,1
3G4ZFWR,1,1,1,1
3G5SPQR,1,1,1,1
3G8GJFR,1,1,1,1
3G8HINQ,1,1,1,1
3G8MG2X,1,1,1,1
3G8XWRZ,1,1,1,1
3GBJKS7,1,1,1,1
3GDPE3T,1,1,1,1
3GEXZJC,1,1,1,1
3GEZHXN,1,1,1,1
3GH32BG,1,1,1,1
3GHF968,1,1,1,1
3GK4SHS,1,1,1,1
3GKMTN7,1,1,1,1
3GLH2DP,1,1,1,1
3GMSNN4,1,1,1,1
3GSBVQP,1,1,1,1
3GSF4P1,1,1,1,1
3GT5FD6,1,1,1,1
3GT9S2H,1,1,1,1
3GW5Q4W,1,1,1,1
3GXKHRC,1,1,1,1
3GY6CCR,1,1,1,1
3GYOBFA,1,1,1,1
3GYVB4F,1,1,1,1
3H1TRAZ,1,1,1,1
3H1VZII,1,1,1,1
3H3PB5S,1,1,1,1
3H7L7PP,1,1,1,1
3H868NY,1,1,1,1
3H8JGAK,1,1,1,1
3HB26TR,1,1,1,1
3HBKIHR,1,1,1,1
3HBPFHF,1,1,1,1
3HBXDJ9,1,1,1,1
3HE0YG9,1,1,1,1
3HGF8FA,1,1,1,1
3HGVC18,1,1,1,1
3HIHD2X,1,1,1,1
3HK3S9M,1,1,1,1
3HKCHLJ,1,1,1,1
3HKXC6Q,1,1,1,1
3HL69QI,1,1,1,1
3HN210O,1,1,1,1
3HN21L1,1,1,1,1
3HN4WJ2,1,1,1,1
3HOM9IG,1,1,1,1
3HONJ47,1,1,1,1
3HPHXGI,1,1,1,1
3HQMNVI,1,1,1,1
3HRFGIG,1,1,1,1
3HSNHJS,1,1,1,1
3HSOZOH,1,1,1,1
3HTYHUF,1,1,1,1
3HW0Q75,1,1,1,1
3HWQT0U,1,1,1,1
3HXW49M,1,1,1,1
3I2W5RJ,1,1,1,1
3I3QUSV,1,1,1,1
3I634VD,1,1,1,1
3I7ZG92,1,1,1,1
3IA4QXE,1,1,1,1
3IA9KFQ,1,1,1,1
3IAI9M3,1,1,1,1
3IAS4HR,1,1,1,1
3ICX348,1,1,1,1
3IEMTHN,1,1,1,1
3IFNSFN,1,1,1,1
3IFUT2J,1,1,1,1
3IG4VFE,1,1,1,1
3IGX3PO,1,1,1,1
3IJHIIU,1,1,1,1
3IJIHDI,1,1,1,1
3IK2WDC,1,1,1,1
3IK84G1,1,1,1,1
3ILQX1P,1,1,1,1
3IMP6CH,1,1,1,1
3IOAZYL,1,1,1,1
3IODF0S,1,1,1,1
3IOFTV5,1,1,1,1
3IOYNRA,1,1,1,1
3IP5L1Z,1,1,1,1
3IPLRIG,1,1,1,1
3IQT19N,1,1,1,1
3IQZY2E,1,1,1,1
3IUVVYA,1,1,1,1
3IWE5LB,1,1,1,1
3IYMT8K,1,1,1,1
3IZED4S,1,1,1,1
3J0R2ID,1,1,1,1
3J0RGQG,1,1,1,1
3J138ZD,1,1,1,1
3J16RSM,1,1,1,1
3J2322T,1,1,1,1
3J4GXWX,1,1,1,1
3J7UITR,1,1,1,1
3JAZ6LH,1,1,1,1
3JBIUVA,1,1,1,1
3JCHHS1,1,1,1,1
3JCUI6M,1,1,1,1
3JD3X5V,1,1,1,1
3JFBXE8,1,1,1,1
3JGQGTX,1,1,1,1
3JNT9PS,1,1,1,1
3JOURCS,1,1,1,1
3JQ9A04,1,1,1,1
3JTM278,1,1,1,1
3JUIP3U,1,1,1,1
3JVQ4IA,1,1,1,1
3JXE58C,1,1,1,1
3JXFEDA,1,1,1,1
3JXFRIC,1,1,1,1
3JXHUZF,1,1,1,1
3JXX2YF,1,1,1,1
3JZA1I3,1,1,1,1
3K233ZD,1,1,1,1
3K2PRPV,1,1,1,1
3K31Y2P,1,1,1,1
3K3MPWL,1,1,1,1
3K8NRSG,1,1,1,1
3KA4VMQ,1,1,1,1
3KBTM34,1,1,1,1
3KC6P3C,1,1,1,1
3KGRJY1,1,1,1,1
3KHUXOV,1,1,1,1
3KIDSEB,1,1,1,1
3KKUPPF,1,1,1,1
3KNXOHK,1,1,1,1
3KPGE6X,1,1,1,1
3KQNUP9,1,1,1,1
3KS7MX6,1,1,1,1
3KSUILL,1,1,1,1
3KTC7PD,1,1,1,1
3KTDGCF,1,1,1,1
3KVMHSC,1,1,1,1
3KVZ9DT,1,1,1,1
3KWLRXQ,1,1,1,1
3KX55PX,1,1,1,1
3KX9FVN,1,1,1,1
3KXANQR,1,1,1,1
3KZI4A1,1,1,1,1
3L1EVRW,1,1,1,1
3L1GTPA,1,1,1,1
3L2BEAI,1,1,1,1
3L4FKEO,1,1,1,1
3L5AOQT,1,1,1,1
3L5AQQI,1,1,1,1
3L71XYU,1,1,1,1
3LA2NT9,1,1,1,1
3LBOVGG,1,1,1,1
3LBV9DG,1,1,1,1
3LC6YLZ,1,1,1,1
3LC7N2O,1,1,1,1
3LE7DZ0,1,1,1,1
3LF3KPQ,1,1,1,1
3LHB601,1,1,1,1
3LICDGS,1,1,1,1
3LLKOAB,1,1,1,1
3LQTBV2,1,1,1,1
3LQWWU9,1,1,1,1
3LS5LNV,1,1,1,1
3LTO5MY,1,1,1,1
3LU457Z,1,1,1,1
3LVEBKN,1,1,1,1
3LX0L1G,1,1,1,1
3LY69KB,1,1,1,1
3LZ1889,1,1,1,1
3M05G6R,1,1,1,1
3M0CY1U,1,1,1,1
3M0PNCY,1,1,1,1
3M0UYME,1,1,1,1
3M2LXD2,1,1,1,1
3M6PT1B,1,1,1,1
3M719JG,1,1,1,1
3M7GKGY,1,1,1,1
3M811P2,1,1,1,1
3M92M62,1,1,1,1
3M962KE,1,1,1,1
3M99NKB,1,1,1,1
3MACCQ2,1,1,1,1
3MBZ0H0,1,1,1,1
3MC8H0P,1,1,1,1
3MCIHZ6,1,1,1,1
3MDRX3V,1,1,1,1
3MDWZGR,1,1,1,1
3MFP8QJ,1,1,1,1
3MG51D0,1,1,1,1
3MHL7QA,1,1,1,1
3MJKLGB,1,1,1,1
3MJSROY,1,1,1,1
3ML4IBR,1,1,1,1
3MPNOSM,1,1,1,1
3MTNYD9,1,1,1,1
3MYZ7SO,1,1,1,1
3N15FMY,1,1,1,1
3N169Q2,1,1,1,1
3N1M9K7,1,1,1,1
3N1S9ZP,1,1,1,1
3N2A90S,1,1,1,1
3N6MQPC,1,1,1,1
3N7ZH9W,1,1,1,1
3N8LIW0,1,1,1,1
3N9IS69,1,1,1,1
3N9MVA7,1,1,1,1
3N9OXSZ,1,1,1,1
3NBHN0Q,1,1,1,1
3NDJEV6,1,1,1,1
3NDJXHQ,1,1,1,1
3NEB3LZ,1,1,1,1
3NGR21B,1,1,1,1
3NGS2S4,1,1,1,1
3NHZOVF,1,1,1,1
3NLD6BW,1,1,1,1
3NMA4K3,1,1,1,1
3NMI3V5,1,1,1,1
3NONO1S,1,1,1,1
3NP6P6P,1,1,1,1
3NSZUI6,1,1,1,1
3NTMPXC,1,1,1,1
3NURZ73,1,1,1,1
3NW9ZG6,1,1,1,1
3NZICWQ,1,1,1,1
3O02QLM,1,1,1,1
3O0DDPE,1,1,1,1
3O192QR,1,1,1,1
3O4HZ71,1,1,1,1
3O5FXZY,1,1,1,1
3O7C0BC,1,1,1,1
3O9ITM3,1,1,1,1
3OAF56V,1,1,1,1
3OAMYNG,1,1,1,1
3OBHUFO,1,1,1,1
3OBNKIT,1,1,1,1
3OD27NB,1,1,1,1
3OD5K0S,1,1,1,1
3ODHUU1,1,1,1,1
3ODPPXY,1,1,1,1
3OE1HWZ,1,1,1,1
3OFK6ZT,1,1,1,1
3OGDZ7L,1,1,1,1
3OJASHP,1,1,1,1
3OJMMCU,1,1,1,1
3OLPUEY,1,1,1,1
3OLZ42J,1,1,1,1
3OMI6QD,1,1,1,1
3OMRNSA,1,1,1,1
3ONXPJV,1,1,1,1
3OQDBGH,1,1,1,1
3OSQDFM,1,1,1,1
3OSVO0K,1,1,1,1
3OT8KN5,1,1,1,1
3OTIDS5,1,1,1,1
3OVALIY,1,1,1,1
3OW4I0L,1,1,1,1
3OYYLZI,1,1,1,1
3P40MEY,1,1,1,1
3P48TXR,1,1,1,1
3P4FMBS,1,1,1,1
3PAOI7R,1,1,1,1
3PCG6SI,1,1,1,1
3PENGZS,1,1,1,1
3PFKSRB,1,1,1,1
3PGKIPZ,1,1,1,1
3PJ76FH,1,1,1,1
3PJCABP,1,1,1,1
3PL9XR8,1,1,1,1
3PLD8KS,1,1,1,1
3PSKMY7,1,1,1,1
3PTBS95,1,1,1,1
3PTCEQ7,1,1,1,1
3PUQNA4,1,1,1,1
3PWI2B8,1,1,1,1
3PWZDIA,1,1,1,1
3PYBL1J,1,1,1,1
3PYCIKH,1,1,1,1
3PZ40C8,1,1,1,1
3PZPGM5,1,1,1,1
3Q24NG8,1,1,1,1
3Q2GO2Z,1,1,1,1
3Q4W01V,1,1,1,1
3Q5JW7F,1,1,1,1
3Q5PUI4,1,1,1,1
3Q7J7LY,1,1,1,1
3Q7QIS4,1,1,1,1
3QC8NRK,1,1,1,1
3QCAPCF,1,1,1,1
3QCLN5N,1,1,1,1
3QCRTLR,1,1,1,1
3QDIR37,1,1,1,1
3QE5W80,1,1,1,1
3QGXJGM,1,1,1,1
3QGYSB9,1,1,1,1
3QHSGPN,1,1,1,1
3QK5EW0,1,1,1,1
3QMI7PJ,1,1,1,1
3QPKSHX,1,1,1,1
3QQMJ82,1,1,1,1
3QQRO82,1,1,1,1
3QS7TP4,1,1,1,1
3QTEN4Q,1,1,1,1
3QTU8EV,1,1,1,1
3QUZ0WH,1,1,1,1
3QVU5JW,1,1,1,1
3QVUJPX,1,1,1,1
3QW2Y0A,1,1,1,1
3QYGFPK,1,1,1,1
3R2LBFM,1,1,1,1
3R2OTLW,1,1,1,1
3R81D7X,1,1,1,1
3R88BFP,1,1,1,1
3R96ACO,1,1,1,1
3RBNL45,1,1,1,1
3RBO1Y3,1,1,1,1
3RHZF49,1,1,1,1
3RK6JMB,1,1,1,1
3RM0H27,1,1,1,1
3RMU53W,1,1,1,1
3RNIZFQ,1,1,1,1
3RO181E,1,1,1,1
3RO1RR6,1,1,1,1
3RSN2VJ,1,1,1,1
3RW2QTN,1,1,1,1
3RY2PFK,1,1,1,1
3RZQ000,1,1,1,1
3S2D7UA,1,1,1,1
3S2H46G,1,1,1,1
3S2TNG5,1,1,1,1
3S4BZ1T,1,1,1,1
3S4UPW1,1,1,1,1
3S8OL57,1,1,1,1
3S8QW0Y,1,1,1,1
3SC0NY5,1,1,1,1
3SG2BR5,1,1,1,1
3SHBAPH,1,1,1,1
3SI9HG0,1,1,1,1
3SJEP0S,1,1,1,1
3SKBNB4,1,1,1,1
3SLI0IV,1,1,1,1
3SMKT4U,1,1,1,1
3SMU0E6,1,1,1,1
3SMYTJH,1,1,1,1
3SPJCN3,1,1,1,1
3SQBIJ8,1,1,1,1
3SR4FCF,1,1,1,1
3SR5MES,1,1,1,1
3SUQZC9,1,1,1,1
3SVSHIE,1,1,1,1
3SVSJ4F,1,1,1,1
3SZPT3O,1,1,1,1
3T0TO3M,1,1,1,1
3T2BRAC,1,1,1,1
3T3R0LY,1,1,1,1
3T6A97Z,1,1,1,1
3T6FH4M,1,1,1,1
3T72CY7,1,1,1,1
3T8LCFY,1,1,1,1
3TAHB2T,1,1,1,1
3TBRQSY,1,1,1,1
3TCZFRA,1,1,1,1
3TGGHIM,1,1,1,1
3TH0WNK,1,1,1,1
3THEPZT,1,1,1,1
3THNSO3,1,1,1,1
3TI7HOD,1,1,1,1
3TJR4TN,1,1,1,1
3TKJBAR,1,1,1,1
3TL2HZI,1,1,1,1
3TMSIOE,1,1,1,1
3TNZKK0,1,1,1,1
3TP4F7P,1,1,1,1
3TQ5954,1,1,1,1
3TQEYIG,1,1,1,1
3TQSSA6,1,1,1,1
3TRC6GB,1,1,1,1
3TRSDCK,1,1,1,1
3TRUBPQ,1,1,1,1
3TS012U,1,1,1,1
3TTFFUR,1,1,1,1
3TV2YR2,1,1,1,1
3TV8DM5,1,1,1,1
3TW46VK,1,1,1,1
3TWJFLO,1,1,1,1
3TYQGUV,1,1,1,1
3TYZIUS,1,1,1,1
3TZTV19,1,1,1,1
3U091PB,1,1,1,1
3U2OX3U,1,1,1,1
3U2SNYH,1,1,1,1
3U3KHPY,1,1,1,1
3U3W4UQ,1,1,1,1
3U5H0MP,1,1,1,1
3U7W2UG,1,1,1,1
3UACH7L,1,1,1,1
3UAQ027,1,1,1,1
3UBNTL9,1,1,1,1
3UDCA7P,1,1,1,1
3UEJQPJ,1,1,1,1
3UH1JT7,1,1,1,1
3UH66PV,1,1,1,1
3UI80HT,1,1,1,1
3UIRDCE,1,1,1,1
3UIU01K,1,1,1,1
3UJI5HF,1,1,1,1
3UM1SOC,1,1,1,1
3UNEZ8O,1,1,1,1
3UQ9HLG,1,1,1,1
3URKSKQ,1,1,1,1
3US87JH,1,1,1,1
3UWHERQ,1,1,1,1
3UX2Q4L,1,1,1,1
3V1WHRT,1,1,1,1
3V2F80Q,1,1,1,1
3V2RPY9,1,1,1,1
3V4LEFQ,1,1,1,1
3V4P9QR,1,1,1,1
3V5ASYN,1,1,1,1
3V5JKRU,1,1,1,1
3V6THEV,1,1,1,1
3VA26RI,1,1,1,1
3VA50LG,1,1,1,1
3VCJ8XZ,1,1,1,1
3VE3JWO,1,1,1,1
3VE45S0,1,1,1,1
3VFSJR1,1,1,1,1
3VGWH4A,1,1,1,1
3VISOO9,1,1,1,1
3VJILTG,1,1,1,1
3VJXZLK,1,1,1,1
3VLEDN9,1,1,1,1
3VLJWHO,1,1,1,1
3VN0UO6,1,1,1,1
3VNVHL2,1,1,1,1
3VODJ4J,1,1,1,1
3VTMZF1,1,1,1,1
3VWXART,1,1,1,1
3VZLLYC,1,1,1,1
3W0YUWC,1,1,1,1
3W1LM9J,1,1,1,1
3W34FF7,1,1,1,1
3W6Y809,1,1,1,1
3WA4XQ8,1,1,1,1
3WA7GJ2,1,1,1,1
3WAFQ9J,1,1,1,1
3WALZXP,1,1,1,1
3WBJRSY,1,1,1,1
3WDEIQP,1,1,1,1
3WH7L5O,1,1,1,1
3WI2YUW,1,1,1,1
3WJ2FK4,1,1,1,1
3WLVS6Q,1,1,1,1
3WR9LHF,1,1,1,1
3WRSVPN,1,1,1,1
3WSHUGK,1,1,1,1
3WUSEMX,1,1,1,1
3WW8G35,1,1,1,1
3WXH831,1,1,1,1
3WYU87R,1,1,1,1
3WZGF4I,1,1,1,1
3X0O4EP,1,1,1,1
3X1DENF,1,1,1,1
3X3HSZJ,1,1,1,1
3X3YHYU,1,1,1,1
3X69KUN,1,1,1,1
3X6Y8QL,1,1,1,1
3X8UU1L,1,1,1,1
3X9870X,1,1,1,1
3XAOGBP,1,1,1,1
3XAQ2T0,1,1,1,1
3XEX2JC,1,1,1,1
3XFQ663,1,1,1,1
3XFR612,1,1,1,1
3XFSRZS,1,1,1,1
3XH6YLM,1,1,1,1
3XINGOQ,1,1,1,1
3XJE20O,1,1,1,1
3XJRO57,1,1,1,1
3XKYO0X,1,1,1,1
3XL5VZU,1,1,1,1
3XNTHMP,1,1,1,1
3XO11AX,1,1,1,1
3XOWAZA,1,1,1,1
3XQLEL8,1,1,1,1
3XS92KI,1,1,1,1
3XTYI7B,1,1,1,1
3XVICIH,1,1,1,1
3XVUYWA,1,1,1,1
3XWH7M9,1,1,1,1
3XWQZ4B,1,1,1,1
3XWXFKB,1,1,1,1
3XYBMK1,1,1,1,1
3XYLN4Q,1,1,1,1
3XZSDZF,1,1,1,1
3Y2XNC8,1,1,1,1
3Y3YCSO,1,1,1,1
3Y52OFM,1,1,1,1
3Y5QVEX,1,1,1,1
3Y73WQE,1,1,1,1
3Y9YVIH,1,1,1,1
3YAWYKD,1,1,1,1
3YB4VQY,1,1,1,1
3YF24NU,1,1,1,1
3YGVIS7,1,1,1,1
3YHEV9C,1,1,1,1
3YHIJZV,1,1,1,1
3YJ6FO1,1,1,1,1
3YL0CEE,1,1,1,1
3YMCICA,1,1,1,1
3YNUEHJ,1,1,1,1
3YODMF8,1,1,1,1
3YP0F2N,1,1,1,1
3YP76JP,1,1,1,1
3YP7OS1,1,1,1,1
3YS3K6C,1,1,1,1
3YSGP2W,1,1,1,1
3YTN2C4,1,1,1,1
3YU28HX,1,1,1,1
3YVCFY8,1,1,1,1
3YX5GRM,1,1,1,1
3YXNYI4,1,1,1,1
3Z0GVSH,1,1,1,1
3Z3QILT,1,1,1,1
3Z4HOUY,1,1,1,1
3Z7FF5G,1,1,1,1
3Z7ID3L,1,1,1,1
3Z8AER9,1,1,1,1
3ZCODC6,1,1,1,1
3ZD51FB,1,1,1,1
3ZDATJ3,1,1,1,1
3ZE7FRT,1,1,1,1
3ZG4GIQ,1,1,1,1
3ZH4UXE,1,1,1,1
3ZHVDBD,1,1,1,1
3ZHWDD6,1,1,1,1
3ZIABQ7,1,1,1,1
3ZNP26N,1,1,1,1
3ZPB0I0,1,1,1,1
3ZQLUR2,1,1,1,1
3ZQX1JT,1,1,1,1
3ZRAPBI,1,1,1,1
3ZRUWZA,1,1,1,1
3ZSCRCO,1,1,1,1
3ZUNDFR,1,1,1,1
3ZWZ1Y4,1,1,1,1
3ZX9IB7,1,1,1,1
3ZXWIME,1,1,1,1
3ZYU240,1,1,1,1
405O948,1,1,1,1
40671J0,1,1,1,1
407FOU0,1,1,1,1
4093QFR,1,1,1,1
40B7EBH,1,1,1,1
40BU73K,1,1,1,1
40D2D6F,1,1,1,1
40I1VLO,1,1,1,1
40JOAWN,1,1,1,1
40LS2PC,1,1,1,1
40LTTAJ,1,1,1,1
40MS993,1,1,1,1
40VI9LU,1,1,1,1
40WUTJ9,1,1,1,1
40XK2WK,1,1,1,1
410OJK7,1,1,1,1
411B0EY,1,1,1,1
4133RVJ,1,1,1,1
413705D,1,1,1,1
415JCMN,1,1,1,1
418CH2T,1,1,1,1
419OV3D,1,1,1,1
41DKZUN,1,1,1,1
41HGLMT,1,1,1,1
41HVO6D,1,1,1,1
41NA5W7,1,1,1,1
41ONPZ8,1,1,1,1
41P0ZDO,1,1,1,1
41Q5GHX,1,1,1,1
41QYKLX,1,1,1,1
41R6Y41,1,1,1,1
41RGB7H,1,1,1,1
41TJ2HY,1,1,1,1
41V178D,1,1,1,1
41YYTQ7,1,1,1,1
41Z6DEW,1,1,1,1
421SC1L,1,1,1,1
423XX7C,1,1,1,1
427FIKX,1,1,1,1
427JI03,1,1,1,1
42970LY,1,1,1,1
42CK76J,1,1,1,1
42ENM5N,1,1,1,1
42FFGN5,1,1,1,1
42G0LKF,1,1,1,1
42GDPMC,1,1,1,1
42HLNDA,1,1,1,1
42JBQ1G,1,1,1,1
42K1UHQ,1,1,1,1
42KSHU7,1,1,1,1
42O83AT,1,1,1,1
42OZ302,1,1,1,1
42P3OG8,1,1,1,1
42RKKIX,1,1,1,1
42RY5XB,1,1,1,1
42UPF44,1,1,1,1
42UW89R,1,1,1,1
42UZ7WJ,1,1,1,1
42V5ARU,1,1,1,1
42V6HLV,1,1,1,1
432MZFI,1,1,1,1
437A7DX,1,1,1,1
43CMQDM,1,1,1,1
43DHEDY,1,1,1,1
43FLTGS,1,1,1,1
43HU6XK,1,1,1,1
43J6HFV,1,1,1,1
43JHWVS,1,1,1,1
43M8TJ6,1,1,1,1
43NGH9G,1,1,1,1
43STPNA,1,1,1,1
43TNLQE,1,1,1,1
43UZP5Q,1,1,1,1
43WE809,1,1,1,1
43XACXR,1,1,1,1
43XDHWA,1,1,1,1
43XX3HQ,1,1,1,1
43YMFPG,1,1,1,1
43YPV4W,1,1,1,1
43ZTL9A,1,1,1,1
4409YQ4,1,1,1,1
442SEA4,1,1,1,1
444BRIP,1,1,1,1
445OTWC,1,1,1,1
446J2H1,1,1,1,1
448ESC6,1,1,1,1
44CFWSK,1,1,1,1
44D1M55,1,1,1,1
44MCBVY,1,1,1,1
44PAC6N,1,1,1,1
44PCVQX,1,1,1,1
44PIHS1,1,1,1,1
44Q23QH,1,1,1,1
44SOHN1,1,1,1,1
44SRZGQ,1,1,1,1
44TDH22,1,1,1,1
44VKH0B,1,1,1,1
450I3RG,1,1,1,1
451XV8B,1,1,1,1
454T4NB,1,1,1,1
45B38JL,1,1,1,1
45BQQDJ,1,1,1,1
45CG150,1,1,1,1
45D13F0,1,1,1,1
45DGG0Q,1,1,1,1
45ECH4C,1,1,1,1
45FVJ11,1,1,1,1
45G2OSQ,1,1,1,1
45KIDSP,1,1,1,1
45ODVSM,1,1,1,1
45OFX07,1,1,1,1
45RCSCB,1,1,1,1
45TXJSR,1,1,1,1
45UHANU,1,1,1,1
45UM1AI,1,1,1,1
45VVH2S,1,1,1,1
462ZQUA,1,1,1,1
463MNPB,1,1,1,1
4641I6M,1,1,1,1
46453JX,1,1,1,1
46532MH,1,1,1,1
467NDU0,1,1,1,1
4680PEH,1,1,1,1
46AHZWY,1,1,1,1
46ATN7W,1,1,1,1
46BI62M,1,1,1,1
46C9EEK,1,1,1,1
46D7GCH,1,1,1,1
46EQAZF,1,1,1,1
46IJWR7,1,1,1,1
46JCGOU,1,1,1,1
46K8EUR,1,1,1,1
46NVDSA,1,1,1,1
46Q8NKK,1,1,1,1
46RIQZ7,1,1,1,1
46TLNHZ,1,1,1,1
46XUCNX,1,1,1,1
470TO0S,1,1,1,1
471EU3Y,1,1,1,1
47255MD,1,1,1,1
473569L,1,1,1,1
473BYWT,1,1,1,1
475OMWU,1,1,1,1
476Y7XX,1,1,1,1
477U3I5,1,1,1,1
47810ZJ,1,1,1,1
478YTSV,1,1,1,1
47AJQ6C,1,1,1,1
47AS42X,1,1,1,1
47BBDR5,1,1,1,1
47FJAZV,1,1,1,1
47GZRQG,1,1,1,1
47IDJ1I,1,1,1,1
47IIW7X,1,1,1,1
47KE984,1,1,1,1
47KI08R,1,1,1,1
47MHL11,1,1,1,1
47MV1DS,1,1,1,1
47PNMHI,1,1,1,1
47QDZBX,1,1,1,1
47RK57I,1,1,1,1
47T15WY,1,1,1,1
47T9I2U,1,1,1,1
47UTEI7,1,1,1,1
47VEJ9G,1,1,1,1
47X3E21,1,1,1,1
47YF5GI,1,1,1,1
480DADJ,1,1,1,1
48106UW,1,1,1,1
481F7MP,1,1,1,1
484A79C,1,1,1,1
486ME1T,1,1,1,1
486UP32,1,1,1,1
489ZNQD,1,1,1,1
48CSZGX,1,1,1,1
48DA1WV,1,1,1,1
48E4WJN,1,1,1,1
48E828E,1,1,1,1
48LBAMT,1,1,1,1
48LM9RM,1,1,1,1
48MU19V,1,1,1,1
48PXQ38,1,1,1,1
48R1H6X,1,1,1,1
48U0HKZ,1,1,1,1
48U5C27,1,1,1,1
48XBCJY,1,1,1,1
48Z1QGQ,1,1,1,1
48Z32WA,1,1,1,1
493DFBA,1,1,1,1
4944IHV,1,1,1,1
494HFWY,1,1,1,1
496VUI3,1,1,1,1
49BGJ9S,1,1,1,1
49CPIUV,1,1,1,1
49DFBAP,1,1,1,1
49DHOPL,1,1,1,1
49EAE79,1,1,1,1
49GE1N7,1,1,1,1
49GLWC7,1,1,1,1
49HDOHU,1,1,1,1
49R833C,1,1,1,1
49TLSJ2,1,1,1,1
49UKBID,1,1,1,1
49WCIK6,1,1,1,1
49WQLHM,1,1,1,1
4A2OVYP,1,1,1,1
4A42BI6,1,1,1,1
4A492GH,1,1,1,1
4A7EGKS,1,1,1,1
4A7GQKO,1,1,1,1
4A864Z7,1,1,1,1
4A8L5Z0,1,1,1,1
4ABDFPX,1,1,1,1
4AC2KC8,1,1,1,1
4AE98H6,1,1,1,1
4AEH621,1,1,1,1
4AEYSOY,1,1,1,1
4AHAD06,1,1,1,1
4AHFE3R,1,1,1,1
4AJCNZU,1,1,1,1
4AJTHS9,1,1,1,1
4AKBAEW,1,1,1,1
4AMPSRJ,1,1,1,1
4AMROGD,1,1,1,1
4ANWSKM,1,1,1,1
4AOIM31,1,1,1,1
4AQ6P0T,1,1,1,1
4AQ7VH8,1,1,1,1
4AQE1LH,1,1,1,1
4ASIMT3,1,1,1,1
4AU9FS2,1,1,1,1
4AUW1ED,1,1,1,1
4AVBANY,1,1,1,1
4AWCOG3,1,1,1,1
4AZJ62R,1,1,1,1
4AZKHEA,1,1,1,1
4B0UC65,1,1,1,1
4B2NTKN,1,1,1,1
4B2X6HR,1,1,1,1
4B429RX,1,1,1,1
4B5YFMI,1,1,1,1
4B6G8R6,1,1,1,1
4B7XZIW,1,1,1,1
4B8QIHZ,1,1,1,1
4BA2W8S,1,1,1,1
4BAFOOF,1,1,1,1
4BCIOBG,1,1,1,1
4BE09RT,1,1,1,1
4BE2ZUT,1,1,1,1
4BHJB13,1,1,1,1
4BJB6WM,1,1,1,1
4BJRHHM,1,1,1,1
4BK0J3W,1,1,1,1
4BOBCY1,1,1,1,1
4BPZ01H,1,1,1,1
4BROSYV,1,1,1,1
4BT7QVW,1,1,1,1
4BTAP5U,1,1,1,1
4BTM2TK,1,1,1,1
4BTUUQ0,1,1,1,1
4BV8IW0,1,1,1,1
4BV8PBX,1,1,1,1
4BVA5IE,1,1,1,1
4BVPAOO,1,1,1,1
4BZ7LVS,1,1,1,1
4C0F04Z,1,1,1,1
4C1VSJZ,1,1,1,1
4C2JPAY,1,1,1,1
4C52SSU,1,1,1,1
4C8YBHB,1,1,1,1
4CAN6GH,1,1,1,1
4CBUOGT,1,1,1,1
4CCX3AG,1,1,1,1
4CEHIGT,1,1,1,1
4CESK08,1,1,1,1
4CHBTME,1,1,1,1
4CJ93DC,1,1,1,1
4CJYANL,1,1,1,1
4CKT7KG,1,1,1,1
4CL0S5N,1,1,1,1
4CMOI0D,1,1,1,1
4COD003,1,1,1,1
4CP25Z7,1,1,1,1
4CQQURR,1,1,1,1
4CTJATC,1,1,1,1
4CTQHLA,1,1,1,1
4CVFH7F,1,1,1,1
4CZLP0Y,1,1,1,1
4CZSP0T,1,1,1,1
4D1XKLH,1,1,1,1
4D4M7DE,1,1,1,1
4D54B7S,1,1,1,1
4D62CVI,1,1,1,1
4D6W4C8,1,1,1,1
4D7W8LE,1,1,1,1
4D99U8E,1,1,1,1
4D9T1BF,1,1,1,1
4DC860I,1,1,1,1
4DCRPT8,1,1,1,1
4DCUSJS,1,1,1,1
4DGXMFC,1,1,1,1
4DH9OBE,1,1,1,1
4DJKE4R,1,1,1,1
4DMS28L,1,1,1,1
4DN4276,1,1,1,1
4DNVJ04,1,1,1,1
4DPC05I,1,1,1,1
4DSBBQN,1,1,1,1
4DU1E40,1,1,1,1
4DUHBXY,1,1,1,1
4DWTL51,1,1,1,1
4DYXVEJ,1,1,1,1
4DZX5PX,1,1,1,1
4E08TRI,1,1,1,1
4E1GT20,1,1,1,1
4E2NGMC,1,1,1,1
4E2OEED,1,1,1,1
4E3DZ3F,1,1,1,1
4E3STYE,1,1,1,1
4E5D2MA,1,1,1,1
4E5ZN3X,1,1,1,1
4E756W0,1,1,1,1
4E7OA6G,1,1,1,1
4E7QVBG,1,1,1,1
4E8K5KD,1,1,1,1
4E8O8GG,1,1,1,1
4ECYZVA,1,1,1,1
4EFCUJT,1,1,1,1
4EFIJKS,1,1,1,1
4EHVFN5,1,1,1,1
4EI4ZBM,1,1,1,1
4EJ0OKC,1,1,1,1
4EJ6WUM,1,1,1,1
4EJX2VX,1,1,1,1
4EK7UTT,1,1,1,1
4EN7X2M,1,1,1,1
4ENLD5S,1,1,1,1
4EQDEXD,1,1,1,1
4EQX6GA,1,1,1,1
4ER6CP7,1,1,1,1
4ERRAOL,1,1,1,1
4ETF4JK,1,1,1,1
4EX7Q9G,1,1,1,1
4EXLIBZ,1,1,1,1
4F06OEL,1,1,1,1
4F0FEYT,1,1,1,1
4F2FTJW,1,1,1,1
4F5INSN,1,1,1,1
4F98R97,1,1,1,1
4FAF5SR,1,1,1,1
4FBKTU3,1,1,1,1
4FDIHKX,1,1,1,1
4FFAGOF,1,1,1,1
4FFLOVD,1,1,1,1
4FJHGL4,1,1,1,1
4FL3R7A,1,1,1,1
4FL8AP7,1,1,1,1
4FL9O8I,1,1,1,1
4FPH5JE,1,1,1,1
4FPPP97,1,1,1,1
4FQRM2E,1,1,1,1
4FS3CFN,1,1,1,1
4FS88WC,1,1,1,1
4FSKCZN,1,1,1,1
4FSTJCF,1,1,1,1
4FSV5PO,1,1,1,1
4FTPQLT,1,1,1,1
4FUOOHU,1,1,1,1
4FVC27M,1,1,1,1
4FVD46V,1,1,1,1
4FVKU9G,1,1,1,1
4FX0RBN,1,1,1,1
4FX8UOH,1,1,1,1
4FXG5F8,1,1,1,1
4FXG728,1,1,1,1
4FXHRJD,1,1,1,1
4FXU39B,1,1,1,1
4G2QCCK,1,1,1,1
4G3G6W7,1,1,1,1
4G5F8MU,1,1,1,1
4G6L3BW,1,1,1,1
4GAV3CL,1,1,1,1
4GB51DC,1,1,1,1
4GBGJ3T,1,1,1,1
4GBVKI0,1,1,1,1
4GEWXD6,1,1,1,1
4GFMN0Y,1,1,1,1
4GGHMO5,1,1,1,1
4GGTZ3S,1,1,1,1
4GHJBON,1,1,1,1
4GHRCRA,1,1,1,1
4GHYIFC,1,1,1,1
4GIVYRM,1,1,1,1
4GIZDWO,1,1,1,1
4GJFENN,1,1,1,1
4GJUA61,1,1,1,1
4GKKNLY,1,1,1,1
4GLOC59,1,1,1,1
4GOSPSQ,1,1,1,1
4GS3ALF,1,1,1,1
4GSOFF0,1,1,1,1
4GSZ74S,1,1,1,1
4GTL2L1,1,1,1,1
4GU8H00,1,1,1,1
4GYRH19,1,1,1,1
4GYTXZU,1,1,1,1
4GZUVDJ,1,1,1,1
4H19RRE,1,1,1,1
4H1GYN2,1,1,1,1
4H56ULV,1,1,1,1
4H7PIV0,1,1,1,1
4H9U92C,1,1,1,1
4HAJ62T,1,1,1,1
4HC5WLC,1,1,1,1
4HCB26T,1,1,1,1
4HDHI5U,1,1,1,1
4HE7SY1,1,1,1,1
4HECP3L,1,1,1,1
4HI1MED,1,1,1,1
4HJF1MV,1,1,1,1
4HLKIWX,1,1,1,1
4HMCFQ0,1,1,1,1
4HRUAHG,1,1,1,1
4HSCE2P,1,1,1,1
4HUMODU,1,1,1,1
4HVUN5C,1,1,1,1
4HWH03Z,1,1,1,1
4HXYOAF,1,1,1,1
4HY2QCR,1,1,1,1
4HZBBRF,1,1,1,1
4I14ZMW,1,1,1,1
4I1BBRZ,1,1,1,1
4I1BXTN,1,1,1,1
4I1STDB,1,1,1,1
4I1VJU3,1,1,1,1
4I23D86,1,1,1,1
4I2JMEK,1,1,1,1
4I3H9B1,1,1,1,1
4I628XT,1,1,1,1
4I6TIPE,1,1,1,1
4I73JWL,1,1,1,1
4I7A7JX,1,1,1,1
4I7SHBJ,1,1,1,1
4IA9PZ1,1,1,1,1
4IBMPTF,1,1,1,1
4IH93PL,1,1,1,1
4IK68X5,1,1,1,1
4IK7QX3,1,1,1,1
4ILDJ9N,1,1,1,1
4ILH401,1,1,1,1
4ILQU0G,1,1,1,1
4IMN0XT,1,1,1,1
4INGEVF,1,1,1,1
4INXRKT,1,1,1,1
4IQH8ES,1,1,1,1
4IQO1XY,1,1,1,1
4IS3KR2,1,1,1,1
4ISQXXU,1,1,1,1
4IT1OTJ,1,1,1,1
4ITW6DB,1,1,1,1
4IVH2D3,1,1,1,1
4IY9M9T,1,1,1,1
4IYNMGH,1,1,1,1
4IZ11PY,1,1,1,1
4IZF7EM,1,1,1,1
4J1733M,1,1,1,1
4J1Y8DO,1,1,1,1
4J601BO,1,1,1,1
4J62QJO,1,1,1,1
4J8A5SR,1,1,1,1
4J8UE3V,1,1,1,1
4JCYBSK,1,1,1,1
4JEBOAA,1,1,1,1
4JFLJ9Z,1,1,1,1
4JG53QY,1,1,1,1
4JGH9VF,1,1,1,1
4JGHB2P,1,1,1,1
4JHY93M,1,1,1,1
4JLHTUB,1,1,1,1
4JMR5NP,1,1,1,1
4JNEHX8,1,1,1,1
4JPUC6R,1,1,1,1
4JPUD9D,1,1,1,1
4JR90QD,1,1,1,1
4JYBE19,1,1,1,1
4JYOECY,1,1,1,1
4JYQWZE,1,1,1,1
4JZQBIQ,1,1,1,1
4JZRKWI,1,1,1,1
4K0GZAN,1,1,1,1
4K1QFAN,1,1,1,1
4K3YWLM,1,1,1,1
4K66THQ,1,1,1,1
4K94HNF,1,1,1,1
4K9HL40,1,1,1,1
4KAB66I,1,1,1,1
4KDJ8R6,1,1,1,1
4KE7WJK,1,1,1,1
4KFXFNX,1,1,1,1
4KGLVSK,1,1,1,1
4KHFQIG,1,1,1,1
4KHRR5M,1,1,1,1
4KHX0JA,1,1,1,1
4KIUD5Y,1,1,1,1
4KJWN4J,1,1,1,1
4KKLMZM,1,1,1,1
4KMUWUW,1,1,1,1
4KNT9BU,1,1,1,1
4KRWDII,1,1,1,1
4KSLPYU,1,1,1,1
4KSP7NR,1,1,1,1
4KSSV1D,1,1,1,1
4KTY1DE,1,1,1,1
4KUJXZQ,1,1,1,1
4KUWM3C,1,1,1,1
4KVS0Z9,1,1,1,1
4KVVCIJ,1,1,1,1
4KWAQTS,1,1,1,1
4KWCZCW,1,1,1,1
4L01VE0,1,1,1,1
4L05WG2,1,1,1,1
4L2UYQ4,1,1,1,1
4L2Z5TW,1,1,1,1
4L31OKR,1,1,1,1
4L5WG3V,1,1,1,1
4L7UTWV,1,1,1,1
4L8LDDJ,1,1,1,1
4L95C6T,1,1,1,1
4LBNXG6,1,1,1,1
4LBPZD3,1,1,1,1
4LBSQPZ,1,1,1,1
4LDHGRN,1,1,1,1
4LFEB52,1,1,1,1
4LFM3NF,1,1,1,1
4LGEF3W,1,1,1,1
4LGL6XD,1,1,1,1
4LH4PWM,1,1,1,1
4LIVXY5,1,1,1,1
4LJP24E,1,1,1,1
4LJTPHI,1,1,1,1
4LMS89Q,1,1,1,1
4LMU7C1,1,1,1,1
4LNAEPG,1,1,1,1
4LNGBFM,1,1,1,1
4LNMAQ3,1,1,1,1
4LOP7DQ,1,1,1,1
4LPE4SN,1,1,1,1
4LRC3Q9,1,1,1,1
4LS13WY,1,1,1,1
4LS14QR,1,1,1,1
4LSKU0D,1,1,1,1
4LSXO8C,1,1,1,1
4LT5TNL,1,1,1,1
4LUWU2J,1,1,1,1
4LV21YD,1,1,1,1
4M05X97,1,1,1,1
4M20K26,1,1,1,1
4M5VUDY,1,1,1,1
4M613BF,1,1,1,1
4M86ELZ,1,1,1,1
4M8BDME,1,1,1,1
4MAUGGO,1,1,1,1
4MBMXCA,1,1,1,1
4MBNDJ8,1,1,1,1
4MC1SDQ,1,1,1,1
4MF0VCI,1,1,1,1
4MFNXRA,1,1,1,1
4MHAGW8,1,1,1,1
4MHL3U5,1,1,1,1
4MIALK9,1,1,1,1
4MIDY18,1,1,1,1
4MJY7RN,1,1,1,1
4MKV5BF,1,1,1,1
4MM6XPL,1,1,1,1
4MNZG82,1,1,1,1
4MP31ZH,1,1,1,1
4MQOIX0,1,1,1,1
4MQPL9X,1,1,1,1
4MSAM57,1,1,1,1
4MSEEAN,1,1,1,1
4MT6MWL,1,1,1,1
4MW2B5I,1,1,1,1
4MW5PUE,1,1,1,1
4MWYLAD,1,1,1,1
4MXLHTL,1,1,1,1
4N0ZH5I,1,1,1,1
4N17HGX,1,1,1,1
4N1BRRV,1,1,1,1
4N2YW26,1,1,1,1
4N38DG4,1,1,1,1
4N41MWG,1,1,1,1
4N5IGPI,1,1,1,1
4N7NXB6,1,1,1,1
4N9B09Q,1,1,1,1
4NASRZ5,1,1,1,1
4NBKZTI,1,1,1,1
4NBTI7P,1,1,1,1
4ND9XBI,1,1,1,1
4NHD1TS,1,1,1,1
4NID6RU,1,1,1,1
4NO4JGA,1,1,1,1
4NOJL3F,1,1,1,1
4NOO19O,1,1,1,1
4NPMURG,1,1,1,1
4NPPKN6,1,1,1,1
4NPZ7VE,1,1,1,1
4NQBX1D,1,1,1,1
4NTC8QS,1,1,1,1
4NUF1EP,1,1,1,1
4NVY89M,1,1,1,1
4O0R79N,1,1,1,1
4O17X3R,1,1,1,1
4O1C79L,1,1,1,1
4O2XZ4C,1,1,1,1
4O5PYG3,1,1,1,1
4O6AHVF,1,1,1,1
4O7M4HJ,1,1,1,1
4O8U2IQ,1,1,1,1
4O9RNW6,1,1,1,1
4O9TMDP,1,1,1,1
4OA78P2,1,1,1,1
4OARBM0,1,1,1,1
4OB8FGA,1,1,1,1
4OCPXDA,1,1,1,1
4OJ3Q2D,1,1,1,1
4OKLFP3,1,1,1,1
4OKQOGR,1,1,1,1
4ON0PNB,1,1,1,1
4OPYNH0,1,1,1,1
4OQDPZG,1,1,1,1
4OQNY92,1,1,1,1
4ORKG1P,1,1,1,1
4OSPD5V,1,1,1,1
4OUWY5P,1,1,1,1
4OV00FI,1,1,1,1
4OW0VNL,1,1,1,1
4OXZLSJ,1,1,1,1
4OYGN6X,1,1,1,1
4P2ML1D,1,1,1,1
4P43E8L,1,1,1,1
4P662BV,1,1,1,1
4P7KJVT,1,1,1,1
4P7KXVA,1,1,1,1
4P96A36,1,1,1,1
4PAG2VH,1,1,1,1
4PAMCYZ,1,1,1,1
4PB02NQ,1,1,1,1
4PBE3CF,1,1,1,1
4PCHACX,1,1,1,1
4PHDJCN,1,1,1,1
4PI8KUW,1,1,1,1
4PJK0F8,1,1,1,1
4PJQSEV,1,1,1,1
4PM7LN7,1,1,1,1
4PMJLAI,1,1,1,1
4PNLDXQ,1,1,1,1
4PO7HLT,1,1,1,1
4POOT6K,1,1,1,1
4PQ6Y4L,1,1,1,1
4PSMG7A,1,1,1,1
4PV7AM1,1,1,1,1
4PW2NX7,1,1,1,1
4PW3CFS,1,1,1,1
4PWEN2X,1,1,1,1
4PWYHZW,1,1,1,1
4PXOHES,1,1,1,1
4PYCFMI,1,1,1,1
4Q1RIBY,1,1,1,1
4Q3SJLS,1,1,1,1
4Q4ANRP,1,1,1,1
4Q4G1GC,1,1,1,1
4Q54R94,1,1,1,1
4Q5X3SU,1,1,1,1
4Q7RX4O,1,1,1,1
4Q8E69O,1,1,1,1
4QA1UUI,1,1,1,1
4QF6APX,1,1,1,1
4QGUDIF,1,1,1,1
4QHFVQ5,1,1,1,1
4QKCW7S,1,1,1,1
4QKNKN4,1,1,1,1
4QKY1P7,1,1,1,1
4QL095T,1,1,1,1
4QL7BYG,1,1,1,1
4QM33YN,1,1,1,1
4QMXPKW,1,1,1,1
4QOHJOJ,1,1,1,1
4QOTFBZ,1,1,1,1
4QPARCK,1,1,1,1
4QQUODS,1,1,1,1
4QQY83D,1,1,1,1
4QSJKUE,1,1,1,1
4QSL1UF,1,1,1,1
4QSNW4Q,1,1,1,1
4QSRXWM,1,1,1,1
4QT4CEH,1,1,1,1
4QTXFA5,1,1,1,1
4QW5CZZ,1,1,1,1
4QW5USL,1,1,1,1
4QWE4V8,1,1,1,1
4QZL0PR,1,1,1,1
4R02QYF,1,1,1,1
4R3CJ8B,1,1,1,1
4R3F5CS,1,1,1,1
4R538O0,1,1,1,1
4R53K65,1,1,1,1
4RC27P0,1,1,1,1
4RCVXEF,1,1,1,1
4RDNDOR,1,1,1,1
4RDZWKE,1,1,1,1
4REW5GN,1,1,1,1
4RGP3DR,1,1,1,1
4RHQIOY,1,1,1,1
4RJMQGK,1,1,1,1
4RKEOJU,1,1,1,1
4RMFONP,1,1,1,1
4RQEF91,1,1,1,1
4RQTI2L,1,1,1,1
4RTHBE8,1,1,1,1
4RTUPTD,1,1,1,1
4RV306G,1,1,1,1
4RVECFT,1,1,1,1
4RVR9RK,1,1,1,1
4RXXG05,1,1,1,1
4RYDT7C,1,1,1,1
4RZH8BL,1,1,1,1
4RZQJSM,1,1,1,1
4S25FPN,1,1,1,1
4S261FW,1,1,1,1
4S35ACD,1,1,1,1
4S5DIHV,1,1,1,1
4S6HXQ4,1,1,1,1
4S8GTZ6,1,1,1,1
4S9Y6C2,1,1,1,1
4SCTH6N,1,1,1,1
4SCY1U4,1,1,1,1
4SDQJQ9,1,1,1,1
4SEZR9X,1,1,1,1
4SFJ4DJ,1,1,1,1
4SGR9XX,1,1,1,1
4SHY8Q2,1,1,1,1
4SI6JQV,1,1,1,1
4SIQRPG,1,1,1,1
4SMR134,1,1,1,1
4SMVREW,1,1,1,1
4SNNYMU,1,1,1,1
4SO8QJB,1,1,1,1
4SOF5KJ,1,1,1,1
4SREHCN,1,1,1,1
4SRKRA5,1,1,1,1
4SST3NG,1,1,1,1
4SUH3TU,1,1,1,1
4SYKA7T,1,1,1,1
4T20LZI,1,1,1,1
4T2L7N1,1,1,1,1
4T3KVAD,1,1,1,1
4T7MOKR,1,1,1,1
4T91X4U,1,1,1,1
4T95R4M,1,1,1,1
4T96GZG,1,1,1,1
4TATJRH,1,1,1,1
4TBI8RV,1,1,1,1
4TCPF36,1,1,1,1
4TI6GF1,1,1,1,1
4TIF7T4,1,1,1,1
4TIO4SU,1,1,1,1
4TLKUPL,1,1,1,1
4TMW3TP,1,1,1,1
4TNMAEZ,1,1,1,1
4TNWVZ3,1,1,1,1
4TNZZTW,1,1,1,1
4TPMTQG,1,1,1,1
4TRVKR6,1,1,1,1
4TUBC34,1,1,1,1
4TUNKAE,1,1,1,1
4TUQXDH,1,1,1,1
4TWLA32,1,1,1,1
4TXJUAV,1,1,1,1
4TXKE7P,1,1,1,1
4TXZOQR,1,1,1,1
4U0KFYB,1,1,1,1
4U1LAIQ,1,1,1,1
4U3WY68,1,1,1,1
4U3Z12A,1,1,1,1
4U42BJ4,1,1,1,1
4U4QPY2,1,1,1,1
4U5P7DH,1,1,1,1
4U63F1L,1,1,1,1
4U6CR7Z,1,1,1,1
4U6G8RC,1,1,1,1
4U9F49D,1,1,1,1
4U9P7ID,1,1,1,1
4UAU346,1,1,1,1
4UBIJJT,1,1,1,1
4UBZUM7,1,1,1,1
4UDYBVX,1,1,1,1
4UI3VWS,1,1,1,1
4UJJFOK,1,1,1,1
4UKFSPY,1,1,1,1
4UKSRMG,1,1,1,1
4UNFDRX,1,1,1,1
4UPDEFM,1,1,1,1
4UPMDXO,1,1,1,1
4UQMG2N,1,1,1,1
4UR0RJN,1,1,1,1
4URI2WN,1,1,1,1
4UT1P6J,1,1,1,1
4UUAQ3O,1,1,1,1
4UWODJS,1,1,1,1
4UWW1YZ,1,1,1,1
4UWZYE8,1,1,1,1
4UZPLZM,1,1,1,1
4V0GKW7,1,1,1,1
4V20FZU,1,1,1,1
4V23E8T,1,1,1,1
4V26ZSP,1,1,1,1
4V6XB0Q,1,1,1,1
4V74P0O,1,1,1,1
4V85T4H,1,1,1,1
4V8RJW1,1,1,1,1
4V95MUI,1,1,1,1
4VAFKSE,1,1,1,1
4VC7ZS1,1,1,1,1
4VFCNSA,1,1,1,1
4VGC15F,1,1,1,1
4VHFHT6,1,1,1,1
4VIUY0L,1,1,1,1
4VL3SRV,1,1,1,1
4VLXZTX,1,1,1,1
4VMWPO6,1,1,1,1
4VMYP1N,1,1,1,1
4VNS1HH,1,1,1,1
4VQ5FNN,1,1,1,1
4VRBEM8,1,1,1,1
4VSHFXM,1,1,1,1
4VVZFDA,1,1,1,1
4VZ91JF,1,1,1,1
4VZEWBX,1,1,1,1
4W0WCE8,1,1,1,1
4W32WHW,1,1,1,1
4W52Q1L,1,1,1,1
4W62Y1S,1,1,1,1
4W6W621,1,1,1,1
4W7Z59W,1,1,1,1
4WL2UN6,1,1,1,1
4WMH0JE,1,1,1,1
4WPZ2Y3,1,1,1,1
4WQBZOX,1,1,1,1
4WQSVF5,1,1,1,1
4WRSMC9,1,1,1,1
4WS0IJE,1,1,1,1
4WSG03M,1,1,1,1
4WSKOA6,1,1,1,1
4WSLTBO,1,1,1,1
4WU3CDT,1,1,1,1
4WUJ5WJ,1,1,1,1
4WV0L8T,1,1,1,1
4WVORDP,1,1,1,1
4WVRZ2H,1,1,1,1
4WX4W17,1,1,1,1
4WXOZA8,1,1,1,1
4WYF2HL,1,1,1,1
4WZ0RUB,1,1,1,1
4WZUD58,1,1,1,1
4X0YEP1,1,1,1,1
4X21KWZ,1,1,1,1
4X2HAUN,1,1,1,1
4X2MJUI,1,1,1,1
4X4TF8K,1,1,1,1
4X74JQ7,1,1,1,1
4X7NH66,1,1,1,1
4XAF6OJ,1,1,1,1
4XALQA2,1,1,1,1
4XB8WH0,1,1,1,1
4XBTLE7,1,1,1,1
4XDWT2K,1,1,1,1
4XEUKX3,1,1,1,1
4XINHSK,1,1,1,1
4XITQK9,1,1,1,1
4XMJUA1,1,1,1,1
4XN36XY,1,1,1,1
4XOX11U,1,1,1,1
4XPXVXH,1,1,1,1
4XQKE1I,1,1,1,1
4XRFDIF,1,1,1,1
4XTMKL8,1,1,1,1
4XTUA23,1,1,1,1
4XW6OGQ,1,1,1,1
4XX6YQ5,1,1,1,1
4XYIB0E,1,1,1,1
4Y185P8,1,1,1,1
4Y3BXL0,1,1,1,1
4Y4ICBI,1,1,1,1
4Y6HTTR,1,1,1,1
4Y8FJ1U,1,1,1,1
4Y8SMT9,1,1,1,1
4Y93RPY,1,1,1,1
4Y9GZH5,1,1,1,1
4YB8OVV,1,1,1,1
4YDJPM9,1,1,1,1
4YELKUE,1,1,1,1
4YEYJZ1,1,1,1,1
4YI406A,1,1,1,1
4YJTD0V,1,1,1,1
4YK0RS2,1,1,1,1
4YLV7MO,1,1,1,1
4YM47SG,1,1,1,1
4YNTQJ4,1,1,1,1
4YS1AUD,1,1,1,1
4YVROVS,1,1,1,1
4YY156V,1,1,1,1
4YY6VYT,1,1,1,1
4YYQG4N,1,1,1,1
4Z2UDSZ,1,1,1,1
4Z5Y5FN,1,1,1,1
4Z6AVLN,1,1,1,1
4Z6HOV3,1,1,1,1
4Z70JFA,1,1,1,1
4ZA1Z7E,1,1,1,1
4ZEBTSW,1,1,1,1
4ZFT2RU,1,1,1,1
4ZHMTDM,1,1,1,1
4ZKHDK1,1,1,1,1
4ZMENFW,1,1,1,1
4ZMQC1N,1,1,1,1
4ZPBLNH,1,1,1,1
4ZQRTTY,1,1,1,1
4ZRQLI1,1,1,1,1
4ZUR6CB,1,1,1,1
4ZV2UC8,1,1,1,1
4ZVDI0P,1,1,1,1
4ZXD543,1,1,1,1
4ZXTRKB,1,1,1,1
4ZYPHZT,1,1,1,1
5035L3A,1,1,1,1
504QQZN,1,1,1,1
5088031,1,1,1,1
509LTE1,1,1,1,1
50A3JV5,1,1,1,1
50BC6QJ,1,1,1,1
50C1WVZ,1,1,1,1
50CTOGW,1,1,1,1
50D8FV2,1,1,1,1
50ELKKM,1,1,1,1
50FB8OG,1,1,1,1
50FVX6N,1,1,1,1
50HK0M5,1,1,1,1
50HXL1F,1,1,1,1
50K6GWE,1,1,1,1
50MYP1G,1,1,1,1
50N0UT6,1,1,1,1
50NP81N,1,1,1,1
50OL7E7,1,1,1,1
50QS32W,1,1,1,1
50SE8V7,1,1,1,1
50VEA3M,1,1,1,1
50WS3FJ,1,1,1,1
50XKRXF,1,1,1,1
50YDJHY,1,1,1,1
50YVZN3,1,1,1,1
510RFAU,1,1,1,1
512K1MU,1,1,1,1
513TD6A,1,1,1,1
515TF8H,1,1,1,1
516ZT68,1,1,1,1
518EKA5,1,1,1,1
5190TAJ,1,1,1,1
51C8C2L,1,1,1,1
51E6TBR,1,1,1,1
51E7NFW,1,1,1,1
51EKC0O,1,1,1,1
51GVEWX,1,1,1,1
51HJFWU,1,1,1,1
51I7CKF,1,1,1,1
51KGEVB,1,1,1,1
51O97QT,1,1,1,1
51Q2IY8,1,1,1,1
51QBRF9,1,1,1,1
51QJXG4,1,1,1,1
51QRCV2,1,1,1,1
51XNRTI,1,1,1,1
51Y0KVF,1,1,1,1
5204OGX,1,1,1,1
5230FCX,1,1,1,1
525VKZC,1,1,1,1
525YA2P,1,1,1,1
5276AZK,1,1,1,1
528ZJND,1,1,1,1
529EOK1,1,1,1,1
52DZM34,1,1,1,1
52FIINZ,1,1,1,1
52HVPQ0,1,1,1,1
52I1YIW,1,1,1,1
52IEN70,1,1,1,1
52JRO1Y,1,1,1,1
52MBKMO,1,1,1,1
52MXXDV,1,1,1,1
52P2L3Z,1,1,1,1
52QCA9Z,1,1,1,1
52RZ6UJ,1,1,1,1
52THM1B,1,1,1,1
52TX3F3,1,1,1,1
52VADYT,1,1,1,1
52XO5DR,1,1,1,1
531QVL8,1,1,1,1
533OAO7,1,1,1,1
5354L39,1,1,1,1
53617GC,1,1,1,1
5361X7R,1,1,1,1
538LUTT,1,1,1,1
539S7WP,1,1,1,1
53AE2ZZ,1,1,1,1
53BI8R5,1,1,1,1
53FU00G,1,1,1,1
53HMGJJ,1,1,1,1
53IBLGI,1,1,1,1
53J5DFT,1,1,1,1
53KMVST,1,1,1,1
53LKY94,1,1,1,1
53LQBMQ,1,1,1,1
53LV1PJ,1,1,1,1
53OWD6V,1,1,1,1
53PH5CY,1,1,1,1
53QZ7N2,1,1,1,1
53TJFC2,1,1,1,1
53VHMGL,1,1,1,1
53XHKQ6,1,1,1,1
53YUW0E,1,1,1,1
540CN7X,1,1,1,1
541BJWS,1,1,1,1
541N0JS,1,1,1,1
544RA5R,1,1,1,1
545K5S7,1,1,1,1
549FVGP,1,1,1,1
54CEESO,1,1,1,1
54CRUVT,1,1,1,1
54DSYEN,1,1,1,1
54EEMNV,1,1,1,1
54F9TQ6,1,1,1,1
54FSBOI,1,1,1,1
54FZ2RR,1,1,1,1
54KMSPF,1,1,1,1
54M3PWR,1,1,1,1
54MB18R,1,1,1,1
54NIVN3,1,1,1,1
54NPJGX,1,1,1,1
54RX6HR,1,1,1,1
54SU7QP,1,1,1,1
54UF6OL,1,1,1,1
54UU9L5,1,1,1,1
54UZH1F,1,1,1,1
54WRF1N,1,1,1,1
54XK0NQ,1,1,1,1
54XKGLN,1,1,1,1
54XQIIT,1,1,1,1
54XSQYU,1,1,1,1
54Z9W4U,1,1,1,1
54ZCHS5,1,1,1,1
551HMWL,1,1,1,1
554VBNN,1,1,1,1
557JP9E,1,1,1,1
55AHJSN,1,1,1,1
55AXMY5,1,1,1,1
55EL2L5,1,1,1,1
55IUUDD,1,1,1,1
55LKTFK,1,1,1,1
55MFKXO,1,1,1,1
55MRYAQ,1,1,1,1
55NXEXH,1,1,1,1
55PH8K8,1,1,1,1
55QF6LS,1,1,1,1
55SXAEB,1,1,1,1
55UQBON,1,1,1,1
55V0RWX,1,1,1,1
55WGCAF,1,1,1,1
55WT3QF,1,1,1,1
56095H4,1,1,1,1
561IEKN,1,1,1,1
561WBOI,1,1,1,1
562GTAR,1,1,1,1
5668YT8,1,1,1,1
567VQAU,1,1,1,1
568J6MP,1,1,1,1
56A4W9K,1,1,1,1
56BO6SK,1,1,1,1
56D0YN0,1,1,1,1
56FSJKN,1,1,1,1
56G2QRH,1,1,1,1
56GPDBT,1,1,1,1
56HUYML,1,1,1,1
56HZ85R,1,1,1,1
56IS0BA,1,1,1,1
56MBD8V,1,1,1,1
56MUJFR,1,1,1,1
56OEH2P,1,1,1,1
56OZGFF,1,1,1,1
56RDMTA,1,1,1,1
56RLE0M,1,1,1,1
56TWZ0V,1,1,1,1
56V1GJM,1,1,1,1
56W7XEA,1,1,1,1
56WGTTP,1,1,1,1
56YKA3D,1,1,1,1
5704F9I,1,1,1,1
5718KJS,1,1,1,1
571NWHJ,1,1,1,1
573JSO7,1,1,1,1
5749XHF,1,1,1,1
574N6CP,1,1,1,1
574PQ1A,1,1,1,1
57681XG,1,1,1,1
577T6AT,1,1,1,1
57AQHG2,1,1,1,1
57CY12P,1,1,1,1
57DDDYI,1,1,1,1
57E15HF,1,1,1,1
57J13H3,1,1,1,1
57JGG1X,1,1,1,1
57JM191,1,1,1,1
57LIC5Q,1,1,1,1
57LQII4,1,1,1,1
57MOE3U,1,1,1,1
57NGF9I,1,1,1,1
57NKLWZ,1,1,1,1
57NWGEO,1,1,1,1
57RIJBL,1,1,1,1
57RMTLY,1,1,1,1
57SVA3Y,1,1,1,1
57UJZ3D,1,1,1,1
57WZ927,1,1,1,1
57YIX4S,1,1,1,1
57YOHLW,1,1,1,1
57ZBB01,1,1,1,1
5802KPP,1,1,1,1
580BFBE,1,1,1,1
5826H1E,1,1,1,1
583F43Q,1,1,1,1
583RWQD,1,1,1,1
583WI6E,1,1,1,1
584LESX,1,1,1,1
584P88S,1,1,1,1
58AS1HW,1,1,1,1
58EP7L4,1,1,1,1
58ETUV9,1,1,1,1
58I2KN9,1,1,1,1
58JDP6T,1,1,1,1
58JO3M4,1,1,1,1
58PHTLB,1,1,1,1
58QKST6,1,1,1,1
58T8NKV,1,1,1,1
58TM98T,1,1,1,1
58UAEJD,1,1,1,1
58UIMAH,1,1,1,1
58VYKZA,1,1,1,1
594AQ86,1,1,1,1
594M584,1,1,1,1
5970GSE,1,1,1,1
5975LAP,1,1,1,1
597WIGV,1,1,1,1
59AM7TS,1,1,1,1
59GE86M,1,1,1,1
59HDH1F,1,1,1,1
59JQ1SD,1,1,1,1
59M6BTU,1,1,1,1
59MF6RK,1,1,1,1
59N3YPJ,1,1,1,1
59NMQQ9,1,1,1,1
59O134T,1,1,1,1
59QS1ED,1,1,1,1
59RZ5GU,1,1,1,1
59TUF1Y,1,1,1,1
59WFQ6Z,1,1,1,1
59YOJ07,1,1,1,1
59Z60UZ,1,1,1,1
5A4ZPDZ,1,1,1,1
5A7CWVN,1,1,1,1
5A86S9G,1,1,1,1
5A9JEPL,1,1,1,1
5AB1O23,1,1,1,1
5ACPQJE,1,1,1,1
5ADOMFK,1,1,1,1
5ADXKI9,1,1,1,1
5AFSJJ6,1,1,1,1
5AG1TTG,1,1,1,1
5AJANM8,1,1,1,1
5AMETCI,1,1,1,1
5AP1XIA,1,1,1,1
5ARC2YX,1,1,1,1
5ARZ69C,1,1,1,1
5AWM4LJ,1,1,1,1
5AX5IBI,1,1,1,1
5AYH8DL,1,1,1,1
5B025QO,1,1,1,1
5B27OMW,1,1,1,1
5B4G63E,1,1,1,1
5B6C60B,1,1,1,1
5B7FD91,1,1,1,1
5B9ZJFP,1,1,1,1
5BAST4O,1,1,1,1
5BCVFSY,1,1,1,1
5BIXRSD,1,1,1,1
5BJ1ARW,1,1,1,1
5BJC7OT,1,1,1,1
5BLEGTP,1,1,1,1
5BM30U6,1,1,1,1
5BMHU8F,1,1,1,1
5BMS6LE,1,1,1,1
5BN63Z6,1,1,1,1
5BONGHF,1,1,1,1
5BOUDAQ,1,1,1,1
5BP0AN3,1,1,1,1
5BRAFDJ,1,1,1,1
5BS0WMZ,1,1,1,1
5BSI72M,1,1,1,1
5BV8RME,1,1,1,1
5BW19LW,1,1,1,1
5BWJCEK,1,1,1,1
5BZKTSN,1,1,1,1
5C0L1SB,1,1,1,1
5C37N68,1,1,1,1
5C4PK3I,1,1,1,1
5C6IFD0,1,1,1,1
5C6KA3I,1,1,1,1
5C6XOK5,1,1,1,1
5C8DOA7,1,1,1,1
5C9DMQU,1,1,1,1
5CA17U1,1,1,1,1
5CEAJ0M,1,1,1,1
5CFT62Z,1,1,1,1
5CGSAD9,1,1,1,1
5CHARWP,1,1,1,1
5CIV2GS,1,1,1,1
5CJ76U0,1,1,1,1
5COSVHM,1,1,1,1
5CPFBCI,1,1,1,1
5CSRQOY,1,1,1,1
5CVKJY1,1,1,1,1
5CVMM33,1,1,1,1
5CVSHWG,1,1,1,1
5CYN8NP,1,1,1,1
5D0VRZ7,1,1,1,1
5D1ZST5,1,1,1,1
5D2GEXX,1,1,1,1
5D5FTD7,1,1,1,1
5D69QBU,1,1,1,1
5D6U51W,1,1,1,1
5D6W674,1,1,1,1
5DBT9VR,1,1,1,1
5DCRJBH,1,1,1,1
5DDIP14,1,1,1,1
5DEB1IU,1,1,1,1
5DGT6AR,1,1,1,1
5DHA00K,1,1,1,1
5DHVBYZ,1,1,1,1
5DI2OA4,1,1,1,1
5DJET94,1,1,1,1
5DLCVHF,1,1,1,1
5DLU2YZ,1,1,1,1
5DLVZA6,1,1,1,1
5DMG32Z,1,1,1,1
5DMX6B8,1,1,1,1
5DNUEQ4,1,1,1,1
5DOXO7H,1,1,1,1
5DPLX2F,1,1,1,1
5DQM56L,1,1,1,1
5DUEU8L,1,1,1,1
5E06BGK,1,1,1,1
5E2HMPQ,1,1,1,1
5E3HD8C,1,1,1,1
5E3USRU,1,1,1,1
5E4X8RE,1,1,1,1
5E7Q9R8,1,1,1,1
5E9LK94,1,1,1,1
5EA1J7J,1,1,1,1
5EAF7NP,1,1,1,1
5EALLKO,1,1,1,1
5EC07SV,1,1,1,1
5ECG475,1,1,1,1
5ECMBVJ,1,1,1,1
5ED91U0,1,1,1,1
5EE3UBP,1,1,1,1
5EEQC0M,1,1,1,1
5EFNMKN,1,1,1,1
5EHC3XN,1,1,1,1
5EIN0KW,1,1,1,1
5EJM7T7,1,1,1,1
5EL1NOA,1,1,1,1
5EMSRTO,1,1,1,1
5EO4NTN,1,1,1,1
5EOKX1O,1,1,1,1
5EQPSC9,1,1,1,1
5EQUJ37,1,1,1,1
5ERKM82,1,1,1,1
5ESC2IX,1,1,1,1
5ESUNV5,1,1,1,1
5EVGDKC,1,1,1,1
5EX2YOT,1,1,1,1
5EY786Q,1,1,1,1
5EYYE6P,1,1,1,1
5EZ57NV,1,1,1,1
5EZMJS3,1,1,1,1
5F4V7BX,1,1,1,1
5F8EBN5,1,1,1,1
5F8YE0O,1,1,1,1
5FDX5TE,1,1,1,1
5FJECDH,1,1,1,1
5FMMY6B,1,1,1,1
5FNZNKZ,1,1,1,1
5FOZ9PD,1,1,1,1
5FQ4Z66,1,1,1,1
5FRMQ4I,1,1,1,1
5FS2094,1,1,1,1
5FS5L13,1,1,1,1
5FUUKZE,1,1,1,1
5FVQG7D,1,1,1,1
5FXDB8C,1,1,1,1
5FY2USZ,1,1,1,1
5FZ8KY8,1,1,1,1
5G1C9PB,1,1,1,1
5G1FDIK,1,1,1,1
5G1Q7YC,1,1,1,1
5G1SZ4Y,1,1,1,1
5G3TUED,1,1,1,1
5G3XB7E,1,1,1,1
5G4I0P3,1,1,1,1
5G4QDPL,1,1,1,1
5G7BWPE,1,1,1,1
5G7POOK,1,1,1,1
5G83MNH,1,1,1,1
5G8R7UE,1,1,1,1
5G9D4JK,1,1,1,1
5G9Q4V4,1,1,1,1
5GAHYF6,1,1,1,1
5GE1AR0,1,1,1,1
5GE9W41,1,1,1,1
5GEV6CG,1,1,1,1
5GIUTIN,1,1,1,1
5GIZ5Z3,1,1,1,1
5GJETMM,1,1,1,1
5GJSER9,1,1,1,1
5GLCJIW,1,1,1,1
5GLFRLH,1,1,1,1
5GLP3Y2,1,1,1,1
5GMXV1D,1,1,1,1
5GNHS34,1,1,1,1
5GO73H9,1,1,1,1
5GOZG8X,1,1,1,1
5GQST1Z,1,1,1,1
5GTSGSJ,1,1,1,1
5GU2QUM,1,1,1,1
5GU7EY1,1,1,1,1
5GWRBD2,1,1,1,1
5H0UTMO,1,1,1,1
5H1TCRG,1,1,1,1
5H3RLPQ,1,1,1,1
5H4V5KL,1,1,1,1
5H5KAFV,1,1,1,1
5H5UHP9,1,1,1,1
5H97V9L,1,1,1,1
5HAUUVJ,1,1,1,1
5HCZ7CG,1,1,1,1
5HD29KC,1,1,1,1
5HDYYV3,1,1,1,1
5HEPPRM,1,1,1,1
5HGICV8,1,1,1,1
5HISUXL,1,1,1,1
5HJ36P0,1,1,1,1
5HJKWST,1,1,1,1
5HJPR0Q,1,1,1,1
5HKLW5P,1,1,1,1
5HP820M,1,1,1,1
5HQA1KJ,1,1,1,1
5HS37BZ,1,1,1,1
5HT71VY,1,1,1,1
5HT7ZQT,1,1,1,1
5HT9M9W,1,1,1,1
5HTHGDZ,1,1,1,1
5HW4OUM,1,1,1,1
5HWCN00,1,1,1,1
5HWLUDI,1,1,1,1
5HXUV03,1,1,1,1
5HZELSK,1,1,1,1
5HZGCID,1,1,1,1
5I3C8HY,1,1,1,1
5I6NFPL,1,1,1,1
5IACHXF,1,1,1,1
5IAEJZ0,1,1,1,1
5IDDL5K,1,1,1,1
5IEF27Y,1,1,1,1
5IEXVQP,1,1,1,1
5IGQ4V5,1,1,1,1
5IIPD3C,1,1,1,1
5IJATWR,1,1,1,1
5IKRFGQ,1,1,1,1
5IKRYHW,1,1,1,1
5IPLSXQ,1,1,1,1
5IPU8RM,1,1,1,1
5IQRQDL,1,1,1,1
5IT5B0K,1,1,1,1
5IU2E1Z,1,1,1,1
5IUXP6R,1,1,1,1
5IVFY4P,1,1,1,1
5IVRLJK,1,1,1,1
5IYY3HA,1,1,1,1
5IZEZAJ,1,1,1,1
5J0DBGE,1,1,1,1
5J0WCXB,1,1,1,1
5J0WK8A,1,1,1,1
5J1T81W,1,1,1,1
5J1UNRM,1,1,1,1
5J46BM1,1,1,1,1
5J4VU04,1,1,1,1
5J54F35,1,1,1,1
5J57JD6,1,1,1,1
5J6YKO5,1,1,1,1
5J7SP51,1,1,1,1
5J8BKP3,1,1,1,1
5J93VHM,1,1,1,1
5JALB38,1,1,1,1
5JAN4RZ,1,1,1,1
5JCBPMV,1,1,1,1
5JCJVC5,1,1,1,1
5JDKI0U,1,1,1,1
5JFSSLK,1,1,1,1
5JING7E,1,1,1,1
5JJ2KTF,1,1,1,1
5JKNDPU,1,1,1,1
5JM2RVF,1,1,1,1
5JMSC70,1,1,1,1
5JP1VL1,1,1,1,1
5JP6LI2,1,1,1,1
5JPT9YE,1,1,1,1
5JPUXPZ,1,1,1,1
5JQL06J,1,1,1,1
5JR38ZO,1,1,1,1
5JU8XOI,1,1,1,1
5K164LY,1,1,1,1
5K17SYD,1,1,1,1
5K34EMI,1,1,1,1
5K7L2S4,1,1,1,1
5K9JCSU,1,1,1,1
5KF4TWX,1,1,1,1
5KFM0Z9,1,1,1,1
5KGU5XR,1,1,1,1
5KH87WY,1,1,1,1
5KIE7F2,1,1,1,1
5KIUY8C,1,1,1,1
5KJP4FA,1,1,1,1
5KLXP9Q,1,1,1,1
5KM46AD,1,1,1,1
5KM7OZI,1,1,1,1
5KM8MUR,1,1,1,1
5KMSH3R,1,1,1,1
5KORIH8,1,1,1,1
5KRNT83,1,1,1,1
5KV16N1,1,1,1,1
5L1MVKZ,1,1,1,1
5L1QR59,1,1,1,1
5L4OXAK,1,1,1,1
5L5K3TN,1,1,1,1
5L5UJZA,1,1,1,1
5L6PBF6,1,1,1,1
5LDTFRI,1,1,1,1
5LEFGJR,1,1,1,1
5LFK3LG,1,1,1,1
5LGJDG0,1,1,1,1
5LJ79D1,1,1,1,1
5LJVBCI,1,1,1,1
5LN8VZS,1,1,1,1
5LNSPQT,1,1,1,1
5LPH9IW,1,1,1,1
5LQYFZT,1,1,1,1
5LUMHAF,1,1,1,1
5LYAWHG,1,1,1,1
5LZ7LL3,1,1,1,1
5M12SS8,1,1,1,1
5M1T7NQ,1,1,1,1
5M24IOV,1,1,1,1
5M2ZSMT,1,1,1,1
5M30RMP,1,1,1,1
5M312OB,1,1,1,1
5M33I5R,1,1,1,1
5M662E3,1,1,1,1
5M6J35P,1,1,1,1
5M8BN1N,1,1,1,1
5M8TTPA,1,1,1,1
5M96QJY,1,1,1,1
5MBXJPG,1,1,1,1
5MC8EBS,1,1,1,1
5MDE0VB,1,1,1,1
5ME5SJX,1,1,1,1
5MGGAQV,1,1,1,1
5MHLUYZ,1,1,1,1
5MIDX65,1,1,1,1
5MJ27CT,1,1,1,1
5MJXLIS,1,1,1,1
5ML1NWY,1,1,1,1
5MMJ8OM,1,1,1,1
5MMK87J,1,1,1,1
5MRJ6EA,1,1,1,1
5MUWGTZ,1,1,1,1
5MVTWGN,1,1,1,1
5MWOJAZ,1,1,1,1
5N12VT4,1,1,1,1
5N5682T,1,1,1,1
5N745M9,1,1,1,1
5N9XN0F,1,1,1,1
5NGP78O,1,1,1,1
5NHV8ZI,1,1,1,1
5NIAKRI,1,1,1,1
5NKP0JB,1,1,1,1
5NMQV3R,1,1,1,1
5NN56HC,1,1,1,1
5NOCF23,1,1,1,1
5NT751E,1,1,1,1
5NUDDUU,1,1,1,1
5NUEV30,1,1,1,1
5NVDWG2,1,1,1,1
5NVF62R,1,1,1,1
5NY8XCA,1,1,1,1
5O0QLQT,1,1,1,1
5O3TZ1C,1,1,1,1
5O6IH3Q,1,1,1,1
5O8CL2Q,1,1,1,1
5O96QG4,1,1,1,1
5OA8TXZ,1,1,1,1
5OFVFBS,1,1,1,1
5OFYG5M,1,1,1,1
5OG9YEK,1,1,1,1
5OKF71T,1,1,1,1
5OKRRW9,1,1,1,1
5OKVWWJ,1,1,1,1
5OLZ0Z6,1,1,1,1
5OOQGX0,1,1,1,1
5OQ8ZA8,1,1,1,1
5OUMFKR,1,1,1,1
5OV7J7K,1,1,1,1
5OXUZEC,1,1,1,1
5OYPE75,1,1,1,1
5P0C8A9,1,1,1,1
5P3J3SZ,1,1,1,1
5P44SBU,1,1,1,1
5P7SOMX,1,1,1,1
5P89U1B,1,1,1,1
5P8QV5S,1,1,1,1
5PAOHPS,1,1,1,1
5PC3URG,1,1,1,1
5PFKJMV,1,1,1,1
5PGRNG9,1,1,1,1
5PK5PR1,1,1,1,1
5PKD4NN,1,1,1,1
5PMBGTE,1,1,1,1
5PMY0CV,1,1,1,1
5PNC6QK,1,1,1,1
5POBNLJ,1,1,1,1
5PQ67KC,1,1,1,1
5PRZMB1,1,1,1,1
5PSNQEX,1,1,1,1
5PTGRY2,1,1,1,1
5PWPXZ5,1,1,1,1
5PXKX85,1,1,1,1
5PXM8UC,1,1,1,1
5PXZF9M,1,1,1,1
5PYD0IC,1,1,1,1
5PYW8ZQ,1,1,1,1
5PZ7HC8,1,1,1,1
5Q1NX0F,1,1,1,1
5Q1W7VR,1,1,1,1
5Q2S0I4,1,1,1,1
5Q34X8Y,1,1,1,1
5Q5S0UZ,1,1,1,1
5Q6LITR,1,1,1,1
5Q795S3,1,1,1,1
5Q7REFO,1,1,1,1
5Q7T8RN,1,1,1,1
5Q8NTO2,1,1,1,1
5QAZUEM,1,1,1,1
5QDG66H,1,1,1,1
5QHKO14,1,1,1,1
5QHWI2N,1,1,1,1
5QHWIWX,1,1,1,1
5QJZND2,1,1,1,1
5QK1C0F,1,1,1,1
5QLT7Y4,1,1,1,1
5QMTUBK,1,1,1,1
5QO7EAN,1,1,1,1
5QRIPM0,1,1,1,1
5QSQ8YN,1,1,1,1
5QST1ZU,1,1,1,1
5QSZDNT,1,1,1,1
5QUHA3S,1,1,1,1
5QVK9C9,1,1,1,1
5R1QLZ6,1,1,1,1
5R2YOPX,1,1,1,1
5R6FMT7,1,1,1,1
5R7JNBS,1,1,1,1
5R92UOJ,1,1,1,1
5R94WVD,1,1,1,1
5RAO85Y,1,1,1,1
5RCRLG4,1,1,1,1
5RDZPXY,1,1,1,1
5RIG61F,1,1,1,1
5RM4AAE,1,1,1,1
5RMI2O9,1,1,1,1
5RMPZTW,1,1,1,1
5RMU06C,1,1,1,1
5RNWSK9,1,1,1,1
5ROS0TN,1,1,1,1
5RPAP3Z,1,1,1,1
5RQIWJA,1,1,1,1
5RQKQM4,1,1,1,1
5RRW37C,1,1,1,1
5RSJN6V,1,1,1,1
5RSMG1N,1,1,1,1
5RVNP7Z,1,1,1,1
5RWHDYX,1,1,1,1
5RWTKBG,1,1,1,1
5RXT34U,1,1,1,1
5RXUMC9,1,1,1,1
5RYDAGK,1,1,1,1
5S1DACI,1,1,1,1
5S48QLG,1,1,1,1
5S4F5JP,1,1,1,1
5S6ECT7,1,1,1,1
5S6NUGZ,1,1,1,1
5S8PJJK,1,1,1,1
5S967YO,1,1,1,1
5SAVN6S,1,1,1,1
5SBFP55,1,1,1,1
5SC6EIE,1,1,1,1
5SDABTZ,1,1,1,1
5SDEQOD,1,1,1,1
5SDQVYK,1,1,1,1
5SFV56O,1,1,1,1
5SGFYXR,1,1,1,1
5SJQRNC,1,1,1,1
5SKTUYR,1,1,1,1
5SMZXCJ,1,1,1,1
5SODGK7,1,1,1,1
5SPJZB9,1,1,1,1
5SR8DMU,1,1,1,1
5SSQJP6,1,1,1,1
5STGD8O,1,1,1,1
5SYDZ4W,1,1,1,1
5SYXMF2,1,1,1,1
5T0L21H,1,1,1,1
5T1WY9Q,1,1,1,1
5T34NDD,1,1,1,1
5T3B1ZM,1,1,1,1
5T4G8YN,1,1,1,1
5T4HL2C,1,1,1,1
5T5JS33,1,1,1,1
5T64YS8,1,1,1,1
5T6ZDB9,1,1,1,1
5T6ZQA4,1,1,1,1
5T9HLU4,1,1,1,1
5TBF2YA,1,1,1,1
5TBMWTG,1,1,1,1
5TBNXXE,1,1,1,1
5TC4KMB,1,1,1,1
5TD1SYC,1,1,1,1
5TG1Q0L,1,1,1,1
5TIRSEE,1,1,1,1
5TMKZBA,1,1,1,1
5TN7ADB,1,1,1,1
5TPZ4CF,1,1,1,1
5TQQLDN,1,1,1,1
5TTPIYB,1,1,1,1
5TUFP5F,1,1,1,1
5TUJIUF,1,1,1,1
5TV1OXX,1,1,1,1
5TV1YPY,1,1,1,1
5TWP4GL,1,1,1,1
5TX2I5B,1,1,1,1
5TZAB6X,1,1,1,1
5U0DUPD,1,1,1,1
5U0INXV,1,1,1,1
5U171KN,1,1,1,1
5U18Q5T,1,1,1,1
5U24DZ7,1,1,1,1
5U3XJXK,1,1,1,1
5U49Z6N,1,1,1,1
5U4O6Q2,1,1,1,1
5U7HE2K,1,1,1,1
5U7LWCF,1,1,1,1
5U8924H,1,1,1,1
5U9634B,1,1,1,1
5U9WCI1,1,1,1,1
5UCOH6G,1,1,1,1
5UDLP8T,1,1,1,1
5UHIWDS,1,1,1,1
5UIKB9P,1,1,1,1
5UIMLE8,1,1,1,1
5UIXD4D,1,1,1,1
5UJISO7,1,1,1,1
5UJJXXE,1,1,1,1
5UKM980,1,1,1,1
5UM41DF,1,1,1,1
5UMC9KW,1,1,1,1
5UMVQN7,1,1,1,1
5UPO6WP,1,1,1,1
5URPVLC,1,1,1,1
5USUS5J,1,1,1,1
5UTFNWV,1,1,1,1
5UVLMHJ,1,1,1,1
5UVMX72,1,1,1,1
5UWKN28,1,1,1,1
5UX7VDG,1,1,1,1
5UZYTAT,1,1,1,1
5V0RO8A,1,1,1,1
5V1E0PA,1,1,1,1
5V1YVQO,1,1,1,1
5V2JPUQ,1,1,1,1
5V2SYQX,1,1,1,1
5V3ZJBE,1,1,1,1
5V3ZR7F,1,1,1,1
5V43VGO,1,1,1,1
5VDXP04,1,1,1,1
5VF9PM3,1,1,1,1
5VG32EW,1,1,1,1
5VGO7ZF,1,1,1,1
5VJ9CZS,1,1,1,1
5VJF420,1,1,1,1
5VLHHK4,1,1,1,1
5VLI3XL,1,1,1,1
5VLZKEG,1,1,1,1
5VMFVS1,1,1,1,1
5VNA7XW,1,1,1,1
5VNFNV6,1,1,1,1
5VNNVGX,1,1,1,1
5VNWUSB,1,1,1,1
5VOOPHW,1,1,1,1
5VQ073B,1,1,1,1
5VQ33AK,1,1,1,1
5VQ5W4P,1,1,1,1
5VRET2V,1,1,1,1
5VVQIUC,1,1,1,1
5VWESP8,1,1,1,1
5VZK2WU,1,1,1,1
5W1BWOZ,1,1,1,1
5W4G3JE,1,1,1,1
5W75BRL,1,1,1,1
5W7TKQG,1,1,1,1
5WAAS2P,1,1,1,1
5WAKVRF,1,1,1,1
5WBLXW6,1,1,1,1
5WCCPUJ,1,1,1,1
5WCDNES,1,1,1,1
5WF6BBK,1,1,1,1
5WH3DY6,1,1,1,1
5WHAE20,1,1,1,1
5WHBDGG,1,1,1,1
5WHMCHV,1,1,1,1
5WJKVLB,1,1,1,1
5WKM55A,1,1,1,1
5WL6L4J,1,1,1,1
5WMB4JL,1,1,1,1
5WNLIID,1,1,1,1
5WOKIG0,1,1,1,1
5WP26LM,1,1,1,1
5WQVTO2,1,1,1,1
5WSF3PS,1,1,1,1
5WTEOA9,1,1,1,1
5WTWASJ,1,1,1,1
5WVCI7T,1,1,1,1
5WWRZOW,1,1,1,1
5WX1DI0,1,1,1,1
5WXP9KF,1,1,1,1
5WY4YK8,1,1,1,1
5WY8C0U,1,1,1,1
5WYSNS9,1,1,1,1
5X03SFG,1,1,1,1
5X0Z3KP,1,1,1,1
5X131C4,1,1,1,1
5X15GQ9,1,1,1,1
5X1OVJG,1,1,1,1
5X2ZJCX,1,1,1,1
5X3F1GM,1,1,1,1
5X73LJV,1,1,1,1
5X8E9Z4,1,1,1,1
5X8HFQM,1,1,1,1
5X9KOQO,1,1,1,1
5XBKAK7,1,1,1,1
5XBXHRZ,1,1,1,1
5XGXLO8,1,1,1,1
5XKOEJZ,1,1,1,1
5XKYCB1,1,1,1,1
5XMVPV3,1,1,1,1
5XOTPJC,1,1,1,1
5XP33LF,1,1,1,1
5XQ9QPJ,1,1,1,1
5XRMBCR,1,1,1,1
5XTOBIR,1,1,1,1
5XU87Z6,1,1,1,1
5XVJANW,1,1,1,1
5XYAO8F,1,1,1,1
5XZT3JV,1,1,1,1
5Y1KVYQ,1,1,1,1
5Y2PPTS,1,1,1,1
5Y4U41P,1,1,1,1
5Y4Y6JP,1,1,1,1
5Y5EX3C,1,1,1,1
5Y63L1R,1,1,1,1
5Y7KCTK,1,1,1,1
5Y863CE,1,1,1,1
5Y8D20G,1,1,1,1
5Y8VJKA,1,1,1,1
5Y96003,1,1,1,1
5YCFN15,1,1,1,1
5YCJIXF,1,1,1,1
5YD9TUM,1,1,1,1
5YECPJN,1,1,1,1
5YEHQ0D,1,1,1,1
5YEL23W,1,1,1,1
5YGCEPZ,1,1,1,1
5YGWUXF,1,1,1,1
5YI794Y,1,1,1,1
5YKPVLK,1,1,1,1
5YLDS6C,1,1,1,1
5YLGZSX,1,1,1,1
5YNLH82,1,1,1,1
5YNSRT1,1,1,1,1
5YOZJPI,1,1,1,1
5YS9LZA,1,1,1,1
5YUYONN,1,1,1,1
5YV0YWL,1,1,1,1
5YW29SX,1,1,1,1
5YW4LT5,1,1,1,1
5YXDIKD,1,1,1,1
5YZOO9Q,1,1,1,1
5YZRQ69,1,1,1,1
5YZVBDG,1,1,1,1
5Z01CP6,1,1,1,1
5Z08HHP,1,1,1,1
5Z2T616,1,1,1,1
5Z46YQX,1,1,1,1
5Z7CGOZ,1,1,1,1
5Z88NXL,1,1,1,1
5Z8HT1K,1,1,1,1
5ZB3SXH,1,1,1,1
5ZDZDUS,1,1,1,1
5ZEBSX6,1,1,1,1
5ZGAF24,1,1,1,1
5ZH53ZC,1,1,1,1
5ZHKEND,1,1,1,1
5ZJT1LH,1,1,1,1
5ZMD6A4,1,1,1,1
5ZNNITA,1,1,1,1
5ZOBWYF,1,1,1,1
5ZOHPTH,1,1,1,1
5ZOJCLT,1,1,1,1
5ZRKVHC,1,1,1,1
5ZRO4ME,1,1,1,1
5ZTDS29,1,1,1,1
5ZUVK86,1,1,1,1
5ZVGG6G,1,1,1,1
5ZXCU57,1,1,1,1
5ZXD5L0,1,1,1,1
5ZXPWT2,1,1,1,1
600IUOE,1,1,1,1
602U9MP,1,1,1,1
6054XJ1,1,1,1,1
6058TNW,1,1,1,1
605WUVS,1,1,1,1
60ALLCW,1,1,1,1
60B945P,1,1,1,1
60GO350,1,1,1,1
60HCD23,1,1,1,1
60JS0CC,1,1,1,1
60K1GI7,1,1,1,1
60K2RP0,1,1,1,1
60L425Z,1,1,1,1
60MURW9,1,1,1,1
60PXKUM,1,1,1,1
60RVN4W,1,1,1,1
60TJUEI,1,1,1,1
60U0P31,1,1,1,1
60UUM4I,1,1,1,1
60VOQP9,1,1,1,1
60WDFB6,1,1,1,1
60WH92E,1,1,1,1
60WVG9C,1,1,1,1
60X9D4X,1,1,1,1
60YE993,1,1,1,1
6106VV3,1,1,1,1
611ACPV,1,1,1,1
61220F6,1,1,1,1
612B20N,1,1,1,1
6138S01,1,1,1,1
6139X7W,1,1,1,1
613GFKT,1,1,1,1
613KVIN,1,1,1,1
6181N59,1,1,1,1
618I55A,1,1,1,1
619WYZD,1,1,1,1
61A92O1,1,1,1,1
61FQN59,1,1,1,1
61HTLG9,1,1,1,1
61I8IKX,1,1,1,1
61IF440,1,1,1,1
61NFFR4,1,1,1,1
61PUOZC,1,1,1,1
61RU4JF,1,1,1,1
61UGRAC,1,1,1,1
61WKNV7,1,1,1,1
61XIHUI,1,1,1,1
6210Z6S,1,1,1,1
6226Z5P,1,1,1,1
622IZJ2,1,1,1,1
622OD6I,1,1,1,1
622UQIP,1,1,1,1
629EVS7,1,1,1,1
62E214V,1,1,1,1
62EPOP1,1,1,1,1
62G10Y7,1,1,1,1
62IADWI,1,1,1,1
62IKDB5,1,1,1,1
62JSW51,1,1,1,1
62O9XFN,1,1,1,1
62RT2P3,1,1,1,1
62S4LXF,1,1,1,1
62SDPD0,1,1,1,1
62TO068,1,1,1,1
62XFBTS,1,1,1,1
62XJCOP,1,1,1,1
62YQKLU,1,1,1,1
635DANQ,1,1,1,1
636DMCQ,1,1,1,1
636UX6A,1,1,1,1
6376GZ0,1,1,1,1
63DFTHR,1,1,1,1
63ERFFM,1,1,1,1
63G2A4C,1,1,1,1
63GUXPT,1,1,1,1
63K8847,1,1,1,1
63KTDIW,1,1,1,1
63L15GL,1,1,1,1
63LCA58,1,1,1,1
63LSHTV,1,1,1,1
63LXROU,1,1,1,1
63M4EME,1,1,1,1
63MEEQE,1,1,1,1
63NI6W0,1,1,1,1
63NU4IE,1,1,1,1
63OQICH,1,1,1,1
63OS4EK,1,1,1,1
63RHGIP,1,1,1,1
63UYJBK,1,1,1,1
63W1WKW,1,1,1,1
63WJ7O0,1,1,1,1
63Y5AGQ,1,1,1,1
63YAJD4,1,1,1,1
63Z74FN,1,1,1,1
63ZWRKO,1,1,1,1
640TMBV,1,1,1,1
640Z5XF,1,1,1,1
641R79X,1,1,1,1
6430GS1,1,1,1,1
643W0G2,1,1,1,1
64BK0OE,1,1,1,1
64D72TA,1,1,1,1
64E1TWB,1,1,1,1
64ETJWV,1,1,1,1
64GA0ZM,1,1,1,1
64GQS47,1,1,1,1
64HEHDN,1,1,1,1
64QGYAX,1,1,1,1
64SSGNB,1,1,1,1
64TEROV,1,1,1,1
64V579R,1,1,1,1
64VB9BM,1,1,1,1
64VDZBU,1,1,1,1
64WGSLI,1,1,1,1
64WQA2U,1,1,1,1
650LKCC,1,1,1,1
652PNB9,1,1,1,1
6548JTF,1,1,1,1
657HU96,1,1,1,1
657ISFY,1,1,1,1
65AHCDA,1,1,1,1
65AP2N8,1,1,1,1
65CD6ED,1,1,1,1
65D681Q,1,1,1,1
65D6DVV,1,1,1,1
65FMKDU,1,1,1,1
65GI5C6,1,1,1,1
65K9JNT,1,1,1,1
65O5BIC,1,1,1,1
65PA8EQ,1,1,1,1
65PHUIF,1,1,1,1
65R4AYK,1,1,1,1
65UHD7M,1,1,1,1
65URQJQ,1,1,1,1
65VCATH,1,1,1,1
65VN99U,1,1,1,1
65YPEJR,1,1,1,1
66219FC,1,1,1,1
662KWLO,1,1,1,1
662P1SU,1,1,1,1
662XX7Y,1,1,1,1
667PBXJ,1,1,1,1
668MBMD,1,1,1,1
668QCI8,1,1,1,1
66AGAD3,1,1,1,1
66CJ94Y,1,1,1,1
66EXPMQ,1,1,1,1
66K85U5,1,1,1,1
66K9A62,1,1,1,1
66KJLN7,1,1,1,1
66MUZOM,1,1,1,1
66TKKA5,1,1,1,1
66WHBCZ,1,1,1,1
66WVJOQ,1,1,1,1
670AFQ4,1,1,1,1
670XRSB,1,1,1,1
671K1BT,1,1,1,1
67CFIDA,1,1,1,1
67H00AO,1,1,1,1
67HKYO9,1,1,1,1
67HR7JK,1,1,1,1
67I7PJR,1,1,1,1
67IM7SJ,1,1,1,1
67IPVA3,1,1,1,1
67JENXK,1,1,1,1
67NSAN0,1,1,1,1
67NSWF7,1,1,1,1
67OG8JZ,1,1,1,1
67P4551,1,1,1,1
67QGV4Z,1,1,1,1
67RYFIO,1,1,1,1
67U943A,1,1,1,1
67V53ZS,1,1,1,1
67W2KSU,1,1,1,1
67Z2M2A,1,1,1,1
680GOZZ,1,1,1,1
682E0Z1,1,1,1,1
683BI2L,1,1,1,1
687A2PT,1,1,1,1
68G0J1Q,1,1,1,1
68HQWCP,1,1,1,1
68KIGUM,1,1,1,1
68KTYNM,1,1,1,1
68PH81L,1,1,1,1
68RN5B4,1,1,1,1
68VP16Z,1,1,1,1
68WZDLF,1,1,1,1
68YP2ZO,1,1,1,1
690YPUV,1,1,1,1
695U1ZT,1,1,1,1
6973J0X,1,1,1,1
697E3MD,1,1,1,1
698MF7Q,1,1,1,1
699UZKR,1,1,1,1
69AMJZ9,1,1,1,1
69B3OSQ,1,1,1,1
69CUO2N,1,1,1,1
69EBEWM,1,1,1,1
69F6KBA,1,1,1,1
69FDWEE,1,1,1,1
69FT7G9,1,1,1,1
69JL4S1,1,1,1,1
69JWZZ3,1,1,1,1
69KC9UW,1,1,1,1
69LP7Z1,1,1,1,1
69M1WT0,1,1,1,1
69M4XFQ,1,1,1,1
69MNHIA,1,1,1,1
69N65FL,1,1,1,1
69PK5MG,1,1,1,1
69SV5LX,1,1,1,1
69T92XO,1,1,1,1
69TJLR6,1,1,1,1
69URFMT,1,1,1,1
69VXZEP,1,1,1,1
69VZYAT,1,1,1,1
69W0KZ4,1,1,1,1
69W8KZU,1,1,1,1
69X7GAG,1,1,1,1
69XKQFN,1,1,1,1
6A042DQ,1,1,1,1
6A1HK27,1,1,1,1
6A1KDDL,1,1,1,1
6A1S2EG,1,1,1,1
6A246I0,1,1,1,1
6A43884,1,1,1,1
6A5CHWX,1,1,1,1
6A7CIM0,1,1,1,1
6A7FDJH,1,1,1,1
6A9DJ21,1,1,1,1
6ACT9JX,1,1,1,1
6AFSXTS,1,1,1,1
6AGAJN3,1,1,1,1
6AGMS4X,1,1,1,1
6AHFU2M,1,1,1,1
6AHXZFT,1,1,1,1
6ANOAZ3,1,1,1,1
6APO7DV,1,1,1,1
6AQTLLT,1,1,1,1
6AREVK0,1,1,1,1
6AZ7VZT,1,1,1,1
6B022VG,1,1,1,1
6B1FO37,1,1,1,1
6B6MZ8S,1,1,1,1
6B731WL,1,1,1,1
6BCKGRX,1,1,1,1
6BD6FZQ,1,1,1,1
6BDE8SQ,1,1,1,1
6BDOX3B,1,1,1,1
6BE0TWK,1,1,1,1
6BH9KY8,1,1,1,1
6BIBP94,1,1,1,1
6BLSY9U,1,1,1,1
6BMTCC4,1,1,1,1
6BPFDKE,1,1,1,1
6BSA5RN,1,1,1,1
6BSGLIX,1,1,1,1
6BSXJ6E,1,1,1,1
6BU5RMB,1,1,1,1
6BZYOHA,1,1,1,1
6C4GK96,1,1,1,1
6C5M0C7,1,1,1,1
6C5ZBJN,1,1,1,1
6C7SUAA,1,1,1,1
6C870YK,1,1,1,1
6C8F9H1,1,1,1,1
6C8O76V,1,1,1,1
6C90TOU,1,1,1,1
6C9CGX3,1,1,1,1
6CA5C6U,1,1,1,1
6CAPVRL,1,1,1,1
6CCTHQB,1,1,1,1
6CF7MX6,1,1,1,1
6CF8N4C,1,1,1,1
6CFB6BR,1,1,1,1
6CHVNCN,1,1,1,1
6CI8FBV,1,1,1,1
6CJKPTB,1,1,1,1
6CJZNOK,1,1,1,1
6CLVBIA,1,1,1,1
6CN3HFP,1,1,1,1
6CPK7GN,1,1,1,1
6CPLEBZ,1,1,1,1
6CQLS93,1,1,1,1
6CQNWIP,1,1,1,1
6CREI5T,1,1,1,1
6CS39RG,1,1,1,1
6CS5SXG,1,1,1,1
6CTWZOG,1,1,1,1
6CU8ZJD,1,1,1,1
6CUKBVZ,1,1,1,1
6CY6FHB,1,1,1,1
6D1C2ND,1,1,1,1
6D5E5XN,1,1,1,1
6D6GZ85,1,1,1,1
6D8USRV,1,1,1,1
6DFOWJE,1,1,1,1
6DJGWAM,1,1,1,1
6DM0XG2,1,1,1,1
6DQ4579,1,1,1,1
6DQXDF6,1,1,1,1
6DRAMPC,1,1,1,1
6DSKVPC,1,1,1,1
6DVYBOS,1,1,1,1
6DW7RV5,1,1,1,1
6DYSCZQ,1,1,1,1
6DZWG3M,1,1,1,1
6E0LWU0,1,1,1,1
6E0ND4C,1,1,1,1
6E6DQRE,1,1,1,1
6E8OGFT,1,1,1,1
6EBICJ1,1,1,1,1
6EBMU7C,1,1,1,1
6EC9OWN,1,1,1,1
6ECP5X8,1,1,1,1
6ED1NEE,1,1,1,1
6EFX80A,1,1,1,1
6EGKLUC,1,1,1,1
6EHB4BX,1,1,1,1
6EHU57A,1,1,1,1
6EHUGPB,1,1,1,1
6EIFPSN,1,1,1,1
6EIQ4W5,1,1,1,1
6EIWGL0,1,1,1,1
6EJIAY0,1,1,1,1
6EJWHQI,1,1,1,1
6EKMYWG,1,1,1,1
6ENH09J,1,1,1,1
6ENI27W,1,1,1,1
6ENIKXG,1,1,1,1
6EOCUTK,1,1,1,1
6ER2DEL,1,1,1,1
6ERHZI5,1,1,1,1
6EU40VC,1,1,1,1
6EZ5RYA,1,1,1,1
6EZUF5N,1,1,1,1
6F2HEVJ,1,1,1,1
6F53RPD,1,1,1,1
6F83QYI,1,1,1,1
6F97W76,1,1,1,1
6F9L2H3,1,1,1,1
6FCUKSQ,1,1,1,1
6FFW036,1,1,1,1
6FG6EME,1,1,1,1
6FIMJPN,1,1,1,1
6FIPCVF,1,1,1,1
6FISJUI,1,1,1,1
6FK2CW5,1,1,1,1
6FM2CIN,1,1,1,1
6FODSKC,1,1,1,1
6FPNMRA,1,1,1,1
6FRJHY4,1,1,1,1
6FRJNB3,1,1,1,1
6FRU0Q1,1,1,1,1
6FTNEJX,1,1,1,1
6FUAKDQ,1,1,1,1
6FVIUQS,1,1,1,1
6FVV9GJ,1,1,1,1
6FW0M8H,1,1,1,1
6FWCX5V,1,1,1,1
6FX15GZ,1,1,1,1
6FXRR6L,1,1,1,1
6FXUVCE,1,1,1,1
6G0XXMI,1,1,1,1
6G0YM4R,1,1,1,1
6G1WGN9,1,1,1,1
6G2CLQB,1,1,1,1
6G3KQ9Y,1,1,1,1
6GAGIDY,1,1,1,1
6GBYYUY,1,1,1,1
6GE4U1H,1,1,1,1
6GFEHWT,1,1,1,1
6GFPQ87,1,1,1,1
6GI5YNU,1,1,1,1
6GJCFHZ,1,1,1,1
6GJL6JW,1,1,1,1
6GKV1L1,1,1,1,1
6GM7FVJ,1,1,1,1
6GQMUYT,1,1,1,1
6GR09Z5,1,1,1,1
6GT25GY,1,1,1,1
6GTLERK,1,1,1,1
6GWHBML,1,1,1,1
6GWHKYC,1,1,1,1
6GWRYWS,1,1,1,1
6GWZL0H,1,1,1,1
6H1OUKF,1,1,1,1
6H23R3V,1,1,1,1
6H2QJ5O,1,1,1,1
6H3A5FD,1,1,1,1
6H4J1AT,1,1,1,1
6H5PCOD,1,1,1,1
6H6ATOU,1,1,1,1
6HAJZB6,1,1,1,1
6HDFCZ8,1,1,1,1
6HFHWXH,1,1,1,1
6HI0GQP,1,1,1,1
6HIGH9B,1,1,1,1
6HIYVUH,1,1,1,1
6HJDCKS,1,1,1,1
6HOK8VD,1,1,1,1
6HPB8L0,1,1,1,1
6HXO4M9,1,1,1,1
6I0MLTD,1,1,1,1
6I2CMRB,1,1,1,1
6I2CNKD,1,1,1,1
6I3GVJL,1,1,1,1
6I4JCVZ,1,1,1,1
6I4RDT6,1,1,1,1
6I7JJJU,1,1,1,1
6I8Y1WH,1,1,1,1
6IBIC8N,1,1,1,1
6IBKRTF,1,1,1,1
6ICATJC,1,1,1,1
6ICZTKM,1,1,1,1
6IE174L,1,1,1,1
6IJ2CC4,1,1,1,1
6IJYIPB,1,1,1,1
6IL04AO,1,1,1,1
6ILJ251,1,1,1,1
6IOD2EW,1,1,1,1
6IOLKSG,1,1,1,1
6IPF616,1,1,1,1
6IR0H51,1,1,1,1
6IRG4IS,1,1,1,1
6ISOZVL,1,1,1,1
6IT2EP6,1,1,1,1
6IUR87R,1,1,1,1
6IWLS67,1,1,1,1
6IWU8FG,1,1,1,1
6IZNW4D,1,1,1,1
6IZY1Y7,1,1,1,1
6J0CHIT,1,1,1,1
6J304SA,1,1,1,1
6J4TIVO,1,1,1,1
6J51FHB,1,1,1,1
6J5VRQZ,1,1,1,1
6J7D8V5,1,1,1,1
6J91SKQ,1,1,1,1
6JAJ6ZF,1,1,1,1
6JC9DBD,1,1,1,1
6JDE4X0,1,1,1,1
6JDWHI4,1,1,1,1
6JE7SIZ,1,1,1,1
6JEHM8D,1,1,1,1
6JFOAZ1,1,1,1,1
6JG55YH,1,1,1,1
6JGPQ9R,1,1,1,1
6JJG2VV,1,1,1,1
6JKS1DG,1,1,1,1
6JLG4TB,1,1,1,1
6JM5MWW,1,1,1,1
6JMJW6X,1,1,1,1
6JMN2LZ,1,1,1,1
6JMOKE9,1,1,1,1
6JNNDWK,1,1,1,1
6JNQR1A,1,1,1,1
6JQJO3R,1,1,1,1
6JQM98K,1,1,1,1
6JSN5VL,1,1,1,1
6JTGXM9,1,1,1,1
6JU69DV,1,1,1,1
6JUF9HT,1,1,1,1
6JULN2K,1,1,1,1
6JVJV4U,1,1,1,1
6JVNGV8,1,1,1,1
6JXTAYN,1,1,1,1
6JXV3D3,1,1,1,1
6JYMB7K,1,1,1,1
6JZ6TXQ,1,1,1,1
6K2UWLS,1,1,1,1
6K3JIUC,1,1,1,1
6K3LX2Y,1,1,1,1
6K3NA87,1,1,1,1
6K4AHLL,1,1,1,1
6K593Y0,1,1,1,1
6K5CD3C,1,1,1,1
6K7NFAE,1,1,1,1
6K8L4XL,1,1,1,1
6K9D3ZP,1,1,1,1
6KAU3XZ,1,1,1,1
6KB4Q68,1,1,1,1
6KBSTIU,1,1,1,1
6KCNKIK,1,1,1,1
6KEMLQ7,1,1,1,1
6KGSU7N,1,1,1,1
6KH855S,1,1,1,1
6KH8N6C,1,1,1,1
6KIF3YU,1,1,1,1
6KIR5IE,1,1,1,1
6KJSHJO,1,1,1,1
6KKK3NL,1,1,1,1
6KMKG81,1,1,1,1
6KMMOOA,1,1,1,1
6KNDFRE,1,1,1,1
6KP65R0,1,1,1,1
6KRFD86,1,1,1,1
6KTHEXW,1,1,1,1
6KTVOZL,1,1,1,1
6KVBSFT,1,1,1,1
6KWL7PI,1,1,1,1
6KX69X7,1,1,1,1
6KZ62ES,1,1,1,1
6L0US9R,1,1,1,1
6L1RVD2,1,1,1,1
6L3RKZI,1,1,1,1
6L8C92T,1,1,1,1
6LCFOQA,1,1,1,1
6LCUJX5,1,1,1,1
6LDWMBU,1,1,1,1
6LDYT89,1,1,1,1
6LF89RQ,1,1,1,1
6LLEIND,1,1,1,1
6LNFRYM,1,1,1,1
6LPJ2JW,1,1,1,1
6LQG9JR,1,1,1,1
6LQZQC2,1,1,1,1
6LR54LH,1,1,1,1
6LS48L5,1,1,1,1
6LSXXO1,1,1,1,1
6LVBAJG,1,1,1,1
6LXR3W6,1,1,1,1
6LYDC11,1,1,1,1
6LYTN73,1,1,1,1
6LYXTMR,1,1,1,1
6M1ZYKV,1,1,1,1
6M3DJQK,1,1,1,1
6M49AZR,1,1,1,1
6M8TOOH,1,1,1,1
6M9OLWO,1,1,1,1
6MAILWB,1,1,1,1
6MF9TVU,1,1,1,1
6MH8YR6,1,1,1,1
6MHH7Q4,1,1,1,1
6MHW3JI,1,1,1,1
6MJ6ST5,1,1,1,1
6MJCZCS,1,1,1,1
6MKSY73,1,1,1,1
6MKUSHF,1,1,1,1
6MKX1O7,1,1,1,1
6MN52E0,1,1,1,1
6MNZE48,1,1,1,1
6MQ84C9,1,1,1,1
6MRW1TL,1,1,1,1
6MSXISM,1,1,1,1
6MTSGO0,1,1,1,1
6MUGKXE,1,1,1,1
6MVV1FT,1,1,1,1
6N0UCJ7,1,1,1,1
6N1DHRV,1,1,1,1
6N1KQ7B,1,1,1,1
6N45FUY,1,1,1,1
6N61BXY,1,1,1,1
6N7MSGG,1,1,1,1
6N8F70G,1,1,1,1
6N91U7R,1,1,1,1
6NDC5PA,1,1,1,1
6NFHIEP,1,1,1,1
6NHK4F4,1,1,1,1
6NI5PJS,1,1,1,1
6NIS4LH,1,1,1,1
6NKW768,1,1,1,1
6NL0R9Y,1,1,1,1
6NM6US0,1,1,1,1
6NOILRB,1,1,1,1
6NP2SAH,1,1,1,1
6NP3BQG,1,1,1,1
6NSM10V,1,1,1,1
6NSTSJ1,1,1,1,1
6NT0P9Z,1,1,1,1
6NTB73M,1,1,1,1
6NTBJWB,1,1,1,1
6NTSVU2,1,1,1,1
6NWVNNB,1,1,1,1
6NXZRWK,1,1,1,1
6NZ6834,1,1,1,1
6NZM7B6,1,1,1,1
6NZO9FI,1,1,1,1
6O1483N,1,1,1,1
6O1PXMT,1,1,1,1
6O3HPH7,1,1,1,1
6O3KVA6,1,1,1,1
6O3NQFI,1,1,1,1
6O6BQ1X,1,1,1,1
6O7IEVI,1,1,1,1
6OBDOKG,1,1,1,1
6OFLV65,1,1,1,1
6OFTYO7,1,1,1,1
6OG6788,1,1,1,1
6OGLMWP,1,1,1,1
6OIX8FY,1,1,1,1
6OJENIH,1,1,1,1
6OLVWGA,1,1,1,1
6ON0WMB,1,1,1,1
6ONB99G,1,1,1,1
6ONC4KQ,1,1,1,1
6ONHKZA,1,1,1,1
6OORQNG,1,1,1,1
6OP2M4A,1,1,1,1
6OPRQC5,1,1,1,1
6OR8PEV,1,1,1,1
6ORTNKP,1,1,1,1
6OS0CX2,1,1,1,1
6OS2J1O,1,1,1,1
6OSH7CZ,1,1,1,1
6OULXNJ,1,1,1,1
6OYBCXO,1,1,1,1
6OZ7PWW,1,1,1,1
6OZH4C5,1,1,1,1
6P1KTY3,1,1,1,1
6P2VSUE,1,1,1,1
6P3DP3I,1,1,1,1
6P4306K,1,1,1,1
6P5BE7O,1,1,1,1
6P6RHD0,1,1,1,1
6P6ZNCW,1,1,1,1
6P738CE,1,1,1,1
6P75X6M,1,1,1,1
6P7BXTD,1,1,1,1
6PBOOCD,1,1,1,1
6PD4AUX,1,1,1,1
6PEE6Q6,1,1,1,1
6PEP7KX,1,1,1,1
6PF1OF5,1,1,1,1
6PFXNA2,1,1,1,1
6PGAIRA,1,1,1,1
6PJRORO,1,1,1,1
6PJVK9C,1,1,1,1
6PKZUJ8,1,1,1,1
6PLJAFB,1,1,1,1
6PLPWNN,1,1,1,1
6PNWFPJ,1,1,1,1
6PO57C8,1,1,1,1
6POE5FS,1,1,1,1
6POQB23,1,1,1,1
6PRE5B4,1,1,1,1
6PTFZQR,1,1,1,1
6PU0GXJ,1,1,1,1
6PUKFI0,1,1,1,1
6PZYS7E,1,1,1,1
6Q0X4H4,1,1,1,1
6Q11BRG,1,1,1,1
6Q2WIY3,1,1,1,1
6Q3R8DV,1,1,1,1
6Q4AHTT,1,1,1,1
6Q5COKP,1,1,1,1
6Q6F7LQ,1,1,1,1
6Q70AFY,1,1,1,1
6Q9Z8A9,1,1,1,1
6QA92QY,1,1,1,1
6QE0J4Y,1,1,1,1
6QEGIVV,1,1,1,1
6QFJDU3,1,1,1,1
6QFV788,1,1,1,1
6QFYSQB,1,1,1,1
6QHGA9C,1,1,1,1
6QMDL2O,1,1,1,1
6QMZO6Q,1,1,1,1
6QNLBJT,1,1,1,1
6QOY0UD,1,1,1,1
6QPIDG3,1,1,1,1
6QPR3HE,1,1,1,1
6QPVFRP,1,1,1,1
6QPYTSC,1,1,1,1
6QSYVMT,1,1,1,1
6QSZ2MA,1,1,1,1
6QW54KF,1,1,1,1
6QYRJF5,1,1,1,1
6QZX2O4,1,1,1,1
6R0VC1V,1,1,1,1
6R1CY77,1,1,1,1
6R2T69G,1,1,1,1
6R2TQDY,1,1,1,1
6R2ZG5Z,1,1,1,1
6R39228,1,1,1,1
6R3N73D,1,1,1,1
6R4F3C2,1,1,1,1
6R5X460,1,1,1,1
6R9T9YM,1,1,1,1
6RB33DK,1,1,1,1
6RBLPVG,1,1,1,1
6RD96VT,1,1,1,1
6RJHIK8,1,1,1,1
6RLPE1B,1,1,1,1
6RP9LLZ,1,1,1,1
6RPQ7A9,1,1,1,1
6RSBJ9H,1,1,1,1
6RWF70J,1,1,1,1
6RXATSH,1,1,1,1
6RY3KRV,1,1,1,1
6RYMRMU,1,1,1,1
6S0SNU5,1,1,1,1
6S649G0,1,1,1,1
6S7GPTD,1,1,1,1
6S8UICT,1,1,1,1
6SA1VHV,1,1,1,1
6SCKXAG,1,1,1,1
6SDXIA8,1,1,1,1
6SEA6C1,1,1,1,1
6SFHCU1,1,1,1,1
6SHFJUP,1,1,1,1
6SK8A4X,1,1,1,1
6SKOXYH,1,1,1,1
6SLZDFO,1,1,1,1
6SMQ2OR,1,1,1,1
6SNDHQU,1,1,1,1
6SNMTIK,1,1,1,1
6SNXJYX,1,1,1,1
6SO91US,1,1,1,1
6SPB8H3,1,1,1,1
6SPN6E7,1,1,1,1
6SQLD4K,1,1,1,1
6SQNWRM,1,1,1,1
6SRA90F,1,1,1,1
6SRVJ2M,1,1,1,1
6SUI7RB,1,1,1,1
6SWWMUK,1,1,1,1
6SXTO4O,1,1,1,1
6SY00X8,1,1,1,1
6SZCHE0,1,1,1,1
6T37TD6,1,1,1,1
6T5V8JS,1,1,1,1
6T8VFPI,1,1,1,1
6TA5C2F,1,1,1,1
6TADUQF,1,1,1,1
6TAG3JP,1,1,1,1
6TALCDK,1,1,1,1
6TBRWBQ,1,1,1,1
6TC7M14,1,1,1,1
6TCBGQH,1,1,1,1
6TCUGFC,1,1,1,1
6TFCP0M,1,1,1,1
6TFR0PH,1,1,1,1
6TFSP5O,1,1,1,1
6TIOUAH,1,1,1,1
6TJK3PL,1,1,1,1
6TM4SX2,1,1,1,1
6TN077X,1,1,1,1
6TN45YR,1,1,1,1
6TO58VV,1,1,1,1
6TRDWUY,1,1,1,1
6TRP2US,1,1,1,1
6TV0CKQ,1,1,1,1
6TVRZKB,1,1,1,1
6TVZ72Q,1,1,1,1
6TZ3C9I,1,1,1,1
6U176MJ,1,1,1,1
6U2CNA8,1,1,1,1
6U6B5PF,1,1,1,1
6U85WAG,1,1,1,1
6UBC5NX,1,1,1,1
6UBTSQ1,1,1,1,1
6UC857X,1,1,1,1
6UCIOPQ,1,1,1,1
6UDAS9T,1,1,1,1
6UDTSEK,1,1,1,1
6UDVPWY,1,1,1,1
6UI96IU,1,1,1,1
6UJD75O,1,1,1,1
6UJVLAP,1,1,1,1
6UL15BC,1,1,1,1
6UMQKIS,1,1,1,1
6UN85E9,1,1,1,1
6UOFD9Z,1,1,1,1
6UOJX9S,1,1,1,1
6UOYTIV,1,1,1,1
6UPBN1F,1,1,1,1
6UPBTTJ,1,1,1,1
6UPI98D,1,1,1,1
6UPJ581,1,1,1,1
6UQJB8S,1,1,1,1
6URHLGN,1,1,1,1
6URYRFN,1,1,1,1
6US8UEA,1,1,1,1
6UUR6M6,1,1,1,1
6UVHRZJ,1,1,1,1
6UW6GM4,1,1,1,1
6UWGCI7,1,1,1,1
6UYKWQF,1,1,1,1
6V0BOA7,1,1,1,1
6V0BQYH,1,1,1,1
6V17FNR,1,1,1,1
6V1TAWC,1,1,1,1
6V2XOSN,1,1,1,1
6V3IPLL,1,1,1,1
6V3OATY,1,1,1,1
6V4KEME,1,1,1,1
6V5M5KN,1,1,1,1
6V937M6,1,1,1,1
6VA7BHX,1,1,1,1
6VB2ETG,1,1,1,1
6VB2PTT,1,1,1,1
6VC4R3W,1,1,1,1
6VCXACU,1,1,1,1
6VFHJIY,1,1,1,1
6VGK2GX,1,1,1,1
6VIHDS2,1,1,1,1
6VK8WTE,1,1,1,1
6VKS901,1,1,1,1
6VPLYDZ,1,1,1,1
6VQGSLW,1,1,1,1
6VRQSPF,1,1,1,1
6VSPGA4,1,1,1,1
6VT5FOJ,1,1,1,1
6VVCYFE,1,1,1,1
6VWF0XP,1,1,1,1
6VXN59D,1,1,1,1
6VY9RWW,1,1,1,1
6VZNTF6,1,1,1,1
6W09R1D,1,1,1,1
6W31SU1,1,1,1,1
6W3F8CM,1,1,1,1
6W3KLH7,1,1,1,1
6W3POP0,1,1,1,1
6W5DEUI,1,1,1,1
6W5QDQ2,1,1,1,1
6W5ZIU0,1,1,1,1
6W7AU6B,1,1,1,1
6W7G137,1,1,1,1
6W7LO4E,1,1,1,1
6W9MAA6,1,1,1,1
6WAN87G,1,1,1,1
6WCEOFD,1,1,1,1
6WET71V,1,1,1,1
6WINEYX,1,1,1,1
6WKPRMZ,1,1,1,1
6WMY0R2,1,1,1,1
6WOEDSA,1,1,1,1
6WP6WQ1,1,1,1,1
6WPCJBA,1,1,1,1
6WPORCJ,1,1,1,1
6WRKD0R,1,1,1,1
6WRWO29,1,1,1,1
6WSN0NB,1,1,1,1
6WT7PN1,1,1,1,1
6WVLPU9,1,1,1,1
6WXZ32Z,1,1,1,1
6WZO1DL,1,1,1,1
6X2VXYW,1,1,1,1
6X53KIA,1,1,1,1
6X5EJBR,1,1,1,1
6X6NTD3,1,1,1,1
6X7HC2Y,1,1,1,1
6X8Z4LR,1,1,1,1
6X93KEZ,1,1,1,1
6X992OT,1,1,1,1
6XBZIY5,1,1,1,1
6XDPQCY,1,1,1,1
6XEBHOM,1,1,1,1
6XEN2ME,1,1,1,1
6XFOLGQ,1,1,1,1
6XGUYQU,1,1,1,1
6XHCJP7,1,1,1,1
6XHESSP,1,1,1,1
6XJ0Y4B,1,1,1,1
6XKPOLP,1,1,1,1
6XKT7S9,1,1,1,1
6XKZRWP,1,1,1,1
6XLKE7C,1,1,1,1
6XM4P8D,1,1,1,1
6XOB73D,1,1,1,1
6XPTCOK,1,1,1,1
6XQLENZ,1,1,1,1
6XTFIKI,1,1,1,1
6XTGNGZ,1,1,1,1
6XVBMHY,1,1,1,1
6XW1Y8L,1,1,1,1
6XXRIVP,1,1,1,1
6XY8RQM,1,1,1,1
6XZZEHT,1,1,1,1
6Y0KA56,1,1,1,1
6Y3PXSO,1,1,1,1
6Y5XSEK,1,1,1,1
6Y86AQE,1,1,1,1
6Y8JXLR,1,1,1,1
6YDAFEL,1,1,1,1
6YFB1EO,1,1,1,1
6YFBEOX,1,1,1,1
6YFJH40,1,1,1,1
6YG4HCU,1,1,1,1
6YHLLZF,1,1,1,1
6YHUGT8,1,1,1,1
6YJQ21T,1,1,1,1
6YKVRMY,1,1,1,1
6YN4QD1,1,1,1,1
6YNG7XC,1,1,1,1
6YO35U2,1,1,1,1
6YO4N8A,1,1,1,1
6YOYTWR,1,1,1,1
6YRHDTI,1,1,1,1
6YSB4WN,1,1,1,1
6YSHA03,1,1,1,1
6YU9ATA,1,1,1,1
6YVCR6U,1,1,1,1
6Z036WS,1,1,1,1
6Z0XNTZ,1,1,1,1
6Z2MC0K,1,1,1,1
6Z3CKZ8,1,1,1,1
6Z6BURO,1,1,1,1
6Z85DJN,1,1,1,1
6ZB0NCW,1,1,1,1
6ZB2P5W,1,1,1,1
6ZB3YXQ,1,1,1,1
6ZDMSY1,1,1,1,1
6ZE4VPD,1,1,1,1
6ZL8CUW,1,1,1,1
6ZLUZEH,1,1,1,1
6ZM21CS,1,1,1,1
6ZN8ECP,1,1,1,1
6ZNPSMB,1,1,1,1
6ZPTV7Q,1,1,1,1
6ZPZBSV,1,1,1,1
6ZRDCKE,1,1,1,1
6ZUDOQ5,1,1,1,1
6ZW09HL,1,1,1,1
6ZWPM0I,1,1,1,1
6ZYOTJM,1,1,1,1
6ZYZRVI,1,1,1,1
700XO7T,1,1,1,1
700Z9KF,1,1,1,1
7089ECQ,1,1,1,1
709QZVO,1,1,1,1
70B1WSZ,1,1,1,1
70CKSA9,1,1,1,1
70DF2ZU,1,1,1,1
70FA1C3,1,1,1,1
70G1BAO,1,1,1,1
70JCLWC,1,1,1,1
70K2WEO,1,1,1,1
70RZTOO,1,1,1,1
70SFHPF,1,1,1,1
70UN8IS,1,1,1,1
70WA0MZ,1,1,1,1
70YGHQ0,1,1,1,1
70YXFSY,1,1,1,1
710HVKQ,1,1,1,1
710I4ZO,1,1,1,1
71304LA,1,1,1,1
714MJDB,1,1,1,1
715E4MI,1,1,1,1
7167R20,1,1,1,1
719RIOZ,1,1,1,1
71AG3UC,1,1,1,1
71GSNIK,1,1,1,1
71I8IQR,1,1,1,1
71KABL5,1,1,1,1
71KNO09,1,1,1,1
71LBMFT,1,1,1,1
71LO1AT,1,1,1,1
71M3XZJ,1,1,1,1
71MAWNC,1,1,1,1
71MN2KH,1,1,1,1
71OTSLH,1,1,1,1
71QKCBW,1,1,1,1
71S2CKP,1,1,1,1
71SKI49,1,1,1,1
71TA222,1,1,1,1
71VEGZR,1,1,1,1
71XIKV2,1,1,1,1
71YNY7I,1,1,1,1
71YPGB5,1,1,1,1
71ZU6DV,1,1,1,1
7215BB3,1,1,1,1
7223YS8,1,1,1,1
723SPFL,1,1,1,1
724XU21,1,1,1,1
7263U15,1,1,1,1
7286XAO,1,1,1,1
729SMG8,1,1,1,1
729XLS6,1,1,1,1
72AJXED,1,1,1,1
72BBFER,1,1,1,1
72BYGP7,1,1,1,1
72CRU83,1,1,1,1
72FFOIQ,1,1,1,1
72FPLY2,1,1,1,1
72IKPFX,1,1,1,1
72ILO5H,1,1,1,1
72IRC3B,1,1,1,1
72J4V6I,1,1,1,1
72K2OZC,1,1,1,1
72KCP5G,1,1,1,1
72LYR98,1,1,1,1
72PCGVN,1,1,1,1
72QBFQZ,1,1,1,1
72RRRCW,1,1,1,1
72YYCUQ,1,1,1,1
7307VL5,1,1,1,1
731M0P9,1,1,1,1
731RNSA,1,1,1,1
732T8SN,1,1,1,1
736IDV4,1,1,1,1
737NB32,1,1,1,1
738WZEM,1,1,1,1
73CZJDV,1,1,1,1
73DWGCT,1,1,1,1
73ELGGE,1,1,1,1
73ENRC5,1,1,1,1
73EUH89,1,1,1,1
73GA6M6,1,1,1,1
73I6FFF,1,1,1,1
73JST5V,1,1,1,1
73NNSFG,1,1,1,1
73QEJ3O,1,1,1,1
73S8X7Y,1,1,1,1
73SELU3,1,1,1,1
73TOIUQ,1,1,1,1
73TVPH1,1,1,1,1
73U6V9H,1,1,1,1
73WPNQY,1,1,1,1
73Z95QK,1,1,1,1
73ZSOHG,1,1,1,1
7411010,1,1,1,1
742R0Y1,1,1,1,1
743IBDX,1,1,1,1
746QWCG,1,1,1,1
746VBQI,1,1,1,1
747648S,1,1,1,1
749JCZS,1,1,1,1
74DPGSU,1,1,1,1
74FTOKL,1,1,1,1
74G1PLY,1,1,1,1
74KZ9NM,1,1,1,1
74M3VT6,1,1,1,1
74N9J5W,1,1,1,1
74O4K74,1,1,1,1
74P7L6U,1,1,1,1
74PQ5YN,1,1,1,1
74Q3GQD,1,1,1,1
74Q523B,1,1,1,1
74RNBWF,1,1,1,1
74RNQAL,1,1,1,1
74S5VUR,1,1,1,1
74SW9TU,1,1,1,1
74U03FT,1,1,1,1
74YM5BC,1,1,1,1
74ZMI3Q,1,1,1,1
753FMKL,1,1,1,1
754IIRG,1,1,1,1
754NR1B,1,1,1,1
758DABQ,1,1,1,1
759SRSF,1,1,1,1
75BGOPI,1,1,1,1
75E77X9,1,1,1,1
75E9IMG,1,1,1,1
75EH5KV,1,1,1,1
75FDRXE,1,1,1,1
75GCMOX,1,1,1,1
75HLT8K,1,1,1,1
75IGDSW,1,1,1,1
75IMMEW,1,1,1,1
75LXAGQ,1,1,1,1
75OKF93,1,1,1,1
75OXWTI,1,1,1,1
75PCJZG,1,1,1,1
75WP1YF,1,1,1,1
75XFIPZ,1,1,1,1
75Y0DF1,1,1,1,1
760D8R1,1,1,1,1
760P1VD,1,1,1,1
764UYRO,1,1,1,1
768B312,1,1,1,1
768RKOP,1,1,1,1
769IWOI,1,1,1,1
76CD0A7,1,1,1,1
76ET6EI,1,1,1,1
76FANCE,1,1,1,1
76H29G0,1,1,1,1
76I5VNT,1,1,1,1
76J3XXT,1,1,1,1
76K32QB,1,1,1,1
76KZLY7,1,1,1,1
76L459R,1,1,1,1
76PBFBD,1,1,1,1
76PG16G,1,1,1,1
76QE73G,1,1,1,1
76RUIIT,1,1,1,1
76SCQTX,1,1,1,1
76TVAEX,1,1,1,1
770Q63X,1,1,1,1
770TKCC,1,1,1,1
773PFI3,1,1,1,1
773QKMK,1,1,1,1
773U37B,1,1,1,1
774CQOA,1,1,1,1
777WTLZ,1,1,1,1
77B2Z54,1,1,1,1
77EWJO5,1,1,1,1
77H5CKI,1,1,1,1
77K2Z3T,1,1,1,1
77M2RW3,1,1,1,1
77MGS7D,1,1,1,1
77OZNVF,1,1,1,1
77RI5VJ,1,1,1,1
77TLUQ9,1,1,1,1
77UFFSD,1,1,1,1
77VQ0DS,1,1,1,1
77WPLZ9,1,1,1,1
77XU87G,1,1,1,1
77YKJPQ,1,1,1,1
780R2VH,1,1,1,1
7816GSA,1,1,1,1
781ZVN5,1,1,1,1
782HQGC,1,1,1,1
782YJRW,1,1,1,1
7831NID,1,1,1,1
783LB16,1,1,1,1
783RHEC,1,1,1,1
784C2D9,1,1,1,1
7883CZ1,1,1,1,1
7885G5I,1,1,1,1
788LR60,1,1,1,1
789ODNH,1,1,1,1
78AP0BO,1,1,1,1
78AY8TX,1,1,1,1
78DGIN5,1,1,1,1
78DJKC4,1,1,1,1
78E1WW7,1,1,1,1
78FZAEF,1,1,1,1
78J6FW2,1,1,1,1
78JHR2R,1,1,1,1
78JJTSG,1,1,1,1
78JL6DV,1,1,1,1
78NLY9Z,1,1,1,1
78NOHVF,1,1,1,1
78O59Q0,1,1,1,1
78R3YBI,1,1,1,1
78SRZUM,1,1,1,1
78SS5DY,1,1,1,1
78TMQQ6,1,1,1,1
78TVHSB,1,1,1,1
78YH61Y,1,1,1,1
790ODS8,1,1,1,1
791AJEA,1,1,1,1
791WCJ5,1,1,1,1
792ZNEQ,1,1,1,1
793JJ3I,1,1,1,1
795P7UG,1,1,1,1
796A43M,1,1,1,1
79994B0,1,1,1,1
799ZOGI,1,1,1,1
79A366U,1,1,1,1
79BEUMX,1,1,1,1
79DEHOK,1,1,1,1
79DGRO3,1,1,1,1
79HG3AL,1,1,1,1
79IXF6Z,1,1,1,1
79KTY9I,1,1,1,1
79M4GS5,1,1,1,1
79NGIQF,1,1,1,1
79WR2OS,1,1,1,1
79Y1A7D,1,1,1,1
79YY1T7,1,1,1,1
79Z418S,1,1,1,1
7A1NBA7,1,1,1,1
7A1UYLS,1,1,1,1
7A22YIH,1,1,1,1
7A2Q46P,1,1,1,1
7A4D9WL,1,1,1,1
7A4P5RK,1,1,1,1
7A5IYUO,1,1,1,1
7A67YFV,1,1,1,1
7A74ZPZ,1,1,1,1
7AE6EBC,1,1,1,1
7AGFNO4,1,1,1,1
7AIH4C5,1,1,1,1
7AILH9G,1,1,1,1
7AJEOKG,1,1,1,1
7ALCXJ5,1,1,1,1
7AN4MYL,1,1,1,1
7ANH3N6,1,1,1,1
7AQD0RV,1,1,1,1
7AQS9F1,1,1,1,1
7ATL6M5,1,1,1,1
7AU03IH,1,1,1,1
7AVYKR1,1,1,1,1
7AY9VEZ,1,1,1,1
7AZQF6H,1,1,1,1
7B30P1I,1,1,1,1
7B45A5K,1,1,1,1
7B47G2D,1,1,1,1
7B61IEZ,1,1,1,1
7B63GAS,1,1,1,1
7B805A4,1,1,1,1
7B9178Z,1,1,1,1
7B9PTAB,1,1,1,1
7BB97HQ,1,1,1,1
7BBYZ9K,1,1,1,1
7BH23O0,1,1,1,1
7BIG7U4,1,1,1,1
7BK2CJ4,1,1,1,1
7BKQW3F,1,1,1,1
7BKXWE0,1,1,1,1
7BLERMH,1,1,1,1
7BLMGUP,1,1,1,1
7BLWSZB,1,1,1,1
7BMMPPI,1,1,1,1
7BMYRXF,1,1,1,1
7BOSZJS,1,1,1,1
7BPQEKR,1,1,1,1
7BUGRCR,1,1,1,1
7BWUXYE,1,1,1,1
7BZQKHS,1,1,1,1
7C0499Q,1,1,1,1
7C0ABDI,1,1,1,1
7C0MSFQ,1,1,1,1
7C14H0V,1,1,1,1
7C421SP,1,1,1,1
7C5P8NV,1,1,1,1
7C7ZDJR,1,1,1,1
7C8WNG5,1,1,1,1
7CAZ43W,1,1,1,1
7CEOCFL,1,1,1,1
7CF8EQQ,1,1,1,1
7CJFXP6,1,1,1,1
7CJPNR4,1,1,1,1
7CKPQZT,1,1,1,1
7CLFP6G,1,1,1,1
7CLQ9IM,1,1,1,1
7CM1WFC,1,1,1,1
7CN5YI3,1,1,1,1
7CN91BP,1,1,1,1
7CP64WU,1,1,1,1
7CQMW24,1,1,1,1
7CQVTFV,1,1,1,1
7CRUEOL,1,1,1,1
7CT2LYW,1,1,1,1
7CTFSZV,1,1,1,1
7CVP2UA,1,1,1,1
7CZP7XH,1,1,1,1
7D3XUO4,1,1,1,1
7D5FQQD,1,1,1,1
7D5Z80F,1,1,1,1
7D9Q2IZ,1,1,1,1
7DAQU9I,1,1,1,1
7DCAIJZ,1,1,1,1
7DCHGIY,1,1,1,1
7DD38DU,1,1,1,1
7DDCTZV,1,1,1,1
7DE4TPN,1,1,1,1
7DH5A3M,1,1,1,1
7DHESU2,1,1,1,1
7DI3QML,1,1,1,1
7DJM79J,1,1,1,1
7DK8Y1X,1,1,1,1
7DM64KL,1,1,1,1
7DNH58C,1,1,1,1
7DO8DBB,1,1,1,1
7DPZOR3,1,1,1,1
7DQAU3X,1,1,1,1
7DQRS8G,1,1,1,1
7DSTYLI,1,1,1,1
7DSWQI1,1,1,1,1
7DTMHNH,1,1,1,1
7DTX7H6,1,1,1,1
7DV5Z6Z,1,1,1,1
7DVZBA2,1,1,1,1
7DWPZ0F,1,1,1,1
7DYT2ZN,1,1,1,1
7DZ7GGK,1,1,1,1
7E0BQNN,1,1,1,1
7E235TS,1,1,1,1
7E26BQO,1,1,1,1
7E4P5MX,1,1,1,1
7E5XMF1,1,1,1,1
7ECGSM5,1,1,1,1
7ECI3QP,1,1,1,1
7EDWEBJ,1,1,1,1
7EEGQSO,1,1,1,1
7EHFDBQ,1,1,1,1
7EIXZD7,1,1,1,1
7EM9Y5J,1,1,1,1
7EOHUDC,1,1,1,1
7EP7C46,1,1,1,1
7ESWYS9,1,1,1,1
7EU13WG,1,1,1,1
7EW51M5,1,1,1,1
7EWLN55,1,1,1,1
7EXPGXQ,1,1,1,1
7F22NI8,1,1,1,1
7F25WLD,1,1,1,1
7F2NIDB,1,1,1,1
7F2WG7S,1,1,1,1
7F32GBI,1,1,1,1
7F351WK,1,1,1,1
7F3QHLX,1,1,1,1
7F805CA,1,1,1,1
7FA3BMN,1,1,1,1
7FAA4M0,1,1,1,1
7FALGU9,1,1,1,1
7FAUWDA,1,1,1,1
7FB0WP6,1,1,1,1
7FBYZQN,1,1,1,1
7FET40J,1,1,1,1
7FGS1YY,1,1,1,1
7FK5IQY,1,1,1,1
7FNSXLQ,1,1,1,1
7FP9CJQ,1,1,1,1
7FPFX7T,1,1,1,1
7FRRM5X,1,1,1,1
7FRZUGY,1,1,1,1
7FT0MSL,1,1,1,1
7FU32SS,1,1,1,1
7FVAL1H,1,1,1,1
7FXLQL9,1,1,1,1
7FYJQ53,1,1,1,1
7G04E03,1,1,1,1
7G4Z3ZB,1,1,1,1
7G6KEXM,1,1,1,1
7G6NN80,1,1,1,1
7G6PCUX,1,1,1,1
7G6TWND,1,1,1,1
7G72OFN,1,1,1,1
7G7FYYU,1,1,1,1
7G7IFGW,1,1,1,1
7G7WSVB,1,1,1,1
7GA7QVD,1,1,1,1
7GB2RV5,1,1,1,1
7GD6S3W,1,1,1,1
7GH86T0,1,1,1,1
7GHGL62,1,1,1,1
7GIJS2N,1,1,1,1
7GIUPNX,1,1,1,1
7GKWQGA,1,1,1,1
7GLYUZD,1,1,1,1
7GLYZHI,1,1,1,1
7GPTDD7,1,1,1,1
7GSPAQF,1,1,1,1
7GSUWEO,1,1,1,1
7GTRQ8A,1,1,1,1
7GVO4MA,1,1,1,1
7GX4TTP,1,1,1,1
7GYZT5Q,1,1,1,1
7GZAU7A,1,1,1,1
7GZJNDO,1,1,1,1
7H14INP,1,1,1,1
7H2KXXD,1,1,1,1
7H2VNWC,1,1,1,1
7H64C9Y,1,1,1,1
7H6RT5E,1,1,1,1
7H7080M,1,1,1,1
7H93K53,1,1,1,1
7HAMRLV,1,1,1,1
7HDM08Q,1,1,1,1
7HE15PA,1,1,1,1
7HFBF48,1,1,1,1
7HFHSGD,1,1,1,1
7HGL3W8,1,1,1,1
7HGQL12,1,1,1,1
7HHZOPA,1,1,1,1
7HJ150U,1,1,1,1
7HKTHME,1,1,1,1
7HLTAPF,1,1,1,1
7HO02TB,1,1,1,1
7HPCXQ3,1,1,1,1
7HPE7PL,1,1,1,1
7HQRPZK,1,1,1,1
7HROTYR,1,1,1,1
7HTLB77,1,1,1,1
7HU4PUX,1,1,1,1
7HUI9PE,1,1,1,1
7HWN45B,1,1,1,1
7I37WM8,1,1,1,1
7I3CHRH,1,1,1,1
7I3OO7F,1,1,1,1
7I4Z580,1,1,1,1
7I5KG51,1,1,1,1
7I6DXG0,1,1,1,1
7I6N5F9,1,1,1,1
7I8R0FU,1,1,1,1
7I92JEX,1,1,1,1
7I9HLPE,1,1,1,1
7IEFM8G,1,1,1,1
7IIASEK,1,1,1,1
7IIQGEZ,1,1,1,1
7ILOD2L,1,1,1,1
7IP4RMY,1,1,1,1
7IPULKQ,1,1,1,1
7IS6Y6D,1,1,1,1
7ITP5CL,1,1,1,1
7ITR4K3,1,1,1,1
7IVBRWP,1,1,1,1
7IYPF10,1,1,1,1
7J0G4A8,1,1,1,1
7J0MN4M,1,1,1,1
7J21K9T,1,1,1,1
7J2RMQA,1,1,1,1
7J3PAIR,1,1,1,1
7JAMOG6,1,1,1,1
7JARYDQ,1,1,1,1
7JAUD91,1,1,1,1
7JCL7VO,1,1,1,1
7JF1GM6,1,1,1,1
7JG4AIZ,1,1,1,1
7JHW7TJ,1,1,1,1
7JHXCKZ,1,1,1,1
7JJIUMV,1,1,1,1
7JLD3YR,1,1,1,1
7JLG3FC,1,1,1,1
7JLZ43T,1,1,1,1
7JMYGSF,1,1,1,1
7JNOFYR,1,1,1,1
7JNOZG5,1,1,1,1
7JOX4SD,1,1,1,1
7JPLVEF,1,1,1,1
7JQTF79,1,1,1,1
7JR8RSR,1,1,1,1
7JR8SA4,1,1,1,1
7JS07IS,1,1,1,1
7JTIMUY,1,1,1,1
7JVDQ99,1,1,1,1
7JXK7TM,1,1,1,1
7JXVAD5,1,1,1,1
7JYW1AY,1,1,1,1
7K0C4H9,1,1,1,1
7K7VJPN,1,1,1,1
7K8I2ZI,1,1,1,1
7K8YWRT,1,1,1,1
7KABJSL,1,1,1,1
7KALH67,1,1,1,1
7KB865I,1,1,1,1
7KBFS5A,1,1,1,1
7KC0RGN,1,1,1,1
7KD60SZ,1,1,1,1
7KEEQIM,1,1,1,1
7KGCKCT,1,1,1,1
7KGJLCT,1,1,1,1
7KGQS5V,1,1,1,1
7KHGSV3,1,1,1,1
7KJFUWG,1,1,1,1
7KLENRW,1,1,1,1
7KN2491,1,1,1,1
7KNL33R,1,1,1,1
7KNNPHM,1,1,1,1
7KOY8IQ,1,1,1,1
7KQ93TB,1,1,1,1
7KR497P,1,1,1,1
7KRUYQZ,1,1,1,1
7KRVI4X,1,1,1,1
7KS9ZTC,1,1,1,1
7KSMDVD,1,1,1,1
7KVLG0Y,1,1,1,1
7KYHCZU,1,1,1,1
7KZS5JG,1,1,1,1
7L0GCSH,1,1,1,1
7L16PQ9,1,1,1,1
7L2N0B8,1,1,1,1
7L2QWX8,1,1,1,1
7L4NJH6,1,1,1,1
7L550AL,1,1,1,1
7L6B24G,1,1,1,1
7L8LK9A,1,1,1,1
7L8ZJXW,1,1,1,1
7L9DD3B,1,1,1,1
7L9M83K,1,1,1,1
7LAP42P,1,1,1,1
7LBNRVA,1,1,1,1
7LBPSFZ,1,1,1,1
7LBQXE5,1,1,1,1
7LCAXK1,1,1,1,1
7LDDRMO,1,1,1,1
7LEBRU3,1,1,1,1
7LF7RJE,1,1,1,1
7LI5OTY,1,1,1,1
7LIKLFP,1,1,1,1
7LL6H3Z,1,1,1,1
7LNIUBY,1,1,1,1
7LNUN8G,1,1,1,1
7LP3V7B,1,1,1,1
7LP65LF,1,1,1,1
7LPB4LU,1,1,1,1
7LPJBER,1,1,1,1
7LPQ9IQ,1,1,1,1
7LRN0AE,1,1,1,1
7LTAHM1,1,1,1,1
7LTZ8OM,1,1,1,1
7LXKLSM,1,1,1,1
7LY14X0,1,1,1,1
7M2E0JE,1,1,1,1
7M4N18M,1,1,1,1
7M4UCKL,1,1,1,1
7M8TYQ9,1,1,1,1
7M95AOL,1,1,1,1
7M9SBOM,1,1,1,1
7MA5EPO,1,1,1,1
7MBK0EZ,1,1,1,1
7MC32GL,1,1,1,1
7MCXZIS,1,1,1,1
7MD42E0,1,1,1,1
7MECBEG,1,1,1,1
7MEOH96,1,1,1,1
7MFGBNQ,1,1,1,1
7MFSTP0,1,1,1,1
7MFYPBR,1,1,1,1
7MG1EL9,1,1,1,1
7MGKNZU,1,1,1,1
7MGYJXS,1,1,1,1
7MH1ARH,1,1,1,1
7MJVODZ,1,1,1,1
7MKYO8V,1,1,1,1
7MLER6L,1,1,1,1
7MRQOZY,1,1,1,1
7N47I19,1,1,1,1
7N5T6Q9,1,1,1,1
7N6TPNI,1,1,1,1
7N7CE47,1,1,1,1
7N7I9KO,1,1,1,1
7NAVU4P,1,1,1,1
7NIM6RO,1,1,1,1
7NJ6FWZ,1,1,1,1
7NKE5WJ,1,1,1,1
7NNH5PO,1,1,1,1
7NP0M61,1,1,1,1
7NQ8XTP,1,1,1,1
7NQHQOH,1,1,1,1
7NRD5AZ,1,1,1,1
7NSF873,1,1,1,1
7NTM64U,1,1,1,1
7NU42LD,1,1,1,1
7NUY6XS,1,1,1,1
7NXGCZ5,1,1,1,1
7NXK768,1,1,1,1
7NYA96F,1,1,1,1
7O0HY64,1,1,1,1
7O2IJ6S,1,1,1,1
7O2VHSI,1,1,1,1
7O4MSCF,1,1,1,1
7O4MSFJ,1,1,1,1
7O5J0TX,1,1,1,1
7O5KZ6G,1,1,1,1
7O6WXX1,1,1,1,1
7O8Z9OQ,1,1,1,1
7O9PE34,1,1,1,1
7OAQLEX,1,1,1,1
7OAULXN,1,1,1,1
7OBSF4S,1,1,1,1
7OFK365,1,1,1,1
7OIVZQK,1,1,1,1
7OIXMYB,1,1,1,1
7OJSM9K,1,1,1,1
7OKCS0C,1,1,1,1
7OLQL1B,1,1,1,1
7OLZGKX,1,1,1,1
7OMFZ8D,1,1,1,1
7ON1WLI,1,1,1,1
7OQ1TRX,1,1,1,1
7OQNZUX,1,1,1,1
7OTCHSQ,1,1,1,1
7OTRW6X,1,1,1,1
7OUJ4YL,1,1,1,1
7OV1G86,1,1,1,1
7OW8BZG,1,1,1,1
7OWCRIQ,1,1,1,1
7OWFDZC,1,1,1,1
7OXFBLV,1,1,1,1
7OYSBL2,1,1,1,1
7OYSCRX,1,1,1,1
7P0SWXA,1,1,1,1
7P1PX16,1,1,1,1
7P3U3C8,1,1,1,1
7P4WGNW,1,1,1,1
7P62Q6H,1,1,1,1
7P6WNZY,1,1,1,1
7P85LPE,1,1,1,1
7PAOV19,1,1,1,1
7PBCUJ3,1,1,1,1
7PE7ZAM,1,1,1,1
7PEG155,1,1,1,1
7PF8EQ3,1,1,1,1
7PGZBIE,1,1,1,1
7PL2IFW,1,1,1,1
7PN2DZU,1,1,1,1
7PNTTFP,1,1,1,1
7PPZEU2,1,1,1,1
7PPZMXP,1,1,1,1
7PQOPKQ,1,1,1,1
7PROIBW,1,1,1,1
7PSGQC0,1,1,1,1
7PU07DG,1,1,1,1
7PU0XJI,1,1,1,1
7PVA161,1,1,1,1
7PWMRFN,1,1,1,1
7PWYA9V,1,1,1,1
7PY1Y45,1,1,1,1
7PZB4GL,1,1,1,1
7Q0DVEI,1,1,1,1
7Q15AGO,1,1,1,1
7Q1BWJM,1,1,1,1
7Q3B34P,1,1,1,1
7Q4ACT5,1,1,1,1
7Q4LK9W,1,1,1,1
7Q6GNTH,1,1,1,1
7Q7QQ2A,1,1,1,1
7QAAY5G,1,1,1,1
7QAYIB1,1,1,1,1
7QCL0O3,1,1,1,1
7QCONQE,1,1,1,1
7QCPSNQ,1,1,1,1
7QFLNDC,1,1,1,1
7QFM4WY,1,1,1,1
7QGDADF,1,1,1,1
7QHGNAK,1,1,1,1
7QI4EKX,1,1,1,1
7QISII5,1,1,1,1
7QJ0D05,1,1,1,1
7QLDYXN,1,1,1,1
7QN16T6,1,1,1,1
7QNKI94,1,1,1,1
7QNVON1,1,1,1,1
7QPLIP0,1,1,1,1
7QQQQQV,1,1,1,1
7QUSVX2,1,1,1,1
7QVGJUU,1,1,1,1
7QVTMWF,1,1,1,1
7QW14LN,1,1,1,1
7QWURGX,1,1,1,1
7QX12IP,1,1,1,1
7QYBBYO,1,1,1,1
7QYEJKS,1,1,1,1
7QYKN6R,1,1,1,1
7R1YFKM,1,1,1,1
7R3CMNQ,1,1,1,1
7R41O6I,1,1,1,1
7R5PP92,1,1,1,1
7R737SR,1,1,1,1
7R8F33L,1,1,1,1
7R8JO0P,1,1,1,1
7RAIRZA,1,1,1,1
7RAQRAQ,1,1,1,1
7RBG9GW,1,1,1,1
7RBW3BM,1,1,1,1
7RFU3WM,1,1,1,1
7RGR3Y6,1,1,1,1
7RJ7UUS,1,1,1,1
7RMC6FG,1,1,1,1
7ROL3RX,1,1,1,1
7RR9F8C,1,1,1,1
7RSEJ0D,1,1,1,1
7RSUVWD,1,1,1,1
7RWQ9D3,1,1,1,1
7RXT5LW,1,1,1,1
7RYC92D,1,1,1,1
7S101DW,1,1,1,1
7S17SZD,1,1,1,1
7S5UCXG,1,1,1,1
7S6G8JK,1,1,1,1
7SAZOB9,1,1,1,1
7SBLEGN,1,1,1,1
7SBMJEB,1,1,1,1
7SCFZO3,1,1,1,1
7SHSCVA,1,1,1,1
7SHXYD5,1,1,1,1
7SI8K8I,1,1,1,1
7SJFZUC,1,1,1,1
7SJPG2H,1,1,1,1
7SLKXRM,1,1,1,1
7SM8SDX,1,1,1,1
7SMVNFR,1,1,1,1
7SO0TCD,1,1,1,1
7SORDQV,1,1,1,1
7SOXVWU,1,1,1,1
7SRDS4U,1,1,1,1
7STQ0JI,1,1,1,1
7SUF4ED,1,1,1,1
7SUZ8YE,1,1,1,1
7SV47ED,1,1,1,1
7SX4102,1,1,1,1
7SXIQPE,1,1,1,1
7SXQAUT,1,1,1,1
7SYJOUV,1,1,1,1
7SYUV05,1,1,1,1
7SZBHUB,1,1,1,1
7T26D6K,1,1,1,1
7T3SA1H,1,1,1,1
7T42ZJH,1,1,1,1
7T4UFAW,1,1,1,1
7T59KFV,1,1,1,1
7T5UR5H,1,1,1,1
7T5XBKK,1,1,1,1
7T7CSL8,1,1,1,1
7T9U2GU,1,1,1,1
7TA6S7H,1,1,1,1
7TAE1XJ,1,1,1,1
7TBYEOR,1,1,1,1
7TD2CLR,1,1,1,1
7TE0WLU,1,1,1,1
7TGVBZ1,1,1,1,1
7TGY0EQ,1,1,1,1
7THNYNX,1,1,1,1
7THP0WO,1,1,1,1
7TIBW6P,1,1,1,1
7TIJ19H,1,1,1,1
7TJ0Z8V,1,1,1,1
7TJ8JCP,1,1,1,1
7TJ8YSU,1,1,1,1
7TMEJBS,1,1,1,1
7TPXXV8,1,1,1,1
7TQ8LYU,1,1,1,1
7TREDMM,1,1,1,1
7TRJHQF,1,1,1,1
7TSDV3E,1,1,1,1
7TU0AIC,1,1,1,1
7TV6IG8,1,1,1,1
7TWEVKU,1,1,1,1
7TYXS9P,1,1,1,1
7TZBEFH,1,1,1,1
7U2DDHR,1,1,1,1
7U4EY25,1,1,1,1
7U53U5K,1,1,1,1
7U9TP00,1,1,1,1
7UCMFQ2,1,1,1,1
7UDHBU5,1,1,1,1
7UECDZX,1,1,1,1
7UFABQ4,1,1,1,1
7UH84GG,1,1,1,1
7UHQYJ8,1,1,1,1
7UIG2ZB,1,1,1,1
7UIKAHH,1,1,1,1
7UIKO54,1,1,1,1
7UIP9IO,1,1,1,1
7UJQJKV,1,1,1,1
7UMLF8G,1,1,1,1
7UNAWAC,1,1,1,1
7UO0EWO,1,1,1,1
7UR8ZJ0,1,1,1,1
7URPG6I,1,1,1,1
7UX4961,1,1,1,1
7UZ9HIZ,1,1,1,1
7UZAA1X,1,1,1,1
7UZSLN9,1,1,1,1
7V1QK7B,1,1,1,1
7V4IPO2,1,1,1,1
7V5H54F,1,1,1,1
7V6GQZL,1,1,1,1
7V7LTOT,1,1,1,1
7V8IPW3,1,1,1,1
7V9YYJ2,1,1,1,1
7VBXWNS,1,1,1,1
7VGJRZA,1,1,1,1
7VJK22G,1,1,1,1
7VLM9KV,1,1,1,1
7VOAJD3,1,1,1,1
7VOD1YZ,1,1,1,1
7VOINU5,1,1,1,1
7VQAOBZ,1,1,1,1
7VQKEVB,1,1,1,1
7VR5R4K,1,1,1,1
7VRHB3D,1,1,1,1
7VSOPFK,1,1,1,1
7VZLWP8,1,1,1,1
7VZW1LD,1,1,1,1
7W0LXJI,1,1,1,1
7W2LLQW,1,1,1,1
7W2OT7V,1,1,1,1
7W2SVJR,1,1,1,1
7W4VOGH,1,1,1,1
7W72SPE,1,1,1,1
7W8EAZ5,1,1,1,1
7W8V0VM,1,1,1,1
7WCFP0S,1,1,1,1
7WERD5G,1,1,1,1
7WFROY3,1,1,1,1
7WG8VID,1,1,1,1
7WHBX0X,1,1,1,1
7WLAMYY,1,1,1,1
7WLI3QB,1,1,1,1
7WOCAJV,1,1,1,1
7WOMVP9,1,1,1,1
7WQ64JA,1,1,1,1
7WTJYDE,1,1,1,1
7WX8PC1,1,1,1,1
7WXIC39,1,1,1,1
7WXKL41,1,1,1,1
7X0VV1V,1,1,1,1
7X1CQMS,1,1,1,1
7X3NGQC,1,1,1,1
7X455X1,1,1,1,1
7X6R3G1,1,1,1,1
7X83OMS,1,1,1,1
7X8MW87,1,1,1,1
7XEKOLU,1,1,1,1
7XFSO47,1,1,1,1
7XG4SSC,1,1,1,1
7XKFKBR,1,1,1,1
7XLSPPU,1,1,1,1
7XMCCLZ,1,1,1,1
7XN28H6,1,1,1,1
7XP820Z,1,1,1,1
7XQ8KFE,1,1,1,1
7XS1HPK,1,1,1,1
7XV6FMP,1,1,1,1
7XW97BP,1,1,1,1
7XXBH5T,1,1,1,1
7XYWJI7,1,1,1,1
7Y0ARIL,1,1,1,1
7Y12TKF,1,1,1,1
7Y2K5VK,1,1,1,1
7Y2ZJOE,1,1,1,1
7Y385IR,1,1,1,1
7Y4MGE3,1,1,1,1
7Y4VPEG,1,1,1,1
7Y60X0H,1,1,1,1
7Y6TLJ9,1,1,1,1
7Y8YEC9,1,1,1,1
7YAS2JD,1,1,1,1
7YB743I,1,1,1,1
7YBNUSY,1,1,1,1
7YD10U9,1,1,1,1
7YESAHI,1,1,1,1
7YI1E7N,1,1,1,1
7YL9DKI,1,1,1,1
7YMBNX4,1,1,1,1
7YORCEG,1,1,1,1
7YQHNR1,1,1,1,1
7YRHST8,1,1,1,1
7YRMDEZ,1,1,1,1
7YSNMWI,1,1,1,1
7YUATOV,1,1,1,1
7YXA4DT,1,1,1,1
7YXT7GT,1,1,1,1
7YZ1W4B,1,1,1,1
7YZRGE9,1,1,1,1
7Z0XFIO,1,1,1,1
7Z45601,1,1,1,1
7Z4GHZK,1,1,1,1
7Z6W608,1,1,1,1
7Z7REQR,1,1,1,1
7Z87S4L,1,1,1,1
7ZBYQ1Z,1,1,1,1
7ZCL0I2,1,1,1,1
7ZFH1LY,1,1,1,1
7ZFXAE8,1,1,1,1
7ZIBXV8,1,1,1,1
7ZJA023,1,1,1,1
7ZJR21W,1,1,1,1
7ZKA5CK,1,1,1,1
7ZQ1PCI,1,1,1,1
7ZRRT50,1,1,1,1
7ZSY7H6,1,1,1,1
7ZVKCA1,1,1,1,1
7ZW3Q0C,1,1,1,1
7ZWL1KQ,1,1,1,1
801FWLQ,1,1,1,1
802696U,1,1,1,1
8048ZPU,1,1,1,1
804ZRNY,1,1,1,1
805ITYC,1,1,1,1
805LNZI,1,1,1,1
807ZDF6,1,1,1,1
809Q89X,1,1,1,1
80BJTZR,1,1,1,1
80BWTHL,1,1,1,1
80DSYG4,1,1,1,1
80E07XN,1,1,1,1
80EALYS,1,1,1,1
80GMK96,1,1,1,1
80HGGFV,1,1,1,1
80HMI2C,1,1,1,1
80M68DE,1,1,1,1
80Q2ZKY,1,1,1,1
80SSEM8,1,1,1,1
80V4QBR,1,1,1,1
80VEMDI,1,1,1,1
80VFDLE,1,1,1,1
80VM9OK,1,1,1,1
80XMSDQ,1,1,1,1
80Y325V,1,1,1,1
80YRN4S,1,1,1,1
810HTV8,1,1,1,1
810MT4I,1,1,1,1
811LTUJ,1,1,1,1
815CJPQ,1,1,1,1
816BWPO,1,1,1,1
81B3QQ0,1,1,1,1
81B80EZ,1,1,1,1
81BV9OH,1,1,1,1
81E4VCF,1,1,1,1
81I8T1O,1,1,1,1
81IZZKI,1,1,1,1
81J975G,1,1,1,1
81JQTNH,1,1,1,1
81KZO2H,1,1,1,1
81O9OJW,1,1,1,1
81P3USD,1,1,1,1
81QK16S,1,1,1,1
81QN5VL,1,1,1,1
81SCV0A,1,1,1,1
81SQGEL,1,1,1,1
81T8RXN,1,1,1,1
81TZ1V0,1,1,1,1
81VS5JN,1,1,1,1
81WZD9B,1,1,1,1
81ZWUOU,1,1,1,1
8210BEO,1,1,1,1
822Z6CU,1,1,1,1
823M9K4,1,1,1,1
8250W27,1,1,1,1
825OFBX,1,1,1,1
8293KVE,1,1,1,1
82GFVSL,1,1,1,1
82GGKV5,1,1,1,1
82HEZS2,1,1,1,1
82ISRKM,1,1,1,1
82J8ICT,1,1,1,1
82LOQNS,1,1,1,1
82MLDE3,1,1,1,1
82MMQZ7,1,1,1,1
82P3378,1,1,1,1
82QAMYC,1,1,1,1
82QX83T,1,1,1,1
82UVFLE,1,1,1,1
82W3XOV,1,1,1,1
82W7KH1,1,1,1,1
82WVUCN,1,1,1,1
82ZH2DX,1,1,1,1
8327GUK,1,1,1,1
832UHEO,1,1,1,1
8347ZNF,1,1,1,1
835ZZYN,1,1,1,1
836EG54,1,1,1,1
837M3K6,1,1,1,1
839YIQM,1,1,1,1
83AV806,1,1,1,1
83FEOOV,1,1,1,1
83G2V0O,1,1,1,1
83G4IKJ,1,1,1,1
83I06OL,1,1,1,1
83JFS6J,1,1,1,1
83N99PR,1,1,1,1
83NFVIX,1,1,1,1
83NGB5O,1,1,1,1
83O5GKZ,1,1,1,1
83O94T8,1,1,1,1
83RHNBL,1,1,1,1
83SHVIN,1,1,1,1
83SSKZ3,1,1,1,1
83TNBZI,1,1,1,1
83UUZIA,1,1,1,1
83XW1AY,1,1,1,1
83YK0CM,1,1,1,1
843G2KQ,1,1,1,1
843WKUE,1,1,1,1
849671A,1,1,1,1
84D67EJ,1,1,1,1
84DQTMW,1,1,1,1
84DU1ZC,1,1,1,1
84EBPEY,1,1,1,1
84FBKLW,1,1,1,1
84GIGSG,1,1,1,1
84IMO0O,1,1,1,1
84Q6I21,1,1,1,1
84S5CRB,1,1,1,1
84T3PWV,1,1,1,1
84TQZRF,1,1,1,1
84VEAFP,1,1,1,1
84WT67L,1,1,1,1
84YV7P1,1,1,1,1
8521LFR,1,1,1,1
855STRA,1,1,1,1
857PF2Q,1,1,1,1
857SB3K,1,1,1,1
858ZGBE,1,1,1,1
8598X4J,1,1,1,1
859CH6P,1,1,1,1
85A8CT4,1,1,1,1
85AB3TQ,1,1,1,1
85BO2DJ,1,1,1,1
85CEH9F,1,1,1,1
85D5VWT,1,1,1,1
85E160Y,1,1,1,1
85EYPRX,1,1,1,1
85GOHEC,1,1,1,1
85GPGWH,1,1,1,1
85I4HCN,1,1,1,1
85KMOLO,1,1,1,1
85LE0A2,1,1,1,1
85MQP07,1,1,1,1
85R2YMC,1,1,1,1
85S0JTV,1,1,1,1
85TPOI2,1,1,1,1
85VKI57,1,1,1,1
85WKN8K,1,1,1,1
85XQPBV,1,1,1,1
85Z6D0R,1,1,1,1
861Q24H,1,1,1,1
862MG95,1,1,1,1
867Q6KG,1,1,1,1
868Z9O4,1,1,1,1
869UL86,1,1,1,1
86BLASZ,1,1,1,1
86BS4MG,1,1,1,1
86BXIUK,1,1,1,1
86HKIE6,1,1,1,1
86HW6EH,1,1,1,1
86KAIAS,1,1,1,1
86KUQR8,1,1,1,1
86LLSOS,1,1,1,1
86N0V5L,1,1,1,1
86NSN1U,1,1,1,1
86PAUQQ,1,1,1,1
86PIGOQ,1,1,1,1
86QRL66,1,1,1,1
86RPKV5,1,1,1,1
86SA5B1,1,1,1,1
86WL6GN,1,1,1,1
86Y549V,1,1,1,1
871UJLH,1,1,1,1
8737RHT,1,1,1,1
875ANY1,1,1,1,1
875SB4V,1,1,1,1
876CT75,1,1,1,1
87734DB,1,1,1,1
878K8ST,1,1,1,1
87AYZDV,1,1,1,1
87B2LGR,1,1,1,1
87B4Y3G,1,1,1,1
87EJJBI,1,1,1,1
87G6F2F,1,1,1,1
87HJA0M,1,1,1,1
87LDQWF,1,1,1,1
87N66F4,1,1,1,1
87V9RG5,1,1,1,1
87VA9H1,1,1,1,1
87VW2NG,1,1,1,1
87XNKEX,1,1,1,1
87Y24S4,1,1,1,1
87ZOY43,1,1,1,1
88312FL,1,1,1,1
884JOZM,1,1,1,1
8863GMP,1,1,1,1
8888CPL,1,1,1,1
889DT7N,1,1,1,1
889GVHY,1,1,1,1
88FNRH8,1,1,1,1
88IGKXP,1,1,1,1
88JZ86N,1,1,1,1
88LC3H3,1,1,1,1
88MMG8W,1,1,1,1
88PXEBU,1,1,1,1
88R57J7,1,1,1,1
88SAX33,1,1,1,1
88SUTKG,1,1,1,1
88TBONE,1,1,1,1
88UWFP3,1,1,1,1
88W7KAE,1,1,1,1
890F4KU,1,1,1,1
890XUEA,1,1,1,1
891IWJD,1,1,1,1
89248WA,1,1,1,1
893PONQ,1,1,1,1
89462L4,1,1,1,1
894NK8X,1,1,1,1
894TADW,1,1,1,1
895U7G7,1,1,1,1
897FOKD,1,1,1,1
89F9XVT,1,1,1,1
89FPHM4,1,1,1,1
89G8HEG,1,1,1,1
89HJ15Q,1,1,1,1
89IBAWV,1,1,1,1
89IS6FE,1,1,1,1
89JMUX1,1,1,1,1
89L63GR,1,1,1,1
89LD052,1,1,1,1
89M5FWP,1,1,1,1
89MBC3O,1,1,1,1
89Q8R1O,1,1,1,1
89QRM5X,1,1,1,1
89T3X8G,1,1,1,1
89X9OJ6,1,1,1,1
89XTOSU,1,1,1,1
89YO34H,1,1,1,1
8A0EKON,1,1,1,1
8A16XH0,1,1,1,1
8A1LSHE,1,1,1,1
8A2PPNV,1,1,1,1
8A33R84,1,1,1,1
8A3O4VC,1,1,1,1
8A4LD1K,1,1,1,1
8A8BTEG,1,1,1,1
8AAR3YJ,1,1,1,1
8AB8YP1,1,1,1,1
8ABPWRH,1,1,1,1
8AE6CYC,1,1,1,1
8AFCU90,1,1,1,1
8AG2JEB,1,1,1,1
8AHVGT4,1,1,1,1
8AJE7K2,1,1,1,1
8AJXYNE,1,1,1,1
8AKFKGO,1,1,1,1
8ANA4ML,1,1,1,1
8APKEVJ,1,1,1,1
8ATBFZY,1,1,1,1
8AUSVB0,1,1,1,1
8AV1FPD,1,1,1,1
8AWH8CU,1,1,1,1
8AWRZDL,1,1,1,1
8AY3KWK,1,1,1,1
8B01CI5,1,1,1,1
8B1JYDA,1,1,1,1
8B1YUVF,1,1,1,1
8B20S9C,1,1,1,1
8B24JFE,1,1,1,1
8B3AWA2,1,1,1,1
8B5STLA,1,1,1,1
8B6ETWV,1,1,1,1
8BBMZRH,1,1,1,1
8BECKNM,1,1,1,1
8BFH6NA,1,1,1,1
8BFUDN1,1,1,1,1
8BIGK0S,1,1,1,1
8BJSPOK,1,1,1,1
8BKE1LK,1,1,1,1
8BLA3IT,1,1,1,1
8BMTLDH,1,1,1,1
8BOIAPM,1,1,1,1
8BOUMDG,1,1,1,1
8BPMBHF,1,1,1,1
8BQ16A3,1,1,1,1
8BQEIU9,1,1,1,1
8BQXQEB,1,1,1,1
8BR1PJV,1,1,1,1
8BRZ5P8,1,1,1,1
8BRZO8T,1,1,1,1
8BS17K4,1,1,1,1
8BT6XEL,1,1,1,1
8BUUK0G,1,1,1,1
8BVFZAC,1,1,1,1
8BVOOTY,1,1,1,1
8BW2AXB,1,1,1,1
8BWHR9A,1,1,1,1
8BX1EJB,1,1,1,1
8BX4MP6,1,1,1,1
8BXH6LY,1,1,1,1
8BZ9IPU,1,1,1,1
8C0DB6B,1,1,1,1
8C1TXPC,1,1,1,1
8C2BPT3,1,1,1,1
8C2DGKN,1,1,1,1
8C5C3RJ,1,1,1,1
8C5QKU3,1,1,1,1
8C61WDM,1,1,1,1
8C6EGQ1,1,1,1,1
8C7BLMO,1,1,1,1
8C8NCQW,1,1,1,1
8C9FSL7,1,1,1,1
8C9KQHU,1,1,1,1
8C9R18Z,1,1,1,1
8C9ZL6N,1,1,1,1
8CAIFKW,1,1,1,1
8CEF5HT,1,1,1,1
8CF3KTV,1,1,1,1
8CLXZPE,1,1,1,1
8CMO4BH,1,1,1,1
8CNAFO1,1,1,1,1
8CPOJE9,1,1,1,1
8CQA0QU,1,1,1,1
8CQPREG,1,1,1,1
8CRAICS,1,1,1,1
8CS8BIQ,1,1,1,1
8CWFU49,1,1,1,1
8CWVGHR,1,1,1,1
8CWWLYS,1,1,1,1
8CWX2RU,1,1,1,1
8CX1I9Q,1,1,1,1
8CZ47FS,1,1,1,1
8D0K847,1,1,1,1
8D3VSV5,1,1,1,1
8D416TI,1,1,1,1
8D5KMTS,1,1,1,1
8D7R828,1,1,1,1
8D9CP71,1,1,1,1
8DCLZJJ,1,1,1,1
8DDAK3L,1,1,1,1
8DG51GX,1,1,1,1
8DGHLOX,1,1,1,1
8DGW6K4,1,1,1,1
8DIL9CJ,1,1,1,1
8DIXPNF,1,1,1,1
8DIYXRJ,1,1,1,1
8DL593A,1,1,1,1
8DLPOB6,1,1,1,1
8DLW259,1,1,1,1
8DPNUW3,1,1,1,1
8DQ02PO,1,1,1,1
8DR7ASG,1,1,1,1
8DRSF41,1,1,1,1
8DRW6LJ,1,1,1,1
8DU3VC5,1,1,1,1
8DZ8PY4,1,1,1,1
8E0CDLU,1,1,1,1
8E3ER7P,1,1,1,1
8E3KBXD,1,1,1,1
8E51X0H,1,1,1,1
8E5CEOB,1,1,1,1
8E7F3V6,1,1,1,1
8E9WCRZ,1,1,1,1
8EA2UTY,1,1,1,1
8ED2VPI,1,1,1,1
8EDPC7W,1,1,1,1
8EE051V,1,1,1,1
8EGG2C8,1,1,1,1
8EJ59ZI,1,1,1,1
8EKG07M,1,1,1,1
8EL6GW9,1,1,1,1
8EMMZ0Y,1,1,1,1
8EOJTQS,1,1,1,1
8EPZB5R,1,1,1,1
8EQXQ17,1,1,1,1
8ES3TZH,1,1,1,1
8ESZHAZ,1,1,1,1
8ETSVV3,1,1,1,1
8EVIDP1,1,1,1,1
8EWT4W1,1,1,1,1
8F58OUG,1,1,1,1
8F5DDYS,1,1,1,1
8F5ZE8Y,1,1,1,1
8F8XV7X,1,1,1,1
8FAO0V6,1,1,1,1
8FBXMTM,1,1,1,1
8FCW8TI,1,1,1,1
8FDYFYP,1,1,1,1
8FEEC6D,1,1,1,1
8FEOU0S,1,1,1,1
8FHDY16,1,1,1,1
8FJBTQT,1,1,1,1
8FLDKZD,1,1,1,1
8FLDVCZ,1,1,1,1
8FLNYRB,1,1,1,1
8FLP3BX,1,1,1,1
8FO3L3E,1,1,1,1
8FP3VV8,1,1,1,1
8FPC2GJ,1,1,1,1
8FQXF2J,1,1,1,1
8FSD0Y3,1,1,1,1
8FX56A4,1,1,1,1
8G0K3ZX,1,1,1,1
8G1UZEJ,1,1,1,1
8G40BRB,1,1,1,1
8G5CFV9,1,1,1,1
8G9U35B,1,1,1,1
8GAXU0J,1,1,1,1
8GBD6K0,1,1,1,1
8GBLIYB,1,1,1,1
8GBWWLC,1,1,1,1
8GHVQVC,1,1,1,1
8GHWF75,1,1,1,1
8GL9NEN,1,1,1,1
8GLG76U,1,1,1,1
8GM9AYM,1,1,1,1
8GNQMRK,1,1,1,1
8GOWTVW,1,1,1,1
8GOZSRH,1,1,1,1
8GPO0DB,1,1,1,1
8GQ9GMM,1,1,1,1
8GQJ6QJ,1,1,1,1
8GSC5Y9,1,1,1,1
8GTXGGR,1,1,1,1
8GU8Z1C,1,1,1,1
8GVB77K,1,1,1,1
8GW20ZV,1,1,1,1
8GWNCJ8,1,1,1,1
8GXTZIR,1,1,1,1
8H0OU8T,1,1,1,1
8H1HE7V,1,1,1,1
8H5B87I,1,1,1,1
8H90JUB,1,1,1,1
8HCU99S,1,1,1,1
8HD25A9,1,1,1,1
8HD9LY9,1,1,1,1
8HEPZ1S,1,1,1,1
8HFODXE,1,1,1,1
8HGRTO7,1,1,1,1
8HGWV48,1,1,1,1
8HH0ETE,1,1,1,1
8HIGK2N,1,1,1,1
8HIS7OB,1,1,1,1
8HLP1D4,1,1,1,1
8HM2L7F,1,1,1,1
8HPIO94,1,1,1,1
8HQG5QU,1,1,1,1
8HQSV32,1,1,1,1
8HRG3M5,1,1,1,1
8HSJ5RC,1,1,1,1
8HT4ZC3,1,1,1,1
8HUHHKV,1,1,1,1
8HVNH7N,1,1,1,1
8HX69PR,1,1,1,1
8HXVGIU,1,1,1,1
8HYPIN2,1,1,1,1
8HZYSIX,1,1,1,1
8I1IYKR,1,1,1,1
8I45VMW,1,1,1,1
8I64NES,1,1,1,1
8I7WEVZ,1,1,1,1
8IBVX8S,1,1,1,1
8IC7VPP,1,1,1,1
8ICZICT,1,1,1,1
8IE6IZH,1,1,1,1
8IEGBZY,1,1,1,1
8IEJBHP,1,1,1,1
8IM0S8S,1,1,1,1
8IM6SJC,1,1,1,1
8IMV6KB,1,1,1,1
8INAMI5,1,1,1,1
8IOI2A0,1,1,1,1
8IRH5CI,1,1,1,1
8IRQVCQ,1,1,1,1
8ITHVLX,1,1,1,1
8ITMLX9,1,1,1,1
8ITOSYW,1,1,1,1
8IUKL72,1,1,1,1
8IUTP4P,1,1,1,1
8IVHJZG,1,1,1,1
8IW4FT2,1,1,1,1
8IZ965H,1,1,1,1
8IZZBD9,1,1,1,1
8J0WUG0,1,1,1,1
8J15ZXE,1,1,1,1
8J1Z1ZQ,1,1,1,1
8J2CBXO,1,1,1,1
8J2V333,1,1,1,1
8J4LPIJ,1,1,1,1
8J4WWZC,1,1,1,1
8J6GSOF,1,1,1,1
8J6ZRIM,1,1,1,1
8J7L4UD,1,1,1,1
8J85U2Z,1,1,1,1
8JDY314,1,1,1,1
8JJT7M1,1,1,1,1
8JKS3SJ,1,1,1,1
8JM0WKG,1,1,1,1
8JMR2BI,1,1,1,1
8JNXZQT,1,1,1,1
8JRBN5V,1,1,1,1
8JUSTJE,1,1,1,1
8JV6CHX,1,1,1,1
8JWIFCJ,1,1,1,1
8JXII3I,1,1,1,1
8JZ02V1,1,1,1,1
8K733KZ,1,1,1,1
8K8GSCK,1,1,1,1
8K9GNHR,1,1,1,1
8K9P635,1,1,1,1
8KATSPS,1,1,1,1
8KBNHLQ,1,1,1,1
8KC9JSW,1,1,1,1
8KFWPKM,1,1,1,1
8KJ014H,1,1,1,1
8KJ1AAR,1,1,1,1
8KKHA3Z,1,1,1,1
8KQFGN2,1,1,1,1
8KSBI5X,1,1,1,1
8KT8146,1,1,1,1
8KW1ZL7,1,1,1,1
8KY3ZQA,1,1,1,1
8L0M7KH,1,1,1,1
8L2Y9D4,1,1,1,1
8L3JLEZ,1,1,1,1
8L3QJVO,1,1,1,1
8L91SKI,1,1,1,1
8L96AH4,1,1,1,1
8L9Y1UW,1,1,1,1
8LBJGYX,1,1,1,1
8LCOLZB,1,1,1,1
8LF97VP,1,1,1,1
8LJ8M20,1,1,1,1
8LKN9W5,1,1,1,1
8LN9JZT,1,1,1,1
8LRN291,1,1,1,1
8LROJDM,1,1,1,1
8LVLDMF,1,1,1,1
8LW0OJL,1,1,1,1
8LYN66H,1,1,1,1
8LZ2O31,1,1,1,1
8LZUNEW,1,1,1,1
8M097WZ,1,1,1,1
8M0CY7Y,1,1,1,1
8M14RRY,1,1,1,1
8M36WSO,1,1,1,1
8M3MQGJ,1,1,1,1
8M3WHZD,1,1,1,1
8M4SEVB,1,1,1,1
8M5RQ3F,1,1,1,1
8M5YF81,1,1,1,1
8M6OKMM,1,1,1,1
8M7DKCK,1,1,1,1
8M7I197,1,1,1,1
8M7MD4A,1,1,1,1
8MAIZDI,1,1,1,1
8MAQQU5,1,1,1,1
8MC4153,1,1,1,1
8MCWM17,1,1,1,1
8MDA079,1,1,1,1
8MDEWTG,1,1,1,1
8MG4UIN,1,1,1,1
8MGOG4X,1,1,1,1
8MGQBSC,1,1,1,1
8MGYF5K,1,1,1,1
8MK5SLJ,1,1,1,1
8MKZVOB,1,1,1,1
8MP1R6Q,1,1,1,1
8MQFXVH,1,1,1,1
8MR7C2Z,1,1,1,1
8MRG2V7,1,1,1,1
8MS4R0J,1,1,1,1
8MSLIH8,1,1,1,1
8MTKEFS,1,1,1,1
8MUJ8TB,1,1,1,1
8MW7YVN,1,1,1,1
8MXRJDS,1,1,1,1
8N14VGG,1,1,1,1
8N2LNQ1,1,1,1,1
8N3TH2I,1,1,1,1
8N5J54P,1,1,1,1
8N6DIVG,1,1,1,1
8NA61TM,1,1,1,1
8NBP5GV,1,1,1,1
8NDTLXA,1,1,1,1
8NE1HRS,1,1,1,1
8NEQZTI,1,1,1,1
8NG8SSR,1,1,1,1
8NGFQF4,1,1,1,1
8NGNB6G,1,1,1,1
8NHKB50,1,1,1,1
8NI7XUC,1,1,1,1
8NKHAUD,1,1,1,1
8NMF76J,1,1,1,1
8NN6VGA,1,1,1,1
8NR20ZN,1,1,1,1
8NRGY1L,1,1,1,1
8NTNT1T,1,1,1,1
8NW2XT0,1,1,1,1
8NWUC1G,1,1,1,1
8NZM5S3,1,1,1,1
8O4X4QX,1,1,1,1
8O4XWEG,1,1,1,1
8O6BZEX,1,1,1,1
8O6PGQL,1,1,1,1
8O6PZOY,1,1,1,1
8O8X6IX,1,1,1,1
8OASNL3,1,1,1,1
8OC3B9O,1,1,1,1
8OCJGDL,1,1,1,1
8OFQR34,1,1,1,1
8OI5QF4,1,1,1,1
8OIAIUP,1,1,1,1
8OJ1AV9,1,1,1,1
8OK8VS4,1,1,1,1
8OLVZFT,1,1,1,1
8ONYIM2,1,1,1,1
8OOMGBW,1,1,1,1
8OP30LV,1,1,1,1
8ORP5EQ,1,1,1,1
8OSO39O,1,1,1,1
8OT3UVX,1,1,1,1
8OXCTO3,1,1,1,1
8OYJWMW,1,1,1,1
8OZ8JZP,1,1,1,1
8P0C5RQ,1,1,1,1
8P6OMQX,1,1,1,1
8P8GBFN,1,1,1,1
8P8MBCT,1,1,1,1
8PAHS5V,1,1,1,1
8PBKCR5,1,1,1,1
8PE4PPP,1,1,1,1
8PFK0OT,1,1,1,1
8PHMXE1,1,1,1,1
8PIEB0V,1,1,1,1
8PJ5LAA,1,1,1,1
8PJD7D0,1,1,1,1
8PLJL60,1,1,1,1
8PNGG2D,1,1,1,1
8PNS4YE,1,1,1,1
8PQJLNE,1,1,1,1
8PR6O8X,1,1,1,1
8PSSXRA,1,1,1,1
8PTM5AO,1,1,1,1
8PTNV8H,1,1,1,1
8PUYN9F,1,1,1,1
8PVDO7Z,1,1,1,1
8Q0732V,1,1,1,1
8Q0SLCM,1,1,1,1
8Q0TRD5,1,1,1,1
8Q0YEZI,1,1,1,1
8Q1EVJS,1,1,1,1
8Q1I2ME,1,1,1,1
8Q1OMVE,1,1,1,1
8Q1VPE6,1,1,1,1
8Q2OPCJ,1,1,1,1
8Q6344C,1,1,1,1
8Q7N1A9,1,1,1,1
8Q8YEM7,1,1,1,1
8QBKQZ1,1,1,1,1
8QBSDGE,1,1,1,1
8QCJ826,1,1,1,1
8QDF02T,1,1,1,1
8QDL77K,1,1,1,1
8QEG0YI,1,1,1,1
8QFUA8H,1,1,1,1
8QKJO25,1,1,1,1
8QLIGIT,1,1,1,1
8QOWRB3,1,1,1,1
8QPAUT3,1,1,1,1
8QQTDQ0,1,1,1,1
8QRFGFL,1,1,1,1
8QX79ZR,1,1,1,1
8QYW5P7,1,1,1,1
8QZPLYX,1,1,1,1
8QZVUET,1,1,1,1
8R00NWM,1,1,1,1
8R1Z2ZG,1,1,1,1
8R2OYJW,1,1,1,1
8R5K9Z8,1,1,1,1
8R6T9EK,1,1,1,1
8R8HDB3,1,1,1,1
8RAWLUN,1,1,1,1
8REXORS,1,1,1,1
8RH065G,1,1,1,1
8RH1MWU,1,1,1,1
8RHRGLE,1,1,1,1
8RIBORJ,1,1,1,1
8RILC1F,1,1,1,1
8RMDHAB,1,1,1,1
8RMJHV1,1,1,1,1
8RNFBLX,1,1,1,1
8RNGR4Y,1,1,1,1
8RNIB9T,1,1,1,1
8ROINID,1,1,1,1
8RTTK6A,1,1,1,1
8RTWMLC,1,1,1,1
8RUSDC2,1,1,1,1
8S1T3EH,1,1,1,1
8S4FR90,1,1,1,1
8S8VIW2,1,1,1,1
8SCYY8E,1,1,1,1
8SDJJ9R,1,1,1,1
8SGN3X5,1,1,1,1
8SIJNAE,1,1,1,1
8SJ6B7Z,1,1,1,1
8SKGZI4,1,1,1,1
8SKOH4L,1,1,1,1
8SL5WGF,1,1,1,1
8SL74A9,1,1,1,1
8SP3MOJ,1,1,1,1
8SRPDFT,1,1,1,1
8STNN5X,1,1,1,1
8SX9QYF,1,1,1,1
8T1K53K,1,1,1,1
8T4BUR9,1,1,1,1
8T65KQH,1,1,1,1
8T8KAUV,1,1,1,1
8T9YKMB,1,1,1,1
8TBYWXQ,1,1,1,1
8TCS1TG,1,1,1,1
8TDQ6IP,1,1,1,1
8TDZK8D,1,1,1,1
8TFVCDI,1,1,1,1
8TIF4QZ,1,1,1,1
8TIOG3A,1,1,1,1
8TMH6NF,1,1,1,1
8TML9PB,1,1,1,1
8TN8E21,1,1,1,1
8TO77W5,1,1,1,1
8TQMMGF,1,1,1,1
8TTZCL6,1,1,1,1
8TU1TMT,1,1,1,1
8TVAS5T,1,1,1,1
8TVYTNG,1,1,1,1
8TWTE59,1,1,1,1
8TX983R,1,1,1,1
8U16PD3,1,1,1,1
8U540PH,1,1,1,1
8U6LJQY,1,1,1,1
8U6V9XI,1,1,1,1
8U7HBHZ,1,1,1,1
8UBOCQN,1,1,1,1
8UCYJB5,1,1,1,1
8UEHGGI,1,1,1,1
8UKLXZR,1,1,1,1
8ULL4K1,1,1,1,1
8ULQ5SK,1,1,1,1
8ULXKNM,1,1,1,1
8UM1Q1I,1,1,1,1
8UNQAKG,1,1,1,1
8UOBIIR,1,1,1,1
8UQ6FRF,1,1,1,1
8USYXAE,1,1,1,1
8UUBO9A,1,1,1,1
8UUDCHU,1,1,1,1
8UWS5RY,1,1,1,1
8UXGQWJ,1,1,1,1
8UY1NBF,1,1,1,1
8UYK0IC,1,1,1,1
8UZU0J4,1,1,1,1
8V1XR32,1,1,1,1
8V31MRE,1,1,1,1
8V9EE31,1,1,1,1
8VCAW73,1,1,1,1
8VD4GJQ,1,1,1,1
8VD5GYH,1,1,1,1
8VDWTVP,1,1,1,1
8VETE1C,1,1,1,1
8VHM9N2,1,1,1,1
8VHOSV3,1,1,1,1
8VIJWOH,1,1,1,1
8VJ25J8,1,1,1,1
8VNXYIQ,1,1,1,1
8VTFUTP,1,1,1,1
8VVSSDZ,1,1,1,1
8VW3ZPW,1,1,1,1
8VZA2WR,1,1,1,1
8W015HB,1,1,1,1
8W0E1XS,1,1,1,1
8W0SA5F,1,1,1,1
8W0T5YR,1,1,1,1
8W32R47,1,1,1,1
8W3BZAL,1,1,1,1
8W5WMRZ,1,1,1,1
8W6AEKO,1,1,1,1
8W6RQ8C,1,1,1,1
8W8OISB,1,1,1,1
8W8OSWV,1,1,1,1
8WBD4CG,1,1,1,1
8WCM85N,1,1,1,1
8WDB0X5,1,1,1,1
8WE4TX6,1,1,1,1
8WE83TL,1,1,1,1
8WGHZGC,1,1,1,1
8WIXW2U,1,1,1,1
8WKDJ7G,1,1,1,1
8WMQPR5,1,1,1,1
8WMRH4E,1,1,1,1
8WOIS81,1,1,1,1
8WPT3DF,1,1,1,1
8WPXWLS,1,1,1,1
8WSYBYX,1,1,1,1
8WSZXKM,1,1,1,1
8WY83GA,1,1,1,1
8WYJ9XU,1,1,1,1
8X13SFN,1,1,1,1
8X5BG16,1,1,1,1
8X6KJQ6,1,1,1,1
8X7X0NO,1,1,1,1
8X92TGH,1,1,1,1
8X9IDG8,1,1,1,1
8XARZ0I,1,1,1,1
8XASTJP,1,1,1,1
8XBYUHX,1,1,1,1
8XDJGSS,1,1,1,1
8XDO1HM,1,1,1,1
8XE2GMZ,1,1,1,1
8XGIOVU,1,1,1,1
8XH61B6,1,1,1,1
8XIETA5,1,1,1,1
8XKWYNG,1,1,1,1
8XL2CZU,1,1,1,1
8XLBR75,1,1,1,1
8XMA9TT,1,1,1,1
8XMGA27,1,1,1,1
8XN6SVE,1,1,1,1
8XNFJRE,1,1,1,1
8XO7WP4,1,1,1,1
8XQLMKC,1,1,1,1
8XR7IBZ,1,1,1,1
8XRN7O2,1,1,1,1
8XRYVPV,1,1,1,1
8XXUO9G,1,1,1,1
8Y0FNDY,1,1,1,1
8Y1HP92,1,1,1,1
8Y2SUO6,1,1,1,1
8Y3DA0H,1,1,1,1
8Y4RNOG,1,1,1,1
8Y7L1VP,1,1,1,1
8Y7NJVJ,1,1,1,1
8Y7SI1A,1,1,1,1
8Y7VVAC,1,1,1,1
8Y8J9A2,1,1,1,1
8Y9EPF8,1,1,1,1
8YAMVI1,1,1,1,1
8YBLY9G,1,1,1,1
8YCNT6L,1,1,1,1
8YFV1NT,1,1,1,1
8YIAXJD,1,1,1,1
8YJBOZC,1,1,1,1
8YOBS9B,1,1,1,1
8YTZP4D,1,1,1,1
8YUOGTQ,1,1,1,1
8YWXZRI,1,1,1,1
8Z1WTBR,1,1,1,1
8Z2GHCI,1,1,1,1
8Z2VFRP,1,1,1,1
8Z4GDMU,1,1,1,1
8Z5ILV9,1,1,1,1
8Z5LMLI,1,1,1,1
8Z72XPR,1,1,1,1
8Z9HL1L,1,1,1,1
8ZBMMCQ,1,1,1,1
8ZBU44O,1,1,1,1
8ZCD0B3,1,1,1,1
8ZDEXUU,1,1,1,1
8ZJPTRX,1,1,1,1
8ZJUCRD,1,1,1,1
8ZL2M86,1,1,1,1
8ZLQQ73,1,1,1,1
8ZR0KV5,1,1,1,1
8ZW9FR3,1,1,1,1
8ZWFUZB,1,1,1,1
8ZX47T2,1,1,1,1
8ZXGP4Y,1,1,1,1
8ZXIGCA,1,1,1,1
901MMNJ,1,1,1,1
901U67I,1,1,1,1
902A99M,1,1,1,1
902FGD8,1,1,1,1
9087D4S,1,1,1,1
908F6HR,1,1,1,1
90BSIED,1,1,1,1
90BYPTD,1,1,1,1
90FILSR,1,1,1,1
90FLPX9,1,1,1,1
90GK014,1,1,1,1
90JNXFE,1,1,1,1
90JXMPI,1,1,1,1
90K68P3,1,1,1,1
90NH9YA,1,1,1,1
90OZANH,1,1,1,1
90R1LO3,1,1,1,1
90UHE2H,1,1,1,1
90W0SAA,1,1,1,1
90WY5A7,1,1,1,1
9100IXK,1,1,1,1
911OKJA,1,1,1,1
912DRZE,1,1,1,1
9143SLP,1,1,1,1
9150M52,1,1,1,1
915KP1D,1,1,1,1
917YWNO,1,1,1,1
91E0NC9,1,1,1,1
91E1UGH,1,1,1,1
91GSULF,1,1,1,1
91GZ5S2,1,1,1,1
91H16C0,1,1,1,1
91HEQG5,1,1,1,1
91I4IHH,1,1,1,1
91IC5Z4,1,1,1,1
91JC1RL,1,1,1,1
91KX49U,1,1,1,1
91LLR4M,1,1,1,1
91MAO5Z,1,1,1,1
91O4WPY,1,1,1,1
91PDBAT,1,1,1,1
91QLGCK,1,1,1,1
91QMIHK,1,1,1,1
91U5M95,1,1,1,1
91UBQAP,1,1,1,1
91V44T7,1,1,1,1
91V6SGQ,1,1,1,1
91WKBLH,1,1,1,1
91Y2M4N,1,1,1,1
91YESR1,1,1,1,1
91YIMWF,1,1,1,1
91YIXH7,1,1,1,1
92365MN,1,1,1,1
923VNWP,1,1,1,1
9292LPJ,1,1,1,1
929LI1F,1,1,1,1
92AZVZX,1,1,1,1
92CQ9HR,1,1,1,1
92EUMBM,1,1,1,1
92GZV59,1,1,1,1
92JT61O,1,1,1,1
92LHRXS,1,1,1,1
92LVJ45,1,1,1,1
92MFK6T,1,1,1,1
92MRINP,1,1,1,1
92OZYI4,1,1,1,1
92QRATY,1,1,1,1
92S8DPQ,1,1,1,1
92SV7EZ,1,1,1,1
92SXC4J,1,1,1,1
92WDBA0,1,1,1,1
92XV16O,1,1,1,1
92Y16XR,1,1,1,1
92Y8OI7,1,1,1,1
92ZVCH3,1,1,1,1
9317SUP,1,1,1,1
9317ZM7,1,1,1,1
931NGU9,1,1,1,1
931U487,1,1,1,1
933LQKQ,1,1,1,1
933ZY7Y,1,1,1,1
9341X0P,1,1,1,1
934ESWQ,1,1,1,1
934K1KG,1,1,1,1
934MAM3,1,1,1,1
936WAMD,1,1,1,1
937ONO6,1,1,1,1
937XCWJ,1,1,1,1
938LBQM,1,1,1,1
938LZS2,1,1,1,1
93C9RMK,1,1,1,1
93FA8EI,1,1,1,1
93FIW6B,1,1,1,1
93FJYJB,1,1,1,1
93H3T16,1,1,1,1
93K1J5L,1,1,1,1
93MVJ5S,1,1,1,1
93NS4PR,1,1,1,1
93O18E9,1,1,1,1
93RLFDM,1,1,1,1
93RW15L,1,1,1,1
93S51CH,1,1,1,1
93SU8BA,1,1,1,1
93TDT6P,1,1,1,1
93TJ4YX,1,1,1,1
93U9T14,1,1,1,1
93WTWJK,1,1,1,1
93XEE8S,1,1,1,1
93ZCAUI,1,1,1,1
940YIWY,1,1,1,1
9469HZC,1,1,1,1
9477ABL,1,1,1,1
949T52Z,1,1,1,1
94FMOK3,1,1,1,1
94HZC7E,1,1,1,1
94JMWJ8,1,1,1,1
94KHNT2,1,1,1,1
94ML3V3,1,1,1,1
94NZMB7,1,1,1,1
94PJIJG,1,1,1,1
94RSC0M,1,1,1,1
94UDK8K,1,1,1,1
94UZWVR,1,1,1,1
94WW7N3,1,1,1,1
94X0NZJ,1,1,1,1
94X155N,1,1,1,1
94XLKSV,1,1,1,1
94YMXEE,1,1,1,1
950K67G,1,1,1,1
953UUOJ,1,1,1,1
958TQ5A,1,1,1,1
95CO7RC,1,1,1,1
95CYQCJ,1,1,1,1
95DZCJ7,1,1,1,1
95E9RP7,1,1,1,1
95EAPZA,1,1,1,1
95EO8UG,1,1,1,1
95HFW7S,1,1,1,1
95NCN1W,1,1,1,1
95PV1OL,1,1,1,1
95T40NH,1,1,1,1
95TBU5R,1,1,1,1
960Z48U,1,1,1,1
962AFOG,1,1,1,1
9630KWS,1,1,1,1
963G9T3,1,1,1,1
964CS65,1,1,1,1
968370A,1,1,1,1
96C7ZTM,1,1,1,1
96DZ99O,1,1,1,1
96FG417,1,1,1,1
96GHTZN,1,1,1,1
96HCAI9,1,1,1,1
96HOD2B,1,1,1,1
96I9O5J,1,1,1,1
96JMHOK,1,1,1,1
96JVFTP,1,1,1,1
96KMJC9,1,1,1,1
96LO7GB,1,1,1,1
96NBSRD,1,1,1,1
96NC6V6,1,1,1,1
96OBOQD,1,1,1,1
96OZ8NE,1,1,1,1
96PIU9C,1,1,1,1
96QMJXA,1,1,1,1
96SJOF5,1,1,1,1
96TK4HQ,1,1,1,1
96U5DWY,1,1,1,1
96ULXGN,1,1,1,1
96V4OUP,1,1,1,1
96W1GK7,1,1,1,1
96WUM3Y,1,1,1,1
96Y6ZGL,1,1,1,1
96YI5V9,1,1,1,1
971LNS0,1,1,1,1
9772PU2,1,1,1,1
978C9X4,1,1,1,1
978WCHA,1,1,1,1
97AJKOB,1,1,1,1
97AQS7V,1,1,1,1
97C24W5,1,1,1,1
97DCGQ5,1,1,1,1
97DY0XB,1,1,1,1
97F0BJZ,1,1,1,1
97F4CEP,1,1,1,1
97FCSB6,1,1,1,1
97KEV4Z,1,1,1,1
97KSBVN,1,1,1,1
97OTZQP,1,1,1,1
97PCDY5,1,1,1,1
97QMN8D,1,1,1,1
97TC3RN,1,1,1,1
97XL8DP,1,1,1,1
97YODM4,1,1,1,1
97YVVCH,1,1,1,1
97Z9PC8,1,1,1,1
98355WO,1,1,1,1
983BLBL,1,1,1,1
983EORI,1,1,1,1
985PSDX,1,1,1,1
989FDUC,1,1,1,1
98BAHU9,1,1,1,1
98DU24K,1,1,1,1
98FLEXA,1,1,1,1
98G4VPO,1,1,1,1
98GJQZI,1,1,1,1
98GYYHM,1,1,1,1
98HCIH3,1,1,1,1
98LAJM4,1,1,1,1
98MEF4F,1,1,1,1
98MFTSW,1,1,1,1
98OE483,1,1,1,1
98PSBQ8,1,1,1,1
98QL0AZ,1,1,1,1
98RQGIE,1,1,1,1
98RSHA5,1,1,1,1
98U8H8S,1,1,1,1
98XWAV0,1,1,1,1
990010X,1,1,1,1
99BZOS5,1,1,1,1
99D04TM,1,1,1,1
99D8IL6,1,1,1,1
99IIPTT,1,1,1,1
99K6M1M,1,1,1,1
99KYBTQ,1,1,1,1
99M7H73,1,1,1,1
99MULBS,1,1,1,1
99NRR2H,1,1,1,1
99TH9JQ,1,1,1,1
99X5SES,1,1,1,1
99ZGGHO,1,1,1,1
9A1XLH9,1,1,1,1
9A2MOLY,1,1,1,1
9A3QC02,1,1,1,1
9A3TV1L,1,1,1,1
9A4N746,1,1,1,1
9AA7L2B,1,1,1,1
9ABDZEN,1,1,1,1
9AD0XL7,1,1,1,1
9ADPTUY,1,1,1,1
9AGDKEX,1,1,1,1
9AIN6PM,1,1,1,1
9AJNBHV,1,1,1,1
9AN7WXY,1,1,1,1
9ANJA4Z,1,1,1,1
9ANMK7U,1,1,1,1
9AQIVME,1,1,1,1
9ATLZQA,1,1,1,1
9ATYCGW,1,1,1,1
9AUY1M5,1,1,1,1
9AVTKER,1,1,1,1
9AVVEZ0,1,1,1,1
9AY7VNM,1,1,1,1
9AY9JQ6,1,1,1,1
9AZ7AN1,1,1,1,1
9B1J8JT,1,1,1,1
9B1Z7LI,1,1,1,1
9B2ME95,1,1,1,1
9B4DV7P,1,1,1,1
9B4OQ3I,1,1,1,1
9B5HIAR,1,1,1,1
9B6UMKF,1,1,1,1
9B7A7IC,1,1,1,1
9B7OBNP,1,1,1,1
9B8XYLG,1,1,1,1
9BAYI0L,1,1,1,1
9BBFFFK,1,1,1,1
9BC1326,1,1,1,1
9BD5A8M,1,1,1,1
9BE8BK8,1,1,1,1
9BEE87Q,1,1,1,1
9BF8US1,1,1,1,1
9BH06JR,1,1,1,1
9BIB1O0,1,1,1,1
9BJ46F1,1,1,1,1
9BLSI5D,1,1,1,1
9BP60GC,1,1,1,1
9BR564X,1,1,1,1
9BR58KG,1,1,1,1
9BRBECB,1,1,1,1
9BVXP9X,1,1,1,1
9BX9L6F,1,1,1,1
9BXSEBE,1,1,1,1
9C2E1OD,1,1,1,1
9C2JJU7,1,1,1,1
9C40FGS,1,1,1,1
9C7T3V8,1,1,1,1
9C7VPVX,1,1,1,1
9C9OV8U,1,1,1,1
9C9QI6E,1,1,1,1
9CB6Q4D,1,1,1,1
9CBP16Z,1,1,1,1
9CC2UOF,1,1,1,1
9CDKQAK,1,1,1,1
9CF0ZGL,1,1,1,1
9CG446D,1,1,1,1
9CHF0GI,1,1,1,1
9CI1JUM,1,1,1,1
9CIO4IF,1,1,1,1
9CLXFBC,1,1,1,1
9CMGTMT,1,1,1,1
9CMRGSX,1,1,1,1
9CNSYNO,1,1,1,1
9CPYBRU,1,1,1,1
9CQ18ZZ,1,1,1,1
9CQYHZ5,1,1,1,1
9CR0SU5,1,1,1,1
9CRNZ6V,1,1,1,1
9CT0WRG,1,1,1,1
9CVP1TR,1,1,1,1
9CW0DNB,1,1,1,1
9CWLHTU,1,1,1,1
9CWRMFF,1,1,1,1
9CY6LPZ,1,1,1,1
9CZ63T0,1,1,1,1
9CZXLFE,1,1,1,1
9D07DKL,1,1,1,1
9D2PEIF,1,1,1,1
9D4ZBU6,1,1,1,1
9D5TP8H,1,1,1,1
9D9TTFB,1,1,1,1
9DAJHH5,1,1,1,1
9DBDVUL,1,1,1,1
9DC2JYS,1,1,1,1
9DCDX4Y,1,1,1,1
9DCVKHB,1,1,1,1
9DER3JY,1,1,1,1
9DIJZCG,1,1,1,1
9DJB3XV,1,1,1,1
9DJKFDU,1,1,1,1
9DKMY51,1,1,1,1
9DMKOEW,1,1,1,1
9DMW6VO,1,1,1,1
9DN7DLS,1,1,1,1
9DPDVEB,1,1,1,1
9DQC9XD,1,1,1,1
9DQEKDZ,1,1,1,1
9DSIFXK,1,1,1,1
9DT7GZN,1,1,1,1
9DU6HFS,1,1,1,1
9DV476G,1,1,1,1
9DW7161,1,1,1,1
9E1ZPGZ,1,1,1,1
9E81MQO,1,1,1,1
9E8OJMP,1,1,1,1
9E8WMX3,1,1,1,1
9E9L2VU,1,1,1,1
9E9MCQA,1,1,1,1
9E9YUPC,1,1,1,1
9EBKV2J,1,1,1,1
9ECA2Z3,1,1,1,1
9EHQ3CL,1,1,1,1
9EI6M9P,1,1,1,1
9EI8H3R,1,1,1,1
9ENDTHK,1,1,1,1
9ENIS3A,1,1,1,1
9ES3LTO,1,1,1,1
9ESII0K,1,1,1,1
9ESL5LL,1,1,1,1
9EU2T3Z,1,1,1,1
9EXMJEW,1,1,1,1
9F1CYXA,1,1,1,1
9F32WRQ,1,1,1,1
9F39UBT,1,1,1,1
9F4LCCF,1,1,1,1
9F684H5,1,1,1,1
9F7EJ4S,1,1,1,1
9F98WIG,1,1,1,1
9FC4GNG,1,1,1,1
9FCFEJK,1,1,1,1
9FJFIF8,1,1,1,1
9FLBTRH,1,1,1,1
9FLJQRW,1,1,1,1
9FNC09Q,1,1,1,1
9FPFSTK,1,1,1,1
9FQO9LC,1,1,1,1
9FUIXPM,1,1,1,1
9FWD79T,1,1,1,1
9FXFLRG,1,1,1,1
9FYCZBQ,1,1,1,1
9G14354,1,1,1,1
9G3CLD6,1,1,1,1
9G3SI8S,1,1,1,1
9G446KV,1,1,1,1
9G4AV4T,1,1,1,1
9G8AEDR,1,1,1,1
9G8OVH9,1,1,1,1
9G9606K,1,1,1,1
9GCU4AA,1,1,1,1
9GEQTW9,1,1,1,1
9GGMVT1,1,1,1,1
9GHM13Z,1,1,1,1
9GHV3PR,1,1,1,1
9GRPBGA,1,1,1,1
9GU3T5Q,1,1,1,1
9GW1L79,1,1,1,1
9GWOV3X,1,1,1,1
9GXQAX1,1,1,1,1
9GY9A1L,1,1,1,1
9GYJPM1,1,1,1,1
9GYOQQV,1,1,1,1
9GYYHOJ,1,1,1,1
9H0DUIA,1,1,1,1
9H1MSC7,1,1,1,1
9H3OAYH,1,1,1,1
9H3P2H2,1,1,1,1
9H3ZLYI,1,1,1,1
9H44CM3,1,1,1,1
9H5LUYH,1,1,1,1
9H6YRB0,1,1,1,1
9H8JN7P,1,1,1,1
9H97OU1,1,1,1,1
9HA7UIA,1,1,1,1
9HAFSTV,1,1,1,1
9HBPEDL,1,1,1,1
9HFK5DJ,1,1,1,1
9HKCY2Q,1,1,1,1
9HNMSG3,1,1,1,1
9HNV3A0,1,1,1,1
9HQ2RGE,1,1,1,1
9HQ4XRP,1,1,1,1
9HQL1CF,1,1,1,1
9HR257A,1,1,1,1
9HR3VUY,1,1,1,1
9HTDYVD,1,1,1,1
9HTSNU3,1,1,1,1
9HUIWUR,1,1,1,1
9HUQZ4Y,1,1,1,1
9HVHSKL,1,1,1,1
9HVYAA0,1,1,1,1
9I07K7M,1,1,1,1
9I3H4PM,1,1,1,1
9I5YXOZ,1,1,1,1
9I7FM8V,1,1,1,1
9I82G13,1,1,1,1
9I8B410,1,1,1,1
9IA2RL1,1,1,1,1
9IACNCP,1,1,1,1
9IB9UFS,1,1,1,1
9IBFRHV,1,1,1,1
9IBH7CS,1,1,1,1
9IEP3HI,1,1,1,1
9IG677P,1,1,1,1
9IHBRNQ,1,1,1,1
9IJD0AC,1,1,1,1
9IJJRML,1,1,1,1
9IJTMV2,1,1,1,1
9IKTPIO,1,1,1,1
9IP6GAC,1,1,1,1
9IP72HK,1,1,1,1
9IPULME,1,1,1,1
9IPY6AJ,1,1,1,1
9IQRXDV,1,1,1,1
9IU1NW8,1,1,1,1
9IYMYP9,1,1,1,1
9IZ40QX,1,1,1,1
9IZ8SBG,1,1,1,1
9J1OMXV,1,1,1,1
9J3XEQ5,1,1,1,1
9J4DJIW,1,1,1,1
9J4H506,1,1,1,1
9J6TXPL,1,1,1,1
9JAKSZN,1,1,1,1
9JB2KXS,1,1,1,1
9JB5MZ0,1,1,1,1
9JDB2Z5,1,1,1,1
9JDBDXA,1,1,1,1
9JDDMJ6,1,1,1,1
9JDVK7B,1,1,1,1
9JE6KR5,1,1,1,1
9JF7UIG,1,1,1,1
9JFCRRC,1,1,1,1
9JGSOZ6,1,1,1,1
9JLEIZW,1,1,1,1
9JOBNG1,1,1,1,1
9JPEK8P,1,1,1,1
9JQDRVE,1,1,1,1
9JREKLH,1,1,1,1
9JTKUSR,1,1,1,1
9JWIVJG,1,1,1,1
9JWK3MR,1,1,1,1
9JY3XOK,1,1,1,1
9JZHT66,1,1,1,1
9JZO730,1,1,1,1
9K1HZR8,1,1,1,1
9K1LZN6,1,1,1,1
9K3183F,1,1,1,1
9K4YBQX,1,1,1,1
9K6A0IA,1,1,1,1
9KAPUU5,1,1,1,1
9KAYKFV,1,1,1,1
9KB50MP,1,1,1,1
9KDRIG5,1,1,1,1
9KDXEAG,1,1,1,1
9KEYUYB,1,1,1,1
9KGAEUG,1,1,1,1
9KGCWZ6,1,1,1,1
9KGJUMQ,1,1,1,1
9KGL7DU,1,1,1,1
9KGPQLY,1,1,1,1
9KH1W2F,1,1,1,1
9KI1R4H,1,1,1,1
9KICGEL,1,1,1,1
9KJ83KE,1,1,1,1
9KM21DS,1,1,1,1
9KML528,1,1,1,1
9KULEFE,1,1,1,1
9KXZAYD,1,1,1,1
9KY5QOG,1,1,1,1
9KY71KS,1,1,1,1
9KZ1SGR,1,1,1,1
9KZ354F,1,1,1,1
9KZBQQS,1,1,1,1
9L0FK6Y,1,1,1,1
9L2BP1P,1,1,1,1
9L45Z5Z,1,1,1,1
9L4H96N,1,1,1,1
9L4XNGA,1,1,1,1
9L5B0EZ,1,1,1,1
9L5E1O1,1,1,1,1
9L6HEIJ,1,1,1,1
9L84KYV,1,1,1,1
9LAFINR,1,1,1,1
9LAVJ4E,1,1,1,1
9LB3YTV,1,1,1,1
9LB6V1U,1,1,1,1
9LCAYMO,1,1,1,1
9LESMGQ,1,1,1,1
9LEX87B,1,1,1,1
9LFG4UR,1,1,1,1
9LFHPSW,1,1,1,1
9LFWZAT,1,1,1,1
9LHHSPF,1,1,1,1
9LJ6ZJ2,1,1,1,1
9LJ8EGX,1,1,1,1
9LJPAE4,1,1,1,1
9LKTRBV,1,1,1,1
9LLQ7D9,1,1,1,1
9LM9D6T,1,1,1,1
9LNWKQ9,1,1,1,1
9LO81AV,1,1,1,1
9LOIBH1,1,1,1,1
9LONNBD,1,1,1,1
9LOS6RX,1,1,1,1
9LT7SSL,1,1,1,1
9LTM4IQ,1,1,1,1
9LVKDFJ,1,1,1,1
9LVM3C6,1,1,1,1
9LVO8MT,1,1,1,1
9LXV69A,1,1,1,1
9M0MLNY,1,1,1,1
9M150YY,1,1,1,1
9M1DFTZ,1,1,1,1
9M35UMO,1,1,1,1
9M3RIJ9,1,1,1,1
9M4GXZ1,1,1,1,1
9M4SBRZ,1,1,1,1
9M583SW,1,1,1,1
9M6BF8Q,1,1,1,1
9M6LDC4,1,1,1,1
9M6RA7V,1,1,1,1
9M7O13C,1,1,1,1
9MBFVJ8,1,1,1,1
9MBTVK3,1,1,1,1
9MFCL5S,1,1,1,1
9MFNL0V,1,1,1,1
9MGEHE4,1,1,1,1
9MIDRUN,1,1,1,1
9MINTSD,1,1,1,1
9MQTOHD,1,1,1,1
9MR8NWT,1,1,1,1
9MS4YVG,1,1,1,1
9MTKDNR,1,1,1,1
9MVWI4K,1,1,1,1
9MW8FU2,1,1,1,1
9MX0KHB,1,1,1,1
9MZ8C2V,1,1,1,1
9N0N0V5,1,1,1,1
9N4RD8A,1,1,1,1
9N5G7AV,1,1,1,1
9NBZFS6,1,1,1,1
9NE2D9R,1,1,1,1
9NF6W5U,1,1,1,1
9NG7CB2,1,1,1,1
9NIXT2I,1,1,1,1
9NJAO6W,1,1,1,1
9NMDO7N,1,1,1,1
9NRCU0M,1,1,1,1
9NRZQRP,1,1,1,1
9NUGINB,1,1,1,1
9NUO1BI,1,1,1,1
9NXPR5W,1,1,1,1
9O0V233,1,1,1,1
9O0XO98,1,1,1,1
9O1GA70,1,1,1,1
9O225TN,1,1,1,1
9OATUFP,1,1,1,1
9OB8ZIG,1,1,1,1
9OFPDWZ,1,1,1,1
9OG4CZH,1,1,1,1
9OG8HZV,1,1,1,1
9OKECUK,1,1,1,1
9OKUIAF,1,1,1,1
9OM854C,1,1,1,1
9OP1AMB,1,1,1,1
9OPTM7H,1,1,1,1
9OQBAJU,1,1,1,1
9ORVKGK,1,1,1,1
9OS9ATM,1,1,1,1
9OT042H,1,1,1,1
9OTP8SX,1,1,1,1
9OUFE1J,1,1,1,1
9OVEAD7,1,1,1,1
9OWKDHI,1,1,1,1
9OXSD95,1,1,1,1
9OXTBMF,1,1,1,1
9OYJBS3,1,1,1,1
9P2UX6B,1,1,1,1
9P39020,1,1,1,1
9P7VCCS,1,1,1,1
9PA0NA9,1,1,1,1
9PBKM62,1,1,1,1
9PC9V1T,1,1,1,1
9PINMBG,1,1,1,1
9PJRY65,1,1,1,1
9PK7UOH,1,1,1,1
9PKH12J,1,1,1,1
9PLE43Y,1,1,1,1
9PQRAOD,1,1,1,1
9PTZ8OU,1,1,1,1
9PV6ME3,1,1,1,1
9PWFNIT,1,1,1,1
9PX2EQ8,1,1,1,1
9PXBBL1,1,1,1,1
9PXRQDM,1,1,1,1
9PY4KRB,1,1,1,1
9PYO50P,1,1,1,1
9PZNQCB,1,1,1,1
9Q0CODK,1,1,1,1
9Q1532V,1,1,1,1
9Q20U7Q,1,1,1,1
9Q3OXPP,1,1,1,1
9Q6FQU5,1,1,1,1
9Q6IRZD,1,1,1,1
9Q7ZKLC,1,1,1,1
9Q80GHA,1,1,1,1
9QBNNEX,1,1,1,1
9QDPHIG,1,1,1,1
9QDR641,1,1,1,1
9QEMWTZ,1,1,1,1
9QF1RZH,1,1,1,1
9QFCTUD,1,1,1,1
9QFSJEL,1,1,1,1
9QHPHKD,1,1,1,1
9QIYB2I,1,1,1,1
9QJ5PEF,1,1,1,1
9QJWKDG,1,1,1,1
9QOWONC,1,1,1,1
9QSCOXC,1,1,1,1
9QU3JQZ,1,1,1,1
9QVEAVQ,1,1,1,1
9QXN6X9,1,1,1,1
9QYMNO2,1,1,1,1
9QZIU1X,1,1,1,1
9R0CBZ2,1,1,1,1
9R0WC7B,1,1,1,1
9R1DZ2F,1,1,1,1
9R1SMTE,1,1,1,1
9R33RX8,1,1,1,1
9R7OBI2,1,1,1,1
9R7WRLE,1,1,1,1
9R97M9T,1,1,1,1
9RAGL4L,1,1,1,1
9RB509V,1,1,1,1
9RBLYSN,1,1,1,1
9RCPSSP,1,1,1,1
9RDBQQF,1,1,1,1
9RESRX3,1,1,1,1
9RG7N4Q,1,1,1,1
9RIQVUD,1,1,1,1
9RJ2BF8,1,1,1,1
9RK612U,1,1,1,1
9RKOSW9,1,1,1,1
9RLB1FG,1,1,1,1
9RLB43N,1,1,1,1
9RLDQFG,1,1,1,1
9RM5FQW,1,1,1,1
9ROCO0K,1,1,1,1
9RSLZNN,1,1,1,1
9RSZV7K,1,1,1,1
9RT6L4M,1,1,1,1
9RTMOKD,1,1,1,1
9RUP5HT,1,1,1,1
9RVRA93,1,1,1,1
9RXT0IO,1,1,1,1
9RYM84G,1,1,1,1
9RZ084Z,1,1,1,1
9RZBW8N,1,1,1,1
9RZJNUJ,1,1,1,1
9S0SF6H,1,1,1,1
9S1EH7E,1,1,1,1
9S2BUZY,1,1,1,1
9S2MSXY,1,1,1,1
9S2SIAP,1,1,1,1
9S5BN9S,1,1,1,1
9S663ZQ,1,1,1,1
9S6YE4I,1,1,1,1
9S7CZ11,1,1,1,1
9S7Z0CA,1,1,1,1
9S8Z97K,1,1,1,1
9SAJPRQ,1,1,1,1
9SAKRBE,1,1,1,1
9SARWLW,1,1,1,1
9SB2LXK,1,1,1,1
9SDHG2W,1,1,1,1
9SDLUFH,1,1,1,1
9SDW53Z,1,1,1,1
9SEWJSC,1,1,1,1
9SEZOTN,1,1,1,1
9SG784R,1,1,1,1
9SK2L21,1,1,1,1
9SN81X5,1,1,1,1
9SNLONC,1,1,1,1
9SO37KR,1,1,1,1
9SPSV32,1,1,1,1
9SU46BL,1,1,1,1
9SUJJOS,1,1,1,1
9SY0UXB,1,1,1,1
9SZI8I6,1,1,1,1
9SZS6WW,1,1,1,1
9T1T85M,1,1,1,1
9T3OI82,1,1,1,1
9T4CZ1A,1,1,1,1
9T6C50E,1,1,1,1
9TAPNA7,1,1,1,1
9TBGIQU,1,1,1,1
9TCHDNX,1,1,1,1
9TDRZYN,1,1,1,1
9TG2W4C,1,1,1,1
9TGP5WV,1,1,1,1
9TLAF68,1,1,1,1
9TLICEG,1,1,1,1
9TMJYCU,1,1,1,1
9TOIHIG,1,1,1,1
9TOYRB5,1,1,1,1
9TQM0K1,1,1,1,1
9TQPELO,1,1,1,1
9TSUCGJ,1,1,1,1
9TT7P9C,1,1,1,1
9TTZDJI,1,1,1,1
9TWG7PD,1,1,1,1
9TX0DRQ,1,1,1,1
9TXBN6A,1,1,1,1
9TZDOY6,1,1,1,1
9TZYVMS,1,1,1,1
9U02NEL,1,1,1,1
9U0DE1E,1,1,1,1
9U2MXUC,1,1,1,1
9U7KMPU,1,1,1,1
9U82NSG,1,1,1,1
9UAP48T,1,1,1,1
9UARFP6,1,1,1,1
9UCD4FK,1,1,1,1
9UCYR8S,1,1,1,1
9UGRV1E,1,1,1,1
9UH0WVC,1,1,1,1
9UJG99D,1,1,1,1
9UJSK5P,1,1,1,1
9UL2KS1,1,1,1,1
9ULD67Z,1,1,1,1
9UMGKZ3,1,1,1,1
9UMOGYX,1,1,1,1
9UO40V1,1,1,1,1
9UOBKIS,1,1,1,1
9USVEEX,1,1,1,1
9USY5D9,1,1,1,1
9UUS4GO,1,1,1,1
9UUTOJF,1,1,1,1
9UWKF3T,1,1,1,1
9UXASGY,1,1,1,1
9UY4X26,1,1,1,1
9UYYY6H,1,1,1,1
9V0B22D,1,1,1,1
9V0EWCI,1,1,1,1
9V1J6E6,1,1,1,1
9V1XOB7,1,1,1,1
9V2A4GE,1,1,1,1
9V2ZPVI,1,1,1,1
9V378I2,1,1,1,1
9V3JPQD,1,1,1,1
9V4UEC9,1,1,1,1
9V6F0CI,1,1,1,1
9V758FH,1,1,1,1
9VC05BB,1,1,1,1
9VCVJEO,1,1,1,1
9VDJO4G,1,1,1,1
9VDQIIN,1,1,1,1
9VE5QA4,1,1,1,1
9VELR2U,1,1,1,1
9VH5UT5,1,1,1,1
9VIM1BA,1,1,1,1
9VK236I,1,1,1,1
9VLJUDO,1,1,1,1
9VLNXJE,1,1,1,1
9VP33TN,1,1,1,1
9VPBJOZ,1,1,1,1
9VPN99J,1,1,1,1
9VQ5LUF,1,1,1,1
9VQD5EE,1,1,1,1
9VRJ2W9,1,1,1,1
9VT4XCY,1,1,1,1
9VUS1FN,1,1,1,1
9VX5SSS,1,1,1,1
9VXYNLV,1,1,1,1
9VZI05R,1,1,1,1
9W1PIKI,1,1,1,1
9W4TQGL,1,1,1,1
9W5L52O,1,1,1,1
9W8L0UB,1,1,1,1
9WAYWQC,1,1,1,1
9WDUYO0,1,1,1,1
9WFTJLM,1,1,1,1
9WGSUQR,1,1,1,1
9WK32D3,1,1,1,1
9WNNEVA,1,1,1,1
9WNUZHR,1,1,1,1
9WOTNZF,1,1,1,1
9WSLNSA,1,1,1,1
9WSZILH,1,1,1,1
9WUO3Q6,1,1,1,1
9WV1AHM,1,1,1,1
9WV8QMG,1,1,1,1
9WX78SQ,1,1,1,1
9WXFDD6,1,1,1,1
9WY4EC1,1,1,1,1
9WY8VPD,1,1,1,1
9X17KLU,1,1,1,1
9X1XSO1,1,1,1,1
9X2IS8L,1,1,1,1
9X3AFM9,1,1,1,1
9X4KM07,1,1,1,1
9X5PZ0Z,1,1,1,1
9XCDGTC,1,1,1,1
9XCYULP,1,1,1,1
9XEDFP4,1,1,1,1
9XEJDSF,1,1,1,1
9XETDER,1,1,1,1
9XGLSMM,1,1,1,1
9XIW0N4,1,1,1,1
9XJMJQU,1,1,1,1
9XJWZCD,1,1,1,1
9XNWK84,1,1,1,1
9XOZ7LP,1,1,1,1
9XQL9ZM,1,1,1,1
9XQPK4E,1,1,1,1
9XRIKPM,1,1,1,1
9XRU1QW,1,1,1,1
9XS4VRZ,1,1,1,1
9XUEE0B,1,1,1,1
9XUXPZ0,1,1,1,1
9XV5ZWD,1,1,1,1
9XVJEQB,1,1,1,1
9XX2W37,1,1,1,1
9XYUESV,1,1,1,1
9XYW9YG,1,1,1,1
9Y4KDEX,1,1,1,1
9Y4Q9DO,1,1,1,1
9Y4XWW7,1,1,1,1
9Y549BG,1,1,1,1
9Y5Q186,1,1,1,1
9Y68CGZ,1,1,1,1
9Y7J92M,1,1,1,1
9Y8TAYI,1,1,1,1
9YA4JEI,1,1,1,1
9YBDKGV,1,1,1,1
9YBQC61,1,1,1,1
9YDKE4S,1,1,1,1
9YDURAM,1,1,1,1
9YKQ8SM,1,1,1,1
9YKXJYU,1,1,1,1
9YPXSH1,1,1,1,1
9YYQ7BK,1,1,1,1
9Z2U3XT,1,1,1,1
9Z4TGPR,1,1,1,1
9Z5SMJA,1,1,1,1
9Z6B2OB,1,1,1,1
9Z6OYVF,1,1,1,1
9Z9WTP5,1,1,1,1
9ZB3CTD,1,1,1,1
9ZBV18I,1,1,1,1
9ZCER2P,1,1,1,1
9ZDLRRH,1,1,1,1
9ZEY1HU,1,1,1,1
9ZFG5TE,1,1,1,1
9ZFU5A7,1,1,1,1
9ZHVOOP,1,1,1,1
9ZJ0H8L,1,1,1,1
9ZKQSBM,1,1,1,1
9ZNJYYL,1,1,1,1
9ZO56JN,1,1,1,1
9ZQBMGL,1,1,1,1
9ZQHLWO,1,1,1,1
9ZQY0AG,1,1,1,1
9ZS2GK9,1,1,1,1
9ZSTJZP,1,1,1,1
9ZU0L04,1,1,1,1
9ZUX3TG,1,1,1,1
9ZXGA6A,1,1,1,1
9ZXZ26R,1,1,1,1
9ZY2OLE,1,1,1,1
A01PSF2,1,1,1,1
A05NK02,1,1,1,1
A09QULZ,1,1,1,1
A0AB22F,1,1,1,1
A0AZ5U5,1,1,1,1
A0B57YI,1,1,1,1
A0BEQXZ,1,1,1,1
A0C3Y7Z,1,1,1,1
A0D7OVZ,1,1,1,1
A0ELRPP,1,1,1,1
A0GD6CQ,1,1,1,1
A0HJOCX,1,1,1,1
A0I53U5,1,1,1,1
A0LSOY4,1,1,1,1
A0MYLPO,1,1,1,1
A0NHCV2,1,1,1,1
A0NLV75,1,1,1,1
A0OBVYS,1,1,1,1
A0OOHDH,1,1,1,1
A0OXYXN,1,1,1,1
A0Q742G,1,1,1,1
A0QNJHR,1,1,1,1
A0TLSIM,1,1,1,1
A0TZRIH,1,1,1,1
A0UFMBC,1,1,1,1
A0Y4C9Q,1,1,1,1
A11XT54,1,1,1,1
A1377VE,1,1,1,1
A13FWAX,1,1,1,1
A15TWBA,1,1,1,1
A161PBB,1,1,1,1
A16A5L4,1,1,1,1
A186PIO,1,1,1,1
A19E62R,1,1,1,1
A19YOSO,1,1,1,1
A1BDNDQ,1,1,1,1
A1BLU09,1,1,1,1
A1BR218,1,1,1,1
A1D7YOA,1,1,1,1
A1GLDOB,1,1,1,1
A1GVJ4J,1,1,1,1
A1ICDKX,1,1,1,1
A1K07PO,1,1,1,1
A1KREKO,1,1,1,1
A1LS1R7,1,1,1,1
A1P32TL,1,1,1,1
A1U94DY,1,1,1,1
A1UC4XP,1,1,1,1
A1UZIXH,1,1,1,1
A2052RF,1,1,1,1
A21HTPZ,1,1,1,1
A23FCLU,1,1,1,1
A23PTV7,1,1,1,1
A23TJP0,1,1,1,1
A27DIKJ,1,1,1,1
A28LOZA,1,1,1,1
A29NFJA,1,1,1,1
A2CTT5X,1,1,1,1
A2DBVFZ,1,1,1,1
A2DUDMR,1,1,1,1
A2G7WKX,1,1,1,1
A2GFBNK,1,1,1,1
A2H4I6Q,1,1,1,1
A2JC1TE,1,1,1,1
A2JE18O,1,1,1,1
A2LIQQA,1,1,1,1
A2MQU4O,1,1,1,1
A2OCZ39,1,1,1,1
A2P6DFL,1,1,1,1
A2SRPZH,1,1,1,1
A2TI4HB,1,1,1,1
A2TYBXA,1,1,1,1
A2U1BMZ,1,1,1,1
A2VDHPT,1,1,1,1
A2YR8LC,1,1,1,1
A2ZSFJM,1,1,1,1
A2ZUZJ4,1,1,1,1
A2ZWSMR,1,1,1,1
A33KAKB,1,1,1,1
A34ZI3A,1,1,1,1
A36YUPC,1,1,1,1
A37T5BX,1,1,1,1
A39H6UZ,1,1,1,1
A3C67OK,1,1,1,1
A3CCFWY,1,1,1,1
A3FRVYH,1,1,1,1
A3IWWWN,1,1,1,1
A3JB8MJ,1,1,1,1
A3M0VMM,1,1,1,1
A3M978F,1,1,1,1
A3OAFZ1,1,1,1,1
A3R64XP,1,1,1,1
A3RAYM2,1,1,1,1
A3RWX42,1,1,1,1
A3S9OCD,1,1,1,1
A3SQ3HP,1,1,1,1
A3SRG6I,1,1,1,1
A3T16GM,1,1,1,1
A3WI03J,1,1,1,1
A3Y0SRV,1,1,1,1
A3Y8IKC,1,1,1,1
A3Z8VLU,1,1,1,1
A40I7SN,1,1,1,1
A412AHS,1,1,1,1
A41LYVE,1,1,1,1
A43SK2N,1,1,1,1
A44TTT4,1,1,1,1
A4AZ18Y,1,1,1,1
A4BJKFD,1,1,1,1
A4FFOPB,1,1,1,1
A4FTBB0,1,1,1,1
A4JRIUQ,1,1,1,1
A4KM9FY,1,1,1,1
A4L5J1W,1,1,1,1
A4M0IH2,1,1,1,1
A4MIG0B,1,1,1,1
A4MPUY9,1,1,1,1
A4NI7HA,1,1,1,1
A4OTY38,1,1,1,1
A4OZMTQ,1,1,1,1
A4PU2SP,1,1,1,1
A4QA4ZU,1,1,1,1
A4QERSG,1,1,1,1
A4VRGCF,1,1,1,1
A4XFHXD,1,1,1,1
A4Z36VM,1,1,1,1
A4ZK947,1,1,1,1
A4ZUKFZ,1,1,1,1
A4ZWUWH,1,1,1,1
A56TXR4,1,1,1,1
A57U1FB,1,1,1,1
A582NCH,1,1,1,1
A58HM6U,1,1,1,1
A5BL2XA,1,1,1,1
A5I60GP,1,1,1,1
A5JGMQP,1,1,1,1
A5JGSV7,1,1,1,1
A5JHU04,1,1,1,1
A5K7JJP,1,1,1,1
A5M2CN3,1,1,1,1
A5M5S79,1,1,1,1
A5MBJ7L,1,1,1,1
A5ONAMB,1,1,1,1
A5Q21LX,1,1,1,1
A5RN7GP,1,1,1,1
A5SAX3W,1,1,1,1
A5TDPNE,1,1,1,1
A5UTL3N,1,1,1,1
A5W30EB,1,1,1,1
A5XJCIK,1,1,1,1
A5YKRMT,1,1,1,1
A5YVPI3,1,1,1,1
A5Z8VLS,1,1,1,1
A60ZWIH,1,1,1,1
A61T2M2,1,1,1,1
A61YW60,1,1,1,1
A63HG7B,1,1,1,1
A64BRXW,1,1,1,1
A65WSAL,1,1,1,1
A6EDHT2,1,1,1,1
A6F3ZLF,1,1,1,1
A6G51J0,1,1,1,1
A6GRW7J,1,1,1,1
A6J28SP,1,1,1,1
A6KCRS6,1,1,1,1
A6KQ7HZ,1,1,1,1
A6KY59F,1,1,1,1
A6M4D2H,1,1,1,1
A6N7DBD,1,1,1,1
A6NGWZ5,1,1,1,1
A6OZUGE,1,1,1,1
A6PDSGC,1,1,1,1
A6Q48QX,1,1,1,1
A6QCMPY,1,1,1,1
A6SQ51J,1,1,1,1
A6TIG56,1,1,1,1
A6V8O5I,1,1,1,1
A6VNYVQ,1,1,1,1
A6XBRL9,1,1,1,1
A6XUNB0,1,1,1,1
A70Q2PD,1,1,1,1
A71RO2K,1,1,1,1
A72DLC5,1,1,1,1
A74UE9C,1,1,1,1
A75NT9W,1,1,1,1
A76U41F,1,1,1,1
A78IPMF,1,1,1,1
A7BADKA,1,1,1,1
A7C374U,1,1,1,1
A7HDAP1,1,1,1,1
A7I3LUB,1,1,1,1
A7ITNQS,1,1,1,1
A7JVC1U,1,1,1,1
A7JX1AG,1,1,1,1
A7LJY0G,1,1,1,1
A7MG6B6,1,1,1,1
A7PJ3Z0,1,1,1,1
A7QBW6L,1,1,1,1
A7SO9WT,1,1,1,1
A7T3T7O,1,1,1,1
A7TXL90,1,1,1,1
A7UP1Q6,1,1,1,1
A7WK9YT,1,1,1,1
A7ZC7P8,1,1,1,1
A80KG2D,1,1,1,1
A80TJHZ,1,1,1,1
A81TV39,1,1,1,1
A82Q6EQ,1,1,1,1
A840RBK,1,1,1,1
A863CFS,1,1,1,1
A8660PZ,1,1,1,1
A87A39A,1,1,1,1
A8906X5,1,1,1,1
A89N5OW,1,1,1,1
A8AOGAG,1,1,1,1
A8AX9Z7,1,1,1,1
A8DSIQV,1,1,1,1
A8ETEA6,1,1,1,1
A8LL21K,1,1,1,1
A8MH7HN,1,1,1,1
A8MZHAJ,1,1,1,1
A8Q8EO4,1,1,1,1
A8SV8CZ,1,1,1,1
A8US672,1,1,1,1
A8V75XD,1,1,1,1
A8W3HTN,1,1,1,1
A8WFFYM,1,1,1,1
A8X6I79,1,1,1,1
A8YDCRU,1,1,1,1
A8YDO7X,1,1,1,1
A8ZMSWW,1,1,1,1
A90IADI,1,1,1,1
A9340S8,1,1,1,1
A95DZZT,1,1,1,1
A96GKZI,1,1,1,1
A96ZXUO,1,1,1,1
A9ADG4X,1,1,1,1
A9BVCM4,1,1,1,1
A9CBK0H,1,1,1,1
A9DWKRL,1,1,1,1
A9EIQO1,1,1,1,1
A9G0YPG,1,1,1,1
A9GM1QN,1,1,1,1
A9GN7MY,1,1,1,1
A9H8F92,1,1,1,1
A9H92LP,1,1,1,1
A9HX6CM,1,1,1,1
A9JCCZG,1,1,1,1
A9KTJH3,1,1,1,1
A9LHOH9,1,1,1,1
A9NRKYT,1,1,1,1
A9NVI7D,1,1,1,1
A9OR071,1,1,1,1
A9RO8VT,1,1,1,1
A9TC8S3,1,1,1,1
A9W0OIX,1,1,1,1
A9XG218,1,1,1,1
A9Y6EAZ,1,1,1,1
A9YCHGW,1,1,1,1
A9YFYV1,1,1,1,1
A9YU8DK,1,1,1,1
A9YX6D9,1,1,1,1
A9ZQE46,1,1,1,1
AA1EUQL,1,1,1,1
AA3U0XS,1,1,1,1
AA52RXH,1,1,1,1
AA6IIJU,1,1,1,1
AA6WVPR,1,1,1,1
AA7OW29,1,1,1,1
AA8V5OJ,1,1,1,1
AACBTA8,1,1,1,1
AADET6R,1,1,1,1
AADMVD9,1,1,1,1
AADS23Y,1,1,1,1
AAEJA2O,1,1,1,1
AAFBEXB,1,1,1,1
AAFBKCA,1,1,1,1
AAKHP9X,1,1,1,1
AAKNFAM,1,1,1,1
AALSNWG,1,1,1,1
AANG9PQ,1,1,1,1
AAPSFTH,1,1,1,1
AARF9SX,1,1,1,1
AAT4TUL,1,1,1,1
AAV2MRS,1,1,1,1
AAVPTM4,1,1,1,1
AAXJ7LL,1,1,1,1
AAXJUBP,1,1,1,1
AAXMNAI,1,1,1,1
AAYCYDL,1,1,1,1
AAYH5BC,1,1,1,1
AAYVBLU,1,1,1,1
AAZCQGU,1,1,1,1
AB12O3J,1,1,1,1
AB1WSCF,1,1,1,1
AB1XPZS,1,1,1,1
AB27TT1,1,1,1,1
AB2U8O3,1,1,1,1
AB2V76O,1,1,1,1
AB3QGBD,1,1,1,1
AB7O6D9,1,1,1,1
AB84HW4,1,1,1,1
ABD09AN,1,1,1,1
ABEAKBH,1,1,1,1
ABEVIN5,1,1,1,1
ABFA5NF,1,1,1,1
ABGD2US,1,1,1,1
ABGJY5M,1,1,1,1
ABH90YQ,1,1,1,1
ABHZYXN,1,1,1,1
ABL4FII,1,1,1,1
ABMFIZJ,1,1,1,1
ABMLO2V,1,1,1,1
ABQ9SIM,1,1,1,1
ABQZ2OH,1,1,1,1
ABR4C6Y,1,1,1,1
ABTQUKI,1,1,1,1
ABU1H4X,1,1,1,1
ABULSKY,1,1,1,1
ABW6ICF,1,1,1,1
ABWQYRY,1,1,1,1
ABWTAXX,1,1,1,1
ABWX5K9,1,1,1,1
ABXGJB3,1,1,1,1
ABXSOG2,1,1,1,1
ABYLELT,1,1,1,1
AC0ZVQD,1,1,1,1
AC241B3,1,1,1,1
AC325IR,1,1,1,1
AC4NGC4,1,1,1,1
AC5WP5E,1,1,1,1
AC6NYAE,1,1,1,1
AC6W6GS,1,1,1,1
ACAEKYL,1,1,1,1
ACBVE94,1,1,1,1
ACC6MUQ,1,1,1,1
ACCLM8O,1,1,1,1
ACCO05B,1,1,1,1
ACDZ9ZD,1,1,1,1
ACEK1OH,1,1,1,1
ACG3X22,1,1,1,1
ACI6W2X,1,1,1,1
ACIZNES,1,1,1,1
ACKA5FE,1,1,1,1
ACKUZLP,1,1,1,1
ACKVUW3,1,1,1,1
ACL76I7,1,1,1,1
ACOEZFT,1,1,1,1
ACOGQ58,1,1,1,1
ACOH90Z,1,1,1,1
ACV7GYV,1,1,1,1
ACV8J94,1,1,1,1
ACWLC8U,1,1,1,1
ACXQ0YM,1,1,1,1
ACZAHBJ,1,1,1,1
AD33G8F,1,1,1,1
AD3FBSG,1,1,1,1
AD5Q7AS,1,1,1,1
AD6GB97,1,1,1,1
AD6HPZ8,1,1,1,1
AD6HRT1,1,1,1,1
AD8LJHB,1,1,1,1
ADA1R28,1,1,1,1
ADB5KZQ,1,1,1,1
ADCAK6A,1,1,1,1
ADCEBCI,1,1,1,1
ADD2MJU,1,1,1,1
ADFSEFC,1,1,1,1
ADG6AVU,1,1,1,1
ADIHUVQ,1,1,1,1
ADKIILD,1,1,1,1
ADKSM31,1,1,1,1
ADMCER6,1,1,1,1
ADNHHGW,1,1,1,1
ADO8S7S,1,1,1,1
ADONVP4,1,1,1,1
ADQ0689,1,1,1,1
ADQF5KD,1,1,1,1
ADS82IU,1,1,1,1
ADT3NYR,1,1,1,1
ADU2O4P,1,1,1,1
ADU61YH,1,1,1,1
ADVCZID,1,1,1,1
ADVIYZ5,1,1,1,1
ADW5PN1,1,1,1,1
ADW9TA4,1,1,1,1
ADXLSCH,1,1,1,1
ADXOPK7,1,1,1,1
ADYG4YA,1,1,1,1
ADZ4A6J,1,1,1,1
AE0MDH2,1,1,1,1
AE2LQQT,1,1,1,1
AE3PFPZ,1,1,1,1
AE619SB,1,1,1,1
AE6UCYL,1,1,1,1
AEA6J98,1,1,1,1
AEAOA0D,1,1,1,1
AEAT50O,1,1,1,1
AEBX0U5,1,1,1,1
AEC1F37,1,1,1,1
AECPVM8,1,1,1,1
AEDTRCC,1,1,1,1
AEDZFR1,1,1,1,1
AEFPTT8,1,1,1,1
AEHGJE1,1,1,1,1
AEHNQU2,1,1,1,1
AEI4NML,1,1,1,1
AEIMV7M,1,1,1,1
AEJHSD8,1,1,1,1
AEJRKCE,1,1,1,1
AEKWII1,1,1,1,1
AEN3HR0,1,1,1,1
AENTYEM,1,1,1,1
AEPBUJ9,1,1,1,1
AEPIPLT,1,1,1,1
AEPW4ZN,1,1,1,1
AEQNPZL,1,1,1,1
AER4A2V,1,1,1,1
AERBFYE,1,1,1,1
AES7ZEB,1,1,1,1
AESLB2D,1,1,1,1
AESNKOB,1,1,1,1
AETF5EW,1,1,1,1
AEUE5SD,1,1,1,1
AEUFCZN,1,1,1,1
AEWLRGN,1,1,1,1
AEXP2I3,1,1,1,1
AEY11QB,1,1,1,1
AF3LT8I,1,1,1,1
AF3Z4NB,1,1,1,1
AF846PV,1,1,1,1
AF87TUD,1,1,1,1
AFBJ22A,1,1,1,1
AFBYT0R,1,1,1,1
AFDY259,1,1,1,1
AFFCCPI,1,1,1,1
AFGJ3KC,1,1,1,1
AFGNP60,1,1,1,1
AFHCMJD,1,1,1,1
AFIJMI7,1,1,1,1
AFKIN2N,1,1,1,1
AFLGQTY,1,1,1,1
AFNMGIA,1,1,1,1
AFOA3WF,1,1,1,1
AFOGTYS,1,1,1,1
AFQBDXU,1,1,1,1
AFQNYAN,1,1,1,1
AFRSE7R,1,1,1,1
AFSDG0I,1,1,1,1
AFTO7XA,1,1,1,1
AFW7MPG,1,1,1,1
AFXOXH0,1,1,1,1
AFY6FL3,1,1,1,1
AFYARWJ,1,1,1,1
AFYDE5L,1,1,1,1
AFZVW92,1,1,1,1
AG1F3NM,1,1,1,1
AG1VI64,1,1,1,1
AG3DM8M,1,1,1,1
AG4JD1M,1,1,1,1
AG65KZJ,1,1,1,1
AG6SXDK,1,1,1,1
AG7JD9B,1,1,1,1
AG8HNUH,1,1,1,1
AGBZMAR,1,1,1,1
AGCM21I,1,1,1,1
AGERA0Q,1,1,1,1
AGJ8MQF,1,1,1,1
AGJDLAK,1,1,1,1
AGLQBXM,1,1,1,1
AGN3VOU,1,1,1,1
AGR6FXZ,1,1,1,1
AGT1BPT,1,1,1,1
AGV2ZUD,1,1,1,1
AGVP3AK,1,1,1,1
AGWKZ7N,1,1,1,1
AGY3NDT,1,1,1,1
AGZ1A8T,1,1,1,1
AGZE3HD,1,1,1,1
AH4102K,1,1,1,1
AHAUDA3,1,1,1,1
AHBK22Z,1,1,1,1
AHD0G4T,1,1,1,1
AHDU89Z,1,1,1,1
AHIYTFK,1,1,1,1
AHJBTIW,1,1,1,1
AHKP5XO,1,1,1,1
AHKTH5P,1,1,1,1
AHL1E7G,1,1,1,1
AHM317N,1,1,1,1
AHO967F,1,1,1,1
AHOCXEC,1,1,1,1
AHPSQF8,1,1,1,1
AHQBKQR,1,1,1,1
AHQHXVC,1,1,1,1
AHSQ6UG,1,1,1,1
AHW1AWZ,1,1,1,1
AHWXD9S,1,1,1,1
AHZ2P8L,1,1,1,1
AI019PA,1,1,1,1
AI0DCAN,1,1,1,1
AI180VZ,1,1,1,1
AI1AJWK,1,1,1,1
AI2ULWD,1,1,1,1
AI37QMF,1,1,1,1
AI541GH,1,1,1,1
AI5S1ZJ,1,1,1,1
AIAW8HI,1,1,1,1
AIAZSYO,1,1,1,1
AIBGPNB,1,1,1,1
AIC1K1X,1,1,1,1
AIDUK3P,1,1,1,1
AIIZUYK,1,1,1,1
AIJ1PI8,1,1,1,1
AIMDY43,1,1,1,1
AIN1K6E,1,1,1,1
AIS2IBA,1,1,1,1
AITHMP3,1,1,1,1
AIU2JEI,1,1,1,1
AIUCSLB,1,1,1,1
AIY61H0,1,1,1,1
AIYISIE,1,1,1,1
AJ0BR0F,1,1,1,1
AJ2EX6M,1,1,1,1
AJ2RHA8,1,1,1,1
AJ2V0YR,1,1,1,1
AJ325BJ,1,1,1,1
AJ32M6G,1,1,1,1
AJ66YXD,1,1,1,1
AJ7H1CP,1,1,1,1
AJ7YSGJ,1,1,1,1
AJC0XRV,1,1,1,1
AJDQAXO,1,1,1,1
AJDXYHS,1,1,1,1
AJELOHA,1,1,1,1
AJFXQJ2,1,1,1,1
AJHBTMJ,1,1,1,1
AJHZ6GB,1,1,1,1
AJIVBY1,1,1,1,1
AJK04KP,1,1,1,1
AJLT9SZ,1,1,1,1
AJLWCB9,1,1,1,1
AJSG7LX,1,1,1,1
AJTPS30,1,1,1,1
AJUOESW,1,1,1,1
AJV05OP,1,1,1,1
AJVW5ZV,1,1,1,1
AK43K97,1,1,1,1
AK5T214,1,1,1,1
AK5U34I,1,1,1,1
AK5V1TS,1,1,1,1
AK6JQ8U,1,1,1,1
AK6KO7Q,1,1,1,1
AK73JMR,1,1,1,1
AK948Y5,1,1,1,1
AKAMWIA,1,1,1,1
AKCOYYK,1,1,1,1
AKERIVG,1,1,1,1
AKHIDZJ,1,1,1,1
AKJBOAH,1,1,1,1
AKJD01J,1,1,1,1
AKLQQAU,1,1,1,1
AKMZMEG,1,1,1,1
AKPIW15,1,1,1,1
AKPMV9N,1,1,1,1
AKQNL90,1,1,1,1
AKRS9L2,1,1,1,1
AKSOXC4,1,1,1,1
AKT2KMM,1,1,1,1
AKTZX4G,1,1,1,1
AKXJESZ,1,1,1,1
AKY9UYW,1,1,1,1
AKYC7SL,1,1,1,1
AKZMBU3,1,1,1,1
AL0IMA1,1,1,1,1
AL188CQ,1,1,1,1
AL1FXEA,1,1,1,1
AL1RIQH,1,1,1,1
AL1XWCD,1,1,1,1
AL3BN1Y,1,1,1,1
AL4YDRB,1,1,1,1
AL6B6LG,1,1,1,1
AL8HA83,1,1,1,1
ALBIMV5,1,1,1,1
ALBJOL1,1,1,1,1
ALCJ5PG,1,1,1,1
ALD1ZCM,1,1,1,1
ALDT46Q,1,1,1,1
ALEAXDL,1,1,1,1
ALF5J2A,1,1,1,1
ALFFKIS,1,1,1,1
ALFGC3X,1,1,1,1
ALG6MR8,1,1,1,1
ALGFSJH,1,1,1,1
ALIG6E1,1,1,1,1
ALIREPN,1,1,1,1
ALKOKJ2,1,1,1,1
ALMMF0U,1,1,1,1
ALNVXV1,1,1,1,1
ALRQRAG,1,1,1,1
ALRUXSW,1,1,1,1
ALSOKGT,1,1,1,1
ALSSXHR,1,1,1,1
ALWXPNF,1,1,1,1
ALXG7AC,1,1,1,1
ALXJ5YR,1,1,1,1
AM0KAD7,1,1,1,1
AM1MRNF,1,1,1,1
AM2U7G3,1,1,1,1
AM5IGFR,1,1,1,1
AM705EI,1,1,1,1
AM7D6MF,1,1,1,1
AM96OB5,1,1,1,1
AMAUN0S,1,1,1,1
AMCSGWL,1,1,1,1
AMDQL0M,1,1,1,1
AMDYCJT,1,1,1,1
AME2DPF,1,1,1,1
AMFOAFB,1,1,1,1
AMG0SPN,1,1,1,1
AMG80TY,1,1,1,1
AMGZFDP,1,1,1,1
AMHWK3Z,1,1,1,1
AMIVB4K,1,1,1,1
AMK9TP8,1,1,1,1
AMKVALN,1,1,1,1
AMKVNXQ,1,1,1,1
AMLP18B,1,1,1,1
AMLQXKL,1,1,1,1
AMOZEPL,1,1,1,1
AMPE6VN,1,1,1,1
AMU587P,1,1,1,1
AMVJAYR,1,1,1,1
AN3IRBY,1,1,1,1
AN4Z2MP,1,1,1,1
AN5BOZG,1,1,1,1
AN85MUO,1,1,1,1
AN9AA0Y,1,1,1,1
ANBIBT1,1,1,1,1
ANBTEXJ,1,1,1,1
ANCFJCU,1,1,1,1
ANCXSDB,1,1,1,1
ANCYEMO,1,1,1,1
AND573W,1,1,1,1
ANDSUFE,1,1,1,1
ANFCMRH,1,1,1,1
ANHJG7G,1,1,1,1
ANIVICV,1,1,1,1
ANIVKQH,1,1,1,1
ANIWBUS,1,1,1,1
ANK4S1E,1,1,1,1
ANKCFVW,1,1,1,1
ANLTO68,1,1,1,1
ANQTXBS,1,1,1,1
ANRFSRG,1,1,1,1
ANRNPUK,1,1,1,1
ANS38VC,1,1,1,1
ANSVCMO,1,1,1,1
ANTIJSF,1,1,1,1
ANV6S1L,1,1,1,1
ANXQLZL,1,1,1,1
ANXXBYW,1,1,1,1
ANYC0OQ,1,1,1,1
ANYJWO7,1,1,1,1
ANZ26TN,1,1,1,1
ANZ5ZZP,1,1,1,1
AO19D7H,1,1,1,1
AO52ZBA,1,1,1,1
AO89OLZ,1,1,1,1
AO9NMEG,1,1,1,1
AO9T0DO,1,1,1,1
AOBC4US,1,1,1,1
AOBF6HK,1,1,1,1
AOETD3I,1,1,1,1
AOF0OCP,1,1,1,1
AOFTUYQ,1,1,1,1
AOH9EJ7,1,1,1,1
AOJ76BQ,1,1,1,1
AOJCJWI,1,1,1,1
AOKCC50,1,1,1,1
AOL4JNX,1,1,1,1
AOP4JSR,1,1,1,1
AOPQTN1,1,1,1,1
AOTML68,1,1,1,1
AOTUYSG,1,1,1,1
AOTVD7T,1,1,1,1
AOU7E6I,1,1,1,1
AOWCWU3,1,1,1,1
AOWDP7D,1,1,1,1
AOWMYOC,1,1,1,1
AOX8WZJ,1,1,1,1
AOZXFW5,1,1,1,1
AP2D8OL,1,1,1,1
AP8GOR8,1,1,1,1
AP9UOCQ,1,1,1,1
APB748K,1,1,1,1
APBQRAJ,1,1,1,1
APDG50O,1,1,1,1
APE62AZ,1,1,1,1
APGFGUS,1,1,1,1
APGW7U9,1,1,1,1
API5HNC,1,1,1,1
APJ05SL,1,1,1,1
APK7PSY,1,1,1,1
APKQ8XU,1,1,1,1
APLCZTR,1,1,1,1
APMRKLU,1,1,1,1
APN114S,1,1,1,1
APPPRVK,1,1,1,1
APQNHDA,1,1,1,1
APUMF3U,1,1,1,1
APVGUE5,1,1,1,1
APWRPS5,1,1,1,1
APWY0WE,1,1,1,1
APYAFHD,1,1,1,1
APYCG8B,1,1,1,1
APZQ1EF,1,1,1,1
AQ1T0DM,1,1,1,1
AQ2E056,1,1,1,1
AQ2J02T,1,1,1,1
AQ2US69,1,1,1,1
AQ3XO77,1,1,1,1
AQ6CKIP,1,1,1,1
AQ6STGB,1,1,1,1
AQ7BKO0,1,1,1,1
AQ9TTT1,1,1,1,1
AQD2FCM,1,1,1,1
AQE1CZ4,1,1,1,1
AQF4O6S,1,1,1,1
AQGOFLP,1,1,1,1
AQHW8MU,1,1,1,1
AQJ21NB,1,1,1,1
AQJE3P3,1,1,1,1
AQKC7ZM,1,1,1,1
AQLORZI,1,1,1,1
AQM19XB,1,1,1,1
AQMLWHV,1,1,1,1
AQNBVQI,1,1,1,1
AQO9DTD,1,1,1,1
AQPNYQ3,1,1,1,1
AQRE0X3,1,1,1,1
AQSAUMT,1,1,1,1
AQTJO0A,1,1,1,1
AQUFQG3,1,1,1,1
AQUKS5D,1,1,1,1
AQVOJXN,1,1,1,1
AQWGJP7,1,1,1,1
AQX2FWT,1,1,1,1
AQXMNHW,1,1,1,1
AQXZUDJ,1,1,1,1
AQY2GKH,1,1,1,1
AQYLSDX,1,1,1,1
AQZU7ME,1,1,1,1
AR1SI8S,1,1,1,1
AR7T3SR,1,1,1,1
AR896TF,1,1,1,1
ARB0E5S,1,1,1,1
ARCGC0Y,1,1,1,1
ARDBLKT,1,1,1,1
ARE7SZE,1,1,1,1
AREGQYU,1,1,1,1
ARFDAQG,1,1,1,1
ARIFWCJ,1,1,1,1
ARIY3QH,1,1,1,1
ARLS4CM,1,1,1,1
ARLZ9JT,1,1,1,1
ARO2YRG,1,1,1,1
ARPVSMI,1,1,1,1
ARQGKCJ,1,1,1,1
ARQWIKA,1,1,1,1
ARUJPWS,1,1,1,1
ARUT7TO,1,1,1,1
ARV1RRJ,1,1,1,1
ARVEQ5B,1,1,1,1
ARYLTBL,1,1,1,1
ARZHFYJ,1,1,1,1
AS1NUGN,1,1,1,1
AS548B5,1,1,1,1
AS64DJL,1,1,1,1
AS72JSH,1,1,1,1
ASAK6HT,1,1,1,1
ASAKKRN,1,1,1,1
ASARX5B,1,1,1,1
ASBINJS,1,1,1,1
ASCAZUD,1,1,1,1
ASCN9K5,1,1,1,1
ASDFA4M,1,1,1,1
ASDS4LA,1,1,1,1
ASEALV0,1,1,1,1
ASGMBCN,1,1,1,1
ASHMZSO,1,1,1,1
ASHU62N,1,1,1,1
ASJFN4M,1,1,1,1
ASLYPMX,1,1,1,1
ASMLFP6,1,1,1,1
ASMN7YI,1,1,1,1
ASNRAUW,1,1,1,1
ASOLXUP,1,1,1,1
ASOMTP1,1,1,1,1
ASQF3OE,1,1,1,1
ASSM6V3,1,1,1,1
ASTH5T9,1,1,1,1
ASTHLZW,1,1,1,1
ASTKQ34,1,1,1,1
ASX2CQN,1,1,1,1
ASYF5MO,1,1,1,1
ASZ3RQD,1,1,1,1
ASZKICV,1,1,1,1
ASZR9JL,1,1,1,1
AT01QDY,1,1,1,1
AT14UEB,1,1,1,1
AT1AXLG,1,1,1,1
AT1VY1I,1,1,1,1
AT32JWY,1,1,1,1
AT769TM,1,1,1,1
AT7C44R,1,1,1,1
AT7KQKI,1,1,1,1
AT7RBMS,1,1,1,1
AT8E4ZG,1,1,1,1
ATAQCZ1,1,1,1,1
ATAVGJH,1,1,1,1
ATB4YKA,1,1,1,1
ATDC6S3,1,1,1,1
ATDERZC,1,1,1,1
ATF45NA,1,1,1,1
ATFJMNF,1,1,1,1
ATGPOFA,1,1,1,1
ATGVOBM,1,1,1,1
ATHAMIK,1,1,1,1
ATHN6XE,1,1,1,1
ATHRI0Y,1,1,1,1
ATJQG8T,1,1,1,1
ATKGZE1,1,1,1,1
ATLANVA,1,1,1,1
ATMHZPD,1,1,1,1
ATN59JP,1,1,1,1
ATP1XTS,1,1,1,1
ATQ9Y2I,1,1,1,1
ATR9LOM,1,1,1,1
ATRSXBL,1,1,1,1
ATRZ7WF,1,1,1,1
ATSJE4S,1,1,1,1
ATW2E9J,1,1,1,1
ATW4OAC,1,1,1,1
ATWSCWD,1,1,1,1
ATYLH0E,1,1,1,1
AU39TQT,1,1,1,1
AU3B8RC,1,1,1,1
AU3JLR7,1,1,1,1
AU4CQLH,1,1,1,1
AU4OWGD,1,1,1,1
AU4TOC6,1,1,1,1
AU67RAH,1,1,1,1
AU7C4IA,1,1,1,1
AU7OXYC,1,1,1,1
AU8TP2C,1,1,1,1
AUABHIE,1,1,1,1
AUC6TG0,1,1,1,1
AUCCLTP,1,1,1,1
AUDJYBN,1,1,1,1
AUE9O5H,1,1,1,1
AUEHOBC,1,1,1,1
AUEYR57,1,1,1,1
AUFXTFE,1,1,1,1
AUG6IKG,1,1,1,1
AUH2VBQ,1,1,1,1
AUIBY5O,1,1,1,1
AUIT7SB,1,1,1,1
AUJSNJ0,1,1,1,1
AUKBGRJ,1,1,1,1
AUKZHWE,1,1,1,1
AUL8K7M,1,1,1,1
AULCMXP,1,1,1,1
AUMDQPF,1,1,1,1
AUMIQXM,1,1,1,1
AUMKCBO,1,1,1,1
AUMY9QG,1,1,1,1
AUNS8QG,1,1,1,1
AUODZTM,1,1,1,1
AUOKDZX,1,1,1,1
AUQMHKK,1,1,1,1
AUR4LF1,1,1,1,1
AURSK0F,1,1,1,1
AUS3AAD,1,1,1,1
AUT4KM0,1,1,1,1
AUUEYFA,1,1,1,1
AUVMHIK,1,1,1,1
AUXERDF,1,1,1,1
AUYKATH,1,1,1,1
AUZG0BH,1,1,1,1
AUZGLCS,1,1,1,1
AUZPEL8,1,1,1,1
AV1F76Q,1,1,1,1
AV2HFTW,1,1,1,1
AV2JAJB,1,1,1,1
AV4Q2LF,1,1,1,1
AV8RY1K,1,1,1,1
AVCBRPD,1,1,1,1
AVGDYZR,1,1,1,1
AVGR320,1,1,1,1
AVHNPDY,1,1,1,1
AVJ7IGU,1,1,1,1
AVKMEA3,1,1,1,1
AVL0E3C,1,1,1,1
AVLVIXS,1,1,1,1
AVMR83O,1,1,1,1
AVMTTHH,1,1,1,1
AVNUKAG,1,1,1,1
AVSJI7Y,1,1,1,1
AVV2A15,1,1,1,1
AVVBLBL,1,1,1,1
AVWXJDG,1,1,1,1
AVZ7OVT,1,1,1,1
AVZX62I,1,1,1,1
AW0BQZK,1,1,1,1
AW2UQ5N,1,1,1,1
AW6GLAB,1,1,1,1
AW6NZUL,1,1,1,1
AW79FKH,1,1,1,1
AW8NBKH,1,1,1,1
AW9N6RX,1,1,1,1
AW9RPNG,1,1,1,1
AWB4J5Z,1,1,1,1
AWDC3O6,1,1,1,1
AWESMBC,1,1,1,1
AWFF8O1,1,1,1,1
AWFQ2KY,1,1,1,1
AWGEQW3,1,1,1,1
AWHXJKT,1,1,1,1
AWIOYXK,1,1,1,1
AWJDWXH,1,1,1,1
AWKDOM1,1,1,1,1
AWLAEY7,1,1,1,1
AWNTOZB,1,1,1,1
AWNXW7N,1,1,1,1
AWOJDT4,1,1,1,1
AWPJXOR,1,1,1,1
AWPV2E1,1,1,1,1
AWQ5CM9,1,1,1,1
AWQCXFL,1,1,1,1
AWT4OHL,1,1,1,1
AWTCSEX,1,1,1,1
AWULR6J,1,1,1,1
AWZ6K1U,1,1,1,1
AX311ER,1,1,1,1
AX3D8SN,1,1,1,1
AX3KCDS,1,1,1,1
AX3PGU2,1,1,1,1
AX3UL3T,1,1,1,1
AX4YLXN,1,1,1,1
AX5OCUL,1,1,1,1
AX7IEL5,1,1,1,1
AX7PUNP,1,1,1,1
AX7V4A7,1,1,1,1
AX9QWU7,1,1,1,1
AXADNCU,1,1,1,1
AXB4QTV,1,1,1,1
AXD6R7Q,1,1,1,1
AXFYVUM,1,1,1,1
AXG3BCW,1,1,1,1
AXH0XFE,1,1,1,1
AXH58KT,1,1,1,1
AXI7FEA,1,1,1,1
AXKBJ7V,1,1,1,1
AXKMM11,1,1,1,1
AXMWDK7,1,1,1,1
AXNQE4I,1,1,1,1
AXO1CHD,1,1,1,1
AXOTR2R,1,1,1,1
AXPSEWX,1,1,1,1
AXRCIZV,1,1,1,1
AXSGQOX,1,1,1,1
AXSHLWH,1,1,1,1
AXUAMNE,1,1,1,1
AXVDVHD,1,1,1,1
AXW1NXK,1,1,1,1
AY18Y0Q,1,1,1,1
AY2L4R0,1,1,1,1
AY3CQMQ,1,1,1,1
AY5KKQ9,1,1,1,1
AY5OZF4,1,1,1,1
AY6OB6M,1,1,1,1
AY6SCUA,1,1,1,1
AY8DP0O,1,1,1,1
AY9GHBT,1,1,1,1
AYAOYGV,1,1,1,1
AYCAAMS,1,1,1,1
AYCJO9B,1,1,1,1
AYCXRWE,1,1,1,1
AYD809B,1,1,1,1
AYF904T,1,1,1,1
AYFM576,1,1,1,1
AYH16FE,1,1,1,1
AYHJMGN,1,1,1,1
AYHY8G6,1,1,1,1
AYI32T8,1,1,1,1
AYIBE25,1,1,1,1
AYIPXKV,1,1,1,1
AYIX5WF,1,1,1,1
AYKF5AP,1,1,1,1
AYL6RFQ,1,1,1,1
AYLDIX0,1,1,1,1
AYLR1MT,1,1,1,1
AYM1I0M,1,1,1,1
AYNBJ4D,1,1,1,1
AYO4TLD,1,1,1,1
AYQC2DM,1,1,1,1
AYQJWG9,1,1,1,1
AYR8OLC,1,1,1,1
AYR8ZTJ,1,1,1,1
AYT3VPK,1,1,1,1
AYTAFJT,1,1,1,1
AYTN89N,1,1,1,1
AYTXHL2,1,1,1,1
AYUTA5B,1,1,1,1
AYWXBB2,1,1,1,1
AYX7JGP,1,1,1,1
AYXV0TU,1,1,1,1
AYYD825,1,1,1,1
AYZDBU3,1,1,1,1
AYZNEHV,1,1,1,1
AYZSMNI,1,1,1,1
AZ08LGU,1,1,1,1
AZ0DB4J,1,1,1,1
AZ431YE,1,1,1,1
AZ51CN0,1,1,1,1
AZ5QLNF,1,1,1,1
AZ5UOO0,1,1,1,1
AZ7E15K,1,1,1,1
AZAWQTN,1,1,1,1
AZB18S0,1,1,1,1
AZBE43C,1,1,1,1
AZCI0PZ,1,1,1,1
AZD25QX,1,1,1,1
AZDIEQV,1,1,1,1
AZG6K0S,1,1,1,1
AZGS1QS,1,1,1,1
AZGVW32,1,1,1,1
AZHFCOX,1,1,1,1
AZI9UY9,1,1,1,1
AZK0DS8,1,1,1,1
AZK9KPS,1,1,1,1
AZM8EFU,1,1,1,1
AZMGSX1,1,1,1,1
AZN1RCQ,1,1,1,1
AZNEE0U,1,1,1,1
AZP4UBG,1,1,1,1
AZPQ6QG,1,1,1,1
AZQFOWP,1,1,1,1
AZR1GBK,1,1,1,1
AZTBWJG,1,1,1,1
AZUWB4F,1,1,1,1
AZUXOQH,1,1,1,1
AZVF5CM,1,1,1,1
AZXTXKY,1,1,1,1
AZY1FE5,1,1,1,1
B00N1V8,1,1,1,1
B039TVR,1,1,1,1
B05MB8L,1,1,1,1
B05P9Y6,1,1,1,1
B080HH8,1,1,1,1
B0BVTML,1,1,1,1
B0CIA7H,1,1,1,1
B0D722Y,1,1,1,1
B0HKJ57,1,1,1,1
B0I7U1Z,1,1,1,1
B0JCS46,1,1,1,1
B0KNJ8U,1,1,1,1
B0KYYLE,1,1,1,1
B0L2SH9,1,1,1,1
B0N3INY,1,1,1,1
B0O9IS5,1,1,1,1
B0PY19H,1,1,1,1
B0S4ITR,1,1,1,1
B0S6LNK,1,1,1,1
B0UE1CL,1,1,1,1
B0V6LDG,1,1,1,1
B11HXL1,1,1,1,1
B176VJV,1,1,1,1
B18NTRP,1,1,1,1
B1A4SLM,1,1,1,1
B1B9Z8Y,1,1,1,1
B1C5CRL,1,1,1,1
B1FXULI,1,1,1,1
B1GP6SM,1,1,1,1
B1IXIXP,1,1,1,1
B1JRXW4,1,1,1,1
B1JY2AO,1,1,1,1
B1K67NI,1,1,1,1
B1L45AC,1,1,1,1
B1P53HE,1,1,1,1
B1PBF43,1,1,1,1
B1RWAF3,1,1,1,1
B1SPKSC,1,1,1,1
B1ULAYR,1,1,1,1
B1URKOJ,1,1,1,1
B1VKCXP,1,1,1,1
B1VRKTE,1,1,1,1
B1Y24Z7,1,1,1,1
B1YZXD2,1,1,1,1
B1Z7XLK,1,1,1,1
B1ZELSE,1,1,1,1
B20J66C,1,1,1,1
B224FPX,1,1,1,1
B227YKE,1,1,1,1
B23N4DM,1,1,1,1
B24A3RH,1,1,1,1
B24JC0W,1,1,1,1
B24VG9R,1,1,1,1
B27JIDF,1,1,1,1
B28WWGM,1,1,1,1
B28XN9N,1,1,1,1
B297FZA,1,1,1,1
B2BOYKX,1,1,1,1
B2CN2DK,1,1,1,1
B2DE1N7,1,1,1,1
B2DYVXQ,1,1,1,1
B2GM5N2,1,1,1,1
B2GOAKP,1,1,1,1
B2IO99Y,1,1,1,1
B2J9QP4,1,1,1,1
B2JM277,1,1,1,1
B2LK1Y1,1,1,1,1
B2N1JGI,1,1,1,1
B2O7NFG,1,1,1,1
B2Q3OQ2,1,1,1,1
B2R59AP,1,1,1,1
B2RGO1H,1,1,1,1
B2SX4LC,1,1,1,1
B2VHW5M,1,1,1,1
B2WY6WX,1,1,1,1
B2XV66O,1,1,1,1
B2Y4TES,1,1,1,1
B2YOMG5,1,1,1,1
B2ZZ97B,1,1,1,1
B30ACWE,1,1,1,1
B340511,1,1,1,1
B356PQZ,1,1,1,1
B35KOHV,1,1,1,1
B35P3CE,1,1,1,1
B36QI47,1,1,1,1
B397EAM,1,1,1,1
B3AA48S,1,1,1,1
B3CER2T,1,1,1,1
B3EEFU0,1,1,1,1
B3F1WDC,1,1,1,1
B3F61NG,1,1,1,1
B3HONWI,1,1,1,1
B3IN57I,1,1,1,1
B3IS4XJ,1,1,1,1
B3QX92H,1,1,1,1
B3RFCDK,1,1,1,1
B3RUBSI,1,1,1,1
B3TYJPA,1,1,1,1
B3UWOLE,1,1,1,1
B3YTV2F,1,1,1,1
B3ZDO4J,1,1,1,1
B3ZTZUB,1,1,1,1
B423U2H,1,1,1,1
B42CZRU,1,1,1,1
B4370X0,1,1,1,1
B444VQQ,1,1,1,1
B44JSMK,1,1,1,1
B47HICT,1,1,1,1
B4B6N1A,1,1,1,1
B4DE3OH,1,1,1,1
B4EAJ7Q,1,1,1,1
B4EEVX1,1,1,1,1
B4EOSAV,1,1,1,1
B4H3MOW,1,1,1,1
B4HIKGC,1,1,1,1
B4IG0X8,1,1,1,1
B4J38L0,1,1,1,1
B4JULEB,1,1,1,1
B4KEFC7,1,1,1,1
B4L3N4L,1,1,1,1
B4LQ29Z,1,1,1,1
B4LVKX9,1,1,1,1
B4MPUU7,1,1,1,1
B4NURWN,1,1,1,1
B4QCA0O,1,1,1,1
B4QJ4NO,1,1,1,1
B4QY2HL,1,1,1,1
B4QYHB2,1,1,1,1
B4R3I31,1,1,1,1
B4S8VA3,1,1,1,1
B4SELEG,1,1,1,1
B4SRFO0,1,1,1,1
B4ZVJ20,1,1,1,1
B5062O9,1,1,1,1
B50CAEW,1,1,1,1
B50QB7P,1,1,1,1
B51BUR5,1,1,1,1
B529441,1,1,1,1
B52ACGQ,1,1,1,1
B52Q01V,1,1,1,1
B52Y3T4,1,1,1,1
B53NODM,1,1,1,1
B54V28F,1,1,1,1
B569DNU,1,1,1,1
B5847AS,1,1,1,1
B59IM8D,1,1,1,1
B5DEZRB,1,1,1,1
B5GE87J,1,1,1,1
B5IHX5G,1,1,1,1
B5K9VQZ,1,1,1,1
B5LEP6H,1,1,1,1
B5LSDLG,1,1,1,1
B5MINLK,1,1,1,1
B5MTT04,1,1,1,1
B5N8W0Y,1,1,1,1
B5NEYWX,1,1,1,1
B5PZYO6,1,1,1,1
B5QFK81,1,1,1,1
B5QQVUK,1,1,1,1
B5RDE6J,1,1,1,1
B5S25H8,1,1,1,1
B5T8JZ5,1,1,1,1
B5TAH0A,1,1,1,1
B5TNU0H,1,1,1,1
B5VSC0F,1,1,1,1
B5WD9NM,1,1,1,1
B61I9Z4,1,1,1,1
B62WH2U,1,1,1,1
B63IGYN,1,1,1,1
B63X23Y,1,1,1,1
B66UR8S,1,1,1,1
B67GQC6,1,1,1,1
B67Z3VY,1,1,1,1
B68EKXU,1,1,1,1
B68QIOP,1,1,1,1
B69Z14N,1,1,1,1
B6DEQO1,1,1,1,1
B6DKIXZ,1,1,1,1
B6H65US,1,1,1,1
B6JITQT,1,1,1,1
B6K9JJE,1,1,1,1
B6KJ7VZ,1,1,1,1
B6OMTHN,1,1,1,1
B6S04MR,1,1,1,1
B6SVOA5,1,1,1,1
B6TTE14,1,1,1,1
B6UEDHA,1,1,1,1
B6V6ONT,1,1,1,1
B6VRPW8,1,1,1,1
B6ZSIIZ,1,1,1,1
B70BZ4O,1,1,1,1
B76ZDBU,1,1,1,1
B78WSKJ,1,1,1,1
B79BJ6K,1,1,1,1
B7DPRZK,1,1,1,1
B7EHEV4,1,1,1,1
B7F5X2K,1,1,1,1
B7FCZTQ,1,1,1,1
B7H4KRD,1,1,1,1
B7HKE4U,1,1,1,1
B7I1D8A,1,1,1,1
B7J294W,1,1,1,1
B7J8IF3,1,1,1,1
B7NBDUQ,1,1,1,1
B7NJJI9,1,1,1,1
B7P9EC6,1,1,1,1
B7XYAZ7,1,1,1,1
B7Y5367,1,1,1,1
B7Z87PO,1,1,1,1
B80PZHE,1,1,1,1
B85371H,1,1,1,1
B85EODT,1,1,1,1
B85FVR3,1,1,1,1
B85SZWP,1,1,1,1
B86304J,1,1,1,1
B869ZS6,1,1,1,1
B87A0DX,1,1,1,1
B89HJU1,1,1,1,1
B8AEXQ6,1,1,1,1
B8CN8QA,1,1,1,1
B8CTSXI,1,1,1,1
B8D6LQK,1,1,1,1
B8F8ZIJ,1,1,1,1
B8JCSV6,1,1,1,1
B8KEECR,1,1,1,1
B8LEYIZ,1,1,1,1
B8LVO5H,1,1,1,1
B8N24CQ,1,1,1,1
B8O6CYT,1,1,1,1
B8OFUCE,1,1,1,1
B8OO6KX,1,1,1,1
B8QQFXB,1,1,1,1
B8SCKEO,1,1,1,1
B8SRYHR,1,1,1,1
B8U79M5,1,1,1,1
B8VHDDL,1,1,1,1
B8VOOMH,1,1,1,1
B8WE8RC,1,1,1,1
B8WHI6F,1,1,1,1
B8Z0UUQ,1,1,1,1
B8ZA28A,1,1,1,1
B8ZQ8BK,1,1,1,1
B918Y02,1,1,1,1
B92MSQ8,1,1,1,1
B95NYDM,1,1,1,1
B96HEU0,1,1,1,1
B98HM9V,1,1,1,1
B99KIHL,1,1,1,1
B99PAWU,1,1,1,1
B9ACNJX,1,1,1,1
B9BU7S5,1,1,1,1
B9CGV8J,1,1,1,1
B9EYLPV,1,1,1,1
B9G5A1M,1,1,1,1
B9K2YGJ,1,1,1,1
B9KFRTZ,1,1,1,1
B9KGKOA,1,1,1,1
B9KWJZN,1,1,1,1
B9NUVY4,1,1,1,1
B9OZSYH,1,1,1,1
B9PDAF5,1,1,1,1
B9THKY1,1,1,1,1
B9VXUE2,1,1,1,1
B9XWNJ5,1,1,1,1
B9Z6T03,1,1,1,1
BA0KCVJ,1,1,1,1
BA12IEB,1,1,1,1
BA1RVIN,1,1,1,1
BA2LVTN,1,1,1,1
BA42JML,1,1,1,1
BA4LKKS,1,1,1,1
BA6BW9R,1,1,1,1
BA8Z7L3,1,1,1,1
BA9510Q,1,1,1,1
BAC3M0B,1,1,1,1
BACL7HA,1,1,1,1
BADUQP0,1,1,1,1
BAFBOV7,1,1,1,1
BAFL8RY,1,1,1,1
BAJMSSV,1,1,1,1
BAKI6VM,1,1,1,1
BAMD304,1,1,1,1
BAOU0YH,1,1,1,1
BAR48TD,1,1,1,1
BARB6AR,1,1,1,1
BATS6BK,1,1,1,1
BAZQLFJ,1,1,1,1
BB2D46Y,1,1,1,1
BB2ZHP9,1,1,1,1
BB38N83,1,1,1,1
BB3HAGS,1,1,1,1
BB4LTSA,1,1,1,1
BB5Y8OR,1,1,1,1
BB6EZA4,1,1,1,1
BB6MSXX,1,1,1,1
BB8E4II,1,1,1,1
BB8ZQQU,1,1,1,1
BB9T8ZR,1,1,1,1
BBFSE6U,1,1,1,1
BBJNH0D,1,1,1,1
BBKAPZV,1,1,1,1
BBMLVLU,1,1,1,1
BBMYNEJ,1,1,1,1
BBNB1BN,1,1,1,1
BBO4ORI,1,1,1,1
BBP1JEI,1,1,1,1
BBQUREL,1,1,1,1
BBSI0CE,1,1,1,1
BBSJJ8K,1,1,1,1
BBVROYJ,1,1,1,1
BBWIVRT,1,1,1,1
BBWUHLF,1,1,1,1
BBYOPTO,1,1,1,1
BBZ5GPP,1,1,1,1
BC0MJ4G,1,1,1,1
BC2KVEY,1,1,1,1
BC4N1CE,1,1,1,1
BC6KOMO,1,1,1,1
BC768YZ,1,1,1,1
BC865DS,1,1,1,1
BC9318Z,1,1,1,1
BC996HT,1,1,1,1
BC9EBCM,1,1,1,1
BCAIJQ3,1,1,1,1
BCAJCUK,1,1,1,1
BCAVZJ0,1,1,1,1
BCCJ5EX,1,1,1,1
BCCZ0NC,1,1,1,1
BCGLOHQ,1,1,1,1
BCGQ6WS,1,1,1,1
BCH36AP,1,1,1,1
BCIKD2Q,1,1,1,1
BCK4CJB,1,1,1,1
BCKD717,1,1,1,1
BCLKXSS,1,1,1,1
BCMSUUX,1,1,1,1
BCOB9CY,1,1,1,1
BCOZVTG,1,1,1,1
BCQKVHZ,1,1,1,1
BCQQORA,1,1,1,1
BCSEZ35,1,1,1,1
BCTMDSR,1,1,1,1
BCUYORO,1,1,1,1
BCWRPKQ,1,1,1,1
BCWUY36,1,1,1,1
BCYKNWA,1,1,1,1
BCYQU96,1,1,1,1
BCZ1AVO,1,1,1,1
BCZAWSV,1,1,1,1
BCZSJHM,1,1,1,1
BD0QIIQ,1,1,1,1
BD3X90R,1,1,1,1
BD4EMTV,1,1,1,1
BD7SJG2,1,1,1,1
BD8524C,1,1,1,1
BD8U4JC,1,1,1,1
BDB6ILC,1,1,1,1
BDBB7JP,1,1,1,1
BDBMEBQ,1,1,1,1
BDCMW5X,1,1,1,1
BDFFG0T,1,1,1,1
BDGFSJU,1,1,1,1
BDGYRZJ,1,1,1,1
BDIATXP,1,1,1,1
BDICUNH,1,1,1,1
BDJ955Q,1,1,1,1
BDJS4HN,1,1,1,1
BDM38U5,1,1,1,1
BDMITZ8,1,1,1,1
BDP33D5,1,1,1,1
BDP4NXW,1,1,1,1
BDQDGVQ,1,1,1,1
BDQFT73,1,1,1,1
BDRPCGX,1,1,1,1
BDTO7IC,1,1,1,1
BDYWERA,1,1,1,1
BDZCPGY,1,1,1,1
BE0HOQQ,1,1,1,1
BE1NN5V,1,1,1,1
BE4OT4A,1,1,1,1
BE53ZMC,1,1,1,1
BE6SJTN,1,1,1,1
BE71R3V,1,1,1,1
BE7H5K6,1,1,1,1
BE97028,1,1,1,1
BECBZDZ,1,1,1,1
BECE8ZG,1,1,1,1
BEGLJ6M,1,1,1,1
BEH607E,1,1,1,1
BEHCUW8,1,1,1,1
BEHN8D6,1,1,1,1
BEI25VX,1,1,1,1
BEKC9AU,1,1,1,1
BEKMHLF,1,1,1,1
BENT6HX,1,1,1,1
BEOQIDQ,1,1,1,1
BEPM31S,1,1,1,1
BEPM98S,1,1,1,1
BEPO7CB,1,1,1,1
BEPOVTS,1,1,1,1
BEPSQJ7,1,1,1,1
BEPW8NP,1,1,1,1
BEQHMV1,1,1,1,1
BEQP4LX,1,1,1,1
BERQN7W,1,1,1,1
BESGYZK,1,1,1,1
BEVO6V6,1,1,1,1
BEWCGPH,1,1,1,1
BEX55UJ,1,1,1,1
BEYGANL,1,1,1,1
BF0SWY5,1,1,1,1
BF269C5,1,1,1,1
BF2INC3,1,1,1,1
BF6GLHI,1,1,1,1
BF6H2E8,1,1,1,1
BF6HJJX,1,1,1,1
BFA9P54,1,1,1,1
BFB6ME3,1,1,1,1
BFC6IB9,1,1,1,1
BFC93AW,1,1,1,1
BFCW9LH,1,1,1,1
BFE7AZQ,1,1,1,1
BFESCBW,1,1,1,1
BFF0DBE,1,1,1,1
BFGZQ10,1,1,1,1
BFIDDEB,1,1,1,1
BFIPCY8,1,1,1,1
BFJKODW,1,1,1,1
BFJMZHV,1,1,1,1
BFJS1N3,1,1,1,1
BFMSG4W,1,1,1,1
BFOS3BM,1,1,1,1
BFPNMO9,1,1,1,1
BFS0WH4,1,1,1,1
BFSCUSI,1,1,1,1
BFTWUI0,1,1,1,1
BFXZA46,1,1,1,1
BFZRQP1,1,1,1,1
BG1P4BZ,1,1,1,1
BG2PTLV,1,1,1,1
BG3X14W,1,1,1,1
BG3YSMH,1,1,1,1
BG5OCLF,1,1,1,1
BG5QO2D,1,1,1,1
BG6Q5T4,1,1,1,1
BG7M3DS,1,1,1,1
BGBXEZO,1,1,1,1
BGDH41M,1,1,1,1
BGE2937,1,1,1,1
BGEICG5,1,1,1,1
BGEVK3C,1,1,1,1
BGF5KG4,1,1,1,1
BGFAYCL,1,1,1,1
BGFSJB2,1,1,1,1
BGGCQBT,1,1,1,1
BGHIHQB,1,1,1,1
BGHNNTM,1,1,1,1
BGLBYKX,1,1,1,1
BGMGVAA,1,1,1,1
BGMQQMR,1,1,1,1
BGNKXPO,1,1,1,1
BGNMZ2X,1,1,1,1
BGOQVEN,1,1,1,1
BGPBL4T,1,1,1,1
BGQBUFR,1,1,1,1
BGQR31E,1,1,1,1
BGRFXNA,1,1,1,1
BGSOGLD,1,1,1,1
BGTBAE0,1,1,1,1
BGUKERJ,1,1,1,1
BGWO3FI,1,1,1,1
BGWPSQC,1,1,1,1
BGWWNIS,1,1,1,1
BGXP7VQ,1,1,1,1
BH06ATV,1,1,1,1
BH27LDC,1,1,1,1
BH7HCS3,1,1,1,1
BH7R0T5,1,1,1,1
BH9FMAE,1,1,1,1
BHDGVPP,1,1,1,1
BHDO2IH,1,1,1,1
BHE9RRU,1,1,1,1
BHEBRZE,1,1,1,1
BHEBVPN,1,1,1,1
BHEYXA9,1,1,1,1
BHJ4E4Z,1,1,1,1
BHKHPDU,1,1,1,1
BHKJGYK,1,1,1,1
BHNCGSE,1,1,1,1
BHOL4KM,1,1,1,1
BHOQSJ7,1,1,1,1
BHPX8Q9,1,1,1,1
BHR5HI6,1,1,1,1
BHRNJG1,1,1,1,1
BHS6EQQ,1,1,1,1
BHSC1OX,1,1,1,1
BHTK3ND,1,1,1,1
BHU4HVF,1,1,1,1
BHUHGG5,1,1,1,1
BHXDR6T,1,1,1,1
BHZH5IL,1,1,1,1
BHZMCEK,1,1,1,1
BHZPAME,1,1,1,1
BI13JEL,1,1,1,1
BI28QCG,1,1,1,1
BI2P3MP,1,1,1,1
BI65JA3,1,1,1,1
BI6C3WH,1,1,1,1
BI6R0V9,1,1,1,1
BI79YHA,1,1,1,1
BI8TX17,1,1,1,1
BI99VLY,1,1,1,1
BIA95EX,1,1,1,1
BICTHJO,1,1,1,1
BIEVMLF,1,1,1,1
BIFVKJC,1,1,1,1
BIG33FH,1,1,1,1
BIHTRY8,1,1,1,1
BIJU4OA,1,1,1,1
BIK7RJL,1,1,1,1
BIMHV4P,1,1,1,1
BIMVQYC,1,1,1,1
BIO5N80,1,1,1,1
BIRYE4P,1,1,1,1
BISAW2D,1,1,1,1
BITNQMQ,1,1,1,1
BITZSH9,1,1,1,1
BITZU1M,1,1,1,1
BIU2E1F,1,1,1,1
BIW1P4O,1,1,1,1
BIWC0D6,1,1,1,1
BIXPZ7B,1,1,1,1
BJ0V30R,1,1,1,1
BJ1HPPM,1,1,1,1
BJ1Y2NH,1,1,1,1
BJ3HF9D,1,1,1,1
BJ74OBG,1,1,1,1
BJ8BCIU,1,1,1,1
BJ8LW78,1,1,1,1
BJAAEP6,1,1,1,1
BJB4LEE,1,1,1,1
BJBTKKO,1,1,1,1
BJBUAFM,1,1,1,1
BJCDZXZ,1,1,1,1
BJCJGIH,1,1,1,1
BJCTMF3,1,1,1,1
BJF13Y5,1,1,1,1
BJF9XRO,1,1,1,1
BJKBUPN,1,1,1,1
BJKQF4Y,1,1,1,1
BJLQ1P9,1,1,1,1
BJLUZL1,1,1,1,1
BJNE5LF,1,1,1,1
BJNG0XD,1,1,1,1
BJO9QFH,1,1,1,1
BJOU9SV,1,1,1,1
BJPYYL6,1,1,1,1
BJRACP0,1,1,1,1
BJRGDM8,1,1,1,1
BJRNJ5I,1,1,1,1
BJSCQTL,1,1,1,1
BJTA8UA,1,1,1,1
BJTMKU7,1,1,1,1
BJTNFVF,1,1,1,1
BJTYIRZ,1,1,1,1
BJUB9FM,1,1,1,1
BJUDTKC,1,1,1,1
BJY1IQZ,1,1,1,1
BJYD06X,1,1,1,1
BJZMP0J,1,1,1,1
BK07GNI,1,1,1,1
BK19MNY,1,1,1,1
BK2KOQD,1,1,1,1
BK35UYA,1,1,1,1
BK3J9OC,1,1,1,1
BK5KLGO,1,1,1,1
BK64WF5,1,1,1,1
BK6J7TD,1,1,1,1
BK6YQ8G,1,1,1,1
BK766NG,1,1,1,1
BK7TFCK,1,1,1,1
BK9BXF1,1,1,1,1
BKAILRU,1,1,1,1
BKC9YWC,1,1,1,1
BKFJEV3,1,1,1,1
BKGD6TV,1,1,1,1
BKIB89L,1,1,1,1
BKNJSWK,1,1,1,1
BKOP92C,1,1,1,1
BKOXUBA,1,1,1,1
BKPD9T9,1,1,1,1
BKPI3QW,1,1,1,1
BKQIJKV,1,1,1,1
BKSRJ09,1,1,1,1
BKSXG8I,1,1,1,1
BKTFX34,1,1,1,1
BKUKSDN,1,1,1,1
BKVKXBJ,1,1,1,1
BKXO7YV,1,1,1,1
BKYQONT,1,1,1,1
BKYRB0Y,1,1,1,1
BL0EYF7,1,1,1,1
BL2B7V7,1,1,1,1
BL3F4TA,1,1,1,1
BL49B6H,1,1,1,1
BL5ZXHD,1,1,1,1
BL8JBMZ,1,1,1,1
BL954AR,1,1,1,1
BL9NWBL,1,1,1,1
BLBBPEN,1,1,1,1
BLCQJIL,1,1,1,1
BLEY21Q,1,1,1,1
BLFD7DN,1,1,1,1
BLGEF0B,1,1,1,1
BLI4PV9,1,1,1,1
BLIXBJF,1,1,1,1
BLJISSN,1,1,1,1
BLJLG20,1,1,1,1
BLJR5EE,1,1,1,1
BLJR973,1,1,1,1
BLK5MTZ,1,1,1,1
BLKM3MP,1,1,1,1
BLKNX58,1,1,1,1
BLMOPO7,1,1,1,1
BLMV51H,1,1,1,1
BLOJ9DD,1,1,1,1
BLOTPWZ,1,1,1,1
BLQPG2I,1,1,1,1
BLRH0YR,1,1,1,1
BLTDEO4,1,1,1,1
BLV2U6Z,1,1,1,1
BLWLDWK,1,1,1,1
BLWRZYF,1,1,1,1
BLX7ND5,1,1,1,1
BLYD98X,1,1,1,1
BLYKSW8,1,1,1,1
BLZLBI4,1,1,1,1
BLZPGJ6,1,1,1,1
BLZS42J,1,1,1,1
BM05DUL,1,1,1,1
BM22YIG,1,1,1,1
BM41W4L,1,1,1,1
BM65WI9,1,1,1,1
BM7P3Y8,1,1,1,1
BM9DGV1,1,1,1,1
BM9HT0E,1,1,1,1
BM9X0XF,1,1,1,1
BMCF82W,1,1,1,1
BMCO8P1,1,1,1,1
BMCSTEY,1,1,1,1
BME61YG,1,1,1,1
BMEAZQM,1,1,1,1
BMEG5DC,1,1,1,1
BMIEZQP,1,1,1,1
BMJXXSX,1,1,1,1
BMM4ZK6,1,1,1,1
BMML8UN,1,1,1,1
BMOEANL,1,1,1,1
BMSOVN6,1,1,1,1
BMSU68F,1,1,1,1
BMTTYGV,1,1,1,1
BMV0TNA,1,1,1,1
BMVPPZX,1,1,1,1
BMVX039,1,1,1,1
BMX1UMX,1,1,1,1
BMXDWTJ,1,1,1,1
BMZPNT4,1,1,1,1
BN1PRL7,1,1,1,1
BN2JHYI,1,1,1,1
BN2TDWO,1,1,1,1
BN4GKCV,1,1,1,1
BN8T4KI,1,1,1,1
BNATD7B,1,1,1,1
BNBLCAR,1,1,1,1
BNBZMB7,1,1,1,1
BNC22JJ,1,1,1,1
BNC5UZ6,1,1,1,1
BNCV3I1,1,1,1,1
BNCY5SL,1,1,1,1
BND9CM1,1,1,1,1
BNEWV49,1,1,1,1
BNITJ07,1,1,1,1
BNK4XYW,1,1,1,1
BNL3MQK,1,1,1,1
BNLBPSR,1,1,1,1
BNLPEMX,1,1,1,1
BNM8M29,1,1,1,1
BNN2XGI,1,1,1,1
BNNF1FS,1,1,1,1
BNNN1LZ,1,1,1,1
BNQN1GD,1,1,1,1
BNR4SAJ,1,1,1,1
BNSSNZT,1,1,1,1
BNTZO7Q,1,1,1,1
BNU85RB,1,1,1,1
BNW6I6Y,1,1,1,1
BNYQPTP,1,1,1,1
BNZS5PV,1,1,1,1
BO00C86,1,1,1,1
BO2J96T,1,1,1,1
BO5X936,1,1,1,1
BO7P6B7,1,1,1,1
BO9A15C,1,1,1,1
BO9V4ZR,1,1,1,1
BOA3ZWW,1,1,1,1
BOBTOTP,1,1,1,1
BOBWI7N,1,1,1,1
BODNGFK,1,1,1,1
BOFA2O4,1,1,1,1
BOFGNXV,1,1,1,1
BOFGP9Y,1,1,1,1
BOHDT6K,1,1,1,1
BOI9XP5,1,1,1,1
BOLCUAI,1,1,1,1
BOLN2UI,1,1,1,1
BOM4C6R,1,1,1,1
BOPJTLG,1,1,1,1
BOR2MPB,1,1,1,1
BOSLNGC,1,1,1,1
BOUAWHZ,1,1,1,1
BOWCYNX,1,1,1,1
BOXIBLH,1,1,1,1
BOXQYND,1,1,1,1
BOZF5YT,1,1,1,1
BP1BX6F,1,1,1,1
BP59JUC,1,1,1,1
BP5B5IF,1,1,1,1
BP78VAU,1,1,1,1
BP78Y3L,1,1,1,1
BP8RKQ7,1,1,1,1
BP9CBR1,1,1,1,1
BPA0PDD,1,1,1,1
BPAASGB,1,1,1,1
BPCH8Y1,1,1,1,1
BPEB7MS,1,1,1,1
BPHN2P5,1,1,1,1
BPHX5NS,1,1,1,1
BPHXP9M,1,1,1,1
BPJWKRZ,1,1,1,1
BPL8XV5,1,1,1,1
BPMP966,1,1,1,1
BPMW5DT,1,1,1,1
BPRWJ3K,1,1,1,1
BPTEC9T,1,1,1,1
BPUQGOT,1,1,1,1
BPWEEJH,1,1,1,1
BPX73D0,1,1,1,1
BPXQ62Z,1,1,1,1
BQ19RUA,1,1,1,1
BQ3RVAW,1,1,1,1
BQ4G81N,1,1,1,1
BQ54BVV,1,1,1,1
BQ7OOJH,1,1,1,1
BQ7PDET,1,1,1,1
BQ92R7E,1,1,1,1
BQ9ZZV3,1,1,1,1
BQBEDV2,1,1,1,1
BQFB7RY,1,1,1,1
BQGR038,1,1,1,1
BQGWZNW,1,1,1,1
BQH1J4C,1,1,1,1
BQHQLWV,1,1,1,1
BQIIYZQ,1,1,1,1
BQIJ633,1,1,1,1
BQK349U,1,1,1,1
BQLBGZ1,1,1,1,1
BQOGL80,1,1,1,1
BQPW582,1,1,1,1
BQQUOTC,1,1,1,1
BQRD2LU,1,1,1,1
BQRTR42,1,1,1,1
BQS3TFE,1,1,1,1
BQSCVZE,1,1,1,1
BQWCXW0,1,1,1,1
BQWKM3B,1,1,1,1
BQYXBSE,1,1,1,1
BQZIBQJ,1,1,1,1
BQZS5B6,1,1,1,1
BR1MD24,1,1,1,1
BR38RVZ,1,1,1,1
BR6FQJ8,1,1,1,1
BR75UF4,1,1,1,1
BR7YF3G,1,1,1,1
BRAR9S5,1,1,1,1
BRCYMA0,1,1,1,1
BRCZJLT,1,1,1,1
BRDRH9A,1,1,1,1
BREBDDJ,1,1,1,1
BRECRH4,1,1,1,1
BRFIZKJ,1,1,1,1
BRG7GIQ,1,1,1,1
BRIP24H,1,1,1,1
BRJMBXM,1,1,1,1
BRLF1LD,1,1,1,1
BRPIKBU,1,1,1,1
BRPSAIZ,1,1,1,1
BRQE5XN,1,1,1,1
BRSBGYB,1,1,1,1
BRUI64X,1,1,1,1
BRUS30G,1,1,1,1
BRWQDOT,1,1,1,1
BRX52N1,1,1,1,1
BRZ59CM,1,1,1,1
BS156NR,1,1,1,1
BS5VHTO,1,1,1,1
BSADQ5O,1,1,1,1
BSBDIQ0,1,1,1,1
BSC24XA,1,1,1,1
BSC2GAP,1,1,1,1
BSCUP4Q,1,1,1,1
BSEL317,1,1,1,1
BSELDBN,1,1,1,1
BSF1W4P,1,1,1,1
BSGS09A,1,1,1,1
BSH7GOV,1,1,1,1
BSHOPGW,1,1,1,1
BSJ86JA,1,1,1,1
BSJBV1V,1,1,1,1
BSK08US,1,1,1,1
BSKX5ZR,1,1,1,1
BSL59M3,1,1,1,1
BSL9WC1,1,1,1,1
BSMQEU6,1,1,1,1
BSMYYOJ,1,1,1,1
BSOKEZO,1,1,1,1
BSPFHNK,1,1,1,1
BSPJ1CI,1,1,1,1
BSQTT2Q,1,1,1,1
BSRN7YW,1,1,1,1
BSSPKYK,1,1,1,1
BSUQJUT,1,1,1,1
BSV301G,1,1,1,1
BSXFD6N,1,1,1,1
BSY55UJ,1,1,1,1
BSYWKXG,1,1,1,1
BSZ57MR,1,1,1,1
BSZCWZS,1,1,1,1
BT05GW4,1,1,1,1
BT0BXCG,1,1,1,1
BT0JH7L,1,1,1,1
BT12H33,1,1,1,1
BT2UG50,1,1,1,1
BT2XSM6,1,1,1,1
BT41M1U,1,1,1,1
BT78K5C,1,1,1,1
BT7QF65,1,1,1,1
BT8KT1Y,1,1,1,1
BT9ENV6,1,1,1,1
BTDA8NZ,1,1,1,1
BTGY1TC,1,1,1,1
BTI0OXI,1,1,1,1
BTKKR2B,1,1,1,1
BTKTBH9,1,1,1,1
BTLA20Z,1,1,1,1
BTOU9W3,1,1,1,1
BTPHYAJ,1,1,1,1
BTPN19S,1,1,1,1
BTQM97S,1,1,1,1
BTQREND,1,1,1,1
BTRHF5C,1,1,1,1
BTROSUF,1,1,1,1
BTT9TZI,1,1,1,1
BTUZUKT,1,1,1,1
BTV6I3J,1,1,1,1
BTWDHTZ,1,1,1,1
BTX09LL,1,1,1,1
BTXSJX7,1,1,1,1
BTYYRCC,1,1,1,1
BU0S9IU,1,1,1,1
BU2862D,1,1,1,1
BU3NYXX,1,1,1,1
BU4152F,1,1,1,1
BU69Y17,1,1,1,1
BU7DNQD,1,1,1,1
BU82LA5,1,1,1,1
BU8L29N,1,1,1,1
BU9N2BP,1,1,1,1
BUA4DK4,1,1,1,1
BUASEP0,1,1,1,1
BUATT2B,1,1,1,1
BUBMRW8,1,1,1,1
BUCB3A0,1,1,1,1
BUDNIRW,1,1,1,1
BUDY88T,1,1,1,1
BUEVQW5,1,1,1,1
BUF6K3C,1,1,1,1
BUG0ISC,1,1,1,1
BUGKO2Y,1,1,1,1
BUHNBAP,1,1,1,1
BUJTJJB,1,1,1,1
BUKJZTV,1,1,1,1
BULHVWC,1,1,1,1
BULKU7J,1,1,1,1
BULQ4WX,1,1,1,1
BULU2MI,1,1,1,1
BUP3AF3,1,1,1,1
BUPA6VQ,1,1,1,1
BUQYVWJ,1,1,1,1
BURDAMS,1,1,1,1
BURKT4L,1,1,1,1
BUSR71B,1,1,1,1
BUV2GQJ,1,1,1,1
BUVTKFA,1,1,1,1
BUY9KDA,1,1,1,1
BUYDLZP,1,1,1,1
BUYFLNW,1,1,1,1
BUZ73YT,1,1,1,1
BUZ7L5U,1,1,1,1
BUZD8H7,1,1,1,1
BV0A47J,1,1,1,1
BV1PN37,1,1,1,1
BV3EG8M,1,1,1,1
BV3O1FE,1,1,1,1
BV3QMP1,1,1,1,1
BV4TIMY,1,1,1,1
BV6GPHO,1,1,1,1
BV6L825,1,1,1,1
BV6LNXL,1,1,1,1
BV6W2A7,1,1,1,1
BV78MLU,1,1,1,1
BV7TFGG,1,1,1,1
BV8HQGB,1,1,1,1
BV936N4,1,1,1,1
BV9EHB4,1,1,1,1
BV9PKP5,1,1,1,1
BVCQURD,1,1,1,1
BVDAPSU,1,1,1,1
BVEA1L7,1,1,1,1
BVFM5R1,1,1,1,1
BVFVJQK,1,1,1,1
BVG6EFQ,1,1,1,1
BVGKQRA,1,1,1,1
BVIUMCK,1,1,1,1
BVK3KTA,1,1,1,1
BVKJ3MX,1,1,1,1
BVM1HLC,1,1,1,1
BVNQCDE,1,1,1,1
BVPVQMV,1,1,1,1
BVPXGXM,1,1,1,1
BVR56VT,1,1,1,1
BVRIC97,1,1,1,1
BVTXWU7,1,1,1,1
BVWYFYJ,1,1,1,1
BVXQW4J,1,1,1,1
BVZIS8A,1,1,1,1
BVZM9WR,1,1,1,1
BW0VH2N,1,1,1,1
BW21EZ5,1,1,1,1
BW26QQL,1,1,1,1
BW3JF9R,1,1,1,1
BW44MI9,1,1,1,1
BW491JF,1,1,1,1
BW67DAW,1,1,1,1
BW68ENA,1,1,1,1
BW7QN8Z,1,1,1,1
BW8OE09,1,1,1,1
BW9JF22,1,1,1,1
BWAT0F3,1,1,1,1
BWBPHZR,1,1,1,1
BWCUBI8,1,1,1,1
BWDIDII,1,1,1,1
BWEUNGS,1,1,1,1
BWEZCZ0,1,1,1,1
BWG9FBJ,1,1,1,1
BWGDJCE,1,1,1,1
BWGLLJM,1,1,1,1
BWIZSF7,1,1,1,1
BWKLGRQ,1,1,1,1
BWKNWXD,1,1,1,1
BWLPHGW,1,1,1,1
BWM0VEK,1,1,1,1
BWPYLIM,1,1,1,1
BWR0XXO,1,1,1,1
BWR4QRI,1,1,1,1
BWW9CV9,1,1,1,1
BWXEZJT,1,1,1,1
BWZUHNP,1,1,1,1
BX6LU5P,1,1,1,1
BX75ELF,1,1,1,1
BX7KBT2,1,1,1,1
BX7YS3I,1,1,1,1
BX9SVMR,1,1,1,1
BXB8QZM,1,1,1,1
BXBRWMP,1,1,1,1
BXDZDLB,1,1,1,1
BXEEJ5S,1,1,1,1
BXEPL8W,1,1,1,1
BXF5LJR,1,1,1,1
BXFY18E,1,1,1,1
BXH7M41,1,1,1,1
BXI7L7I,1,1,1,1
BXICNOU,1,1,1,1
BXL0OVC,1,1,1,1
BXL1OKX,1,1,1,1
BXLB02C,1,1,1,1
BXLWH2O,1,1,1,1
BXN7U4V,1,1,1,1
BXOCEA6,1,1,1,1
BXQ7CAB,1,1,1,1
BXSE45R,1,1,1,1
BXT13QP,1,1,1,1
BXTC7JL,1,1,1,1
BXY6UJN,1,1,1,1
BXYUGB6,1,1,1,1
BY35046,1,1,1,1
BY3FWXS,1,1,1,1
BY3TPJT,1,1,1,1
BY45ZV7,1,1,1,1
BY5TDKI,1,1,1,1
BY5XF6W,1,1,1,1
BY637FE,1,1,1,1
BY75NDX,1,1,1,1
BY82YPK,1,1,1,1
BYCKSH0,1,1,1,1
BYCRFRR,1,1,1,1
BYCY77H,1,1,1,1
BYFNZ3B,1,1,1,1
BYJBLKU,1,1,1,1
BYJRSC6,1,1,1,1
BYK730A,1,1,1,1
BYPERSR,1,1,1,1
BYPOVXB,1,1,1,1
BYRG6T7,1,1,1,1
BYRHLGS,1,1,1,1
BYS7WLH,1,1,1,1
BYT96PV,1,1,1,1
BYUDFRX,1,1,1,1
BYVB0I9,1,1,1,1
BYYZZNN,1,1,1,1
BYZ08IC,1,1,1,1
BYZ5KZ4,1,1,1,1
BZ01IHZ,1,1,1,1
BZ0KKZD,1,1,1,1
BZ2TV69,1,1,1,1
BZ4TJ3J,1,1,1,1
BZ5YBNH,1,1,1,1
BZ9VXUO,1,1,1,1
BZAS0YR,1,1,1,1
BZE0870,1,1,1,1
BZE6PJG,1,1,1,1
BZFG3CL,1,1,1,1
BZHGKP3,1,1,1,1
BZI09J6,1,1,1,1
BZI68KR,1,1,1,1
BZLK6N7,1,1,1,1
BZNHJPG,1,1,1,1
BZNYKZ2,1,1,1,1
BZO3JZ5,1,1,1,1
BZPJ44C,1,1,1,1
BZQC6CA,1,1,1,1
BZQK7ZX,1,1,1,1
BZSI9L3,1,1,1,1
BZSTWLF,1,1,1,1
BZTV5O3,1,1,1,1
BZUF27T,1,1,1,1
BZVFNAO,1,1,1,1
BZVXO04,1,1,1,1
BZWXNL2,1,1,1,1
BZYNLWH,1,1,1,1
C00H145,1,1,1,1
C00PX1N,1,1,1,1
C01L3C6,1,1,1,1
C03R4BQ,1,1,1,1
C047DXF,1,1,1,1
C06JAEV,1,1,1,1
C07FF6O,1,1,1,1
C07G78Y,1,1,1,1
C08J0HP,1,1,1,1
C08JJ6G,1,1,1,1
C0AXALS,1,1,1,1
C0B5QSM,1,1,1,1
C0BZPIJ,1,1,1,1
C0E86VM,1,1,1,1
C0EOGGB,1,1,1,1
C0FBLM6,1,1,1,1
C0HAV2P,1,1,1,1
C0I0KAA,1,1,1,1
C0IBHVG,1,1,1,1
C0JQF19,1,1,1,1
C0JRQVG,1,1,1,1
C0KNO31,1,1,1,1
C0M3ORW,1,1,1,1
C0O5TUZ,1,1,1,1
C0OLV1S,1,1,1,1
C0Q3FWJ,1,1,1,1
C0SC5KL,1,1,1,1
C0UVZ2Q,1,1,1,1
C0VEJMQ,1,1,1,1
C0VLTT4,1,1,1,1
C0W2MSF,1,1,1,1
C10PONY,1,1,1,1
C137B9D,1,1,1,1
C13HWLA,1,1,1,1
C14PWIC,1,1,1,1
C15RJ3X,1,1,1,1
C18QJS5,1,1,1,1
C1BM9CD,1,1,1,1
C1BVJH2,1,1,1,1
C1DF4QW,1,1,1,1
C1DXTEW,1,1,1,1
C1FBW7N,1,1,1,1
C1KJLJF,1,1,1,1
C1MBNFP,1,1,1,1
C1PIU5P,1,1,1,1
C1UOHHC,1,1,1,1
C1V6DQN,1,1,1,1
C1VCYUN,1,1,1,1
C1VOCKG,1,1,1,1
C1WTK4N,1,1,1,1
C1XR9S2,1,1,1,1
C1ZFZR2,1,1,1,1
C1ZLWCS,1,1,1,1
C20N8PW,1,1,1,1
C20P7I8,1,1,1,1
C23WFOM,1,1,1,1
C25NF97,1,1,1,1
C26RXFY,1,1,1,1
C28TC66,1,1,1,1
C2AGD79,1,1,1,1
C2D0VC9,1,1,1,1
C2IVTK3,1,1,1,1
C2K4893,1,1,1,1
C2NQ5OD,1,1,1,1
C2NW6TH,1,1,1,1
C2OWXO4,1,1,1,1
C2UBGKH,1,1,1,1
C2X4QUP,1,1,1,1
C2YHW40,1,1,1,1
C2ZZUYV,1,1,1,1
C35QU6D,1,1,1,1
C376ZU8,1,1,1,1
C3AUQF8,1,1,1,1
C3DT43U,1,1,1,1
C3DZLC1,1,1,1,1
C3EPADZ,1,1,1,1
C3FAAZJ,1,1,1,1
C3IMK4B,1,1,1,1
C3KRL70,1,1,1,1
C3KTAHQ,1,1,1,1
C3M1U2Q,1,1,1,1
C3MX1VH,1,1,1,1
C3NZIZP,1,1,1,1
C3O0KOK,1,1,1,1
C3O2K4S,1,1,1,1
C3P44YK,1,1,1,1
C3QVPJZ,1,1,1,1
C3RKNH2,1,1,1,1
C3VPOUI,1,1,1,1
C3WIMO2,1,1,1,1
C3WQUKS,1,1,1,1
C3YTHVJ,1,1,1,1
C408KJ1,1,1,1,1
C40Q8RH,1,1,1,1
C42IGNO,1,1,1,1
C478RSX,1,1,1,1
C48FY4X,1,1,1,1
C4C1SHP,1,1,1,1
C4DBLXU,1,1,1,1
C4DHH9I,1,1,1,1
C4EB69H,1,1,1,1
C4EL92K,1,1,1,1
C4FRV9L,1,1,1,1
C4GK81W,1,1,1,1
C4H3G7D,1,1,1,1
C4H7QH2,1,1,1,1
C4HRDK1,1,1,1,1
C4I78PE,1,1,1,1
C4LV802,1,1,1,1
C4MP6A7,1,1,1,1
C4OVDJ5,1,1,1,1
C4PADH6,1,1,1,1
C4T8JZ7,1,1,1,1
C4THFOM,1,1,1,1
C4TV9OU,1,1,1,1
C4VDKWI,1,1,1,1
C4WIYPU,1,1,1,1
C4XPE7E,1,1,1,1
C4XU374,1,1,1,1
C4ZHYK7,1,1,1,1
C4ZKYC5,1,1,1,1
C50SCOA,1,1,1,1
C5296RB,1,1,1,1
C559NVQ,1,1,1,1
C55VJK5,1,1,1,1
C57JY29,1,1,1,1
C5976AW,1,1,1,1
C59Z8SY,1,1,1,1
C5BLYUZ,1,1,1,1
C5BMR9P,1,1,1,1
C5BZM6E,1,1,1,1
C5C0I0U,1,1,1,1
C5DRDQG,1,1,1,1
C5DU7O3,1,1,1,1
C5EHNL2,1,1,1,1
C5ESYHA,1,1,1,1
C5IA2UO,1,1,1,1
C5JU6SM,1,1,1,1
C5L2S9L,1,1,1,1
C5LZFYR,1,1,1,1
C5NUM16,1,1,1,1
C5OLLIU,1,1,1,1
C5PBNZ2,1,1,1,1
C5S2PWX,1,1,1,1
C5SXDBI,1,1,1,1
C5UR5RQ,1,1,1,1
C5UVVVY,1,1,1,1
C5WVMQC,1,1,1,1
C618DJJ,1,1,1,1
C61C38F,1,1,1,1
C63TFPS,1,1,1,1
C6AW93B,1,1,1,1
C6B18ZH,1,1,1,1
C6CRAKO,1,1,1,1
C6CZ8HD,1,1,1,1
C6F27I4,1,1,1,1
C6FBT5W,1,1,1,1
C6GDZCN,1,1,1,1
C6L4FLE,1,1,1,1
C6LP18R,1,1,1,1
C6MZQQF,1,1,1,1
C6O0GP7,1,1,1,1
C6PABEH,1,1,1,1
C6RJTSZ,1,1,1,1
C6S3A9X,1,1,1,1
C6S3S0H,1,1,1,1
C6U3MGK,1,1,1,1
C6V2SFD,1,1,1,1
C6WZ4TB,1,1,1,1
C6WZZS6,1,1,1,1
C6XD38A,1,1,1,1
C6XPTQO,1,1,1,1
C70ZRNT,1,1,1,1
C71GN63,1,1,1,1
C72O8RR,1,1,1,1
C75U0Q6,1,1,1,1
C765N09,1,1,1,1
C7BX9IB,1,1,1,1
C7CPH6B,1,1,1,1
C7DF7AX,1,1,1,1
C7DW6P6,1,1,1,1
C7GI18K,1,1,1,1
C7GSB8J,1,1,1,1
C7IEARJ,1,1,1,1
C7JS8JH,1,1,1,1
C7MA6VS,1,1,1,1
C7MNU2V,1,1,1,1
C7PZN51,1,1,1,1
C7RM1RG,1,1,1,1
C7SPEB2,1,1,1,1
C7T93K5,1,1,1,1
C7TE315,1,1,1,1
C7UJJOW,1,1,1,1
C7WOKOG,1,1,1,1
C7X314E,1,1,1,1
C7YDAEP,1,1,1,1
C7YNLRB,1,1,1,1
C7YYGUM,1,1,1,1
C88KZGH,1,1,1,1
C89TWTT,1,1,1,1
C8AHKTU,1,1,1,1
C8AYS9S,1,1,1,1
C8C8XUZ,1,1,1,1
C8D4QHV,1,1,1,1
C8F56UH,1,1,1,1
C8G6825,1,1,1,1
C8GCTEI,1,1,1,1
C8HWG7R,1,1,1,1
C8K23EP,1,1,1,1
C8NTU9F,1,1,1,1
C8Q1Y5R,1,1,1,1
C8ROD5U,1,1,1,1
C8RXIC8,1,1,1,1
C8TDEWZ,1,1,1,1
C8V9HS2,1,1,1,1
C8WGGLY,1,1,1,1
C8WYHU0,1,1,1,1
C8XHJRD,1,1,1,1
C8XQH76,1,1,1,1
C8Y1YKV,1,1,1,1
C8ZLWZ8,1,1,1,1
C94LYV7,1,1,1,1
C95TA0D,1,1,1,1
C96U2JL,1,1,1,1
C972THL,1,1,1,1
C976TIK,1,1,1,1
C985AMP,1,1,1,1
C9CMFGI,1,1,1,1
C9DH43O,1,1,1,1
C9DXFLB,1,1,1,1
C9GQKV3,1,1,1,1
C9HBZOB,1,1,1,1
C9HWJVI,1,1,1,1
C9JHKOI,1,1,1,1
C9KTLDM,1,1,1,1
C9KWVW8,1,1,1,1
C9LEAD7,1,1,1,1
C9PGR9M,1,1,1,1
C9QM2MC,1,1,1,1
C9QOG2T,1,1,1,1
C9RFB69,1,1,1,1
C9ROG10,1,1,1,1
C9UJXFR,1,1,1,1
C9VKZNB,1,1,1,1
C9Y61PZ,1,1,1,1
CA1JIQX,1,1,1,1
CA3GQQH,1,1,1,1
CA4F9ON,1,1,1,1
CA5V048,1,1,1,1
CA6ZJQJ,1,1,1,1
CA7721N,1,1,1,1
CA7TZOE,1,1,1,1
CABV1PV,1,1,1,1
CAC00GL,1,1,1,1
CAD0CC9,1,1,1,1
CAG4NPJ,1,1,1,1
CAGJ5BS,1,1,1,1
CAIQXH9,1,1,1,1
CAK8KAY,1,1,1,1
CAKB0NS,1,1,1,1
CAKMTAE,1,1,1,1
CALAB4W,1,1,1,1
CANVTG7,1,1,1,1
CAO23UZ,1,1,1,1
CARDNLV,1,1,1,1
CART0TS,1,1,1,1
CATCV8V,1,1,1,1
CATUKKH,1,1,1,1
CAUB22N,1,1,1,1
CAVRB7I,1,1,1,1
CAW0TYP,1,1,1,1
CAWRVON,1,1,1,1
CAXF1GD,1,1,1,1
CAXN59C,1,1,1,1
CB12JI0,1,1,1,1
CB1HVC5,1,1,1,1
CB6RHX9,1,1,1,1
CB6USJB,1,1,1,1
CB8N2AR,1,1,1,1
CB8US47,1,1,1,1
CB9B2XG,1,1,1,1
CBA6Y8Z,1,1,1,1
CBBKN7J,1,1,1,1
CBCA1PL,1,1,1,1
CBDAS2L,1,1,1,1
CBDQ2RF,1,1,1,1
CBF1K52,1,1,1,1
CBFCZGB,1,1,1,1
CBG3Q6O,1,1,1,1
CBGIMVP,1,1,1,1
CBGWNSF,1,1,1,1
CBGXT4O,1,1,1,1
CBGZ99X,1,1,1,1
CBI1DPS,1,1,1,1
CBIIVTV,1,1,1,1
CBLNBOB,1,1,1,1
CBNPHLI,1,1,1,1
CBQBLNM,1,1,1,1
CBR0D6W,1,1,1,1
CBRNSDH,1,1,1,1
CBS87N0,1,1,1,1
CBT6MIP,1,1,1,1
CBTGSE8,1,1,1,1
CBU8U44,1,1,1,1
CBVIHF8,1,1,1,1
CBW940M,1,1,1,1
CBWJVHM,1,1,1,1
CBWV8CP,1,1,1,1
CBXF0G1,1,1,1,1
CBYB9CW,1,1,1,1
CBZP62U,1,1,1,1
CBZT6NJ,1,1,1,1
CC38CDI,1,1,1,1
CC3F9G8,1,1,1,1
CC57RRY,1,1,1,1
CC5PFNB,1,1,1,1
CC7ILLP,1,1,1,1
CC87OSG,1,1,1,1
CC8O8UY,1,1,1,1
CCC1B4G,1,1,1,1
CCE4WXM,1,1,1,1
CCEIYKT,1,1,1,1
CCFAOWO,1,1,1,1
CCFMVZ2,1,1,1,1
CCGA9MI,1,1,1,1
CCGDKIL,1,1,1,1
CCKH3ER,1,1,1,1
CCKUREZ,1,1,1,1
CCKVPDK,1,1,1,1
CCMEI5L,1,1,1,1
CCN3FZP,1,1,1,1
CCN6FP2,1,1,1,1
CCN9T1Z,1,1,1,1
CCQBJIL,1,1,1,1
CCSHXHQ,1,1,1,1
CCTFSHP,1,1,1,1
CCW7G4A,1,1,1,1
CCWA3KK,1,1,1,1
CCX4Q0W,1,1,1,1
CCXSKZ8,1,1,1,1
CD0G75Q,1,1,1,1
CD1RH61,1,1,1,1
CD1ZTDA,1,1,1,1
CD39VCY,1,1,1,1
CD77KPK,1,1,1,1
CD8I5BE,1,1,1,1
CDAJGEJ,1,1,1,1
CDCE4UZ,1,1,1,1
CDDY7OZ,1,1,1,1
CDGQBKK,1,1,1,1
CDH8PEI,1,1,1,1
CDI4B0N,1,1,1,1
CDJQCJM,1,1,1,1
CDK1UA3,1,1,1,1
CDKUSUX,1,1,1,1
CDPIZT3,1,1,1,1
CDPOHPO,1,1,1,1
CDSAR4Z,1,1,1,1
CDSVRUM,1,1,1,1
CE0AQ1P,1,1,1,1
CE0BJ88,1,1,1,1
CE0K2VD,1,1,1,1
CE0XTN9,1,1,1,1
CE2GRBF,1,1,1,1
CE3ICRU,1,1,1,1
CE4MC4Z,1,1,1,1
CE4Q624,1,1,1,1
CE4SY0L,1,1,1,1
CE6GIEI,1,1,1,1
CE95IPQ,1,1,1,1
CEDBGPH,1,1,1,1
CEDJIUQ,1,1,1,1
CEEFMDE,1,1,1,1
CEFIETJ,1,1,1,1
CEGXS0K,1,1,1,1
CEGZRE6,1,1,1,1
CEJZSLU,1,1,1,1
CEK262R,1,1,1,1
CEK2S9A,1,1,1,1
CEKFP4H,1,1,1,1
CEL4GW6,1,1,1,1
CEN4Z86,1,1,1,1
CEP8FJ4,1,1,1,1
CEQNLSD,1,1,1,1
CERKVSQ,1,1,1,1
CESTRJB,1,1,1,1
CETUWTU,1,1,1,1
CEVC8LV,1,1,1,1
CEVGNXS,1,1,1,1
CEVYT2R,1,1,1,1
CEWW5PS,1,1,1,1
CEYCWIV,1,1,1,1
CEYR9HG,1,1,1,1
CEYVOMC,1,1,1,1
CEZWBQT,1,1,1,1
CF1FNTZ,1,1,1,1
CF1PVGT,1,1,1,1
CF5A28Q,1,1,1,1
CF6BSWF,1,1,1,1
CF7KWEM,1,1,1,1
CF8PGOX,1,1,1,1
CF8PV9X,1,1,1,1
CFA4JRK,1,1,1,1
CFIQROU,1,1,1,1
CFIYJZS,1,1,1,1
CFKQG9I,1,1,1,1
CFLS2TB,1,1,1,1
CFNRWF7,1,1,1,1
CFP33U0,1,1,1,1
CFPV53C,1,1,1,1
CFQLZ2A,1,1,1,1
CFR2MHJ,1,1,1,1
CFSX645,1,1,1,1
CFTE23R,1,1,1,1
CFTN682,1,1,1,1
CFTU6AH,1,1,1,1
CFU0LIR,1,1,1,1
CFWYWJO,1,1,1,1
CFZGRHX,1,1,1,1
CG3L2WP,1,1,1,1
CG3MOOT,1,1,1,1
CG4F3YT,1,1,1,1
CG4QU2Z,1,1,1,1
CG4Y2SG,1,1,1,1
CG6DG4H,1,1,1,1
CG9D8F6,1,1,1,1
CGBVCR7,1,1,1,1
CGC40DA,1,1,1,1
CGGFFC3,1,1,1,1
CGHP9Z1,1,1,1,1
CGJOUCD,1,1,1,1
CGJWXFP,1,1,1,1
CGMIAGB,1,1,1,1
CGP4BOZ,1,1,1,1
CGU8T4Q,1,1,1,1
CGUZH7K,1,1,1,1
CGVIGPZ,1,1,1,1
CGWQQDI,1,1,1,1
CGXH69D,1,1,1,1
CH1QTM4,1,1,1,1
CH388GH,1,1,1,1
CH9IHF2,1,1,1,1
CHBPWOU,1,1,1,1
CHDZ5HB,1,1,1,1
CHEBYM4,1,1,1,1
CHGCSF7,1,1,1,1
CHH2A4M,1,1,1,1
CHJ15Y2,1,1,1,1
CHKAZOB,1,1,1,1
CHKWUGN,1,1,1,1
CHM05J4,1,1,1,1
CHMI88D,1,1,1,1
CHN464Q,1,1,1,1
CHNHSFX,1,1,1,1
CHQRXBB,1,1,1,1
CHQSIS1,1,1,1,1
CHRWEEO,1,1,1,1
CHRY3NY,1,1,1,1
CHRY9MJ,1,1,1,1
CHVFMW0,1,1,1,1
CHVIARG,1,1,1,1
CHVVGSI,1,1,1,1
CHWXVPM,1,1,1,1
CHXUPRO,1,1,1,1
CI0DNYV,1,1,1,1
CI3LF5W,1,1,1,1
CI3U9WK,1,1,1,1
CI3VLOO,1,1,1,1
CI3YGE9,1,1,1,1
CI3YMNZ,1,1,1,1
CI41DTL,1,1,1,1
CI4JHQD,1,1,1,1
CI5MXK6,1,1,1,1
CI6SKX6,1,1,1,1
CI7NSGQ,1,1,1,1
CI86KYF,1,1,1,1
CI9MUNR,1,1,1,1
CI9QNQ9,1,1,1,1
CI9ZZD1,1,1,1,1
CIC0YDL,1,1,1,1
CIECFZT,1,1,1,1
CIEUGBD,1,1,1,1
CIFSMH0,1,1,1,1
CIHS6H2,1,1,1,1
CIICCZX,1,1,1,1
CIIDIVI,1,1,1,1
CIJNYQI,1,1,1,1
CILZ8B8,1,1,1,1
CIMHFAJ,1,1,1,1
CINBKLO,1,1,1,1
CINMB5F,1,1,1,1
CINWDNP,1,1,1,1
CIO8K5Z,1,1,1,1
CIQ9IAD,1,1,1,1
CIQB6GE,1,1,1,1
CIVILGB,1,1,1,1
CIVROU9,1,1,1,1
CIWSUYI,1,1,1,1
CIZC1M9,1,1,1,1
CIZSI2W,1,1,1,1
CJ0PRJT,1,1,1,1
CJ0SNIK,1,1,1,1
CJ2WTIJ,1,1,1,1
CJ3HH9Y,1,1,1,1
CJ5EX2R,1,1,1,1
CJ78PSN,1,1,1,1
CJ8DYR4,1,1,1,1
CJDL2WW,1,1,1,1
CJEFNPV,1,1,1,1
CJENPME,1,1,1,1
CJFY3QU,1,1,1,1
CJIRJM8,1,1,1,1
CJJI9KV,1,1,1,1
CJJYGXH,1,1,1,1
CJKUZXL,1,1,1,1
CJMJQF9,1,1,1,1
CJN3I7G,1,1,1,1
CJQL2Z5,1,1,1,1
CJX9HPA,1,1,1,1
CJY54XZ,1,1,1,1
CJYTEDX,1,1,1,1
CJZHOPF,1,1,1,1
CK0UE6Y,1,1,1,1
CK1L1HH,1,1,1,1
CK2HYT3,1,1,1,1
CK2YNBA,1,1,1,1
CK3FZI2,1,1,1,1
CK527KH,1,1,1,1
CK7O506,1,1,1,1
CK7QJWZ,1,1,1,1
CK8V1YG,1,1,1,1
CKAYY78,1,1,1,1
CKCFSAA,1,1,1,1
CKCR7GM,1,1,1,1
CKD0C9Q,1,1,1,1
CKEPE8H,1,1,1,1
CKGOV7K,1,1,1,1
CKJE7BJ,1,1,1,1
CKLMAL0,1,1,1,1
CKLVMLH,1,1,1,1
CKOXQO1,1,1,1,1
CKQSUP7,1,1,1,1
CKSAPS5,1,1,1,1
CKSEV4H,1,1,1,1
CKTQOGJ,1,1,1,1
CKTVFYV,1,1,1,1
CKVJFIX,1,1,1,1
CKVP3OL,1,1,1,1
CKWL9NA,1,1,1,1
CKXJNZI,1,1,1,1
CKY1V7K,1,1,1,1
CKZ8NFI,1,1,1,1
CKZM46E,1,1,1,1
CL024JR,1,1,1,1
CL2S8OI,1,1,1,1
CL5TQ1E,1,1,1,1
CL69S3M,1,1,1,1
CL8ZB7A,1,1,1,1
CL97MVB,1,1,1,1
CLB3OMK,1,1,1,1
CLCZKWU,1,1,1,1
CLDJOWK,1,1,1,1
CLEXOZU,1,1,1,1
CLJB7OC,1,1,1,1
CLJRC3X,1,1,1,1
CLKESZZ,1,1,1,1
CLKMYUY,1,1,1,1
CLL4Z0A,1,1,1,1
CLM9543,1,1,1,1
CLO0K5J,1,1,1,1
CLOG24S,1,1,1,1
CLOO27T,1,1,1,1
CLPXH7L,1,1,1,1
CLSJTQE,1,1,1,1
CLTWQTL,1,1,1,1
CLU86U4,1,1,1,1
CLUBV5V,1,1,1,1
CLUK3NS,1,1,1,1
CLY3RM9,1,1,1,1
CLYW7P7,1,1,1,1
CM0UC8V,1,1,1,1
CM13F92,1,1,1,1
CM561QH,1,1,1,1
CM80EPG,1,1,1,1
CM9AFKW,1,1,1,1
CM9RD38,1,1,1,1
CMAFKVC,1,1,1,1
CMBOQWA,1,1,1,1
CMBXK6K,1,1,1,1
CMCXFIF,1,1,1,1
CMGISPX,1,1,1,1
CMJ5D9F,1,1,1,1
CMJA4BN,1,1,1,1
CMMWHNY,1,1,1,1
CMN2PLV,1,1,1,1
CMNOKPM,1,1,1,1
CMNU9AX,1,1,1,1
CMNYF16,1,1,1,1
CMOO102,1,1,1,1
CMOWVJZ,1,1,1,1
CMQ73XD,1,1,1,1
CMSH0TP,1,1,1,1
CMSZTJ5,1,1,1,1
CMTJAIA,1,1,1,1
CMVU7QT,1,1,1,1
CMWK7RB,1,1,1,1
CMXJHIK,1,1,1,1
CMZEMIJ,1,1,1,1
CN0PYGM,1,1,1,1
CN43MA2,1,1,1,1
CN4RF9V,1,1,1,1
CN4VEFW,1,1,1,1
CN5DOVU,1,1,1,1
CN5LTMV,1,1,1,1
CN5O79U,1,1,1,1
CN68QQN,1,1,1,1
CN8SZ6D,1,1,1,1
CN9PW45,1,1,1,1
CNA98L2,1,1,1,1
CNADRYI,1,1,1,1
CNFALG8,1,1,1,1
CNFLUIT,1,1,1,1
CNGAZ7H,1,1,1,1
CNGTPOF,1,1,1,1
CNJHJIM,1,1,1,1
CNJT6MF,1,1,1,1
CNLN9YN,1,1,1,1
CNMJCJD,1,1,1,1
CNO1A7N,1,1,1,1
CNOPSUA,1,1,1,1
CNPWKKI,1,1,1,1
CNQ8PFT,1,1,1,1
CNS5R07,1,1,1,1
CNTVHQI,1,1,1,1
CNU4WSX,1,1,1,1
CNYA7F7,1,1,1,1
CO14UND,1,1,1,1
CO3MADG,1,1,1,1
CO4LRML,1,1,1,1
CO86OOZ,1,1,1,1
CO88H9S,1,1,1,1
CO90PV4,1,1,1,1
COAZPSS,1,1,1,1
COBY3CY,1,1,1,1
CODV084,1,1,1,1
COFC7D1,1,1,1,1
COGMY7E,1,1,1,1
COH4AGW,1,1,1,1
COHC523,1,1,1,1
COHF2E1,1,1,1,1
COHX79N,1,1,1,1
COI267V,1,1,1,1
COIKS2G,1,1,1,1
COL9X5M,1,1,1,1
COLSNJ6,1,1,1,1
COMXN4X,1,1,1,1
CONYG9W,1,1,1,1
COO2R9K,1,1,1,1
COPV09N,1,1,1,1
COQ454Q,1,1,1,1
COQDSF7,1,1,1,1
COQH6YS,1,1,1,1
COSAIGA,1,1,1,1
COSBQIR,1,1,1,1
COSIWJ3,1,1,1,1
COU5SKZ,1,1,1,1
COULIOM,1,1,1,1
COWWBAG,1,1,1,1
CP33OZ8,1,1,1,1
CP3I2RI,1,1,1,1
CP4Q2GE,1,1,1,1
CP56HQF,1,1,1,1
CP7GA3P,1,1,1,1
CP8197I,1,1,1,1
CP8YKVR,1,1,1,1
CPAWRBP,1,1,1,1
CPCE3OF,1,1,1,1
CPEJLAZ,1,1,1,1
CPGZ9TQ,1,1,1,1
CPGZVV0,1,1,1,1
CPJ96R1,1,1,1,1
CPKESRQ,1,1,1,1
CPMPZ5B,1,1,1,1
CPNB617,1,1,1,1
CPP2DBY,1,1,1,1
CPP8ZTM,1,1,1,1
CPPUG7E,1,1,1,1
CPPUT5W,1,1,1,1
CPQ4Z46,1,1,1,1
CPREWER,1,1,1,1
CPS1FU5,1,1,1,1
CPSLFCE,1,1,1,1
CPU5CBO,1,1,1,1
CPWTNCD,1,1,1,1
CPY1956,1,1,1,1
CPYI2NQ,1,1,1,1
CPZS0JK,1,1,1,1
CQ1PY3J,1,1,1,1
CQ1Y31V,1,1,1,1
CQ27TS6,1,1,1,1
CQ3D606,1,1,1,1
CQ3JM4Y,1,1,1,1
CQ3W2AN,1,1,1,1
CQ55QVL,1,1,1,1
CQ5MKQG,1,1,1,1
CQ6N1PC,1,1,1,1
CQ937KR,1,1,1,1
CQAXXVE,1,1,1,1
CQBTENR,1,1,1,1
CQEKMUH,1,1,1,1
CQFMJL2,1,1,1,1
CQHG4QT,1,1,1,1
CQI9P9G,1,1,1,1
CQJDUI7,1,1,1,1
CQJXO5N,1,1,1,1
CQKOR0S,1,1,1,1
CQMLLVQ,1,1,1,1
CQMW0PK,1,1,1,1
CQN2O4Y,1,1,1,1
CQO34CK,1,1,1,1
CQPUJN5,1,1,1,1
CQQ7T85,1,1,1,1
CQR25R2,1,1,1,1
CQS9E3H,1,1,1,1
CQSP7RI,1,1,1,1
CQV5YWS,1,1,1,1
CQWDMYP,1,1,1,1
CQXEOZX,1,1,1,1
CQXGORZ,1,1,1,1
CR0H9ZT,1,1,1,1
CR0PECT,1,1,1,1
CR1N3BD,1,1,1,1
CR3V4SA,1,1,1,1
CR5BQ77,1,1,1,1
CR5E3D2,1,1,1,1
CR5NFWS,1,1,1,1
CR5XV35,1,1,1,1
CR5YR1B,1,1,1,1
CR69674,1,1,1,1
CR8UUX4,1,1,1,1
CRASRQ1,1,1,1,1
CRD4G4I,1,1,1,1
CRDWTEF,1,1,1,1
CRE2F8L,1,1,1,1
CRFPDHS,1,1,1,1
CRIFLTI,1,1,1,1
CRK108A,1,1,1,1
CRK25DJ,1,1,1,1
CRKJ58P,1,1,1,1
CRLES25,1,1,1,1
CRNFCMC,1,1,1,1
CRPOIT0,1,1,1,1
CRRDXYS,1,1,1,1
CRRQ9F1,1,1,1,1
CRU4L1A,1,1,1,1
CRVBJHK,1,1,1,1
CRWB1XQ,1,1,1,1
CRWIRQ8,1,1,1,1
CRWJXO0,1,1,1,1
CRXX7RR,1,1,1,1
CRZ3SDV,1,1,1,1
CRZXBHG,1,1,1,1
CS159PH,1,1,1,1
CS2ALIL,1,1,1,1
CS2BBII,1,1,1,1
CS7AE8Y,1,1,1,1
CS9NNWB,1,1,1,1
CSBYLWA,1,1,1,1
CSFGDES,1,1,1,1
CSG7UYD,1,1,1,1
CSGCWT1,1,1,1,1
CSGZIUL,1,1,1,1
CSKHKTW,1,1,1,1
CSLDRH4,1,1,1,1
CSLSJXT,1,1,1,1
CSNIFM5,1,1,1,1
CSNUHUO,1,1,1,1
CSNZETS,1,1,1,1
CSPSSTL,1,1,1,1
CST5228,1,1,1,1
CSUW10H,1,1,1,1
CSV63B5,1,1,1,1
CSX9HU0,1,1,1,1
CSYBJNL,1,1,1,1
CT07P4J,1,1,1,1
CT1FWG3,1,1,1,1
CT2J3EK,1,1,1,1
CT51HOV,1,1,1,1
CT5U3K9,1,1,1,1
CT6EQO8,1,1,1,1
CT75WIQ,1,1,1,1
CT9ABPV,1,1,1,1
CTAXLRM,1,1,1,1
CTBJLSP,1,1,1,1
CTCXXTL,1,1,1,1
CTEJHVL,1,1,1,1
CTEPIYR,1,1,1,1
CTG6HJS,1,1,1,1
CTGRLEV,1,1,1,1
CTGY9N0,1,1,1,1
CTIRYT2,1,1,1,1
CTK9UI5,1,1,1,1
CTLIRMA,1,1,1,1
CTM1V4I,1,1,1,1
CTMA20V,1,1,1,1
CTMD8DH,1,1,1,1
CTN0Z6L,1,1,1,1
CTNN5VF,1,1,1,1
CTNXBJH,1,1,1,1
CTPCFKD,1,1,1,1
CTQ5814,1,1,1,1
CTR6H9J,1,1,1,1
CTVH94C,1,1,1,1
CTVNDX5,1,1,1,1
CTVTEPE,1,1,1,1
CTXMWJS,1,1,1,1
CU1KJED,1,1,1,1
CU34XEI,1,1,1,1
CU70UHO,1,1,1,1
CU7WXX2,1,1,1,1
CUAATTO,1,1,1,1
CUACKD7,1,1,1,1
CUAJ75P,1,1,1,1
CUDLW98,1,1,1,1
CUDYPMX,1,1,1,1
CUEIYMZ,1,1,1,1
CUFEE8K,1,1,1,1
CUG5PVA,1,1,1,1
CUGR82X,1,1,1,1
CUGVXUS,1,1,1,1
CUITFGY,1,1,1,1
CULQWNP,1,1,1,1
CUM4SYV,1,1,1,1
CUML3OJ,1,1,1,1
CUO9PYW,1,1,1,1
CUOCQCQ,1,1,1,1
CUPQXAV,1,1,1,1
CURF9LS,1,1,1,1
CURO4T8,1,1,1,1
CUS37RB,1,1,1,1
CUTKMKI,1,1,1,1
CUTNF1V,1,1,1,1
CUVBX2N,1,1,1,1
CUW3HRM,1,1,1,1
CUWGGQI,1,1,1,1
CUWLOTG,1,1,1,1
CUXQR02,1,1,1,1
CUYS6FD,1,1,1,1
CUZPSW4,1,1,1,1
CV0DWX0,1,1,1,1
CV0U3D3,1,1,1,1
CV1EQCZ,1,1,1,1
CV1VZD3,1,1,1,1
CV21P0U,1,1,1,1
CV2KXP3,1,1,1,1
CV3RWMQ,1,1,1,1
CV4OYIS,1,1,1,1
CV7WAR2,1,1,1,1
CV8N6O9,1,1,1,1
CV9PGMS,1,1,1,1
CVAL2LA,1,1,1,1
CVCD4PO,1,1,1,1
CVCTHIW,1,1,1,1
CVDLE0Q,1,1,1,1
CVDPW29,1,1,1,1
CVHAVOZ,1,1,1,1
CVHC5MH,1,1,1,1
CVHXVGS,1,1,1,1
CVIWB6H,1,1,1,1
CVJPMEC,1,1,1,1
CVKA7WF,1,1,1,1
CVLURKH,1,1,1,1
CVM04T0,1,1,1,1
CVMKR5J,1,1,1,1
CVNTYI9,1,1,1,1
CVO5A3N,1,1,1,1
CVOGVY9,1,1,1,1
CVP197G,1,1,1,1
CVQQGQT,1,1,1,1
CVRHRC5,1,1,1,1
CVSMUTO,1,1,1,1
CVTBG4Y,1,1,1,1
CVW7OW0,1,1,1,1
CVWAFK3,1,1,1,1
CVWLJ5A,1,1,1,1
CVXCLCA,1,1,1,1
CVXHNWI,1,1,1,1
CVXQ9S8,1,1,1,1
CVY6FEL,1,1,1,1
CVZPJUQ,1,1,1,1
CW1XKH5,1,1,1,1
CW2AMHL,1,1,1,1
CW3PIKB,1,1,1,1
CW4JD6U,1,1,1,1
CW5LOA3,1,1,1,1
CW7AOEF,1,1,1,1
CW7LPYW,1,1,1,1
CW7OYWV,1,1,1,1
CW8AB7G,1,1,1,1
CW8U833,1,1,1,1
CW8Z7IM,1,1,1,1
CW9LJBN,1,1,1,1
CWAEV7U,1,1,1,1
CWBCWWB,1,1,1,1
CWHZ6YE,1,1,1,1
CWICYAK,1,1,1,1
CWIEPI9,1,1,1,1
CWJZ949,1,1,1,1
CWLZNEU,1,1,1,1
CWME5YN,1,1,1,1
CWMR830,1,1,1,1
CWNA0BF,1,1,1,1
CWT43Q1,1,1,1,1
CWUPEAJ,1,1,1,1
CWVISU3,1,1,1,1
CWWJNWS,1,1,1,1
CWWXBAJ,1,1,1,1
CWX4E7R,1,1,1,1
CWXRATU,1,1,1,1
CWXYIDD,1,1,1,1
CWZ1XSQ,1,1,1,1
CWZ4SM1,1,1,1,1
CX1RAZ3,1,1,1,1
CX8459G,1,1,1,1
CX9FL93,1,1,1,1
CX9SZAM,1,1,1,1
CXA4Z6B,1,1,1,1
CXBFTV2,1,1,1,1
CXCCI4T,1,1,1,1
CXCKISW,1,1,1,1
CXLMGN8,1,1,1,1
CXM272Q,1,1,1,1
CXNY32F,1,1,1,1
CXQ64R3,1,1,1,1
CXQKBLC,1,1,1,1
CXQLB6R,1,1,1,1
CXRDJKS,1,1,1,1
CXSABKP,1,1,1,1
CXTGVHU,1,1,1,1
CXU0LB9,1,1,1,1
CXVPL3A,1,1,1,1
CXVUDG3,1,1,1,1
CXWRHB5,1,1,1,1
CXXSW31,1,1,1,1
CXYUOBE,1,1,1,1
CXZ2PVT,1,1,1,1
CY12IDN,1,1,1,1
CY1F4NF,1,1,1,1
CY24GH5,1,1,1,1
CY28SM9,1,1,1,1
CY4Q1W2,1,1,1,1
CY63I4K,1,1,1,1
CY67IAA,1,1,1,1
CY75D4W,1,1,1,1
CY85LBA,1,1,1,1
CY8V2US,1,1,1,1
CY9MS80,1,1,1,1
CYASFGN,1,1,1,1
CYEJXOU,1,1,1,1
CYF1O96,1,1,1,1
CYFV7OT,1,1,1,1
CYH19TL,1,1,1,1
CYHM1FS,1,1,1,1
CYJ4EFL,1,1,1,1
CYKB1RG,1,1,1,1
CYLADT3,1,1,1,1
CYLRHIE,1,1,1,1
CYMQ58Z,1,1,1,1
CYOAUM1,1,1,1,1
CYOEBA0,1,1,1,1
CYPR3OY,1,1,1,1
CYPV6I8,1,1,1,1
CYR8MNB,1,1,1,1
CYRE7RI,1,1,1,1
CYTJLFX,1,1,1,1
CYVFMSN,1,1,1,1
CYX4725,1,1,1,1
CYXTSN0,1,1,1,1
CYYHLV3,1,1,1,1
CZ5RZFS,1,1,1,1
CZ74X26,1,1,1,1
CZ7I2BS,1,1,1,1
CZ9H6SD,1,1,1,1
CZA21JS,1,1,1,1
CZACUV1,1,1,1,1
CZAEETT,1,1,1,1
CZB2NQF,1,1,1,1
CZB4PU7,1,1,1,1
CZBBLCE,1,1,1,1
CZDGELB,1,1,1,1
CZEZ9J6,1,1,1,1
CZG0WB9,1,1,1,1
CZGICWO,1,1,1,1
CZIUMR2,1,1,1,1
CZLCYM4,1,1,1,1
CZMJZTB,1,1,1,1
CZNJMGJ,1,1,1,1
CZO0LYO,1,1,1,1
CZOC3PB,1,1,1,1
CZOWN7E,1,1,1,1
CZRBGWN,1,1,1,1
CZRJIN8,1,1,1,1
CZT11I1,1,1,1,1
CZUH9DR,1,1,1,1
CZXH6JX,1,1,1,1
CZXKYYF,1,1,1,1
CZXZ8OE,1,1,1,1
CZY76VS,1,1,1,1
D017O32,1,1,1,1
D01XTCV,1,1,1,1
D02VQGE,1,1,1,1
D033NVM,1,1,1,1
D035ZR8,1,1,1,1
D03MPVP,1,1,1,1
D03P86I,1,1,1,1
D04X06E,1,1,1,1
D06KGZL,1,1,1,1
D06OHHA,1,1,1,1
D0888J0,1,1,1,1
D09O7V7,1,1,1,1
D0ANHW8,1,1,1,1
D0BMS6R,1,1,1,1
D0C75Z6,1,1,1,1
D0CXONQ,1,1,1,1
D0DFNIM,1,1,1,1
D0F1RJB,1,1,1,1
D0GAFO3,1,1,1,1
D0GDTNL,1,1,1,1
D0HTLK2,1,1,1,1
D0HZIKT,1,1,1,1
D0IF681,1,1,1,1
D0ITPKN,1,1,1,1
D0PLL2U,1,1,1,1
D0R1T5Q,1,1,1,1
D0R6QR7,1,1,1,1
D0TVI6I,1,1,1,1
D0UER36,1,1,1,1
D0V29GI,1,1,1,1
D0YGFH2,1,1,1,1
D0ZA4XQ,1,1,1,1
D10MYUW,1,1,1,1
D12A6CY,1,1,1,1
D13RX48,1,1,1,1
D152EL4,1,1,1,1
D163VR7,1,1,1,1
D17F9OL,1,1,1,1
D18HXIF,1,1,1,1
D1BSLEU,1,1,1,1
D1EWXDV,1,1,1,1
D1HXPP3,1,1,1,1
D1J40RY,1,1,1,1
D1K6B09,1,1,1,1
D1KDQXW,1,1,1,1
D1KI7JS,1,1,1,1
D1OTM72,1,1,1,1
D1QZUFY,1,1,1,1
D1RTNVU,1,1,1,1
D1RZUVQ,1,1,1,1
D1TQAF8,1,1,1,1
D1WG2XA,1,1,1,1
D1WO89P,1,1,1,1
D1Y8Z7F,1,1,1,1
D1ZOI0E,1,1,1,1
D1ZY1RK,1,1,1,1
D22TP5V,1,1,1,1
D23XGAT,1,1,1,1
D246URQ,1,1,1,1
D24JHDX,1,1,1,1
D24N7OV,1,1,1,1
D25YPST,1,1,1,1
D264MWL,1,1,1,1
D26E84Z,1,1,1,1
D29RZRT,1,1,1,1
D2BJBWA,1,1,1,1
D2DU8UR,1,1,1,1
D2E54GT,1,1,1,1
D2FIDKR,1,1,1,1
D2ITK0H,1,1,1,1
D2JILGE,1,1,1,1
D2JSAT6,1,1,1,1
D2LBUT9,1,1,1,1
D2LCYMQ,1,1,1,1
D2MPHRD,1,1,1,1
D2OKMRY,1,1,1,1
D2R2JAU,1,1,1,1
D2S4KKA,1,1,1,1
D2S4TCP,1,1,1,1
D2S4Y1L,1,1,1,1
D2T0UOC,1,1,1,1
D2TG2MO,1,1,1,1
D2X07TH,1,1,1,1
D2Y2L2T,1,1,1,1
D2YCTEM,1,1,1,1
D2Z9IFU,1,1,1,1
D306SU6,1,1,1,1
D30R6YM,1,1,1,1
D31YHKV,1,1,1,1
D357QRD,1,1,1,1
D35VWI2,1,1,1,1
D36TSI6,1,1,1,1
D37R4C3,1,1,1,1
D3AX0P2,1,1,1,1
D3BL8EF,1,1,1,1
D3DA7Y1,1,1,1,1
D3EIGAY,1,1,1,1
D3FLT7N,1,1,1,1
D3G45QN,1,1,1,1
D3GGY9F,1,1,1,1
D3I2L03,1,1,1,1
D3IC49C,1,1,1,1
D3KEOHY,1,1,1,1
D3L1ZYN,1,1,1,1
D3LAZ9Y,1,1,1,1
D3LMQ8G,1,1,1,1
D3ODOVD,1,1,1,1
D3QCMY2,1,1,1,1
D3RBKMZ,1,1,1,1
D3SK636,1,1,1,1
D3U2AHQ,1,1,1,1
D3U36Q6,1,1,1,1
D3UPL5Z,1,1,1,1
D3V91G9,1,1,1,1
D3W1CRW,1,1,1,1
D3W46LH,1,1,1,1
D3Z8TX8,1,1,1,1
D40K7NS,1,1,1,1
D41BJUQ,1,1,1,1
D41XZ7G,1,1,1,1
D42G471,1,1,1,1
D43GYWV,1,1,1,1
D45HOLQ,1,1,1,1
D46J8JT,1,1,1,1
D4D097J,1,1,1,1
D4FCIWK,1,1,1,1
D4FG11B,1,1,1,1
D4IFEAO,1,1,1,1
D4IIE9B,1,1,1,1
D4ISV7F,1,1,1,1
D4IZEPQ,1,1,1,1
D4J1EZA,1,1,1,1
D4K6IMA,1,1,1,1
D4M7SQ9,1,1,1,1
D4MZE6X,1,1,1,1
D4Q16OY,1,1,1,1
D4QJA8K,1,1,1,1
D4QOSSY,1,1,1,1
D4R9XK9,1,1,1,1
D4RVQ03,1,1,1,1
D4S850A,1,1,1,1
D4SLL3X,1,1,1,1
D4U2CHU,1,1,1,1
D4U7RX7,1,1,1,1
D4WVTKZ,1,1,1,1
D4XVSB4,1,1,1,1
D51RCP9,1,1,1,1
D51WLMI,1,1,1,1
D52MY41,1,1,1,1
D57JIA5,1,1,1,1
D582VXF,1,1,1,1
D586WPV,1,1,1,1
D59UXK6,1,1,1,1
D5AK5ZY,1,1,1,1
D5AKC1P,1,1,1,1
D5AKF3Z,1,1,1,1
D5AQJLI,1,1,1,1
D5B1V2O,1,1,1,1
D5CWS0E,1,1,1,1
D5DZSET,1,1,1,1
D5GIQ4D,1,1,1,1
D5GJ67F,1,1,1,1
D5GVTSD,1,1,1,1
D5H5MJS,1,1,1,1
D5HPOPR,1,1,1,1
D5IAJQ8,1,1,1,1
D5IB9PG,1,1,1,1
D5IY5DO,1,1,1,1
D5L7ZY4,1,1,1,1
D5LYNJ7,1,1,1,1
D5NSKAW,1,1,1,1
D5NW4KG,1,1,1,1
D5PPHOB,1,1,1,1
D5R3NPZ,1,1,1,1
D5T0ORW,1,1,1,1
D5TDA6K,1,1,1,1
D5UGRLO,1,1,1,1
D5VSI1K,1,1,1,1
D5YL2ZQ,1,1,1,1
D60NYQ5,1,1,1,1
D61AU9F,1,1,1,1
D62PA2A,1,1,1,1
D65M9EP,1,1,1,1
D66LG2Y,1,1,1,1
D66TSYH,1,1,1,1
D673FEU,1,1,1,1
D68SVPC,1,1,1,1
D68UC94,1,1,1,1
D6ACBDW,1,1,1,1
D6B0G5Q,1,1,1,1
D6BH7CZ,1,1,1,1
D6BVJOB,1,1,1,1
D6EL0A4,1,1,1,1
D6FPARB,1,1,1,1
D6HB1TQ,1,1,1,1
D6HCT6S,1,1,1,1
D6KSYVI,1,1,1,1
D6NTQ9F,1,1,1,1
D6O04SD,1,1,1,1
D6OQC0A,1,1,1,1
D6Q58AV,1,1,1,1
D6R677Q,1,1,1,1
D6RF97Q,1,1,1,1
D6TJXKQ,1,1,1,1
D6TR6NX,1,1,1,1
D6UWS45,1,1,1,1
D6WMQ10,1,1,1,1
D6X2YVK,1,1,1,1
D6XDGXG,1,1,1,1
D6XSJVI,1,1,1,1
D6ZDZPP,1,1,1,1
D70GPYO,1,1,1,1
D71P4JW,1,1,1,1
D73BPKT,1,1,1,1
D74FQGW,1,1,1,1
D77CUFP,1,1,1,1
D77GZO6,1,1,1,1
D79DRJV,1,1,1,1
D7BLK1C,1,1,1,1
D7EYKH4,1,1,1,1
D7F7A3O,1,1,1,1
D7FBTOR,1,1,1,1
D7GBFEW,1,1,1,1
D7GXLUZ,1,1,1,1
D7HY0EY,1,1,1,1
D7IRJ50,1,1,1,1
D7IWRKQ,1,1,1,1
D7JMXUZ,1,1,1,1
D7JWIF6,1,1,1,1
D7KKRRA,1,1,1,1
D7MKOSU,1,1,1,1
D7MRIZU,1,1,1,1
D7N3BZP,1,1,1,1
D7NMUZD,1,1,1,1
D7NXW25,1,1,1,1
D7PDW79,1,1,1,1
D7SZ8LN,1,1,1,1
D7UPSLA,1,1,1,1
D7VAOFK,1,1,1,1
D7W43XJ,1,1,1,1
D7XLSAZ,1,1,1,1
D81MR4I,1,1,1,1
D81NLMX,1,1,1,1
D81P6CG,1,1,1,1
D8280K9,1,1,1,1
D86ARCE,1,1,1,1
D86IB69,1,1,1,1
D87JYQY,1,1,1,1
D89HSQD,1,1,1,1
D8CJJLZ,1,1,1,1
D8CQIVF,1,1,1,1
D8DB6FW,1,1,1,1
D8E43PM,1,1,1,1
D8FHEOP,1,1,1,1
D8H1B3Q,1,1,1,1
D8IOX4Q,1,1,1,1
D8KAMDX,1,1,1,1
D8LCLWS,1,1,1,1
D8MVNTH,1,1,1,1
D8OMQZT,1,1,1,1
D8QYWBM,1,1,1,1
D8SA6EM,1,1,1,1
D8SP0MI,1,1,1,1
D8TZ0SS,1,1,1,1
D8UGJ9J,1,1,1,1
D8V448B,1,1,1,1
D8ZOQCF,1,1,1,1
D90WBXG,1,1,1,1
D93FWBX,1,1,1,1
D95AHQ6,1,1,1,1
D96GV1E,1,1,1,1
D97F2WX,1,1,1,1
D97M9XM,1,1,1,1
D9BJ0IR,1,1,1,1
D9BPXL2,1,1,1,1
D9INGUR,1,1,1,1
D9K015N,1,1,1,1
D9KCRDJ,1,1,1,1
D9MAVNS,1,1,1,1
D9OEQTP,1,1,1,1
D9OU7IH,1,1,1,1
D9PH578,1,1,1,1
D9QBQHN,1,1,1,1
D9QKOZN,1,1,1,1
D9T4YBV,1,1,1,1
D9U30J6,1,1,1,1
D9US6TV,1,1,1,1
D9VOVWT,1,1,1,1
D9XBPIH,1,1,1,1
D9YBS2G,1,1,1,1
D9YFIPI,1,1,1,1
D9YZ1VT,1,1,1,1
D9Z9WYF,1,1,1,1
DA0F3JX,1,1,1,1
DA136OH,1,1,1,1
DA1C9R9,1,1,1,1
DA1EWLI,1,1,1,1
DA26XR2,1,1,1,1
DA2D8LU,1,1,1,1
DA2MXPA,1,1,1,1
DA34DZW,1,1,1,1
DA82LJA,1,1,1,1
DA87JTV,1,1,1,1
DA8OJTI,1,1,1,1
DAB383E,1,1,1,1
DADY63B,1,1,1,1
DAE3087,1,1,1,1
DAEAWIP,1,1,1,1
DAFPI50,1,1,1,1
DAFSUSC,1,1,1,1
DAH7LQQ,1,1,1,1
DAJMSVE,1,1,1,1
DAK78AJ,1,1,1,1
DALVHDO,1,1,1,1
DAM9P6U,1,1,1,1
DANAWXU,1,1,1,1
DAOIIP8,1,1,1,1
DAPNOQI,1,1,1,1
DAQGZU8,1,1,1,1
DAQUMU8,1,1,1,1
DAR3C33,1,1,1,1
DAR5NGY,1,1,1,1
DAS32RI,1,1,1,1
DASKWI7,1,1,1,1
DATQ3RG,1,1,1,1
DAUZSW1,1,1,1,1
DAVAIOV,1,1,1,1
DAVH5UT,1,1,1,1
DAWFYJ4,1,1,1,1
DAWQX0O,1,1,1,1
DAXSZ4A,1,1,1,1
DAXY0OM,1,1,1,1
DAYOF2F,1,1,1,1
DAYOZXT,1,1,1,1
DAYPMEX,1,1,1,1
DAYRVFJ,1,1,1,1
DB1SHU8,1,1,1,1
DB2WHUI,1,1,1,1
DB3LMWD,1,1,1,1
DB3MQI8,1,1,1,1
DB4KMNE,1,1,1,1
DB4M2VW,1,1,1,1
DB556CR,1,1,1,1
DB64BLA,1,1,1,1
DB7MYKD,1,1,1,1
DB97PZP,1,1,1,1
DB98E7J,1,1,1,1
DBA9RTK,1,1,1,1
DBBIEYE,1,1,1,1
DBBPIMT,1,1,1,1
DBCSALQ,1,1,1,1
DBCUJ2T,1,1,1,1
DBD4NLC,1,1,1,1
DBDJYYD,1,1,1,1
DBDMQ0O,1,1,1,1
DBJRD3L,1,1,1,1
DBMIYNG,1,1,1,1
DBNBSXF,1,1,1,1
DBNCR1R,1,1,1,1
DBNFSEQ,1,1,1,1
DBOJTSN,1,1,1,1
DBPFHXJ,1,1,1,1
DBQOF4L,1,1,1,1
DBQUFP2,1,1,1,1
DBUIVMH,1,1,1,1
DBUK63J,1,1,1,1
DBUZUDN,1,1,1,1
DBV2HJW,1,1,1,1
DBV3WGU,1,1,1,1
DBVG72X,1,1,1,1
DBWJVVX,1,1,1,1
DBX90UW,1,1,1,1
DBXO5LE,1,1,1,1
DBY32OK,1,1,1,1
DBY4EA8,1,1,1,1
DBY6Z9G,1,1,1,1
DBYYDLX,1,1,1,1
DC22D3K,1,1,1,1
DC3AMGG,1,1,1,1
DC3X8K4,1,1,1,1
DC4WDI1,1,1,1,1
DC5062Z,1,1,1,1
DC50KJQ,1,1,1,1
DC5V31M,1,1,1,1
DC9FOKO,1,1,1,1
DCBHNO0,1,1,1,1
DCEG50O,1,1,1,1
DCEM5PA,1,1,1,1
DCEQ53S,1,1,1,1
DCFPI1O,1,1,1,1
DCIVJHN,1,1,1,1
DCQ9ITF,1,1,1,1
DCQCSAJ,1,1,1,1
DCTTYL7,1,1,1,1
DCV3OXI,1,1,1,1
DCVC5SN,1,1,1,1
DCX1GNC,1,1,1,1
DCXKINC,1,1,1,1
DCZC1E7,1,1,1,1
DD3G8C4,1,1,1,1
DD3WPN1,1,1,1,1
DD5507Z,1,1,1,1
DD8UL22,1,1,1,1
DDBY5I3,1,1,1,1
DDEXP83,1,1,1,1
DDFR2XQ,1,1,1,1
DDFXBN4,1,1,1,1
DDFXWYN,1,1,1,1
DDGL93C,1,1,1,1
DDKXZ14,1,1,1,1
DDL3D0O,1,1,1,1
DDM6ALT,1,1,1,1
DDMVCH9,1,1,1,1
DDR3WP2,1,1,1,1
DDT18GC,1,1,1,1
DDV4G6F,1,1,1,1
DDVVK3N,1,1,1,1
DDZ9ZPD,1,1,1,1
DE04CJW,1,1,1,1
DE1NK4J,1,1,1,1
DE2CHS8,1,1,1,1
DE5F4XW,1,1,1,1
DE77K9I,1,1,1,1
DE9K80N,1,1,1,1
DEEQ4MP,1,1,1,1
DEF2K0U,1,1,1,1
DEFIPVW,1,1,1,1
DEJKKRP,1,1,1,1
DEJKZFG,1,1,1,1
DEKYHG4,1,1,1,1
DELHIMO,1,1,1,1
DELZ905,1,1,1,1
DEMG0B4,1,1,1,1
DEO2RKG,1,1,1,1
DEP2BRG,1,1,1,1
DEQ0RMH,1,1,1,1
DERSB06,1,1,1,1
DET52CU,1,1,1,1
DETJAM4,1,1,1,1
DEUEQDR,1,1,1,1
DEVQ9Y1,1,1,1,1
DEWFU7D,1,1,1,1
DEY5G6G,1,1,1,1
DEYQM02,1,1,1,1
DF0KUL3,1,1,1,1
DF1UO2L,1,1,1,1
DF3CXMA,1,1,1,1
DF3UZM3,1,1,1,1
DF4U3CS,1,1,1,1
DF62KMP,1,1,1,1
DF6M3QK,1,1,1,1
DF9CQRK,1,1,1,1
DFAVZCO,1,1,1,1
DFDMB3Y,1,1,1,1
DFDN4BD,1,1,1,1
DFEGQBM,1,1,1,1
DFGAFJD,1,1,1,1
DFI2TNT,1,1,1,1
DFI612H,1,1,1,1
DFIE2FK,1,1,1,1
DFIIIF7,1,1,1,1
DFJVFIO,1,1,1,1
DFMDR91,1,1,1,1
DFMLP8S,1,1,1,1
DFNY7UA,1,1,1,1
DFOBZQN,1,1,1,1
DFOSFO6,1,1,1,1
DFOY36A,1,1,1,1
DFPN3KD,1,1,1,1
DFPZR9C,1,1,1,1
DFS8O7Q,1,1,1,1
DFSEU2G,1,1,1,1
DFYRE45,1,1,1,1
DFYZV0L,1,1,1,1
DG1UP4P,1,1,1,1
DG7CEE6,1,1,1,1
DG7JGSV,1,1,1,1
DG86WZQ,1,1,1,1
DGD1HMD,1,1,1,1
DGFUN3K,1,1,1,1
DGGBXU7,1,1,1,1
DGGPFSM,1,1,1,1
DGHFGAC,1,1,1,1
DGHH6AT,1,1,1,1
DGI191H,1,1,1,1
DGJ467M,1,1,1,1
DGJVIPV,1,1,1,1
DGO39LG,1,1,1,1
DGO3QS2,1,1,1,1
DGRIFDY,1,1,1,1
DGUQO7S,1,1,1,1
DGVUV5L,1,1,1,1
DGVWBRY,1,1,1,1
DGXPU3P,1,1,1,1
DH22PIE,1,1,1,1
DH3JNP2,1,1,1,1
DH4DNK6,1,1,1,1
DH6PFYS,1,1,1,1
DH9M8DH,1,1,1,1
DHB147F,1,1,1,1
DHC1QWS,1,1,1,1
DHC4LS9,1,1,1,1
DHCS79N,1,1,1,1
DHCZJKC,1,1,1,1
DHEIP3W,1,1,1,1
DHFCASF,1,1,1,1
DHFS5JK,1,1,1,1
DHGDNVC,1,1,1,1
DHH6884,1,1,1,1
DHHJQQN,1,1,1,1
DHHY5ID,1,1,1,1
DHN0LBN,1,1,1,1
DHN7XKA,1,1,1,1
DHNRJ8Y,1,1,1,1
DHR7WT1,1,1,1,1
DHRO8UZ,1,1,1,1
DHSFE1B,1,1,1,1
DHSNO3Y,1,1,1,1
DHSP8NU,1,1,1,1
DHT5ZOM,1,1,1,1
DHWJK9H,1,1,1,1
DHY3B39,1,1,1,1
DI1K32L,1,1,1,1
DI1L0QD,1,1,1,1
DI2NF5H,1,1,1,1
DI3OY98,1,1,1,1
DI3TADP,1,1,1,1
DI7SMEK,1,1,1,1
DI9DC28,1,1,1,1
DI9PMB3,1,1,1,1
DIA35I4,1,1,1,1
DIACVEW,1,1,1,1
DIB840Y,1,1,1,1
DIBS2G6,1,1,1,1
DIF8B9H,1,1,1,1
DIGBTOT,1,1,1,1
DIGT1HI,1,1,1,1
DIH07HL,1,1,1,1
DIKGFAZ,1,1,1,1
DIL1694,1,1,1,1
DIM7VS2,1,1,1,1
DIM9L7D,1,1,1,1
DIMQOPV,1,1,1,1
DIMVUHI,1,1,1,1
DIQ8NYZ,1,1,1,1
DITSET1,1,1,1,1
DIVB2EU,1,1,1,1
DIW2XJQ,1,1,1,1
DIWSCE4,1,1,1,1
DIXMRJF,1,1,1,1
DIY9TL2,1,1,1,1
DIYG8FT,1,1,1,1
DJ0PBRC,1,1,1,1
DJ199ZB,1,1,1,1
DJ1XH5Q,1,1,1,1
DJ239HM,1,1,1,1
DJ3M519,1,1,1,1
DJ3NF04,1,1,1,1
DJ6PUY0,1,1,1,1
DJBBYS2,1,1,1,1
DJDNG9B,1,1,1,1
DJG5H6B,1,1,1,1
DJGIHQT,1,1,1,1
DJGK21Y,1,1,1,1
DJI83W5,1,1,1,1
DJIIYX2,1,1,1,1
DJJFGXO,1,1,1,1
DJJZICT,1,1,1,1
DJKRGQ2,1,1,1,1
DJL60UD,1,1,1,1
DJM7A80,1,1,1,1
DJMEPR1,1,1,1,1
DJOOKBB,1,1,1,1
DJTC75G,1,1,1,1
DJW0964,1,1,1,1
DJWTOAO,1,1,1,1
DJXJB5Q,1,1,1,1
DJY279F,1,1,1,1
DJYCJOC,1,1,1,1
DK4P7HV,1,1,1,1
DK83YUF,1,1,1,1
DK8C4C2,1,1,1,1
DK8I0N6,1,1,1,1
DK97JS1,1,1,1,1
DK996HW,1,1,1,1
DK9GOSU,1,1,1,1
DKBNV3I,1,1,1,1
DKBXFTV,1,1,1,1
DKDCFCA,1,1,1,1
DKDE5AF,1,1,1,1
DKDWPBP,1,1,1,1
DKEFO7G,1,1,1,1
DKFOY2L,1,1,1,1
DKG5N3V,1,1,1,1
DKGQEJC,1,1,1,1
DKGXXBM,1,1,1,1
DKHNNJI,1,1,1,1
DKI3CKR,1,1,1,1
DKIIDGJ,1,1,1,1
DKJRSTO,1,1,1,1
DKJUQI9,1,1,1,1
DKJYR76,1,1,1,1
DKLAH5X,1,1,1,1
DKMMSHG,1,1,1,1
DKOGCFI,1,1,1,1
DKOIKO0,1,1,1,1
DKOYQ1H,1,1,1,1
DKPCW2M,1,1,1,1
DKPZJ2L,1,1,1,1
DKQLVZB,1,1,1,1
DKRSXTI,1,1,1,1
DKTXST9,1,1,1,1
DKWRPP8,1,1,1,1
DKY6H3F,1,1,1,1
DKYSP2I,1,1,1,1
DKYTP69,1,1,1,1
DKZ23RC,1,1,1,1
DKZJTQ9,1,1,1,1
DL0TKGM,1,1,1,1
DL0XGYC,1,1,1,1
DL17H5Y,1,1,1,1
DL3JKPM,1,1,1,1
DL4VYF5,1,1,1,1
DL5PE4T,1,1,1,1
DL9CI8U,1,1,1,1
DLA5VRO,1,1,1,1
DLBNIKH,1,1,1,1
DLBZ2LM,1,1,1,1
DLCK7AK,1,1,1,1
DLE4QW0,1,1,1,1
DLE8UH1,1,1,1,1
DLEK8TU,1,1,1,1
DLEO6KZ,1,1,1,1
DLGGXTY,1,1,1,1
DLHW4C9,1,1,1,1
DLIMUIG,1,1,1,1
DLJ0HIL,1,1,1,1
DLKYNJB,1,1,1,1
DLLBSXQ,1,1,1,1
DLO03NA,1,1,1,1
DLRFSJU,1,1,1,1
DLT0RR0,1,1,1,1
DLT8VUH,1,1,1,1
DLV04NM,1,1,1,1
DLXAR66,1,1,1,1
DLYGJ54,1,1,1,1
DLZJUVT,1,1,1,1
DM1F4K3,1,1,1,1
DM4TYPG,1,1,1,1
DM4WMJ5,1,1,1,1
DM5HDG2,1,1,1,1
DM62WTC,1,1,1,1
DM632OH,1,1,1,1
DM72RCU,1,1,1,1
DM8XVEV,1,1,1,1
DM8Y9KF,1,1,1,1
DM91LCE,1,1,1,1
DMAZLSN,1,1,1,1
DMC5JZ6,1,1,1,1
DMCR0EP,1,1,1,1
DMGLH95,1,1,1,1
DMJUL5E,1,1,1,1
DMLVZJX,1,1,1,1
DMPN00X,1,1,1,1
DMRWA6Z,1,1,1,1
DMUETOX,1,1,1,1
DMUXDYX,1,1,1,1
DMVVVWX,1,1,1,1
DMX4NEF,1,1,1,1
DMYK7JK,1,1,1,1
DN0VZ9V,1,1,1,1
DN1DPZS,1,1,1,1
DN40YOD,1,1,1,1
DN4CXSK,1,1,1,1
DN4XQ06,1,1,1,1
DN8COGY,1,1,1,1
DN94QY0,1,1,1,1
DN9DM0D,1,1,1,1
DN9EH8E,1,1,1,1
DNBTEUY,1,1,1,1
DND9NA7,1,1,1,1
DNDYQYF,1,1,1,1
DNIK6ZU,1,1,1,1
DNIRIHW,1,1,1,1
DNLOBXA,1,1,1,1
DNLQNXY,1,1,1,1
DNMCM9X,1,1,1,1
DNMUIYM,1,1,1,1
DNNKRIU,1,1,1,1
DNOJCET,1,1,1,1
DNQC546,1,1,1,1
DNQKJZ2,1,1,1,1
DNRHG9G,1,1,1,1
DNSRXWN,1,1,1,1
DNT8RLG,1,1,1,1
DNWIWTX,1,1,1,1
DNWQCMT,1,1,1,1
DNX62WC,1,1,1,1
DNX94LR,1,1,1,1
DO0DFFV,1,1,1,1
DO0II5N,1,1,1,1
DO0UTSV,1,1,1,1
DO1ADWL,1,1,1,1
DO5HB01,1,1,1,1
DO67QND,1,1,1,1
DO6ZLSP,1,1,1,1
DO8W3SR,1,1,1,1
DO9SL16,1,1,1,1
DOBXMIX,1,1,1,1
DODOLKK,1,1,1,1
DOFT1IF,1,1,1,1
DOG5JPO,1,1,1,1
DOHUHOR,1,1,1,1
DOHWN1R,1,1,1,1
DOJKLGQ,1,1,1,1
DOKH1QM,1,1,1,1
DOKO7EI,1,1,1,1
DONPUUH,1,1,1,1
DONRBMY,1,1,1,1
DONTKHZ,1,1,1,1
DORHORL,1,1,1,1
DOSBKWA,1,1,1,1
DOT23X8,1,1,1,1
DOTC5WA,1,1,1,1
DOTMXJ1,1,1,1,1
DOUFNNG,1,1,1,1
DOVT0Q3,1,1,1,1
DOXCV7Z,1,1,1,1
DOXQGE2,1,1,1,1
DP0Y5K4,1,1,1,1
DP251TT,1,1,1,1
DP7LAES,1,1,1,1
DP8XKIY,1,1,1,1
DP9DBR1,1,1,1,1
DPA4L6D,1,1,1,1
DPALK69,1,1,1,1
DPB34MK,1,1,1,1
DPCNTSB,1,1,1,1
DPE5Y9H,1,1,1,1
DPEAJK4,1,1,1,1
DPEJ2O4,1,1,1,1
DPGVJ6T,1,1,1,1
DPHEH9T,1,1,1,1
DPHPTQ1,1,1,1,1
DPK9KH6,1,1,1,1
DPLK6JW,1,1,1,1
DPMXXH7,1,1,1,1
DPNHKJA,1,1,1,1
DPO86G4,1,1,1,1
DPOXZV2,1,1,1,1
DPQDQMN,1,1,1,1
DPU2N12,1,1,1,1
DPUPGUA,1,1,1,1
DPWKUPL,1,1,1,1
DPWXBZ0,1,1,1,1
DPZ7D4J,1,1,1,1
DPZK2NL,1,1,1,1
DQ312LO,1,1,1,1
DQ36VTN,1,1,1,1
DQ4OVEB,1,1,1,1
DQ584RR,1,1,1,1
DQ5Q469,1,1,1,1
DQ5T5K6,1,1,1,1
DQ99LLH,1,1,1,1
DQ9CCKB,1,1,1,1
DQAKLVK,1,1,1,1
DQBCNEU,1,1,1,1
DQCWTNG,1,1,1,1
DQCY6OJ,1,1,1,1
DQF570U,1,1,1,1
DQFA8BT,1,1,1,1
DQFPNFX,1,1,1,1
DQHCE0V,1,1,1,1
DQIGCHV,1,1,1,1
DQJM9DK,1,1,1,1
DQKNWHF,1,1,1,1
DQKTH8X,1,1,1,1
DQOBL1A,1,1,1,1
DQON9AS,1,1,1,1
DQPGYQ4,1,1,1,1
DQSABSD,1,1,1,1
DQVMJ7O,1,1,1,1
DQW48VA,1,1,1,1
DQXBVCH,1,1,1,1
DQYRRZE,1,1,1,1
DQZOEX0,1,1,1,1
DR0OHTC,1,1,1,1
DR2HSBU,1,1,1,1
DR39OJG,1,1,1,1
DR3JUHX,1,1,1,1
DR3KFA9,1,1,1,1
DR3OX1E,1,1,1,1
DR6SL2U,1,1,1,1
DR76JPW,1,1,1,1
DR8CNDT,1,1,1,1
DR8H2LQ,1,1,1,1
DRBV7PB,1,1,1,1
DRBZFSE,1,1,1,1
DRCK1UP,1,1,1,1
DRCS0ZA,1,1,1,1
DREEMER,1,1,1,1
DRGY7VX,1,1,1,1
DRHWHQY,1,1,1,1
DRIKOSY,1,1,1,1
DRIRIJO,1,1,1,1
DRKZTS0,1,1,1,1
DRLCTJO,1,1,1,1
DRO36K1,1,1,1,1
DROT8I3,1,1,1,1
DRQZ077,1,1,1,1
DRRTDI5,1,1,1,1
DRUADNM,1,1,1,1
DRXZWFG,1,1,1,1
DRZAEEN,1,1,1,1
DRZPUIH,1,1,1,1
DRZYFBD,1,1,1,1
DS4S9UL,1,1,1,1
DS7TRLD,1,1,1,1
DS9DYZU,1,1,1,1
DS9TTWA,1,1,1,1
DSAYXRH,1,1,1,1
DSB3PL2,1,1,1,1
DSBBFGK,1,1,1,1
DSC9FO0,1,1,1,1
DSD9T37,1,1,1,1
DSDXPBW,1,1,1,1
DSGTRXI,1,1,1,1
DSH6BPQ,1,1,1,1
DSHFCWD,1,1,1,1
DSK65AR,1,1,1,1
DSKGEWV,1,1,1,1
DSKMYAT,1,1,1,1
DSL9HWR,1,1,1,1
DSLUHT3,1,1,1,1
DSNCRN6,1,1,1,1
DSNM4O4,1,1,1,1
DSNQJ0Z,1,1,1,1
DSVEC5A,1,1,1,1
DSVFH1Q,1,1,1,1
DSVHY5F,1,1,1,1
DSYOPGP,1,1,1,1
DSYW49F,1,1,1,1
DSZ34G3,1,1,1,1
DT1CYDK,1,1,1,1
DT27T7O,1,1,1,1
DT2NI97,1,1,1,1
DTABIP5,1,1,1,1
DTBCAHP,1,1,1,1
DTC6KSN,1,1,1,1
DTDFEEY,1,1,1,1
DTED2MZ,1,1,1,1
DTEFQIC,1,1,1,1
DTFE322,1,1,1,1
DTFUCJH,1,1,1,1
DTGFBKR,1,1,1,1
DTJNX3Q,1,1,1,1
DTKFLS9,1,1,1,1
DTLGXU8,1,1,1,1
DTMFMNF,1,1,1,1
DTNQY8M,1,1,1,1
DTOJ6P7,1,1,1,1
DTPV2PT,1,1,1,1
DTQKAKZ,1,1,1,1
DTQTQT8,1,1,1,1
DTSEHCL,1,1,1,1
DTTGGSK,1,1,1,1
DTUEC5L,1,1,1,1
DTW95HB,1,1,1,1
DTXO3QY,1,1,1,1
DTYB0T5,1,1,1,1
DTZ4US7,1,1,1,1
DTZTVT2,1,1,1,1
DU472ES,1,1,1,1
DU6R37H,1,1,1,1
DU8LSDW,1,1,1,1
DUAPYED,1,1,1,1
DUCWZHG,1,1,1,1
DUD4710,1,1,1,1
DUH77VK,1,1,1,1
DUKABC3,1,1,1,1
DUKWTUW,1,1,1,1
DULK6LI,1,1,1,1
DUMXWZ6,1,1,1,1
DUOBS4C,1,1,1,1
DUP6SVA,1,1,1,1
DUPF6CO,1,1,1,1
DUR0873,1,1,1,1
DURASJ5,1,1,1,1
DUT2NWF,1,1,1,1
DUTZK69,1,1,1,1
DUVKW13,1,1,1,1
DUWP0KP,1,1,1,1
DUY2B6V,1,1,1,1
DUZVEQM,1,1,1,1
DV2WJPF,1,1,1,1
DV3F66I,1,1,1,1
DV500TB,1,1,1,1
DV68N4H,1,1,1,1
DV7HMR5,1,1,1,1
DV8CQ83,1,1,1,1
DV8NAH1,1,1,1,1
DVBSH1V,1,1,1,1
DVC02O2,1,1,1,1
DVDZN0H,1,1,1,1
DVENHD8,1,1,1,1
DVFJVSE,1,1,1,1
DVIZIDT,1,1,1,1
DVK7O83,1,1,1,1
DVL9WYG,1,1,1,1
DVLKSVE,1,1,1,1
DVNJ7VN,1,1,1,1
DVNRZM2,1,1,1,1
DVO8D4Y,1,1,1,1
DVR11BT,1,1,1,1
DVR4CY9,1,1,1,1
DVS5NQK,1,1,1,1
DVSEJAT,1,1,1,1
DVSQ0WT,1,1,1,1
DVTLKSW,1,1,1,1
DVTNX3T,1,1,1,1
DVU2PAM,1,1,1,1
DVW1NJH,1,1,1,1
DVWOKZ2,1,1,1,1
DVZ4N3Q,1,1,1,1
DVZ5V6K,1,1,1,1
DW16JYZ,1,1,1,1
DW1ZICC,1,1,1,1
DW2UBY3,1,1,1,1
DW3TNPW,1,1,1,1
DW4WVWA,1,1,1,1
DW64MFS,1,1,1,1
DW6G5ES,1,1,1,1
DW6Y06M,1,1,1,1
DW7XSKS,1,1,1,1
DW80PS5,1,1,1,1
DW9NUIW,1,1,1,1
DW9ORO1,1,1,1,1
DWCWIR1,1,1,1,1
DWEGKC4,1,1,1,1
DWEM3OX,1,1,1,1
DWH30JZ,1,1,1,1
DWHCE4P,1,1,1,1
DWIHME2,1,1,1,1
DWIHPWT,1,1,1,1
DWMTV0T,1,1,1,1
DWO1ZOX,1,1,1,1
DWOLJBA,1,1,1,1
DWOPM5F,1,1,1,1
DWPZ09F,1,1,1,1
DWQ5JSM,1,1,1,1
DWRGTNQ,1,1,1,1
DWUNS4B,1,1,1,1
DWUVFME,1,1,1,1
DWV8Z52,1,1,1,1
DWW7YTU,1,1,1,1
DWWBSBB,1,1,1,1
DWXQLNN,1,1,1,1
DWXVELS,1,1,1,1
DWXYUHV,1,1,1,1
DWYJISW,1,1,1,1
DX261HI,1,1,1,1
DX31CVH,1,1,1,1
DX514K1,1,1,1,1
DX58CFH,1,1,1,1
DX5WXB7,1,1,1,1
DX5YQKZ,1,1,1,1
DX6HLDS,1,1,1,1
DX6QM5I,1,1,1,1
DX706OA,1,1,1,1
DX7VPLU,1,1,1,1
DX8BHUI,1,1,1,1
DX9OT0X,1,1,1,1
DXACYXU,1,1,1,1
DXASP39,1,1,1,1
DXB8HX7,1,1,1,1
DXFZWMG,1,1,1,1
DXG8WZX,1,1,1,1
DXGAG9I,1,1,1,1
DXGZVXJ,1,1,1,1
DXHTQKM,1,1,1,1
DXHZ5WG,1,1,1,1
DXI3YO8,1,1,1,1
DXIDTPL,1,1,1,1
DXM4EHP,1,1,1,1
DXMA9GR,1,1,1,1
DXP9Q8U,1,1,1,1
DXQ0S5R,1,1,1,1
DXR2JME,1,1,1,1
DXR9GTO,1,1,1,1
DXRA7RL,1,1,1,1
DXSYIZH,1,1,1,1
DXW7KQF,1,1,1,1
DXX67K3,1,1,1,1
DXXC61Q,1,1,1,1
DXXFDDW,1,1,1,1
DY0ESTU,1,1,1,1
DY1THV2,1,1,1,1
DY3TYCP,1,1,1,1
DY4X0U1,1,1,1,1
DY5X4XJ,1,1,1,1
DY6YLJZ,1,1,1,1
DY7HBU0,1,1,1,1
DY9IIMP,1,1,1,1
DY9YKKI,1,1,1,1
DYAES0I,1,1,1,1
DYCLKIF,1,1,1,1
DYEYMHI,1,1,1,1
DYGCZLL,1,1,1,1
DYGHXTX,1,1,1,1
DYHQIS7,1,1,1,1
DYHY1LU,1,1,1,1
DYIEJD4,1,1,1,1
DYIHCCS,1,1,1,1
DYISYPX,1,1,1,1
DYIZGU3,1,1,1,1
DYLI1RK,1,1,1,1
DYLJQEL,1,1,1,1
DYMHNNG,1,1,1,1
DYN6O8F,1,1,1,1
DYOL6BE,1,1,1,1
DYP8GFN,1,1,1,1
DYPQIOX,1,1,1,1
DYQVEP5,1,1,1,1
DYRNGM7,1,1,1,1
DYUQ0X7,1,1,1,1
DYV9WNX,1,1,1,1
DYVSLQP,1,1,1,1
DYW9IFT,1,1,1,1
DYWRKZC,1,1,1,1
DYZVK63,1,1,1,1
DZ2HM4S,1,1,1,1
DZ2YBKR,1,1,1,1
DZ6VSAI,1,1,1,1
DZ7B67K,1,1,1,1
DZ8E2AX,1,1,1,1
DZA72DM,1,1,1,1
DZAVTEU,1,1,1,1
DZBX1YS,1,1,1,1
DZCPFKF,1,1,1,1
DZDIU0K,1,1,1,1
DZDNTWV,1,1,1,1
DZE11A7,1,1,1,1
DZE7DTF,1,1,1,1
DZEGNHS,1,1,1,1
DZF1S67,1,1,1,1
DZFOT84,1,1,1,1
DZGUISR,1,1,1,1
DZH6VSY,1,1,1,1
DZHR60V,1,1,1,1
DZIGWBT,1,1,1,1
DZJZHAX,1,1,1,1
DZKKOHJ,1,1,1,1
DZL2HP6,1,1,1,1
DZMH4AF,1,1,1,1
DZOTVF8,1,1,1,1
DZOU64P,1,1,1,1
DZOXZ44,1,1,1,1
DZP9LQH,1,1,1,1
DZQ7EXL,1,1,1,1
DZUWRPS,1,1,1,1
DZV2RQC,1,1,1,1
DZVRKWO,1,1,1,1
DZY765J,1,1,1,1
DZYHZQH,1,1,1,1
E02B6ND,1,1,1,1
E04NHAD,1,1,1,1
E05DIET,1,1,1,1
E07PD22,1,1,1,1
E096N2H,1,1,1,1
E0ACL2J,1,1,1,1
E0AXZDG,1,1,1,1
E0C7K3X,1,1,1,1
E0DO20B,1,1,1,1
E0H9F5C,1,1,1,1
E0H9VN8,1,1,1,1
E0HDRK5,1,1,1,1
E0KWJUV,1,1,1,1
E0L6VPW,1,1,1,1
E0LUH5P,1,1,1,1
E0MLFUI,1,1,1,1
E0N6RF8,1,1,1,1
E0PN3GV,1,1,1,1
E0PYYF7,1,1,1,1
E0RZV4N,1,1,1,1
E0WG1Q1,1,1,1,1
E0X2RBU,1,1,1,1
E0X7JOO,1,1,1,1
E0Y98W6,1,1,1,1
E0YM6VU,1,1,1,1
E0Z5RT1,1,1,1,1
E0ZIPQN,1,1,1,1
E0ZTCT8,1,1,1,1
E13XEGZ,1,1,1,1
E14CHOI,1,1,1,1
E1527JR,1,1,1,1
E17C2LA,1,1,1,1
E1CWZ0L,1,1,1,1
E1DEWI5,1,1,1,1
E1ETWF3,1,1,1,1
E1F2KJM,1,1,1,1
E1KAPKY,1,1,1,1
E1KOQBY,1,1,1,1
E1MXDKB,1,1,1,1
E1O48FK,1,1,1,1
E1O6LM5,1,1,1,1
E1OGT8N,1,1,1,1
E1OKEQ0,1,1,1,1
E1QJH1B,1,1,1,1
E1QWZKI,1,1,1,1
E1RPAS5,1,1,1,1
E1S5FVZ,1,1,1,1
E1UPS44,1,1,1,1
E1WDFCA,1,1,1,1
E1X9IBC,1,1,1,1
E1XK4FQ,1,1,1,1
E1ZXHL7,1,1,1,1
E20I45H,1,1,1,1
E21LXC3,1,1,1,1
E25JTWW,1,1,1,1
E29E6W3,1,1,1,1
E2A602J,1,1,1,1
E2A8AYL,1,1,1,1
E2BTA4J,1,1,1,1
E2CTKVY,1,1,1,1
E2FGJVG,1,1,1,1
E2LNPG9,1,1,1,1
E2M6CYV,1,1,1,1
E2NCJ6V,1,1,1,1
E2NFAAJ,1,1,1,1
E2NL6VA,1,1,1,1
E2NOCH5,1,1,1,1
E2PDH9V,1,1,1,1
E2Q3AUR,1,1,1,1
E2Q811C,1,1,1,1
E2S02WF,1,1,1,1
E2S1AJK,1,1,1,1
E2SGNB0,1,1,1,1
E2SIABK,1,1,1,1
E2SXAGN,1,1,1,1
E2TWPFN,1,1,1,1
E2U414V,1,1,1,1
E2UDE0B,1,1,1,1
E2W8USD,1,1,1,1
E2WSSP7,1,1,1,1
E2X20GD,1,1,1,1
E31ZJNL,1,1,1,1
E345ZKW,1,1,1,1
E34ADLE,1,1,1,1
E34IUWM,1,1,1,1
E35CXLT,1,1,1,1
E36HV43,1,1,1,1
E37UBTX,1,1,1,1
E37WTI3,1,1,1,1
E38B21V,1,1,1,1
E39RDOA,1,1,1,1
E3AI7HW,1,1,1,1
E3B2ZAH,1,1,1,1
E3C3CT8,1,1,1,1
E3C7L8H,1,1,1,1
E3D60ZU,1,1,1,1
E3DXR86,1,1,1,1
E3G0YT2,1,1,1,1
E3HABQH,1,1,1,1
E3HVHK7,1,1,1,1
E3I28UC,1,1,1,1
E3IIHK7,1,1,1,1
E3KHOW1,1,1,1,1
E3M6VFZ,1,1,1,1
E3NJ1I8,1,1,1,1
E3OIYFX,1,1,1,1
E3PNNM2,1,1,1,1
E3QSWUS,1,1,1,1
E3T7NC1,1,1,1,1
E3U0A98,1,1,1,1
E3U7S1C,1,1,1,1
E3V0TAK,1,1,1,1
E3VJNU3,1,1,1,1
E3VSEW8,1,1,1,1
E3WMYTF,1,1,1,1
E40XNRO,1,1,1,1
E430Y9B,1,1,1,1
E458CQO,1,1,1,1
E46P963,1,1,1,1
E4AXQU7,1,1,1,1
E4B55QU,1,1,1,1
E4BRL2H,1,1,1,1
E4D2Q45,1,1,1,1
E4F8SFC,1,1,1,1
E4HAIAJ,1,1,1,1
E4K8Z59,1,1,1,1
E4L02I9,1,1,1,1
E4N615P,1,1,1,1
E4NXXJ1,1,1,1,1
E4PK1HP,1,1,1,1
E4PRE1A,1,1,1,1
E4RLH13,1,1,1,1
E4VOYIW,1,1,1,1
E4X6L1V,1,1,1,1
E4YSKJ4,1,1,1,1
E4ZK9MN,1,1,1,1
E4ZYWQT,1,1,1,1
E51G0OH,1,1,1,1
E52QW1A,1,1,1,1
E53ODT2,1,1,1,1
E57DJRX,1,1,1,1
E57WA73,1,1,1,1
E58UNZ6,1,1,1,1
E5AFYPE,1,1,1,1
E5BLWRT,1,1,1,1
E5BXAKB,1,1,1,1
E5EI4N5,1,1,1,1
E5EORKS,1,1,1,1
E5JCI2F,1,1,1,1
E5OC00S,1,1,1,1
E5OE5GD,1,1,1,1
E5PKTKU,1,1,1,1
E5QKJ99,1,1,1,1
E5U2NPU,1,1,1,1
E5VOEPW,1,1,1,1
E5VTIYE,1,1,1,1
E5XODL3,1,1,1,1
E5YNYTG,1,1,1,1
E5YV6LO,1,1,1,1
E5YW1NU,1,1,1,1
E6055A2,1,1,1,1
E634BDH,1,1,1,1
E63OGBP,1,1,1,1
E65CUQ3,1,1,1,1
E65G1KW,1,1,1,1
E69RZ8I,1,1,1,1
E6AEY6M,1,1,1,1
E6CMD9U,1,1,1,1
E6D7G9H,1,1,1,1
E6FO1L2,1,1,1,1
E6G98KO,1,1,1,1
E6HOXC8,1,1,1,1
E6IJ537,1,1,1,1
E6K0QUT,1,1,1,1
E6KHZ59,1,1,1,1
E6KVN9C,1,1,1,1
E6POWDP,1,1,1,1
E6PVADG,1,1,1,1
E6QXTLA,1,1,1,1
E6SZ2Y7,1,1,1,1
E6TQ81V,1,1,1,1
E6UBJQY,1,1,1,1
E6UO0MR,1,1,1,1
E6V8R2B,1,1,1,1
E6WEPIC,1,1,1,1
E6XM27C,1,1,1,1
E71LS78,1,1,1,1
E71UK2P,1,1,1,1
E72WL2Y,1,1,1,1
E739R0D,1,1,1,1
E748NXG,1,1,1,1
E74GCS5,1,1,1,1
E74TQF1,1,1,1,1
E77V9SC,1,1,1,1
E7BOWEJ,1,1,1,1
E7BRU1A,1,1,1,1
E7D81NW,1,1,1,1
E7DBM3X,1,1,1,1
E7F9PV1,1,1,1,1
E7GUST6,1,1,1,1
E7IGX7Y,1,1,1,1
E7LKRLD,1,1,1,1
E7MAI0L,1,1,1,1
E7MTTDF,1,1,1,1
E7NBMD3,1,1,1,1
E7NLZEF,1,1,1,1
E7OQD6I,1,1,1,1
E7PRJ5B,1,1,1,1
E7QAVO7,1,1,1,1
E7QK98J,1,1,1,1
E7UDS16,1,1,1,1
E7UVQTD,1,1,1,1
E7WFSMU,1,1,1,1
E7WO2OS,1,1,1,1
E7XMRNK,1,1,1,1
E7XX7W5,1,1,1,1
E7Y1MO9,1,1,1,1
E82KK0S,1,1,1,1
E85INNO,1,1,1,1
E87IXWC,1,1,1,1
E8AHB0T,1,1,1,1
E8BP165,1,1,1,1
E8BTHKI,1,1,1,1
E8C96YQ,1,1,1,1
E8DUTI1,1,1,1,1
E8FS414,1,1,1,1
E8GYNIV,1,1,1,1
E8H6BAU,1,1,1,1
E8MLK13,1,1,1,1
E8NE7EF,1,1,1,1
E8OCAU0,1,1,1,1
E8P88DM,1,1,1,1
E8W1NRU,1,1,1,1
E8W2KUF,1,1,1,1
E8WTVRY,1,1,1,1
E8YO5KY,1,1,1,1
E94BBAV,1,1,1,1
E94LYKA,1,1,1,1
E98BO0F,1,1,1,1
E9D55DY,1,1,1,1
E9E68O5,1,1,1,1
E9FRSNY,1,1,1,1
E9GVGIH,1,1,1,1
E9HYPWI,1,1,1,1
E9I7INJ,1,1,1,1
E9ITCB9,1,1,1,1
E9KYVDR,1,1,1,1
E9MVY6F,1,1,1,1
E9PJNOR,1,1,1,1
E9SGFLK,1,1,1,1
E9SHQR1,1,1,1,1
E9TFPPJ,1,1,1,1
E9WLTQN,1,1,1,1
E9WXVUT,1,1,1,1
E9WXZ90,1,1,1,1
E9YK1TY,1,1,1,1
E9Z7N3P,1,1,1,1
EA1CTNT,1,1,1,1
EA26493,1,1,1,1
EA2PBLD,1,1,1,1
EA35LQ3,1,1,1,1
EA3NY0X,1,1,1,1
EA6AER3,1,1,1,1
EA7VY8Z,1,1,1,1
EAAPYAQ,1,1,1,1
EABKA6A,1,1,1,1
EABM9E5,1,1,1,1
EACRR9S,1,1,1,1
EAEQ1FQ,1,1,1,1
EAFMLB1,1,1,1,1
EAG53SB,1,1,1,1
EAI50H3,1,1,1,1
EAIJ3BS,1,1,1,1
EAIVKPV,1,1,1,1
EAJFVR3,1,1,1,1
EAJJJFI,1,1,1,1
EAKHO4J,1,1,1,1
EALT4HS,1,1,1,1
EANCX8U,1,1,1,1
EANEKCD,1,1,1,1
EAOM1M7,1,1,1,1
EAP7WVW,1,1,1,1
EASWAYW,1,1,1,1
EATB7IS,1,1,1,1
EATFZ3G,1,1,1,1
EAUFI0L,1,1,1,1
EAUI4DK,1,1,1,1
EAUKO9X,1,1,1,1
EAWD1TD,1,1,1,1
EAWTJAG,1,1,1,1
EAXQ9QR,1,1,1,1
EAYN4O0,1,1,1,1
EAZ6S5J,1,1,1,1
EB0HFSH,1,1,1,1
EB4QHO3,1,1,1,1
EB57U2F,1,1,1,1
EB5VPKF,1,1,1,1
EB6WW2F,1,1,1,1
EB81CSV,1,1,1,1
EBAAZXH,1,1,1,1
EBC8PDY,1,1,1,1
EBE5PMJ,1,1,1,1
EBFLAEB,1,1,1,1
EBFOVOL,1,1,1,1
EBI76YQ,1,1,1,1
EBIJW6B,1,1,1,1
EBKZY10,1,1,1,1
EBO8FXK,1,1,1,1
EBOWCHD,1,1,1,1
EBR5RAO,1,1,1,1
EBRJEHR,1,1,1,1
EBRO1K3,1,1,1,1
EBRYO2P,1,1,1,1
EBS292H,1,1,1,1
EBTIMTC,1,1,1,1
EBTWV92,1,1,1,1
EBUTLK6,1,1,1,1
EBW71YA,1,1,1,1
EBWUCPS,1,1,1,1
EBZ1TFZ,1,1,1,1
EC1MJAP,1,1,1,1
EC3DNRO,1,1,1,1
EC4WCGT,1,1,1,1
EC51C0B,1,1,1,1
EC62U2J,1,1,1,1
EC6R1DN,1,1,1,1
EC7RPQW,1,1,1,1
EC94XV6,1,1,1,1
ECALN1E,1,1,1,1
ECBX7VJ,1,1,1,1
ECD1CT1,1,1,1,1
ECEH2WY,1,1,1,1
ECHYRJP,1,1,1,1
ECJG71N,1,1,1,1
ECLLJHJ,1,1,1,1
ECMUNNR,1,1,1,1
ECMZLKD,1,1,1,1
ECO2TDE,1,1,1,1
ECOCR28,1,1,1,1
ECOQE5E,1,1,1,1
ECPJX6O,1,1,1,1
ECQ4SMC,1,1,1,1
ECRN7TJ,1,1,1,1
ECRU745,1,1,1,1
ECSMWIZ,1,1,1,1
ECUWOJX,1,1,1,1
ECWX8GV,1,1,1,1
ECX5SGG,1,1,1,1
ECY7YDW,1,1,1,1
ED371DK,1,1,1,1
ED45TG9,1,1,1,1
ED4B590,1,1,1,1
ED4QJXF,1,1,1,1
ED5LG04,1,1,1,1
ED6MOJH,1,1,1,1
ED75Q2H,1,1,1,1
ED7AR1Y,1,1,1,1
ED82968,1,1,1,1
ED8RW3A,1,1,1,1
EDBPYYO,1,1,1,1
EDC5T1A,1,1,1,1
EDD70V3,1,1,1,1
EDE5KIJ,1,1,1,1
EDFCNEK,1,1,1,1
EDGB9LS,1,1,1,1
EDHJGCH,1,1,1,1
EDHL7KZ,1,1,1,1
EDJFIOB,1,1,1,1
EDLIL3N,1,1,1,1
EDN1FWJ,1,1,1,1
EDNSMKX,1,1,1,1
EDO1D4F,1,1,1,1
EDSR7OV,1,1,1,1
EDTNMU2,1,1,1,1
EDU8CH5,1,1,1,1
EDUL9FY,1,1,1,1
EDUOFEE,1,1,1,1
EDXE3UF,1,1,1,1
EDXHU3Q,1,1,1,1
EE0JTNV,1,1,1,1
EE3ZXN2,1,1,1,1
EE4CZBI,1,1,1,1
EE4IVFE,1,1,1,1
EE5DXCV,1,1,1,1
EE68SPJ,1,1,1,1
EE6JCJP,1,1,1,1
EE853NZ,1,1,1,1
EEAPCDU,1,1,1,1
EEAPQS5,1,1,1,1
EEDAIP0,1,1,1,1
EEDYERB,1,1,1,1
EEG6YVR,1,1,1,1
EEGY0HM,1,1,1,1
EEHGQ6E,1,1,1,1
EEHK7B5,1,1,1,1
EEI3DLT,1,1,1,1
EEJK8P4,1,1,1,1
EELJ2SB,1,1,1,1
EELZS8R,1,1,1,1
EEM9W9D,1,1,1,1
EENKKLG,1,1,1,1
EEO7UA3,1,1,1,1
EEPWNST,1,1,1,1
EERLHMN,1,1,1,1
EEWT5VV,1,1,1,1
EEWU55F,1,1,1,1
EEZR85X,1,1,1,1
EF11GO1,1,1,1,1
EF178CQ,1,1,1,1
EF1GVFA,1,1,1,1
EF33XEZ,1,1,1,1
EF5NDLY,1,1,1,1
EF6C9NZ,1,1,1,1
EF7BMK1,1,1,1,1
EF8S284,1,1,1,1
EF8ZXWH,1,1,1,1
EF9NC7S,1,1,1,1
EFA4HGK,1,1,1,1
EFBCGAN,1,1,1,1
EFBZQ7W,1,1,1,1
EFD215Z,1,1,1,1
EFDVU41,1,1,1,1
EFF8NK7,1,1,1,1
EFGHJIW,1,1,1,1
EFI64KI,1,1,1,1
EFISVZC,1,1,1,1
EFKXXS9,1,1,1,1
EFLVG8R,1,1,1,1
EFN42SL,1,1,1,1
EFQDU5W,1,1,1,1
EFQQPWT,1,1,1,1
EFQYXRJ,1,1,1,1
EFRXL9N,1,1,1,1
EFRYRYC,1,1,1,1
EFSW782,1,1,1,1
EFUJWL5,1,1,1,1
EFVB2X8,1,1,1,1
EFVYOUA,1,1,1,1
EFXKA4H,1,1,1,1
EFXYXDB,1,1,1,1
EFY37RM,1,1,1,1
EFZ2JKW,1,1,1,1
EG2UYOV,1,1,1,1
EG7APZQ,1,1,1,1
EG8W4LD,1,1,1,1
EG9FBTX,1,1,1,1
EGABEFG,1,1,1,1
EGAKSZW,1,1,1,1
EGH51BR,1,1,1,1
EGH9PO4,1,1,1,1
EGI888W,1,1,1,1
EGIDO6T,1,1,1,1
EGQ9UHV,1,1,1,1
EGQJUHP,1,1,1,1
EGRVUQI,1,1,1,1
EGS8AUQ,1,1,1,1
EGTYPBO,1,1,1,1
EGVV1LW,1,1,1,1
EGW0AJJ,1,1,1,1
EGWSIWQ,1,1,1,1
EGX4TUD,1,1,1,1
EGXCZPX,1,1,1,1
EGZEXZL,1,1,1,1
EH0ZZVB,1,1,1,1
EH18FB6,1,1,1,1
EH19WW6,1,1,1,1
EH2EL12,1,1,1,1
EH2PLDA,1,1,1,1
EH4BMSE,1,1,1,1
EH4SBRI,1,1,1,1
EH67XKF,1,1,1,1
EH798SA,1,1,1,1
EH7OHX4,1,1,1,1
EH8J6QB,1,1,1,1
EH9QR5K,1,1,1,1
EHC5VX4,1,1,1,1
EHCDQ2O,1,1,1,1
EHD9D6J,1,1,1,1
EHDANMS,1,1,1,1
EHGQ1B8,1,1,1,1
EHHKCI0,1,1,1,1
EHHOLKH,1,1,1,1
EHIIJTJ,1,1,1,1
EHITH7L,1,1,1,1
EHJKX5L,1,1,1,1
EHJNNQX,1,1,1,1
EHK3SBT,1,1,1,1
EHKONIC,1,1,1,1
EHKU9CM,1,1,1,1
EHMCBPL,1,1,1,1
EHMX3II,1,1,1,1
EHN3YX0,1,1,1,1
EHN9BBM,1,1,1,1
EHOM8I7,1,1,1,1
EHPLWM8,1,1,1,1
EHQA01D,1,1,1,1
EHQOPLA,1,1,1,1
EHRIAVO,1,1,1,1
EHS42RZ,1,1,1,1
EHS6N8Q,1,1,1,1
EHSMTAI,1,1,1,1
EHWFU2Q,1,1,1,1
EHY8LAO,1,1,1,1
EHYM7JE,1,1,1,1
EHZOR3T,1,1,1,1
EI3KZD7,1,1,1,1
EI4GTIF,1,1,1,1
EI5OQ2Z,1,1,1,1
EI5V02U,1,1,1,1
EI6SZBU,1,1,1,1
EI988UT,1,1,1,1
EIAHWRB,1,1,1,1
EICRR0N,1,1,1,1
EIDCG5E,1,1,1,1
EIFPB0F,1,1,1,1
EIJ0P37,1,1,1,1
EIJ8PG3,1,1,1,1
EIM0RP9,1,1,1,1
EINQ4SK,1,1,1,1
EIOY7LB,1,1,1,1
EIPVUVJ,1,1,1,1
EIQ0S7X,1,1,1,1
EIQ9JWM,1,1,1,1
EIQOWYM,1,1,1,1
EIT857M,1,1,1,1
EITYMNY,1,1,1,1
EIURE8U,1,1,1,1
EIVVQB4,1,1,1,1
EIWG3X4,1,1,1,1
EIX6L3P,1,1,1,1
EIXIAS0,1,1,1,1
EIYSOZP,1,1,1,1
EJ4E3MN,1,1,1,1
EJ5L9N0,1,1,1,1
EJ5ZKMB,1,1,1,1
EJ7YLEV,1,1,1,1
EJ9HQMW,1,1,1,1
EJBVWIZ,1,1,1,1
EJCIK4R,1,1,1,1
EJDT9GZ,1,1,1,1
EJEQED4,1,1,1,1
EJEQUFP,1,1,1,1
EJEQX4Y,1,1,1,1
EJF0MVN,1,1,1,1
EJGALKG,1,1,1,1
EJH7NFE,1,1,1,1
EJIJ3R9,1,1,1,1
EJINZSS,1,1,1,1
EJJ6Y1Q,1,1,1,1
EJJSUF1,1,1,1,1
EJLJ6ZW,1,1,1,1
EJLJGGO,1,1,1,1
EJMNHIE,1,1,1,1
EJNCASL,1,1,1,1
EJNZOMF,1,1,1,1
EJO5W9W,1,1,1,1
EJO8QZH,1,1,1,1
EJOUT04,1,1,1,1
EJOYV2K,1,1,1,1
EJPI5EB,1,1,1,1
EJQR2UZ,1,1,1,1
EJSAC94,1,1,1,1
EJSFK4E,1,1,1,1
EJTGQ1M,1,1,1,1
EJVVHRC,1,1,1,1
EJW6Z76,1,1,1,1
EJXEKR4,1,1,1,1
EJYQN5N,1,1,1,1
EJYZM5W,1,1,1,1
EJZ29W1,1,1,1,1
EJZ4AOK,1,1,1,1
EJZLW0Q,1,1,1,1
EK0SH25,1,1,1,1
EK3JPC0,1,1,1,1
EK3PWG1,1,1,1,1
EK4SSY1,1,1,1,1
EK59BY2,1,1,1,1
EK7MQHT,1,1,1,1
EKB1DJC,1,1,1,1
EKBB6Q4,1,1,1,1
EKD6T1V,1,1,1,1
EKF1B5N,1,1,1,1
EKFDQHG,1,1,1,1
EKG5SU4,1,1,1,1
EKG9M1J,1,1,1,1
EKHQ5LZ,1,1,1,1
EKI2CAT,1,1,1,1
EKLUVFS,1,1,1,1
EKMQSBH,1,1,1,1
EKMREK5,1,1,1,1
EKN7EMU,1,1,1,1
EKOMJNC,1,1,1,1
EKRD2KW,1,1,1,1
EKUB3H5,1,1,1,1
EKWXCIT,1,1,1,1
EL1Z5MI,1,1,1,1
EL42N7U,1,1,1,1
ELALYJY,1,1,1,1
ELATN8H,1,1,1,1
ELB4Z0R,1,1,1,1
ELCSSU8,1,1,1,1
ELCYHH5,1,1,1,1
ELEFMOM,1,1,1,1
ELFDIRW,1,1,1,1
ELGXFGF,1,1,1,1
ELH01ZI,1,1,1,1
ELHSLCP,1,1,1,1
ELI7H8I,1,1,1,1
ELKXNZW,1,1,1,1
ELL67IT,1,1,1,1
ELLHV30,1,1,1,1
ELME05H,1,1,1,1
ELMFMG6,1,1,1,1
ELMH6FU,1,1,1,1
ELNZL80,1,1,1,1
ELPOHCK,1,1,1,1
ELQTNHS,1,1,1,1
ELQYQO6,1,1,1,1
ELSC0BS,1,1,1,1
ELT8VQZ,1,1,1,1
ELTWD6Q,1,1,1,1
ELVBCLF,1,1,1,1
ELWARPQ,1,1,1,1
ELY88SM,1,1,1,1
ELYL2DG,1,1,1,1
ELYTU1V,1,1,1,1
ELZ6NUQ,1,1,1,1
EM0PZNM,1,1,1,1
EM1OR3I,1,1,1,1
EM24X00,1,1,1,1
EM3T7R8,1,1,1,1
EM3TABB,1,1,1,1
EM4U0XE,1,1,1,1
EM4XOW2,1,1,1,1
EM5NP0C,1,1,1,1
EM5PYOR,1,1,1,1
EM7YUP9,1,1,1,1
EM7Z994,1,1,1,1
EM8OOR3,1,1,1,1
EM8SO75,1,1,1,1
EMAGRN9,1,1,1,1
EMB1Y9L,1,1,1,1
EMBAFAI,1,1,1,1
EMBIU6D,1,1,1,1
EMD3VB3,1,1,1,1
EMDVSDZ,1,1,1,1
EMEHDR8,1,1,1,1
EMGDB5G,1,1,1,1
EMJ44GC,1,1,1,1
EMKO3NI,1,1,1,1
EMLRE2T,1,1,1,1
EMNE2GU,1,1,1,1
EMRS1RG,1,1,1,1
EMSPM8K,1,1,1,1
EMSTCYV,1,1,1,1
EMTIPHM,1,1,1,1
EMWNYP9,1,1,1,1
EMX361P,1,1,1,1
EMZVL0S,1,1,1,1
EN06VOL,1,1,1,1
EN14IGE,1,1,1,1
EN1NYUS,1,1,1,1
EN2W18K,1,1,1,1
EN3CJ4P,1,1,1,1
EN4CL1Q,1,1,1,1
EN4Z90B,1,1,1,1
EN5W8CZ,1,1,1,1
EN7DTI5,1,1,1,1
EN7HOPL,1,1,1,1
ENAOXMI,1,1,1,1
ENBQMD1,1,1,1,1
ENCGK7H,1,1,1,1
ENDMCUD,1,1,1,1
ENFIVFX,1,1,1,1
ENFQOOS,1,1,1,1
ENJ9HPK,1,1,1,1
ENJI9QP,1,1,1,1
ENKHLE6,1,1,1,1
ENM7BDS,1,1,1,1
ENMB98J,1,1,1,1
ENNCJ6O,1,1,1,1
ENUAW15,1,1,1,1
ENUV6ME,1,1,1,1
ENW2PR0,1,1,1,1
ENZ0SSA,1,1,1,1
ENZQPTL,1,1,1,1
ENZVFB7,1,1,1,1
EO0K2KB,1,1,1,1
EO0SHN3,1,1,1,1
EO1JLIU,1,1,1,1
EO3H0QM,1,1,1,1
EO4AH37,1,1,1,1
EO4U0R2,1,1,1,1
EO68NML,1,1,1,1
EO6CS0A,1,1,1,1
EO6TA77,1,1,1,1
EO9OOJJ,1,1,1,1
EOAHMJG,1,1,1,1
EOAUJHU,1,1,1,1
EOB7HCC,1,1,1,1
EOBLG5E,1,1,1,1
EOD5D4Q,1,1,1,1
EOD70XX,1,1,1,1
EOEE1AH,1,1,1,1
EOGJN26,1,1,1,1
EOIJGD1,1,1,1,1
EOIW9S4,1,1,1,1
EOK19P5,1,1,1,1
EOKYOL1,1,1,1,1
EOLDRM5,1,1,1,1
EONTWED,1,1,1,1
EOO9C8R,1,1,1,1
EOPADG0,1,1,1,1
EOPBM4Z,1,1,1,1
EOQDWIY,1,1,1,1
EOTAVXA,1,1,1,1
EOTN45I,1,1,1,1
EOV4ONW,1,1,1,1
EOV6PWZ,1,1,1,1
EOVYP67,1,1,1,1
EOWO3VK,1,1,1,1
EOWZBO9,1,1,1,1
EOXRVJ2,1,1,1,1
EOZC5SU,1,1,1,1
EP3S98V,1,1,1,1
EP5VSNH,1,1,1,1
EP6QSFQ,1,1,1,1
EP73SC6,1,1,1,1
EP9RMGM,1,1,1,1
EPCLAUC,1,1,1,1
EPEA9VL,1,1,1,1
EPEPSOY,1,1,1,1
EPFHETA,1,1,1,1
EPG5WDD,1,1,1,1
EPJX8E4,1,1,1,1
EPKLVDN,1,1,1,1
EPO6HVG,1,1,1,1
EPORM69,1,1,1,1
EPP5AW8,1,1,1,1
EPP7J1H,1,1,1,1
EPPLNMB,1,1,1,1
EPQTMMV,1,1,1,1
EPR0WAR,1,1,1,1
EPRI43H,1,1,1,1
EPTOQ89,1,1,1,1
EPU6IFK,1,1,1,1
EPY1HA0,1,1,1,1
EPZ3NCS,1,1,1,1
EPZGOWR,1,1,1,1
EPZH6O9,1,1,1,1
EPZNDTK,1,1,1,1
EQ2UDFZ,1,1,1,1
EQ79O6J,1,1,1,1
EQ7C2GI,1,1,1,1
EQ7RPJ6,1,1,1,1
EQ8072G,1,1,1,1
EQ8IUXJ,1,1,1,1
EQ93W8C,1,1,1,1
EQ9CBW3,1,1,1,1
EQCO0XA,1,1,1,1
EQDJY7G,1,1,1,1
EQDLF17,1,1,1,1
EQFIAXA,1,1,1,1
EQG3TYT,1,1,1,1
EQH7O4S,1,1,1,1
EQHE3ZN,1,1,1,1
EQHUODK,1,1,1,1
EQJ50WS,1,1,1,1
EQLB92R,1,1,1,1
EQND6CM,1,1,1,1
EQOE8XV,1,1,1,1
EQPAFIY,1,1,1,1
EQQO7OU,1,1,1,1
EQS0WZI,1,1,1,1
EQSKUL8,1,1,1,1
EQTUASI,1,1,1,1
EQVJXDP,1,1,1,1
EQVMBUY,1,1,1,1
EQXJLCS,1,1,1,1
EQZJF86,1,1,1,1
ER0JE6K,1,1,1,1
ER0NS32,1,1,1,1
ER2VZFO,1,1,1,1
ER52XWN,1,1,1,1
ER6R6D3,1,1,1,1
ER92X8O,1,1,1,1
ERBQB33,1,1,1,1
ERCBQO6,1,1,1,1
EREODGN,1,1,1,1
ERGQGI6,1,1,1,1
ERHT127,1,1,1,1
ERIYU7K,1,1,1,1
ERIYZJM,1,1,1,1
ERJ6MK5,1,1,1,1
ERJI0EX,1,1,1,1
ERLBP9N,1,1,1,1
ERN0ZC2,1,1,1,1
ERPUIE5,1,1,1,1
ERTCVDD,1,1,1,1
ERUVG17,1,1,1,1
ERV5O0U,1,1,1,1
ERWD0Y6,1,1,1,1
ERYI7YH,1,1,1,1
ES23KZ7,1,1,1,1
ES3D8G2,1,1,1,1
ES6RKRS,1,1,1,1
ES7ZLQD,1,1,1,1
ES8GFHO,1,1,1,1
ES9VLQT,1,1,1,1
ESDF8KP,1,1,1,1
ESEHIB9,1,1,1,1
ESEO3FN,1,1,1,1
ESFCEZ8,1,1,1,1
ESGDIAV,1,1,1,1
ESI8TY8,1,1,1,1
ESIF1T9,1,1,1,1
ESIZ4DJ,1,1,1,1
ESJRPCN,1,1,1,1
ESSJUNF,1,1,1,1
ESWJTIU,1,1,1,1
ESXYCUJ,1,1,1,1
ET0XBRC,1,1,1,1
ET1SE7X,1,1,1,1
ET2C6UO,1,1,1,1
ET2ZYV4,1,1,1,1
ET3U32N,1,1,1,1
ET5XQI3,1,1,1,1
ET7R9Y7,1,1,1,1
ET80JUJ,1,1,1,1
ET9MK3F,1,1,1,1
ETAUJOR,1,1,1,1
ETBHASP,1,1,1,1
ETBQ74U,1,1,1,1
ETD9S5P,1,1,1,1
ETDZ35A,1,1,1,1
ETH25EG,1,1,1,1
ETJL6Z8,1,1,1,1
ETJRIFS,1,1,1,1
ETLUXQG,1,1,1,1
ETLVYYL,1,1,1,1
ETM3P46,1,1,1,1
ETPER2X,1,1,1,1
ETRXZ1V,1,1,1,1
ETS4QC2,1,1,1,1
ETS5EQJ,1,1,1,1
ETS7OBI,1,1,1,1
ETSDZJA,1,1,1,1
ETTPPJS,1,1,1,1
ETUCENG,1,1,1,1
ETWXAA9,1,1,1,1
ETY68W4,1,1,1,1
ETYK35G,1,1,1,1
ETYTUYR,1,1,1,1
EU41AJK,1,1,1,1
EU4EOAM,1,1,1,1
EU4JNL5,1,1,1,1
EU7BV0R,1,1,1,1
EU9P4ER,1,1,1,1
EU9QKOS,1,1,1,1
EU9X0Q8,1,1,1,1
EUCK478,1,1,1,1
EUDOVXK,1,1,1,1
EUFFR90,1,1,1,1
EUGTWIM,1,1,1,1
EUH5R1A,1,1,1,1
EUII8TA,1,1,1,1
EUIO5M9,1,1,1,1
EUJ9VP1,1,1,1,1
EUM6LME,1,1,1,1
EUNGNT3,1,1,1,1
EUPCYJY,1,1,1,1
EUQ7ZBV,1,1,1,1
EUQZLDO,1,1,1,1
EURGODI,1,1,1,1
EURWLV5,1,1,1,1
EUTMWFR,1,1,1,1
EUTY8KZ,1,1,1,1
EUV9MZG,1,1,1,1
EUW0LCQ,1,1,1,1
EUW2AP9,1,1,1,1
EUX1M95,1,1,1,1
EUYPPRI,1,1,1,1
EUZXJ29,1,1,1,1
EV1IAB4,1,1,1,1
EV3CH2S,1,1,1,1
EV3HXR7,1,1,1,1
EV3JLVL,1,1,1,1
EV3NQUS,1,1,1,1
EV3PC0E,1,1,1,1
EV48NDV,1,1,1,1
EV57V2Q,1,1,1,1
EV82J46,1,1,1,1
EV95U8D,1,1,1,1
EV9PL6M,1,1,1,1
EVAV9HI,1,1,1,1
EVBBFOU,1,1,1,1
EVBTKXQ,1,1,1,1
EVF2YJI,1,1,1,1
EVI6TAD,1,1,1,1
EVJ9EPT,1,1,1,1
EVK3KYS,1,1,1,1
EVM8XZR,1,1,1,1
EVMEKD8,1,1,1,1
EVO0URM,1,1,1,1
EVOJF6Q,1,1,1,1
EVPNHTC,1,1,1,1
EVPQ8X8,1,1,1,1
EVQLNJQ,1,1,1,1
EVRHEVJ,1,1,1,1
EVTTXVN,1,1,1,1
EVW46EX,1,1,1,1
EVXEBHM,1,1,1,1
EVXTHYA,1,1,1,1
EW09X10,1,1,1,1
EW4UF11,1,1,1,1
EW66SSX,1,1,1,1
EW6EWO5,1,1,1,1
EW7OCA4,1,1,1,1
EW8WO4C,1,1,1,1
EWETMDD,1,1,1,1
EWFHMAJ,1,1,1,1
EWFQ5KL,1,1,1,1
EWGSXX8,1,1,1,1
EWH3LEY,1,1,1,1
EWHEATZ,1,1,1,1
EWJ5QMN,1,1,1,1
EWJRMB6,1,1,1,1
EWJSBLF,1,1,1,1
EWKJAEK,1,1,1,1
EWKREKS,1,1,1,1
EWLTGPG,1,1,1,1
EWQI6FJ,1,1,1,1
EWRA7IJ,1,1,1,1
EWRCKU1,1,1,1,1
EWT02UC,1,1,1,1
EWV1D8C,1,1,1,1
EWWFI2N,1,1,1,1
EWWSJF7,1,1,1,1
EWWY2XD,1,1,1,1
EWX0N2N,1,1,1,1
EWX2XYN,1,1,1,1
EWXD47J,1,1,1,1
EWY62ZS,1,1,1,1
EWZ6QB0,1,1,1,1
EX062ZG,1,1,1,1
EX0UJKT,1,1,1,1
EX25JZT,1,1,1,1
EX347G8,1,1,1,1
EX48C6S,1,1,1,1
EX4NF35,1,1,1,1
EX51SM4,1,1,1,1
EX5LMBZ,1,1,1,1
EX5VAFV,1,1,1,1
EX85LEJ,1,1,1,1
EX9CAUP,1,1,1,1
EXA8EJH,1,1,1,1
EXC5WTK,1,1,1,1
EXCZCLH,1,1,1,1
EXFZL0V,1,1,1,1
EXGA9EY,1,1,1,1
EXGUSIW,1,1,1,1
EXIGZ7R,1,1,1,1
EXJIXJJ,1,1,1,1
EXKGN0I,1,1,1,1
EXKIHAQ,1,1,1,1
EXKZBTF,1,1,1,1
EXLFJT0,1,1,1,1
EXNUPBX,1,1,1,1
EXPKAN8,1,1,1,1
EXPROWZ,1,1,1,1
EXQCYRB,1,1,1,1
EXR5DDS,1,1,1,1
EXV4KY2,1,1,1,1
EXVFHLJ,1,1,1,1
EXWQJP1,1,1,1,1
EXWR8MA,1,1,1,1
EXYT8LW,1,1,1,1
EXZSADK,1,1,1,1
EXZWJMQ,1,1,1,1
EY4IIOW,1,1,1,1
EY81JEP,1,1,1,1
EY94Q9I,1,1,1,1
EYATB8P,1,1,1,1
EYAX249,1,1,1,1
EYBLFU6,1,1,1,1
EYCY1QO,1,1,1,1
EYEV0UU,1,1,1,1
EYHQHSW,1,1,1,1
EYI8DMA,1,1,1,1
EYJH3QX,1,1,1,1
EYJX1K1,1,1,1,1
EYKTHSA,1,1,1,1
EYMRUFH,1,1,1,1
EYNZCVL,1,1,1,1
EYOUSXY,1,1,1,1
EYSCPCC,1,1,1,1
EYSNWDS,1,1,1,1
EYTABHA,1,1,1,1
EYUB7VJ,1,1,1,1
EYZWVGF,1,1,1,1
EZ46WBV,1,1,1,1
EZ9G64M,1,1,1,1
EZBVQAO,1,1,1,1
EZCMKB6,1,1,1,1
EZHYOUK,1,1,1,1
EZPPYYR,1,1,1,1
EZQ42KR,1,1,1,1
EZQ66XX,1,1,1,1
EZS54VQ,1,1,1,1
EZT0IAY,1,1,1,1
EZT2W1H,1,1,1,1
EZVBM41,1,1,1,1
EZVHNJI,1,1,1,1
EZWIWEL,1,1,1,1
EZXAOYQ,1,1,1,1
EZXFDSX,1,1,1,1
EZXFZI4,1,1,1,1
EZYKW5E,1,1,1,1
EZZMFWO,1,1,1,1
EZZPSEW,1,1,1,1
F00MH0Y,1,1,1,1
F03U1HD,1,1,1,1
F04OINZ,1,1,1,1
F05A6R9,1,1,1,1
F065LZE,1,1,1,1
F06OJFZ,1,1,1,1
F0AZCSX,1,1,1,1
F0CDI10,1,1,1,1
F0CMDIU,1,1,1,1
F0CYR9B,1,1,1,1
F0EIL6W,1,1,1,1
F0J3WLX,1,1,1,1
F0MIB53,1,1,1,1
F0OISXR,1,1,1,1
F0OYOTB,1,1,1,1
F0R6I6C,1,1,1,1
F0THMPN,1,1,1,1
F0TIM0Y,1,1,1,1
F0VLSDG,1,1,1,1
F0XOILC,1,1,1,1
F0YRH0H,1,1,1,1
F0ZF3IZ,1,1,1,1
F107ZI5,1,1,1,1
F13KXGO,1,1,1,1
F13ONWD,1,1,1,1
F17M6VJ,1,1,1,1
F18F0RB,1,1,1,1
F197X1H,1,1,1,1
F1ALEGK,1,1,1,1
F1BCLAR,1,1,1,1
F1CVA2N,1,1,1,1
F1FEKXC,1,1,1,1
F1IU8AT,1,1,1,1
F1J9AKT,1,1,1,1
F1K6ZAE,1,1,1,1
F1KUKIS,1,1,1,1
F1LPTIL,1,1,1,1
F1MUV1U,1,1,1,1
F1PGR3B,1,1,1,1
F1RK9CV,1,1,1,1
F1TH153,1,1,1,1
F1UKY4S,1,1,1,1
F1VDIWH,1,1,1,1
F1VHMLF,1,1,1,1
F1XUO9R,1,1,1,1
F1ZYRD4,1,1,1,1
F21SSFS,1,1,1,1
F2B61NQ,1,1,1,1
F2BLSW5,1,1,1,1
F2GZW16,1,1,1,1
F2JB940,1,1,1,1
F2JQNOL,1,1,1,1
F2JWP1L,1,1,1,1
F2L53GL,1,1,1,1
F2MGEZ5,1,1,1,1
F2NDCV9,1,1,1,1
F2NIXYT,1,1,1,1
F2NUEQT,1,1,1,1
F2ST7PD,1,1,1,1
F2SUWBG,1,1,1,1
F2T6GS3,1,1,1,1
F2WFYAS,1,1,1,1
F2WKJ6M,1,1,1,1
F2ZQ9JT,1,1,1,1
F305E8K,1,1,1,1
F30RRNO,1,1,1,1
F35Y5XR,1,1,1,1
F36BNHU,1,1,1,1
F3ATLFO,1,1,1,1
F3BFV82,1,1,1,1
F3BPDG8,1,1,1,1
F3BPKEI,1,1,1,1
F3BZKB2,1,1,1,1
F3EJ6EU,1,1,1,1
F3F1TNI,1,1,1,1
F3FCR33,1,1,1,1
F3FIX44,1,1,1,1
F3J3GT0,1,1,1,1
F3JBFVX,1,1,1,1
F3MS409,1,1,1,1
F3OTYL6,1,1,1,1
F3P95MY,1,1,1,1
F3RCXU2,1,1,1,1
F3S0ES1,1,1,1,1
F3TIG1U,1,1,1,1
F3US9YX,1,1,1,1
F3UXSHI,1,1,1,1
F3VKH6Y,1,1,1,1
F3W9BIQ,1,1,1,1
F3YMV6H,1,1,1,1
F3ZLARI,1,1,1,1
F3ZYZ4G,1,1,1,1
F40O2Y7,1,1,1,1
F41KBAE,1,1,1,1
F4361BR,1,1,1,1
F43FLO0,1,1,1,1
F453VKA,1,1,1,1
F46SE7I,1,1,1,1
F46TUEF,1,1,1,1
F475F4M,1,1,1,1
F4A0AZM,1,1,1,1
F4BIEWV,1,1,1,1
F4C55VP,1,1,1,1
F4CMRXD,1,1,1,1
F4DNUZG,1,1,1,1
F4EZFJJ,1,1,1,1
F4GZ235,1,1,1,1
F4IC3E6,1,1,1,1
F4LAXPQ,1,1,1,1
F4LXTUX,1,1,1,1
F4M26PT,1,1,1,1
F4M3GL1,1,1,1,1
F4M80KG,1,1,1,1
F4NLR7M,1,1,1,1
F4PR5LH,1,1,1,1
F4RTPCK,1,1,1,1
F4RXA35,1,1,1,1
F4SQ70T,1,1,1,1
F4TL6EI,1,1,1,1
F4TR1S8,1,1,1,1
F4USHIW,1,1,1,1
F4UUFAL,1,1,1,1
F4VZCON,1,1,1,1
F4WN8BP,1,1,1,1
F4WUQVN,1,1,1,1
F4X3FID,1,1,1,1
F4YX1FF,1,1,1,1
F4ZDG2A,1,1,1,1
F508ZZ1,1,1,1,1
F517GUA,1,1,1,1
F51TYVC,1,1,1,1
F544CQD,1,1,1,1
F54VF42,1,1,1,1
F56IJLM,1,1,1,1
F56MYQN,1,1,1,1
F57EQK5,1,1,1,1
F57RINI,1,1,1,1
F57XI36,1,1,1,1
F59PKAO,1,1,1,1
F5A7LQ3,1,1,1,1
F5BLKCQ,1,1,1,1
F5C6N0O,1,1,1,1
F5D8I8S,1,1,1,1
F5DRKHF,1,1,1,1
F5FF3Q6,1,1,1,1
F5FKCCV,1,1,1,1
F5G4SGE,1,1,1,1
F5G60MJ,1,1,1,1
F5GP2RO,1,1,1,1
F5K9YOT,1,1,1,1
F5LY621,1,1,1,1
F5N37CV,1,1,1,1
F5NQPTD,1,1,1,1
F5P9C8W,1,1,1,1
F5XYWWX,1,1,1,1
F5ZA1UG,1,1,1,1
F60CMJT,1,1,1,1
F65O1VW,1,1,1,1
F6CNMJZ,1,1,1,1
F6J54A3,1,1,1,1
F6K8YCP,1,1,1,1
F6MCCEI,1,1,1,1
F6OCVZ3,1,1,1,1
F6RWN70,1,1,1,1
F6SGWNH,1,1,1,1
F6Z2OXV,1,1,1,1
F71STR6,1,1,1,1
F7HONAU,1,1,1,1
F7J4WTI,1,1,1,1
F7MBPKL,1,1,1,1
F7MQ0B3,1,1,1,1
F7PWQM2,1,1,1,1
F84YPOM,1,1,1,1
F87ACD0,1,1,1,1
F8BL5Q3,1,1,1,1
F8CJKJD,1,1,1,1
F8FVR66,1,1,1,1
F8KLHZZ,1,1,1,1
F8LTAIU,1,1,1,1
F8MBPBK,1,1,1,1
F8NHATW,1,1,1,1
F8NZHTM,1,1,1,1
F8O4BRN,1,1,1,1
F8S4Z5G,1,1,1,1
F8STZC9,1,1,1,1
F8Y5VHE,1,1,1,1
F8YILTU,1,1,1,1
F8ZJIEZ,1,1,1,1
F94SBL4,1,1,1,1
F96FJXX,1,1,1,1
F9H1K68,1,1,1,1
F9I0GGE,1,1,1,1
F9MQG1S,1,1,1,1
F9XTCYM,1,1,1,1
F9YGOX2,1,1,1,1
FA5T4MU,1,1,1,1
FAAEYOC,1,1,1,1
FABIBMG,1,1,1,1
FABZ3GL,1,1,1,1
FADESAK,1,1,1,1
FAFNYNU,1,1,1,1
FALVKDW,1,1,1,1
FAV7JY6,1,1,1,1
FB0KW47,1,1,1,1
FB10CZM,1,1,1,1
FB2UAWI,1,1,1,1
FB6KTLJ,1,1,1,1
FB8KP4C,1,1,1,1
FBE6L3Q,1,1,1,1
FBMAJFI,1,1,1,1
FBMCMKM,1,1,1,1
FBQKDBQ,1,1,1,1
FBR87N4,1,1,1,1
FBSW7YO,1,1,1,1
FBUTXPG,1,1,1,1
FBV0DDK,1,1,1,1
FCEIAOS,1,1,1,1
FCFC5PI,1,1,1,1
FCJSKOD,1,1,1,1
FCYIWEB,1,1,1,1
FCYPUN7,1,1,1,1
FD3OYF5,1,1,1,1
FD6CU9M,1,1,1,1
FD842U0,1,1,1,1
FD89S7Z,1,1,1,1
FDHAMP7,1,1,1,1
FDIK90U,1,1,1,1
FDJFCRB,1,1,1,1
FDLWR8C,1,1,1,1
FDM3NWO,1,1,1,1
FDMOMN3,1,1,1,1
FDRBSAK,1,1,1,1
FDRWQWE,1,1,1,1
FDW5P15,1,1,1,1
FDYOSD8,1,1,1,1
FE4R98L,1,1,1,1
FE65Q6S,1,1,1,1
FE78ZJ2,1,1,1,1
FEAG9OQ,1,1,1,1
FEBKOYC,1,1,1,1
FEI2NTW,1,1,1,1
FEJ6D8O,1,1,1,1
FEJHVQF,1,1,1,1
FELOKDL,1,1,1,1
FEPLB31,1,1,1,1
FEQ9T1N,1,1,1,1
FEQGRJH,1,1,1,1
FES2YC9,1,1,1,1
FETRVWR,1,1,1,1
FEVMTHX,1,1,1,1
FEXPYWS,1,1,1,1
FF759PU,1,1,1,1
FFCNM4L,1,1,1,1
FFCOUC1,1,1,1,1
FFOEOG6,1,1,1,1
FFXFVLS,1,1,1,1
FG0LJH7,1,1,1,1
FG8MK94,1,1,1,1
FGE0X21,1,1,1,1
FGFSXBY,1,1,1,1
FGGVCNN,1,1,1,1
FGJDPQ1,1,1,1,1
FGK0PFA,1,1,1,1
FGMKXB5,1,1,1,1
FGMM9TM,1,1,1,1
FGMNRAA,1,1,1,1
FGPZN4K,1,1,1,1
FGRIF0D,1,1,1,1
FGX65ES,1,1,1,1
FGY3526,1,1,1,1
FH25XKZ,1,1,1,1
FH4CLK1,1,1,1,1
FH8J9GC,1,1,1,1
FH8QWT4,1,1,1,1
FHBQ67M,1,1,1,1
FHE6IOL,1,1,1,1
FHIEDTG,1,1,1,1
FHO0C71,1,1,1,1
FHQQRGT,1,1,1,1
FHRNV2B,1,1,1,1
FHUM9I7,1,1,1,1
FHVUIA0,1,1,1,1
FHZTF3H,1,1,1,1
FI8ADCZ,1,1,1,1
FI9RL37,1,1,1,1
FIA8XE3,1,1,1,1
FIARN7M,1,1,1,1
FIJ92QT,1,1,1,1
FIJATFE,1,1,1,1
FILGDAK,1,1,1,1
FIN0E4R,1,1,1,1
FIP6ET2,1,1,1,1
FIRSAFY,1,1,1,1
FIZ6SH2,1,1,1,1
FJ2YAZO,1,1,1,1
FJ6CJKO,1,1,1,1
FJAJUZ8,1,1,1,1
FJBINAH,1,1,1,1
FJCJX3M,1,1,1,1
FJL3VSH,1,1,1,1
FJMGUE4,1,1,1,1
FJOYD8I,1,1,1,1
FJP1I8H,1,1,1,1
FJR3XU9,1,1,1,1
FJSX1CU,1,1,1,1
FJWEZIQ,1,1,1,1
FJXGOKP,1,1,1,1
FK0XPB2,1,1,1,1
FK2YQTL,1,1,1,1
FK4JWZS,1,1,1,1
FK8AD1Q,1,1,1,1
FKAONUX,1,1,1,1
FKH02W6,1,1,1,1
FKJ7AOU,1,1,1,1
FKO7HZM,1,1,1,1
FKRH2GV,1,1,1,1
FKUYJXP,1,1,1,1
FL30UPE,1,1,1,1
FL31ET9,1,1,1,1
FL3MLFT,1,1,1,1
FL91XPS,1,1,1,1
FL931NZ,1,1,1,1
FL96PA0,1,1,1,1
FLA5NIK,1,1,1,1
FLAPVRZ,1,1,1,1
FLCQUAH,1,1,1,1
FLD4XQM,1,1,1,1
FLDFZPH,1,1,1,1
FLDRH4T,1,1,1,1
FLDX8IH,1,1,1,1
FLSXDSO,1,1,1,1
FLSZ4BI,1,1,1,1
FLXM9TY,1,1,1,1
FME73L7,1,1,1,1
FMX29ZU,1,1,1,1
FMXU4E7,1,1,1,1
FMZ36F3,1,1,1,1
FN3KA0L,1,1,1,1
FN4B6L9,1,1,1,1
FNCEBKD,1,1,1,1
FNCGKS6,1,1,1,1
FNDS64B,1,1,1,1
FNDZTYW,1,1,1,1
FNIHJES,1,1,1,1
FNJUHVN,1,1,1,1
FNOV2JJ,1,1,1,1
FNQAU4E,1,1,1,1
FNQMBQS,1,1,1,1
FNR6MN1,1,1,1,1
FNVMTWJ,1,1,1,1
FNVNAWD,1,1,1,1
FNVOQSX,1,1,1,1
FNXNB13,1,1,1,1
FNZVUPG,1,1,1,1
FO5FNUU,1,1,1,1
FO5NM32,1,1,1,1
FO7QRNC,1,1,1,1
FOBIJSV,1,1,1,1
FOEMTX0,1,1,1,1
FOJUVGZ,1,1,1,1
FOLD9FL,1,1,1,1
FON5PXM,1,1,1,1
FONS4UT,1,1,1,1
FOSQCG6,1,1,1,1
FP31R60,1,1,1,1
FP5WCJC,1,1,1,1
FPD1S9V,1,1,1,1
FPDOERJ,1,1,1,1
FPEADOO,1,1,1,1
FPG84QM,1,1,1,1
FPHS6PF,1,1,1,1
FPK2BSY,1,1,1,1
FPXTAJE,1,1,1,1
FQ0S5HF,1,1,1,1
FQ1T6IK,1,1,1,1
FQ3MVKD,1,1,1,1
FQ5DJI6,1,1,1,1
FQ6RTEZ,1,1,1,1
FQB20MY,1,1,1,1
FQERWQS,1,1,1,1
FQGTPZE,1,1,1,1
FQGW5AO,1,1,1,1
FQHDNRK,1,1,1,1
FQI2B4O,1,1,1,1
FQIBVZJ,1,1,1,1
FQIQF0O,1,1,1,1
FQJ7RIO,1,1,1,1
FQKBTGD,1,1,1,1
FQLLA9H,1,1,1,1
FQO7P30,1,1,1,1
FQRHSMT,1,1,1,1
FQRKZJ7,1,1,1,1
FQT5U82,1,1,1,1
FQXNGU7,1,1,1,1
FQZ6ZYV,1,1,1,1
FR416JW,1,1,1,1
FR4M2W0,1,1,1,1
FR63BIC,1,1,1,1
FR8GG81,1,1,1,1
FRAFGTI,1,1,1,1
FRCQZU5,1,1,1,1
FRD5EXA,1,1,1,1
FRE4QU1,1,1,1,1
FRHMYGX,1,1,1,1
FROKGRY,1,1,1,1
FRPTZUU,1,1,1,1
FRQBXM9,1,1,1,1
FRT02JL,1,1,1,1
FRU3XNX,1,1,1,1
FRVM6G8,1,1,1,1
FS8LVVT,1,1,1,1
FSEDCTF,1,1,1,1
FSESMAR,1,1,1,1
FSFMLSY,1,1,1,1
FSHHRYP,1,1,1,1
FSHKLNV,1,1,1,1
FSOT6EI,1,1,1,1
FSRFVKD,1,1,1,1
FSRNCAC,1,1,1,1
FSVMRGO,1,1,1,1
FSVXD2O,1,1,1,1
FSWS2K4,1,1,1,1
FSYMCEU,1,1,1,1
FSZDQFK,1,1,1,1
FT2AULV,1,1,1,1
FT5GXIA,1,1,1,1
FTCOMTX,1,1,1,1
FTDGF7J,1,1,1,1
FTF6RPO,1,1,1,1
FTGE0IJ,1,1,1,1
FTM3M14,1,1,1,1
FTMGR92,1,1,1,1
FTQMQLN,1,1,1,1
FTRQ98J,1,1,1,1
FTSHXFZ,1,1,1,1
FTSPIIO,1,1,1,1
FTSWQYR,1,1,1,1
FU0J6PE,1,1,1,1
FU4LQ2O,1,1,1,1
FU71VCT,1,1,1,1
FU8CY10,1,1,1,1
FUAMPD6,1,1,1,1
FUBYP7B,1,1,1,1
FUDYXMJ,1,1,1,1
FUFHDCN,1,1,1,1
FUH4P3W,1,1,1,1
FUJSLIX,1,1,1,1
FUMOETL,1,1,1,1
FUMUEVA,1,1,1,1
FUSGNLC,1,1,1,1
FUTDLAE,1,1,1,1
FV7XPLF,1,1,1,1
FV9HIH5,1,1,1,1
FVC8WS4,1,1,1,1
FVDA3QR,1,1,1,1
FVDIWZK,1,1,1,1
FVDRMKW,1,1,1,1
FVFIDBN,1,1,1,1
FVGJPQS,1,1,1,1
FVGLXZ2,1,1,1,1
FVGVRIB,1,1,1,1
FVI7WNK,1,1,1,1
FVMQ3I1,1,1,1,1
FVO6UZA,1,1,1,1
FVSS6E6,1,1,1,1
FVUYA5R,1,1,1,1
FW9ASS5,1,1,1,1
FWALTDW,1,1,1,1
FWAMCDW,1,1,1,1
FWAWGHG,1,1,1,1
FWLUU84,1,1,1,1
FWOIJP6,1,1,1,1
FWPKTGE,1,1,1,1
FWQ8ACL,1,1,1,1
FWUTBC8,1,1,1,1
FX4W9TC,1,1,1,1
FX63JAO,1,1,1,1
FXENSV4,1,1,1,1
FXFSOCD,1,1,1,1
FXHOF1R,1,1,1,1
FXKSTQY,1,1,1,1
FXNC3ER,1,1,1,1
FXNFFMO,1,1,1,1
FXOJ699,1,1,1,1
FXPBMYL,1,1,1,1
FXR835C,1,1,1,1
FXRFKD6,1,1,1,1
FXTEVBS,1,1,1,1
FXVBNR3,1,1,1,1
FXVHIEZ,1,1,1,1
FXYJD96,1,1,1,1
FY2BYXP,1,1,1,1
FY3JF16,1,1,1,1
FY4VLS0,1,1,1,1
FY8XNKC,1,1,1,1
FYAPQN0,1,1,1,1
FYEMJ1H,1,1,1,1
FYFWG10,1,1,1,1
FYGJQMV,1,1,1,1
FYGUOWX,1,1,1,1
FYH9LFJ,1,1,1,1
FYI9V0R,1,1,1,1
FYIEMAF,1,1,1,1
FYIF9CJ,1,1,1,1
FYM0PDX,1,1,1,1
FYNK4D0,1,1,1,1
FYXC5RO,1,1,1,1
FYYRPK9,1,1,1,1
FYZ1HK0,1,1,1,1
FZ2K8ZA,1,1,1,1
FZ2WPHY,1,1,1,1
FZA8GUT,1,1,1,1
FZFFKYX,1,1,1,1
FZFUWV9,1,1,1,1
FZGKGM1,1,1,1,1
FZK0TUM,1,1,1,1
FZKTVH7,1,1,1,1
FZLKS8R,1,1,1,1
FZNWAVO,1,1,1,1
FZTCP62,1,1,1,1
FZUPAOV,1,1,1,1
G06FIYV,1,1,1,1
G06LL8V,1,1,1,1
G0EQVZB,1,1,1,1
G0HGPBU,1,1,1,1
G0KK1WD,1,1,1,1
G0VRUAX,1,1,1,1
G0YW6E3,1,1,1,1
G1A6BYI,1,1,1,1
G1DBVXR,1,1,1,1
G1E3HDO,1,1,1,1
G1NM9EP,1,1,1,1
G1NS0V4,1,1,1,1
G1R5ENU,1,1,1,1
G1S755Q,1,1,1,1
G1UN3W0,1,1,1,1
G25ORNW,1,1,1,1
G28HK0N,1,1,1,1
G2F5HZH,1,1,1,1
G2GRZJC,1,1,1,1
G2HP1PD,1,1,1,1
G2HX0BQ,1,1,1,1
G2JJM3P,1,1,1,1
G2UMOSI,1,1,1,1
G30IQKK,1,1,1,1
G39SHE6,1,1,1,1
G3LPSUF,1,1,1,1
G3N2X9P,1,1,1,1
G3PWZU7,1,1,1,1
G3UIOCP,1,1,1,1
G3Y7PST,1,1,1,1
G3YYIXA,1,1,1,1
G40MXSX,1,1,1,1
G45LMYW,1,1,1,1
G49DAT9,1,1,1,1
G4H0S5L,1,1,1,1
G4IAEPV,1,1,1,1
G4JRI6J,1,1,1,1
G4N8R5W,1,1,1,1
G4NVW0D,1,1,1,1
G4R1FZE,1,1,1,1
G4RTU79,1,1,1,1
G53YEHT,1,1,1,1
G56QXLV,1,1,1,1
G5CKNTT,1,1,1,1
G5HVOF4,1,1,1,1
G5KEM8H,1,1,1,1
G5O9XEA,1,1,1,1
G5U6OZZ,1,1,1,1
G5VZS4W,1,1,1,1
G5XTWSK,1,1,1,1
G5Z3GT2,1,1,1,1
G60REMF,1,1,1,1
G6CKOTG,1,1,1,1
G6J2XEZ,1,1,1,1
G6L0DKW,1,1,1,1
G6OUNGN,1,1,1,1
G6SU07E,1,1,1,1
G6USK6F,1,1,1,1
G6VAP34,1,1,1,1
G6WLDOQ,1,1,1,1
G6YQFCZ,1,1,1,1
G6ZSI87,1,1,1,1
G7BWZA7,1,1,1,1
G7CBBDT,1,1,1,1
G7I5EHP,1,1,1,1
G7IF5K6,1,1,1,1
G7NIMSK,1,1,1,1
G7PJYQV,1,1,1,1
G7RQGKX,1,1,1,1
G82UNN7,1,1,1,1
G8MW2EP,1,1,1,1
G8QUAWR,1,1,1,1
G8ZYT30,1,1,1,1
G9FIV53,1,1,1,1
G9KMP34,1,1,1,1
G9TS0ZJ,1,1,1,1
GA3IUI1,1,1,1,1
GA9F4UO,1,1,1,1
GA9P59L,1,1,1,1
GAADDYH,1,1,1,1
GABZEYO,1,1,1,1
GAI3O6E,1,1,1,1
GAICSWF,1,1,1,1
GAIF1OP,1,1,1,1
GAMZ3FH,1,1,1,1
GAN786Q,1,1,1,1
GAR79C8,1,1,1,1
GASXTKV,1,1,1,1
GAT8D2Q,1,1,1,1
GAV7SIT,1,1,1,1
GB01W2A,1,1,1,1
GB4CRNO,1,1,1,1
GB5FWPE,1,1,1,1
GB7ZUKJ,1,1,1,1
GBAAKYM,1,1,1,1
GBBJEAP,1,1,1,1
GBCQLM1,1,1,1,1
GBDK9U3,1,1,1,1
GBDXQG1,1,1,1,1
GBFQECA,1,1,1,1
GBHIV43,1,1,1,1
GBIQC3W,1,1,1,1
GBKN2WR,1,1,1,1
GBLAS7Y,1,1,1,1
GBSFYIZ,1,1,1,1
GBSK304,1,1,1,1
GBTE7EL,1,1,1,1
GBXYFRO,1,1,1,1
GC2U8HO,1,1,1,1
GC5EHPB,1,1,1,1
GC5YNXD,1,1,1,1
GC7DO0H,1,1,1,1
GC7XIUM,1,1,1,1
GCFB240,1,1,1,1
GCH4SYN,1,1,1,1
GCHDI2L,1,1,1,1
GCHV1KD,1,1,1,1
GCJURGV,1,1,1,1
GCQMTZI,1,1,1,1
GCQQYGC,1,1,1,1
GDBNB3C,1,1,1,1
GDC47ZR,1,1,1,1
GDHVQSE,1,1,1,1
GDIEJO6,1,1,1,1
GDJ1KZT,1,1,1,1
GDK8GGJ,1,1,1,1
GDLRQOD,1,1,1,1
GDQIABB,1,1,1,1
GDRGQXJ,1,1,1,1
GDS5WMB,1,1,1,1
GDSLM7O,1,1,1,1
GDUGHJV,1,1,1,1
GE2NAI6,1,1,1,1
GE46NFO,1,1,1,1
GE6GITU,1,1,1,1
GE8CT0A,1,1,1,1
GEAD8PH,1,1,1,1
GEATCNQ,1,1,1,1
GEDTMKL,1,1,1,1
GEFJVMB,1,1,1,1
GEIJ9YS,1,1,1,1
GENIJC0,1,1,1,1
GESBZFW,1,1,1,1
GEWXP9K,1,1,1,1
GEWZXSN,1,1,1,1
GEYUMVG,1,1,1,1
GEYZXXX,1,1,1,1
GEZT9XN,1,1,1,1
GF2QNHF,1,1,1,1
GF3486Y,1,1,1,1
GF9R0OB,1,1,1,1
GFBWG82,1,1,1,1
GFDWRIT,1,1,1,1
GFHDZ64,1,1,1,1
GFJSK3R,1,1,1,1
GFQMTOJ,1,1,1,1
GFR08VP,1,1,1,1
GFXAGNE,1,1,1,1
GFZDTU9,1,1,1,1
GFZLOWL,1,1,1,1
GG1KMOW,1,1,1,1
GG25UII,1,1,1,1
GGOPM7U,1,1,1,1
GGQIOEX,1,1,1,1
GGY2FA2,1,1,1,1
GH3H0ZK,1,1,1,1
GH3HZ1L,1,1,1,1
GH4D07I,1,1,1,1
GH6FPVJ,1,1,1,1
GHAX72M,1,1,1,1
GHBIR6E,1,1,1,1
GHIHAVA,1,1,1,1
GHJGGDM,1,1,1,1
GHKPD9R,1,1,1,1
GHOG3YK,1,1,1,1
GHWBP6R,1,1,1,1
GHWKDYG,1,1,1,1
GHXMQM9,1,1,1,1
GI0TXQY,1,1,1,1
GI4DNWJ,1,1,1,1
GI5EQCE,1,1,1,1
GI5S6JW,1,1,1,1
GI7Q7J3,1,1,1,1
GICYLAR,1,1,1,1
GIFBS8J,1,1,1,1
GIGAWAI,1,1,1,1
GIO3YSA,1,1,1,1
GIPVY19,1,1,1,1
GITWNYW,1,1,1,1
GIU9ACN,1,1,1,1
GIUGLHX,1,1,1,1
GIWSSVV,1,1,1,1
GIXG5LF,1,1,1,1
GJ0VNZE,1,1,1,1
GJ35ZRR,1,1,1,1
GJ3GS93,1,1,1,1
GJ4DORK,1,1,1,1
GJ5YZVM,1,1,1,1
GJ6KVSE,1,1,1,1
GJBWAEP,1,1,1,1
GJBYCSF,1,1,1,1
GJC2RIQ,1,1,1,1
GJDOJUM,1,1,1,1
GJECM3Q,1,1,1,1
GJJKVLT,1,1,1,1
GJTB3ZK,1,1,1,1
GJUAE76,1,1,1,1
GJVPF7Q,1,1,1,1
GJXLYVI,1,1,1,1
GJYKCAT,1,1,1,1
GJYZIGC,1,1,1,1
GK9SDQV,1,1,1,1
GKAEGCR,1,1,1,1
GKCHWQP,1,1,1,1
GKDBFXO,1,1,1,1
GKDJLNC,1,1,1,1
GKEXRMI,1,1,1,1
GKFQSOO,1,1,1,1
GKKVKCR,1,1,1,1
GKP5I0S,1,1,1,1
GKSNWU2,1,1,1,1
GKYX50D,1,1,1,1
GL2ZTEZ,1,1,1,1
GL8D916,1,1,1,1
GLBZTSG,1,1,1,1
GLCB62C,1,1,1,1
GLDQ7RV,1,1,1,1
GLG6YDR,1,1,1,1
GLGEWLT,1,1,1,1
GLHHMU1,1,1,1,1
GLK3RBI,1,1,1,1
GLKVDEX,1,1,1,1
GLNZ0M8,1,1,1,1
GLO6ZD3,1,1,1,1
GLS5DHN,1,1,1,1
GLUIR1B,1,1,1,1
GLXI84I,1,1,1,1
GLYQ5AT,1,1,1,1
GM5WVJR,1,1,1,1
GM8IMMD,1,1,1,1
GMDBOFD,1,1,1,1
GMDC0PK,1,1,1,1
GMGPMJ1,1,1,1,1
GMGQAJK,1,1,1,1
GMH648L,1,1,1,1
GMJRSG6,1,1,1,1
GMLJNKS,1,1,1,1
GMLRKUW,1,1,1,1
GMNRNKS,1,1,1,1
GMQI9V3,1,1,1,1
GMSGRIF,1,1,1,1
GMUL0Q1,1,1,1,1
GMVNDLX,1,1,1,1
GN0DGZI,1,1,1,1
GN7ROLY,1,1,1,1
GNAOYB2,1,1,1,1
GNF78IA,1,1,1,1
GNLFSMF,1,1,1,1
GNMUORH,1,1,1,1
GNRVD0P,1,1,1,1
GNYZDUK,1,1,1,1
GO2ZSQR,1,1,1,1
GO4R986,1,1,1,1
GO4YS7K,1,1,1,1
GOF7XND,1,1,1,1
GOHX0WM,1,1,1,1
GONJ2W4,1,1,1,1
GOP4CWI,1,1,1,1
GOPB2FS,1,1,1,1
GOXYMJP,1,1,1,1
GOY3JHO,1,1,1,1
GP1EVFM,1,1,1,1
GP6Z5MN,1,1,1,1
GPBXBCP,1,1,1,1
GPDEQ5J,1,1,1,1
GPIBFO6,1,1,1,1
GPL6FX8,1,1,1,1
GPLN5VK,1,1,1,1
GPLQ65B,1,1,1,1
GPQB0OF,1,1,1,1
GPQLIEJ,1,1,1,1
GPQTXJR,1,1,1,1
GPQW5CJ,1,1,1,1
GPSV5OQ,1,1,1,1
GPTJZEX,1,1,1,1
GPU5RH2,1,1,1,1
GPV6J5K,1,1,1,1
GPYHA0K,1,1,1,1
GQ5CJNK,1,1,1,1
GQ9IFKW,1,1,1,1
GQHUOW8,1,1,1,1
GQI7GVP,1,1,1,1
GQIFQUR,1,1,1,1
GQJ56DB,1,1,1,1
GQMI5AZ,1,1,1,1
GQN071T,1,1,1,1
GQNVBYL,1,1,1,1
GQPL2XI,1,1,1,1
GQV3MNU,1,1,1,1
GQVE28Z,1,1,1,1
GQY46AN,1,1,1,1
GR0DAEN,1,1,1,1
GR0MUYD,1,1,1,1
GR2IO0N,1,1,1,1
GR9NVTP,1,1,1,1
GRALWBJ,1,1,1,1
GRC9W0A,1,1,1,1
GRDBDPA,1,1,1,1
GRKQUYF,1,1,1,1
GRTPZBY,1,1,1,1
GRU6TZ5,1,1,1,1
GRULMXQ,1,1,1,1
GRUPCL1,1,1,1,1
GRVL0RD,1,1,1,1
GRXWVBW,1,1,1,1
GS467B8,1,1,1,1
GS8OGAY,1,1,1,1
GS9ZBQY,1,1,1,1
GSIEBOX,1,1,1,1
GSL1PI6,1,1,1,1
GSLUKKG,1,1,1,1
GSNRAYJ,1,1,1,1
GSQIUPH,1,1,1,1
GSWPW8S,1,1,1,1
GSXSSHB,1,1,1,1
GT16AVK,1,1,1,1
GTBJF25,1,1,1,1
GTC29NQ,1,1,1,1
GTC9ZRR,1,1,1,1
GTECOHZ,1,1,1,1
GTI6ML7,1,1,1,1
GTJFSPZ,1,1,1,1
GTKHAFE,1,1,1,1
GTLWNJB,1,1,1,1
GTQAWRY,1,1,1,1
GTWBCDP,1,1,1,1
GTWHFAZ,1,1,1,1
GTY91L3,1,1,1,1
GTYDKBN,1,1,1,1
GU3HS6G,1,1,1,1
GU4JHIW,1,1,1,1
GU6SEOV,1,1,1,1
GULU6KM,1,1,1,1
GUMLMFP,1,1,1,1
GUOVG7P,1,1,1,1
GUQFIEL,1,1,1,1
GURCDGR,1,1,1,1
GUSYXHC,1,1,1,1
GUW437R,1,1,1,1
GUWKHDH,1,1,1,1
GUYDMLR,1,1,1,1
GUZRRPO,1,1,1,1
GV51NYA,1,1,1,1
GVC5H8O,1,1,1,1
GVD21CB,1,1,1,1
GVFYC3T,1,1,1,1
GVJ86S3,1,1,1,1
GVJOVZZ,1,1,1,1
GVKSMDD,1,1,1,1
GVLRPY7,1,1,1,1
GVUE7Q4,1,1,1,1
GVVJXHF,1,1,1,1
GVYYMDJ,1,1,1,1
GW2NRDC,1,1,1,1
GW361VR,1,1,1,1
GW3LVSI,1,1,1,1
GW7PN1A,1,1,1,1
GW7Q8OH,1,1,1,1
GWC2A43,1,1,1,1
GWC56OF,1,1,1,1
GWCSGAX,1,1,1,1
GWHXNKT,1,1,1,1
GWJT8KU,1,1,1,1
GWL2OK8,1,1,1,1
GWMJ0FL,1,1,1,1
GWMM7N4,1,1,1,1
GWN4KTR,1,1,1,1
GWN9WK5,1,1,1,1
GWOD8FB,1,1,1,1
GWPFQ5H,1,1,1,1
GWZE6O0,1,1,1,1
GWZJW70,1,1,1,1
GX2AWNX,1,1,1,1
GX97SYN,1,1,1,1
GXGQTA6,1,1,1,1
GXKX3OY,1,1,1,1
GXLPT2G,1,1,1,1
GXRKKDB,1,1,1,1
GXSAYUK,1,1,1,1
GXZMB3O,1,1,1,1
GY43AL5,1,1,1,1
GYAAE6Q,1,1,1,1
GYDXMEI,1,1,1,1
GYFNHO0,1,1,1,1
GYJINKB,1,1,1,1
GYNT8IJ,1,1,1,1
GYPFZBP,1,1,1,1
GYQRCFZ,1,1,1,1
GYU3ZC6,1,1,1,1
GYWUF5P,1,1,1,1
GYXPIVB,1,1,1,1
GYYZ6PY,1,1,1,1
GYZQARM,1,1,1,1
GYZQE8D,1,1,1,1
GZ1QFRP,1,1,1,1
GZ7CVPE,1,1,1,1
GZ8TAS6,1,1,1,1
GZCRHLB,1,1,1,1
GZHQB3I,1,1,1,1
GZM97BY,1,1,1,1
GZMDA5D,1,1,1,1
GZPRBV2,1,1,1,1
GZRUCZ4,1,1,1,1
GZSIH27,1,1,1,1
GZWGCMX,1,1,1,1
GZWRJFS,1,1,1,1
GZWS409,1,1,1,1
H02D897,1,1,1,1
H0DM4QM,1,1,1,1
H0I4XY1,1,1,1,1
H0SJUTN,1,1,1,1
H0YL1B5,1,1,1,1
H0YPAU7,1,1,1,1
H16GCPU,1,1,1,1
H16OE4P,1,1,1,1
H1F7GY3,1,1,1,1
H1JIVGB,1,1,1,1
H1L2Z4N,1,1,1,1
H1L92DA,1,1,1,1
H1TW6QI,1,1,1,1
H1X2TS3,1,1,1,1
H1Y0PUL,1,1,1,1
H26V895,1,1,1,1
H2AUOUP,1,1,1,1
H2LIOJU,1,1,1,1
H2LVB94,1,1,1,1
H2S6BYJ,1,1,1,1
H2XY4QF,1,1,1,1
H30FN9B,1,1,1,1
H33F5QM,1,1,1,1
H34RTA8,1,1,1,1
H370NM8,1,1,1,1
H3DBA6H,1,1,1,1
H3GF1X6,1,1,1,1
H3W68TP,1,1,1,1
H3YBT50,1,1,1,1
H3YN2FW,1,1,1,1
H432U06,1,1,1,1
H4BV6K3,1,1,1,1
H4EJ1CW,1,1,1,1
H4WXEHN,1,1,1,1
H4XZG9Y,1,1,1,1
H5ATGBA,1,1,1,1
H5CY98P,1,1,1,1
H5D39F0,1,1,1,1
H5GE7Z3,1,1,1,1
H5JTG8A,1,1,1,1
H5JY0CY,1,1,1,1
H5QIXJG,1,1,1,1
H5SUFEQ,1,1,1,1
H5YXASQ,1,1,1,1
H6AC2G9,1,1,1,1
H6DAFS4,1,1,1,1
H6FSXYA,1,1,1,1
H6HQBOD,1,1,1,1
H6OSFVK,1,1,1,1
H6P4EGY,1,1,1,1
H6QNW15,1,1,1,1
H6X3AVZ,1,1,1,1
H6XDR32,1,1,1,1
H71QUH8,1,1,1,1
H746BE3,1,1,1,1
H753FCA,1,1,1,1
H754IZ0,1,1,1,1
H7B6P30,1,1,1,1
H7GNYKI,1,1,1,1
H7GXUTA,1,1,1,1
H7ITWBO,1,1,1,1
H7M0NT6,1,1,1,1
H7ROFWV,1,1,1,1
H7VFVX3,1,1,1,1
H82XWJ0,1,1,1,1
H83UBVC,1,1,1,1
H84JKGF,1,1,1,1
H8AIKQD,1,1,1,1
H8IU5ZX,1,1,1,1
H8K2NQV,1,1,1,1
H8L0X5Z,1,1,1,1
H8N1C9M,1,1,1,1
H8QZ5FK,1,1,1,1
H8W0DJC,1,1,1,1
H97BXQD,1,1,1,1
H98MDWI,1,1,1,1
H99MXWL,1,1,1,1
H9FWSQC,1,1,1,1
H9GRIDV,1,1,1,1
H9I8ACK,1,1,1,1
H9WAFYX,1,1,1,1
H9XKGZO,1,1,1,1
H9XQFTJ,1,1,1,1
H9YGQZL,1,1,1,1
H9Z2VIR,1,1,1,1
HA08PL1,1,1,1,1
HA5SM70,1,1,1,1
HAALNHZ,1,1,1,1
HAAYXBX,1,1,1,1
HACIL5R,1,1,1,1
HACYRXD,1,1,1,1
HAD03BQ,1,1,1,1
HAFHAA9,1,1,1,1
HAGCKNE,1,1,1,1
HAMX5Q0,1,1,1,1
HANOP5N,1,1,1,1
HAO78EJ,1,1,1,1
HARJI3L,1,1,1,1
HAXKF9P,1,1,1,1
HAZ5ALT,1,1,1,1
HB4OXM6,1,1,1,1
HB5RIG7,1,1,1,1
HBC4AMD,1,1,1,1
HBFRH6V,1,1,1,1
HBFWI16,1,1,1,1
HBL92P8,1,1,1,1
HBUOV6S,1,1,1,1
HBY4UMW,1,1,1,1
HBZPGQS,1,1,1,1
HC0VQTX,1,1,1,1
HC2OAVC,1,1,1,1
HC3IQER,1,1,1,1
HCDT74L,1,1,1,1
HCG9L1T,1,1,1,1
HCGZIFC,1,1,1,1
HCMAB43,1,1,1,1
HCMALCJ,1,1,1,1
HCQ0WSB,1,1,1,1
HCTA42R,1,1,1,1
HCTSYF5,1,1,1,1
HCZ2A24,1,1,1,1
HD1FMWY,1,1,1,1
HD6R2OU,1,1,1,1
HD792VE,1,1,1,1
HDCVR6I,1,1,1,1
HDGZ1I4,1,1,1,1
HDISNT4,1,1,1,1
HDJBZGG,1,1,1,1
HDLA92S,1,1,1,1
HDRLSD3,1,1,1,1
HDWNMVQ,1,1,1,1
HDWQEIL,1,1,1,1
HDXCTBQ,1,1,1,1
HDYTNFX,1,1,1,1
HE31OWR,1,1,1,1
HE3QNX9,1,1,1,1
HE86LC4,1,1,1,1
HEBF03M,1,1,1,1
HEBR9T3,1,1,1,1
HECC12A,1,1,1,1
HEFGF9T,1,1,1,1
HEHAETK,1,1,1,1
HEHMCSQ,1,1,1,1
HEIMU2S,1,1,1,1
HEM40V7,1,1,1,1
HEU6DJ9,1,1,1,1
HEUUG8U,1,1,1,1
HEV8BZT,1,1,1,1
HEVXUYJ,1,1,1,1
HEZJDSY,1,1,1,1
HF3WYYW,1,1,1,1
HF5BGG6,1,1,1,1
HF6U98O,1,1,1,1
HFEAZDK,1,1,1,1
HFFKP0V,1,1,1,1
HFH5DUG,1,1,1,1
HFHDPEI,1,1,1,1
HFI1L9I,1,1,1,1
HFL0YCM,1,1,1,1
HFM1X2O,1,1,1,1
HFOSIRC,1,1,1,1
HFVTUJH,1,1,1,1
HFWN0JF,1,1,1,1
HFZQMRC,1,1,1,1
HG1VA3X,1,1,1,1
HG5OATP,1,1,1,1
HG64Q5E,1,1,1,1
HG9X8FN,1,1,1,1
HGA3ECQ,1,1,1,1
HGBTRFF,1,1,1,1
HGDTHL4,1,1,1,1
HGE0DN9,1,1,1,1
HGHJFZQ,1,1,1,1
HGKBQZW,1,1,1,1
HGPPJAT,1,1,1,1
HGQIJEV,1,1,1,1
HGV2COM,1,1,1,1
HGWQILB,1,1,1,1
HGYHEMY,1,1,1,1
HGYVXN2,1,1,1,1
HH2JDEQ,1,1,1,1
HH3SYIL,1,1,1,1
HH7YSHC,1,1,1,1
HHJANAD,1,1,1,1
HHR9K66,1,1,1,1
HHSXLFI,1,1,1,1
HHYKIHE,1,1,1,1
HI34T2W,1,1,1,1
HI7NFA1,1,1,1,1
HIBSQVK,1,1,1,1
HIE4Y51,1,1,1,1
HIGHT1L,1,1,1,1
HIKZGBB,1,1,1,1
HILT38H,1,1,1,1
HIM10RY,1,1,1,1
HIM6U2Y,1,1,1,1
HINVGHO,1,1,1,1
HIONXG8,1,1,1,1
HIP7T19,1,1,1,1
HIRC1GB,1,1,1,1
HIXYBA7,1,1,1,1
HJ4UXVT,1,1,1,1
HJ8G1HR,1,1,1,1
HJAWPXO,1,1,1,1
HJBPAS7,1,1,1,1
HJFMM46,1,1,1,1
HJIGWYK,1,1,1,1
HJK8NZV,1,1,1,1
HJL2Z01,1,1,1,1
HJM568F,1,1,1,1
HJOAQ6Z,1,1,1,1
HJOREN7,1,1,1,1
HJQV4NE,1,1,1,1
HJRV4HZ,1,1,1,1
HJSCXON,1,1,1,1
HJURLCQ,1,1,1,1
HJVWCR1,1,1,1,1
HJVX5YI,1,1,1,1
HJYML6O,1,1,1,1
HJZET0G,1,1,1,1
HJZZZBF,1,1,1,1
HK4JRIA,1,1,1,1
HK5HH6G,1,1,1,1
HK6AONC,1,1,1,1
HK6RQJ8,1,1,1,1
HK7KUTA,1,1,1,1
HK8L9DJ,1,1,1,1
HK9P3Y4,1,1,1,1
HKB1VGP,1,1,1,1
HKHIAHM,1,1,1,1
HKKCRVA,1,1,1,1
HKKSTMR,1,1,1,1
HKMOGIO,1,1,1,1
HKSV3KY,1,1,1,1
HKTYOM9,1,1,1,1
HL6FSIC,1,1,1,1
HL8DSPF,1,1,1,1
HL8YADO,1,1,1,1
HLBNGXL,1,1,1,1
HLCXWOV,1,1,1,1
HLEYZ81,1,1,1,1
HLFSWWQ,1,1,1,1
HLG1K1O,1,1,1,1
HLK0ZWM,1,1,1,1
HLKUTJL,1,1,1,1
HLL48HI,1,1,1,1
HLOSNX9,1,1,1,1
HLRVUJT,1,1,1,1
HLTDJ7X,1,1,1,1
HLTZFBW,1,1,1,1
HLU5AIC,1,1,1,1
HLVR8Y4,1,1,1,1
HLY7TOJ,1,1,1,1
HM04DEV,1,1,1,1
HM1SZHN,1,1,1,1
HM48I7S,1,1,1,1
HM8R1GO,1,1,1,1
HMCP44O,1,1,1,1
HMDEBXQ,1,1,1,1
HMDIYUE,1,1,1,1
HMDOIYX,1,1,1,1
HMG5K0B,1,1,1,1
HMNV2GH,1,1,1,1
HMQTJBI,1,1,1,1
HMT6FR8,1,1,1,1
HN0LFOT,1,1,1,1
HN2EZR1,1,1,1,1
HN5QELV,1,1,1,1
HNAYTCC,1,1,1,1
HNF07JV,1,1,1,1
HNFGF3G,1,1,1,1
HNI0M98,1,1,1,1
HNL0TMG,1,1,1,1
HNM3XTW,1,1,1,1
HNONYPG,1,1,1,1
HNS9Z3A,1,1,1,1
HNVAGTY,1,1,1,1
HNWX4K1,1,1,1,1
HO3IJTG,1,1,1,1
HO76Q0P,1,1,1,1
HOBHZTW,1,1,1,1
HODXFDV,1,1,1,1
HOGVQWZ,1,1,1,1
HONOOPA,1,1,1,1
HORMONK,1,1,1,1
HOTFZ78,1,1,1,1
HOUCFSX,1,1,1,1
HOUH1FP,1,1,1,1
HOYHPTQ,1,1,1,1
HP30I6L,1,1,1,1
HP9FIDE,1,1,1,1
HP9UPUW,1,1,1,1
HPAIHIK,1,1,1,1
HPAN3DR,1,1,1,1
HPCUWLV,1,1,1,1
HPFBJSS,1,1,1,1
HPGTVKC,1,1,1,1
HPL1XHH,1,1,1,1
HPLG2HO,1,1,1,1
HPQA32B,1,1,1,1
HPQQSL2,1,1,1,1
HPV71QK,1,1,1,1
HPWC7ND,1,1,1,1
HQ1NQPQ,1,1,1,1
HQ42OTT,1,1,1,1
HQ64OF7,1,1,1,1
HQ7P03X,1,1,1,1
HQ824FO,1,1,1,1
HQ9F20A,1,1,1,1
HQAT85L,1,1,1,1
HQDGM31,1,1,1,1
HQDIHKB,1,1,1,1
HQISTJM,1,1,1,1
HQJAQO1,1,1,1,1
HQLN5ZV,1,1,1,1
HQNBWXA,1,1,1,1
HQS1TFY,1,1,1,1
HQXMCW0,1,1,1,1
HQXRVU8,1,1,1,1
HQZOQPB,1,1,1,1
HR1Z6UX,1,1,1,1
HR4EBIB,1,1,1,1
HR75SQL,1,1,1,1
HRANDGT,1,1,1,1
HRH6ZGU,1,1,1,1
HRI4LQ7,1,1,1,1
HRNTMA9,1,1,1,1
HRRH2NJ,1,1,1,1
HRRO2EQ,1,1,1,1
HRRRTQY,1,1,1,1
HRRYICO,1,1,1,1
HRWIPU0,1,1,1,1
HRXNJM0,1,1,1,1
HS4ZYHY,1,1,1,1
HS8A8HR,1,1,1,1
HS96ASM,1,1,1,1
HSBFAI2,1,1,1,1
HSDCL0O,1,1,1,1
HSDWUCL,1,1,1,1
HSKTLM3,1,1,1,1
HSL00WL,1,1,1,1
HSNX6PZ,1,1,1,1
HSODIKM,1,1,1,1
HSP9TI2,1,1,1,1
HSQM1IA,1,1,1,1
HSU6TG7,1,1,1,1
HSVZDEN,1,1,1,1
HSWJSF2,1,1,1,1
HT6I80D,1,1,1,1
HT7JAXY,1,1,1,1
HT92NUG,1,1,1,1
HTJCKPG,1,1,1,1
HTKAA1I,1,1,1,1
HTLUL4T,1,1,1,1
HTLY61W,1,1,1,1
HTP8FTT,1,1,1,1
HTYFBYE,1,1,1,1
HTYLN6X,1,1,1,1
HTYT857,1,1,1,1
HTZFJ03,1,1,1,1
HU7XSQK,1,1,1,1
HUC3AKZ,1,1,1,1
HUDA80Q,1,1,1,1
HUGKXOM,1,1,1,1
HUGOF28,1,1,1,1
HUK0BBA,1,1,1,1
HULBRJA,1,1,1,1
HUMKBI8,1,1,1,1
HUMUYFP,1,1,1,1
HUO6V8R,1,1,1,1
HUOXKQL,1,1,1,1
HUR25B0,1,1,1,1
HUSFWNS,1,1,1,1
HUXOKKC,1,1,1,1
HVAHE5M,1,1,1,1
HVLO32T,1,1,1,1
HVX22UZ,1,1,1,1
HW4YG84,1,1,1,1
HW5SJXS,1,1,1,1
HW692SX,1,1,1,1
HW78BCO,1,1,1,1
HWDM7QE,1,1,1,1
HWF2NM3,1,1,1,1
HWFCCVN,1,1,1,1
HWFNZ9W,1,1,1,1
HWK3FPI,1,1,1,1
HWL102T,1,1,1,1
HWLQYEV,1,1,1,1
HWPG7ZX,1,1,1,1
HWSL7Z8,1,1,1,1
HWTC5RL,1,1,1,1
HWTEH2A,1,1,1,1
HWTZ01H,1,1,1,1
HX3726O,1,1,1,1
HX5RF49,1,1,1,1
HX5UD14,1,1,1,1
HX5YZYY,1,1,1,1
HX5ZWYZ,1,1,1,1
HX6CZI9,1,1,1,1
HXI7L5K,1,1,1,1
HXOPDNB,1,1,1,1
HXQSDFX,1,1,1,1
HXZB8PH,1,1,1,1
HY3M2BL,1,1,1,1
HY3OCXJ,1,1,1,1
HY6KA9W,1,1,1,1
HY6LNGG,1,1,1,1
HY9SPNI,1,1,1,1
HYGLRCQ,1,1,1,1
HYIFTRO,1,1,1,1
HYK9OUL,1,1,1,1
HYLCUU0,1,1,1,1
HYN7W26,1,1,1,1
HYPUSR2,1,1,1,1
HYTVEUE,1,1,1,1
HYX2BCA,1,1,1,1
HZ0Z43M,1,1,1,1
HZ4UQSV,1,1,1,1
HZ6JNJX,1,1,1,1
HZ6LDFJ,1,1,1,1
HZ8MVRO,1,1,1,1
HZCNJ9X,1,1,1,1
HZD1JWV,1,1,1,1
HZKCWHH,1,1,1,1
HZULCSV,1,1,1,1
HZW9UR2,1,1,1,1
HZYVGMK,1,1,1,1
I07Y2KA,1,1,1,1
I0ESE0W,1,1,1,1
I0TAEK9,1,1,1,1
I0TK7ZK,1,1,1,1
I1AT0QZ,1,1,1,1
I1GPONX,1,1,1,1
I1OS0VQ,1,1,1,1
I1VY8C3,1,1,1,1
I235CFA,1,1,1,1
I28HFJY,1,1,1,1
I2A4SFS,1,1,1,1
I2A7913,1,1,1,1
I2FBAZN,1,1,1,1
I2FPJB0,1,1,1,1
I2LDZQW,1,1,1,1
I2S9W76,1,1,1,1
I2SVLET,1,1,1,1
I2WPIDL,1,1,1,1
I38DVME,1,1,1,1
I39JSXB,1,1,1,1
I3A8QA9,1,1,1,1
I3BZWTB,1,1,1,1
I3CF50C,1,1,1,1
I3J8YUQ,1,1,1,1
I3JAYDW,1,1,1,1
I3PZ6W0,1,1,1,1
I3T5LYN,1,1,1,1
I3WQKWO,1,1,1,1
I48DY5W,1,1,1,1
I4AWF5C,1,1,1,1
I4C819W,1,1,1,1
I4CKZKX,1,1,1,1
I4FUSHL,1,1,1,1
I4NOVWH,1,1,1,1
I4U6KUJ,1,1,1,1
I4VGXGA,1,1,1,1
I4YLUF5,1,1,1,1
I55X94U,1,1,1,1
I5EUYA6,1,1,1,1
I5MSXUH,1,1,1,1
I5TU4BY,1,1,1,1
I5UUG1B,1,1,1,1
I5X44OC,1,1,1,1
I6EC4UV,1,1,1,1
I6EKVFU,1,1,1,1
I6EMPVT,1,1,1,1
I6FSXTA,1,1,1,1
I6HA5VC,1,1,1,1
I6J9542,1,1,1,1
I6JRTAL,1,1,1,1
I6NFO8Y,1,1,1,1
I6NWT4I,1,1,1,1
I6QWFR0,1,1,1,1
I6R370L,1,1,1,1
I6SCGT4,1,1,1,1
I6W8NE9,1,1,1,1
I7AUNB3,1,1,1,1
I7D426F,1,1,1,1
I7FOKMA,1,1,1,1
I7FSISG,1,1,1,1
I7HDCNY,1,1,1,1
I7LMA8J,1,1,1,1
I80GHZR,1,1,1,1
I82A4VU,1,1,1,1
I83VW8Q,1,1,1,1
I862XMO,1,1,1,1
I8B3FEY,1,1,1,1
I8BAHM2,1,1,1,1
I8BE143,1,1,1,1
I8DT407,1,1,1,1
I8E6YDH,1,1,1,1
I8HMWVR,1,1,1,1
I8OLGT1,1,1,1,1
I8OQMDI,1,1,1,1
I95Z784,1,1,1,1
I98E6M3,1,1,1,1
I9ACLDF,1,1,1,1
I9BTZP7,1,1,1,1
I9DULAX,1,1,1,1
I9GGXO9,1,1,1,1
I9KAN4T,1,1,1,1
I9RGZ9M,1,1,1,1
I9WUNLH,1,1,1,1
IA6M1K0,1,1,1,1
IA7C4FG,1,1,1,1
IAA24GB,1,1,1,1
IAAIGJA,1,1,1,1
IACCGJI,1,1,1,1
IACYWYF,1,1,1,1
IAM05QE,1,1,1,1
IAOD2OM,1,1,1,1
IAPXTQ3,1,1,1,1
IAS0W8T,1,1,1,1
IATSRGC,1,1,1,1
IAVIYM0,1,1,1,1
IAWVCEL,1,1,1,1
IB10OJV,1,1,1,1
IB1A63E,1,1,1,1
IB1ZU5G,1,1,1,1
IB40NTP,1,1,1,1
IB6OFZL,1,1,1,1
IBAHUII,1,1,1,1
IBCY3RD,1,1,1,1
IBF73QH,1,1,1,1
IBFZHNV,1,1,1,1
IBHK7CZ,1,1,1,1
IBIGMUE,1,1,1,1
IBKRXML,1,1,1,1
IBL65CP,1,1,1,1
IBMNRY5,1,1,1,1
IBUJN37,1,1,1,1
IBWGVHI,1,1,1,1
IBX0TVC,1,1,1,1
IC35SQH,1,1,1,1
IC8GJCQ,1,1,1,1
ICBPVLZ,1,1,1,1
ICG1R2Q,1,1,1,1
ICITPG3,1,1,1,1
ICMENLY,1,1,1,1
ICQ8HCR,1,1,1,1
ICSM8W5,1,1,1,1
ICY8KS0,1,1,1,1
IDA4M8N,1,1,1,1
IDCAZPF,1,1,1,1
IDGIL53,1,1,1,1
IDKPGI7,1,1,1,1
IDLRNE6,1,1,1,1
IDRZEJW,1,1,1,1
IDSCSD0,1,1,1,1
IDWRF2K,1,1,1,1
IDYMQ5L,1,1,1,1
IE0Z7G6,1,1,1,1
IE4QOW9,1,1,1,1
IE6PM2J,1,1,1,1
IED5L9G,1,1,1,1
IEDZ0O4,1,1,1,1
IEJ3C6P,1,1,1,1
IEJFVNK,1,1,1,1
IEML80D,1,1,1,1
IESMDLQ,1,1,1,1
IEYDTRO,1,1,1,1
IEYVTYM,1,1,1,1
IF2NNGZ,1,1,1,1
IF2QHAV,1,1,1,1
IF401RM,1,1,1,1
IFE4R0Y,1,1,1,1
IFI0QMP,1,1,1,1
IFIQTU0,1,1,1,1
IFOG9VK,1,1,1,1
IFQV0S2,1,1,1,1
IFUQZKI,1,1,1,1
IFV2JTR,1,1,1,1
IFVGHXM,1,1,1,1
IFX1VLV,1,1,1,1
IG27LYO,1,1,1,1
IG6ZKN5,1,1,1,1
IG7FNS2,1,1,1,1
IG8RKPD,1,1,1,1
IGCSUXL,1,1,1,1
IGCZQJP,1,1,1,1
IGDRQI5,1,1,1,1
IGGRHXZ,1,1,1,1
IGH6ZQB,1,1,1,1
IGHPQV8,1,1,1,1
IGJ4E1Z,1,1,1,1
IGKDVFE,1,1,1,1
IGKYTKV,1,1,1,1
IGLWM4V,1,1,1,1
IGLWZ65,1,1,1,1
IGO9WJB,1,1,1,1
IGODH5X,1,1,1,1
IGQK3DM,1,1,1,1
IGR96NP,1,1,1,1
IGUSPQF,1,1,1,1
IGVOXHK,1,1,1,1
IGWUEW4,1,1,1,1
IGWUWZE,1,1,1,1
IGZIBAB,1,1,1,1
IH2NKL3,1,1,1,1
IH5PWBY,1,1,1,1
IH9EVBF,1,1,1,1
IHAQ8VV,1,1,1,1
IHBZ0IB,1,1,1,1
IHE3N3P,1,1,1,1
IHFK48Z,1,1,1,1
IHHNVEK,1,1,1,1
IHLNG00,1,1,1,1
IHNIZAG,1,1,1,1
IHNW076,1,1,1,1
IHO9LYL,1,1,1,1
IHP1UCT,1,1,1,1
IHPX2DF,1,1,1,1
IHRZRUT,1,1,1,1
IHTLFB8,1,1,1,1
IHUREUN,1,1,1,1
IHZPNFL,1,1,1,1
II2T4TP,1,1,1,1
II3RQUT,1,1,1,1
II7G26Z,1,1,1,1
II7SYHW,1,1,1,1
IIAKPAF,1,1,1,1
IIJYXLB,1,1,1,1
IIMVTIU,1,1,1,1
IINWDVZ,1,1,1,1
IITOXKT,1,1,1,1
IIUAXBV,1,1,1,1
IIUQVWM,1,1,1,1
IIWDMNC,1,1,1,1
IIZM45J,1,1,1,1
IIZMLWJ,1,1,1,1
IJ0US15,1,1,1,1
IJ2FLY2,1,1,1,1
IJ2LAOS,1,1,1,1
IJ5BJNC,1,1,1,1
IJ5PBHC,1,1,1,1
IJ68GTX,1,1,1,1
IJ6JIGQ,1,1,1,1
IJCLYST,1,1,1,1
IJDJM8R,1,1,1,1
IJEM4BA,1,1,1,1
IJFMKBD,1,1,1,1
IJLT3TB,1,1,1,1
IJM1YOT,1,1,1,1
IJMYYW8,1,1,1,1
IJOPWSR,1,1,1,1
IJQDTAW,1,1,1,1
IJQTV42,1,1,1,1
IJU59CG,1,1,1,1
IJW64PL,1,1,1,1
IJXGH2S,1,1,1,1
IK6O18J,1,1,1,1
IK7BQMG,1,1,1,1
IK8GXJO,1,1,1,1
IKD16PH,1,1,1,1
IKFD29T,1,1,1,1
IKFMIEL,1,1,1,1
IKJ89VU,1,1,1,1
IKNA1VH,1,1,1,1
IKS2QOP,1,1,1,1
IKUHBBY,1,1,1,1
IKVG9FQ,1,1,1,1
IKW3IUY,1,1,1,1
IKYBPP9,1,1,1,1
IL2IETW,1,1,1,1
IL2NW51,1,1,1,1
IL41NSO,1,1,1,1
IL8EXPK,1,1,1,1
ILANUNT,1,1,1,1
ILLUROS,1,1,1,1
ILO71DN,1,1,1,1
ILP7DB3,1,1,1,1
ILPZXEW,1,1,1,1
ILXLVH9,1,1,1,1
ILZ4ZYW,1,1,1,1
IM5IXLH,1,1,1,1
IM97JCF,1,1,1,1
IMDD8II,1,1,1,1
IMEH8WT,1,1,1,1
IMFUDYW,1,1,1,1
IMGY791,1,1,1,1
IMIKTBC,1,1,1,1
IMO1GCT,1,1,1,1
IMO3WKJ,1,1,1,1
IMSV0JA,1,1,1,1
IMTFMW6,1,1,1,1
IN1E9JQ,1,1,1,1
IN5COEW,1,1,1,1
INCNNJ9,1,1,1,1
INKG39P,1,1,1,1
INM29LB,1,1,1,1
INR3MWS,1,1,1,1
INSTE0X,1,1,1,1
INUJMEK,1,1,1,1
INUK18U,1,1,1,1
INV9EHV,1,1,1,1
IO78QU8,1,1,1,1
IO7IK8W,1,1,1,1
IO8LCXX,1,1,1,1
IOCDQ5U,1,1,1,1
IOFCUOZ,1,1,1,1
IOMKG4Y,1,1,1,1
IONHFMD,1,1,1,1
IONYBZP,1,1,1,1
IOUFRGR,1,1,1,1
IP0L8W9,1,1,1,1
IP26X0H,1,1,1,1
IPAXTB4,1,1,1,1
IPKSYJI,1,1,1,1
IPS2ECU,1,1,1,1
IPT41IH,1,1,1,1
IQ1OV6X,1,1,1,1
IQ6G8IO,1,1,1,1
IQ8EM3U,1,1,1,1
IQBIDD8,1,1,1,1
IQEBWLQ,1,1,1,1
IQF7AV0,1,1,1,1
IQLLVK2,1,1,1,1
IQOHMRD,1,1,1,1
IQP779H,1,1,1,1
IQQOB81,1,1,1,1
IQRTEFN,1,1,1,1
IQRZJGF,1,1,1,1
IQS9V1E,1,1,1,1
IQTQRCL,1,1,1,1
IQV4IOR,1,1,1,1
IQVOQRI,1,1,1,1
IQWMZEO,1,1,1,1
IQX8B45,1,1,1,1
IQXEOGE,1,1,1,1
IQYP5YR,1,1,1,1
IR4EHRA,1,1,1,1
IRAXW6M,1,1,1,1
IRBYHGB,1,1,1,1
IRGEKXD,1,1,1,1
IRJ87ED,1,1,1,1
IRJDBWX,1,1,1,1
IRLH32Z,1,1,1,1
IRLVP5H,1,1,1,1
IRN4TFP,1,1,1,1
IRPLDYQ,1,1,1,1
IRS9KU2,1,1,1,1
IRSBE2J,1,1,1,1
IRTHQFM,1,1,1,1
IRW2PWZ,1,1,1,1
IRXDXXY,1,1,1,1
IS94CQ2,1,1,1,1
IS9NLHD,1,1,1,1
ISAWZ8Z,1,1,1,1
ISC52PK,1,1,1,1
ISEXUTC,1,1,1,1
ISGFA3N,1,1,1,1
ISKMC6Y,1,1,1,1
ISLXKVX,1,1,1,1
ISOCRD8,1,1,1,1
ISOWWUR,1,1,1,1
ISPWOPD,1,1,1,1
ISPXJN8,1,1,1,1
ISQ6LRH,1,1,1,1
ISR46G1,1,1,1,1
ISVOO13,1,1,1,1
ISWV3X1,1,1,1,1
ISY7VZF,1,1,1,1
ISYFJSB,1,1,1,1
ISZM07Q,1,1,1,1
ISZWJRM,1,1,1,1
IT5UAF2,1,1,1,1
IT8PQQZ,1,1,1,1
ITBZT4G,1,1,1,1
ITFMA66,1,1,1,1
ITFXH3K,1,1,1,1
ITGM6CA,1,1,1,1
ITGZPUA,1,1,1,1
ITHGB0X,1,1,1,1
ITNUWE4,1,1,1,1
ITROHMV,1,1,1,1
ITSHKZY,1,1,1,1
ITUHHU7,1,1,1,1
ITWMQAE,1,1,1,1
ITWRZD6,1,1,1,1
IU1EBES,1,1,1,1
IU2WGIH,1,1,1,1
IU34GBA,1,1,1,1
IU4BH9D,1,1,1,1
IUALE0T,1,1,1,1
IUAWYBG,1,1,1,1
IUAXODQ,1,1,1,1
IUCHEO9,1,1,1,1
IUGR5DE,1,1,1,1
IUHC6NK,1,1,1,1
IUN29RA,1,1,1,1
IUQYPPB,1,1,1,1
IURX6YZ,1,1,1,1
IV6QY3B,1,1,1,1
IVAGOC3,1,1,1,1
IVD7K39,1,1,1,1
IVEKOQG,1,1,1,1
IVJSNBI,1,1,1,1
IVKOXVB,1,1,1,1
IVN8QE3,1,1,1,1
IVPPHHZ,1,1,1,1
IVT6BF0,1,1,1,1
IVYOVVF,1,1,1,1
IW182UW,1,1,1,1
IW1DJ01,1,1,1,1
IW5ATH3,1,1,1,1
IWBNBDZ,1,1,1,1
IWCY5QU,1,1,1,1
IWEL7XR,1,1,1,1
IWIPLUT,1,1,1,1
IWMGJSC,1,1,1,1
IWN9PZH,1,1,1,1
IWQYB57,1,1,1,1
IWTP93G,1,1,1,1
IWVMJ1D,1,1,1,1
IX19DAG,1,1,1,1
IX1OZVW,1,1,1,1
IX640P2,1,1,1,1
IX9Q3KE,1,1,1,1
IXAKXKW,1,1,1,1
IXAQTKG,1,1,1,1
IXAYXVL,1,1,1,1
IXCQ9PY,1,1,1,1
IXIIQZ2,1,1,1,1
IXPSRLK,1,1,1,1
IXS0IGI,1,1,1,1
IXSUJYP,1,1,1,1
IXWJRWM,1,1,1,1
IXWUMQE,1,1,1,1
IXWURF1,1,1,1,1
IY1B3N2,1,1,1,1
IY2N7ZT,1,1,1,1
IYCGDGF,1,1,1,1
IYGCAUR,1,1,1,1
IYGECIY,1,1,1,1
IYKCL3F,1,1,1,1
IYLYD6V,1,1,1,1
IYPNWU9,1,1,1,1
IYQKNBE,1,1,1,1
IYS5AVJ,1,1,1,1
IYU5OZC,1,1,1,1
IYYY2B8,1,1,1,1
IYZUX1S,1,1,1,1
IZ1FK90,1,1,1,1
IZ7TJ3Z,1,1,1,1
IZC4HKC,1,1,1,1
IZCL2EO,1,1,1,1
IZD05UV,1,1,1,1
IZDM7WC,1,1,1,1
IZF5VN1,1,1,1,1
IZGJD3B,1,1,1,1
IZGWN8Q,1,1,1,1
IZL35MP,1,1,1,1
IZLTGUA,1,1,1,1
IZMSQNG,1,1,1,1
IZN9O4T,1,1,1,1
IZNEXNM,1,1,1,1
IZNFP05,1,1,1,1
IZPSJIW,1,1,1,1
IZSBC9Y,1,1,1,1
IZXRBOG,1,1,1,1
J08LY33,1,1,1,1
J0G1GUL,1,1,1,1
J0MZEUG,1,1,1,1
J0QBEBD,1,1,1,1
J0RTRI4,1,1,1,1
J0UUOA9,1,1,1,1
J0VYXVO,1,1,1,1
J0XWZOQ,1,1,1,1
J0Y9ULH,1,1,1,1
J19IQL3,1,1,1,1
J1BCTCP,1,1,1,1
J1GW23O,1,1,1,1
J1HL9RD,1,1,1,1
J1I34SQ,1,1,1,1
J1I6SG4,1,1,1,1
J1IOVM9,1,1,1,1
J1Q3T7D,1,1,1,1
J1QIS34,1,1,1,1
J1RHZ4M,1,1,1,1
J1WBSIW,1,1,1,1
J29RQEU,1,1,1,1
J2GGVUE,1,1,1,1
J2MGW6Q,1,1,1,1
J2N07MW,1,1,1,1
J2PM19U,1,1,1,1
J319YZ4,1,1,1,1
J337CPL,1,1,1,1
J356VUS,1,1,1,1
J375SEL,1,1,1,1
J3DA0XZ,1,1,1,1
J3IQYW9,1,1,1,1
J3SY8TC,1,1,1,1
J3TXSWJ,1,1,1,1
J3ZKHJT,1,1,1,1
J46MEQ5,1,1,1,1
J4GL75A,1,1,1,1
J4GYV5O,1,1,1,1
J4IZGYG,1,1,1,1
J4QPMET,1,1,1,1
J5321NO,1,1,1,1
J53KGRP,1,1,1,1
J59KGYB,1,1,1,1
J5DXPP2,1,1,1,1
J5EGSBU,1,1,1,1
J5KEYD2,1,1,1,1
J5R0JSG,1,1,1,1
J5U3LHE,1,1,1,1
J5UK4CR,1,1,1,1
J6AFWP9,1,1,1,1
J6CEW9R,1,1,1,1
J6D2RGY,1,1,1,1
J6FY6HR,1,1,1,1
J6L19K8,1,1,1,1
J6PVIAM,1,1,1,1
J6S52D9,1,1,1,1
J6WHIKN,1,1,1,1
J6Z4PEU,1,1,1,1
J7EKPL7,1,1,1,1
J7GITPL,1,1,1,1
J7J05QM,1,1,1,1
J7X3V65,1,1,1,1
J7XBFLW,1,1,1,1
J7ZB32O,1,1,1,1
J83UKYV,1,1,1,1
J849G6R,1,1,1,1
J89LCFS,1,1,1,1
J8H7509,1,1,1,1
J8HKP64,1,1,1,1
J8IK95X,1,1,1,1
J8JHEGD,1,1,1,1
J8NYUHN,1,1,1,1
J8R1MQN,1,1,1,1
J8RDL9I,1,1,1,1
J8RRQH8,1,1,1,1
J8SSRTC,1,1,1,1
J8SV7PL,1,1,1,1
J8UDVAT,1,1,1,1
J8WEN0S,1,1,1,1
J8WUBGA,1,1,1,1
J94X6EI,1,1,1,1
J950NQQ,1,1,1,1
J95IEIO,1,1,1,1
J9IPY4K,1,1,1,1
J9IRBCM,1,1,1,1
J9JCDIP,1,1,1,1
J9JFBDN,1,1,1,1
J9O9RHO,1,1,1,1
J9QJQZP,1,1,1,1
J9SXVJI,1,1,1,1
J9WKCHV,1,1,1,1
JA0EWKU,1,1,1,1
JA1CIQT,1,1,1,1
JA2YZLR,1,1,1,1
JA31HAL,1,1,1,1
JA5UBYN,1,1,1,1
JAEQY0I,1,1,1,1
JAFFXUW,1,1,1,1
JAHUKJC,1,1,1,1
JAMFYOK,1,1,1,1
JAMZQAP,1,1,1,1
JAOWI4S,1,1,1,1
JAQPNCV,1,1,1,1
JAVFCFM,1,1,1,1
JAXLRTC,1,1,1,1
JB25IEA,1,1,1,1
JB3D1B3,1,1,1,1
JB3O66V,1,1,1,1
JBA80XL,1,1,1,1
JBDLZU6,1,1,1,1
JBEQCDT,1,1,1,1
JBG5UED,1,1,1,1
JBMB6I4,1,1,1,1
JBQMVHF,1,1,1,1
JBTCH3G,1,1,1,1
JBTHI3D,1,1,1,1
JBTR24P,1,1,1,1
JBXJJYR,1,1,1,1
JBYJFII,1,1,1,1
JC7LYU8,1,1,1,1
JCB5N4I,1,1,1,1
JCC4VQG,1,1,1,1
JCD5648,1,1,1,1
JCHT3SR,1,1,1,1
JCHZD0I,1,1,1,1
JCLNIQW,1,1,1,1
JCMN8XN,1,1,1,1
JCS46FY,1,1,1,1
JCSNM8W,1,1,1,1
JCTXR8Q,1,1,1,1
JCUXTKN,1,1,1,1
JCXUINC,1,1,1,1
JCY3GXE,1,1,1,1
JD4IT8C,1,1,1,1
JD4RRPM,1,1,1,1
JD54TC2,1,1,1,1
JD67ZIW,1,1,1,1
JDBHGOX,1,1,1,1
JDDIZZ7,1,1,1,1
JDHPQG5,1,1,1,1
JDJ4UQG,1,1,1,1
JDO1H8Z,1,1,1,1
JDPK554,1,1,1,1
JDPXZML,1,1,1,1
JDRPNAW,1,1,1,1
JDTDW6B,1,1,1,1
JDTR2R8,1,1,1,1
JDUUV5B,1,1,1,1
JDVDAQW,1,1,1,1
JDWPWX1,1,1,1,1
JDXYVRG,1,1,1,1
JDZ5QPH,1,1,1,1
JEA1C6H,1,1,1,1
JED4MHI,1,1,1,1
JEEJADB,1,1,1,1
JEFDI47,1,1,1,1
JEH3MZB,1,1,1,1
JEHWYA9,1,1,1,1
JEKYQUQ,1,1,1,1
JENERVL,1,1,1,1
JEPPTUE,1,1,1,1
JEU3RHZ,1,1,1,1
JEUKURS,1,1,1,1
JEXWRH8,1,1,1,1
JEYCGSA,1,1,1,1
JEYLXVA,1,1,1,1
JF19NZG,1,1,1,1
JF4W1ZC,1,1,1,1
JF5YNJ3,1,1,1,1
JFBKU2M,1,1,1,1
JFGIL6U,1,1,1,1
JFGLXGS,1,1,1,1
JFH7BUP,1,1,1,1
JFKUUAN,1,1,1,1
JFLPKYI,1,1,1,1
JFOS2EW,1,1,1,1
JFSHGKD,1,1,1,1
JFTVWYX,1,1,1,1
JFVQTIG,1,1,1,1
JFVUQOJ,1,1,1,1
JFYUT38,1,1,1,1
JFZHXUD,1,1,1,1
JG3WVJW,1,1,1,1
JG6FN4G,1,1,1,1
JG8BW0H,1,1,1,1
JG9IX13,1,1,1,1
JGALD8Z,1,1,1,1
JGB4PCT,1,1,1,1
JGFHU6Z,1,1,1,1
JGIE6LB,1,1,1,1
JGJXYQW,1,1,1,1
JGJZSPM,1,1,1,1
JGLURIL,1,1,1,1
JGM2X93,1,1,1,1
JGRKXPV,1,1,1,1
JGURZC7,1,1,1,1
JH0HB6H,1,1,1,1
JH9R6KD,1,1,1,1
JHA1DYU,1,1,1,1
JHA1MBK,1,1,1,1
JHACNY2,1,1,1,1
JHEV36F,1,1,1,1
JHGE98Y,1,1,1,1
JHGZ78F,1,1,1,1
JHJ7ROF,1,1,1,1
JHMQLAV,1,1,1,1
JHN8OY4,1,1,1,1
JHOQTZL,1,1,1,1
JHPPYSU,1,1,1,1
JHPSZKK,1,1,1,1
JHPXBZS,1,1,1,1
JHTB5FD,1,1,1,1
JHTJRKZ,1,1,1,1
JHVC38C,1,1,1,1
JHVDXR5,1,1,1,1
JHZ8X6A,1,1,1,1
JI4K4WE,1,1,1,1
JI520DQ,1,1,1,1
JI5S1LX,1,1,1,1
JI6G01D,1,1,1,1
JI7PQ8X,1,1,1,1
JIBWBZF,1,1,1,1
JIDDWT9,1,1,1,1
JIFJXL9,1,1,1,1
JIHGIST,1,1,1,1
JIHMPTQ,1,1,1,1
JIJCS8Z,1,1,1,1
JIM9VUG,1,1,1,1
JIR6VBM,1,1,1,1
JIXCHDU,1,1,1,1
JJFIIT7,1,1,1,1
JJIQFCR,1,1,1,1
JJKT0II,1,1,1,1
JJMBPC3,1,1,1,1
JJMMQLX,1,1,1,1
JJMTBYD,1,1,1,1
JJPJ42Y,1,1,1,1
JJXQENE,1,1,1,1
JK2V9XW,1,1,1,1
JK5BZGB,1,1,1,1
JKCZC52,1,1,1,1
JKDTP5P,1,1,1,1
JKFVTUY,1,1,1,1
JKJGBFE,1,1,1,1
JKKUEPG,1,1,1,1
JKOOJRU,1,1,1,1
JKQELWT,1,1,1,1
JKSGQF6,1,1,1,1
JKSXFEB,1,1,1,1
JKUKKT7,1,1,1,1
JKXPJZY,1,1,1,1
JKXYWWI,1,1,1,1
JL5M3NY,1,1,1,1
JL8JBW7,1,1,1,1
JLBDE9H,1,1,1,1
JLFXYNO,1,1,1,1
JLGSIIR,1,1,1,1
JLJEOXI,1,1,1,1
JLJV1EE,1,1,1,1
JLN6DKW,1,1,1,1
JLOY3C4,1,1,1,1
JLSYO3V,1,1,1,1
JLVIKGR,1,1,1,1
JLXL9LZ,1,1,1,1
JM4MDLS,1,1,1,1
JM5O2HZ,1,1,1,1
JMBM9RN,1,1,1,1
JMIPF8A,1,1,1,1
JMMIYNZ,1,1,1,1
JMPBR9G,1,1,1,1
JMQUKG3,1,1,1,1
JMSKP0C,1,1,1,1
JMSUMY1,1,1,1,1
JMWYTWU,1,1,1,1
JMYNY8P,1,1,1,1
JMZKXE1,1,1,1,1
JN22CO4,1,1,1,1
JN2Z2I0,1,1,1,1
JNA2H1Z,1,1,1,1
JNAAMBO,1,1,1,1
JNCLWJF,1,1,1,1
JNCTH80,1,1,1,1
JNFDN3R,1,1,1,1
JNS4ZNW,1,1,1,1
JNZQUU9,1,1,1,1
JNZRQD9,1,1,1,1
JO29Q27,1,1,1,1
JO56CI1,1,1,1,1
JO7X8I6,1,1,1,1
JOAN95S,1,1,1,1
JOC5LWM,1,1,1,1
JOG55JA,1,1,1,1
JOGP9II,1,1,1,1
JOHKSLA,1,1,1,1
JOLRZHZ,1,1,1,1
JOMKWTV,1,1,1,1
JOQGFEC,1,1,1,1
JOSU2UZ,1,1,1,1
JOSVPDQ,1,1,1,1
JOU92PA,1,1,1,1
JOV3MU1,1,1,1,1
JP2DEQT,1,1,1,1
JP6WJRJ,1,1,1,1
JPA759K,1,1,1,1
JPCZ2AO,1,1,1,1
JPFIQJB,1,1,1,1
JPGRK8W,1,1,1,1
JPJUENM,1,1,1,1
JPKF7CO,1,1,1,1
JPOWRO0,1,1,1,1
JPOXLFC,1,1,1,1
JPRJZDN,1,1,1,1
JPSKHG3,1,1,1,1
JPSMGJE,1,1,1,1
JPUAQZF,1,1,1,1
JPWQIKO,1,1,1,1
JPXBF3W,1,1,1,1
JPYODPN,1,1,1,1
JQ1DGBH,1,1,1,1
JQ2EO05,1,1,1,1
JQ8I4MX,1,1,1,1
JQ9NTJC,1,1,1,1
JQAL1MN,1,1,1,1
JQEFV4U,1,1,1,1
JQF3ONU,1,1,1,1
JQFD3N7,1,1,1,1
JQFPYWE,1,1,1,1
JQFU44Y,1,1,1,1
JQLIPNT,1,1,1,1
JQLKVOU,1,1,1,1
JQO3FNT,1,1,1,1
JQR67G9,1,1,1,1
JQSNRSS,1,1,1,1
JQUBLKX,1,1,1,1
JQWORDM,1,1,1,1
JQXHGYM,1,1,1,1
JQXRNYG,1,1,1,1
JQZCEBV,1,1,1,1
JR032DB,1,1,1,1
JR2IHAE,1,1,1,1
JR2NT76,1,1,1,1
JR4LBAV,1,1,1,1
JR9KE75,1,1,1,1
JRD0ANY,1,1,1,1
JRDFWPM,1,1,1,1
JRGITS7,1,1,1,1
JRKIM4D,1,1,1,1
JRMIWM3,1,1,1,1
JROTU82,1,1,1,1
JRTFGVN,1,1,1,1
JRUP9NK,1,1,1,1
JRYXB5E,1,1,1,1
JRYZ8JT,1,1,1,1
JS2SOEY,1,1,1,1
JS85BU9,1,1,1,1
JSA58LX,1,1,1,1
JSBFDSY,1,1,1,1
JSFLPBT,1,1,1,1
JSG8ZY3,1,1,1,1
JSGFOXA,1,1,1,1
JSIADZA,1,1,1,1
JSKFLQU,1,1,1,1
JSPR39R,1,1,1,1
JSQCFFM,1,1,1,1
JSRDSVK,1,1,1,1
JSTIIBI,1,1,1,1
JSVTUJQ,1,1,1,1
JSWP3IC,1,1,1,1
JSXJBC5,1,1,1,1
JSYSLBF,1,1,1,1
JT2WMDG,1,1,1,1
JTDO8CL,1,1,1,1
JTDZVSX,1,1,1,1
JTEL708,1,1,1,1
JTJQUOH,1,1,1,1
JTMB4QS,1,1,1,1
JTO2I50,1,1,1,1
JTOA3R4,1,1,1,1
JTOVF6X,1,1,1,1
JTPSUE2,1,1,1,1
JTR6YQC,1,1,1,1
JTVVXQA,1,1,1,1
JTVXLP2,1,1,1,1
JTZDZ6X,1,1,1,1
JU47PBK,1,1,1,1
JU7TQL8,1,1,1,1
JU9Y22D,1,1,1,1
JUCFQQZ,1,1,1,1
JUDQXRJ,1,1,1,1
JUE4OLF,1,1,1,1
JUJYB6E,1,1,1,1
JUJZRDK,1,1,1,1
JUKZPFK,1,1,1,1
JULT3FB,1,1,1,1
JULVVL8,1,1,1,1
JUM02ON,1,1,1,1
JUMC6KE,1,1,1,1
JUMHASB,1,1,1,1
JUNQVIM,1,1,1,1
JUR7KFQ,1,1,1,1
JUTWND6,1,1,1,1
JUUFETV,1,1,1,1
JUX8IJU,1,1,1,1
JUYJ3ZS,1,1,1,1
JUZCK8R,1,1,1,1
JVCBHOI,1,1,1,1
JVJX1I3,1,1,1,1
JVLSEDI,1,1,1,1
JVM1IK2,1,1,1,1
JVO67BA,1,1,1,1
JVPRG9O,1,1,1,1
JVQ8SDB,1,1,1,1
JVSLIOH,1,1,1,1
JVUQ5QQ,1,1,1,1
JVZBVSV,1,1,1,1
JVZLZGF,1,1,1,1
JW0SPMI,1,1,1,1
JW5E3UG,1,1,1,1
JWCQAN3,1,1,1,1
JWE50B4,1,1,1,1
JWEDAZV,1,1,1,1
JWGUKPJ,1,1,1,1
JWIUXE8,1,1,1,1
JWJG8L8,1,1,1,1
JWM6CGI,1,1,1,1
JWM6DYL,1,1,1,1
JWNUOMT,1,1,1,1
JWROZNO,1,1,1,1
JWS495R,1,1,1,1
JWYE7M5,1,1,1,1
JX4VS6K,1,1,1,1
JX5ZZCA,1,1,1,1
JXA0QOA,1,1,1,1
JXBB325,1,1,1,1
JXI6BTH,1,1,1,1
JXPJG9V,1,1,1,1
JXPJKQC,1,1,1,1
JXSGXGJ,1,1,1,1
JXUDZVK,1,1,1,1
JXVQBFW,1,1,1,1
JXWKKYR,1,1,1,1
JXXECDD,1,1,1,1
JY2BKJS,1,1,1,1
JY3WX8F,1,1,1,1
JY4MEZK,1,1,1,1
JY70430,1,1,1,1
JYA8MA5,1,1,1,1
JYCQ5ME,1,1,1,1
JYCZ1F8,1,1,1,1
JYDZ4ZH,1,1,1,1
JYI74SW,1,1,1,1
JYJQXAS,1,1,1,1
JYL8IFA,1,1,1,1
JYMXHFG,1,1,1,1
JYWOMSO,1,1,1,1
JYZM5TO,1,1,1,1
JZ03HA8,1,1,1,1
JZCS51P,1,1,1,1
JZMW5RU,1,1,1,1
JZP3ZOD,1,1,1,1
JZSFRPT,1,1,1,1
JZWMYKU,1,1,1,1
K0823V1,1,1,1,1
K08APZP,1,1,1,1
K0DW4DD,1,1,1,1
K0DXV4H,1,1,1,1
K0KLKSD,1,1,1,1
K0KYKNI,1,1,1,1
K0LZ9GO,1,1,1,1
K0NFUAC,1,1,1,1
K0SFGJC,1,1,1,1
K0V4RQN,1,1,1,1
K0XGJAU,1,1,1,1
K12USME,1,1,1,1
K13ACON,1,1,1,1
K1AWB5R,1,1,1,1
K1DYC52,1,1,1,1
K1EFG5C,1,1,1,1
K1HHDDY,1,1,1,1
K1KKZEX,1,1,1,1
K1MD0Z6,1,1,1,1
K1PUWTV,1,1,1,1
K1U78VL,1,1,1,1
K1UPZ9Z,1,1,1,1
K1WE832,1,1,1,1
K21RVN9,1,1,1,1
K298T50,1,1,1,1
K2BI6HP,1,1,1,1
K2IIFEO,1,1,1,1
K2IVQ54,1,1,1,1
K2JJE0T,1,1,1,1
K2OFXNE,1,1,1,1
K2PCH6M,1,1,1,1
K2PSODB,1,1,1,1
K2Q8FEN,1,1,1,1
K2QZ8X6,1,1,1,1
K38Z5BW,1,1,1,1
K393SVS,1,1,1,1
K3AUOEQ,1,1,1,1
K3CE0J0,1,1,1,1
K3EM3P0,1,1,1,1
K3FWYTD,1,1,1,1
K3IBYVE,1,1,1,1
K3MFXTJ,1,1,1,1
K3MXQU4,1,1,1,1
K3TJH78,1,1,1,1
K3U4CFX,1,1,1,1
K3XOUY9,1,1,1,1
K4687TQ,1,1,1,1
K47IQ1L,1,1,1,1
K4C44P0,1,1,1,1
K4GRS8O,1,1,1,1
K4MNUOC,1,1,1,1
K4TDL8V,1,1,1,1
K50ZHKR,1,1,1,1
K58R0HZ,1,1,1,1
K58WXIK,1,1,1,1
K5B4TOD,1,1,1,1
K5BGTR0,1,1,1,1
K5DO35B,1,1,1,1
K5O2PM6,1,1,1,1
K5PEHB1,1,1,1,1
K62ZSXA,1,1,1,1
K64AWNZ,1,1,1,1
K6BHDKF,1,1,1,1
K6IJ4P2,1,1,1,1
K6Q5TYT,1,1,1,1
K6QTF5V,1,1,1,1
K6V9T43,1,1,1,1
K6YC45O,1,1,1,1
K773MKH,1,1,1,1
K79HABZ,1,1,1,1
K7GL1H5,1,1,1,1
K7J2E4L,1,1,1,1
K7LKIWB,1,1,1,1
K7NOD8U,1,1,1,1
K7NS5C9,1,1,1,1
K7Q8BME,1,1,1,1
K7WNQRJ,1,1,1,1
K835QG1,1,1,1,1
K8BZ12N,1,1,1,1
K8DN2H2,1,1,1,1
K8J1J5A,1,1,1,1
K8UVD6Y,1,1,1,1
K8YBV4Z,1,1,1,1
K921JUC,1,1,1,1
K93WYU8,1,1,1,1
K95CO6Z,1,1,1,1
K96WAD8,1,1,1,1
K97OLR5,1,1,1,1
K9AA7SV,1,1,1,1
K9AVDNK,1,1,1,1
K9FHUSV,1,1,1,1
K9IJLTW,1,1,1,1
K9JZ65Q,1,1,1,1
K9O4JMC,1,1,1,1
K9QWY8V,1,1,1,1
K9S7MOC,1,1,1,1
K9T8UGV,1,1,1,1
K9W5NMQ,1,1,1,1
K9WZ8VH,1,1,1,1
K9XHZ3J,1,1,1,1
K9XNAFW,1,1,1,1
K9XXQI7,1,1,1,1
KA1GWZY,1,1,1,1
KA5U2MD,1,1,1,1
KA9YNB5,1,1,1,1
KAKNCCH,1,1,1,1
KALXQZT,1,1,1,1
KAOWB6T,1,1,1,1
KAPAQ5C,1,1,1,1
KASCY8G,1,1,1,1
KATEZMO,1,1,1,1
KATLR0I,1,1,1,1
KAVGTUX,1,1,1,1
KAX2XSD,1,1,1,1
KAX6ANU,1,1,1,1
KAXFN72,1,1,1,1
KAYAVYD,1,1,1,1
KAZ89VG,1,1,1,1
KB016BR,1,1,1,1
KB0ZHT8,1,1,1,1
KBC8NTY,1,1,1,1
KBFUBCK,1,1,1,1
KBNNC2K,1,1,1,1
KBQDBPR,1,1,1,1
KBRSBSU,1,1,1,1
KC4D1MT,1,1,1,1
KC9HFNB,1,1,1,1
KCCOSTC,1,1,1,1
KCD3QHP,1,1,1,1
KCE8WJL,1,1,1,1
KCFU7YM,1,1,1,1
KCH6TJB,1,1,1,1
KCHJPZR,1,1,1,1
KCJOPRS,1,1,1,1
KCMKFYZ,1,1,1,1
KCRSXQ9,1,1,1,1
KCTDJBI,1,1,1,1
KCTHHE5,1,1,1,1
KCUQATH,1,1,1,1
KD9HCUQ,1,1,1,1
KDEJFNG,1,1,1,1
KDFTZ46,1,1,1,1
KDISHTD,1,1,1,1
KDK55QA,1,1,1,1
KDMC57Z,1,1,1,1
KDS9YFZ,1,1,1,1
KDWGK62,1,1,1,1
KDWT6Y0,1,1,1,1
KDYDVMF,1,1,1,1
KDZVH7Q,1,1,1,1
KE0EJ0V,1,1,1,1
KE5DLJQ,1,1,1,1
KE9VHKE,1,1,1,1
KED5DEP,1,1,1,1
KEED8FG,1,1,1,1
KEHWOIR,1,1,1,1
KEKJ2Y4,1,1,1,1
KEKNB6R,1,1,1,1
KEKTUY8,1,1,1,1
KEMH08W,1,1,1,1
KEO8CJD,1,1,1,1
KEPM9M9,1,1,1,1
KERKL8M,1,1,1,1
KEUHT8R,1,1,1,1
KEXMPAZ,1,1,1,1
KF3S1EW,1,1,1,1
KF7KYVV,1,1,1,1
KF9EGJ9,1,1,1,1
KFCTRAI,1,1,1,1
KFCUL83,1,1,1,1
KFDN3DA,1,1,1,1
KFEMQXE,1,1,1,1
KFGMPE6,1,1,1,1
KFM5PDM,1,1,1,1
KFMKGPX,1,1,1,1
KFOY966,1,1,1,1
KFRMLSD,1,1,1,1
KFU5BDJ,1,1,1,1
KFVIQCG,1,1,1,1
KFVP9AY,1,1,1,1
KFWOF47,1,1,1,1
KG29Q4T,1,1,1,1
KG3TYVF,1,1,1,1
KG6ODNW,1,1,1,1
KGD9QIV,1,1,1,1
KGGNHJA,1,1,1,1
KGQW3P0,1,1,1,1
KGS44EE,1,1,1,1
KH0OOBK,1,1,1,1
KH134LR,1,1,1,1
KHDZX73,1,1,1,1
KHEMFQQ,1,1,1,1
KHJ5QL9,1,1,1,1
KHO57JZ,1,1,1,1
KHRNNA7,1,1,1,1
KHSSCZR,1,1,1,1
KHT8GYP,1,1,1,1
KHTGZXM,1,1,1,1
KHUSBEK,1,1,1,1
KHWOVBG,1,1,1,1
KI70F5M,1,1,1,1
KIADB98,1,1,1,1
KICJ7JB,1,1,1,1
KIDG8S1,1,1,1,1
KIFWOHS,1,1,1,1
KIHOSTM,1,1,1,1
KIHTTJB,1,1,1,1
KIIOXV1,1,1,1,1
KIJAR7N,1,1,1,1
KIM87C0,1,1,1,1
KINHQKA,1,1,1,1
KIOM39B,1,1,1,1
KIOZES0,1,1,1,1
KIPZLJR,1,1,1,1
KIRNQNX,1,1,1,1
KIS750H,1,1,1,1
KITD18Y,1,1,1,1
KIUC6RK,1,1,1,1
KIVLD3J,1,1,1,1
KIWUEXG,1,1,1,1
KIXS3LH,1,1,1,1
KJ2YNWH,1,1,1,1
KJ5FN5Q,1,1,1,1
KJ5QT9D,1,1,1,1
KJ5SG4K,1,1,1,1
KJ9TBDO,1,1,1,1
KJAZLIS,1,1,1,1
KJF2XHV,1,1,1,1
KJF5B68,1,1,1,1
KJFHMED,1,1,1,1
KJL6UH3,1,1,1,1
KJNE8HW,1,1,1,1
KJNSD2B,1,1,1,1
KJSAYBA,1,1,1,1
KJVRMWV,1,1,1,1
KJVS3QJ,1,1,1,1
KJWNIZQ,1,1,1,1
KK3TOAJ,1,1,1,1
KK6MIGS,1,1,1,1
KKBAJVE,1,1,1,1
KKJUUYH,1,1,1,1
KKPWH5S,1,1,1,1
KKRYYD6,1,1,1,1
KKW6UH0,1,1,1,1
KL18WH7,1,1,1,1
KL3NK4T,1,1,1,1
KL8R5P3,1,1,1,1
KLDGIEI,1,1,1,1
KLDK72K,1,1,1,1
KLE9GVM,1,1,1,1
KLEBZN0,1,1,1,1
KLFGDIP,1,1,1,1
KLGIM5X,1,1,1,1
KLI9TXZ,1,1,1,1
KLJN3JY,1,1,1,1
KLJZHJZ,1,1,1,1
KLM2BF3,1,1,1,1
KLO2LJZ,1,1,1,1
KLOGV05,1,1,1,1
KLRYSGI,1,1,1,1
KLXML6M,1,1,1,1
KLXWBUD,1,1,1,1
KM0GJ1V,1,1,1,1
KM3JPLE,1,1,1,1
KM76ZKX,1,1,1,1
KM947BA,1,1,1,1
KM9GLJT,1,1,1,1
KMBFZ6Y,1,1,1,1
KMGOOVA,1,1,1,1
KMJPR1K,1,1,1,1
KML34TX,1,1,1,1
KML4TPA,1,1,1,1
KMLWO6Q,1,1,1,1
KMQQZFZ,1,1,1,1
KMQWNMT,1,1,1,1
KMRIFL8,1,1,1,1
KMTB2KF,1,1,1,1
KMVG39B,1,1,1,1
KMXEF3W,1,1,1,1
KMYQSX9,1,1,1,1
KMYUE1L,1,1,1,1
KN03GYC,1,1,1,1
KN30MWO,1,1,1,1
KN7UBWO,1,1,1,1
KN9ZFAD,1,1,1,1
KNBT7IJ,1,1,1,1
KNC84TB,1,1,1,1
KNCNOYG,1,1,1,1
KNGFS60,1,1,1,1
KNH3ETA,1,1,1,1
KNJHP5S,1,1,1,1
KNKCXYK,1,1,1,1
KNLWIQ4,1,1,1,1
KNO96IP,1,1,1,1
KNPXLQP,1,1,1,1
KNUTT6K,1,1,1,1
KNX7USB,1,1,1,1
KNZOS7R,1,1,1,1
KO2ET69,1,1,1,1
KO2UMIL,1,1,1,1
KO4L0EY,1,1,1,1
KO4SCHQ,1,1,1,1
KOEOQJE,1,1,1,1
KOEULJT,1,1,1,1
KOG8O5R,1,1,1,1
KOGISE0,1,1,1,1
KONBM2U,1,1,1,1
KP5OMXF,1,1,1,1
KP7TJQ3,1,1,1,1
KP801OY,1,1,1,1
KPASOEJ,1,1,1,1
KPDG8SJ,1,1,1,1
KPG0I8M,1,1,1,1
KPG9S4K,1,1,1,1
KPKAY09,1,1,1,1
KPXDZNB,1,1,1,1
KQ034WD,1,1,1,1
KQ1MXGT,1,1,1,1
KQ2N7IO,1,1,1,1
KQ9DSUY,1,1,1,1
KQB0Z9E,1,1,1,1
KQE0OEV,1,1,1,1
KQJRM8I,1,1,1,1
KQOJ97C,1,1,1,1
KQUECPX,1,1,1,1
KR1DF3T,1,1,1,1
KR3MYOS,1,1,1,1
KR4PH6G,1,1,1,1
KRIXYNE,1,1,1,1
KRTIRSZ,1,1,1,1
KRV3ZYH,1,1,1,1
KRWJVMD,1,1,1,1
KRWMOVD,1,1,1,1
KRXEBGP,1,1,1,1
KRYSJCP,1,1,1,1
KRZW3OF,1,1,1,1
KS2TOFJ,1,1,1,1
KS4VIDN,1,1,1,1
KS5YQLC,1,1,1,1
KS7N4A5,1,1,1,1
KSAITXG,1,1,1,1
KSFRJHI,1,1,1,1
KSJA9YB,1,1,1,1
KSJGDY6,1,1,1,1
KSKIDK3,1,1,1,1
KSMVJQ9,1,1,1,1
KSPVL3Q,1,1,1,1
KSRTBIU,1,1,1,1
KSSPQKA,1,1,1,1
KSVNTGX,1,1,1,1
KSW74KZ,1,1,1,1
KT1WTLV,1,1,1,1
KTCVQGS,1,1,1,1
KTDTOCL,1,1,1,1
KTJJQVF,1,1,1,1
KTKJD5H,1,1,1,1
KTLJJAB,1,1,1,1
KTNUVP7,1,1,1,1
KTOCMRM,1,1,1,1
KTSGXNH,1,1,1,1
KTSUHHK,1,1,1,1
KTV3GCA,1,1,1,1
KTWZVXN,1,1,1,1
KTXWF2U,1,1,1,1
KU6NJ7T,1,1,1,1
KU92UEK,1,1,1,1
KUDY8TH,1,1,1,1
KUEOW6D,1,1,1,1
KUFTO42,1,1,1,1
KUHMHKI,1,1,1,1
KUP4V2H,1,1,1,1
KUQBUVW,1,1,1,1
KURF0RV,1,1,1,1
KUV4LYC,1,1,1,1
KUW4BI7,1,1,1,1
KUXGUMH,1,1,1,1
KUYHHB8,1,1,1,1
KUYIR0N,1,1,1,1
KUZXFG8,1,1,1,1
KV3JSFN,1,1,1,1
KV5IHXX,1,1,1,1
KVDJWCF,1,1,1,1
KVDOI9Z,1,1,1,1
KVDXO8N,1,1,1,1
KVGYXCY,1,1,1,1
KVI8EM5,1,1,1,1
KVJN6AF,1,1,1,1
KVKGPKA,1,1,1,1
KVMDEOC,1,1,1,1
KVN2WOH,1,1,1,1
KVO6M4W,1,1,1,1
KVTPUZC,1,1,1,1
KW4A7RX,1,1,1,1
KWFOVHN,1,1,1,1
KWG7UJ0,1,1,1,1
KWG9HMO,1,1,1,1
KWHD00G,1,1,1,1
KWKWZ7O,1,1,1,1
KWLEFPL,1,1,1,1
KWN1P6T,1,1,1,1
KWPAZCA,1,1,1,1
KWPKDUM,1,1,1,1
KWSGMMT,1,1,1,1
KWU4HN9,1,1,1,1
KWVOGLF,1,1,1,1
KWYY93W,1,1,1,1
KX1356I,1,1,1,1
KX1TNP6,1,1,1,1
KX2H4YC,1,1,1,1
KX6X62D,1,1,1,1
KX6Z6IR,1,1,1,1
KXHKEVT,1,1,1,1
KXKZIGI,1,1,1,1
KXL1EQH,1,1,1,1
KXLXNQG,1,1,1,1
KXNCCGF,1,1,1,1
KXNNP89,1,1,1,1
KXP6Q1G,1,1,1,1
KXTBFUM,1,1,1,1
KXXI6KV,1,1,1,1
KXYHCJQ,1,1,1,1
KXZLW2A,1,1,1,1
KXZMVWK,1,1,1,1
KY2P6Y8,1,1,1,1
KY40U3B,1,1,1,1
KY9CPHO,1,1,1,1
KYDAPQH,1,1,1,1
KYG7Q4S,1,1,1,1
KYJ9DSL,1,1,1,1
KYM03RX,1,1,1,1
KYOH11F,1,1,1,1
KYSAHTP,1,1,1,1
KYTH47I,1,1,1,1
KYTKYZY,1,1,1,1
KYW3UUF,1,1,1,1
KYZEDJC,1,1,1,1
KZ0SGNU,1,1,1,1
KZ0TBQ6,1,1,1,1
KZ2O7RU,1,1,1,1
KZ6EVU4,1,1,1,1
KZ8KFZW,1,1,1,1
KZ9EE30,1,1,1,1
KZBOFTL,1,1,1,1
KZGMR2I,1,1,1,1
KZIMFAF,1,1,1,1
KZLUVRX,1,1,1,1
KZNV1E9,1,1,1,1
KZQJGFB,1,1,1,1
KZSYZEI,1,1,1,1
KZU4LCW,1,1,1,1
KZW031I,1,1,1,1
KZWMBLN,1,1,1,1
KZWVR8X,1,1,1,1
KZXWDJE,1,1,1,1
KZXWJG9,1,1,1,1
KZYQRCV,1,1,1,1
KZYRINU,1,1,1,1
L03KFMB,1,1,1,1
L09CVRK,1,1,1,1
L0AVVUC,1,1,1,1
L0J4NGE,1,1,1,1
L0MQVRE,1,1,1,1
L0OHG99,1,1,1,1
L0RTVH2,1,1,1,1
L0VTFST,1,1,1,1
L0ZI7KV,1,1,1,1
L15RNED,1,1,1,1
L179042,1,1,1,1
L1B94TX,1,1,1,1
L1BEVXY,1,1,1,1
L1F8HAS,1,1,1,1
L1HGUPR,1,1,1,1
L1RQHTW,1,1,1,1
L1TXAUL,1,1,1,1
L25C7YD,1,1,1,1
L28GQYT,1,1,1,1
L2FCRXD,1,1,1,1
L2HVBU3,1,1,1,1
L2JE6M8,1,1,1,1
L2K62ST,1,1,1,1
L305XUG,1,1,1,1
L33HSJM,1,1,1,1
L377INW,1,1,1,1
L37YHJT,1,1,1,1
L3BA61K,1,1,1,1
L3DM86Q,1,1,1,1
L3DO8KK,1,1,1,1
L3DYQLA,1,1,1,1
L3E0VIK,1,1,1,1
L3ENIYJ,1,1,1,1
L3KZFKC,1,1,1,1
L3N701U,1,1,1,1
L3OU15C,1,1,1,1
L3OXSCM,1,1,1,1
L3SFX64,1,1,1,1
L4BIVFH,1,1,1,1
L4DFBPV,1,1,1,1
L4DTQKE,1,1,1,1
L4GUA96,1,1,1,1
L4P7H5M,1,1,1,1
L4Q0NB6,1,1,1,1
L4XYLVQ,1,1,1,1
L5ACUS0,1,1,1,1
L5FTBWS,1,1,1,1
L5FUYTB,1,1,1,1
L5L5TTL,1,1,1,1
L5ME3JX,1,1,1,1
L5PCQZD,1,1,1,1
L5Y1B3D,1,1,1,1
L5ZCYV6,1,1,1,1
L603UT2,1,1,1,1
L62F4HO,1,1,1,1
L6F9RCL,1,1,1,1
L6HKDXS,1,1,1,1
L6TD7VB,1,1,1,1
L712VYB,1,1,1,1
L7C3YXN,1,1,1,1
L7EJZ06,1,1,1,1
L7H3DGI,1,1,1,1
L7O5RVU,1,1,1,1
L7QOVDZ,1,1,1,1
L7S1Y8P,1,1,1,1
L7VDHKU,1,1,1,1
L7XA3QM,1,1,1,1
L83D9QO,1,1,1,1
L86KQ3Z,1,1,1,1
L8AFKJT,1,1,1,1
L8IADG8,1,1,1,1
L8RCXTA,1,1,1,1
L8XJPB4,1,1,1,1
L8YCG4T,1,1,1,1
L8Z924T,1,1,1,1
L9546RA,1,1,1,1
L9HP2JG,1,1,1,1
L9JEU7Y,1,1,1,1
L9JJJEQ,1,1,1,1
L9JPTIN,1,1,1,1
L9VJPGG,1,1,1,1
L9WMP5T,1,1,1,1
L9XMHN4,1,1,1,1
L9XTSPB,1,1,1,1
L9YWRNF,1,1,1,1
L9YX5T2,1,1,1,1
LA16W7N,1,1,1,1
LA1ZRP4,1,1,1,1
LA60N3Z,1,1,1,1
LABWWAD,1,1,1,1
LADIGWY,1,1,1,1
LAEDWXY,1,1,1,1
LAJCFM6,1,1,1,1
LAKDMPC,1,1,1,1
LALGMNJ,1,1,1,1
LAMVSA7,1,1,1,1
LATVFGZ,1,1,1,1
LAVQ8YK,1,1,1,1
LAYCQG2,1,1,1,1
LAZSCVD,1,1,1,1
LB0DFRU,1,1,1,1
LBBSB9P,1,1,1,1
LBQJRA0,1,1,1,1
LBSZNAW,1,1,1,1
LBTB7FI,1,1,1,1
LBWNOYP,1,1,1,1
LC1D5U1,1,1,1,1
LC2RP69,1,1,1,1
LC6SNRQ,1,1,1,1
LC75QPW,1,1,1,1
LC7F62B,1,1,1,1
LC8ZX82,1,1,1,1
LCACJHS,1,1,1,1
LCAMUO4,1,1,1,1
LCBH02M,1,1,1,1
LCDCRCG,1,1,1,1
LCDHWR8,1,1,1,1
LCGCKVA,1,1,1,1
LCH3AGL,1,1,1,1
LCIWKLP,1,1,1,1
LCKN5DF,1,1,1,1
LCNRXSV,1,1,1,1
LD0T236,1,1,1,1
LD3J6GR,1,1,1,1
LDC4ZEP,1,1,1,1
LDET319,1,1,1,1
LDG6IOH,1,1,1,1
LDGIDYU,1,1,1,1
LDH7A2R,1,1,1,1
LDS32G2,1,1,1,1
LDUBV27,1,1,1,1
LDVFA1B,1,1,1,1
LDVFDJM,1,1,1,1
LDW3BVR,1,1,1,1
LE48D3P,1,1,1,1
LECTA8C,1,1,1,1
LEDHCSF,1,1,1,1
LEDHKXS,1,1,1,1
LEF6UXE,1,1,1,1
LEIY04X,1,1,1,1
LEM4IF8,1,1,1,1
LEVZIAF,1,1,1,1
LEXQ1UE,1,1,1,1
LEZKIOX,1,1,1,1
LF0TAIY,1,1,1,1
LF2LKAV,1,1,1,1
LF8IX1S,1,1,1,1
LFCWDXA,1,1,1,1
LFFSHCW,1,1,1,1
LFHFIH7,1,1,1,1
LFIQFE3,1,1,1,1
LFLXSTG,1,1,1,1
LFNZQ5Z,1,1,1,1
LFR22MZ,1,1,1,1
LFRRYSG,1,1,1,1
LFWWKMB,1,1,1,1
LFX9AHB,1,1,1,1
LFYMKVG,1,1,1,1
LG2THQ9,1,1,1,1
LG4IM78,1,1,1,1
LG6NBXA,1,1,1,1
LG9CLDE,1,1,1,1
LGEBVQY,1,1,1,1
LGEDMOI,1,1,1,1
LGIZQN4,1,1,1,1
LGMQSG7,1,1,1,1
LGRS9JA,1,1,1,1
LGUKPJI,1,1,1,1
LGW6YCE,1,1,1,1
LGXO4FC,1,1,1,1
LGZPCUM,1,1,1,1
LH2HEFY,1,1,1,1
LH3BDEZ,1,1,1,1
LH8DO4E,1,1,1,1
LH8IW73,1,1,1,1
LHAUZO7,1,1,1,1
LHCTUPB,1,1,1,1
LHDE2FP,1,1,1,1
LHDOLYZ,1,1,1,1
LHDZARX,1,1,1,1
LHENQOS,1,1,1,1
LHERLDA,1,1,1,1
LHF8W9V,1,1,1,1
LHFU9FQ,1,1,1,1
LHG4QSI,1,1,1,1
LHGRPWQ,1,1,1,1
LHJ6UCD,1,1,1,1
LHJK8DU,1,1,1,1
LHL9HIK,1,1,1,1
LHNGMYJ,1,1,1,1
LHTTFK6,1,1,1,1
LI1J54F,1,1,1,1
LI5CCT7,1,1,1,1
LIBE3HM,1,1,1,1
LIHMI8E,1,1,1,1
LIKQME1,1,1,1,1
LIL1LVL,1,1,1,1
LIQGY8O,1,1,1,1
LIVD95U,1,1,1,1
LIXT3DN,1,1,1,1
LJ2PDDH,1,1,1,1
LJ5TBL6,1,1,1,1
LJ5V8WB,1,1,1,1
LJ8W9XY,1,1,1,1
LJBWTGM,1,1,1,1
LJEYA6R,1,1,1,1
LJFAJVR,1,1,1,1
LJMFXNK,1,1,1,1
LJMJNZ4,1,1,1,1
LJUQMNG,1,1,1,1
LJXZ1KI,1,1,1,1
LJZINV9,1,1,1,1
LK9JEQO,1,1,1,1
LKA9RMU,1,1,1,1
LKCK9NN,1,1,1,1
LKDEABG,1,1,1,1
LKI1TH5,1,1,1,1
LKYHDQ7,1,1,1,1
LLEGYBZ,1,1,1,1
LLT71UM,1,1,1,1
LLUAIFL,1,1,1,1
LM2T7HQ,1,1,1,1
LM4KYTV,1,1,1,1
LMB2M1I,1,1,1,1
LMFJBUS,1,1,1,1
LMH8DMM,1,1,1,1
LMKEBBA,1,1,1,1
LMKSQHN,1,1,1,1
LMKVKBQ,1,1,1,1
LMKXBHS,1,1,1,1
LML5M6G,1,1,1,1
LMNVYHK,1,1,1,1
LMOBG3I,1,1,1,1
LMRDS5V,1,1,1,1
LMRPLUX,1,1,1,1
LMTGXO0,1,1,1,1
LMVM6DZ,1,1,1,1
LMWSBKD,1,1,1,1
LMWTLQQ,1,1,1,1
LMXV072,1,1,1,1
LMXW4OD,1,1,1,1
LMYJR7H,1,1,1,1
LN5XSY3,1,1,1,1
LNDZQSY,1,1,1,1
LNK4SQ3,1,1,1,1
LNKIC66,1,1,1,1
LNNNY0K,1,1,1,1
LNO9WI4,1,1,1,1
LNSJ7YT,1,1,1,1
LNUABVJ,1,1,1,1
LO43CD0,1,1,1,1
LO7TSM1,1,1,1,1
LO7XQG1,1,1,1,1
LO8GFZ7,1,1,1,1
LO9QBER,1,1,1,1
LOAFKBB,1,1,1,1
LOBNQY0,1,1,1,1
LODCIGW,1,1,1,1
LOGU0LQ,1,1,1,1
LOJIXPK,1,1,1,1
LOMVAMX,1,1,1,1
LONA78X,1,1,1,1
LOPDTFA,1,1,1,1
LP2MONA,1,1,1,1
LPC2OEZ,1,1,1,1
LPFGFU3,1,1,1,1
LPKLEGA,1,1,1,1
LPKSUVE,1,1,1,1
LPMSZRI,1,1,1,1
LPYK8C5,1,1,1,1
LQ0CEXS,1,1,1,1
LQ3FBUJ,1,1,1,1
LQC8OMV,1,1,1,1
LQHDR3E,1,1,1,1
LQM3VIF,1,1,1,1
LQNKC9N,1,1,1,1
LQPNRO0,1,1,1,1
LQSGSQV,1,1,1,1
LQTFXX2,1,1,1,1
LQTPRW9,1,1,1,1
LQU38SI,1,1,1,1
LQUPFEJ,1,1,1,1
LQVN6LO,1,1,1,1
LQVP6I0,1,1,1,1
LR2GQ8U,1,1,1,1
LR4KFPP,1,1,1,1
LRC9PUV,1,1,1,1
LRCOAXE,1,1,1,1
LRCZXJU,1,1,1,1
LRHS8HU,1,1,1,1
LRIBB3M,1,1,1,1
LRJ8I5E,1,1,1,1
LRKBPCX,1,1,1,1
LRPEZ2D,1,1,1,1
LRQZTVE,1,1,1,1
LRUKM7N,1,1,1,1
LRZ1DH0,1,1,1,1
LRZ6S7O,1,1,1,1
LS1U4QY,1,1,1,1
LS23F7R,1,1,1,1
LS4GIY6,1,1,1,1
LS51GD2,1,1,1,1
LSAIKRZ,1,1,1,1
LSENBSM,1,1,1,1
LSFCVRH,1,1,1,1
LSONHIW,1,1,1,1
LSSVSQZ,1,1,1,1
LSUOCE1,1,1,1,1
LSVUHC8,1,1,1,1
LSVX59L,1,1,1,1
LT35DN9,1,1,1,1
LTCZDQR,1,1,1,1
LTDQ6KC,1,1,1,1
LTEFOXI,1,1,1,1
LTI1F46,1,1,1,1
LTVA24C,1,1,1,1
LU3K6YX,1,1,1,1
LU483N6,1,1,1,1
LUA9ZUD,1,1,1,1
LUBDK9L,1,1,1,1
LUDUJ0T,1,1,1,1
LUEJRYA,1,1,1,1
LUEMSRG,1,1,1,1
LUF6JAG,1,1,1,1
LUFNGAX,1,1,1,1
LUGBJU9,1,1,1,1
LUGJOZX,1,1,1,1
LUGKSXR,1,1,1,1
LUIFMJ2,1,1,1,1
LUNEVUD,1,1,1,1
LUPTWAN,1,1,1,1
LUSOPYC,1,1,1,1
LUWGD2X,1,1,1,1
LUYVKTO,1,1,1,1
LUZVIFC,1,1,1,1
LV2BITR,1,1,1,1
LV2R9FW,1,1,1,1
LV4R9V0,1,1,1,1
LV4W6NI,1,1,1,1
LV5Y8DD,1,1,1,1
LV8BCJA,1,1,1,1
LVA4ZMM,1,1,1,1
LVBOA30,1,1,1,1
LVEFTAC,1,1,1,1
LVKKKL4,1,1,1,1
LVKQFTM,1,1,1,1
LVQHTJL,1,1,1,1
LVR9QJT,1,1,1,1
LVW90CA,1,1,1,1
LVXBC7S,1,1,1,1
LW1C1UO,1,1,1,1
LW2FBYI,1,1,1,1
LW9YBF4,1,1,1,1
LWBQF3F,1,1,1,1
LWCVCLN,1,1,1,1
LWDLBUG,1,1,1,1
LWDODPT,1,1,1,1
LWE4R5U,1,1,1,1
LWIB8VK,1,1,1,1
LWIBM16,1,1,1,1
LWKCNU3,1,1,1,1
LWL8BKV,1,1,1,1
LWS2QYH,1,1,1,1
LWTX4C3,1,1,1,1
LWVUQR5,1,1,1,1
LWVZOVC,1,1,1,1
LWYSQ1N,1,1,1,1
LX21RW4,1,1,1,1
LX3OG1H,1,1,1,1
LX408AA,1,1,1,1
LX4BZRW,1,1,1,1
LX6FKGP,1,1,1,1
LX6MU8O,1,1,1,1
LX7T6PN,1,1,1,1
LX9H2R8,1,1,1,1
LXBMPH8,1,1,1,1
LXBSAHA,1,1,1,1
LXC214S,1,1,1,1
LXDK3ST,1,1,1,1
LXF75OP,1,1,1,1
LXOT6R9,1,1,1,1
LXRUDEL,1,1,1,1
LXWHWX9,1,1,1,1
LY094AF,1,1,1,1
LYAKUCT,1,1,1,1
LYBFINM,1,1,1,1
LYE8FB4,1,1,1,1
LYFGIMS,1,1,1,1
LYGIB3D,1,1,1,1
LYI03D5,1,1,1,1
LYMG4TJ,1,1,1,1
LYN4FVU,1,1,1,1
LYNHW61,1,1,1,1
LYNJUVA,1,1,1,1
LYNRDX0,1,1,1,1
LYQJ9F2,1,1,1,1
LYRSXHJ,1,1,1,1
LYT9QQB,1,1,1,1
LYUCQPX,1,1,1,1
LZ4IRVB,1,1,1,1
LZCCA3G,1,1,1,1
LZDWO95,1,1,1,1
LZKC2BH,1,1,1,1
LZMERUF,1,1,1,1
LZNIFDS,1,1,1,1
LZP4STV,1,1,1,1
LZRGJOU,1,1,1,1
LZRKI74,1,1,1,1
LZSNUFX,1,1,1,1
LZTZU1D,1,1,1,1
LZVKQJY,1,1,1,1
M06YLZR,1,1,1,1
M084PT3,1,1,1,1
M0E8IBM,1,1,1,1
M0ELJTV,1,1,1,1
M0EU426,1,1,1,1
M0GVNWS,1,1,1,1
M0N62DT,1,1,1,1
M0N8XTY,1,1,1,1
M0USCQW,1,1,1,1
M0VXLXL,1,1,1,1
M140REC,1,1,1,1
M14ZNL0,1,1,1,1
M1F9D2E,1,1,1,1
M1KM69Q,1,1,1,1
M1QOJBQ,1,1,1,1
M2017P6,1,1,1,1
M26YFYT,1,1,1,1
M29WYA4,1,1,1,1
M2JFAF9,1,1,1,1
M2RKVGG,1,1,1,1
M2TKSYA,1,1,1,1
M2VZECO,1,1,1,1
M2ZDTVF,1,1,1,1
M31FJ7D,1,1,1,1
M3ACGVT,1,1,1,1
M3C297D,1,1,1,1
M3DSZ0B,1,1,1,1
M3GEWIF,1,1,1,1
M3I08J1,1,1,1,1
M3J41CK,1,1,1,1
M45P0QZ,1,1,1,1
M4E3P5N,1,1,1,1
M4OITIP,1,1,1,1
M4QFL1D,1,1,1,1
M4THED2,1,1,1,1
M4WXSOB,1,1,1,1
M50WF3T,1,1,1,1
M5GB4YZ,1,1,1,1
M5OMOVM,1,1,1,1
M5QX28U,1,1,1,1
M5XPZJ1,1,1,1,1
M5YES8K,1,1,1,1
M68ONM4,1,1,1,1
M6AGS4E,1,1,1,1
M6BX9EU,1,1,1,1
M6ILPWI,1,1,1,1
M6IZ741,1,1,1,1
M6J2X1H,1,1,1,1
M6PH742,1,1,1,1
M6QLR0E,1,1,1,1
M6TM4NI,1,1,1,1
M6U50HF,1,1,1,1
M6UPDWD,1,1,1,1
M70OP04,1,1,1,1
M741VT0,1,1,1,1
M76OPXD,1,1,1,1
M79ACKB,1,1,1,1
M7A0JGW,1,1,1,1
M7IABGR,1,1,1,1
M7KDWG8,1,1,1,1
M7W3KNT,1,1,1,1
M7WWLTK,1,1,1,1
M8264PJ,1,1,1,1
M83W6W0,1,1,1,1
M89BS4K,1,1,1,1
M8F76YV,1,1,1,1
M8GSOTC,1,1,1,1
M8NYWJI,1,1,1,1
M8REBFO,1,1,1,1
M8XKS63,1,1,1,1
M8YEAWO,1,1,1,1
M95DA5E,1,1,1,1
M97PWVZ,1,1,1,1
M9C2NH9,1,1,1,1
M9CBYFP,1,1,1,1
M9F45AU,1,1,1,1
M9GOCON,1,1,1,1
M9H45RW,1,1,1,1
M9ICF0F,1,1,1,1
M9K2RBX,1,1,1,1
M9K4C1V,1,1,1,1
M9MXLTE,1,1,1,1
M9TQJKW,1,1,1,1
M9ULLRW,1,1,1,1
MA168ON,1,1,1,1
MA520VT,1,1,1,1
MA56GPQ,1,1,1,1
MA7GW3W,1,1,1,1
MABXKQ7,1,1,1,1
MACQFDL,1,1,1,1
MAGEOTG,1,1,1,1
MAIG843,1,1,1,1
MAMP9ZP,1,1,1,1
MANMQS1,1,1,1,1
MAOBEV8,1,1,1,1
MAQJTPU,1,1,1,1
MATCGUT,1,1,1,1
MAUZBP0,1,1,1,1
MAVDBKV,1,1,1,1
MAX8S20,1,1,1,1
MBFAXEP,1,1,1,1
MBJM1MA,1,1,1,1
MBN5MUS,1,1,1,1
MBRKEVF,1,1,1,1
MBVET1X,1,1,1,1
MBZDYS8,1,1,1,1
MC1JNSJ,1,1,1,1
MC8SK1U,1,1,1,1
MCAZE9U,1,1,1,1
MCDZDIP,1,1,1,1
MCFW7QV,1,1,1,1
MCHQPYT,1,1,1,1
MCKSK0U,1,1,1,1
MCMRFSC,1,1,1,1
MCNBGEK,1,1,1,1
MCODTLA,1,1,1,1
MCOJNXP,1,1,1,1
MCOVRFI,1,1,1,1
MCPQUVS,1,1,1,1
MCPTHGI,1,1,1,1
MCREENI,1,1,1,1
MCSDJQ3,1,1,1,1
MCSV1WM,1,1,1,1
MCTWUN5,1,1,1,1
MCU2WZ8,1,1,1,1
MCUEMPD,1,1,1,1
MCVL5W0,1,1,1,1
MD09NI2,1,1,1,1
MDB70WM,1,1,1,1
MDEESG9,1,1,1,1
MDFNCX7,1,1,1,1
MDH30QH,1,1,1,1
MDJBAG4,1,1,1,1
MDM6DQU,1,1,1,1
MDR2KLO,1,1,1,1
MDSIESJ,1,1,1,1
MDSPSO2,1,1,1,1
MDT9LLA,1,1,1,1
MDUARMH,1,1,1,1
MDX6PUA,1,1,1,1
ME29PNV,1,1,1,1
MEC28TN,1,1,1,1
MEENVLE,1,1,1,1
MEEOMSN,1,1,1,1
MEID4BY,1,1,1,1
MENALZF,1,1,1,1
MEQPZ2W,1,1,1,1
MET8LV0,1,1,1,1
METBJ25,1,1,1,1
METDT3K,1,1,1,1
METVRSQ,1,1,1,1
MEVERMC,1,1,1,1
MF2CZ2W,1,1,1,1
MF7BAGG,1,1,1,1
MF7R8NV,1,1,1,1
MF7WLF7,1,1,1,1
MF8KHEA,1,1,1,1
MFDPISU,1,1,1,1
MFHUVEU,1,1,1,1
MFKBSSQ,1,1,1,1
MFMVAQT,1,1,1,1
MFMWGJ0,1,1,1,1
MFNA3B0,1,1,1,1
MFOX50I,1,1,1,1
MFP9125,1,1,1,1
MFR68EY,1,1,1,1
MFT0DBU,1,1,1,1
MFTMIOT,1,1,1,1
MFTN0HH,1,1,1,1
MFUB6HJ,1,1,1,1
MFW0GLW,1,1,1,1
MG5QTK0,1,1,1,1
MG5YBON,1,1,1,1
MGA6FI7,1,1,1,1
MGBJIDH,1,1,1,1
MGBU4RJ,1,1,1,1
MGCL3FW,1,1,1,1
MGUCULT,1,1,1,1
MH22YFK,1,1,1,1
MH32TG4,1,1,1,1
MH67PQM,1,1,1,1
MHAERZM,1,1,1,1
MHFGVED,1,1,1,1
MHGEZU7,1,1,1,1
MHJQFHW,1,1,1,1
MHOQA26,1,1,1,1
MHSWOJZ,1,1,1,1
MI0SY6P,1,1,1,1
MI1GD50,1,1,1,1
MI2WPNY,1,1,1,1
MI65ZYJ,1,1,1,1
MI6BQ9R,1,1,1,1
MI7YDQ2,1,1,1,1
MI7Z5UK,1,1,1,1
MIAH3QD,1,1,1,1
MICY3KQ,1,1,1,1
MIHS2O8,1,1,1,1
MILLNAA,1,1,1,1
MIMTL7K,1,1,1,1
MIN0FGA,1,1,1,1
MINLFVA,1,1,1,1
MIPLXV5,1,1,1,1
MIPOPEF,1,1,1,1
MIVQXUQ,1,1,1,1
MIVSCNV,1,1,1,1
MIXUG7D,1,1,1,1
MJ3DVV5,1,1,1,1
MJ4N37E,1,1,1,1
MJ5PL4V,1,1,1,1
MJ5T4EV,1,1,1,1
MJ9FOG6,1,1,1,1
MJD8BS0,1,1,1,1
MJEHN94,1,1,1,1
MJHI3E2,1,1,1,1
MJIHWQA,1,1,1,1
MJJOPYX,1,1,1,1
MJKPX85,1,1,1,1
MJQRWV9,1,1,1,1
MJRSU1A,1,1,1,1
MJSZ6ND,1,1,1,1
MJTLFU4,1,1,1,1
MJUQL0W,1,1,1,1
MJXPREA,1,1,1,1
MJXZL1E,1,1,1,1
MJYZFO6,1,1,1,1
MK5I79Y,1,1,1,1
MK5RZGU,1,1,1,1
MK60GBY,1,1,1,1
MKBOPBP,1,1,1,1
MKD4EUI,1,1,1,1
MKD8LIW,1,1,1,1
MKDO79C,1,1,1,1
MKEW8Y3,1,1,1,1
MKIAYL7,1,1,1,1
MKKQLAF,1,1,1,1
MKNWYFT,1,1,1,1
MKPZLRU,1,1,1,1
MKREL3R,1,1,1,1
MKUMPTT,1,1,1,1
MKVQ74S,1,1,1,1
MKVSHIV,1,1,1,1
MKXXYPW,1,1,1,1
MKZL9H5,1,1,1,1
ML4NFSO,1,1,1,1
ML4XZEI,1,1,1,1
ML5PYXN,1,1,1,1
ML7KXZV,1,1,1,1
ML7UOXU,1,1,1,1
MLBR349,1,1,1,1
MLD9XVE,1,1,1,1
MLFKJUH,1,1,1,1
MLGSAET,1,1,1,1
MLMEYIA,1,1,1,1
MLO0LBW,1,1,1,1
MLO7Q30,1,1,1,1
MLOG65U,1,1,1,1
MLP5HVZ,1,1,1,1
MLPDK0M,1,1,1,1
MLPEIDX,1,1,1,1
MLTF5JI,1,1,1,1
MLUHJV9,1,1,1,1
MLXF6TD,1,1,1,1
MLY3STN,1,1,1,1
MLYACOL,1,1,1,1
MMCVYGY,1,1,1,1
MMDQXEG,1,1,1,1
MMOOOSH,1,1,1,1
MMSBLVU,1,1,1,1
MMSLMIV,1,1,1,1
MMUYSZQ,1,1,1,1
MMWWHXU,1,1,1,1
MMXQ7MV,1,1,1,1
MMZBBQW,1,1,1,1
MMZVRKC,1,1,1,1
MN2XE4D,1,1,1,1
MN57ZLD,1,1,1,1
MNCFTIM,1,1,1,1
MNDRW7Q,1,1,1,1
MNQYNHZ,1,1,1,1
MNR8ROF,1,1,1,1
MNRR3QJ,1,1,1,1
MNT6C15,1,1,1,1
MNW8OH9,1,1,1,1
MNW8YF0,1,1,1,1
MNWIE8H,1,1,1,1
MNZDTGH,1,1,1,1
MO18CS3,1,1,1,1
MO8ZNZY,1,1,1,1
MOAPVYP,1,1,1,1
MOBYHOA,1,1,1,1
MOD4N03,1,1,1,1
MOGUKMC,1,1,1,1
MOH4EFR,1,1,1,1
MOIKQDD,1,1,1,1
MOL5KAS,1,1,1,1
MOLTA85,1,1,1,1
MOPIQ5G,1,1,1,1
MOTHGX9,1,1,1,1
MOUFDDD,1,1,1,1
MOXAMCI,1,1,1,1
MOYGTY4,1,1,1,1
MP64GNH,1,1,1,1
MPCU29K,1,1,1,1
MPHDLGI,1,1,1,1
MPHVBXE,1,1,1,1
MPJYVZH,1,1,1,1
MPLSTGA,1,1,1,1
MPN2IWN,1,1,1,1
MPQKIR4,1,1,1,1
MPSJY2P,1,1,1,1
MPW6ALI,1,1,1,1
MPXSTS9,1,1,1,1
MPZIOG7,1,1,1,1
MQ0CC4X,1,1,1,1
MQ2PEXD,1,1,1,1
MQ5ZZKT,1,1,1,1
MQCI97R,1,1,1,1
MQGTKHQ,1,1,1,1
MQJ3VV2,1,1,1,1
MQJ6ZBK,1,1,1,1
MQOEYIA,1,1,1,1
MQQZ00D,1,1,1,1
MQXYDMX,1,1,1,1
MQYDSKK,1,1,1,1
MQZ61JO,1,1,1,1
MR0XZNB,1,1,1,1
MR54YHU,1,1,1,1
MR5P0BY,1,1,1,1
MR8XPBS,1,1,1,1
MRGEHOS,1,1,1,1
MRGJTK4,1,1,1,1
MRJ4PTI,1,1,1,1
MRLTYUY,1,1,1,1
MRLYDA0,1,1,1,1
MRM9U86,1,1,1,1
MRN7VLH,1,1,1,1
MROLFYA,1,1,1,1
MRPKBRL,1,1,1,1
MRUMKLO,1,1,1,1
MRUOI5G,1,1,1,1
MS1K8XY,1,1,1,1
MS2WKAL,1,1,1,1
MS4UVXL,1,1,1,1
MS51PRF,1,1,1,1
MS8NCO4,1,1,1,1
MSAGVA9,1,1,1,1
MSEBETW,1,1,1,1
MSEQLLW,1,1,1,1
MSJ8LWZ,1,1,1,1
MSPGN4B,1,1,1,1
MSPRELZ,1,1,1,1
MSPTJIP,1,1,1,1
MSV1L5B,1,1,1,1
MSVPCAD,1,1,1,1
MSWNW8G,1,1,1,1
MT9SFL8,1,1,1,1
MTBMPLP,1,1,1,1
MTFSRXZ,1,1,1,1
MTHOGX8,1,1,1,1
MTI2JFH,1,1,1,1
MTJPKY6,1,1,1,1
MTNLZUG,1,1,1,1
MTSEKB3,1,1,1,1
MTUHYJJ,1,1,1,1
MTWM71K,1,1,1,1
MTX1OKA,1,1,1,1
MU7M9OW,1,1,1,1
MUE02GC,1,1,1,1
MUFHILO,1,1,1,1
MUGE9QC,1,1,1,1
MUGQ4CD,1,1,1,1
MUIX0EF,1,1,1,1
MUJBIIZ,1,1,1,1
MUOSNLW,1,1,1,1
MUPQCFP,1,1,1,1
MUQXDT0,1,1,1,1
MURMFQB,1,1,1,1
MUTS4FH,1,1,1,1
MUUJBPU,1,1,1,1
MUWYNP0,1,1,1,1
MUX1PKA,1,1,1,1
MUXX8IT,1,1,1,1
MV1NY0K,1,1,1,1
MVB2N6L,1,1,1,1
MVD2VJT,1,1,1,1
MVEKHSU,1,1,1,1
MVGJJ9T,1,1,1,1
MVNP4YI,1,1,1,1
MVPX835,1,1,1,1
MVQ46E5,1,1,1,1
MVQFCW9,1,1,1,1
MVX5OD4,1,1,1,1
MVXJLUE,1,1,1,1
MW4IE3I,1,1,1,1
MW5QGAI,1,1,1,1
MWAGEYX,1,1,1,1
MWCIOHA,1,1,1,1
MWDRMJ4,1,1,1,1
MWF2HNL,1,1,1,1
MWFPPIA,1,1,1,1
MWJ36BY,1,1,1,1
MWS9JP7,1,1,1,1
MWTUGYI,1,1,1,1
MWUBARB,1,1,1,1
MWV8AGB,1,1,1,1
MWXBPJN,1,1,1,1
MX3KRQH,1,1,1,1
MX4SPC1,1,1,1,1
MX5AWB4,1,1,1,1
MXB7S6W,1,1,1,1
MXCHPY1,1,1,1,1
MXDHVX0,1,1,1,1
MXGZ4HW,1,1,1,1
MXNTRW6,1,1,1,1
MXOZDLW,1,1,1,1
MXQAR03,1,1,1,1
MXV4ATY,1,1,1,1
MXWLCPP,1,1,1,1
MXZ6ETE,1,1,1,1
MXZUCV3,1,1,1,1
MY0DOY7,1,1,1,1
MY3RW0D,1,1,1,1
MY5B9X3,1,1,1,1
MY8CTOY,1,1,1,1
MY96E2W,1,1,1,1
MY9SLJ6,1,1,1,1
MYE0HRO,1,1,1,1
MYHBSRL,1,1,1,1
MYMVRU8,1,1,1,1
MYPEKF2,1,1,1,1
MYSIIJ9,1,1,1,1
MYWSPRQ,1,1,1,1
MZ3PBV4,1,1,1,1
MZ3R1YZ,1,1,1,1
MZAWLBM,1,1,1,1
MZCVQMQ,1,1,1,1
MZDESBH,1,1,1,1
MZEGAQW,1,1,1,1
MZF3U6L,1,1,1,1
MZGPRMN,1,1,1,1
MZIYEKS,1,1,1,1
MZPXSTU,1,1,1,1
MZS8HFH,1,1,1,1
MZUBBA3,1,1,1,1
MZVJVOG,1,1,1,1
N0AXUU2,1,1,1,1
N0HU6GH,1,1,1,1
N0IHPFG,1,1,1,1
N0JOLUY,1,1,1,1
N0RP9ZL,1,1,1,1
N0RWR5I,1,1,1,1
N0WVSNB,1,1,1,1
N11WURX,1,1,1,1
N12SQA3,1,1,1,1
N13EFBN,1,1,1,1
N1592VY,1,1,1,1
N189DX0,1,1,1,1
N1AHEYQ,1,1,1,1
N1BCYLZ,1,1,1,1
N1CY5VF,1,1,1,1
N1D8RR6,1,1,1,1
N1ETK1J,1,1,1,1
N1H54YF,1,1,1,1
N1K34OX,1,1,1,1
N1MTUGC,1,1,1,1
N1NMN6U,1,1,1,1
N1VA1XL,1,1,1,1
N1ZZY84,1,1,1,1
N27G36X,1,1,1,1
N2FXTNP,1,1,1,1
N2GPLT9,1,1,1,1
N2GUTZB,1,1,1,1
N2KEAFL,1,1,1,1
N2KF38Y,1,1,1,1
N2L3ZFS,1,1,1,1
N2OFV52,1,1,1,1
N2QDGJJ,1,1,1,1
N2RBO98,1,1,1,1
N2TERD4,1,1,1,1
N2VGOBU,1,1,1,1
N38QJYA,1,1,1,1
N3DAU9F,1,1,1,1
N3JVQW6,1,1,1,1
N3YOAIP,1,1,1,1
N429OMA,1,1,1,1
N47GFBJ,1,1,1,1
N4BFQOU,1,1,1,1
N4EPB8D,1,1,1,1
N4EYKEQ,1,1,1,1
N4FZBNT,1,1,1,1
N4HR4Y8,1,1,1,1
N4UV17G,1,1,1,1
N4ZP8TP,1,1,1,1
N4ZYDCG,1,1,1,1
N51N7F1,1,1,1,1
N58640L,1,1,1,1
N5AEBUN,1,1,1,1
N5FBH2Y,1,1,1,1
N5KGSOV,1,1,1,1
N5KK7BD,1,1,1,1
N5L2PZ0,1,1,1,1
N5MTFJG,1,1,1,1
N5P08Q6,1,1,1,1
N5W947O,1,1,1,1
N609LO8,1,1,1,1
N66SHW7,1,1,1,1
N68LN26,1,1,1,1
N6HVYMS,1,1,1,1
N6IX113,1,1,1,1
N6JKNCH,1,1,1,1
N6MH8F5,1,1,1,1
N6QCCIT,1,1,1,1
N6R5PD9,1,1,1,1
N6TKYH3,1,1,1,1
N6Y2FXS,1,1,1,1
N74EZG1,1,1,1,1
N74U9RA,1,1,1,1
N7GSLY1,1,1,1,1
N7H9J65,1,1,1,1
N7IM6DJ,1,1,1,1
N7MAIQK,1,1,1,1
N7N4EQD,1,1,1,1
N7PLH79,1,1,1,1
N7RO3FT,1,1,1,1
N7WFZ25,1,1,1,1
N7WXPJ9,1,1,1,1
N7ZKRVX,1,1,1,1
N80324V,1,1,1,1
N83S79W,1,1,1,1
N84OUM5,1,1,1,1
N89HX6D,1,1,1,1
N8AKUEV,1,1,1,1
N8D4K1Z,1,1,1,1
N8NT0J8,1,1,1,1
N8QNTBE,1,1,1,1
N8R0PAF,1,1,1,1
N8RLBAC,1,1,1,1
N8SJ9KW,1,1,1,1
N8UC7V3,1,1,1,1
N8UIMBF,1,1,1,1
N9082D7,1,1,1,1
N91673B,1,1,1,1
N9ANLGD,1,1,1,1
N9L3S2B,1,1,1,1
N9MW1DF,1,1,1,1
N9P0BPY,1,1,1,1
N9VLE4S,1,1,1,1
NAAHQWF,1,1,1,1
NACHE03,1,1,1,1
NACVCBK,1,1,1,1
NADLWHZ,1,1,1,1
NAEJPCQ,1,1,1,1
NAUZROM,1,1,1,1
NAVNOOI,1,1,1,1
NAXIP7Q,1,1,1,1
NAYIXZQ,1,1,1,1
NAYJVK0,1,1,1,1
NAZ2UGJ,1,1,1,1
NB7JAOK,1,1,1,1
NB7OPIB,1,1,1,1
NBAIB9A,1,1,1,1
NBAO1MN,1,1,1,1
NBHSMXO,1,1,1,1
NBJ7B0Y,1,1,1,1
NBK9EOL,1,1,1,1
NBL5YAN,1,1,1,1
NBMK7XI,1,1,1,1
NBOSKEW,1,1,1,1
NBQTQYI,1,1,1,1
NBS2LQ3,1,1,1,1
NBSWQNB,1,1,1,1
NBTLDUX,1,1,1,1
NBTMXL5,1,1,1,1
NBU4VUT,1,1,1,1
NBVSRKD,1,1,1,1
NBYJJJE,1,1,1,1
NC07AFW,1,1,1,1
NCBP9IE,1,1,1,1
NCEVC4K,1,1,1,1
NCGGBVP,1,1,1,1
NCI1E6O,1,1,1,1
NCJFIWJ,1,1,1,1
NCJMBKE,1,1,1,1
NCMTWCQ,1,1,1,1
NCP4FRQ,1,1,1,1
NCPJIAL,1,1,1,1
NCTRHIJ,1,1,1,1
NCUIEHV,1,1,1,1
NCVGWFO,1,1,1,1
NCZTHFE,1,1,1,1
ND26SK7,1,1,1,1
ND3XCAG,1,1,1,1
ND5XMG3,1,1,1,1
ND81MSJ,1,1,1,1
NDE5SES,1,1,1,1
NDEA0DD,1,1,1,1
NDEIVML,1,1,1,1
NDHSPUY,1,1,1,1
NDJISNM,1,1,1,1
NDOEURN,1,1,1,1
NDOWX24,1,1,1,1
NDQH79T,1,1,1,1
NDTZX9A,1,1,1,1
NDVR6BX,1,1,1,1
NDXTN4N,1,1,1,1
NDZEIS7,1,1,1,1
NDZWUU1,1,1,1,1
NE03DHP,1,1,1,1
NE4Y6PB,1,1,1,1
NE7YVR8,1,1,1,1
NE8U35H,1,1,1,1
NEEUUTC,1,1,1,1
NEG4P36,1,1,1,1
NEGAJYX,1,1,1,1
NEHDIMO,1,1,1,1
NEJLWNP,1,1,1,1
NEPLH68,1,1,1,1
NEQM3M4,1,1,1,1
NERCFKB,1,1,1,1
NERORKV,1,1,1,1
NERWB29,1,1,1,1
NEUCSLX,1,1,1,1
NEURCHS,1,1,1,1
NEZ2NF4,1,1,1,1
NEZL9UU,1,1,1,1
NF3LTMI,1,1,1,1
NF4L1BX,1,1,1,1
NF5D29M,1,1,1,1
NF6V47S,1,1,1,1
NFF3B6W,1,1,1,1
NFG4OBP,1,1,1,1
NFG5BAI,1,1,1,1
NFHZV44,1,1,1,1
NFJFQ2P,1,1,1,1
NFKMHSL,1,1,1,1
NFUU5GR,1,1,1,1
NFVJGUB,1,1,1,1
NFW4TP6,1,1,1,1
NFYYALR,1,1,1,1
NG2XHRL,1,1,1,1
NG38GIL,1,1,1,1
NG5F6IH,1,1,1,1
NG7PPNN,1,1,1,1
NGBMEIX,1,1,1,1
NGBSRBI,1,1,1,1
NGDHN7C,1,1,1,1
NGDWHMT,1,1,1,1
NGGTLPW,1,1,1,1
NGGYC8Z,1,1,1,1
NGIGAMN,1,1,1,1
NGN3KUJ,1,1,1,1
NGRGILC,1,1,1,1
NGRZMU9,1,1,1,1
NGY87GO,1,1,1,1
NH3MM2P,1,1,1,1
NH5U8UY,1,1,1,1
NH65AD4,1,1,1,1
NHBPA13,1,1,1,1
NHFASKI,1,1,1,1
NHFJCKM,1,1,1,1
NHMUNBC,1,1,1,1
NHMYBFK,1,1,1,1
NHPSHXW,1,1,1,1
NHRMV80,1,1,1,1
NI3NV6M,1,1,1,1
NI8BSEK,1,1,1,1
NI9J75U,1,1,1,1
NIELA7L,1,1,1,1
NIFI6OX,1,1,1,1
NIGLGZX,1,1,1,1
NIIPXXJ,1,1,1,1
NIMCGVN,1,1,1,1
NIQWMWJ,1,1,1,1
NJ3LUQP,1,1,1,1
NJC3UPE,1,1,1,1
NJCHFB2,1,1,1,1
NJOWNOC,1,1,1,1
NJS20OQ,1,1,1,1
NJSXK6W,1,1,1,1
NJWYBZY,1,1,1,1
NK05XJM,1,1,1,1
NK415XC,1,1,1,1
NK4LQGX,1,1,1,1
NK4PY1P,1,1,1,1
NKBBGUB,1,1,1,1
NKDLI9K,1,1,1,1
NKGFXTL,1,1,1,1
NKITDV1,1,1,1,1
NKJOCIK,1,1,1,1
NKMP7A1,1,1,1,1
NKO0SQR,1,1,1,1
NKQULT6,1,1,1,1
NKVIMVA,1,1,1,1
NKVXMXO,1,1,1,1
NKYEN8W,1,1,1,1
NL2KUVI,1,1,1,1
NL2PHLW,1,1,1,1
NL3BRY4,1,1,1,1
NLBUD7X,1,1,1,1
NLF5A13,1,1,1,1
NLGGMNB,1,1,1,1
NLJHYZ2,1,1,1,1
NLJSLON,1,1,1,1
NLKFLFC,1,1,1,1
NLOEEEK,1,1,1,1
NLPKEOS,1,1,1,1
NLRM17I,1,1,1,1
NLTDGA0,1,1,1,1
NLTZYCK,1,1,1,1
NLXG4M0,1,1,1,1
NLZNH2Q,1,1,1,1
NM1UAIZ,1,1,1,1
NM5U5RL,1,1,1,1
NM63S57,1,1,1,1
NM7YIOK,1,1,1,1
NM94QGR,1,1,1,1
NMA16CB,1,1,1,1
NMCN9DH,1,1,1,1
NMCSEQJ,1,1,1,1
NMCYT9K,1,1,1,1
NMFI5HY,1,1,1,1
NMGPI03,1,1,1,1
NMMULUZ,1,1,1,1
NMQGSTG,1,1,1,1
NN2I3CE,1,1,1,1
NNBVLP9,1,1,1,1
NNEIJ3J,1,1,1,1
NNLYRHK,1,1,1,1
NNMJH2O,1,1,1,1
NNNS3OQ,1,1,1,1
NNQRDHR,1,1,1,1
NO5QJX0,1,1,1,1
NO8EJI4,1,1,1,1
NOCQFZH,1,1,1,1
NODA376,1,1,1,1
NOHYV1W,1,1,1,1
NOI23NH,1,1,1,1
NOKWZQE,1,1,1,1
NOL12KM,1,1,1,1
NOLGTFS,1,1,1,1
NORUTFO,1,1,1,1
NOTRWNQ,1,1,1,1
NOTZFCH,1,1,1,1
NOWFAHJ,1,1,1,1
NOXQW9T,1,1,1,1
NP4EHFZ,1,1,1,1
NP9K2HK,1,1,1,1
NP9V4IE,1,1,1,1
NPBD6XI,1,1,1,1
NPMSNSP,1,1,1,1
NPQ8DFV,1,1,1,1
NPT8PIY,1,1,1,1
NPXF7ZB,1,1,1,1
NPYBMLQ,1,1,1,1
NPZGATC,1,1,1,1
NQ0PX3F,1,1,1,1
NQ1U71G,1,1,1,1
NQ3JUMU,1,1,1,1
NQ6BSRO,1,1,1,1
NQ8KOM1,1,1,1,1
NQDA4XA,1,1,1,1
NQHLXDS,1,1,1,1
NQK1TIA,1,1,1,1
NQKVVAB,1,1,1,1
NQUZDY5,1,1,1,1
NQVHGMF,1,1,1,1
NQVQT1Q,1,1,1,1
NR05YH3,1,1,1,1
NR2XJOR,1,1,1,1
NR6EG71,1,1,1,1
NR8V7E3,1,1,1,1
NRCIFZL,1,1,1,1
NRFIDGJ,1,1,1,1
NRG0A8J,1,1,1,1
NRH52WI,1,1,1,1
NRLYDQV,1,1,1,1
NRPHYD2,1,1,1,1
NRPVAMP,1,1,1,1
NRPYZO5,1,1,1,1
NRT5AD7,1,1,1,1
NRVHD32,1,1,1,1
NRVJ05F,1,1,1,1
NRXUJFQ,1,1,1,1
NRZVGPO,1,1,1,1
NS2JJ9E,1,1,1,1
NS3PJRI,1,1,1,1
NS6XQDH,1,1,1,1
NS7FV2G,1,1,1,1
NSBLXLS,1,1,1,1
NSCVI0V,1,1,1,1
NSGDC0Q,1,1,1,1
NSHHIAH,1,1,1,1
NSQ2XGF,1,1,1,1
NSVIRYC,1,1,1,1
NT02851,1,1,1,1
NT7G3K8,1,1,1,1
NT7ZXJ0,1,1,1,1
NTB7SAS,1,1,1,1
NTEXB2J,1,1,1,1
NTEZWRA,1,1,1,1
NTGMXUV,1,1,1,1
NTKM4FV,1,1,1,1
NTLBSH4,1,1,1,1
NTLJBGU,1,1,1,1
NTOEAUE,1,1,1,1
NTR5CVI,1,1,1,1
NTULY5W,1,1,1,1
NTUONIP,1,1,1,1
NTWBPPF,1,1,1,1
NTXGRNA,1,1,1,1
NU0QSFT,1,1,1,1
NU2E0F4,1,1,1,1
NU8PJCK,1,1,1,1
NU8XC5E,1,1,1,1
NUAQJP5,1,1,1,1
NUC0U0Z,1,1,1,1
NUCUGHR,1,1,1,1
NUCXJSP,1,1,1,1
NUE3I9H,1,1,1,1
NUHF0MB,1,1,1,1
NUHXOTC,1,1,1,1
NUKM8HJ,1,1,1,1
NUKSSVY,1,1,1,1
NUO24L7,1,1,1,1
NUQ7JDE,1,1,1,1
NUSVPPJ,1,1,1,1
NUTUJVS,1,1,1,1
NV3BVRK,1,1,1,1
NV3CSGY,1,1,1,1
NV4PY7O,1,1,1,1
NV6KCLO,1,1,1,1
NV9MABU,1,1,1,1
NV9Z2IA,1,1,1,1
NVCWONI,1,1,1,1
NVGEXNM,1,1,1,1
NVIL2RF,1,1,1,1
NVJG4FY,1,1,1,1
NVL1HPT,1,1,1,1
NVOBJXR,1,1,1,1
NVXLHQF,1,1,1,1
NVY4PBV,1,1,1,1
NW4ES7Y,1,1,1,1
NW9RRFX,1,1,1,1
NWCHLI0,1,1,1,1
NWERGLQ,1,1,1,1
NWFHL8U,1,1,1,1
NWGUOIM,1,1,1,1
NWLMCXQ,1,1,1,1
NWM180P,1,1,1,1
NWRVZ8L,1,1,1,1
NWURT41,1,1,1,1
NWX4DA9,1,1,1,1
NWYQYBR,1,1,1,1
NWZHFRC,1,1,1,1
NWZSPDS,1,1,1,1
NX2IOCU,1,1,1,1
NX3FOAS,1,1,1,1
NXAKTBR,1,1,1,1
NXCCHRG,1,1,1,1
NXE0JP1,1,1,1,1
NXEKABK,1,1,1,1
NXEVWHE,1,1,1,1
NXFKXOJ,1,1,1,1
NXHNAV7,1,1,1,1
NXJ13Y9,1,1,1,1
NXMSDI1,1,1,1,1
NXNI7BB,1,1,1,1
NXV29RH,1,1,1,1
NXYLQCE,1,1,1,1
NXZQUKR,1,1,1,1
NY1FFKA,1,1,1,1
NY1LDSR,1,1,1,1
NY2GPSL,1,1,1,1
NY70821,1,1,1,1
NY7EQQG,1,1,1,1
NY9ZTK6,1,1,1,1
NYDH1R2,1,1,1,1
NYEC8SO,1,1,1,1
NYGJCEQ,1,1,1,1
NYNFD3N,1,1,1,1
NYRD5LW,1,1,1,1
NYSNQKB,1,1,1,1
NYT1T34,1,1,1,1
NYTHA8T,1,1,1,1
NYVSE6K,1,1,1,1
NYYXVON,1,1,1,1
NYZKP4M,1,1,1,1
NZ14U6I,1,1,1,1
NZ22UVY,1,1,1,1
NZ38L7F,1,1,1,1
NZ6K6U7,1,1,1,1
NZ7BG5Q,1,1,1,1
NZ94F0U,1,1,1,1
NZBX6LR,1,1,1,1
NZUCV5B,1,1,1,1
NZVOOJ4,1,1,1,1
O00PYQA,1,1,1,1
O03BI7D,1,1,1,1
O04V9AI,1,1,1,1
O07EPWU,1,1,1,1
O08JXTR,1,1,1,1
O0FNM17,1,1,1,1
O0HRJGN,1,1,1,1
O0J64S7,1,1,1,1
O0KQAEQ,1,1,1,1
O0L6U2X,1,1,1,1
O0Q8T65,1,1,1,1
O0QSCXE,1,1,1,1
O0R89K9,1,1,1,1
O0UFLTL,1,1,1,1
O13JXIG,1,1,1,1
O174RCT,1,1,1,1
O179F8L,1,1,1,1
O1AVEPP,1,1,1,1
O1EMU28,1,1,1,1
O1H5TJS,1,1,1,1
O1ICNFP,1,1,1,1
O1JDY7C,1,1,1,1
O1LGKQM,1,1,1,1
O1RFHOI,1,1,1,1
O1VGCGV,1,1,1,1
O1WZGCP,1,1,1,1
O2BZ0VC,1,1,1,1
O2EON0P,1,1,1,1
O2EYVUA,1,1,1,1
O2J1TPK,1,1,1,1
O2JK1MG,1,1,1,1
O2JQVME,1,1,1,1
O2K0AZW,1,1,1,1
O2LCT7S,1,1,1,1
O2M4865,1,1,1,1
O2UEW1M,1,1,1,1
O2ZHSVE,1,1,1,1
O30MU8T,1,1,1,1
O34VNLX,1,1,1,1
O3DKWX2,1,1,1,1
O3E1LZ8,1,1,1,1
O3G42K0,1,1,1,1
O3I8WZV,1,1,1,1
O3LEJ7U,1,1,1,1
O3LQMF2,1,1,1,1
O3NWTF3,1,1,1,1
O3WQDBD,1,1,1,1
O41PENV,1,1,1,1
O4ECQ6H,1,1,1,1
O4F7IHP,1,1,1,1
O4FI0M2,1,1,1,1
O4HKMFP,1,1,1,1
O4JB9UU,1,1,1,1
O4JI59F,1,1,1,1
O4JSSIL,1,1,1,1
O4RIXA9,1,1,1,1
O4RIYNS,1,1,1,1
O4RM1UH,1,1,1,1
O4S4A2T,1,1,1,1
O4ZQ3UT,1,1,1,1
O59GPM0,1,1,1,1
O5H28A7,1,1,1,1
O5LGE72,1,1,1,1
O5M1ZSR,1,1,1,1
O5NHMX1,1,1,1,1
O5OATZI,1,1,1,1
O5QC8G1,1,1,1,1
O5SBZMJ,1,1,1,1
O5TMF1I,1,1,1,1
O5UMGFV,1,1,1,1
O5WKAQI,1,1,1,1
O609B5E,1,1,1,1
O64AYZP,1,1,1,1
O6AVMSN,1,1,1,1
O6HFQYF,1,1,1,1
O6HS1C8,1,1,1,1
O6MQHG5,1,1,1,1
O6MY0XZ,1,1,1,1
O6NUC4B,1,1,1,1
O6RTTWI,1,1,1,1
O6TJ9RA,1,1,1,1
O73D6V1,1,1,1,1
O73E4RP,1,1,1,1
O7C94W6,1,1,1,1
O7EAJNH,1,1,1,1
O7GS4AX,1,1,1,1
O7IQ1DP,1,1,1,1
O7JSM8Q,1,1,1,1
O7QUWFR,1,1,1,1
O7SB5EA,1,1,1,1
O7SFLV2,1,1,1,1
O83VNTI,1,1,1,1
O85M9QF,1,1,1,1
O88T1K1,1,1,1,1
O8CMQC1,1,1,1,1
O8F162U,1,1,1,1
O8GDNKX,1,1,1,1
O8HGRXA,1,1,1,1
O8LQ7H1,1,1,1,1
O8NJQTJ,1,1,1,1
O8RP7EX,1,1,1,1
O8V1WR9,1,1,1,1
O8WA6M4,1,1,1,1
O93C9WB,1,1,1,1
O94IGFH,1,1,1,1
O9B566W,1,1,1,1
O9CXQRS,1,1,1,1
O9DGDOA,1,1,1,1
O9PGWBT,1,1,1,1
O9U03WJ,1,1,1,1
O9WXXIN,1,1,1,1
OA7RTZ1,1,1,1,1
OA8WCVX,1,1,1,1
OA9FLT7,1,1,1,1
OAA8OHF,1,1,1,1
OABK6I1,1,1,1,1
OAC76TV,1,1,1,1
OACIXHU,1,1,1,1
OAF2P8E,1,1,1,1
OAFA0KC,1,1,1,1
OAFEPC3,1,1,1,1
OAG8DDG,1,1,1,1
OAGXB2V,1,1,1,1
OAMAPWD,1,1,1,1
OARE794,1,1,1,1
OATLSR8,1,1,1,1
OAVD55I,1,1,1,1
OB25ZQT,1,1,1,1
OB3N0TK,1,1,1,1
OB8D57T,1,1,1,1
OB8G3IW,1,1,1,1
OBDSUAQ,1,1,1,1
OBHA9ZK,1,1,1,1
OBIGIHM,1,1,1,1
OBKCMGE,1,1,1,1
OBNCRYO,1,1,1,1
OBSBMGV,1,1,1,1
OBSG8VJ,1,1,1,1
OBSU0J8,1,1,1,1
OBTDO7C,1,1,1,1
OBWN2SL,1,1,1,1
OBYMWD3,1,1,1,1
OC2ME16,1,1,1,1
OC7ADQD,1,1,1,1
OCD35GX,1,1,1,1
OCEYYXE,1,1,1,1
OCGI9JD,1,1,1,1
OCL0CSZ,1,1,1,1
OCLSDKJ,1,1,1,1
OCQXPL0,1,1,1,1
OCR5JM9,1,1,1,1
OCS2KI8,1,1,1,1
OCTHXAU,1,1,1,1
OCYYED3,1,1,1,1
OCYZUPZ,1,1,1,1
OCZOSUT,1,1,1,1
OD27D5U,1,1,1,1
OD3HIOG,1,1,1,1
OD8C9XJ,1,1,1,1
ODDNR4Q,1,1,1,1
ODF6VJ4,1,1,1,1
ODFOPFC,1,1,1,1
ODTM76O,1,1,1,1
ODWIEB7,1,1,1,1
ODX7NYU,1,1,1,1
ODYZUC8,1,1,1,1
OE0YQQE,1,1,1,1
OE8KHXK,1,1,1,1
OEALBNH,1,1,1,1
OEBEADY,1,1,1,1
OEC5TP8,1,1,1,1
OECA0IG,1,1,1,1
OED4CR2,1,1,1,1
OEDKSMM,1,1,1,1
OEF7S18,1,1,1,1
OEGU2RT,1,1,1,1
OEKYSQJ,1,1,1,1
OENCWJ0,1,1,1,1
OENWCA7,1,1,1,1
OEP58IT,1,1,1,1
OEP6URD,1,1,1,1
OEQP4QY,1,1,1,1
OESIGFK,1,1,1,1
OET3J07,1,1,1,1
OEUZYIY,1,1,1,1
OF72BCN,1,1,1,1
OF7UD5V,1,1,1,1
OFDGWIW,1,1,1,1
OFDLPYE,1,1,1,1
OFG6QGZ,1,1,1,1
OFGCMLN,1,1,1,1
OFKCG2A,1,1,1,1
OFNMSAD,1,1,1,1
OFXIEIV,1,1,1,1
OG4CD6L,1,1,1,1
OG56YIC,1,1,1,1
OG59NEP,1,1,1,1
OG96GRG,1,1,1,1
OG9YGW3,1,1,1,1
OGCE8CS,1,1,1,1
OGF3QVW,1,1,1,1
OGFG62L,1,1,1,1
OGFXZSZ,1,1,1,1
OGI81R9,1,1,1,1
OGICM6M,1,1,1,1
OGIN8BZ,1,1,1,1
OGKOFLA,1,1,1,1
OGTWBHR,1,1,1,1
OGXF6H4,1,1,1,1
OH0L6H4,1,1,1,1
OH21AL8,1,1,1,1
OH2JBRC,1,1,1,1
OH68YTW,1,1,1,1
OH7R9TK,1,1,1,1
OHBNS57,1,1,1,1
OHG2Q4M,1,1,1,1
OHGC0SY,1,1,1,1
OHGN2B6,1,1,1,1
OHJ0MDS,1,1,1,1
OHJ0OIT,1,1,1,1
OHM9VBG,1,1,1,1
OHMJQSN,1,1,1,1
OHMQBPC,1,1,1,1
OHNQ4IZ,1,1,1,1
OHRGPXX,1,1,1,1
OHRUYZJ,1,1,1,1
OHYTRX7,1,1,1,1
OI1X6PZ,1,1,1,1
OI3OOWY,1,1,1,1
OIACTB7,1,1,1,1
OIDWKZR,1,1,1,1
OIFW40P,1,1,1,1
OIGXFR8,1,1,1,1
OILYA9D,1,1,1,1
OIMPSVT,1,1,1,1
OINCYIS,1,1,1,1
OIPKVDM,1,1,1,1
OIZARP3,1,1,1,1
OJ025MA,1,1,1,1
OJ5NPOF,1,1,1,1
OJAHKK0,1,1,1,1
OJE0Q7P,1,1,1,1
OJLEWF7,1,1,1,1
OJOSZI6,1,1,1,1
OJUT9YW,1,1,1,1
OJVGR2N,1,1,1,1
OJXG0JQ,1,1,1,1
OJZQY7P,1,1,1,1
OK2GZ60,1,1,1,1
OK65FKT,1,1,1,1
OKAX0HM,1,1,1,1
OKBQZRK,1,1,1,1
OKCL6VG,1,1,1,1
OKGCC2K,1,1,1,1
OKGMVSF,1,1,1,1
OKGOFWS,1,1,1,1
OKLRFTW,1,1,1,1
OKNEWWN,1,1,1,1
OKNWT2R,1,1,1,1
OKPBEA8,1,1,1,1
OKSG5JM,1,1,1,1
OKUMS4Y,1,1,1,1
OL0FRB8,1,1,1,1
OL5JIWF,1,1,1,1
OL9Z2LY,1,1,1,1
OLD94BC,1,1,1,1
OLDAEHB,1,1,1,1
OLDBP2F,1,1,1,1
OLEOPYQ,1,1,1,1
OLGRIYA,1,1,1,1
OLPGDRF,1,1,1,1
OLPXSHR,1,1,1,1
OLR29H8,1,1,1,1
OLTJ4AZ,1,1,1,1
OLTJOOJ,1,1,1,1
OLTX08J,1,1,1,1
OLX2D2E,1,1,1,1
OLYHQRM,1,1,1,1
OM4COLD,1,1,1,1
OMA3TFT,1,1,1,1
OMB5CDT,1,1,1,1
OMF5JH5,1,1,1,1
OMH6DXI,1,1,1,1
OMHUTKH,1,1,1,1
OMJGULM,1,1,1,1
OMMVEQZ,1,1,1,1
OMNQUL3,1,1,1,1
OMRS79B,1,1,1,1
OMRUB7I,1,1,1,1
OMUBOFZ,1,1,1,1
OMVFMG1,1,1,1,1
OMXPJYA,1,1,1,1
ON13EUB,1,1,1,1
ON4A1QY,1,1,1,1
ONA49WY,1,1,1,1
ONBQGXS,1,1,1,1
ONBX91M,1,1,1,1
ONDR2YS,1,1,1,1
ONEVA21,1,1,1,1
ONF0F2W,1,1,1,1
ONHKTSN,1,1,1,1
ONJ1XL7,1,1,1,1
ONJF0YZ,1,1,1,1
ONMPFBE,1,1,1,1
ONOWUUT,1,1,1,1
ONS2XAH,1,1,1,1
ONTMV7O,1,1,1,1
ONZ76IC,1,1,1,1
OO3XFBO,1,1,1,1
OO57AH0,1,1,1,1
OOEEH0G,1,1,1,1
OOFOBDU,1,1,1,1
OOQJBJQ,1,1,1,1
OP336S4,1,1,1,1
OPI13D9,1,1,1,1
OPIL8G0,1,1,1,1
OPIXNSZ,1,1,1,1
OPMUWK1,1,1,1,1
OPP0X95,1,1,1,1
OPTISWN,1,1,1,1
OQ2DKSU,1,1,1,1
OQ7QLOZ,1,1,1,1
OQ8D3UA,1,1,1,1
OQBEF0V,1,1,1,1
OQDUHW2,1,1,1,1
OQGNL87,1,1,1,1
OQMLSKV,1,1,1,1
OQP6NLN,1,1,1,1
OQQ4WRX,1,1,1,1
OQWLY6F,1,1,1,1
OQXBCEF,1,1,1,1
OQYAKZ9,1,1,1,1
OR1CDJQ,1,1,1,1
OR1L0D5,1,1,1,1
OR94KLF,1,1,1,1
ORE4X5N,1,1,1,1
OREUGEA,1,1,1,1
ORHNG52,1,1,1,1
ORJ7PC0,1,1,1,1
ORJBTEF,1,1,1,1
ORM8S92,1,1,1,1
ORMIFHK,1,1,1,1
ORNQM56,1,1,1,1
ORSMHWA,1,1,1,1
ORTCD8I,1,1,1,1
ORX2BMF,1,1,1,1
ORXCEOA,1,1,1,1
ORYETRU,1,1,1,1
ORYXTZ5,1,1,1,1
OS3EW2N,1,1,1,1
OS734KT,1,1,1,1
OS9A3C1,1,1,1,1
OSAFBUY,1,1,1,1
OSF1YER,1,1,1,1
OSH1PUZ,1,1,1,1
OSLNUKW,1,1,1,1
OSLQBW8,1,1,1,1
OSO0OVB,1,1,1,1
OSO7BJL,1,1,1,1
OSPPPKU,1,1,1,1
OT310IE,1,1,1,1
OT3WLF1,1,1,1,1
OT4EBWP,1,1,1,1
OT4SF5Z,1,1,1,1
OT57ZDM,1,1,1,1
OT9JYED,1,1,1,1
OTANRLP,1,1,1,1
OTBDC3Y,1,1,1,1
OTCXRPE,1,1,1,1
OTDMGK3,1,1,1,1
OTFA27Y,1,1,1,1
OTFFLVL,1,1,1,1
OTJ2C3N,1,1,1,1
OTJSINV,1,1,1,1
OTNELNO,1,1,1,1
OTPEVB3,1,1,1,1
OTPPRZQ,1,1,1,1
OTQGMD5,1,1,1,1
OTSHV8W,1,1,1,1
OTU6NYQ,1,1,1,1
OTXKO4T,1,1,1,1
OU0BMVN,1,1,1,1
OU54E4S,1,1,1,1
OU9CZNL,1,1,1,1
OUBPC9Z,1,1,1,1
OUBXJZ8,1,1,1,1
OUD2AAY,1,1,1,1
OUGYPMK,1,1,1,1
OUINWZC,1,1,1,1
OUL2CH5,1,1,1,1
OUQZOU7,1,1,1,1
OURIAGT,1,1,1,1
OUS43Q0,1,1,1,1
OUV372C,1,1,1,1
OUW1DNY,1,1,1,1
OUZP8CU,1,1,1,1
OVCBLXP,1,1,1,1
OVFUWC3,1,1,1,1
OVJRJPH,1,1,1,1
OVKDN7M,1,1,1,1
OVVIXNI,1,1,1,1
OVW15XC,1,1,1,1
OVWDOLE,1,1,1,1
OW9MFMV,1,1,1,1
OWDX7G4,1,1,1,1
OWJ82CR,1,1,1,1
OWJYXXM,1,1,1,1
OWLC6OJ,1,1,1,1
OWLKENO,1,1,1,1
OWPTCOJ,1,1,1,1
OWQKKUG,1,1,1,1
OWS6810,1,1,1,1
OWYII67,1,1,1,1
OWYJMLO,1,1,1,1
OX1ZGA8,1,1,1,1
OX3VZYZ,1,1,1,1
OX4SL0Z,1,1,1,1
OX9A84O,1,1,1,1
OXDMGUO,1,1,1,1
OXDMW2H,1,1,1,1
OXEVDVM,1,1,1,1
OXEVOXT,1,1,1,1
OXIEDPI,1,1,1,1
OXQAMJF,1,1,1,1
OXVM61P,1,1,1,1
OXWPQGJ,1,1,1,1
OY1SIT2,1,1,1,1
OYFWOOR,1,1,1,1
OYHU75U,1,1,1,1
OYITQHZ,1,1,1,1
OYMEO2Q,1,1,1,1
OYQAN92,1,1,1,1
OYQWAJE,1,1,1,1
OYT9ZO1,1,1,1,1
OYV3NCU,1,1,1,1
OYVBHCE,1,1,1,1
OYVHAAL,1,1,1,1
OYVVHCU,1,1,1,1
OYYNUOR,1,1,1,1
OZ2QIYJ,1,1,1,1
OZG74MG,1,1,1,1
OZI3VT5,1,1,1,1
OZJZBCY,1,1,1,1
OZKVEDC,1,1,1,1
OZMYTNX,1,1,1,1
OZS0ENC,1,1,1,1
OZS7E8I,1,1,1,1
OZTHM23,1,1,1,1
OZWC9R2,1,1,1,1
P01ERNS,1,1,1,1
P06UQBW,1,1,1,1
P0AHQXJ,1,1,1,1
P0CQLA7,1,1,1,1
P0N97XK,1,1,1,1
P0WTH8O,1,1,1,1
P0XDMLH,1,1,1,1
P10XHZB,1,1,1,1
P125N0Q,1,1,1,1
P13SJ8L,1,1,1,1
P1AWYZQ,1,1,1,1
P1B21R3,1,1,1,1
P1CRDN4,1,1,1,1
P1DJX8H,1,1,1,1
P1KJF9K,1,1,1,1
P1NHS8C,1,1,1,1
P1OGIS6,1,1,1,1
P1OWRCV,1,1,1,1
P1RDMHT,1,1,1,1
P1SMR82,1,1,1,1
P1WVSHE,1,1,1,1
P1YMHG9,1,1,1,1
P1YWMGA,1,1,1,1
P1ZFSHS,1,1,1,1
P27YECX,1,1,1,1
P2EDRKG,1,1,1,1
P2F5QMS,1,1,1,1
P2GORNT,1,1,1,1
P2K9UH5,1,1,1,1
P2KSJP2,1,1,1,1
P2O3YH9,1,1,1,1
P2VUZ2C,1,1,1,1
P31Z5VH,1,1,1,1
P32DNG0,1,1,1,1
P3AJ9TV,1,1,1,1
P3GT5RH,1,1,1,1
P3H8YQM,1,1,1,1
P3ITAKX,1,1,1,1
P3JI7Q9,1,1,1,1
P3MJN4T,1,1,1,1
P3S604M,1,1,1,1
P3VQRJ6,1,1,1,1
P3YLIQM,1,1,1,1
P3ZAZ5P,1,1,1,1
P4DX7M6,1,1,1,1
P4EJG73,1,1,1,1
P4FWRHZ,1,1,1,1
P4SG5A6,1,1,1,1
P4W6HCJ,1,1,1,1
P4ZUMGF,1,1,1,1
P57DS2L,1,1,1,1
P5AO8NK,1,1,1,1
P5G6IG9,1,1,1,1
P5HMS3M,1,1,1,1
P5IHUBL,1,1,1,1
P5IJCXN,1,1,1,1
P5KIO6W,1,1,1,1
P5LR1MB,1,1,1,1
P5MNAER,1,1,1,1
P5RVACI,1,1,1,1
P5SGEJO,1,1,1,1
P5SVPBR,1,1,1,1
P5YKB2K,1,1,1,1
P66Y2IG,1,1,1,1
P6EYGU3,1,1,1,1
P6G0VTI,1,1,1,1
P6GJHQC,1,1,1,1
P6HDU0L,1,1,1,1
P6SPYKS,1,1,1,1
P6VULJI,1,1,1,1
P6Y2NNU,1,1,1,1
P6Y75K1,1,1,1,1
P6ZAPU3,1,1,1,1
P6ZOX1Q,1,1,1,1
P708WZH,1,1,1,1
P71TXZU,1,1,1,1
P75KQOB,1,1,1,1
P7A04D9,1,1,1,1
P7E0WT3,1,1,1,1
P7EP1ND,1,1,1,1
P7GX8TZ,1,1,1,1
P7ZUK9L,1,1,1,1
P83ZXX8,1,1,1,1
P8GOICI,1,1,1,1
P8LAZSD,1,1,1,1
P8LED7R,1,1,1,1
P8N7L43,1,1,1,1
P8Q6TH3,1,1,1,1
P8U1VZ9,1,1,1,1
P8VGCRW,1,1,1,1
P90NISM,1,1,1,1
P92BZJI,1,1,1,1
P95C5SP,1,1,1,1
P97F48O,1,1,1,1
P9E8SBO,1,1,1,1
P9HGSIL,1,1,1,1
P9PKYGJ,1,1,1,1
P9S36F2,1,1,1,1
P9V2LWX,1,1,1,1
P9YXANR,1,1,1,1
P9ZBCFM,1,1,1,1
PA3GMLS,1,1,1,1
PA5I1VY,1,1,1,1
PA5N4JK,1,1,1,1
PAGHMPU,1,1,1,1
PAKM6TN,1,1,1,1
PAKPGTN,1,1,1,1
PAMFW4B,1,1,1,1
PAOERNL,1,1,1,1
PAPCLMO,1,1,1,1
PAQOXRD,1,1,1,1
PAU327R,1,1,1,1
PAY7GU3,1,1,1,1
PAZMCAU,1,1,1,1
PAZVMCJ,1,1,1,1
PB1YMQZ,1,1,1,1
PB2POZT,1,1,1,1
PB4V2E6,1,1,1,1
PB5Y1IE,1,1,1,1
PB60GCM,1,1,1,1
PBBLD3U,1,1,1,1
PBERPSP,1,1,1,1
PBEXEHY,1,1,1,1
PBFTIUB,1,1,1,1
PBHTYK2,1,1,1,1
PBIMR0U,1,1,1,1
PBJLG0Z,1,1,1,1
PBK0TBF,1,1,1,1
PBKTMJD,1,1,1,1
PBL5MVD,1,1,1,1
PBMAGCU,1,1,1,1
PBQLU9Y,1,1,1,1
PBW87RZ,1,1,1,1
PBXQV9R,1,1,1,1
PC1OIW9,1,1,1,1
PC7LOVD,1,1,1,1
PCAD2JJ,1,1,1,1
PCB8VIU,1,1,1,1
PCBY8QP,1,1,1,1
PCGVDHN,1,1,1,1
PCIVIRL,1,1,1,1
PCLJ9S6,1,1,1,1
PCMZRFW,1,1,1,1
PCQRS5U,1,1,1,1
PCRMTLO,1,1,1,1
PCW7GR3,1,1,1,1
PD794U6,1,1,1,1
PDATGLL,1,1,1,1
PDB8S1N,1,1,1,1
PDC8NBQ,1,1,1,1
PDCJFDY,1,1,1,1
PDCTA7N,1,1,1,1
PDDPHCV,1,1,1,1
PDJF9OC,1,1,1,1
PDJNSUY,1,1,1,1
PDKJH9S,1,1,1,1
PDN5TGU,1,1,1,1
PDNRRKW,1,1,1,1
PDQS9HK,1,1,1,1
PDSKUSV,1,1,1,1
PDUZA5R,1,1,1,1
PDXGP9E,1,1,1,1
PE2LYI8,1,1,1,1
PEEGRDY,1,1,1,1
PEG1ZD6,1,1,1,1
PEGL0XN,1,1,1,1
PEHF4A9,1,1,1,1
PEJXAHS,1,1,1,1
PEKV5M7,1,1,1,1
PENWH9J,1,1,1,1
PEPXLIE,1,1,1,1
PEQRDTO,1,1,1,1
PERA3KB,1,1,1,1
PETR7IF,1,1,1,1
PEZPPWF,1,1,1,1
PF5DX42,1,1,1,1
PF784JB,1,1,1,1
PFB4KBG,1,1,1,1
PFB578W,1,1,1,1
PFB5DU0,1,1,1,1
PFBYQDQ,1,1,1,1
PFCT9UX,1,1,1,1
PFDCTWT,1,1,1,1
PFKCSI7,1,1,1,1
PFKJ21X,1,1,1,1
PFOCFOL,1,1,1,1
PFSM3QH,1,1,1,1
PFUJL6N,1,1,1,1
PFWW6YV,1,1,1,1
PFXGPZJ,1,1,1,1
PG1U452,1,1,1,1
PG49Y1Z,1,1,1,1
PG9CW28,1,1,1,1
PG9SWH3,1,1,1,1
PG9ZD3I,1,1,1,1
PGAIUQC,1,1,1,1
PGAZDBK,1,1,1,1
PGGYH2Z,1,1,1,1
PGHY15P,1,1,1,1
PGIWSD2,1,1,1,1
PGJ9G3B,1,1,1,1
PH2BSQJ,1,1,1,1
PH30B28,1,1,1,1
PH3CW21,1,1,1,1
PH4OIVE,1,1,1,1
PH8CU0Y,1,1,1,1
PHEAQTN,1,1,1,1
PHHDFQC,1,1,1,1
PHKLXYT,1,1,1,1
PHOKND4,1,1,1,1
PHV5A9I,1,1,1,1
PHX2NV5,1,1,1,1
PHXRFEU,1,1,1,1
PI0G23Z,1,1,1,1
PI751AY,1,1,1,1
PI7XSL6,1,1,1,1
PIAL1UC,1,1,1,1
PIAX2LQ,1,1,1,1
PIBEQVM,1,1,1,1
PIPGAWX,1,1,1,1
PITZQEY,1,1,1,1
PIUAWSA,1,1,1,1
PIWX3XY,1,1,1,1
PIZYNC8,1,1,1,1
PJ13HCD,1,1,1,1
PJ5OM7F,1,1,1,1
PJ5SKYN,1,1,1,1
PJ5XE3Q,1,1,1,1
PJAGQKB,1,1,1,1
PJAQU6H,1,1,1,1
PJEAVPJ,1,1,1,1
PJFVV26,1,1,1,1
PJJFSCG,1,1,1,1
PJQMPZE,1,1,1,1
PJREONL,1,1,1,1
PJSWGKT,1,1,1,1
PJTJ2VP,1,1,1,1
PJUL0Z8,1,1,1,1
PJUT0OA,1,1,1,1
PJV7VQ4,1,1,1,1
PJYF3TG,1,1,1,1
PK0HQU7,1,1,1,1
PK1FME3,1,1,1,1
PK3KNR6,1,1,1,1
PKAI4BA,1,1,1,1
PKGMSC5,1,1,1,1
PKHBUT5,1,1,1,1
PKIL3MS,1,1,1,1
PKJ8YC4,1,1,1,1
PKJSCCC,1,1,1,1
PKSVWB6,1,1,1,1
PKT1LIO,1,1,1,1
PKV5H6D,1,1,1,1
PKXCB6Y,1,1,1,1
PKY4DEG,1,1,1,1
PKYJ7UV,1,1,1,1
PKZL9V3,1,1,1,1
PKZV8LW,1,1,1,1
PL2BXRI,1,1,1,1
PL3N4RB,1,1,1,1
PL4UIA8,1,1,1,1
PLA7SNW,1,1,1,1
PLAOZV2,1,1,1,1
PLDYDM9,1,1,1,1
PLEGSVY,1,1,1,1
PLK0TWO,1,1,1,1
PLKPXGE,1,1,1,1
PLLG2MG,1,1,1,1
PLN4ECD,1,1,1,1
PLN4JTP,1,1,1,1
PLT2CJE,1,1,1,1
PLYHX8V,1,1,1,1
PM29LJN,1,1,1,1
PM4UFTR,1,1,1,1
PMB5CP1,1,1,1,1
PMBBBAZ,1,1,1,1
PMBWSBW,1,1,1,1
PMFK3N8,1,1,1,1
PMIAL2D,1,1,1,1
PMIC01J,1,1,1,1
PMIHDUG,1,1,1,1
PMNS618,1,1,1,1
PMPXNZL,1,1,1,1
PMRL8M4,1,1,1,1
PMVN2JU,1,1,1,1
PMVNCWA,1,1,1,1
PMZCNHX,1,1,1,1
PN2F0BJ,1,1,1,1
PN7VXPM,1,1,1,1
PNFA2FC,1,1,1,1
PNFZXWG,1,1,1,1
PNJYNAX,1,1,1,1
PNMR3IN,1,1,1,1
PNPFP0E,1,1,1,1
PNVW0GJ,1,1,1,1
PNXKJCE,1,1,1,1
PNYMNPW,1,1,1,1
PNZ8YQB,1,1,1,1
PO0ZRYN,1,1,1,1
PO2EJD9,1,1,1,1
PO2FPI4,1,1,1,1
PO8GT20,1,1,1,1
POAUOID,1,1,1,1
POAVBG5,1,1,1,1
POC2NPD,1,1,1,1
POCDP8G,1,1,1,1
POCSBF0,1,1,1,1
POI5UVR,1,1,1,1
POODMFE,1,1,1,1
POPATHJ,1,1,1,1
PORFMCA,1,1,1,1
PORMEQT,1,1,1,1
POUCSD8,1,1,1,1
POUE4KB,1,1,1,1
POUIKMP,1,1,1,1
POVRHU5,1,1,1,1
PP9B2XR,1,1,1,1
PPDOTRW,1,1,1,1
PPGLAO9,1,1,1,1
PPHCH4U,1,1,1,1
PPHN0OI,1,1,1,1
PPK7PJ4,1,1,1,1
PPVUSAH,1,1,1,1
PQ0YA17,1,1,1,1
PQ5KOBR,1,1,1,1
PQ8ZH0V,1,1,1,1
PQ9S70Y,1,1,1,1
PQAUK07,1,1,1,1
PQNQDNN,1,1,1,1
PQRZYOK,1,1,1,1
PQT4MCN,1,1,1,1
PQUDOE1,1,1,1,1
PQVSSXA,1,1,1,1
PQVTWRX,1,1,1,1
PQXY35A,1,1,1,1
PQZP9RT,1,1,1,1
PR269ES,1,1,1,1
PR4TG8R,1,1,1,1
PR5IYN0,1,1,1,1
PR9INEO,1,1,1,1
PRBW20I,1,1,1,1
PRFY6TI,1,1,1,1
PRHTNDB,1,1,1,1
PRIVO8Q,1,1,1,1
PRJ7FB7,1,1,1,1
PRKH9XT,1,1,1,1
PRMDYOS,1,1,1,1
PRNQHNR,1,1,1,1
PRSJQB1,1,1,1,1
PS5OJ1B,1,1,1,1
PS97Z8J,1,1,1,1
PSAXDKL,1,1,1,1
PSDRLOZ,1,1,1,1
PSE8YUW,1,1,1,1
PSGQA2U,1,1,1,1
PSH3EXM,1,1,1,1
PSIMRDS,1,1,1,1
PSJUA11,1,1,1,1
PSMQO13,1,1,1,1
PSRSJXX,1,1,1,1
PSS7UK4,1,1,1,1
PSUW4FE,1,1,1,1
PSVLD4I,1,1,1,1
PSWTZ26,1,1,1,1
PSYLIIK,1,1,1,1
PT4M0NJ,1,1,1,1
PT8RAFU,1,1,1,1
PTFM9O7,1,1,1,1
PTG87UD,1,1,1,1
PTHLMYA,1,1,1,1
PTIDECN,1,1,1,1
PTK91EQ,1,1,1,1
PTL1KN7,1,1,1,1
PTMUM7E,1,1,1,1
PTQ7CRS,1,1,1,1
PTWHW4N,1,1,1,1
PTY6RVH,1,1,1,1
PTYD64K,1,1,1,1
PU6HVM9,1,1,1,1
PUCLSYC,1,1,1,1
PUD235R,1,1,1,1
PUJTIYB,1,1,1,1
PUQBJYQ,1,1,1,1
PUTG61O,1,1,1,1
PUUN9C5,1,1,1,1
PV03Q1S,1,1,1,1
PVATJVR,1,1,1,1
PVCUOY1,1,1,1,1
PVHR3JW,1,1,1,1
PVKFW3G,1,1,1,1
PVKTTMJ,1,1,1,1
PVLNOVR,1,1,1,1
PVREOWX,1,1,1,1
PVT7YOL,1,1,1,1
PVU9Z7M,1,1,1,1
PVUJVLO,1,1,1,1
PW165XK,1,1,1,1
PW8WYSR,1,1,1,1
PWHZ6ZA,1,1,1,1
PWSF524,1,1,1,1
PWUNUTW,1,1,1,1
PX7IDQB,1,1,1,1
PX8WZE4,1,1,1,1
PXASVCD,1,1,1,1
PXHBOWY,1,1,1,1
PXIRQMU,1,1,1,1
PXJ9UNU,1,1,1,1
PXUDQOE,1,1,1,1
PXXDYJJ,1,1,1,1
PY3IXCH,1,1,1,1
PY4EFSA,1,1,1,1
PY5BV1G,1,1,1,1
PY6DGVU,1,1,1,1
PYCPMJQ,1,1,1,1
PYDFYHX,1,1,1,1
PYEAQP2,1,1,1,1
PYHHIV8,1,1,1,1
PYIADUL,1,1,1,1
PYJ2K5Z,1,1,1,1
PYKDTG7,1,1,1,1
PYMTFI2,1,1,1,1
PYTLAD8,1,1,1,1
PYULGQY,1,1,1,1
PYVXETW,1,1,1,1
PZ2JNU6,1,1,1,1
PZ9RGXE,1,1,1,1
PZN3G1D,1,1,1,1
PZORTD8,1,1,1,1
PZQQYCE,1,1,1,1
PZRV1LY,1,1,1,1
PZVRZWR,1,1,1,1
Q04MI3H,1,1,1,1
Q0AHWFX,1,1,1,1
Q0ATNNW,1,1,1,1
Q0FWHLP,1,1,1,1
Q0GNPKP,1,1,1,1
Q0VQ7CX,1,1,1,1
Q0WYJ74,1,1,1,1
Q1260L9,1,1,1,1
Q1J4OBR,1,1,1,1
Q1KC8V6,1,1,1,1
Q1TIGHV,1,1,1,1
Q1UE6LP,1,1,1,1
Q1X7WP4,1,1,1,1
Q20B4VS,1,1,1,1
Q23UKMF,1,1,1,1
Q24I7HV,1,1,1,1
Q2AZ1NJ,1,1,1,1
Q2D0RW4,1,1,1,1
Q2DAJIE,1,1,1,1
Q2H9OTM,1,1,1,1
Q2XCPLR,1,1,1,1
Q3144BA,1,1,1,1
Q34V2XP,1,1,1,1
Q3675NK,1,1,1,1
Q3B8IND,1,1,1,1
Q3DZAXI,1,1,1,1
Q3MG9TZ,1,1,1,1
Q3ML9XB,1,1,1,1
Q3RYEBD,1,1,1,1
Q3SEV93,1,1,1,1
Q3TUHF2,1,1,1,1
Q45ZMA9,1,1,1,1
Q4713L0,1,1,1,1
Q4EYZDS,1,1,1,1
Q4FGUCJ,1,1,1,1
Q4GFI19,1,1,1,1
Q4ID3EG,1,1,1,1
Q4LTO1J,1,1,1,1
Q4S3BLC,1,1,1,1
Q4SBIZW,1,1,1,1
Q4U32V8,1,1,1,1
Q56S90W,1,1,1,1
Q57BFEX,1,1,1,1
Q589P31,1,1,1,1
Q58BL9K,1,1,1,1
Q5CUOH7,1,1,1,1
Q5EKYVG,1,1,1,1
Q5NEGI4,1,1,1,1
Q5P7KVY,1,1,1,1
Q5RGFR7,1,1,1,1
Q5UOS4D,1,1,1,1
Q61GYFO,1,1,1,1
Q6ADTAB,1,1,1,1
Q6C7WZL,1,1,1,1
Q6ECTBG,1,1,1,1
Q6FS05U,1,1,1,1
Q6OGP12,1,1,1,1
Q6PGEYO,1,1,1,1
Q6QFIOO,1,1,1,1
Q6T7XDN,1,1,1,1
Q6USUXC,1,1,1,1
Q6WLDAQ,1,1,1,1
Q6XZGZB,1,1,1,1
Q70UDYR,1,1,1,1
Q70V8JN,1,1,1,1
Q73ROX4,1,1,1,1
Q7AO5MS,1,1,1,1
Q7B96WM,1,1,1,1
Q7FLQT3,1,1,1,1
Q7GBVKG,1,1,1,1
Q7NWT42,1,1,1,1
Q7RKZ8F,1,1,1,1
Q7UCYJI,1,1,1,1
Q7Z1SUM,1,1,1,1
Q840TYB,1,1,1,1
Q8IVNE2,1,1,1,1
Q8O4XZ3,1,1,1,1
Q8OF4Z9,1,1,1,1
Q8P3R6B,1,1,1,1
Q8S34E5,1,1,1,1
Q8WZ20N,1,1,1,1
Q9076B5,1,1,1,1
Q91URTB,1,1,1,1
Q95VYYW,1,1,1,1
Q98HUPD,1,1,1,1
Q98ZCXT,1,1,1,1
Q9BDCPE,1,1,1,1
Q9C89WH,1,1,1,1
Q9PNGBB,1,1,1,1
Q9QVNLF,1,1,1,1
Q9RH0WD,1,1,1,1
Q9VYEF3,1,1,1,1
Q9WOT9P,1,1,1,1
Q9Z6FKS,1,1,1,1
QA0JREW,1,1,1,1
QA4MZG4,1,1,1,1
QA7PC5R,1,1,1,1
QA84EGB,1,1,1,1
QAAHZEX,1,1,1,1
QACW8KE,1,1,1,1
QAHVRUA,1,1,1,1
QAJNQXY,1,1,1,1
QALQF9M,1,1,1,1
QAO54MI,1,1,1,1
QAOB3UZ,1,1,1,1
QAOHU6Q,1,1,1,1
QAQN8J7,1,1,1,1
QAVKRRP,1,1,1,1
QAYPVIK,1,1,1,1
QB2CZS8,1,1,1,1
QB7VL1X,1,1,1,1
QB9IFAJ,1,1,1,1
QBAUZNE,1,1,1,1
QBCPHGJ,1,1,1,1
QBDJBDS,1,1,1,1
QBF9ITK,1,1,1,1
QBIXE4Z,1,1,1,1
QBKEW9D,1,1,1,1
QBL1QNO,1,1,1,1
QBMRDKH,1,1,1,1
QBNFYMB,1,1,1,1
QBOLY0E,1,1,1,1
QBPTYWI,1,1,1,1
QBQQAXT,1,1,1,1
QBS6U5M,1,1,1,1
QBTNKD1,1,1,1,1
QBUIFYF,1,1,1,1
QBUJFLZ,1,1,1,1
QBZZ4CV,1,1,1,1
QC4PD0X,1,1,1,1
QC9TLAJ,1,1,1,1
QCA9SXM,1,1,1,1
QCCLRZM,1,1,1,1
QCIIVPQ,1,1,1,1
QCJV2AW,1,1,1,1
QCLAU4S,1,1,1,1
QCLB0V6,1,1,1,1
QCLSQIG,1,1,1,1
QCLTHIA,1,1,1,1
QCXVNR3,1,1,1,1
QCZ1NNK,1,1,1,1
QCZ6SKR,1,1,1,1
QD0QEII,1,1,1,1
QD1X7BJ,1,1,1,1
QD5SYJT,1,1,1,1
QDHK8BR,1,1,1,1
QDI0MZL,1,1,1,1
QDIPLWC,1,1,1,1
QDJ3S0Z,1,1,1,1
QDJAECP,1,1,1,1
QDKSHGV,1,1,1,1
QDQMGWG,1,1,1,1
QDUDNSR,1,1,1,1
QDV6U9H,1,1,1,1
QDWSYPZ,1,1,1,1
QDZOAJC,1,1,1,1
QE2LSOB,1,1,1,1
QE3ZJXP,1,1,1,1
QE48XTY,1,1,1,1
QE58KRK,1,1,1,1
QEC62P8,1,1,1,1
QEDOFH1,1,1,1,1
QEFSX4L,1,1,1,1
QEG6CGQ,1,1,1,1
QEI9D2V,1,1,1,1
QEKVZSC,1,1,1,1
QEMMHEL,1,1,1,1
QEPU5DS,1,1,1,1
QES2ZYN,1,1,1,1
QES3Z1I,1,1,1,1
QETPAAA,1,1,1,1
QEVMD7X,1,1,1,1
QF3UI6T,1,1,1,1
QF6IVU8,1,1,1,1
QF6PLIW,1,1,1,1
QF95EK7,1,1,1,1
QFHSTUC,1,1,1,1
QFI6OX0,1,1,1,1
QFLXZ4F,1,1,1,1
QFOAX9M,1,1,1,1
QFRVOSP,1,1,1,1
QFU8ES3,1,1,1,1
QFVSV1W,1,1,1,1
QFWOX53,1,1,1,1
QFWYJY5,1,1,1,1
QFYSMWK,1,1,1,1
QG73ZLU,1,1,1,1
QG8Y5F9,1,1,1,1
QG91Y62,1,1,1,1
QG96DIA,1,1,1,1
QGBXKHQ,1,1,1,1
QGGDYQB,1,1,1,1
QGHVDR2,1,1,1,1
QGOGXQG,1,1,1,1
QGT27SA,1,1,1,1
QGULPU0,1,1,1,1
QH32M45,1,1,1,1
QH41S9Q,1,1,1,1
QH527MD,1,1,1,1
QHALZ44,1,1,1,1
QHG23WR,1,1,1,1
QHOEFCR,1,1,1,1
QHP9WRE,1,1,1,1
QHSQHHX,1,1,1,1
QHTDLQ8,1,1,1,1
QHWHBHK,1,1,1,1
QHXE1IM,1,1,1,1
QHYFOB4,1,1,1,1
QHYKDRI,1,1,1,1
QHYLZRL,1,1,1,1
QHZ0BD6,1,1,1,1
QHZB8YE,1,1,1,1
QI3B8X4,1,1,1,1
QI7X7IQ,1,1,1,1
QI8OJML,1,1,1,1
QIBNPA1,1,1,1,1
QICMDHN,1,1,1,1
QIDX6XN,1,1,1,1
QIE4BPH,1,1,1,1
QIGFGEC,1,1,1,1
QINEFC7,1,1,1,1
QIV7ABP,1,1,1,1
QIVIKQE,1,1,1,1
QJEIT5V,1,1,1,1
QJGRIXB,1,1,1,1
QJH8A2U,1,1,1,1
QJHCR81,1,1,1,1
QJHIIUK,1,1,1,1
QJHT2DU,1,1,1,1
QJLEZUR,1,1,1,1
QJRMATN,1,1,1,1
QJUZDSU,1,1,1,1
QJWHNSC,1,1,1,1
QJXWW6H,1,1,1,1
QJZCQJF,1,1,1,1
QK23YRK,1,1,1,1
QK62710,1,1,1,1
QK7R58B,1,1,1,1
QK9RL2A,1,1,1,1
QKHGNXT,1,1,1,1
QKHVLAY,1,1,1,1
QKPDNB3,1,1,1,1
QKSBZPA,1,1,1,1
QKZXPUK,1,1,1,1
QLBQDVK,1,1,1,1
QLIZRT9,1,1,1,1
QLJOOEV,1,1,1,1
QLKVBTZ,1,1,1,1
QLLRCXQ,1,1,1,1
QLQALJ3,1,1,1,1
QLR05WG,1,1,1,1
QLRA4OU,1,1,1,1
QLU4V9N,1,1,1,1
QLURXU4,1,1,1,1
QLVMDN3,1,1,1,1
QM1POXR,1,1,1,1
QM25JNZ,1,1,1,1
QM7DOCW,1,1,1,1
QMDEJHU,1,1,1,1
QMECXFJ,1,1,1,1
QMGH73E,1,1,1,1
QMKULYI,1,1,1,1
QMNIKHF,1,1,1,1
QMU8KRS,1,1,1,1
QMUBD18,1,1,1,1
QMZ3GBR,1,1,1,1
QMZAQYY,1,1,1,1
QN0U5HZ,1,1,1,1
QN12KDM,1,1,1,1
QN4DHQU,1,1,1,1
QNAIGLD,1,1,1,1
QNBRWDR,1,1,1,1
QNG5RB9,1,1,1,1
QNHKL9W,1,1,1,1
QNO7K8T,1,1,1,1
QNP7DUV,1,1,1,1
QNPEKSH,1,1,1,1
QNQHBHV,1,1,1,1
QNRIRIN,1,1,1,1
QNUJZFD,1,1,1,1
QNVDVLX,1,1,1,1
QNZU12A,1,1,1,1
QO6NGEA,1,1,1,1
QO7614Y,1,1,1,1
QOA8Y7U,1,1,1,1
QOFMTDY,1,1,1,1
QOJ0B7E,1,1,1,1
QOOLZGY,1,1,1,1
QOVIFC3,1,1,1,1
QOZZKHL,1,1,1,1
QP5N1HW,1,1,1,1
QP8XHSF,1,1,1,1
QP9GAR2,1,1,1,1
QP9TXMC,1,1,1,1
QPARVWG,1,1,1,1
QPAX69B,1,1,1,1
QPDFOOY,1,1,1,1
QPEDFT7,1,1,1,1
QPGK7B0,1,1,1,1
QPHMHPL,1,1,1,1
QPMTXPO,1,1,1,1
QPPRG5L,1,1,1,1
QPSDGMU,1,1,1,1
QPSEXBO,1,1,1,1
QPSHG5K,1,1,1,1
QPVTLW5,1,1,1,1
QPZ9O3R,1,1,1,1
QPZFFZE,1,1,1,1
QQ2DMQ1,1,1,1,1
QQ6HNPP,1,1,1,1
QQASB09,1,1,1,1
QQBB0MY,1,1,1,1
QQGHXKH,1,1,1,1
QQLPBAA,1,1,1,1
QQRNXDL,1,1,1,1
QQV46GT,1,1,1,1
QQXX3WU,1,1,1,1
QR0537S,1,1,1,1
QR0DZIS,1,1,1,1
QR13DVZ,1,1,1,1
QR4O5EW,1,1,1,1
QR8GFOM,1,1,1,1
QRBETHD,1,1,1,1
QRCY32G,1,1,1,1
QRDYP7Z,1,1,1,1
QRE02M0,1,1,1,1
QRGLWC2,1,1,1,1
QRHIUEW,1,1,1,1
QRK3J0A,1,1,1,1
QRKWPYV,1,1,1,1
QRLPI20,1,1,1,1
QRSDNPC,1,1,1,1
QRSWOKE,1,1,1,1
QRYO9M0,1,1,1,1
QS1JZEC,1,1,1,1
QS8BMDO,1,1,1,1
QSDAMUS,1,1,1,1
QSJFDFZ,1,1,1,1
QSK9F73,1,1,1,1
QSRLMAB,1,1,1,1
QSSLS5N,1,1,1,1
QSWLCBH,1,1,1,1
QSX3WRL,1,1,1,1
QSX93TJ,1,1,1,1
QT0BW4H,1,1,1,1
QT46L2C,1,1,1,1
QTHJDMZ,1,1,1,1
QTIENRX,1,1,1,1
QTLMPWY,1,1,1,1
QTM3EM4,1,1,1,1
QTN8CAV,1,1,1,1
QTTB4HW,1,1,1,1
QTUHMCJ,1,1,1,1
QTVXAWF,1,1,1,1
QTXALOW,1,1,1,1
QTZG92W,1,1,1,1
QTZI6VR,1,1,1,1
QTZIJDS,1,1,1,1
QU2ZZ6J,1,1,1,1
QUGST6F,1,1,1,1
QUJ3KSI,1,1,1,1
QUKDP0S,1,1,1,1
QUKH4NS,1,1,1,1
QUMBIBS,1,1,1,1
QUMXQLW,1,1,1,1
QUSBO6T,1,1,1,1
QUTNQPM,1,1,1,1
QUVGBSG,1,1,1,1
QV0B7DO,1,1,1,1
QV6ZHWB,1,1,1,1
QVAIUMU,1,1,1,1
QVBXMQG,1,1,1,1
QVFXGJS,1,1,1,1
QVI7NAP,1,1,1,1
QVIBUGY,1,1,1,1
QVUNYP3,1,1,1,1
QVVQCRV,1,1,1,1
QVX4D6K,1,1,1,1
QVZDKIH,1,1,1,1
QVZRAMU,1,1,1,1
QW2KO1O,1,1,1,1
QW2WCXX,1,1,1,1
QW3PBBY,1,1,1,1
QWBOVP7,1,1,1,1
QWDNVHV,1,1,1,1
QWF4APU,1,1,1,1
QWGRB3W,1,1,1,1
QWHETI0,1,1,1,1
QWIYMTF,1,1,1,1
QWN9BLN,1,1,1,1
QWP0LZ5,1,1,1,1
QWQMIBD,1,1,1,1
QWR0LUZ,1,1,1,1
QWRAVOF,1,1,1,1
QX2HCBK,1,1,1,1
QX5HKF2,1,1,1,1
QX95HLD,1,1,1,1
QXB085S,1,1,1,1
QXDPTCG,1,1,1,1
QXFVC7L,1,1,1,1
QXGTAX1,1,1,1,1
QXLPA2R,1,1,1,1
QXTIPYH,1,1,1,1
QXX67QE,1,1,1,1
QXZKILU,1,1,1,1
QY3H40Q,1,1,1,1
QY8HX4W,1,1,1,1
QYBMONB,1,1,1,1
QYDOHJ2,1,1,1,1
QYE3ZCI,1,1,1,1
QYGJN3S,1,1,1,1
QYKKNXK,1,1,1,1
QYLYZRA,1,1,1,1
QYMEVJS,1,1,1,1
QYNHL3E,1,1,1,1
QYO5IUL,1,1,1,1
QYPDIDS,1,1,1,1
QYX1V0F,1,1,1,1
QYYAV8B,1,1,1,1
QZ03S9V,1,1,1,1
QZ0E6CZ,1,1,1,1
QZ3QWBN,1,1,1,1
QZ6E7J9,1,1,1,1
QZ7MJ5P,1,1,1,1
QZFRJVG,1,1,1,1
QZFX6FM,1,1,1,1
QZJR327,1,1,1,1
QZKCSCM,1,1,1,1
QZM0DJT,1,1,1,1
QZOD2GD,1,1,1,1
QZRSNMJ,1,1,1,1
QZUT9AA,1,1,1,1
QZVOI6R,1,1,1,1
QZWEXDU,1,1,1,1
QZX38XA,1,1,1,1
QZZFDS7,1,1,1,1
R018YFL,1,1,1,1
R09ZU8Y,1,1,1,1
R0ILOE8,1,1,1,1
R0NYUWD,1,1,1,1
R0QGOH3,1,1,1,1
R0WW7MX,1,1,1,1
R0XBNSI,1,1,1,1
R14ECWD,1,1,1,1
R1BPVUG,1,1,1,1
R1EKAYD,1,1,1,1
R1FIQKB,1,1,1,1
R1KJDJF,1,1,1,1
R1MVQ7L,1,1,1,1
R1SZCM2,1,1,1,1
R1VTUKS,1,1,1,1
R23V5X4,1,1,1,1
R27UVW3,1,1,1,1
R2AKNSP,1,1,1,1
R2GU09U,1,1,1,1
R2I95J3,1,1,1,1
R2KVISD,1,1,1,1
R2UYOUQ,1,1,1,1
R2V5NB8,1,1,1,1
R2X65D9,1,1,1,1
R2YKIML,1,1,1,1
R3B17E8,1,1,1,1
R3CDMAI,1,1,1,1
R3FEX7O,1,1,1,1
R3FY7GX,1,1,1,1
R3UGLHF,1,1,1,1
R42MFGV,1,1,1,1
R43GXB9,1,1,1,1
R4A9L2A,1,1,1,1
R4C9TJQ,1,1,1,1
R4JND6M,1,1,1,1
R4K6BEM,1,1,1,1
R4LRUBL,1,1,1,1
R4NCYPI,1,1,1,1
R4OSHBV,1,1,1,1
R4REEGK,1,1,1,1
R4VE7FJ,1,1,1,1
R4VJFEN,1,1,1,1
R4XWCJQ,1,1,1,1
R5EXC6C,1,1,1,1
R5LUKWD,1,1,1,1
R5QEUVI,1,1,1,1
R60LFIC,1,1,1,1
R60NDVU,1,1,1,1
R641XPH,1,1,1,1
R67BSVV,1,1,1,1
R6HUNLY,1,1,1,1
R6I5VSR,1,1,1,1
R6IHVMT,1,1,1,1
R6LGLYH,1,1,1,1
R6MUBNQ,1,1,1,1
R6U515L,1,1,1,1
R6VYI3N,1,1,1,1
R74Q0X1,1,1,1,1
R79KG9M,1,1,1,1
R7BSXD0,1,1,1,1
R7IKDGI,1,1,1,1
R7NJJYJ,1,1,1,1
R7ST13W,1,1,1,1
R7W1BMQ,1,1,1,1
R7YLTJT,1,1,1,1
R83EHQF,1,1,1,1
R86IFWE,1,1,1,1
R8GQIJY,1,1,1,1
R8IBM7V,1,1,1,1
R8JA24E,1,1,1,1
R8KCDRB,1,1,1,1
R8VO74W,1,1,1,1
R8W1J3P,1,1,1,1
R93TX5E,1,1,1,1
R94URHA,1,1,1,1
R98XCHF,1,1,1,1
R9AELW2,1,1,1,1
R9CFIU8,1,1,1,1
R9J09SL,1,1,1,1
R9KMHZ3,1,1,1,1
R9LATFP,1,1,1,1
R9QLQ6E,1,1,1,1
R9TC8M6,1,1,1,1
R9YLL8Z,1,1,1,1
R9YX6G5,1,1,1,1
RA1SV3F,1,1,1,1
RA6PQNJ,1,1,1,1
RADN6EP,1,1,1,1
RAEKSJ1,1,1,1,1
RAII6UU,1,1,1,1
RAIU6NH,1,1,1,1
RAJTL87,1,1,1,1
RAOQNWU,1,1,1,1
RAOZJYB,1,1,1,1
RAPT1WH,1,1,1,1
RAVFDHW,1,1,1,1
RAWOB97,1,1,1,1
RAWPDGB,1,1,1,1
RB3UC7R,1,1,1,1
RB6N70U,1,1,1,1
RB7PYRQ,1,1,1,1
RB8P94V,1,1,1,1
RBC4CMS,1,1,1,1
RBH7AXT,1,1,1,1
RBLRPI0,1,1,1,1
RBMVDOR,1,1,1,1
RBO1WY8,1,1,1,1
RBRZWLH,1,1,1,1
RBTCQWU,1,1,1,1
RBUW4P9,1,1,1,1
RBUZZHE,1,1,1,1
RBVSIFW,1,1,1,1
RBYZN0C,1,1,1,1
RC3MDYN,1,1,1,1
RC4QCIP,1,1,1,1
RCAUTZY,1,1,1,1
RCD48SI,1,1,1,1
RCDAHX4,1,1,1,1
RCG5QX8,1,1,1,1
RCI1C9U,1,1,1,1
RCK1CSD,1,1,1,1
RCUGDZA,1,1,1,1
RCWQKVH,1,1,1,1
RCWZNFM,1,1,1,1
RCXWWDH,1,1,1,1
RCYMZU6,1,1,1,1
RCYVYC2,1,1,1,1
RCYYMHH,1,1,1,1
RCZMXDU,1,1,1,1
RD4CEDH,1,1,1,1
RD8K02X,1,1,1,1
RDFY5FF,1,1,1,1
RDNFGJG,1,1,1,1
RDSFTLK,1,1,1,1
RDT0JDA,1,1,1,1
RDUBF5Z,1,1,1,1
RDXMUHI,1,1,1,1
RDZ0QS4,1,1,1,1
RE0P1GW,1,1,1,1
RE2QQAO,1,1,1,1
RE3XA9U,1,1,1,1
REELVLF,1,1,1,1
REEVRK6,1,1,1,1
REHJXHW,1,1,1,1
REMOWBU,1,1,1,1
REPBYNG,1,1,1,1
REQ2U4Z,1,1,1,1
RETLZU5,1,1,1,1
REXCLSF,1,1,1,1
REYFVUE,1,1,1,1
RF5PWXG,1,1,1,1
RF68KTD,1,1,1,1
RF8QJTN,1,1,1,1
RF8UJ31,1,1,1,1
RF9S8ZO,1,1,1,1
RFA5SGC,1,1,1,1
RFCSOLQ,1,1,1,1
RFEHP4B,1,1,1,1
RFEPX8Q,1,1,1,1
RFHY3SL,1,1,1,1
RFIHP6S,1,1,1,1
RFLUV57,1,1,1,1
RFLZKBD,1,1,1,1
RFMBNOL,1,1,1,1
RFUUML0,1,1,1,1
RFVBTBA,1,1,1,1
RFZS9HC,1,1,1,1
RFZT8UK,1,1,1,1
RG2CF7P,1,1,1,1
RG7GEVA,1,1,1,1
RG8MDYH,1,1,1,1
RGB9WOE,1,1,1,1
RGBN1EX,1,1,1,1
RGCJ3SP,1,1,1,1
RGDJUN3,1,1,1,1
RGDNF8E,1,1,1,1
RGFEYEO,1,1,1,1
RGHJKHO,1,1,1,1
RGIF5NO,1,1,1,1
RGL9KTZ,1,1,1,1
RGNAHER,1,1,1,1
RGO6J3D,1,1,1,1
RGX1SRC,1,1,1,1
RGZ5QYN,1,1,1,1
RGZPSCW,1,1,1,1
RHBY4LO,1,1,1,1
RHDN8RL,1,1,1,1
RHEDNE6,1,1,1,1
RHM4KVM,1,1,1,1
RHMKA5T,1,1,1,1
RHTLH1R,1,1,1,1
RHUVXO8,1,1,1,1
RHV5OUJ,1,1,1,1
RI0ZJS3,1,1,1,1
RI26HW5,1,1,1,1
RI3ZVHE,1,1,1,1
RIAXLNM,1,1,1,1
RIFG0I6,1,1,1,1
RIG869U,1,1,1,1
RIGSA17,1,1,1,1
RIQLKWS,1,1,1,1
RIWGUJK,1,1,1,1
RIXVHXM,1,1,1,1
RJ4MYZH,1,1,1,1
RJA8NJF,1,1,1,1
RJBXEU6,1,1,1,1
RJF1QVC,1,1,1,1
RJF4KEA,1,1,1,1
RJFUKDS,1,1,1,1
RJGQBXX,1,1,1,1
RJNTHC1,1,1,1,1
RJOXFJO,1,1,1,1
RJS0BW0,1,1,1,1
RJSOSZK,1,1,1,1
RJZHT4B,1,1,1,1
RKCMB09,1,1,1,1
RKHZJVJ,1,1,1,1
RKI3VSO,1,1,1,1
RKJKIB4,1,1,1,1
RKMIPJI,1,1,1,1
RKRQOWO,1,1,1,1
RKVN9V2,1,1,1,1
RKZEBFV,1,1,1,1
RKZLFUP,1,1,1,1
RL86DGH,1,1,1,1
RLA3YDM,1,1,1,1
RLBARD8,1,1,1,1
RLC86NP,1,1,1,1
RLCRGZY,1,1,1,1
RLDWYPA,1,1,1,1
RLEGJB1,1,1,1,1
RLHHUYT,1,1,1,1
RLIH2X9,1,1,1,1
RLKABV3,1,1,1,1
RLKATCP,1,1,1,1
RLKDMRB,1,1,1,1
RLLXS3N,1,1,1,1
RLVSVXB,1,1,1,1
RLY1IIX,1,1,1,1
RLYU3PJ,1,1,1,1
RM38G5E,1,1,1,1
RM4U9ZN,1,1,1,1
RM6L48E,1,1,1,1
RM6LPYH,1,1,1,1
RM8PAH2,1,1,1,1
RMAHZZH,1,1,1,1
RMGB15X,1,1,1,1
RMISBVZ,1,1,1,1
RMJBCP1,1,1,1,1
RMND2FH,1,1,1,1
RMNG7GX,1,1,1,1
RMP0ABC,1,1,1,1
RMRADXY,1,1,1,1
RMRFO8L,1,1,1,1
RMSVXAB,1,1,1,1
RMT9BV4,1,1,1,1
RMXEL08,1,1,1,1
RMYRWGW,1,1,1,1
RN2DHH6,1,1,1,1
RNAKBS6,1,1,1,1
RNAT079,1,1,1,1
RNJT5LE,1,1,1,1
RNQZBBN,1,1,1,1
RNRKQCH,1,1,1,1
RNTTBWO,1,1,1,1
RNV9SVI,1,1,1,1
RNWS59O,1,1,1,1
RNYLTAM,1,1,1,1
RO0PM9J,1,1,1,1
RO5FSUE,1,1,1,1
RO8GYQN,1,1,1,1
RO8NPJS,1,1,1,1
ROHRU2Q,1,1,1,1
ROJ2IBS,1,1,1,1
ROQI1FA,1,1,1,1
ROTNZK2,1,1,1,1
RP2JKQG,1,1,1,1
RP6IHFZ,1,1,1,1
RPB35BX,1,1,1,1
RPCVLWB,1,1,1,1
RPEGH61,1,1,1,1
RPGVQNE,1,1,1,1
RPJEHRT,1,1,1,1
RPLZDFG,1,1,1,1
RPMA8GW,1,1,1,1
RPRBP4J,1,1,1,1
RPSECKV,1,1,1,1
RPWM3FK,1,1,1,1
RPXYXD6,1,1,1,1
RQ49W68,1,1,1,1
RQ9AATH,1,1,1,1
RQBJ0X5,1,1,1,1
RQFJLEV,1,1,1,1
RQHSXOV,1,1,1,1
RQMKZCD,1,1,1,1
RQMNPPZ,1,1,1,1
RQPAMYB,1,1,1,1
RQQBPZV,1,1,1,1
RQSJSB7,1,1,1,1
RR6HSLD,1,1,1,1
RR9H8B5,1,1,1,1
RRB0B92,1,1,1,1
RRF4LA5,1,1,1,1
RRGYCN4,1,1,1,1
RRMC5IW,1,1,1,1
RRPHSXT,1,1,1,1
RRQAKLY,1,1,1,1
RRVUIKP,1,1,1,1
RRXWTPP,1,1,1,1
RS5RHK9,1,1,1,1
RS89CTH,1,1,1,1
RSATCTX,1,1,1,1
RSCBDMG,1,1,1,1
RSCTBQB,1,1,1,1
RSM9G52,1,1,1,1
RSMS84I,1,1,1,1
RSOOIXU,1,1,1,1
RSZJDCH,1,1,1,1
RT0UXRR,1,1,1,1
RT7XDPU,1,1,1,1
RTE4LZJ,1,1,1,1
RTEOIFE,1,1,1,1
RTFB2VL,1,1,1,1
RTFMEDH,1,1,1,1
RTGF0KJ,1,1,1,1
RTGZ80X,1,1,1,1
RTL83KP,1,1,1,1
RTLOOEI,1,1,1,1
RTLUKCP,1,1,1,1
RTTB46W,1,1,1,1
RTUDPYN,1,1,1,1
RTY9RUB,1,1,1,1
RTYV2QW,1,1,1,1
RTZSPKM,1,1,1,1
RU37KX8,1,1,1,1
RU7BIG8,1,1,1,1
RU804DQ,1,1,1,1
RU8K07Y,1,1,1,1
RU8SJ0X,1,1,1,1
RUAYMJV,1,1,1,1
RUHMDSG,1,1,1,1
RUHWE6A,1,1,1,1
RULA6ER,1,1,1,1
RUQD4SQ,1,1,1,1
RUSLP4T,1,1,1,1
RUU3LUT,1,1,1,1
RUVARKZ,1,1,1,1
RUX5TT4,1,1,1,1
RUYKEVE,1,1,1,1
RUZ0CHE,1,1,1,1
RUZGGUS,1,1,1,1
RV12CKR,1,1,1,1
RV1XD38,1,1,1,1
RV5ECNN,1,1,1,1
RVAUQH4,1,1,1,1
RVBKUHT,1,1,1,1
RVPH62C,1,1,1,1
RVUGZDA,1,1,1,1
RVWFR2C,1,1,1,1
RVYB2VP,1,1,1,1
RVYQRK5,1,1,1,1
RVYSQYM,1,1,1,1
RW2TSIV,1,1,1,1
RW402SD,1,1,1,1
RW8CTMN,1,1,1,1
RWADJNM,1,1,1,1
RWBKDHW,1,1,1,1
RWDRGHN,1,1,1,1
RWFHSNC,1,1,1,1
RWLKZPG,1,1,1,1
RWMEAMZ,1,1,1,1
RWNFS6P,1,1,1,1
RWOD0VS,1,1,1,1
RWOZVZW,1,1,1,1
RWWXAJM,1,1,1,1
RWZC3VO,1,1,1,1
RX4TJHK,1,1,1,1
RX7IVGT,1,1,1,1
RXAL67F,1,1,1,1
RXAZV2U,1,1,1,1
RXDJP0K,1,1,1,1
RXDMQFJ,1,1,1,1
RXGPC12,1,1,1,1
RXKO0WS,1,1,1,1
RXMZP3W,1,1,1,1
RXQVZLU,1,1,1,1
RXRP36B,1,1,1,1
RXVTJSW,1,1,1,1
RXVVDPN,1,1,1,1
RXWHMCM,1,1,1,1
RXWOTRZ,1,1,1,1
RXXCURR,1,1,1,1
RY3P8Q4,1,1,1,1
RYAHYLK,1,1,1,1
RYAKQOW,1,1,1,1
RYG0QOA,1,1,1,1
RYI0WLA,1,1,1,1
RYLFPMY,1,1,1,1
RYNLT57,1,1,1,1
RYOLW61,1,1,1,1
RYQP508,1,1,1,1
RYSGVVO,1,1,1,1
RYTTUYW,1,1,1,1
RYYAHR1,1,1,1,1
RZ9DC2B,1,1,1,1
RZD4AWX,1,1,1,1
RZEYLHH,1,1,1,1
RZF5QI5,1,1,1,1
RZFMQDD,1,1,1,1
RZH3AQ2,1,1,1,1
RZHLL2F,1,1,1,1
RZJVXOM,1,1,1,1
RZK7IPA,1,1,1,1
RZN5KPO,1,1,1,1
RZPG41Y,1,1,1,1
S015QWK,1,1,1,1
S0A37T6,1,1,1,1
S0EBJWF,1,1,1,1
S0F8BHQ,1,1,1,1
S0HFUDB,1,1,1,1
S0I9R2E,1,1,1,1
S0J18K7,1,1,1,1
S0JAOC5,1,1,1,1
S0K8PFL,1,1,1,1
S0LOQRJ,1,1,1,1
S0QV4O2,1,1,1,1
S0RZ4NT,1,1,1,1
S0UWVCG,1,1,1,1
S0W8FKE,1,1,1,1
S0ZGU8F,1,1,1,1
S112CQ8,1,1,1,1
S16V39X,1,1,1,1
S18P5DC,1,1,1,1
S1ANOVJ,1,1,1,1
S1ENGXJ,1,1,1,1
S1HN6W5,1,1,1,1
S1L35NK,1,1,1,1
S1MBHRX,1,1,1,1
S1MS5BZ,1,1,1,1
S1MTYQB,1,1,1,1
S1QVLYI,1,1,1,1
S1TAKDJ,1,1,1,1
S1UH0ME,1,1,1,1
S1XYQCJ,1,1,1,1
S23WEHI,1,1,1,1
S29ISTC,1,1,1,1
S2FWXFN,1,1,1,1
S2HXPIU,1,1,1,1
S2QA0DM,1,1,1,1
S31MZPU,1,1,1,1
S366LL6,1,1,1,1
S397QOU,1,1,1,1
S3EWYUE,1,1,1,1
S3IJJHB,1,1,1,1
S3LCQ7S,1,1,1,1
S3NA7QI,1,1,1,1
S3SYS9G,1,1,1,1
S3U5IXY,1,1,1,1
S3ZFCUL,1,1,1,1
S41JY5X,1,1,1,1
S43DI70,1,1,1,1
S4658KO,1,1,1,1
S4B10LU,1,1,1,1
S4IMPYO,1,1,1,1
S4KSJFL,1,1,1,1
S4RMB9R,1,1,1,1
S4U2XOZ,1,1,1,1
S4WXUT6,1,1,1,1
S4X0IXW,1,1,1,1
S4YX2W6,1,1,1,1
S51XLBT,1,1,1,1
S52XPIF,1,1,1,1
S56C3BY,1,1,1,1
S5AOST8,1,1,1,1
S5KJ4EY,1,1,1,1
S5LU8RX,1,1,1,1
S5NQO8R,1,1,1,1
S5TDFSS,1,1,1,1
S5W4GZJ,1,1,1,1
S5Y1ME2,1,1,1,1
S5ZJR2M,1,1,1,1
S638GY5,1,1,1,1
S66ASEL,1,1,1,1
S6ELME2,1,1,1,1
S6G2YQJ,1,1,1,1
S6G5YCY,1,1,1,1
S6IQ8WY,1,1,1,1
S6JXUVZ,1,1,1,1
S6O685W,1,1,1,1
S6S4WBU,1,1,1,1
S6UDLPL,1,1,1,1
S6VQ0DP,1,1,1,1
S6W9X27,1,1,1,1
S6ZL9PC,1,1,1,1
S73QBIE,1,1,1,1
S74MUZY,1,1,1,1
S7CJOJT,1,1,1,1
S7GTX8K,1,1,1,1
S7P0Z8M,1,1,1,1
S7RXSKT,1,1,1,1
S7Y48UA,1,1,1,1
S87TOX3,1,1,1,1
S8BDLVY,1,1,1,1
S8E8C5K,1,1,1,1
S8F64DR,1,1,1,1
S8JT2IO,1,1,1,1
S8N32XI,1,1,1,1
S8QK90F,1,1,1,1
S8S8HFW,1,1,1,1
S8SWPTE,1,1,1,1
S8SX5LH,1,1,1,1
S8ZMG3P,1,1,1,1
S97CHF5,1,1,1,1
S9C1Q0F,1,1,1,1
S9DV8JO,1,1,1,1
S9ECQY0,1,1,1,1
S9G0Y4A,1,1,1,1
S9JL0NI,1,1,1,1
S9MWBZM,1,1,1,1
S9SUDSQ,1,1,1,1
S9XIZRH,1,1,1,1
S9XQK3E,1,1,1,1
SA06Z45,1,1,1,1
SA2LK85,1,1,1,1
SA7EJCL,1,1,1,1
SA7G3F8,1,1,1,1
SAAYI5R,1,1,1,1
SADYBOK,1,1,1,1
SAEWKUY,1,1,1,1
SAFNIQ6,1,1,1,1
SAIOEJP,1,1,1,1
SAJ3YIU,1,1,1,1
SAQYWEQ,1,1,1,1
SAUQJ3B,1,1,1,1
SAWFF2J,1,1,1,1
SB1OP83,1,1,1,1
SB1ZBKB,1,1,1,1
SB46VLI,1,1,1,1
SBCQ19V,1,1,1,1
SBDFP5J,1,1,1,1
SBHKU9Y,1,1,1,1
SBIYXOE,1,1,1,1
SBKANPH,1,1,1,1
SBMZV45,1,1,1,1
SBPW9XZ,1,1,1,1
SBQ4UAE,1,1,1,1
SBSOHUT,1,1,1,1
SBTAKYA,1,1,1,1
SBVXKU4,1,1,1,1
SBW2Y7A,1,1,1,1
SBWF6KT,1,1,1,1
SBYZ5NU,1,1,1,1
SC1ZJK9,1,1,1,1
SC3YASV,1,1,1,1
SC75803,1,1,1,1
SC7OJTL,1,1,1,1
SC7YZEK,1,1,1,1
SCD4RHV,1,1,1,1
SCGRFOK,1,1,1,1
SCJHWZP,1,1,1,1
SCUZQVC,1,1,1,1
SCYA5RU,1,1,1,1
SCZPPR8,1,1,1,1
SD12N6J,1,1,1,1
SD2QVTK,1,1,1,1
SD4YKVC,1,1,1,1
SDCUSCW,1,1,1,1
SDGF9BF,1,1,1,1
SDKFRGX,1,1,1,1
SDLSMGC,1,1,1,1
SDOZE9S,1,1,1,1
SDPAJDF,1,1,1,1
SDPMVLU,1,1,1,1
SDRY5W1,1,1,1,1
SDZAZ04,1,1,1,1
SE0G89B,1,1,1,1
SE3PTOG,1,1,1,1
SE7WOG8,1,1,1,1
SECDLUF,1,1,1,1
SED125C,1,1,1,1
SEPFSRB,1,1,1,1
SEZQBMJ,1,1,1,1
SF0XQWO,1,1,1,1
SF4N7R4,1,1,1,1
SF6V3YA,1,1,1,1
SFCMFUE,1,1,1,1
SFE9RYU,1,1,1,1
SFKI4K4,1,1,1,1
SFKPTVU,1,1,1,1
SFLBNPN,1,1,1,1
SFNG1CL,1,1,1,1
SFU62XD,1,1,1,1
SFXD5TB,1,1,1,1
SFZOS49,1,1,1,1
SG0GQCT,1,1,1,1
SG3H5VO,1,1,1,1
SG3XY1J,1,1,1,1
SG654P6,1,1,1,1
SG6BAY0,1,1,1,1
SG6WBLQ,1,1,1,1
SGCPHBD,1,1,1,1
SGF7PTG,1,1,1,1
SGFB2FN,1,1,1,1
SGNDSWI,1,1,1,1
SGSZE3P,1,1,1,1
SGTKJRE,1,1,1,1
SGU7H04,1,1,1,1
SGVDBJ0,1,1,1,1
SGWDCHY,1,1,1,1
SGXG4J2,1,1,1,1
SGY1L2H,1,1,1,1
SH1VFZ6,1,1,1,1
SH6WUHD,1,1,1,1
SHE8ATB,1,1,1,1
SHFENMP,1,1,1,1
SHJ5X36,1,1,1,1
SHN3QOX,1,1,1,1
SHQI1RY,1,1,1,1
SHW6RF0,1,1,1,1
SHXANED,1,1,1,1
SI5H49E,1,1,1,1
SI6O0A1,1,1,1,1
SI98Q1R,1,1,1,1
SIBIJVE,1,1,1,1
SIDMQAO,1,1,1,1
SIGGHCQ,1,1,1,1
SIJJWZT,1,1,1,1
SIK4Q8B,1,1,1,1
SIMVI1F,1,1,1,1
SIN9LFX,1,1,1,1
SIPEGSC,1,1,1,1
SIYWEZA,1,1,1,1
SJ7A9DG,1,1,1,1
SJ7LYQU,1,1,1,1
SJANFFY,1,1,1,1
SJB1VF3,1,1,1,1
SJBKHH4,1,1,1,1
SJF8Y1K,1,1,1,1
SJGO5QP,1,1,1,1
SJHCZCT,1,1,1,1
SJKUC25,1,1,1,1
SJMBZQJ,1,1,1,1
SJPHWMY,1,1,1,1
SJPYXRD,1,1,1,1
SJRICO3,1,1,1,1
SJUVGB8,1,1,1,1
SJV4ETW,1,1,1,1
SK1WBA4,1,1,1,1
SK1XDWI,1,1,1,1
SK37XL0,1,1,1,1
SK3A045,1,1,1,1
SK6RJYO,1,1,1,1
SKCT42F,1,1,1,1
SKIOU9A,1,1,1,1
SKNZZRD,1,1,1,1
SKT5NSG,1,1,1,1
SKV3XFI,1,1,1,1
SL50Z4M,1,1,1,1
SL8NKK5,1,1,1,1
SLCPYAF,1,1,1,1
SLQH96W,1,1,1,1
SLTRKUT,1,1,1,1
SLV1RZH,1,1,1,1
SM29V4I,1,1,1,1
SM6X2G0,1,1,1,1
SMC3KBH,1,1,1,1
SMCEG1V,1,1,1,1
SMCRPDS,1,1,1,1
SMEHG2K,1,1,1,1
SMEPB3L,1,1,1,1
SMGUXYW,1,1,1,1
SMHLU9D,1,1,1,1
SMJLWM7,1,1,1,1
SMKES5O,1,1,1,1
SMLJYN0,1,1,1,1
SMMHA7X,1,1,1,1
SMMZQ3O,1,1,1,1
SMNG7TC,1,1,1,1
SMX9IG7,1,1,1,1
SN14KIP,1,1,1,1
SN1ZSRY,1,1,1,1
SN4JYVP,1,1,1,1
SN4PEXJ,1,1,1,1
SNANJES,1,1,1,1
SNDX7IU,1,1,1,1
SNDXOFU,1,1,1,1
SNIXHJU,1,1,1,1
SNUBXGJ,1,1,1,1
SNWYEG3,1,1,1,1
SNXKB3U,1,1,1,1
SO1EVF4,1,1,1,1
SO1WLCR,1,1,1,1
SO21MQR,1,1,1,1
SO27URG,1,1,1,1
SO4J09W,1,1,1,1
SOA1LPT,1,1,1,1
SOBWEDX,1,1,1,1
SODOWNQ,1,1,1,1
SOI764D,1,1,1,1
SOIDECH,1,1,1,1
SON5LGF,1,1,1,1
SORTP1H,1,1,1,1
SOUOHWB,1,1,1,1
SOUVTVQ,1,1,1,1
SOXSKUQ,1,1,1,1
SP1XF9W,1,1,1,1
SP5W3AZ,1,1,1,1
SP7RY1O,1,1,1,1
SPG9SPJ,1,1,1,1
SPGNUA1,1,1,1,1
SPGP8MM,1,1,1,1
SPGQDKW,1,1,1,1
SPGRNFI,1,1,1,1
SPHA34P,1,1,1,1
SPJS3RA,1,1,1,1
SPRA8TK,1,1,1,1
SPUC0HF,1,1,1,1
SPVU9QM,1,1,1,1
SPXFHT9,1,1,1,1
SPYF8CN,1,1,1,1
SQ1UXJ5,1,1,1,1
SQ1XM5G,1,1,1,1
SQ5YW3F,1,1,1,1
SQDJWHI,1,1,1,1
SQFIG7L,1,1,1,1
SQFWB0G,1,1,1,1
SQHP3RI,1,1,1,1
SQHQPOJ,1,1,1,1
SQJ1LMX,1,1,1,1
SQO4YTY,1,1,1,1
SQSIMRC,1,1,1,1
SQUBTXH,1,1,1,1
SQUVMAX,1,1,1,1
SQVQNAM,1,1,1,1
SQVWCCW,1,1,1,1
SQW7T80,1,1,1,1
SQWVK0U,1,1,1,1
SQYYQQP,1,1,1,1
SR1OAAN,1,1,1,1
SR2CWYA,1,1,1,1
SR2PNCL,1,1,1,1
SR3H8ZM,1,1,1,1
SR8746D,1,1,1,1
SR8YC1Q,1,1,1,1
SRFRQNB,1,1,1,1
SROEXMY,1,1,1,1
SRYNPZY,1,1,1,1
SSC3DHN,1,1,1,1
SSI9V19,1,1,1,1
SSO5XGY,1,1,1,1
SSQIVDH,1,1,1,1
SSUU6RU,1,1,1,1
SSYUHAM,1,1,1,1
SSZ4AEU,1,1,1,1
ST25LP9,1,1,1,1
ST3OVQ9,1,1,1,1
ST4QDIA,1,1,1,1
ST9RVHJ,1,1,1,1
STAZCJS,1,1,1,1
STE9U4N,1,1,1,1
STJ2OGR,1,1,1,1
STM8KPD,1,1,1,1
STPH6T4,1,1,1,1
STRQK51,1,1,1,1
STUD20C,1,1,1,1
STWO5CG,1,1,1,1
STZH0Y2,1,1,1,1
SU1P2ZI,1,1,1,1
SU1VTIO,1,1,1,1
SU2XASZ,1,1,1,1
SUGXK9I,1,1,1,1
SUHPAZD,1,1,1,1
SUKWZYX,1,1,1,1
SUNBKLE,1,1,1,1
SUQAWEP,1,1,1,1
SUT4ZMR,1,1,1,1
SUWDIN2,1,1,1,1
SV1JH3Y,1,1,1,1
SV4Q3L8,1,1,1,1
SVBEOAJ,1,1,1,1
SVDERY3,1,1,1,1
SVDYNQ0,1,1,1,1
SVEUENT,1,1,1,1
SVKY2G3,1,1,1,1
SVNGUUC,1,1,1,1
SVNOICD,1,1,1,1
SVQG0NC,1,1,1,1
SVSXY7Q,1,1,1,1
SW19EZK,1,1,1,1
SW1XCBT,1,1,1,1
SW5N9G3,1,1,1,1
SW6XNYO,1,1,1,1
SW89J7K,1,1,1,1
SW8R8VV,1,1,1,1
SWBO1DV,1,1,1,1
SWCZ5FG,1,1,1,1
SWDUR07,1,1,1,1
SWFM6JV,1,1,1,1
SWI0KD2,1,1,1,1
SWKA8G6,1,1,1,1
SWPQ7YY,1,1,1,1
SX2XSAJ,1,1,1,1
SXA0DMD,1,1,1,1
SXA9CCP,1,1,1,1
SXA9YMG,1,1,1,1
SXAOU8T,1,1,1,1
SXCCRTF,1,1,1,1
SXD16CO,1,1,1,1
SXI7KHQ,1,1,1,1
SXICLV5,1,1,1,1
SXK9MKC,1,1,1,1
SXOILWR,1,1,1,1
SXR4PZM,1,1,1,1
SXUBVJK,1,1,1,1
SXV5X0U,1,1,1,1
SXW279J,1,1,1,1
SXWBEDX,1,1,1,1
SXXRC8D,1,1,1,1
SY3CI6V,1,1,1,1
SY7RINO,1,1,1,1
SY9D2NA,1,1,1,1
SY9TK32,1,1,1,1
SYB4RNC,1,1,1,1
SYIW9WA,1,1,1,1
SYKJ2ZB,1,1,1,1
SYKPXUN,1,1,1,1
SYLKEGC,1,1,1,1
SYM6V81,1,1,1,1
SYPAHW7,1,1,1,1
SYQV2GA,1,1,1,1
SYRB2X9,1,1,1,1
SYRTCPL,1,1,1,1
SYUH4VO,1,1,1,1
SYWC8VC,1,1,1,1
SZ4KIKF,1,1,1,1
SZ8WNMO,1,1,1,1
SZ8ZHUU,1,1,1,1
SZAEC3U,1,1,1,1
SZB1WCW,1,1,1,1
SZCB8AO,1,1,1,1
SZHHCKC,1,1,1,1
SZI1UNO,1,1,1,1
SZJXW5E,1,1,1,1
SZL81CR,1,1,1,1
SZLLLMS,1,1,1,1
SZNEH1V,1,1,1,1
SZNZWLT,1,1,1,1
SZQPDGY,1,1,1,1
SZRKWYX,1,1,1,1
SZT47JM,1,1,1,1
SZVFBPH,1,1,1,1
SZWNVB3,1,1,1,1
T02281G,1,1,1,1
T025FQN,1,1,1,1
T09IIYS,1,1,1,1
T0M3UAH,1,1,1,1
T0VHDHR,1,1,1,1
T1CMF54,1,1,1,1
T1GFR7X,1,1,1,1
T1MFCBE,1,1,1,1
T1SQYFI,1,1,1,1
T1UFRJ5,1,1,1,1
T1VCFHG,1,1,1,1
T1WBQLB,1,1,1,1
T2ASN4Q,1,1,1,1
T2CBIGP,1,1,1,1
T2FMJZZ,1,1,1,1
T2JPMIU,1,1,1,1
T2MY8HJ,1,1,1,1
T2SO4ES,1,1,1,1
T2UKGMQ,1,1,1,1
T2XQMAR,1,1,1,1
T33LGJ5,1,1,1,1
T39XBSG,1,1,1,1
T39YZVX,1,1,1,1
T3APYCO,1,1,1,1
T3CNNSL,1,1,1,1
T3CWS7B,1,1,1,1
T3H1F0I,1,1,1,1
T3N5107,1,1,1,1
T3SQFMQ,1,1,1,1
T42I5VS,1,1,1,1
T45FMSN,1,1,1,1
T4B9FYJ,1,1,1,1
T4ELKZS,1,1,1,1
T4FQFI8,1,1,1,1
T4GU5DO,1,1,1,1
T4H9JLF,1,1,1,1
T4HU8CA,1,1,1,1
T4QUVPQ,1,1,1,1
T4QZNUI,1,1,1,1
T4SJIIE,1,1,1,1
T4SSXJK,1,1,1,1
T4UD5CC,1,1,1,1
T568EN0,1,1,1,1
T5BI9C6,1,1,1,1
T5BIEOX,1,1,1,1
T5KHZWE,1,1,1,1
T5VLU2H,1,1,1,1
T5YWRKU,1,1,1,1
T62ZB6E,1,1,1,1
T641CYB,1,1,1,1
T6DOHR2,1,1,1,1
T6J1WIX,1,1,1,1
T6LX13O,1,1,1,1
T6OE4MR,1,1,1,1
T6U0J92,1,1,1,1
T6VGMYV,1,1,1,1
T7G914Y,1,1,1,1
T7JRISQ,1,1,1,1
T7K6HIV,1,1,1,1
T7LFC2X,1,1,1,1
T7MCSVN,1,1,1,1
T7S9IBB,1,1,1,1
T7W1IEL,1,1,1,1
T7WCD0Y,1,1,1,1
T7Y0XQL,1,1,1,1
T80OMI1,1,1,1,1
T86R2CD,1,1,1,1
T8ICIZ6,1,1,1,1
T8JIF43,1,1,1,1
T8M3U5N,1,1,1,1
T8U3ZTP,1,1,1,1
T8WBPBC,1,1,1,1
T9R9IXB,1,1,1,1
T9SYUMX,1,1,1,1
T9UZ6S2,1,1,1,1
TA7B206,1,1,1,1
TACC1ET,1,1,1,1
TAEUV2L,1,1,1,1
TAIBTJB,1,1,1,1
TAJV3IE,1,1,1,1
TAON0DP,1,1,1,1
TAR5SUC,1,1,1,1
TATZGBI,1,1,1,1
TAZAKBK,1,1,1,1
TAZM4XW,1,1,1,1
TAZRJDH,1,1,1,1
TAZU35I,1,1,1,1
TB1UBGB,1,1,1,1
TB6KGFW,1,1,1,1
TB74L8W,1,1,1,1
TBFIGY5,1,1,1,1
TBHIW1R,1,1,1,1
TBLIC9V,1,1,1,1
TBMKZSL,1,1,1,1
TBNY42M,1,1,1,1
TBORGH1,1,1,1,1
TBR8FU7,1,1,1,1
TBTBPX6,1,1,1,1
TBTT6MC,1,1,1,1
TBUEBJC,1,1,1,1
TBYVU9Q,1,1,1,1
TC29CXV,1,1,1,1
TC8QLK9,1,1,1,1
TC9F6ZI,1,1,1,1
TCC0CFH,1,1,1,1
TCFAO2V,1,1,1,1
TCM0JLA,1,1,1,1
TCOGIHJ,1,1,1,1
TCRRYYR,1,1,1,1
TCVQ3XZ,1,1,1,1
TCWFKDQ,1,1,1,1
TD0GCYX,1,1,1,1
TD0NPPR,1,1,1,1
TD1XNOW,1,1,1,1
TD6JTAA,1,1,1,1
TD8IIZJ,1,1,1,1
TDCFMJF,1,1,1,1
TDDR4CO,1,1,1,1
TDHF3K3,1,1,1,1
TDJDK8R,1,1,1,1
TDKHG5A,1,1,1,1
TDLNKY4,1,1,1,1
TDMOIBW,1,1,1,1
TDQN878,1,1,1,1
TDRYAH6,1,1,1,1
TDU07SN,1,1,1,1
TDU47EO,1,1,1,1
TE4F4IW,1,1,1,1
TE7D0TX,1,1,1,1
TE7TYN1,1,1,1,1
TE9R6NN,1,1,1,1
TEC5H36,1,1,1,1
TECMOJ3,1,1,1,1
TED87SI,1,1,1,1
TEES5PM,1,1,1,1
TEJI546,1,1,1,1
TEMD6U3,1,1,1,1
TENP6HK,1,1,1,1
TEZGEZS,1,1,1,1
TEZX7I3,1,1,1,1
TF3G2C6,1,1,1,1
TF5J63Y,1,1,1,1
TF7ILPI,1,1,1,1
TFAN5VR,1,1,1,1
TFJW0MQ,1,1,1,1
TFKAAES,1,1,1,1
TFOGF6S,1,1,1,1
TFOVI3I,1,1,1,1
TFP9NZL,1,1,1,1
TFPIENS,1,1,1,1
TFQLH4N,1,1,1,1
TFS4PU7,1,1,1,1
TFSZMFE,1,1,1,1
TFUR2NH,1,1,1,1
TFVJ1DG,1,1,1,1
TFWC3OR,1,1,1,1
TFX1IR6,1,1,1,1
TFXK7U8,1,1,1,1
TFZ0MBW,1,1,1,1
TG6UW2V,1,1,1,1
TGESVKA,1,1,1,1
TGHFS8A,1,1,1,1
TGJTAFH,1,1,1,1
TGLNAJN,1,1,1,1
TGQP02J,1,1,1,1
TGR7TMH,1,1,1,1
TGRK1GM,1,1,1,1
TGSUJMA,1,1,1,1
TGVSF58,1,1,1,1
TGYHFRP,1,1,1,1
TGZF8X1,1,1,1,1
TH4F13A,1,1,1,1
TH6FY45,1,1,1,1
THCMD4Q,1,1,1,1
THK532Q,1,1,1,1
THMLR6K,1,1,1,1
THP7D6G,1,1,1,1
THQYJO4,1,1,1,1
THREQJT,1,1,1,1
THWSOLX,1,1,1,1
THX2XPE,1,1,1,1
THY4973,1,1,1,1
THYETNN,1,1,1,1
THYO2VR,1,1,1,1
THZKBJW,1,1,1,1
THZW3PZ,1,1,1,1
TI0L17J,1,1,1,1
TI3WXOE,1,1,1,1
TI5D604,1,1,1,1
TIBOBXL,1,1,1,1
TICNBVE,1,1,1,1
TIE0NQF,1,1,1,1
TIE2YMH,1,1,1,1
TIEEN55,1,1,1,1
TIEPGYZ,1,1,1,1
TIGNVRB,1,1,1,1
TIGP97B,1,1,1,1
TII6R3I,1,1,1,1
TIIQR7W,1,1,1,1
TIQRV0D,1,1,1,1
TIRJ9LW,1,1,1,1
TIS7685,1,1,1,1
TISO2UF,1,1,1,1
TIXVZKQ,1,1,1,1
TJ0UZX9,1,1,1,1
TJ2ZYAZ,1,1,1,1
TJ9R6LZ,1,1,1,1
TJARQMR,1,1,1,1
TJASN83,1,1,1,1
TJCDAWP,1,1,1,1
TJES6GX,1,1,1,1
TJK0QW3,1,1,1,1
TJNDKFY,1,1,1,1
TJSDFBJ,1,1,1,1
TJUQTOP,1,1,1,1
TJWHVXU,1,1,1,1
TK5ZRA9,1,1,1,1
TK69VRO,1,1,1,1
TKDQXIA,1,1,1,1
TKFJFEZ,1,1,1,1
TKHDXFE,1,1,1,1
TKLG7XI,1,1,1,1
TKNFR8L,1,1,1,1
TKPREKC,1,1,1,1
TKRGQE3,1,1,1,1
TKVLILW,1,1,1,1
TKVUDTP,1,1,1,1
TKXBR1V,1,1,1,1
TLAI8ML,1,1,1,1
TLD67W1,1,1,1,1
TLE3KLC,1,1,1,1
TLG5KXE,1,1,1,1
TLK8WMV,1,1,1,1
TLNSQS9,1,1,1,1
TLOPSW6,1,1,1,1
TLOXOTV,1,1,1,1
TLR4ST9,1,1,1,1
TLY5CQO,1,1,1,1
TLYD2QV,1,1,1,1
TM3GHHF,1,1,1,1
TM4Y7D9,1,1,1,1
TMDIIUZ,1,1,1,1
TMEILOW,1,1,1,1
TMIGWKU,1,1,1,1
TMJYY1D,1,1,1,1
TMLJIJV,1,1,1,1
TMRB4W7,1,1,1,1
TMUNDZJ,1,1,1,1
TMW9IO5,1,1,1,1
TMZOSTE,1,1,1,1
TN4IOPG,1,1,1,1
TN51KUP,1,1,1,1
TN9JB0J,1,1,1,1
TNAIV2T,1,1,1,1
TNAPMGR,1,1,1,1
TNDY5BO,1,1,1,1
TNE0DP9,1,1,1,1
TNHFG8I,1,1,1,1
TNHIM61,1,1,1,1
TNP4FHV,1,1,1,1
TNP6OCN,1,1,1,1
TNQDNT2,1,1,1,1
TNUHQRA,1,1,1,1
TO4OQ0A,1,1,1,1
TOCDU7Y,1,1,1,1
TOCWMRI,1,1,1,1
TOEQ9ZC,1,1,1,1
TOF13KR,1,1,1,1
TOLPEZR,1,1,1,1
TONFEP2,1,1,1,1
TOQ2XHM,1,1,1,1
TOTD3HI,1,1,1,1
TOUYBIT,1,1,1,1
TOXNYY8,1,1,1,1
TOY3X2T,1,1,1,1
TOZYWZG,1,1,1,1
TP23OCK,1,1,1,1
TP2ZADB,1,1,1,1
TP8I1YY,1,1,1,1
TPEMT2O,1,1,1,1
TPLJX76,1,1,1,1
TPLXBYD,1,1,1,1
TPTFCOU,1,1,1,1
TPZBHHE,1,1,1,1
TPZRFU5,1,1,1,1
TQ0PBUE,1,1,1,1
TQ52R61,1,1,1,1
TQAPEZY,1,1,1,1
TQCHESW,1,1,1,1
TQFSUCO,1,1,1,1
TQJDHYE,1,1,1,1
TQJRKVC,1,1,1,1
TQKRJS5,1,1,1,1
TQKXSGI,1,1,1,1
TQOZY8L,1,1,1,1
TQQTA5E,1,1,1,1
TQR8AFK,1,1,1,1
TQRX98F,1,1,1,1
TQSNF1E,1,1,1,1
TQX70NS,1,1,1,1
TQXQ4SP,1,1,1,1
TQY9HKJ,1,1,1,1
TQZOMCC,1,1,1,1
TR5O8ZU,1,1,1,1
TRDWGXH,1,1,1,1
TREZJZ8,1,1,1,1
TRK09DV,1,1,1,1
TROABIV,1,1,1,1
TROUKVZ,1,1,1,1
TRPAGMH,1,1,1,1
TRPDIEP,1,1,1,1
TRQM8B0,1,1,1,1
TRU0FX0,1,1,1,1
TRZE7GA,1,1,1,1
TS0YLRK,1,1,1,1
TS6ERQ9,1,1,1,1
TSABTWS,1,1,1,1
TSB9MXD,1,1,1,1
TSDMXW7,1,1,1,1
TSG5B4Z,1,1,1,1
TSH5OXX,1,1,1,1
TSJ22VN,1,1,1,1
TSM91W3,1,1,1,1
TSQPWIG,1,1,1,1
TSSTPBK,1,1,1,1
TSTQG3L,1,1,1,1
TSVG9JQ,1,1,1,1
TT1WNDF,1,1,1,1
TT9JLSQ,1,1,1,1
TTBXLFB,1,1,1,1
TTFVOQ6,1,1,1,1
TTIUCYB,1,1,1,1
TTKD1PC,1,1,1,1
TTRENT0,1,1,1,1
TTRKZGE,1,1,1,1
TTRRXBQ,1,1,1,1
TTT1NMO,1,1,1,1
TTVIDGR,1,1,1,1
TTYO5LM,1,1,1,1
TTYU4HX,1,1,1,1
TU6P3NS,1,1,1,1
TU9HI0L,1,1,1,1
TUDFKHA,1,1,1,1
TUDP0LF,1,1,1,1
TUNM4KN,1,1,1,1
TUOYZDX,1,1,1,1
TUPSY8O,1,1,1,1
TURFVRA,1,1,1,1
TURMKDB,1,1,1,1
TUUGTWX,1,1,1,1
TUX6EZI,1,1,1,1
TUYQJM0,1,1,1,1
TV0AAV5,1,1,1,1
TV0BQ13,1,1,1,1
TV1XIW4,1,1,1,1
TVA63RS,1,1,1,1
TVBHHDW,1,1,1,1
TVDQ87S,1,1,1,1
TVDR0CP,1,1,1,1
TVHHJVU,1,1,1,1
TVK5XFC,1,1,1,1
TVNY51I,1,1,1,1
TVOFB1B,1,1,1,1
TVQXYWH,1,1,1,1
TVS6WL0,1,1,1,1
TVTFRYZ,1,1,1,1
TW24UCA,1,1,1,1
TW2FW66,1,1,1,1
TW5RG2B,1,1,1,1
TW8UJEB,1,1,1,1
TW9DA8B,1,1,1,1
TWAL2O7,1,1,1,1
TWBO1TG,1,1,1,1
TWFW1OU,1,1,1,1
TWIQJSF,1,1,1,1
TWM3EX9,1,1,1,1
TWSO9E1,1,1,1,1
TWUAELP,1,1,1,1
TWUUB6Q,1,1,1,1
TWVCK77,1,1,1,1
TWWCN2A,1,1,1,1
TX1UQWA,1,1,1,1
TX3WM1R,1,1,1,1
TX4ONPS,1,1,1,1
TX9KB7F,1,1,1,1
TXAN02H,1,1,1,1
TXH2MZ9,1,1,1,1
TXI67WL,1,1,1,1
TXJLV38,1,1,1,1
TXNJY1R,1,1,1,1
TXP815V,1,1,1,1
TXS164C,1,1,1,1
TXSKITG,1,1,1,1
TXWO5BA,1,1,1,1
TXYQ26M,1,1,1,1
TY1BOPX,1,1,1,1
TY1ZLJN,1,1,1,1
TY8K7MO,1,1,1,1
TY8XPR0,1,1,1,1
TYC5OFB,1,1,1,1
TYDCYDM,1,1,1,1
TYDGZCW,1,1,1,1
TYDIYGZ,1,1,1,1
TYDR6ZS,1,1,1,1
TYH7MEO,1,1,1,1
TYHQVRN,1,1,1,1
TYIZ1PB,1,1,1,1
TYK4LI7,1,1,1,1
TYNXGXK,1,1,1,1
TYPJ53H,1,1,1,1
TYQ73Z4,1,1,1,1
TYQJUI8,1,1,1,1
TYQLO6T,1,1,1,1
TYWIMT6,1,1,1,1
TYZ6XUT,1,1,1,1
TYZCK5S,1,1,1,1
TZENF2X,1,1,1,1
TZGHEEU,1,1,1,1
TZHCGIN,1,1,1,1
TZJ42TF,1,1,1,1
TZJQA6G,1,1,1,1
TZKH8QJ,1,1,1,1
TZLHIBJ,1,1,1,1
TZMN3K5,1,1,1,1
TZPJ0TT,1,1,1,1
TZRELMQ,1,1,1,1
TZYK2LM,1,1,1,1
TZZAIED,1,1,1,1
U09V0TP,1,1,1,1
U0EYCHZ,1,1,1,1
U0GQRVA,1,1,1,1
U0IBGE7,1,1,1,1
U0J72TV,1,1,1,1
U0KYRZT,1,1,1,1
U0L9TTD,1,1,1,1
U0LBZ3G,1,1,1,1
U0MFPLS,1,1,1,1
U0MZ7O8,1,1,1,1
U0NRTBB,1,1,1,1
U12LXH5,1,1,1,1
U14YTZU,1,1,1,1
U17FVNH,1,1,1,1
U1HXLDA,1,1,1,1
U1JY5XZ,1,1,1,1
U1NMTOM,1,1,1,1
U1OYHDF,1,1,1,1
U1U4AEO,1,1,1,1
U1W3FCM,1,1,1,1
U21X06V,1,1,1,1
U248VYK,1,1,1,1
U25GCOV,1,1,1,1
U29T7AG,1,1,1,1
U2ML2QO,1,1,1,1
U2P3F1N,1,1,1,1
U2PYQ8E,1,1,1,1
U2RH8WT,1,1,1,1
U2VGJBP,1,1,1,1
U30EXZB,1,1,1,1
U34WNPH,1,1,1,1
U3GLUIH,1,1,1,1
U3U7LDB,1,1,1,1
U3UZ8RY,1,1,1,1
U3VV0N2,1,1,1,1
U3ZOFYT,1,1,1,1
U40X85F,1,1,1,1
U45MGHF,1,1,1,1
U46SL1N,1,1,1,1
U47DHGC,1,1,1,1
U4973LR,1,1,1,1
U49CTRY,1,1,1,1
U49R63L,1,1,1,1
U4ANRKM,1,1,1,1
U4BLUGC,1,1,1,1
U4EI6J8,1,1,1,1
U4IYS20,1,1,1,1
U4NZQCF,1,1,1,1
U4PDB3L,1,1,1,1
U4RLY1O,1,1,1,1
U4SWVKL,1,1,1,1
U4TLTCI,1,1,1,1
U4YJSTI,1,1,1,1
U57QSWW,1,1,1,1
U5862FM,1,1,1,1
U5AFDLW,1,1,1,1
U5EGX4Q,1,1,1,1
U5FL0C2,1,1,1,1
U5GA6P9,1,1,1,1
U5GVNZH,1,1,1,1
U5JT361,1,1,1,1
U5MTHYT,1,1,1,1
U5WCVZH,1,1,1,1
U5YO0MF,1,1,1,1
U60XMTX,1,1,1,1
U619HZS,1,1,1,1
U61TFFA,1,1,1,1
U63D7Y1,1,1,1,1
U65QWV7,1,1,1,1
U69SXDF,1,1,1,1
U6ASLMJ,1,1,1,1
U6MG9ON,1,1,1,1
U6QSQC6,1,1,1,1
U6R714K,1,1,1,1
U6S5TXA,1,1,1,1
U6TOMD8,1,1,1,1
U6V7RRT,1,1,1,1
U6WEG50,1,1,1,1
U6Y1PMR,1,1,1,1
U6ZB6IT,1,1,1,1
U7FQAKX,1,1,1,1
U7G2JJQ,1,1,1,1
U7LJS3Q,1,1,1,1
U7V1H4J,1,1,1,1
U7VFQMC,1,1,1,1
U7VGJ5Z,1,1,1,1
U7Y4CVQ,1,1,1,1
U7YT5PE,1,1,1,1
U82T3WT,1,1,1,1
U85YGR1,1,1,1,1
U8AN0H6,1,1,1,1
U8BKGA4,1,1,1,1
U8EEI1T,1,1,1,1
U8G2NNC,1,1,1,1
U8GPD05,1,1,1,1
U8H7S0N,1,1,1,1
U8MLEHK,1,1,1,1
U8O0Q6I,1,1,1,1
U8PTS6D,1,1,1,1
U8QJFN6,1,1,1,1
U8RHKOC,1,1,1,1
U8V1WS5,1,1,1,1
U8V9YNT,1,1,1,1
U8YSA12,1,1,1,1
U93IK72,1,1,1,1
U94G8VI,1,1,1,1
U985C0X,1,1,1,1
U9BOATC,1,1,1,1
U9ECG5U,1,1,1,1
U9GVPID,1,1,1,1
U9LTMWV,1,1,1,1
U9NCGGR,1,1,1,1
U9O7B2S,1,1,1,1
U9VYDZB,1,1,1,1
U9WLZCX,1,1,1,1
U9Z1H8R,1,1,1,1
U9ZVYBA,1,1,1,1
UA4CFKP,1,1,1,1
UA4IBCD,1,1,1,1
UAEYV1S,1,1,1,1
UAHC0GF,1,1,1,1
UAKYH1L,1,1,1,1
UAPZ236,1,1,1,1
UAVHLKJ,1,1,1,1
UB0TSSY,1,1,1,1
UB1CB3O,1,1,1,1
UBDKGLY,1,1,1,1
UBEFIV3,1,1,1,1
UBFOVWM,1,1,1,1
UBGRT5S,1,1,1,1
UBI8ODY,1,1,1,1
UBO0AZB,1,1,1,1
UBOW4MH,1,1,1,1
UBPKGH4,1,1,1,1
UBPM5D4,1,1,1,1
UBT5777,1,1,1,1
UBTFIID,1,1,1,1
UBWXCMF,1,1,1,1
UBXALCK,1,1,1,1
UBXI75R,1,1,1,1
UC05TTO,1,1,1,1
UC3JII2,1,1,1,1
UC3WFXX,1,1,1,1
UCF348B,1,1,1,1
UCK5RNZ,1,1,1,1
UCMDFSX,1,1,1,1
UCN9XJI,1,1,1,1
UCP2OLD,1,1,1,1
UCPVQ7L,1,1,1,1
UCZ6KQG,1,1,1,1
UCZSXLB,1,1,1,1
UD8GLIV,1,1,1,1
UDAEPIG,1,1,1,1
UDB88TJ,1,1,1,1
UDELM6H,1,1,1,1
UDJSEFU,1,1,1,1
UDL5FGE,1,1,1,1
UDNEWZM,1,1,1,1
UDPPUUS,1,1,1,1
UDROZS7,1,1,1,1
UDTX5P0,1,1,1,1
UDTZ0EC,1,1,1,1
UDZ8QCE,1,1,1,1
UE1MA0F,1,1,1,1
UE29LZA,1,1,1,1
UE5VGDR,1,1,1,1
UE7PFWI,1,1,1,1
UEBI2IT,1,1,1,1
UECNWSG,1,1,1,1
UEDVTWM,1,1,1,1
UEEGCST,1,1,1,1
UEFGTNQ,1,1,1,1
UEGH773,1,1,1,1
UENHX3J,1,1,1,1
UEOEUZR,1,1,1,1
UEOGBZS,1,1,1,1
UERVZBF,1,1,1,1
UES8OCD,1,1,1,1
UETX6OZ,1,1,1,1
UEX5VZC,1,1,1,1
UF0HXDM,1,1,1,1
UF10BPM,1,1,1,1
UF1PRME,1,1,1,1
UF1X7SY,1,1,1,1
UF2WGTB,1,1,1,1
UF3QGT8,1,1,1,1
UF4LN25,1,1,1,1
UF4PGY2,1,1,1,1
UF7A58A,1,1,1,1
UFADPL0,1,1,1,1
UFH5OFH,1,1,1,1
UFS89UO,1,1,1,1
UFV8HWJ,1,1,1,1
UFYAWRC,1,1,1,1
UG1F5JK,1,1,1,1
UGDOTQ4,1,1,1,1
UGHFZPL,1,1,1,1
UGILWQH,1,1,1,1
UGJM5O2,1,1,1,1
UGLKEHY,1,1,1,1
UGP9OAK,1,1,1,1
UGPGZTA,1,1,1,1
UGPI5UJ,1,1,1,1
UGUGICF,1,1,1,1
UGZ6041,1,1,1,1
UGZYOHT,1,1,1,1
UH0KQ5D,1,1,1,1
UH1DK64,1,1,1,1
UH66SES,1,1,1,1
UHBKTYP,1,1,1,1
UHJBCXF,1,1,1,1
UHMEXX0,1,1,1,1
UHON71A,1,1,1,1
UHP64GY,1,1,1,1
UHQL8V1,1,1,1,1
UHSGII0,1,1,1,1
UHWO6EH,1,1,1,1
UI4EYDK,1,1,1,1
UI4YQVW,1,1,1,1
UIB195W,1,1,1,1
UIB1VFS,1,1,1,1
UIEU7WD,1,1,1,1
UIFNO6X,1,1,1,1
UIK6V80,1,1,1,1
UILFRLL,1,1,1,1
UILZQNF,1,1,1,1
UIORLN3,1,1,1,1
UIRYHQJ,1,1,1,1
UISR0OF,1,1,1,1
UISZE4G,1,1,1,1
UIYNE75,1,1,1,1
UIZSC4T,1,1,1,1
UJ2LHDX,1,1,1,1
UJ4ARIZ,1,1,1,1
UJ5FKPY,1,1,1,1
UJ8E9CI,1,1,1,1
UJBLT6V,1,1,1,1
UJHZPVZ,1,1,1,1
UJODTWR,1,1,1,1
UJOIRIX,1,1,1,1
UJPV1R3,1,1,1,1
UJTWG7A,1,1,1,1
UJUMLTU,1,1,1,1
UJVNBVY,1,1,1,1
UK6DC64,1,1,1,1
UK7K4JT,1,1,1,1
UK7OANG,1,1,1,1
UKD5RKF,1,1,1,1
UKHSCK6,1,1,1,1
UKJC78G,1,1,1,1
UKKEHLS,1,1,1,1
UKL4API,1,1,1,1
UKL4VRB,1,1,1,1
UKTEJAH,1,1,1,1
UKVALM0,1,1,1,1
UKVCTAG,1,1,1,1
UKXEIWT,1,1,1,1
UKYPG57,1,1,1,1
UL70Z8P,1,1,1,1
UL7FOMK,1,1,1,1
UL8RILR,1,1,1,1
ULCTR7I,1,1,1,1
ULDLIVW,1,1,1,1
ULEVLYV,1,1,1,1
ULF7C8P,1,1,1,1
ULHBVUP,1,1,1,1
ULJSXMN,1,1,1,1
ULKUFLG,1,1,1,1
ULP7OYS,1,1,1,1
ULPCTBR,1,1,1,1
UM96O1V,1,1,1,1
UMDXZ35,1,1,1,1
UMGGKGF,1,1,1,1
UMGJ3D8,1,1,1,1
UMKYOKU,1,1,1,1
UMNN0MW,1,1,1,1
UMSR8K0,1,1,1,1
UMSZVCW,1,1,1,1
UMWRKLN,1,1,1,1
UMX6JTQ,1,1,1,1
UN7GMCB,1,1,1,1
UNBQLPA,1,1,1,1
UND16O3,1,1,1,1
UNI2F5E,1,1,1,1
UNI6B4D,1,1,1,1
UNIFAD4,1,1,1,1
UNLRKPT,1,1,1,1
UNMT2L4,1,1,1,1
UNND6GA,1,1,1,1
UNNE7EP,1,1,1,1
UNOLIHA,1,1,1,1
UNPS5VA,1,1,1,1
UNVZZFM,1,1,1,1
UNZHFTQ,1,1,1,1
UNZR4MD,1,1,1,1
UO4YPD1,1,1,1,1
UO6YE8I,1,1,1,1
UOBAYIS,1,1,1,1
UODXQLV,1,1,1,1
UOEXTSZ,1,1,1,1
UOFGRAV,1,1,1,1
UOL0FYH,1,1,1,1
UOLGPQE,1,1,1,1
UOLOCKD,1,1,1,1
UOLV8HU,1,1,1,1
UONJPQG,1,1,1,1
UONKV8M,1,1,1,1
UOOTBFX,1,1,1,1
UOPD0VS,1,1,1,1
UOQR5VE,1,1,1,1
UOSFQVI,1,1,1,1
UOTI2YH,1,1,1,1
UOVX2AD,1,1,1,1
UP2FP1H,1,1,1,1
UP32C49,1,1,1,1
UP690GE,1,1,1,1
UP8VDYC,1,1,1,1
UPI0SF6,1,1,1,1
UPNY9X1,1,1,1,1
UPPMLYR,1,1,1,1
UPQE0AW,1,1,1,1
UPQOEID,1,1,1,1
UPRFCRL,1,1,1,1
UPRTEZ3,1,1,1,1
UPS0GZ7,1,1,1,1
UPWC2YN,1,1,1,1
UPY5MAM,1,1,1,1
UPYGLLM,1,1,1,1
UPYNVUR,1,1,1,1
UPZPSFU,1,1,1,1
UQ1OV7F,1,1,1,1
UQ2MPNV,1,1,1,1
UQ35LY6,1,1,1,1
UQ722DI,1,1,1,1
UQA4GE7,1,1,1,1
UQBO2FP,1,1,1,1
UQHTDIZ,1,1,1,1
UQHWNAC,1,1,1,1
UQI3S3Z,1,1,1,1
UQLB4KN,1,1,1,1
UQTEURB,1,1,1,1
UQWXVJZ,1,1,1,1
UQXSMW8,1,1,1,1
UR8WGLV,1,1,1,1
UR974NH,1,1,1,1
URCKY5N,1,1,1,1
URFKEGM,1,1,1,1
URGCBVA,1,1,1,1
URSJEMN,1,1,1,1
URTEWLZ,1,1,1,1
US3U8A6,1,1,1,1
USEE7J4,1,1,1,1
USFYGL7,1,1,1,1
USSAJ4M,1,1,1,1
USSPYNB,1,1,1,1
USUO06Z,1,1,1,1
USVOPTZ,1,1,1,1
UT0XVBO,1,1,1,1
UT2TQKD,1,1,1,1
UT4S05K,1,1,1,1
UTC0HJS,1,1,1,1
UTCEGBO,1,1,1,1
UTHBO96,1,1,1,1
UTHQ3NC,1,1,1,1
UTHUMQL,1,1,1,1
UTIATJD,1,1,1,1
UTKLAVN,1,1,1,1
UTTWYVP,1,1,1,1
UTU8FNI,1,1,1,1
UTXYSN9,1,1,1,1
UUAI7IQ,1,1,1,1
UUJ2TTM,1,1,1,1
UUJLT3L,1,1,1,1
UUJSY1I,1,1,1,1
UULRSKJ,1,1,1,1
UUUMCX3,1,1,1,1
UUV5UPD,1,1,1,1
UUVCGGZ,1,1,1,1
UUWSFVZ,1,1,1,1
UUXAFXQ,1,1,1,1
UUYAAWC,1,1,1,1
UV0W2FC,1,1,1,1
UV4AXLC,1,1,1,1
UV67GK6,1,1,1,1
UVBPNDH,1,1,1,1
UVFAM9P,1,1,1,1
UVFRHIY,1,1,1,1
UVGCPVA,1,1,1,1
UVGGXHW,1,1,1,1
UVJ40KN,1,1,1,1
UVPMEBF,1,1,1,1
UVSP0CY,1,1,1,1
UVVGK8D,1,1,1,1
UVXI11E,1,1,1,1
UW1J4KE,1,1,1,1
UW3FLXN,1,1,1,1
UW3HXMW,1,1,1,1
UW5ZN9U,1,1,1,1
UWBZNQK,1,1,1,1
UWE6HRJ,1,1,1,1
UWED8IB,1,1,1,1
UWIF9KC,1,1,1,1
UWOKH8G,1,1,1,1
UWS94EX,1,1,1,1
UWUSWQX,1,1,1,1
UWVD2KW,1,1,1,1
UWVGEAQ,1,1,1,1
UWVRL5F,1,1,1,1
UXEDS69,1,1,1,1
UXFHTJL,1,1,1,1
UXH3W1I,1,1,1,1
UXT9IL7,1,1,1,1
UXTC2OF,1,1,1,1
UXUECUL,1,1,1,1
UY2LUHK,1,1,1,1
UY7YGSU,1,1,1,1
UYBVBQS,1,1,1,1
UYEGVP8,1,1,1,1
UYHCBGH,1,1,1,1
UYIELCD,1,1,1,1
UYMJ754,1,1,1,1
UYR7AKO,1,1,1,1
UYWXW3E,1,1,1,1
UYXDO5H,1,1,1,1
UYZMA7N,1,1,1,1
UYZV4UB,1,1,1,1
UZ1A9TX,1,1,1,1
UZADPZE,1,1,1,1
UZFUEKP,1,1,1,1
UZGKPCJ,1,1,1,1
UZGURQJ,1,1,1,1
UZKAHCO,1,1,1,1
UZOXISZ,1,1,1,1
UZTG0NV,1,1,1,1
V021BME,1,1,1,1
V0CRZU1,1,1,1,1
V0HIMWT,1,1,1,1
V0IY2XR,1,1,1,1
V0KUOM3,1,1,1,1
V0NX37S,1,1,1,1
V0SP9T7,1,1,1,1
V0TMIDI,1,1,1,1
V0U4JIE,1,1,1,1
V10K1B0,1,1,1,1
V18KZ3F,1,1,1,1
V1AW3YL,1,1,1,1
V1CNBGK,1,1,1,1
V1M7AFG,1,1,1,1
V1RXM1L,1,1,1,1
V1RZATP,1,1,1,1
V1U6ZIB,1,1,1,1
V1UZTDR,1,1,1,1
V1VU8OX,1,1,1,1
V1WDNCL,1,1,1,1
V1X0RJF,1,1,1,1
V1YHU48,1,1,1,1
V2G9A1N,1,1,1,1
V2IXZOH,1,1,1,1
V2JGAZ8,1,1,1,1
V2M8KC0,1,1,1,1
V2MY970,1,1,1,1
V2NG5IX,1,1,1,1
V2P6JKC,1,1,1,1
V2WIETP,1,1,1,1
V2WJXTZ,1,1,1,1
V31YCS9,1,1,1,1
V39V5RF,1,1,1,1
V3ALB9K,1,1,1,1
V3JAOWN,1,1,1,1
V3UJX9M,1,1,1,1
V3W1MYF,1,1,1,1
V3WFWZ3,1,1,1,1
V49MLRD,1,1,1,1
V4NAE5L,1,1,1,1
V4SWZYA,1,1,1,1
V567MKE,1,1,1,1
V56KNWL,1,1,1,1
V5AJXEC,1,1,1,1
V5BCPMR,1,1,1,1
V5FGN9N,1,1,1,1
V5IJYIW,1,1,1,1
V5J9Y8L,1,1,1,1
V5K0TX1,1,1,1,1
V5QDJHW,1,1,1,1
V5X4U7Q,1,1,1,1
V5XHNTB,1,1,1,1
V5XK9Z1,1,1,1,1
V62PTMF,1,1,1,1
V6C0E7A,1,1,1,1
V6DLBG0,1,1,1,1
V6J9AHT,1,1,1,1
V6KC5P1,1,1,1,1
V6OZCRP,1,1,1,1
V6P129K,1,1,1,1
V6PY5FL,1,1,1,1
V6PYKO1,1,1,1,1
V6XPTUE,1,1,1,1
V78Z8DY,1,1,1,1
V7E0RG6,1,1,1,1
V7HW95T,1,1,1,1
V7MS2T9,1,1,1,1
V7N7CIJ,1,1,1,1
V7QH2KJ,1,1,1,1
V7RU6DQ,1,1,1,1
V81ELFX,1,1,1,1
V8EBHA3,1,1,1,1
V8F1KI1,1,1,1,1
V8LHSIK,1,1,1,1
V8RUBK9,1,1,1,1
V8TEJ2F,1,1,1,1
V8XL0DO,1,1,1,1
V91OY6U,1,1,1,1
V95M9MX,1,1,1,1
V9CLEQ0,1,1,1,1
V9DEPWY,1,1,1,1
V9DXY7Z,1,1,1,1
V9GNVD6,1,1,1,1
V9J7E4I,1,1,1,1
V9PRWU5,1,1,1,1
V9QSA3A,1,1,1,1
V9RU0AZ,1,1,1,1
V9URYMX,1,1,1,1
V9XCYIF,1,1,1,1
V9XRYZ6,1,1,1,1
V9XUZQS,1,1,1,1
V9YUFOH,1,1,1,1
V9YWP1R,1,1,1,1
V9ZOJM1,1,1,1,1
VA0WJ1G,1,1,1,1
VA4ND8B,1,1,1,1
VA6PRAC,1,1,1,1
VA6W0BH,1,1,1,1
VA7PPHE,1,1,1,1
VA91UA9,1,1,1,1
VA98NZ2,1,1,1,1
VAAE2KY,1,1,1,1
VAFSKOA,1,1,1,1
VAHRD6W,1,1,1,1
VAIBGK5,1,1,1,1
VAK6LKI,1,1,1,1
VAKM7YD,1,1,1,1
VARSQOC,1,1,1,1
VAT4K9P,1,1,1,1
VAWTLAM,1,1,1,1
VAYKYKY,1,1,1,1
VAZRY12,1,1,1,1
VB5H8JQ,1,1,1,1
VB9FBUP,1,1,1,1
VBAVQHS,1,1,1,1
VBGBVBE,1,1,1,1
VBGQ352,1,1,1,1
VBIVMO0,1,1,1,1
VBLUKU6,1,1,1,1
VBRHLXT,1,1,1,1
VC0DFXO,1,1,1,1
VC5285V,1,1,1,1
VC7J0RA,1,1,1,1
VCA4Q76,1,1,1,1
VCC3DWG,1,1,1,1
VCGDHVX,1,1,1,1
VCJFP3N,1,1,1,1
VCN264I,1,1,1,1
VCO21RY,1,1,1,1
VCTXC05,1,1,1,1
VCU2WRF,1,1,1,1
VCY7MUK,1,1,1,1
VCZEHNN,1,1,1,1
VD3I1Z3,1,1,1,1
VD3MOGM,1,1,1,1
VD3NRG7,1,1,1,1
VD6LSXQ,1,1,1,1
VDDBYIY,1,1,1,1
VDFODK9,1,1,1,1
VDGWDUR,1,1,1,1
VDLKKF9,1,1,1,1
VDMBPSE,1,1,1,1
VDT3JIL,1,1,1,1
VDUWCF6,1,1,1,1
VDVIJTP,1,1,1,1
VDWE7AQ,1,1,1,1
VDXW73I,1,1,1,1
VDY0T0B,1,1,1,1
VE1ADKR,1,1,1,1
VE5MQ3G,1,1,1,1
VE8K3IF,1,1,1,1
VEPY5ET,1,1,1,1
VERM786,1,1,1,1
VERQOJ8,1,1,1,1
VETG6NY,1,1,1,1
VETIRYJ,1,1,1,1
VETQMW1,1,1,1,1
VEWHCX0,1,1,1,1
VEY70SC,1,1,1,1
VEZ2J8A,1,1,1,1
VF5YL07,1,1,1,1
VF64I6B,1,1,1,1
VF74YFN,1,1,1,1
VFA4JMS,1,1,1,1
VFCL7FD,1,1,1,1
VFFAYRD,1,1,1,1
VFFMSF1,1,1,1,1
VFIZKU8,1,1,1,1
VFJD2KC,1,1,1,1
VFL8ZOQ,1,1,1,1
VFMWHI9,1,1,1,1
VFPV045,1,1,1,1
VFVO0NU,1,1,1,1
VG165XU,1,1,1,1
VG7FGCT,1,1,1,1
VG9U4LB,1,1,1,1
VGCWHA6,1,1,1,1
VGJ2NGE,1,1,1,1
VGJ3G78,1,1,1,1
VGJYJ4Z,1,1,1,1
VGMSAC9,1,1,1,1
VGOLEZ2,1,1,1,1
VGOTAI4,1,1,1,1
VGR9LWQ,1,1,1,1
VGSYRBL,1,1,1,1
VGW1A0L,1,1,1,1
VGX9VZC,1,1,1,1
VGXFEMY,1,1,1,1
VGXIZPG,1,1,1,1
VH2WAS6,1,1,1,1
VHDLTU0,1,1,1,1
VHDZ521,1,1,1,1
VHFQKBY,1,1,1,1
VHMIQRL,1,1,1,1
VHNQDMX,1,1,1,1
VHQIOJ7,1,1,1,1
VHUBLTX,1,1,1,1
VHVP1UX,1,1,1,1
VHWX8QO,1,1,1,1
VI57EPH,1,1,1,1
VIBM7HZ,1,1,1,1
VICPJOQ,1,1,1,1
VIFLRVJ,1,1,1,1
VIMVKTB,1,1,1,1
VIQ9VWR,1,1,1,1
VIUX1ZD,1,1,1,1
VIX22DP,1,1,1,1
VIXTELC,1,1,1,1
VJ0K51O,1,1,1,1
VJ2A9MF,1,1,1,1
VJ4Z5OD,1,1,1,1
VJ6QBZF,1,1,1,1
VJ97M4D,1,1,1,1
VJHUBLG,1,1,1,1
VJHWEKU,1,1,1,1
VJJQXZZ,1,1,1,1
VJLGVIR,1,1,1,1
VJNAWME,1,1,1,1
VJPOA2M,1,1,1,1
VJQ2DQW,1,1,1,1
VJSIZB0,1,1,1,1
VJVZXLC,1,1,1,1
VJZKQQY,1,1,1,1
VK0DINM,1,1,1,1
VK4YB0E,1,1,1,1
VK7SYX2,1,1,1,1
VK84PZ9,1,1,1,1
VKB6YAC,1,1,1,1
VKD5QEG,1,1,1,1
VKESMG5,1,1,1,1
VKJG7WS,1,1,1,1
VKLV7IN,1,1,1,1
VKMNW6E,1,1,1,1
VKPMCPV,1,1,1,1
VKPMDLS,1,1,1,1
VKXRBKM,1,1,1,1
VKZ2ALB,1,1,1,1
VKZ705T,1,1,1,1
VL1S30E,1,1,1,1
VL4ZN1I,1,1,1,1
VL82BI4,1,1,1,1
VL9MWJD,1,1,1,1
VLBBSKC,1,1,1,1
VLBZ7GY,1,1,1,1
VLC402A,1,1,1,1
VLDI4MX,1,1,1,1
VLFFLFD,1,1,1,1
VLGC0MO,1,1,1,1
VLI8537,1,1,1,1
VLOFHBN,1,1,1,1
VLWP3JM,1,1,1,1
VLXQ7CP,1,1,1,1
VLY5OGA,1,1,1,1
VM1CX4Y,1,1,1,1
VM2PKZD,1,1,1,1
VM8EYIJ,1,1,1,1
VMBCM33,1,1,1,1
VMBS23G,1,1,1,1
VMEJM3Q,1,1,1,1
VMGENWL,1,1,1,1
VMITPX6,1,1,1,1
VMJVPXN,1,1,1,1
VMQ015P,1,1,1,1
VMRHCA3,1,1,1,1
VMUIU4L,1,1,1,1
VMUMQEF,1,1,1,1
VMUYSQ5,1,1,1,1
VMZNBZH,1,1,1,1
VN5K974,1,1,1,1
VN5MS3J,1,1,1,1
VNIFHAG,1,1,1,1
VNNUYQV,1,1,1,1
VNODXQ3,1,1,1,1
VNPIOSQ,1,1,1,1
VNR1ZK6,1,1,1,1
VNXW2TH,1,1,1,1
VNZ5W14,1,1,1,1
VO2FQYN,1,1,1,1
VO2G8QH,1,1,1,1
VO3EMRW,1,1,1,1
VO5EP3M,1,1,1,1
VO6MY4X,1,1,1,1
VOEP0W1,1,1,1,1
VOFJLY4,1,1,1,1
VOK5YC3,1,1,1,1
VOPRIOZ,1,1,1,1
VOS8BEQ,1,1,1,1
VOST32A,1,1,1,1
VOVZSRE,1,1,1,1
VOWIJS7,1,1,1,1
VOXPDND,1,1,1,1
VOXX1SM,1,1,1,1
VP8DE12,1,1,1,1
VP8KU30,1,1,1,1
VPGVWSR,1,1,1,1
VPMQ1OL,1,1,1,1
VPQFFGE,1,1,1,1
VPRKQOG,1,1,1,1
VPT76NY,1,1,1,1
VPXND7O,1,1,1,1
VQ0AO1S,1,1,1,1
VQ2YIOX,1,1,1,1
VQ3TBX5,1,1,1,1
VQ4P5EG,1,1,1,1
VQ4XPDE,1,1,1,1
VQ5TM64,1,1,1,1
VQI01YB,1,1,1,1
VQLKKHK,1,1,1,1
VQOTACG,1,1,1,1
VQRNYXJ,1,1,1,1
VQT677A,1,1,1,1
VQTKJL4,1,1,1,1
VQWE78O,1,1,1,1
VQZY4W6,1,1,1,1
VR2TWMD,1,1,1,1
VR3UAPJ,1,1,1,1
VR6CENK,1,1,1,1
VRABG5Q,1,1,1,1
VRAD4QO,1,1,1,1
VRCUYMS,1,1,1,1
VRH8IBW,1,1,1,1
VRHAIIM,1,1,1,1
VRIBN6W,1,1,1,1
VRKNX8L,1,1,1,1
VRUL2LT,1,1,1,1
VRVNQN1,1,1,1,1
VRWQIEU,1,1,1,1
VRWWGEU,1,1,1,1
VRXC057,1,1,1,1
VRZXKKM,1,1,1,1
VS5Z7LN,1,1,1,1
VSEWQX3,1,1,1,1
VSFFJBA,1,1,1,1
VSK6I9U,1,1,1,1
VSLQTVS,1,1,1,1
VSNF4JX,1,1,1,1
VSNWJDB,1,1,1,1
VSQQI39,1,1,1,1
VSXGW3F,1,1,1,1
VSXPXLK,1,1,1,1
VT0MGZ4,1,1,1,1
VTCYQ2J,1,1,1,1
VTDAZT7,1,1,1,1
VTFCIDU,1,1,1,1
VTGETYV,1,1,1,1
VTGKAFL,1,1,1,1
VTK434Y,1,1,1,1
VTMWTEQ,1,1,1,1
VTNC0OS,1,1,1,1
VTTWM2E,1,1,1,1
VTUID6E,1,1,1,1
VTUPNJ2,1,1,1,1
VTUQ8OU,1,1,1,1
VTXWRHF,1,1,1,1
VTZXLRU,1,1,1,1
VTZZ7MN,1,1,1,1
VU0FCD7,1,1,1,1
VU3DEAR,1,1,1,1
VU55X94,1,1,1,1
VU5SO16,1,1,1,1
VUALEAL,1,1,1,1
VUBFLRJ,1,1,1,1
VUCOBDQ,1,1,1,1
VUEL9SP,1,1,1,1
VUFRMRS,1,1,1,1
VUHAWN2,1,1,1,1
VUIUEIW,1,1,1,1
VUK0Z74,1,1,1,1
VUMBXGZ,1,1,1,1
VUNLJ9G,1,1,1,1
VUOSBOP,1,1,1,1
VUPSWWQ,1,1,1,1
VUUI1IP,1,1,1,1
VUZD3AY,1,1,1,1
VUZQX8E,1,1,1,1
VV7SF8Q,1,1,1,1
VVEJEBN,1,1,1,1
VVYA9UM,1,1,1,1
VVZFKNO,1,1,1,1
VW08HCV,1,1,1,1
VWBT5US,1,1,1,1
VWDGKBF,1,1,1,1
VWEK9Q3,1,1,1,1
VWFC5EM,1,1,1,1
VWIEH4F,1,1,1,1
VWJ8JB4,1,1,1,1
VWKNWUM,1,1,1,1
VWOFBFZ,1,1,1,1
VWRZDCO,1,1,1,1
VWUUC0K,1,1,1,1
VWZ7RTY,1,1,1,1
VX4XGUJ,1,1,1,1
VX8AM50,1,1,1,1
VX8EJMW,1,1,1,1
VXCOHCY,1,1,1,1
VXD4TU6,1,1,1,1
VXDIPPB,1,1,1,1
VXFCUJ4,1,1,1,1
VXFHOD7,1,1,1,1
VXGEPAP,1,1,1,1
VXGFQMI,1,1,1,1
VXIWFT5,1,1,1,1
VXLZ9M3,1,1,1,1
VXMJPIG,1,1,1,1
VXPKKP6,1,1,1,1
VXPY0T7,1,1,1,1
VXWHB3X,1,1,1,1
VXYDY7F,1,1,1,1
VXYJEEK,1,1,1,1
VY0L1SM,1,1,1,1
VY2TYZM,1,1,1,1
VY5H3I9,1,1,1,1
VY94CH7,1,1,1,1
VYAD48G,1,1,1,1
VYCCMVJ,1,1,1,1
VYFRPKX,1,1,1,1
VYKI2AE,1,1,1,1
VYMDLCS,1,1,1,1
VYME7ZG,1,1,1,1
VYOPMBA,1,1,1,1
VYQBCON,1,1,1,1
VYS40VI,1,1,1,1
VYSEZ2B,1,1,1,1
VYUQDUX,1,1,1,1
VYWMHX3,1,1,1,1
VYZMPXO,1,1,1,1
VZ19GIX,1,1,1,1
VZ1XUMR,1,1,1,1
VZ1YMA9,1,1,1,1
VZ4U8IT,1,1,1,1
VZ596YM,1,1,1,1
VZ62NBS,1,1,1,1
VZ6VVRI,1,1,1,1
VZEFNSA,1,1,1,1
VZFYINW,1,1,1,1
VZKBU85,1,1,1,1
VZKUMAW,1,1,1,1
VZLJMQX,1,1,1,1
VZSJLGT,1,1,1,1
VZWWME7,1,1,1,1
VZXNWZ3,1,1,1,1
W09C7VT,1,1,1,1
W0B7594,1,1,1,1
W0D5QAK,1,1,1,1
W0DVRC8,1,1,1,1
W0H2AMA,1,1,1,1
W0T5K3D,1,1,1,1
W14TASA,1,1,1,1
W17QALE,1,1,1,1
W1DQ5VL,1,1,1,1
W1FJB6V,1,1,1,1
W1LI2GC,1,1,1,1
W1O5AVC,1,1,1,1
W1QO26C,1,1,1,1
W1WOKUY,1,1,1,1
W1XIG6A,1,1,1,1
W26NKTM,1,1,1,1
W2ALFU9,1,1,1,1
W2DGXJH,1,1,1,1
W2M53JB,1,1,1,1
W2OI4RC,1,1,1,1
W2PDFZ7,1,1,1,1
W2UIK0T,1,1,1,1
W2WUXPR,1,1,1,1
W34RMCN,1,1,1,1
W379EU6,1,1,1,1
W39JBLC,1,1,1,1
W39YKEH,1,1,1,1
W39ZOU6,1,1,1,1
W3CDEM7,1,1,1,1
W3HV582,1,1,1,1
W3NICOY,1,1,1,1
W3PTADE,1,1,1,1
W3RASR3,1,1,1,1
W3YAUZ9,1,1,1,1
W3YJYBR,1,1,1,1
W47GJ3P,1,1,1,1
W4A6T3M,1,1,1,1
W4AZBQJ,1,1,1,1
W4CPIJ4,1,1,1,1
W4DBISN,1,1,1,1
W4DZXA0,1,1,1,1
W4H1JMK,1,1,1,1
W4OHPVQ,1,1,1,1
W4OSL34,1,1,1,1
W4RSBTQ,1,1,1,1
W4RUPAB,1,1,1,1
W4XH8LU,1,1,1,1
W4ZH2KE,1,1,1,1
W4ZZ4MZ,1,1,1,1
W540O2F,1,1,1,1
W5HEQMA,1,1,1,1
W5IUJL4,1,1,1,1
W5IZG4S,1,1,1,1
W5OM2PN,1,1,1,1
W5PF0C3,1,1,1,1
W5PXLRB,1,1,1,1
W5SDC0V,1,1,1,1
W5YVPUT,1,1,1,1
W60953L,1,1,1,1
W625ZC7,1,1,1,1
W6BWIW2,1,1,1,1
W6C5AD8,1,1,1,1
W6FSZIX,1,1,1,1
W6G1FM8,1,1,1,1
W6GN1LR,1,1,1,1
W6HXLNJ,1,1,1,1
W6O30KC,1,1,1,1
W6OLJ8T,1,1,1,1
W6R06PG,1,1,1,1
W6VCOOT,1,1,1,1
W72KWZ0,1,1,1,1
W73902V,1,1,1,1
W74N8XL,1,1,1,1
W7A1VGY,1,1,1,1
W7AYL8J,1,1,1,1
W7DKPIC,1,1,1,1
W7G6P5L,1,1,1,1
W7HLUFV,1,1,1,1
W7N1XPN,1,1,1,1
W7NF09Q,1,1,1,1
W7Q9JYB,1,1,1,1
W7T6XBQ,1,1,1,1
W8CLSEF,1,1,1,1
W8DBC31,1,1,1,1
W8E71BF,1,1,1,1
W8HQRIX,1,1,1,1
W8T72AV,1,1,1,1
W8VAP9M,1,1,1,1
W8X6T9C,1,1,1,1
W920APC,1,1,1,1
W92ADS3,1,1,1,1
W96XK83,1,1,1,1
W9FWN68,1,1,1,1
W9KWRSA,1,1,1,1
W9L2QVO,1,1,1,1
W9P99PQ,1,1,1,1
W9TL4K3,1,1,1,1
W9UICRF,1,1,1,1
WAFTJPQ,1,1,1,1
WAILFDS,1,1,1,1
WAIX5V5,1,1,1,1
WANJMHT,1,1,1,1
WAR9TGF,1,1,1,1
WAR9WJE,1,1,1,1
WAUY514,1,1,1,1
WAWFKKL,1,1,1,1
WAXNOFT,1,1,1,1
WB61T5H,1,1,1,1
WB9LHIS,1,1,1,1
WBDKQZO,1,1,1,1
WBDZDAZ,1,1,1,1
WBGLOE7,1,1,1,1
WBJQ3XF,1,1,1,1
WBM4NHU,1,1,1,1
WBMEHHU,1,1,1,1
WBOUTOH,1,1,1,1
WBRVK65,1,1,1,1
WBS5WYP,1,1,1,1
WBSENHY,1,1,1,1
WBSVNXI,1,1,1,1
WBTQJYU,1,1,1,1
WBTUVQ1,1,1,1,1
WBW6N1Q,1,1,1,1
WBWSFFK,1,1,1,1
WBXJ7H5,1,1,1,1
WC079PX,1,1,1,1
WC15HZP,1,1,1,1
WC2BBIV,1,1,1,1
WC614JK,1,1,1,1
WCG5QH6,1,1,1,1
WCHLM9R,1,1,1,1
WCHM42I,1,1,1,1
WCHNBEH,1,1,1,1
WCRPPBM,1,1,1,1
WCSIW2H,1,1,1,1
WCSSLVU,1,1,1,1
WCTMOLE,1,1,1,1
WCV1TIR,1,1,1,1
WCY0FAC,1,1,1,1
WD1QYR4,1,1,1,1
WD714HK,1,1,1,1
WD86L0K,1,1,1,1
WD95QQR,1,1,1,1
WDAURHK,1,1,1,1
WDB9YUI,1,1,1,1
WDCY475,1,1,1,1
WDDOCU3,1,1,1,1
WDFF0IN,1,1,1,1
WDFNA5E,1,1,1,1
WDGLWWF,1,1,1,1
WDK9ZW4,1,1,1,1
WDO2YKL,1,1,1,1
WDPT6AL,1,1,1,1
WDQW0J3,1,1,1,1
WDRB4ME,1,1,1,1
WDTU0AG,1,1,1,1
WDUTMQS,1,1,1,1
WDYD0NV,1,1,1,1
WDYJN7V,1,1,1,1
WDYMJRS,1,1,1,1
WE4GMOI,1,1,1,1
WE6IL0B,1,1,1,1
WE6YKQN,1,1,1,1
WE74H5Z,1,1,1,1
WEB60HZ,1,1,1,1
WEDMGF6,1,1,1,1
WEHHPEZ,1,1,1,1
WEHO9MG,1,1,1,1
WEJM2LH,1,1,1,1
WENSUDL,1,1,1,1
WEPEVGC,1,1,1,1
WESIF4D,1,1,1,1
WETDO3S,1,1,1,1
WEV9ZIH,1,1,1,1
WEX02BD,1,1,1,1
WEXXDA7,1,1,1,1
WF1ANIS,1,1,1,1
WF1N736,1,1,1,1
WF4XN91,1,1,1,1
WFAUEVJ,1,1,1,1
WFBMG6J,1,1,1,1
WFD4TNR,1,1,1,1
WFHECIS,1,1,1,1
WFKIJM9,1,1,1,1
WFUE6RF,1,1,1,1
WFVYHWG,1,1,1,1
WG0B134,1,1,1,1
WG36JB0,1,1,1,1
WG7IWYM,1,1,1,1
WGDHATZ,1,1,1,1
WGDHPBU,1,1,1,1
WGDJDMR,1,1,1,1
WGDQ4SW,1,1,1,1
WGIP9VX,1,1,1,1
WGMS4SY,1,1,1,1
WGNAH4K,1,1,1,1
WGPYGEG,1,1,1,1
WGQBQAU,1,1,1,1
WGQVSVM,1,1,1,1
WGSLGGW,1,1,1,1
WGTUVO2,1,1,1,1
WGUGPVN,1,1,1,1
WH9INOB,1,1,1,1
WHEAAMJ,1,1,1,1
WHFBQUU,1,1,1,1
WHNMFGZ,1,1,1,1
WHSRU98,1,1,1,1
WHU0LOW,1,1,1,1
WHUAGPW,1,1,1,1
WHVWCO3,1,1,1,1
WHW4LMG,1,1,1,1
WI0BMD2,1,1,1,1
WI6FSL4,1,1,1,1
WI70NTS,1,1,1,1
WIA1GGU,1,1,1,1
WIBO9AF,1,1,1,1
WICRKTI,1,1,1,1
WINXPVP,1,1,1,1
WIWP639,1,1,1,1
WIXHF2W,1,1,1,1
WIYCNIY,1,1,1,1
WJ2XMAI,1,1,1,1
WJ54JQY,1,1,1,1
WJAKVSJ,1,1,1,1
WJCA2UJ,1,1,1,1
WJD36NR,1,1,1,1
WJEEOKR,1,1,1,1
WJGHSC3,1,1,1,1
WJHMTKM,1,1,1,1
WJM9FVL,1,1,1,1
WJMOLZF,1,1,1,1
WJNPYI0,1,1,1,1
WJOM3IK,1,1,1,1
WJRU6ZJ,1,1,1,1
WJTY9CG,1,1,1,1
WJVZICS,1,1,1,1
WK08SQ6,1,1,1,1
WK45AKT,1,1,1,1
WKAQ9MQ,1,1,1,1
WKCDZVI,1,1,1,1
WKF8G2I,1,1,1,1
WKFTNZI,1,1,1,1
WKJT4G3,1,1,1,1
WKMXLEU,1,1,1,1
WKN8XR2,1,1,1,1
WKPBEOH,1,1,1,1
WKXG07A,1,1,1,1
WKZDNHX,1,1,1,1
WL2UVAJ,1,1,1,1
WLBASQG,1,1,1,1
WLCPIK6,1,1,1,1
WLETCDN,1,1,1,1
WLI89LZ,1,1,1,1
WLIZF2Q,1,1,1,1
WLTLVYT,1,1,1,1
WLWE8FD,1,1,1,1
WLY8D9P,1,1,1,1
WM1D2V7,1,1,1,1
WM5KB4Z,1,1,1,1
WMBFUWH,1,1,1,1
WMCV9TL,1,1,1,1
WMDXK4A,1,1,1,1
WMGPR8I,1,1,1,1
WMK3BDP,1,1,1,1
WMKWIJU,1,1,1,1
WMLX2MZ,1,1,1,1
WMMVBUV,1,1,1,1
WMPLXBD,1,1,1,1
WMQK49B,1,1,1,1
WMQT454,1,1,1,1
WMQYF6O,1,1,1,1
WMSZL16,1,1,1,1
WMT3UGO,1,1,1,1
WMXIHS3,1,1,1,1
WMZ4PTJ,1,1,1,1
WN0OAQD,1,1,1,1
WN6Y1U5,1,1,1,1
WNFCVX4,1,1,1,1
WNGVFJU,1,1,1,1
WNIY4SD,1,1,1,1
WNJU4C1,1,1,1,1
WNNZA44,1,1,1,1
WNPMASO,1,1,1,1
WNPZ4JQ,1,1,1,1
WNUC97H,1,1,1,1
WNUHZI0,1,1,1,1
WNUYDSM,1,1,1,1
WNWRCBL,1,1,1,1
WNX135G,1,1,1,1
WNY27GD,1,1,1,1
WO42F3S,1,1,1,1
WO5AEQB,1,1,1,1
WOJPDQC,1,1,1,1
WOKLYDX,1,1,1,1
WOMVMLN,1,1,1,1
WOTY5C6,1,1,1,1
WOW06NX,1,1,1,1
WOYMFVP,1,1,1,1
WOZ8PJK,1,1,1,1
WP1GOAD,1,1,1,1
WP1YPGT,1,1,1,1
WP8BCWW,1,1,1,1
WPCGGRH,1,1,1,1
WPCLGUJ,1,1,1,1
WPD19G0,1,1,1,1
WPEJVNU,1,1,1,1
WPJZ6L4,1,1,1,1
WPOMMDD,1,1,1,1
WPQPVOL,1,1,1,1
WPTQCFZ,1,1,1,1
WPV0CZW,1,1,1,1
WPXOZ10,1,1,1,1
WPZ2PZE,1,1,1,1
WPZFGSA,1,1,1,1
WQ0ECO1,1,1,1,1
WQ4UYZG,1,1,1,1
WQ59AVJ,1,1,1,1
WQH67I2,1,1,1,1
WQIWXIE,1,1,1,1
WQJ782O,1,1,1,1
WQKDUP3,1,1,1,1
WQLDF6I,1,1,1,1
WQNFCMX,1,1,1,1
WQSO7IC,1,1,1,1
WQTH0B7,1,1,1,1
WQUXNL7,1,1,1,1
WQWBBW2,1,1,1,1
WQYGVC5,1,1,1,1
WQZH175,1,1,1,1
WR0A2UY,1,1,1,1
WR1AWHD,1,1,1,1
WR2H0FG,1,1,1,1
WR2X3P0,1,1,1,1
WR8U60G,1,1,1,1
WRD7Q7K,1,1,1,1
WRDCIQH,1,1,1,1
WREIBDE,1,1,1,1
WREKRUE,1,1,1,1
WRILWSB,1,1,1,1
WRIQJFZ,1,1,1,1
WRN360J,1,1,1,1
WRSJDGY,1,1,1,1
WRSXJCM,1,1,1,1
WRTC9X6,1,1,1,1
WRUYVPQ,1,1,1,1
WRXNT7C,1,1,1,1
WS4XEHJ,1,1,1,1
WSE14PI,1,1,1,1
WSFMJ6M,1,1,1,1
WSGOV1Q,1,1,1,1
WSJXKXI,1,1,1,1
WSLUCVA,1,1,1,1
WSOIY5R,1,1,1,1
WSOST2O,1,1,1,1
WSQF02C,1,1,1,1
WSRBHQQ,1,1,1,1
WSRDQD6,1,1,1,1
WSRHEML,1,1,1,1
WST2ECS,1,1,1,1
WSVXXQO,1,1,1,1
WT6TLK9,1,1,1,1
WTBNJEW,1,1,1,1
WTDKRMK,1,1,1,1
WTF85RS,1,1,1,1
WTJ4BY2,1,1,1,1
WTO3G5Z,1,1,1,1
WTPXEYA,1,1,1,1
WTQGD2R,1,1,1,1
WTSVXZM,1,1,1,1
WTTXHFM,1,1,1,1
WTTZH3L,1,1,1,1
WTUWGHL,1,1,1,1
WTWVLXS,1,1,1,1
WTYA0XJ,1,1,1,1
WU3P54K,1,1,1,1
WU6BMFW,1,1,1,1
WUBL95F,1,1,1,1
WUFFI4B,1,1,1,1
WUGI68H,1,1,1,1
WUN3MA6,1,1,1,1
WUPT9BK,1,1,1,1
WUR6YIH,1,1,1,1
WUVI0T2,1,1,1,1
WUVPLHE,1,1,1,1
WUWMP5Y,1,1,1,1
WUX6WBX,1,1,1,1
WV0JILP,1,1,1,1
WV2XJB4,1,1,1,1
WV5UQON,1,1,1,1
WVB0Q23,1,1,1,1
WVBBUAF,1,1,1,1
WVCHBKU,1,1,1,1
WVDH5J0,1,1,1,1
WVEYFSV,1,1,1,1
WVF7DCL,1,1,1,1
WVLLCFH,1,1,1,1
WVUMBQV,1,1,1,1
WW8A138,1,1,1,1
WWBOTVN,1,1,1,1
WWHRLJN,1,1,1,1
WWHY7V5,1,1,1,1
WWJKBZ3,1,1,1,1
WWRHRJW,1,1,1,1
WWSQ5UI,1,1,1,1
WXAJY8S,1,1,1,1
WXD1LBE,1,1,1,1
WXFQH3M,1,1,1,1
WXH8MBF,1,1,1,1
WXLG1AD,1,1,1,1
WXTYWZV,1,1,1,1
WXVA4QY,1,1,1,1
WXY3EWN,1,1,1,1
WXYLAHB,1,1,1,1
WY0JVFD,1,1,1,1
WY18PUL,1,1,1,1
WY4JQCK,1,1,1,1
WY7UQZC,1,1,1,1
WYAHP1B,1,1,1,1
WYBCRMI,1,1,1,1
WYCPBXT,1,1,1,1
WYG5D9M,1,1,1,1
WYGA7HH,1,1,1,1
WYKG0XU,1,1,1,1
WYMH6O2,1,1,1,1
WYOOSZA,1,1,1,1
WYSVYDP,1,1,1,1
WYVSC0J,1,1,1,1
WYZT5AI,1,1,1,1
WZ0PAC4,1,1,1,1
WZ2IV34,1,1,1,1
WZ2YFTT,1,1,1,1
WZ3SD5P,1,1,1,1
WZ56LVN,1,1,1,1
WZ9RY1U,1,1,1,1
WZBP6I2,1,1,1,1
WZC05R6,1,1,1,1
WZDN7PJ,1,1,1,1
WZETTWS,1,1,1,1
WZHC3J1,1,1,1,1
WZIEQQK,1,1,1,1
WZKI0LT,1,1,1,1
WZL7PC9,1,1,1,1
WZLEG1I,1,1,1,1
WZOWEEP,1,1,1,1
WZQLGIA,1,1,1,1
WZT41BF,1,1,1,1
X01G7RN,1,1,1,1
X06P8BY,1,1,1,1
X0JA59L,1,1,1,1
X0L942B,1,1,1,1
X0MH7WG,1,1,1,1
X0NLKZS,1,1,1,1
X0TIW5B,1,1,1,1
X0ZPPJL,1,1,1,1
X1CNOPJ,1,1,1,1
X1EBLI5,1,1,1,1
X1EHP70,1,1,1,1
X1EWRQQ,1,1,1,1
X1FI9R9,1,1,1,1
X1JMGR3,1,1,1,1
X1QZP2K,1,1,1,1
X1WIS2B,1,1,1,1
X2BSQ0A,1,1,1,1
X2HGCIB,1,1,1,1
X2VE03I,1,1,1,1
X2WDKZ3,1,1,1,1
X2YLD0Q,1,1,1,1
X31ITER,1,1,1,1
X37OC2U,1,1,1,1
X38WPCR,1,1,1,1
X3SWM2B,1,1,1,1
X40UR8J,1,1,1,1
X45HAZ3,1,1,1,1
X4FYCZN,1,1,1,1
X4IYKDC,1,1,1,1
X4KMZUG,1,1,1,1
X4QYP3O,1,1,1,1
X4S1MP8,1,1,1,1
X4U7BXB,1,1,1,1
X4V7TED,1,1,1,1
X4WRQGH,1,1,1,1
X4YJKIF,1,1,1,1
X50G46J,1,1,1,1
X55G0EO,1,1,1,1
X57QWGU,1,1,1,1
X5CZDND,1,1,1,1
X5DVCQY,1,1,1,1
X5H0NHN,1,1,1,1
X5J1ATD,1,1,1,1
X5J5ASZ,1,1,1,1
X5KYK68,1,1,1,1
X5LVUEQ,1,1,1,1
X5LW1JY,1,1,1,1
X5O1J2M,1,1,1,1
X5R1MD9,1,1,1,1
X5WOAHX,1,1,1,1
X5Z3KDH,1,1,1,1
X62O8UJ,1,1,1,1
X69FVZ0,1,1,1,1
X6ADKR5,1,1,1,1
X6I87YP,1,1,1,1
X6SPTBY,1,1,1,1
X78XHKU,1,1,1,1
X7DPJ1A,1,1,1,1
X7HZ59C,1,1,1,1
X7K5XYJ,1,1,1,1
X7NQ79J,1,1,1,1
X7NQC2Z,1,1,1,1
X7QWC20,1,1,1,1
X7SJQS6,1,1,1,1
X85BCDH,1,1,1,1
X881SOK,1,1,1,1
X8FQACZ,1,1,1,1
X8G7LT5,1,1,1,1
X8GOMUL,1,1,1,1
X8GSOWI,1,1,1,1
X8KFH39,1,1,1,1
X8MKR9P,1,1,1,1
X8MTBKC,1,1,1,1
X8REKFJ,1,1,1,1
X8Z5W9M,1,1,1,1
X92W73O,1,1,1,1
X9AZOES,1,1,1,1
X9CT6HI,1,1,1,1
X9FAECS,1,1,1,1
X9FMFU6,1,1,1,1
X9GSE3U,1,1,1,1
X9LJ12A,1,1,1,1
X9ME4T5,1,1,1,1
X9NWCFA,1,1,1,1
X9PBU7S,1,1,1,1
X9RKZV2,1,1,1,1
X9STH6Z,1,1,1,1
XA04MT8,1,1,1,1
XA2D5YC,1,1,1,1
XA2UC1P,1,1,1,1
XA3SCGE,1,1,1,1
XA5O48Y,1,1,1,1
XA6NBSE,1,1,1,1
XABJ8J7,1,1,1,1
XAF2OW2,1,1,1,1
XAGDINO,1,1,1,1
XAGMKDC,1,1,1,1
XAIN0HA,1,1,1,1
XAIW208,1,1,1,1
XAJGKFD,1,1,1,1
XAQDEG8,1,1,1,1
XAQZEHI,1,1,1,1
XASFFJX,1,1,1,1
XAVFGM7,1,1,1,1
XAVJR3F,1,1,1,1
XAX4PLF,1,1,1,1
XAXJTKN,1,1,1,1
XB59Y32,1,1,1,1
XB7O3LV,1,1,1,1
XBANQDP,1,1,1,1
XBCR52P,1,1,1,1
XBGBGXI,1,1,1,1
XBIH3BS,1,1,1,1
XBKMNIQ,1,1,1,1
XBKXGMH,1,1,1,1
XBLL41C,1,1,1,1
XBLSCU0,1,1,1,1
XBRFMZX,1,1,1,1
XBSF0PE,1,1,1,1
XBTJJYX,1,1,1,1
XBVYGTP,1,1,1,1
XC1PUGB,1,1,1,1
XC2A72B,1,1,1,1
XC2Y5NU,1,1,1,1
XCGLWFA,1,1,1,1
XCJY1MW,1,1,1,1
XCPWII7,1,1,1,1
XCQDB9K,1,1,1,1
XCQR4O4,1,1,1,1
XCXYP92,1,1,1,1
XCYX6VH,1,1,1,1
XD3OHUN,1,1,1,1
XD6PJP1,1,1,1,1
XD9WDDM,1,1,1,1
XDE1ZJ8,1,1,1,1
XDEY34S,1,1,1,1
XDF5WM8,1,1,1,1
XDIGXSB,1,1,1,1
XDKBML9,1,1,1,1
XDOIBLH,1,1,1,1
XDOJKN0,1,1,1,1
XDPGO0R,1,1,1,1
XDPV1Z6,1,1,1,1
XDU6G8T,1,1,1,1
XDUCK7V,1,1,1,1
XDVYI5N,1,1,1,1
XE2PGIS,1,1,1,1
XE36RKC,1,1,1,1
XEFUI1H,1,1,1,1
XENUZ6S,1,1,1,1
XENX2X8,1,1,1,1
XEO6F88,1,1,1,1
XEPPSJV,1,1,1,1
XER3ZT5,1,1,1,1
XESKBZO,1,1,1,1
XEU7KBI,1,1,1,1
XEUU6G5,1,1,1,1
XEVPKOE,1,1,1,1
XEY2269,1,1,1,1
XEYRPZ1,1,1,1,1
XF55BFP,1,1,1,1
XFCUO8N,1,1,1,1
XFEHDJZ,1,1,1,1
XFIF0II,1,1,1,1
XFISK2I,1,1,1,1
XFJBQXY,1,1,1,1
XFK86CW,1,1,1,1
XFOW5G7,1,1,1,1
XFP24ZH,1,1,1,1
XFQU5KB,1,1,1,1
XFSF4ZM,1,1,1,1
XFWVEOV,1,1,1,1
XFY6BWL,1,1,1,1
XFZRT6G,1,1,1,1
XG71WNH,1,1,1,1
XGCNQVO,1,1,1,1
XGDLU5P,1,1,1,1
XGDOZ1P,1,1,1,1
XGJ0MH4,1,1,1,1
XGKPDE7,1,1,1,1
XGNAI0S,1,1,1,1
XGP3QN1,1,1,1,1
XGQ34SY,1,1,1,1
XGSVKM2,1,1,1,1
XGTQRXE,1,1,1,1
XGXGIDU,1,1,1,1
XGXY7K2,1,1,1,1
XGYEAIF,1,1,1,1
XGZALB6,1,1,1,1
XH03MRJ,1,1,1,1
XH3FXOB,1,1,1,1
XH3HWK7,1,1,1,1
XH4OIHA,1,1,1,1
XH5BHAH,1,1,1,1
XHAOHCQ,1,1,1,1
XHBM4CS,1,1,1,1
XHDDF8B,1,1,1,1
XHF06XN,1,1,1,1
XHHMEOL,1,1,1,1
XHNY7GA,1,1,1,1
XHPAW1L,1,1,1,1
XHUD45Z,1,1,1,1
XHVFHU7,1,1,1,1
XHWC9ND,1,1,1,1
XHWKY24,1,1,1,1
XHWTTWU,1,1,1,1
XHWUETC,1,1,1,1
XHXY1MZ,1,1,1,1
XHYQPVC,1,1,1,1
XHZQD2V,1,1,1,1
XI4CA9L,1,1,1,1
XI9LJD3,1,1,1,1
XIB4QYN,1,1,1,1
XIBACNK,1,1,1,1
XIFVMXX,1,1,1,1
XIG9CZ4,1,1,1,1
XIGV5ZC,1,1,1,1
XILS5T4,1,1,1,1
XINZ9WC,1,1,1,1
XINZKAS,1,1,1,1
XIOKGGR,1,1,1,1
XIQ5UTQ,1,1,1,1
XIQMSMS,1,1,1,1
XITOTUG,1,1,1,1
XIU9AHG,1,1,1,1
XIWI4QQ,1,1,1,1
XIWKPOU,1,1,1,1
XIYP1CI,1,1,1,1
XJ04SYB,1,1,1,1
XJ1PZBV,1,1,1,1
XJ3DRYD,1,1,1,1
XJ9MOEW,1,1,1,1
XJF9Q9W,1,1,1,1
XJGWOZH,1,1,1,1
XJMULNX,1,1,1,1
XJPHYW6,1,1,1,1
XJR5PVA,1,1,1,1
XJSSU0B,1,1,1,1
XJT3DGO,1,1,1,1
XJU501K,1,1,1,1
XJU7J8A,1,1,1,1
XJUMK8F,1,1,1,1
XJVGJB1,1,1,1,1
XJVLGOM,1,1,1,1
XJY2DYJ,1,1,1,1
XJYO760,1,1,1,1
XJZB97Y,1,1,1,1
XKB78YU,1,1,1,1
XKCJML0,1,1,1,1
XKFI9DJ,1,1,1,1
XKHIENL,1,1,1,1
XKIL8F6,1,1,1,1
XKIWGD2,1,1,1,1
XKJBSU2,1,1,1,1
XKMODTL,1,1,1,1
XKPMTUK,1,1,1,1
XKRBWNP,1,1,1,1
XKSWTIV,1,1,1,1
XKZE3MJ,1,1,1,1
XKZQU3X,1,1,1,1
XL0Y6RQ,1,1,1,1
XL4Y6F3,1,1,1,1
XLAMLDK,1,1,1,1
XLC3WBA,1,1,1,1
XLCJT9Z,1,1,1,1
XLDQWGP,1,1,1,1
XLDVXN3,1,1,1,1
XLFSVHE,1,1,1,1
XLIUK9W,1,1,1,1
XLMZOBT,1,1,1,1
XLOEZJJ,1,1,1,1
XLR1XCV,1,1,1,1
XLRX2RX,1,1,1,1
XLXMT44,1,1,1,1
XM0KFBI,1,1,1,1
XM2TJ91,1,1,1,1
XM8DEXR,1,1,1,1
XM8PZWU,1,1,1,1
XMBOCRW,1,1,1,1
XMCPZGN,1,1,1,1
XMEOCF0,1,1,1,1
XMF2XKR,1,1,1,1
XMHQNPB,1,1,1,1
XMJ29D8,1,1,1,1
XMJGZXF,1,1,1,1
XMKSNJ1,1,1,1,1
XMNEQXS,1,1,1,1
XMUCXUF,1,1,1,1
XMWLSCF,1,1,1,1
XN22YLX,1,1,1,1
XN4GLMW,1,1,1,1
XN4NCDV,1,1,1,1
XNDO03C,1,1,1,1
XNGVXRI,1,1,1,1
XNHVDAX,1,1,1,1
XNHXKCG,1,1,1,1
XNJOUKM,1,1,1,1
XNMLIYJ,1,1,1,1
XNNTBDU,1,1,1,1
XNOJK9R,1,1,1,1
XNUTCSL,1,1,1,1
XNY2UG6,1,1,1,1
XO01Z8V,1,1,1,1
XO0TAGU,1,1,1,1
XO13ASY,1,1,1,1
XO85UND,1,1,1,1
XOBC9U6,1,1,1,1
XOF4K3O,1,1,1,1
XOJDDWR,1,1,1,1
XOMTZUK,1,1,1,1
XOSWVPY,1,1,1,1
XOTAGLG,1,1,1,1
XOUZU4C,1,1,1,1
XOWD6LU,1,1,1,1
XOZ4MDO,1,1,1,1
XP3E49M,1,1,1,1
XP4ZBBE,1,1,1,1
XP8OZGC,1,1,1,1
XPC27GN,1,1,1,1
XPCUKUW,1,1,1,1
XPLM42Z,1,1,1,1
XPMBDLN,1,1,1,1
XPNDYG7,1,1,1,1
XPOZYKV,1,1,1,1
XPU2D1B,1,1,1,1
XPWSMVD,1,1,1,1
XPXAZNY,1,1,1,1
XPZGNFM,1,1,1,1
XQ1UYZ5,1,1,1,1
XQ3ZTMC,1,1,1,1
XQ5K76S,1,1,1,1
XQ7C4I9,1,1,1,1
XQAY2JB,1,1,1,1
XQBCK6W,1,1,1,1
XQETJWM,1,1,1,1
XQHTFP5,1,1,1,1
XQIBQFO,1,1,1,1
XQIQKFY,1,1,1,1
XQM2J7K,1,1,1,1
XQND1TD,1,1,1,1
XQNWUHB,1,1,1,1
XQPWZ9P,1,1,1,1
XQTAD41,1,1,1,1
XQWNZQO,1,1,1,1
XQXXLPB,1,1,1,1
XR02N6D,1,1,1,1
XR1TGEG,1,1,1,1
XR2LFKA,1,1,1,1
XR3OT6T,1,1,1,1
XR4E6BP,1,1,1,1
XR5JSEL,1,1,1,1
XR8EZNS,1,1,1,1
XRFALGY,1,1,1,1
XRGUNVX,1,1,1,1
XRKF6NK,1,1,1,1
XRKGI9G,1,1,1,1
XRNZMYS,1,1,1,1
XRQ5YTS,1,1,1,1
XRSQUND,1,1,1,1
XRYLCKF,1,1,1,1
XRYP005,1,1,1,1
XRZKQ25,1,1,1,1
XS0DYO1,1,1,1,1
XS11I55,1,1,1,1
XS5AY0K,1,1,1,1
XS5U2CL,1,1,1,1
XSCLDBU,1,1,1,1
XSF48LL,1,1,1,1
XSFV9QL,1,1,1,1
XSJ1ZFO,1,1,1,1
XSLK3NL,1,1,1,1
XSMQGWL,1,1,1,1
XSPUHMK,1,1,1,1
XSQCX1A,1,1,1,1
XSQGH6B,1,1,1,1
XSTAACB,1,1,1,1
XSUUNDR,1,1,1,1
XSWPEAM,1,1,1,1
XSZP08T,1,1,1,1
XT06D7G,1,1,1,1
XT3XH52,1,1,1,1
XT5RUU0,1,1,1,1
XT9D2KQ,1,1,1,1
XT9HDUP,1,1,1,1
XTANDBE,1,1,1,1
XTC1FXF,1,1,1,1
XTDQZUM,1,1,1,1
XTDVR6C,1,1,1,1
XTEC148,1,1,1,1
XTG86ZA,1,1,1,1
XTMF3Z4,1,1,1,1
XTOIFF6,1,1,1,1
XTOMK51,1,1,1,1
XTQO8DS,1,1,1,1
XTRXCHQ,1,1,1,1
XTXFDCG,1,1,1,1
XUBLGYS,1,1,1,1
XUC4Y20,1,1,1,1
XUG3ROG,1,1,1,1
XUNJIXE,1,1,1,1
XUNPTJA,1,1,1,1
XUQPDBA,1,1,1,1
XUSVFMH,1,1,1,1
XUXKGLF,1,1,1,1
XUYEZMS,1,1,1,1
XUZMSIQ,1,1,1,1
XV15DYC,1,1,1,1
XV6Y89N,1,1,1,1
XVD09BG,1,1,1,1
XVGO6J5,1,1,1,1
XVIFCNW,1,1,1,1
XVNRLAM,1,1,1,1
XVT4QFM,1,1,1,1
XW453RE,1,1,1,1
XW7EOQR,1,1,1,1
XWDH1XI,1,1,1,1
XWERQOD,1,1,1,1
XWK6IPG,1,1,1,1
XWLRQE5,1,1,1,1
XWMMNH2,1,1,1,1
XWN1BJA,1,1,1,1
XWP62J8,1,1,1,1
XWPAHOQ,1,1,1,1
XWQWZ93,1,1,1,1
XWUQ9UQ,1,1,1,1
XWXF90G,1,1,1,1
XWYSKGH,1,1,1,1
XX1IBRT,1,1,1,1
XX9HOK3,1,1,1,1
XXFXUXW,1,1,1,1
XXKUCW5,1,1,1,1
XXMKLMM,1,1,1,1
XXNE8AR,1,1,1,1
XXPLV46,1,1,1,1
XXWDEMC,1,1,1,1
XXYUYFT,1,1,1,1
XXZQ2O6,1,1,1,1
XY0MUEG,1,1,1,1
XY0UCFE,1,1,1,1
XY21M8J,1,1,1,1
XY29UAN,1,1,1,1
XY5XIAF,1,1,1,1
XY9IA3D,1,1,1,1
XYAA5QG,1,1,1,1
XYCJFUM,1,1,1,1
XYDCSUD,1,1,1,1
XYDSJB1,1,1,1,1
XYGHMBO,1,1,1,1
XYLBTCD,1,1,1,1
XYN1OUX,1,1,1,1
XYPA5TM,1,1,1,1
XYPYK6C,1,1,1,1
XYSJ4GM,1,1,1,1
XYSNYW0,1,1,1,1
XYT0BJK,1,1,1,1
XYWAULM,1,1,1,1
XZ1637K,1,1,1,1
XZ1G34L,1,1,1,1
XZ2Q5X5,1,1,1,1
XZAFWPU,1,1,1,1
XZBS3XT,1,1,1,1
XZD8EUL,1,1,1,1
XZGSCEG,1,1,1,1
XZN1YLT,1,1,1,1
XZQ3RL7,1,1,1,1
XZQPHNP,1,1,1,1
XZQT73U,1,1,1,1
XZRA2TH,1,1,1,1
XZTAJGC,1,1,1,1
XZTIYFB,1,1,1,1
XZUXO0V,1,1,1,1
XZWDMOC,1,1,1,1
XZZXZK8,1,1,1,1
Y05SOLT,1,1,1,1
Y0C8QCM,1,1,1,1
Y0FJ492,1,1,1,1
Y0G7NCP,1,1,1,1
Y0K64TE,1,1,1,1
Y0QPK4C,1,1,1,1
Y0VBYDO,1,1,1,1
Y0Z91LK,1,1,1,1
Y1DBSGU,1,1,1,1
Y1RTVGC,1,1,1,1
Y1UTHGO,1,1,1,1
Y2E5TK6,1,1,1,1
Y2HFM8W,1,1,1,1
Y2MWZ2W,1,1,1,1
Y2O5FNF,1,1,1,1
Y2X9JNM,1,1,1,1
Y2XPQKQ,1,1,1,1
Y32CAIT,1,1,1,1
Y36P0AE,1,1,1,1
Y3KZS2N,1,1,1,1
Y3LROWP,1,1,1,1
Y3XMAQH,1,1,1,1
Y4ABSU7,1,1,1,1
Y4F59L7,1,1,1,1
Y4HLAYV,1,1,1,1
Y4MLFCN,1,1,1,1
Y4MV0LO,1,1,1,1
Y4OCKP5,1,1,1,1
Y4X0BIF,1,1,1,1
Y4XVBSD,1,1,1,1
Y58PUJZ,1,1,1,1
Y5E0QBU,1,1,1,1
Y5NZX1R,1,1,1,1
Y5O8D1H,1,1,1,1
Y5S5O6J,1,1,1,1
Y5THEGI,1,1,1,1
Y5TTN21,1,1,1,1
Y5X9KCZ,1,1,1,1
Y62PR0Q,1,1,1,1
Y6F2NE8,1,1,1,1
Y6GTWDT,1,1,1,1
Y6HG4B7,1,1,1,1
Y6L4WFU,1,1,1,1
Y6RLCV8,1,1,1,1
Y6XKUUE,1,1,1,1
Y71RMR9,1,1,1,1
Y73XMZN,1,1,1,1
Y74HQS9,1,1,1,1
Y7K6RJ8,1,1,1,1
Y7LJR8U,1,1,1,1
Y7QQWIQ,1,1,1,1
Y7X78XJ,1,1,1,1
Y7YLIHY,1,1,1,1
Y80JLV2,1,1,1,1
Y86XTIG,1,1,1,1
Y89UXOK,1,1,1,1
Y89VP8B,1,1,1,1
Y8B3QWX,1,1,1,1
Y8BOZCI,1,1,1,1
Y8JFTI3,1,1,1,1
Y8OW5LM,1,1,1,1
Y8Q0NWH,1,1,1,1
Y8QW1M5,1,1,1,1
Y9B8XPU,1,1,1,1
Y9CIVA7,1,1,1,1
Y9DA2XE,1,1,1,1
Y9EHZBX,1,1,1,1
Y9JCFDP,1,1,1,1
Y9KLANW,1,1,1,1
Y9MBF7O,1,1,1,1
Y9OFUEQ,1,1,1,1
Y9OISL0,1,1,1,1
Y9R3AND,1,1,1,1
Y9RMDL3,1,1,1,1
Y9U2CGO,1,1,1,1
Y9VM7DT,1,1,1,1
YA3NGHZ,1,1,1,1
YA45NYE,1,1,1,1
YAE7FUM,1,1,1,1
YAENEJS,1,1,1,1
YAEPWKQ,1,1,1,1
YAFOIDM,1,1,1,1
YALLTHN,1,1,1,1
YAOLSPV,1,1,1,1
YARVODU,1,1,1,1
YAS2LQE,1,1,1,1
YAW6V0R,1,1,1,1
YAYBU9V,1,1,1,1
YB0BF0X,1,1,1,1
YB2EPRN,1,1,1,1
YB3SCOP,1,1,1,1
YB43X90,1,1,1,1
YB6305D,1,1,1,1
YBDUBLW,1,1,1,1
YBFSGBA,1,1,1,1
YBPR1VT,1,1,1,1
YBPS724,1,1,1,1
YBRAQSZ,1,1,1,1
YBTBGUQ,1,1,1,1
YBTYPWU,1,1,1,1
YBUFBHW,1,1,1,1
YBZLKD5,1,1,1,1
YBZQEFG,1,1,1,1
YC121DF,1,1,1,1
YC3504E,1,1,1,1
YCCV4HM,1,1,1,1
YCIEBOZ,1,1,1,1
YCJG9RG,1,1,1,1
YCKF1U1,1,1,1,1
YCMN7WV,1,1,1,1
YCNLPD0,1,1,1,1
YCO304E,1,1,1,1
YCT7I5E,1,1,1,1
YCY5VDH,1,1,1,1
YCZTE3J,1,1,1,1
YD1YVIN,1,1,1,1
YD3LYT9,1,1,1,1
YD7KNL7,1,1,1,1
YD9CXZS,1,1,1,1
YDALC8F,1,1,1,1
YDEMI3F,1,1,1,1
YDJF1O7,1,1,1,1
YDJP4DK,1,1,1,1
YDK80GN,1,1,1,1
YDLP42A,1,1,1,1
YDMO9BE,1,1,1,1
YDOYJZJ,1,1,1,1
YDR4ZEM,1,1,1,1
YDRQDH4,1,1,1,1
YDZNL2V,1,1,1,1
YE8BOAM,1,1,1,1
YECF4V3,1,1,1,1
YEFIZU8,1,1,1,1
YEG9MAF,1,1,1,1
YEGP8JN,1,1,1,1
YEKCHPR,1,1,1,1
YELRRGN,1,1,1,1
YENOHUX,1,1,1,1
YEP1DHZ,1,1,1,1
YERJP93,1,1,1,1
YEUJINQ,1,1,1,1
YEUZPSE,1,1,1,1
YF56R8T,1,1,1,1
YF6C43U,1,1,1,1
YFIJVX1,1,1,1,1
YFLTHDK,1,1,1,1
YFMZYLB,1,1,1,1
YFQ9GFD,1,1,1,1
YFRPM97,1,1,1,1
YFSPDNQ,1,1,1,1
YFU51BG,1,1,1,1
YFUXCSJ,1,1,1,1
YG31M9X,1,1,1,1
YG6P8VT,1,1,1,1
YGDPIKB,1,1,1,1
YGDPQMW,1,1,1,1
YGEQFVZ,1,1,1,1
YGZRBIF,1,1,1,1
YH296BM,1,1,1,1
YH3ZP0T,1,1,1,1
YH6HDJD,1,1,1,1
YH7IS8K,1,1,1,1
YH9WNWL,1,1,1,1
YHCBEN0,1,1,1,1
YHES0CI,1,1,1,1
YHHT7ZQ,1,1,1,1
YHIO2A4,1,1,1,1
YHLQW9J,1,1,1,1
YHMIBOC,1,1,1,1
YHNQXBW,1,1,1,1
YHPO75E,1,1,1,1
YHQWFNE,1,1,1,1
YHS2RIB,1,1,1,1
YHTKUVE,1,1,1,1
YHVCPCZ,1,1,1,1
YHWIMAO,1,1,1,1
YI14MVP,1,1,1,1
YI5EEU1,1,1,1,1
YI6Z80M,1,1,1,1
YI7JVEE,1,1,1,1
YIBIFRG,1,1,1,1
YICLN26,1,1,1,1
YIDY7A9,1,1,1,1
YIE9Z8R,1,1,1,1
YIHSKCB,1,1,1,1
YIIYPCU,1,1,1,1
YIJA9GB,1,1,1,1
YIM2VC7,1,1,1,1
YIMEUX2,1,1,1,1
YIQ0BG1,1,1,1,1
YIQS61J,1,1,1,1
YIRRWBT,1,1,1,1
YITLFQ6,1,1,1,1
YIVCKKT,1,1,1,1
YIWJ7C6,1,1,1,1
YIZ2QKA,1,1,1,1
YIZVHWP,1,1,1,1
YJ012JA,1,1,1,1
YJ0GIPO,1,1,1,1
YJ4FSOZ,1,1,1,1
YJ58AER,1,1,1,1
YJ6DFOU,1,1,1,1
YJ6DYKV,1,1,1,1
YJ72I1E,1,1,1,1
YJCU32D,1,1,1,1
YJFPDQT,1,1,1,1
YJIV7WA,1,1,1,1
YJIW0EY,1,1,1,1
YJLZQLY,1,1,1,1
YJMHAY0,1,1,1,1
YJPR7CX,1,1,1,1
YJPWB8T,1,1,1,1
YJQHCM6,1,1,1,1
YJR4TDY,1,1,1,1
YJULLY5,1,1,1,1
YJX615U,1,1,1,1
YKDNNUQ,1,1,1,1
YKEFJCO,1,1,1,1
YKHDFEN,1,1,1,1
YKJIQX5,1,1,1,1
YKPFUEL,1,1,1,1
YKRHIOZ,1,1,1,1
YKRQ6SX,1,1,1,1
YKS9W6G,1,1,1,1
YKY3BOR,1,1,1,1
YL82GCK,1,1,1,1
YLATNHB,1,1,1,1
YLB0SMU,1,1,1,1
YLEW70U,1,1,1,1
YLLGY2S,1,1,1,1
YLMKN2X,1,1,1,1
YLPPD7E,1,1,1,1
YLR9U10,1,1,1,1
YLRRMZP,1,1,1,1
YM0PZHS,1,1,1,1
YM4NIG0,1,1,1,1
YM95V46,1,1,1,1
YM9YFIL,1,1,1,1
YME8TDX,1,1,1,1
YMJFIGS,1,1,1,1
YMJQ2FK,1,1,1,1
YML09X7,1,1,1,1
YMNIFDP,1,1,1,1
YMNSFWG,1,1,1,1
YMS7GEZ,1,1,1,1
YMSZG7X,1,1,1,1
YMUVCQ0,1,1,1,1
YMXTLLC,1,1,1,1
YN1BG4Q,1,1,1,1
YN1U5AW,1,1,1,1
YN2BG0M,1,1,1,1
YN3EL4J,1,1,1,1
YN609QJ,1,1,1,1
YNCND04,1,1,1,1
YNFTK1S,1,1,1,1
YNHFZNZ,1,1,1,1
YNIGE2D,1,1,1,1
YNKMVLI,1,1,1,1
YNL0Z1O,1,1,1,1
YNMFGGO,1,1,1,1
YNOBQCR,1,1,1,1
YNPHPPD,1,1,1,1
YNTTI9P,1,1,1,1
YNUNIWO,1,1,1,1
YNZ48G4,1,1,1,1
YO6TP5S,1,1,1,1
YOCKZKC,1,1,1,1
YOCRETN,1,1,1,1
YOIB05U,1,1,1,1
YOIWAZU,1,1,1,1
YOJOXIN,1,1,1,1
YOK9F5G,1,1,1,1
YONNGIZ,1,1,1,1
YOQC4PL,1,1,1,1
YOQZ8SZ,1,1,1,1
YOSJSRG,1,1,1,1
YOZWFPS,1,1,1,1
YP1RCJX,1,1,1,1
YP2C64M,1,1,1,1
YP2EEZ0,1,1,1,1
YP2QYRB,1,1,1,1
YP5TIQG,1,1,1,1
YPGDJM9,1,1,1,1
YPJPQPG,1,1,1,1
YPKW5US,1,1,1,1
YPMSHE5,1,1,1,1
YPR2B8U,1,1,1,1
YPRX56G,1,1,1,1
YPSO9HK,1,1,1,1
YPT4BH6,1,1,1,1
YPUAD2L,1,1,1,1
YPUDYIU,1,1,1,1
YPUYUDH,1,1,1,1
YPV1YAI,1,1,1,1
YQ2YY3P,1,1,1,1
YQ3YNOM,1,1,1,1
YQ44BSP,1,1,1,1
YQ4T8CG,1,1,1,1
YQAO8NS,1,1,1,1
YQE1X39,1,1,1,1
YQE6YIO,1,1,1,1
YQG27VM,1,1,1,1
YQHRAIZ,1,1,1,1
YQJEY6B,1,1,1,1
YQKYU0P,1,1,1,1
YQMPTDJ,1,1,1,1
YQNLSPQ,1,1,1,1
YQOTX20,1,1,1,1
YQR0XMV,1,1,1,1
YQRDPVO,1,1,1,1
YQW73BN,1,1,1,1
YR52SBN,1,1,1,1
YR7KMO3,1,1,1,1
YR90JLE,1,1,1,1
YRE4X7D,1,1,1,1
YRF3828,1,1,1,1
YRPGG7F,1,1,1,1
YRR9YIB,1,1,1,1
YRTD4HE,1,1,1,1
YRTTXWJ,1,1,1,1
YRU7ASB,1,1,1,1
YRURPO0,1,1,1,1
YRY2A7Q,1,1,1,1
YSD8IWX,1,1,1,1
YSDPVBN,1,1,1,1
YSEDAJ6,1,1,1,1
YSIKCXZ,1,1,1,1
YSIQRBD,1,1,1,1
YSJVUU4,1,1,1,1
YSLFMYO,1,1,1,1
YSOFQCJ,1,1,1,1
YSQS56F,1,1,1,1
YSW1JPG,1,1,1,1
YSYEQ2J,1,1,1,1
YSZC54G,1,1,1,1
YT0I6ES,1,1,1,1
YT1I2MQ,1,1,1,1
YT1N7V3,1,1,1,1
YTA3FCP,1,1,1,1
YTEGEY3,1,1,1,1
YTPOBN0,1,1,1,1
YTW5DH9,1,1,1,1
YTXGPWH,1,1,1,1
YTY0EJT,1,1,1,1
YTYPMXB,1,1,1,1
YTZW0JA,1,1,1,1
YU78AK0,1,1,1,1
YU886GE,1,1,1,1
YU8XNFV,1,1,1,1
YUAOMOB,1,1,1,1
YUFEL1S,1,1,1,1
YUFRL91,1,1,1,1
YUGOSIX,1,1,1,1
YUJQ6UM,1,1,1,1
YULQ0JB,1,1,1,1
YUMKE9R,1,1,1,1
YUP9QHZ,1,1,1,1
YUPZNX3,1,1,1,1
YUQXK94,1,1,1,1
YUV2I6G,1,1,1,1
YUWIKAB,1,1,1,1
YV413ZP,1,1,1,1
YV5KMBG,1,1,1,1
YVCTX36,1,1,1,1
YVEY1BV,1,1,1,1
YVKV0OO,1,1,1,1
YVLTBTL,1,1,1,1
YVM559Q,1,1,1,1
YVPBSWS,1,1,1,1
YVQJITA,1,1,1,1
YVY39P3,1,1,1,1
YW19IGB,1,1,1,1
YW6P803,1,1,1,1
YWA3CYP,1,1,1,1
YWCHF8B,1,1,1,1
YWG5UHH,1,1,1,1
YWHRA2S,1,1,1,1
YWHRGHD,1,1,1,1
YWIF2AL,1,1,1,1
YWIZH4M,1,1,1,1
YWT25OE,1,1,1,1
YWVFMYH,1,1,1,1
YWXD6IQ,1,1,1,1
YX0EJNQ,1,1,1,1
YX3IJ8P,1,1,1,1
YX3UJBA,1,1,1,1
YX7VQ4G,1,1,1,1
YX8KUBB,1,1,1,1
YXAK7UV,1,1,1,1
YXBBPKB,1,1,1,1
YXDFK96,1,1,1,1
YXGOUCF,1,1,1,1
YXIXNMG,1,1,1,1
YXJE1KP,1,1,1,1
YXMNKVA,1,1,1,1
YXUACQS,1,1,1,1
YXUVG14,1,1,1,1
YYIFEOL,1,1,1,1
YYMN8OS,1,1,1,1
YYQROEG,1,1,1,1
YYTJPSA,1,1,1,1
YYVFZC4,1,1,1,1
YZ50SM1,1,1,1,1
YZ604JO,1,1,1,1
YZAG17M,1,1,1,1
YZCLEXU,1,1,1,1
YZDYBMS,1,1,1,1
YZHIJPL,1,1,1,1
YZJ0PG2,1,1,1,1
YZJ9DWO,1,1,1,1
YZMH6WR,1,1,1,1
YZTSRUM,1,1,1,1
YZVEBKO,1,1,1,1
YZW5XVI,1,1,1,1
YZWGM6A,1,1,1,1
YZXGOON,1,1,1,1
Z09PHUK,1,1,1,1
Z0D7AHK,1,1,1,1
Z0I9PBR,1,1,1,1
Z0IT4QF,1,1,1,1
Z0KH3IR,1,1,1,1
Z0LZCJJ,1,1,1,1
Z0OKLVY,1,1,1,1
Z0QFGLJ,1,1,1,1
Z0TFKAV,1,1,1,1
Z10FUTG,1,1,1,1
Z123DF5,1,1,1,1
Z15XJBT,1,1,1,1
Z17JYXA,1,1,1,1
Z1AE9ZA,1,1,1,1
Z1CI6L2,1,1,1,1
Z1DJ9IH,1,1,1,1
Z1EWK1V,1,1,1,1
Z1F0QZH,1,1,1,1
Z1HYJJV,1,1,1,1
Z1L3BEV,1,1,1,1
Z1ONQBG,1,1,1,1
Z1U97RH,1,1,1,1
Z1UP29B,1,1,1,1
Z1XHHBD,1,1,1,1
Z1XTRWT,1,1,1,1
Z26TF4Q,1,1,1,1
Z26WOFV,1,1,1,1
Z298P8J,1,1,1,1
Z2BZPGC,1,1,1,1
Z2F3HZN,1,1,1,1
Z2FFHXS,1,1,1,1
Z2FYARU,1,1,1,1
Z2H30XS,1,1,1,1
Z2IHYB4,1,1,1,1
Z2KOLXZ,1,1,1,1
Z2KTYOR,1,1,1,1
Z2MVS13,1,1,1,1
Z2YDVBD,1,1,1,1
Z30JYHG,1,1,1,1
Z32SD6U,1,1,1,1
Z36BRGO,1,1,1,1
Z3AINMV,1,1,1,1
Z3AQFH7,1,1,1,1
Z3BNOMH,1,1,1,1
Z3EMPO5,1,1,1,1
Z3EUJPP,1,1,1,1
Z3G2XIH,1,1,1,1
Z3HAEXD,1,1,1,1
Z3KAOMY,1,1,1,1
Z3O0X1Q,1,1,1,1
Z3T7DIS,1,1,1,1
Z4MEB66,1,1,1,1
Z4NZXRL,1,1,1,1
Z4ODRTT,1,1,1,1
Z4QCUVV,1,1,1,1
Z4T5PB6,1,1,1,1
Z4TJFLB,1,1,1,1
Z4VU5Z0,1,1,1,1
Z4WJ9DS,1,1,1,1
Z4YJHXO,1,1,1,1
Z4YMKO0,1,1,1,1
Z52F419,1,1,1,1
Z5681Q4,1,1,1,1
Z5AOU26,1,1,1,1
Z5IQ2S8,1,1,1,1
Z5MJ3BF,1,1,1,1
Z5RB0DC,1,1,1,1
Z6LD6NL,1,1,1,1
Z6YOG4P,1,1,1,1
Z6ZUPNN,1,1,1,1
Z72RT0J,1,1,1,1
Z75TYIA,1,1,1,1
Z783KW8,1,1,1,1
Z7C5X60,1,1,1,1
Z7COYUE,1,1,1,1
Z7CPYXQ,1,1,1,1
Z7E09PI,1,1,1,1
Z7EXBWF,1,1,1,1
Z7JW4KY,1,1,1,1
Z7K8CWE,1,1,1,1
Z7SDLN0,1,1,1,1
Z7TXYS0,1,1,1,1
Z7VZR2T,1,1,1,1
Z806XL3,1,1,1,1
Z85I1GU,1,1,1,1
Z8916GR,1,1,1,1
Z8CAHSX,1,1,1,1
Z8KUECD,1,1,1,1
Z8M7INH,1,1,1,1
Z8MSBJP,1,1,1,1
Z8ORW6P,1,1,1,1
Z8OVALK,1,1,1,1
Z8RYKFK,1,1,1,1
Z8S5KCJ,1,1,1,1
Z8TK109,1,1,1,1
Z99AWQA,1,1,1,1
Z9BM3WX,1,1,1,1
Z9C6JAH,1,1,1,1
Z9LEVAO,1,1,1,1
Z9S2378,1,1,1,1
Z9V786Q,1,1,1,1
ZA50UAO,1,1,1,1
ZAAFTL5,1,1,1,1
ZAFYLTS,1,1,1,1
ZAG7EOU,1,1,1,1
ZAMWGK5,1,1,1,1
ZAOBLGC,1,1,1,1
ZATL2U1,1,1,1,1
ZAW0RQ3,1,1,1,1
ZAZDTU3,1,1,1,1
ZB2IX94,1,1,1,1
ZB3RSWH,1,1,1,1
ZB6DBG8,1,1,1,1
ZB80AQ6,1,1,1,1
ZBE1D2F,1,1,1,1
ZBGQUF0,1,1,1,1
ZBJZHCG,1,1,1,1
ZBKNRD9,1,1,1,1
ZBOBIS7,1,1,1,1
ZBQ0HGL,1,1,1,1
ZBTSOWE,1,1,1,1
ZBVBVKT,1,1,1,1
ZBVRGDI,1,1,1,1
ZBVV3XL,1,1,1,1
ZBWUUKU,1,1,1,1
ZBZJMLM,1,1,1,1
ZC6BWYK,1,1,1,1
ZC6DWNU,1,1,1,1
ZCAQDAH,1,1,1,1
ZCBEWJ9,1,1,1,1
ZCIGTEN,1,1,1,1
ZCIQMKN,1,1,1,1
ZCQWVIR,1,1,1,1
ZCSCEPV,1,1,1,1
ZCSRQRO,1,1,1,1
ZCYADWM,1,1,1,1
ZD7HYWS,1,1,1,1
ZD8LXCY,1,1,1,1
ZD95AGC,1,1,1,1
ZDG4H56,1,1,1,1
ZDGYJTG,1,1,1,1
ZDJMH5C,1,1,1,1
ZDJNB3Q,1,1,1,1
ZDJXZ26,1,1,1,1
ZDL241F,1,1,1,1
ZDLWKJQ,1,1,1,1
ZDOD2ID,1,1,1,1
ZDOYUBK,1,1,1,1
ZDPLTMC,1,1,1,1
ZDRR4VF,1,1,1,1
ZDTDLYR,1,1,1,1
ZDTQJ9S,1,1,1,1
ZDTTMMO,1,1,1,1
ZDU4H2E,1,1,1,1
ZDUXTRB,1,1,1,1
ZDXWAWT,1,1,1,1
ZDYHE4U,1,1,1,1
ZDZCIRO,1,1,1,1
ZDZIQ5M,1,1,1,1
ZDZOUTX,1,1,1,1
ZE3TTYK,1,1,1,1
ZE4L0WG,1,1,1,1
ZE6K72X,1,1,1,1
ZE8BD5W,1,1,1,1
ZE9VLJS,1,1,1,1
ZEMIGVL,1,1,1,1
ZENXTXJ,1,1,1,1
ZEWDZ9T,1,1,1,1
ZF0W6XM,1,1,1,1
ZF3IRQC,1,1,1,1
ZF4ENHW,1,1,1,1
ZFA2IDD,1,1,1,1
ZFCZSXQ,1,1,1,1
ZFDWXD4,1,1,1,1
ZFHKE2L,1,1,1,1
ZFKXM7A,1,1,1,1
ZFLYAWL,1,1,1,1
ZFO8ATB,1,1,1,1
ZFOUBP4,1,1,1,1
ZFP3G9H,1,1,1,1
ZFP5FDI,1,1,1,1
ZFTN0E2,1,1,1,1
ZFTZIX7,1,1,1,1
ZFWLAQE,1,1,1,1
ZFX85DE,1,1,1,1
ZFZMRY7,1,1,1,1
ZG0UCQX,1,1,1,1
ZG1LACP,1,1,1,1
ZG5F7S1,1,1,1,1
ZGAYQWP,1,1,1,1
ZGDRSU8,1,1,1,1
ZGN4GPM,1,1,1,1
ZGOLWBR,1,1,1,1
ZGOV2PF,1,1,1,1
ZGPWFT1,1,1,1,1
ZGSUGRB,1,1,1,1
ZGUP6BF,1,1,1,1
ZGW3VYM,1,1,1,1
ZGWANF4,1,1,1,1
ZH0AEHM,1,1,1,1
ZH0NATB,1,1,1,1
ZH3W8NQ,1,1,1,1
ZH62OEC,1,1,1,1
ZH9FRUL,1,1,1,1
ZHBWS2N,1,1,1,1
ZHCN5YT,1,1,1,1
ZHGYS16,1,1,1,1
ZHHJKEB,1,1,1,1
ZHHTPXO,1,1,1,1
ZHJ9DC7,1,1,1,1
ZHR03VG,1,1,1,1
ZHR4W2P,1,1,1,1
ZHVWJD5,1,1,1,1
ZI07UNF,1,1,1,1
ZI2QNMM,1,1,1,1
ZI6FVZT,1,1,1,1
ZIHBE9Z,1,1,1,1
ZILFJ5R,1,1,1,1
ZIPK29Y,1,1,1,1
ZISGBQD,1,1,1,1
ZIT8JJE,1,1,1,1
ZJ7SAWU,1,1,1,1
ZJ874SN,1,1,1,1
ZJCHY7U,1,1,1,1
ZJDSWHQ,1,1,1,1
ZJGZ3AO,1,1,1,1
ZJK3IQQ,1,1,1,1
ZJOQFPO,1,1,1,1
ZJPM871,1,1,1,1
ZJQP13H,1,1,1,1
ZJSFCN8,1,1,1,1
ZJT7ONQ,1,1,1,1
ZJVTKWC,1,1,1,1
ZJW1GTC,1,1,1,1
ZJXB213,1,1,1,1
ZJXHRJO,1,1,1,1
ZJY3PMO,1,1,1,1
ZK0LINW,1,1,1,1
ZK33JBE,1,1,1,1
ZK3AMQF,1,1,1,1
ZK85V1F,1,1,1,1
ZKAIDHO,1,1,1,1
ZKAM0QU,1,1,1,1
ZKEF9NN,1,1,1,1
ZKH7JVT,1,1,1,1
ZKJEEVD,1,1,1,1
ZKRMFPE,1,1,1,1
ZKTP94I,1,1,1,1
ZKTQBBD,1,1,1,1
ZKV6OYE,1,1,1,1
ZL3SZDV,1,1,1,1
ZL48ZW0,1,1,1,1
ZL8BRLF,1,1,1,1
ZLDLPQN,1,1,1,1
ZLGU4K2,1,1,1,1
ZLHNMS9,1,1,1,1
ZLJU68I,1,1,1,1
ZLKTD9F,1,1,1,1
ZLRBKA6,1,1,1,1
ZM1MYX9,1,1,1,1
ZMCPHK2,1,1,1,1
ZMCS3RA,1,1,1,1
ZMEI1Y2,1,1,1,1
ZMFMASF,1,1,1,1
ZMGXNNU,1,1,1,1
ZMIFQU3,1,1,1,1
ZMKEEA9,1,1,1,1
ZMOFGWH,1,1,1,1
ZMQKPQC,1,1,1,1
ZMSK46X,1,1,1,1
ZMTPD1Y,1,1,1,1
ZMWZG5C,1,1,1,1
ZN0ITAL,1,1,1,1
ZN423WY,1,1,1,1
ZN6HPIG,1,1,1,1
ZN88HT2,1,1,1,1
ZN8RVGN,1,1,1,1
ZNCLZDG,1,1,1,1
ZNLSBOS,1,1,1,1
ZNML5NT,1,1,1,1
ZNNLHWX,1,1,1,1
ZNO9RWY,1,1,1,1
ZNRBD3A,1,1,1,1
ZNRCUD3,1,1,1,1
ZO4S495,1,1,1,1
ZO4YPMA,1,1,1,1
ZO8J9I1,1,1,1,1
ZOATGOJ,1,1,1,1
ZOBF0W7,1,1,1,1
ZOBOIE5,1,1,1,1
ZODGP3C,1,1,1,1
ZODME0B,1,1,1,1
ZOFZDKL,1,1,1,1
ZOH7P6U,1,1,1,1
ZOIFAIQ,1,1,1,1
ZOL9NUP,1,1,1,1
ZOMJJVP,1,1,1,1
ZORM8FW,1,1,1,1
ZOYL6CX,1,1,1,1
ZOYVAD0,1,1,1,1
ZOZ4EFP,1,1,1,1
ZP1XYFS,1,1,1,1
ZP207MR,1,1,1,1
ZP9U86Q,1,1,1,1
ZPCZ7WT,1,1,1,1
ZPE0M4K,1,1,1,1
ZPGEO60,1,1,1,1
ZPJHAQZ,1,1,1,1
ZPNAFIN,1,1,1,1
ZPOPTEO,1,1,1,1
ZPP84UI,1,1,1,1
ZPVGHWA,1,1,1,1
ZPWTAGR,1,1,1,1
ZPWY5RV,1,1,1,1
ZPXBKEO,1,1,1,1
ZPXIJTC,1,1,1,1
ZQ0SVLJ,1,1,1,1
ZQ0ZXDV,1,1,1,1
ZQ5ECGX,1,1,1,1
ZQ8W245,1,1,1,1
ZQCPDLI,1,1,1,1
ZQCZBLN,1,1,1,1
ZQE6NWR,1,1,1,1
ZQEGT3P,1,1,1,1
ZQEUA6I,1,1,1,1
ZQLQNNU,1,1,1,1
ZQQUJAU,1,1,1,1
ZQRBCMO,1,1,1,1
ZQTR8TJ,1,1,1,1
ZR4NHDJ,1,1,1,1
ZR6FFSP,1,1,1,1
ZR6JVSX,1,1,1,1
ZR6VM70,1,1,1,1
ZR7IJ64,1,1,1,1
ZR96QDF,1,1,1,1
ZR9ZCAV,1,1,1,1
ZRJU7L4,1,1,1,1
ZRL4FKF,1,1,1,1
ZRQ4D1G,1,1,1,1
ZRSQEMH,1,1,1,1
ZRWC59T,1,1,1,1
ZRWGHZ2,1,1,1,1
ZRWVA48,1,1,1,1
ZRXLB4Q,1,1,1,1
ZS2VXLJ,1,1,1,1
ZS50E41,1,1,1,1
ZSDWTFV,1,1,1,1
ZSFUPII,1,1,1,1
ZSG8AFT,1,1,1,1
ZSJUTIP,1,1,1,1
ZSKG38V,1,1,1,1
ZSMCQXB,1,1,1,1
ZSMKVDS,1,1,1,1
ZSRANKZ,1,1,1,1
ZSY6L4M,1,1,1,1
ZSZPYRO,1,1,1,1
ZT01GFJ,1,1,1,1
ZT166WG,1,1,1,1
ZT461YG,1,1,1,1
ZT8ITV2,1,1,1,1
ZTACL87,1,1,1,1
ZTDKAZO,1,1,1,1
ZTHIES5,1,1,1,1
ZTJLLJQ,1,1,1,1
ZTOSVYU,1,1,1,1
ZTP9694,1,1,1,1
ZTSBGKL,1,1,1,1
ZTT68WC,1,1,1,1
ZTY5679,1,1,1,1
ZU2X1YG,1,1,1,1
ZU8NL8S,1,1,1,1
ZU90IXN,1,1,1,1
ZUDW138,1,1,1,1
ZUFVQOM,1,1,1,1
ZUGPK91,1,1,1,1
ZUL9SHP,1,1,1,1
ZUN7YS1,1,1,1,1
ZUNRB3O,1,1,1,1
ZUOGESN,1,1,1,1
ZURRGVL,1,1,1,1
ZUWF3R8,1,1,1,1
ZUXV8T3,1,1,1,1
ZUYYRFD,1,1,1,1
ZV3ASHE,1,1,1,1
ZV9ZI28,1,1,1,1
ZVBAN8F,1,1,1,1
ZVJ13NC,1,1,1,1
ZVL0EX5,1,1,1,1
ZVLPMWP,1,1,1,1
ZVQA8DE,1,1,1,1
ZVQFPOF,1,1,1,1
ZVRCGAO,1,1,1,1
ZVRKIM1,1,1,1,1
ZVSC037,1,1,1,1
ZVSYP3V,1,1,1,1
ZVYTZYM,1,1,1,1
ZW5VIEF,1,1,1,1
ZWEAXKL,1,1,1,1
ZWNB8YC,1,1,1,1
ZWQ7CFA,1,1,1,1
ZWQPFK2,1,1,1,1
ZWRDXVL,1,1,1,1
ZWSM69T,1,1,1,1
ZWUGC6G,1,1,1,1
ZWUWK8G,1,1,1,1
ZWVRDAT,1,1,1,1
ZWWRVUF,1,1,1,1
ZX40H1K,1,1,1,1
ZX9LOVD,1,1,1,1
ZXJOZ1S,1,1,1,1
ZXJWDTI,1,1,1,1
ZXOIHXB,1,1,1,1
ZXRWDVW,1,1,1,1
ZXTKC6O,1,1,1,1
ZY3INBH,1,1,1,1
ZY7VX9D,1,1,1,1
ZYHHSLL,1,1,1,1
ZYR7HI3,1,1,1,1
ZYSBNW4,1,1,1,1
ZYSNMIZ,1,1,1,1
ZYW3MVZ,1,1,1,1
ZZ9QPLW,1,1,1,1
ZZACOWK,1,1,1,1
ZZGYCET,1,1,1,1
ZZKEBVQ,1,1,1,1
ZZKOZVR,1,1,1,1
ZZU6FCU,1,1,1,1
ZZY779F,1,1,1,1
