lsoa_code,lsoa_name,e_i,S_eff_i,U_i,n_evse,n_active_evse,n_active_locations,has_evse_i
E01000001,City of London 001A,1,0.24391126537152777,0.24391126537152777,1,1,1,True
E01000002,City of London 001B,1,0.0159715952928723,0.0159715952928723,8,7,1,True
E01000003,City of London 001C,0,0.0,,0,0,0,False
E01000005,City of London 001E,0,0.0,,0,0,0,False
E01000006,Barking and Dagenham 016A,0,0.0,,0,0,0,False
E01000007,Barking and Dagenham 015A,0,0.0,,0,0,0,False
E01000008,Barking and Dagenham 015B,0,0.0,,0,0,0,False
E01000009,Barking and Dagenham 016B,1,0.21297617669328706,0.21297617669328706,4,4,1,True
E01000011,Barking and Dagenham 016C,0,0.0,,0,0,0,False
E01000012,Barking and Dagenham 015D,1,0.06407282021421683,0.06407282021421683,4,4,1,True
E01000013,Barking and Dagenham 013A,0,0.0,,0,0,0,False
E01000014,Barking and Dagenham 013B,0,0.0,,0,0,0,False
E01000015,Barking and Dagenham 009A,0,0.0,,0,0,0,False
E01000016,Barking and Dagenham 009B,0,0.0,,0,0,0,False
E01000017,Barking and Dagenham 009C,0,0.0,,0,0,0,False
E01000018,Barking and Dagenham 009D,0,0.0,,0,0,0,False
E01000019,Barking and Dagenham 023A,0,0.0,,0,0,0,False
E01000020,Barking and Dagenham 023B,0,0.0,,0,0,0,False
E01000021,Barking and Dagenham 008A,0,0.0,,0,0,0,False
E01000022,Barking and Dagenham 008B,0,0.0,,0,0,0,False
E01000024,Barking and Dagenham 008D,0,0.0,,0,0,0,False
E01000025,Barking and Dagenham 008E,0,0.0,,0,0,0,False
E01000027,Barking and Dagenham 001A,0,0.0,,0,0,0,False
E01000028,Barking and Dagenham 001B,0,0.0,,0,0,0,False
E01000029,Barking and Dagenham 001C,0,0.0,,0,0,0,False
E01000030,Barking and Dagenham 001D,0,0.0,,0,0,0,False
E01000031,Barking and Dagenham 002A,0,0.0,,0,0,0,False
E01000032,Barking and Dagenham 002B,0,0.0,,0,0,0,False
E01000033,Barking and Dagenham 006A,0,0.0,,0,0,0,False
E01000034,Barking and Dagenham 003A,0,0.0,,0,0,0,False
E01000035,Barking and Dagenham 010A,3,0.3292121399003601,0.10973737996678669,11,6,2,True
E01000036,Barking and Dagenham 010B,0,0.0,,0,0,0,False
E01000037,Barking and Dagenham 003B,0,0.0,,0,0,0,False
E01000038,Barking and Dagenham 003C,0,0.0,,0,0,0,False
E01000039,Barking and Dagenham 003D,0,0.0,,0,0,0,False
E01000040,Barking and Dagenham 019A,0,0.0,,0,0,0,False
E01000041,Barking and Dagenham 017A,0,0.0,,0,0,0,False
E01000042,Barking and Dagenham 017B,0,0.0,,0,0,0,False
E01000043,Barking and Dagenham 019B,0,0.0,,0,0,0,False
E01000044,Barking and Dagenham 016D,0,0.0,,0,0,0,False
E01000045,Barking and Dagenham 017C,0,0.0,,0,0,0,False
E01000046,Barking and Dagenham 017D,0,0.0,,0,0,0,False
E01000049,Barking and Dagenham 021C,1,0.15328578317611882,0.15328578317611882,4,4,1,True
E01000050,Barking and Dagenham 019C,0,0.0,,0,0,0,False
E01000051,Barking and Dagenham 021D,1,0.0,0.0,6,0,0,True
E01000052,Barking and Dagenham 019D,0,0.0,,0,0,0,False
E01000053,Barking and Dagenham 020A,1,0.11352015817689043,0.11352015817689043,4,4,1,True
E01000054,Barking and Dagenham 018A,0,0.0,,0,0,0,False
E01000055,Barking and Dagenham 018B,0,0.0,,0,0,0,False
E01000056,Barking and Dagenham 018C,0,0.0,,0,0,0,False
E01000057,Barking and Dagenham 012A,2,0.0,0.0,6,0,0,True
E01000058,Barking and Dagenham 018D,0,0.0,,0,0,0,False
E01000059,Barking and Dagenham 013C,1,0.0750745563256173,0.0750745563256173,4,4,1,True
E01000060,Barking and Dagenham 006B,0,0.0,,0,0,0,False
E01000061,Barking and Dagenham 006C,0,0.0,,0,0,0,False
E01000062,Barking and Dagenham 006D,1,0.11865692515219907,0.11865692515219907,4,4,1,True
E01000063,Barking and Dagenham 004A,0,0.0,,0,0,0,False
E01000064,Barking and Dagenham 006E,0,0.0,,0,0,0,False
E01000065,Barking and Dagenham 007A,1,0.12307330246643518,0.12307330246643518,4,4,1,True
E01000066,Barking and Dagenham 011A,1,0.08134317129542823,0.08134317129542823,4,4,1,True
E01000067,Barking and Dagenham 011B,0,0.0,,0,0,0,False
E01000068,Barking and Dagenham 016E,0,0.0,,0,0,0,False
E01000069,Barking and Dagenham 011C,1,0.03546823559555041,0.03546823559555041,3,2,1,True
E01000070,Barking and Dagenham 011D,2,0.09829790380449459,0.049148951902247294,7,7,2,True
E01000071,Barking and Dagenham 011E,0,0.0,,0,0,0,False
E01000072,Barking and Dagenham 017E,0,0.0,,0,0,0,False
E01000073,Barking and Dagenham 012B,0,0.0,,0,0,0,False
E01000074,Barking and Dagenham 012C,0,0.0,,0,0,0,False
E01000075,Barking and Dagenham 012D,1,0.019086162551183127,0.019086162551183127,3,3,1,True
E01000076,Barking and Dagenham 012E,0,0.0,,0,0,0,False
E01000077,Barking and Dagenham 008F,0,0.0,,0,0,0,False
E01000078,Barking and Dagenham 007B,0,0.0,,0,0,0,False
E01000079,Barking and Dagenham 009E,1,0.24455902777343752,0.24455902777343752,4,4,1,True
E01000080,Barking and Dagenham 007C,0,0.0,,0,0,0,False
E01000081,Barking and Dagenham 007D,0,0.0,,0,0,0,False
E01000082,Barking and Dagenham 007E,0,0.0,,0,0,0,False
E01000083,Barking and Dagenham 007F,1,0.2530785107972608,0.2530785107972608,4,4,1,True
E01000084,Barking and Dagenham 013D,2,0.14150851980009002,0.07075425990004501,7,7,2,True
E01000085,Barking and Dagenham 013E,0,0.0,,0,0,0,False
E01000086,Barking and Dagenham 013F,0,0.0,,0,0,0,False
E01000087,Barking and Dagenham 020B,1,0.008853137860082304,0.008853137860082304,3,2,1,True
E01000088,Barking and Dagenham 020C,0,0.0,,0,0,0,False
E01000089,Barking and Dagenham 020D,0,0.0,,0,0,0,False
E01000090,Barking and Dagenham 020E,0,0.0,,0,0,0,False
E01000091,Barking and Dagenham 022A,2,0.08430709876292439,0.042153549381462194,10,4,1,True
E01000093,Barking and Dagenham 022B,0,0.0,,0,0,0,False
E01000094,Barking and Dagenham 022C,0,0.0,,0,0,0,False
E01000095,Barking and Dagenham 018E,0,0.0,,0,0,0,False
E01000096,Barking and Dagenham 022D,2,0.09785381301221707,0.048926906506108536,7,7,2,True
E01000097,Barking and Dagenham 023C,0,0.0,,0,0,0,False
E01000098,Barking and Dagenham 023D,0,0.0,,0,0,0,False
E01000099,Barking and Dagenham 023E,0,0.0,,0,0,0,False
E01000100,Barking and Dagenham 004B,0,0.0,,0,0,0,False
E01000101,Barking and Dagenham 004C,1,0.0026021090533693415,0.0026021090533693415,3,1,1,True
E01000102,Barking and Dagenham 007G,0,0.0,,0,0,0,False
E01000103,Barking and Dagenham 014A,0,0.0,,0,0,0,False
E01000104,Barking and Dagenham 014B,0,0.0,,0,0,0,False
E01000105,Barking and Dagenham 014C,0,0.0,,0,0,0,False
E01000106,Barking and Dagenham 014D,0,0.0,,0,0,0,False
E01000107,Barking and Dagenham 010C,0,0.0,,0,0,0,False
E01000108,Barking and Dagenham 010D,0,0.0,,0,0,0,False
E01000110,Barking and Dagenham 002C,0,0.0,,0,0,0,False
E01000111,Barking and Dagenham 002D,1,0.03377498070939429,0.03377498070939429,4,4,1,True
E01000112,Barking and Dagenham 002E,0,0.0,,0,0,0,False
E01000113,Barking and Dagenham 002F,3,0.24731635802006172,0.08243878600668723,11,8,2,True
E01000114,Barking and Dagenham 004E,0,0.0,,0,0,0,False
E01000115,Barnet 009A,0,0.0,,0,0,0,False
E01000116,Barnet 009B,6,0.6206693672110339,0.10344489453517232,11,6,3,True
E01000117,Barnet 010A,4,0.23370833330960647,0.05842708332740162,6,4,3,True
E01000118,Barnet 010B,1,0.0,0.0,1,0,0,True
E01000119,Barnet 009C,1,0.022190200615354937,0.022190200615354937,1,1,1,True
E01000120,Barnet 009D,2,0.008008873456404322,0.004004436728202161,2,1,1,True
E01000121,Barnet 010C,0,0.0,,0,0,0,False
E01000122,Barnet 009E,1,0.018378858023919753,0.018378858023919753,1,1,1,True
E01000123,Barnet 010D,2,0.018106481481095678,0.009053240740547839,2,1,1,True
E01000124,Barnet 010E,4,0.06221990740567129,0.015554976851417823,5,2,2,True
E01000126,Barnet 026A,2,0.004076388888888889,0.0020381944444444445,2,1,1,True
E01000127,Barnet 024B,0,0.0,,0,0,0,False
E01000128,Barnet 024C,0,0.0,,0,0,0,False
E01000129,Barnet 024D,0,0.0,,0,0,0,False
E01000130,Barnet 021A,0,0.0,,0,0,0,False
E01000131,Barnet 024E,3,0.4064654706541281,0.13548849021804268,5,3,2,True
E01000132,Barnet 021B,0,0.0,,0,0,0,False
E01000133,Barnet 021C,0,0.0,,0,0,0,False
E01000134,Barnet 024F,0,0.0,,0,0,0,False
E01000135,Barnet 038A,6,0.39843827159683637,0.06640637859947272,6,5,5,True
E01000136,Barnet 038B,6,0.1323788580177469,0.02206314300295782,6,4,4,True
E01000137,Barnet 041A,7,0.08049961419598765,0.011499944885141094,7,4,4,True
E01000138,Barnet 040A,3,0.03534722222029321,0.011782407406764403,3,2,2,True
E01000139,Barnet 041B,8,0.28413117283333333,0.03551639660416667,12,5,5,True
E01000140,Barnet 041C,7,0.3498346836047454,0.049976383372106484,10,5,3,True
E01000141,Barnet 039A,6,0.036940200613040125,0.006156700102173354,6,4,4,True
E01000142,Barnet 040B,7,0.2263190586365741,0.032331294090939156,7,6,6,True
E01000143,Barnet 041D,4,0.25931616510108024,0.06482904127527006,5,3,2,True
E01000144,Barnet 038C,3,0.09544290123148147,0.03181430041049382,3,2,2,True
E01000145,Barnet 037A,10,0.10881018518325616,0.010881018518325616,10,7,7,True
E01000146,Barnet 038D,5,0.04465702160300926,0.008931404320601851,5,3,3,True
E01000147,Barnet 043F,3,0.24581076386728395,0.08193692128909465,5,2,1,True
E01000150,Barnet 036A,1,0.01892592592476852,0.01892592592476852,1,1,1,True
E01000151,Barnet 026B,0,0.0,,0,0,0,False
E01000152,Barnet 026C,0,0.0,,0,0,0,False
E01000153,Barnet 026D,0,0.0,,0,0,0,False
E01000154,Barnet 026E,0,0.0,,0,0,0,False
E01000156,Barnet 022A,11,0.16634374999498458,0.015122159090453143,11,9,9,True
E01000157,Barnet 022B,11,0.0695412808591821,0.006321934623562009,11,6,6,True
E01000158,Barnet 015A,7,0.07137075617013888,0.01019582231001984,7,3,3,True
E01000159,Barnet 015B,2,0.0554278549371142,0.0277139274685571,2,1,1,True
E01000160,Barnet 015C,4,0.023928240740354937,0.005982060185088734,4,2,2,True
E01000161,Barnet 015D,10,0.07980478394945988,0.007980478394945988,10,4,4,True
E01000162,Barnet 015E,3,0.21913618824228395,0.07304539608076131,5,2,1,True
E01000163,Barnet 022C,5,0.048677854936728396,0.00973557098734568,5,3,3,True
E01000164,Barnet 022D,4,0.061123070986882716,0.015280767746720679,4,2,2,True
E01000165,Barnet 022E,0,0.0,,0,0,0,False
E01000166,Barnet 003A,0,0.0,,0,0,0,False
E01000167,Barnet 002A,3,0.007724922838734567,0.002574974279578189,3,1,1,True
E01000168,Barnet 003B,0,0.0,,0,0,0,False
E01000169,Barnet 003C,0,0.0,,0,0,0,False
E01000170,Barnet 006A,0,0.0,,0,0,0,False
E01000171,Barnet 006B,2,0.14772260802276235,0.07386130401138118,2,1,1,True
E01000172,Barnet 003D,0,0.0,,0,0,0,False
E01000173,Barnet 006C,6,0.005108796295910494,0.0008514660493184156,6,2,2,True
E01000174,Barnet 006D,4,0.20480536263541665,0.051201340658854164,6,4,3,True
E01000175,Barnet 006E,2,0.05082291666550926,0.02541145833275463,2,2,2,True
E01000176,Barnet 027A,3,0.046066358021990744,0.015355452673996914,3,2,2,True
E01000177,Barnet 029A,2,0.01370833333294753,0.006854166666473765,2,2,2,True
E01000178,Barnet 027B,11,0.16889814813618828,0.015354377103289844,11,6,6,True
E01000179,Barnet 029B,10,0.03421990740625001,0.0034219907406250008,10,5,5,True
E01000180,Barnet 029C,2,0.027859182097993828,0.013929591048996914,2,2,2,True
E01000181,Barnet 029D,8,0.3038591820623071,0.03798239775778839,13,7,5,True
E01000182,Barnet 029E,13,0.29966126542476856,0.023050866571136044,13,7,7,True
E01000183,Barnet 033A,16,0.042858410493055554,0.002678650655815972,16,7,7,True
E01000184,Barnet 027C,2,0.0,0.0,2,0,0,True
E01000185,Barnet 029F,0,0.0,,0,0,0,False
E01000186,Barnet 014A,0,0.0,,0,0,0,False
E01000187,Barnet 014B,1,0.0,0.0,1,0,0,True
E01000188,Barnet 014C,0,0.0,,0,0,0,False
E01000189,Barnet 014D,6,0.3506419752947531,0.05844032921579218,6,5,5,True
E01000190,Barnet 014E,3,0.05202662036728394,0.017342206789094646,3,1,1,True
E01000191,Barnet 014F,3,0.058838734561535495,0.019612911520511832,6,2,1,True
E01000192,Barnet 018A,1,0.017282921808899177,0.017282921808899177,3,2,1,True
E01000193,Barnet 018B,2,0.025277777776234567,0.012638888888117284,3,1,1,True
E01000194,Barnet 018C,6,0.5739986496390818,0.09566644160651362,10,7,4,True
E01000195,Barnet 013A,1,0.00019830246836419755,0.00019830246836419755,1,1,1,True
E01000196,Barnet 028A,7,0.7452197144535109,0.10645995920764441,11,6,4,True
E01000197,Barnet 023A,9,0.30109992283333337,0.03345554698148148,9,4,4,True
E01000198,Barnet 025A,2,0.0,0.0,2,0,0,True
E01000199,Barnet 025B,9,0.029473379627314816,0.003274819958590535,9,5,5,True
E01000200,Barnet 028B,8,0.08945293209722223,0.011181616512152779,8,5,5,True
E01000201,Barnet 028C,4,0.020820216047453703,0.005205054011863426,4,2,2,True
E01000202,Barnet 028D,5,0.08729398147878087,0.017458796295756175,5,3,3,True
E01000203,Barnet 028E,0,0.0,,0,0,0,False
E01000204,Barnet 025C,14,0.5223584104818673,0.03731131503441909,15,8,8,True
E01000205,Barnet 035A,15,0.16421566357214507,0.010947710904809671,15,11,11,True
E01000206,Barnet 033B,3,0.043752893516010805,0.014584297838670268,4,3,3,True
E01000207,Barnet 033C,11,0.21071103392901233,0.01915554853900112,11,9,9,True
E01000208,Barnet 033D,4,0.0631327160482253,0.015783179012056326,4,2,2,True
E01000209,Barnet 035B,27,0.37287461417978396,0.013810170895547555,27,23,23,True
E01000210,Barnet 033E,10,0.06422453703395062,0.006422453703395062,10,6,6,True
E01000211,Barnet 035C,27,1.1740576773296683,0.0434836176788766,40,17,11,True
E01000212,Barnet 035D,13,0.17159104937770062,0.013199311490592355,13,8,8,True
E01000213,Barnet 033F,1,0.0,0.0,1,0,0,True
E01000214,Barnet 038E,7,0.08198341049074073,0.011711915784391532,7,5,5,True
E01000215,Barnet 037B,6,0.040271990739969135,0.006711998456661522,6,4,4,True
E01000216,Barnet 035E,12,0.054532021603780866,0.004544335133648406,13,8,8,True
E01000217,Barnet 035F,4,0.18242283950192903,0.04560570987548226,4,1,1,True
E01000218,Barnet 037C,8,0.45559259253800155,0.056949074067250194,12,7,5,True
E01000219,Barnet 037D,3,0.0,0.0,3,0,0,True
E01000220,Barnet 037E,11,0.09389699073804011,0.008536090067094555,11,7,7,True
E01000221,Barnet 039B,2,0.0,0.0,2,0,0,True
E01000222,Barnet 040C,1,0.013155864197145062,0.013155864197145062,1,1,1,True
E01000223,Barnet 039C,1,0.0,0.0,1,0,0,True
E01000224,Barnet 040D,2,0.012594521604552468,0.006297260802276234,2,1,1,True
E01000225,Barnet 037F,3,0.0,0.0,3,0,0,True
E01000226,Barnet 018D,0,0.0,,0,0,0,False
E01000227,Barnet 018E,0,0.0,,0,0,0,False
E01000228,Barnet 007A,1,0.0,0.0,1,0,0,True
E01000229,Barnet 013B,0,0.0,,0,0,0,False
E01000230,Barnet 013C,5,0.3675216049006559,0.07350432098013118,9,5,3,True
E01000231,Barnet 013D,3,0.04027584876311729,0.013425282921039096,3,2,2,True
E01000232,Barnet 013E,1,0.0,0.0,1,0,0,True
E01000233,Barnet 013F,1,0.012976466049382717,0.012976466049382717,1,1,1,True
E01000234,Barnet 021D,4,0.09643344906558642,0.024108362266396604,6,2,1,True
E01000235,Barnet 021E,0,0.0,,0,0,0,False
E01000236,Barnet 034A,3,0.006408179011959877,0.002136059670653292,4,1,1,True
E01000237,Barnet 032A,5,0.2196084104701003,0.04392168209402006,12,3,2,True
E01000238,Barnet 034B,13,0.033010802467206786,0.002539292497477445,13,6,6,True
E01000239,Barnet 031A,2,0.20904648917766203,0.10452324458883101,4,2,1,True
E01000240,Barnet 031B,2,0.03213823302172068,0.01606911651086034,11,3,2,True
E01000241,Barnet 031C,1,0.02115779320949074,0.02115779320949074,1,1,1,True
E01000242,Barnet 032B,1,0.00226813271566358,0.00226813271566358,1,1,1,True
E01000243,Barnet 032C,3,0.19112017745023147,0.06370672581674382,4,2,1,True
E01000244,Barnet 032D,4,0.020994984567901234,0.0052487461419753086,4,3,3,True
E01000245,Barnet 032E,7,0.37131732249112653,0.05304533178444665,11,5,3,True
E01000246,Barnet 002B,2,0.14762268518171295,0.07381134259085648,2,2,2,True
E01000247,Barnet 002C,0,0.0,,0,0,0,False
E01000248,Barnet 001A,26,0.2969953703614969,0.011422898860057575,26,12,12,True
E01000249,Barnet 001B,3,0.007097222222222223,0.0023657407407407407,3,1,1,True
E01000250,Barnet 001C,1,0.03396141975270062,0.03396141975270062,1,1,1,True
E01000251,Barnet 002D,6,0.06450540123225308,0.010750900205375514,6,4,4,True
E01000252,Barnet 002E,0,0.0,,0,0,0,False
E01000253,Barnet 007B,1,0.01470601851851852,0.01470601851851852,1,1,1,True
E01000254,Barnet 001D,5,0.09887499999614197,0.019774999999228392,5,4,4,True
E01000255,Barnet 017A,5,0.02266473765316358,0.0045329475306327156,5,2,2,True
E01000256,Barnet 016A,0,0.0,,0,0,0,False
E01000257,Barnet 017B,1,0.0,0.0,1,0,0,True
E01000258,Barnet 016B,0,0.0,,0,0,0,False
E01000259,Barnet 025D,2,0.01888580246875,0.009442901234375,2,2,2,True
E01000260,Barnet 025E,0,0.0,,0,0,0,False
E01000261,Barnet 017C,0,0.0,,0,0,0,False
E01000263,Barnet 016C,0,0.0,,0,0,0,False
E01000264,Barnet 016D,11,1.0595306711925154,0.0963209701084105,20,11,6,True
E01000265,Barnet 011A,2,0.012600694444058641,0.006300347222029321,2,1,1,True
E01000266,Barnet 011B,2,0.0490432098753858,0.0245216049376929,2,2,2,True
E01000267,Barnet 005A,1,0.007115354937885803,0.007115354937885803,1,1,1,True
E01000268,Barnet 005B,9,0.4796346450144676,0.053292738334940845,13,5,3,True
E01000269,Barnet 005C,3,0.06772415123263889,0.022574717077546297,3,2,2,True
E01000270,Barnet 005D,3,0.08639120369868827,0.028797067899562757,3,3,3,True
E01000271,Barnet 008A,2,0.19105516972935957,0.09552758486467978,3,3,2,True
E01000272,Barnet 008B,1,0.0,0.0,1,0,0,True
E01000273,Barnet 008C,5,0.36914101075713734,0.07382820215142746,8,4,2,True
E01000274,Barnet 011C,3,0.09672183641705247,0.03224061213901749,3,3,3,True
E01000275,Barnet 012A,3,0.10405169752777778,0.034683899175925924,3,2,2,True
E01000276,Barnet 020A,0,0.0,,0,0,0,False
E01000277,Barnet 012B,3,0.05975887345447531,0.019919624484825104,3,2,2,True
E01000278,Barnet 020B,0,0.0,,0,0,0,False
E01000279,Barnet 007C,0,0.0,,0,0,0,False
E01000280,Barnet 007D,0,0.0,,0,0,0,False
E01000281,Barnet 008D,0,0.0,,0,0,0,False
E01000282,Barnet 008E,1,0.01701774691280864,0.01701774691280864,1,1,1,True
E01000283,Barnet 012C,0,0.0,,0,0,0,False
E01000284,Barnet 012D,12,0.36597145058757713,0.030497620882298095,14,8,7,True
E01000285,Barnet 004A,3,0.16599922839274692,0.05533307613091564,3,2,2,True
E01000286,Barnet 007E,2,0.19021296295717594,0.09510648147858797,2,1,1,True
E01000287,Barnet 004B,1,0.023426311727623456,0.023426311727623456,1,1,1,True
E01000288,Barnet 004C,1,0.0020015432091049384,0.0020015432091049384,1,1,1,True
E01000289,Barnet 004D,1,0.0,0.0,1,0,0,True
E01000290,Barnet 007F,1,0.008038580246141975,0.008038580246141975,1,1,1,True
E01000291,Barnet 004E,0,0.0,,0,0,0,False
E01000292,Barnet 001E,1,0.0,0.0,1,0,0,True
E01000293,Barnet 001F,3,0.0047638888888888896,0.0015879629629629631,3,1,1,True
E01000294,Barnet 004F,4,0.013738811727623458,0.0034347029319058645,4,2,2,True
E01000295,Barnet 023B,9,0.5052935956701389,0.05614373285223765,10,7,7,True
E01000296,Barnet 023C,7,0.07546566357445988,0.010780809082065699,7,5,5,True
E01000297,Barnet 027D,3,0.00011574074074074075,3.8580246913580246e-05,4,1,1,True
E01000298,Barnet 023D,11,0.561093557046875,0.05100850518607955,16,11,8,True
E01000299,Barnet 019A,9,0.23167766201080248,0.02574196244564472,10,8,7,True
E01000300,Barnet 019B,1,0.0,0.0,1,0,0,True
E01000301,Barnet 020C,0,0.0,,0,0,0,False
E01000302,Barnet 019C,9,0.12570679011689817,0.013967421124099797,10,2,2,True
E01000303,Barnet 020D,4,0.020689429012345682,0.005172357253086421,4,3,3,True
E01000304,Barnet 020E,9,0.0867318672808642,0.009636874142318244,11,2,2,True
E01000305,Barnet 036B,3,0.08570717592399692,0.028569058641332305,3,2,2,True
E01000306,Barnet 036C,3,0.12784182098263888,0.04261394032754629,3,3,3,True
E01000307,Barnet 039D,5,0.16926311728125001,0.03385262345625,12,3,3,True
E01000308,Barnet 036D,1,0.0,0.0,1,0,0,True
E01000309,Barnet 031D,4,0.04459606481365741,0.011149016203414353,4,3,3,True
E01000310,Barnet 034C,11,0.2029173831326885,0.01844703483024441,36,4,2,True
E01000311,Barnet 034D,6,0.06526118826967593,0.010876864711612656,6,2,2,True
E01000312,Barnet 036E,0,0.0,,0,0,0,False
E01000313,Barnet 036F,3,0.03498263888773148,0.011660879629243828,3,3,3,True
E01000314,Barnet 032F,11,0.5426305940848766,0.049330054007716055,15,6,4,True
E01000315,Barnet 022F,1,0.06927970678703703,0.06927970678703703,1,1,1,True
E01000316,Barnet 027E,5,0.07032484567592592,0.014064969135185184,6,4,4,True
E01000317,Barnet 019D,8,0.03925501542978395,0.004906876928722994,9,5,5,True
E01000318,Barnet 019E,8,0.06412577160146606,0.008015721450183257,8,5,5,True
E01000319,Barnet 027F,7,0.06610339505864198,0.009443342151234569,7,5,5,True
E01000320,Barnet 011D,4,0.2422087191116898,0.06055217977792245,6,2,1,True
E01000321,Barnet 012E,11,0.22329552466975308,0.020299593151795733,13,3,2,True
E01000322,Barnet 011E,3,0.007114197530478395,0.0023713991768261316,3,2,2,True
E01000323,Barnet 019F,9,0.5418196372866513,0.060202181920739034,13,8,6,True
E01000324,Barnet 015F,8,0.007569058641589506,0.0009461323301986883,8,1,1,True
E01000325,Bexley 014A,0,0.0,,0,0,0,False
E01000326,Bexley 014B,0,0.0,,0,0,0,False
E01000327,Bexley 017A,0,0.0,,0,0,0,False
E01000328,Bexley 017B,0,0.0,,0,0,0,False
E01000329,Bexley 017C,1,0.0,0.0,1,0,0,True
E01000330,Bexley 017D,0,0.0,,0,0,0,False
E01000331,Bexley 017E,0,0.0,,0,0,0,False
E01000332,Bexley 005A,1,0.0,0.0,2,0,0,True
E01000333,Bexley 003A,4,0.0880810185167824,0.0220202546291956,6,5,4,True
E01000334,Bexley 006A,0,0.0,,0,0,0,False
E01000335,Bexley 003B,1,0.1165821759224537,0.1165821759224537,1,1,1,True
E01000336,Bexley 003C,0,0.0,,0,0,0,False
E01000337,Bexley 003D,3,0.38589737653665124,0.1286324588455504,3,3,3,True
E01000338,Bexley 003E,0,0.0,,0,0,0,False
E01000339,Bexley 025A,0,0.0,,0,0,0,False
E01000340,Bexley 018A,2,0.00011844135802469136,5.922067901234568e-05,2,1,1,True
E01000341,Bexley 022A,2,0.01717573302469136,0.00858786651234568,4,3,2,True
E01000342,Bexley 022B,0,0.0,,0,0,0,False
E01000343,Bexley 022C,0,0.0,,0,0,0,False
E01000344,Bexley 025B,1,0.013336033950617283,0.013336033950617283,1,1,1,True
E01000345,Bexley 022D,0,0.0,,0,0,0,False
E01000346,Bexley 021A,3,0.14301736110725308,0.04767245370241769,4,4,3,True
E01000347,Bexley 021B,0,0.0,,0,0,0,False
E01000348,Bexley 020A,0,0.0,,0,0,0,False
E01000349,Bexley 020B,0,0.0,,0,0,0,False
E01000350,Bexley 021C,0,0.0,,0,0,0,False
E01000351,Bexley 024A,1,0.0,0.0,1,0,0,True
E01000352,Bexley 021D,0,0.0,,0,0,0,False
E01000353,Bexley 011A,1,0.019876157406635803,0.019876157406635803,1,1,1,True
E01000354,Bexley 011B,2,0.03470081018422068,0.01735040509211034,4,2,1,True
E01000355,Bexley 011C,1,0.0,0.0,1,0,0,True
E01000356,Bexley 009A,1,0.0004999999996141975,0.0004999999996141975,1,1,1,True
E01000357,Bexley 009B,1,1.1574074074074074e-06,1.1574074074074074e-06,1,1,1,True
E01000358,Bexley 011D,0,0.0,,0,0,0,False
E01000359,Bexley 009C,0,0.0,,0,0,0,False
E01000360,Bexley 015A,3,0.03849266975154322,0.012830889917181072,5,4,3,True
E01000361,Bexley 020C,0,0.0,,0,0,0,False
E01000362,Bexley 015B,1,0.005849922837577161,0.005849922837577161,1,1,1,True
E01000363,Bexley 020D,0,0.0,,0,0,0,False
E01000364,Bexley 023A,1,0.0016454475304783951,0.0016454475304783951,1,1,1,True
E01000365,Bexley 015C,0,0.0,,0,0,0,False
E01000366,Bexley 015D,1,0.0018834876539351852,0.0018834876539351852,1,1,1,True
E01000367,Bexley 010A,0,0.0,,0,0,0,False
E01000368,Bexley 010B,0,0.0,,0,0,0,False
E01000369,Bexley 014C,1,0.004964891974922839,0.004964891974922839,1,1,1,True
E01000370,Bexley 014D,0,0.0,,0,0,0,False
E01000371,Bexley 014E,0,0.0,,0,0,0,False
E01000372,Bexley 010C,0,0.0,,0,0,0,False
E01000373,Bexley 008A,0,0.0,,0,0,0,False
E01000374,Bexley 019A,1,0.0,0.0,1,0,0,True
E01000375,Bexley 019B,0,0.0,,0,0,0,False
E01000376,Bexley 019C,0,0.0,,0,0,0,False
E01000377,Bexley 019D,3,0.038342978390817906,0.012780992796939302,3,2,2,True
E01000379,Bexley 019F,0,0.0,,0,0,0,False
E01000380,Bexley 010D,0,0.0,,0,0,0,False
E01000381,Bexley 028A,0,0.0,,0,0,0,False
E01000382,Bexley 027A,0,0.0,,0,0,0,False
E01000383,Bexley 028B,1,0.0,0.0,2,0,0,True
E01000384,Bexley 027B,4,0.02649112654205247,0.006622781635513117,6,4,3,True
E01000385,Bexley 028C,2,0.0,0.0,3,0,0,True
E01000386,Bexley 028D,1,0.007604938271219135,0.007604938271219135,1,1,1,True
E01000387,Bexley 027C,0,0.0,,0,0,0,False
E01000388,Bexley 016A,0,0.0,,0,0,0,False
E01000389,Bexley 020E,0,0.0,,0,0,0,False
E01000390,Bexley 020F,2,0.06742052469020061,0.03371026234510031,2,2,2,True
E01000391,Bexley 021E,0,0.0,,0,0,0,False
E01000392,Bexley 016B,0,0.0,,0,0,0,False
E01000393,Bexley 020G,3,0.01247318672800926,0.00415772890933642,6,3,3,True
E01000394,Bexley 015E,0,0.0,,0,0,0,False
E01000395,Bexley 018B,3,0.0070362654313271605,0.0023454218104423867,3,3,3,True
E01000396,Bexley 018C,2,0.014769483024498455,0.007384741512249228,3,2,2,True
E01000398,Bexley 029A,0,0.0,,0,0,0,False
E01000399,Bexley 029B,3,0.016858217591820986,0.005619405863940329,6,4,2,True
E01000400,Bexley 029C,1,0.0,0.0,2,0,0,True
E01000401,Bexley 013A,0,0.0,,0,0,0,False
E01000402,Bexley 005B,0,0.0,,0,0,0,False
E01000403,Bexley 004A,1,0.05739274691242284,0.05739274691242284,2,2,1,True
E01000404,Bexley 004B,0,0.0,,0,0,0,False
E01000405,Bexley 004C,0,0.0,,0,0,0,False
E01000406,Bexley 005C,1,0.039737268517746914,0.039737268517746914,1,1,1,True
E01000407,Bexley 005D,1,0.06645293209837963,0.06645293209837963,1,1,1,True
E01000408,Bexley 004D,0,0.0,,0,0,0,False
E01000409,Bexley 016C,0,0.0,,0,0,0,False
E01000410,Bexley 018D,2,0.05207735339429012,0.02603867669714506,3,3,2,True
E01000411,Bexley 016D,0,0.0,,0,0,0,False
E01000412,Bexley 018E,1,0.0,0.0,2,0,0,True
E01000413,Bexley 018F,2,0.015069637344907407,0.007534818672453703,3,3,2,True
E01000414,Bexley 016E,0,0.0,,0,0,0,False
E01000415,Bexley 016F,0,0.0,,0,0,0,False
E01000416,Bexley 002A,2,0.1415119598734568,0.0707559799367284,2,2,2,True
E01000417,Bexley 006B,0,0.0,,0,0,0,False
E01000418,Bexley 002B,0,0.0,,0,0,0,False
E01000419,Bexley 006C,1,0.08512094907253087,0.08512094907253087,2,2,1,True
E01000420,Bexley 006D,0,0.0,,0,0,0,False
E01000421,Bexley 009D,0,0.0,,0,0,0,False
E01000422,Bexley 002C,1,0.0,0.0,2,0,0,True
E01000423,Bexley 025C,0,0.0,,0,0,0,False
E01000424,Bexley 026A,1,0.014245370369020061,0.014245370369020061,2,2,1,True
E01000425,Bexley 025D,0,0.0,,0,0,0,False
E01000426,Bexley 026B,2,0.02641203703587963,0.013206018517939814,2,2,2,True
E01000427,Bexley 026C,0,0.0,,0,0,0,False
E01000428,Bexley 027D,0,0.0,,0,0,0,False
E01000429,Bexley 008B,0,0.0,,0,0,0,False
E01000430,Bexley 008C,1,0.0,0.0,1,0,0,True
E01000431,Bexley 008D,1,0.00011574074074074075,0.00011574074074074075,1,1,1,True
E01000433,Bexley 008F,0,0.0,,0,0,0,False
E01000434,Bexley 008G,1,0.00621315586419753,0.00621315586419753,2,1,1,True
E01000435,Bexley 010E,1,0.006360339505979938,0.006360339505979938,2,2,1,True
E01000436,Bexley 011E,0,0.0,,0,0,0,False
E01000437,Bexley 007A,0,0.0,,0,0,0,False
E01000438,Bexley 007B,1,0.0434386574070216,0.0434386574070216,1,1,1,True
E01000439,Bexley 007C,0,0.0,,0,0,0,False
E01000440,Bexley 007D,0,0.0,,0,0,0,False
E01000441,Bexley 007E,0,0.0,,0,0,0,False
E01000442,Bexley 006E,1,1.2731481095679012e-05,1.2731481095679012e-05,1,1,1,True
E01000443,Bexley 024B,0,0.0,,0,0,0,False
E01000444,Bexley 023B,0,0.0,,0,0,0,False
E01000445,Bexley 024C,1,0.0,0.0,4,0,0,True
E01000446,Bexley 024D,0,0.0,,0,0,0,False
E01000447,Bexley 023C,1,0.004423804011766975,0.004423804011766975,2,1,1,True
E01000448,Bexley 023D,1,0.0,0.0,2,0,0,True
E01000449,Bexley 023E,2,0.001386766975308642,0.000693383487654321,4,1,1,True
E01000450,Bexley 009E,1,0.029072530863425924,0.029072530863425924,1,1,1,True
E01000451,Bexley 009F,3,0.007410108024305556,0.002470036008101852,5,2,2,True
E01000452,Bexley 009G,2,0.023408179011574073,0.011704089505787036,2,2,2,True
E01000453,Bexley 013B,1,0.0020933641975308644,0.0020933641975308644,2,2,1,True
E01000454,Bexley 013C,0,0.0,,0,0,0,False
E01000455,Bexley 013D,2,0.043977623456018515,0.021988811728009258,2,2,2,True
E01000456,Bexley 013E,0,0.0,,0,0,0,False
E01000457,Bexley 026D,0,0.0,,0,0,0,False
E01000458,Bexley 027E,2,0.04895196759220679,0.024475983796103395,3,3,2,True
E01000459,Bexley 027F,0,0.0,,0,0,0,False
E01000460,Bexley 022E,1,0.030845679012345677,0.030845679012345677,1,1,1,True
E01000461,Bexley 024E,0,0.0,,0,0,0,False
E01000462,Bexley 026E,0,0.0,,0,0,0,False
E01000463,Bexley 025E,0,0.0,,0,0,0,False
E01000464,Bexley 002D,0,0.0,,0,0,0,False
E01000465,Bexley 002E,1,0.0,0.0,1,0,0,True
E01000466,Bexley 001A,0,0.0,,0,0,0,False
E01000467,Bexley 001B,1,0.20468711419444444,0.20468711419444444,1,1,1,True
E01000468,Bexley 001C,1,0.0,0.0,1,0,0,True
E01000469,Bexley 001D,0,0.0,,0,0,0,False
E01000470,Bexley 002F,0,0.0,,0,0,0,False
E01000471,Brent 026A,0,0.0,,0,0,0,False
E01000472,Brent 029A,0,0.0,,0,0,0,False
E01000473,Brent 029B,2,0.1642804783755787,0.08214023918778934,3,3,2,True
E01000474,Brent 026B,0,0.0,,0,0,0,False
E01000475,Brent 029C,0,0.0,,0,0,0,False
E01000476,Brent 026C,0,0.0,,0,0,0,False
E01000477,Brent 026D,0,0.0,,0,0,0,False
E01000478,Brent 029D,0,0.0,,0,0,0,False
E01000479,Brent 009A,1,0.0,0.0,2,0,0,True
E01000480,Brent 006A,0,0.0,,0,0,0,False
E01000481,Brent 009B,1,0.0,0.0,2,0,0,True
E01000483,Brent 009D,1,0.028380529834747942,0.028380529834747942,3,2,1,True
E01000484,Brent 006B,0,0.0,,0,0,0,False
E01000485,Brent 006C,0,0.0,,0,0,0,False
E01000486,Brent 006D,0,0.0,,0,0,0,False
E01000487,Brent 006E,2,0.0003383487654320988,0.0001691743827160494,2,2,2,True
E01000488,Brent 022A,4,0.05924794238528806,0.014811985596322016,7,5,3,True
E01000489,Brent 030A,6,0.12858873456520062,0.02143145576086677,6,3,3,True
E01000490,Brent 023A,3,0.05018885030613426,0.01672961676871142,4,4,3,True
E01000491,Brent 030B,11,0.32499138373842595,0.029544671248947815,15,10,8,True
E01000492,Brent 030C,4,0.02188271604822531,0.005470679012056327,5,2,2,True
E01000493,Brent 030D,4,0.0036581790108024693,0.0009145447527006173,4,3,3,True
E01000494,Brent 023B,0,0.0,,0,0,0,False
E01000495,Brent 023C,3,0.17148668977739195,0.057162229925797316,4,4,3,True
E01000497,Brent 011A,3,0.009584747942001029,0.0031949159806670094,7,2,1,True
E01000498,Brent 010B,0,0.0,,0,0,0,False
E01000499,Brent 011B,0,0.0,,0,0,0,False
E01000501,Brent 011C,0,0.0,,0,0,0,False
E01000502,Brent 011D,3,0.04057645318801441,0.013525484396004803,6,4,2,True
E01000503,Brent 011E,0,0.0,,0,0,0,False
E01000504,Brent 018A,6,0.010877700616126544,0.0018129501026877574,7,4,4,True
E01000505,Brent 018B,4,0.03273842592399691,0.008184606480999227,4,4,4,True
E01000506,Brent 014A,11,0.09084799382484568,0.008258908529531426,12,6,6,True
E01000507,Brent 018C,4,0.01902584876427469,0.0047564621910686725,5,3,3,True
E01000508,Brent 025A,8,0.07948823302141203,0.009936029127676504,10,8,6,True
E01000509,Brent 014B,1,0.0,0.0,4,0,0,True
E01000510,Brent 014C,3,0.16794637342997684,0.05598212447665895,4,4,3,True
E01000511,Brent 014D,21,0.11106558641550926,0.005288837448357584,30,6,6,True
E01000512,Brent 018D,10,0.33163927468029836,0.03316392746802983,12,10,8,True
E01000513,Brent 002A,3,0.03040219907310957,0.010134066357703189,4,3,2,True
E01000514,Brent 002B,1,0.0,0.0,2,0,0,True
E01000515,Brent 003A,0,0.0,,0,0,0,False
E01000516,Brent 002C,4,0.009990740740354937,0.002497685185088734,5,3,3,True
E01000517,Brent 003B,0,0.0,,0,0,0,False
E01000518,Brent 005A,2,0.004002700616512346,0.002001350308256173,2,1,1,True
E01000519,Brent 005B,3,0.03366743826986883,0.01122247942328961,4,4,3,True
E01000520,Brent 002D,2,0.0,0.0,6,0,0,True
E01000521,Brent 025B,3,0.06470331790007716,0.021567772633359055,6,1,1,True
E01000522,Brent 025C,4,0.09766435184837963,0.024416087962094907,5,3,3,True
E01000523,Brent 031A,5,0.14944830246643517,0.029889660493287035,6,3,3,True
E01000524,Brent 031B,3,0.061886381170138886,0.02062879372337963,6,3,2,True
E01000525,Brent 031C,4,0.0656651234533179,0.016416280863329476,5,3,3,True
E01000526,Brent 025D,3,0.02723572530806327,0.009078575102687758,6,2,1,True
E01000527,Brent 025E,9,0.37161381171817126,0.041290423524241254,11,8,8,True
E01000528,Brent 025F,2,0.04265316357986112,0.02132658178993056,6,3,1,True
E01000530,Brent 033A,21,0.12268190585590277,0.005841995516947751,26,12,12,True
E01000531,Brent 033B,21,0.469617669744213,0.022362746178295857,23,15,15,True
E01000532,Brent 033C,15,0.11339544752700617,0.007559696501800411,16,12,12,True
E01000533,Brent 031E,7,0.11078375771341306,0.015826251101916152,11,8,6,True
E01000534,Brent 033D,15,0.0620648148136574,0.004137654320910494,16,4,4,True
E01000535,Brent 031F,11,0.1274805169724151,0.011589137906583192,15,5,5,True
E01000536,Brent 004A,1,0.016906635801890432,0.016906635801890432,2,2,1,True
E01000538,Brent 004B,1,0.008707947529706791,0.008707947529706791,1,1,1,True
E01000539,Brent 004C,1,0.0,0.0,1,0,0,True
E01000540,Brent 004D,0,0.0,,0,0,0,False
E01000541,Brent 004E,0,0.0,,0,0,0,False
E01000543,Brent 003E,0,0.0,,0,0,0,False
E01000544,Brent 034A,6,0.03159876543132716,0.005266460905221194,6,4,4,True
E01000545,Brent 028A,8,0.07817785493132716,0.009772231866415895,8,7,7,True
E01000546,Brent 028B,13,0.13573128857445987,0.010440868351881528,17,11,10,True
E01000547,Brent 028C,18,0.20368364196604938,0.011315757887002743,18,13,13,True
E01000548,Brent 028D,3,0.043665895060185186,0.014555298353395063,4,1,1,True
E01000549,Brent 028E,4,0.11677957818505659,0.029194894546264148,6,6,4,True
E01000550,Brent 034B,4,0.02713760287950103,0.006784400719875258,6,5,4,True
E01000551,Brent 034C,10,0.04455632715972222,0.004455632715972222,13,3,3,True
E01000552,Brent 034D,5,0.08148315328755144,0.01629663065751029,8,5,4,True
E01000553,Brent 015A,11,0.09071103394810957,0.008246457631646324,17,10,9,True
E01000554,Brent 015B,5,0.10863425925694443,0.02172685185138889,6,6,5,True
E01000555,Brent 015C,9,0.04401890431635802,0.004890989368484224,9,5,5,True
E01000556,Brent 015D,1,0.0,0.0,4,0,0,True
E01000557,Brent 015E,9,0.12096643518325617,0.013440715020361796,11,6,6,True
E01000558,Brent 015F,6,0.039032407404706794,0.006505401234117799,8,5,4,True
E01000559,Brent 018E,1,0.015827160493441357,0.015827160493441357,1,1,1,True
E01000560,Brent 023D,10,0.06999151234027778,0.006999151234027778,10,9,9,True
E01000561,Brent 023E,4,0.038466435184027786,0.009616608796006947,5,3,3,True
E01000562,Brent 008A,0,0.0,,0,0,0,False
E01000563,Brent 008B,0,0.0,,0,0,0,False
E01000564,Brent 013A,0,0.0,,0,0,0,False
E01000565,Brent 013B,0,0.0,,0,0,0,False
E01000566,Brent 008C,0,0.0,,0,0,0,False
E01000567,Brent 016A,3,0.0739722222199074,0.0246574074066358,3,3,3,True
E01000568,Brent 008D,0,0.0,,0,0,0,False
E01000569,Brent 008E,0,0.0,,0,0,0,False
E01000570,Brent 012A,0,0.0,,0,0,0,False
E01000571,Brent 012B,0,0.0,,0,0,0,False
E01000572,Brent 007A,0,0.0,,0,0,0,False
E01000573,Brent 007B,1,0.0,0.0,2,0,0,True
E01000574,Brent 007C,1,0.025961033950424383,0.025961033950424383,2,2,1,True
E01000575,Brent 007D,1,0.0,0.0,4,0,0,True
E01000576,Brent 012C,2,0.0001539351851851852,7.69675925925926e-05,5,1,1,True
E01000577,Brent 007E,2,0.005455246912037037,0.0027276234560185183,5,1,1,True
E01000578,Brent 012D,3,0.06095074588168724,0.020316915293895746,5,5,3,True
E01000579,Brent 032A,20,0.18903568672280094,0.009451784336140048,22,16,15,True
E01000580,Brent 032B,35,0.4938366126408179,0.01410961750402337,37,30,28,True
E01000581,Brent 030E,20,0.0910952932044753,0.004554764660223766,22,14,14,True
E01000582,Brent 032C,37,0.4688798225163966,0.012672427635578286,38,33,32,True
E01000583,Brent 032D,14,0.23452469135095164,0.016751763667925117,16,15,13,True
E01000584,Brent 033E,5,0.061203124998070985,0.012240624999614197,6,6,5,True
E01000585,Brent 033F,6,0.08237962962770061,0.013729938271283436,6,6,6,True
E01000586,Brent 032E,6,0.10799942128838735,0.01799990354806456,7,6,5,True
E01000587,Brent 001A,2,0.019276041666666667,0.009638020833333334,4,2,1,True
E01000589,Brent 001B,0,0.0,,0,0,0,False
E01000590,Brent 001C,4,0.008717592591435185,0.0021793981478587963,4,1,1,True
E01000591,Brent 003F,2,0.01605034722202932,0.00802517361101466,4,2,1,True
E01000592,Brent 001D,1,0.018868055555555555,0.018868055555555555,1,1,1,True
E01000593,Brent 001E,0,0.0,,0,0,0,False
E01000594,Brent 001F,2,0.030153549382330246,0.015076774691165123,4,2,1,True
E01000595,Brent 027A,6,0.38070273919232256,0.06345045653205376,8,7,5,True
E01000596,Brent 021A,4,0.14748881172260803,0.03687220293065201,5,3,3,True
E01000599,Brent 027D,1,0.015534079217721193,0.015534079217721193,3,2,1,True
E01000601,Brent 021B,0,0.0,,0,0,0,False
E01000602,Brent 021C,0,0.0,,0,0,0,False
E01000603,Brent 021D,0,0.0,,0,0,0,False
E01000604,Brent 021E,0,0.0,,0,0,0,False
E01000605,Brent 021F,1,0.0,0.0,2,0,0,True
E01000606,Brent 016B,5,0.0924506172814429,0.01849012345628858,7,4,4,True
E01000607,Brent 013C,3,0.0012091049378858026,0.0004030349792952675,3,2,2,True
E01000608,Brent 013D,2,0.03453472222183642,0.01726736111091821,5,1,1,True
E01000609,Brent 016C,0,0.0,,0,0,0,False
E01000610,Brent 019A,3,0.0,0.0,6,0,0,True
E01000611,Brent 016D,0,0.0,,0,0,0,False
E01000612,Brent 019B,0,0.0,,0,0,0,False
E01000613,Brent 013E,1,0.0,0.0,2,0,0,True
E01000615,Brent 036A,1,0.0,0.0,2,0,0,True
E01000616,Brent 020A,12,0.1921637731410108,0.0160136477617509,14,10,9,True
E01000617,Brent 036B,1,0.0,0.0,2,0,0,True
E01000618,Brent 036D,0,0.0,,0,0,0,False
E01000619,Brent 036C,0,0.0,,0,0,0,False
E01000620,Brent 020B,1,0.0,0.0,2,0,0,True
E01000621,Brent 020C,1,0.018520254629243827,0.018520254629243827,2,2,1,True
E01000622,Brent 010D,0,0.0,,0,0,0,False
E01000623,Brent 005C,0,0.0,,0,0,0,False
E01000624,Brent 005D,1,0.017454089505594135,0.017454089505594135,2,2,1,True
E01000625,Brent 009E,3,0.08215856481442901,0.027386188271476337,3,3,3,True
E01000626,Brent 010E,0,0.0,,0,0,0,False
E01000627,Brent 014E,2,0.03545473250951646,0.01772736625475823,5,3,1,True
E01000628,Brent 014F,1,0.02239872685108025,0.02239872685108025,2,2,1,True
E01000629,Brent 005E,0,0.0,,0,0,0,False
E01000630,Brent 026E,1,0.01953800154185957,0.01953800154185957,2,2,1,True
E01000631,Brent 019C,9,0.02117361111072531,0.0023526234567472566,10,3,3,True
E01000632,Brent 029E,3,0.05398996913425926,0.01799665637808642,3,3,3,True
E01000633,Brent 019D,4,0.022467592591820986,0.0056168981479552465,5,2,2,True
E01000634,Brent 019E,5,0.16284182098649694,0.03256836419729939,6,3,3,True
E01000636,Brent 020E,0,0.0,,0,0,0,False
E01000637,Brent 022B,14,0.33037268517824075,0.02359804894130291,14,11,11,True
E01000638,Brent 024A,7,0.009640817900462962,0.0013772597000661375,8,3,3,True
E01000639,Brent 022C,14,0.1706674382665895,0.012190531304756393,17,10,10,True
E01000640,Brent 024B,18,0.1328387345621142,0.007379929697895233,20,11,11,True
E01000641,Brent 024C,9,0.05715239197260803,0.0063502657747342255,10,8,8,True
E01000642,Brent 022D,10,0.14298919752662037,0.014298919752662037,12,8,8,True
E01000643,Brent 024D,4,0.0709719007177855,0.017742975179446376,8,6,4,True
E01000644,Brent 022E,23,0.22268306326273146,0.009681872315770933,25,16,15,True
E01000645,Bromley 007A,0,0.0,,0,0,0,False
E01000646,Bromley 016A,0,0.0,,0,0,0,False
E01000647,Bromley 016B,0,0.0,,0,0,0,False
E01000648,Bromley 016C,0,0.0,,0,0,0,False
E01000649,Bromley 007B,0,0.0,,0,0,0,False
E01000650,Bromley 022A,0,0.0,,0,0,0,False
E01000651,Bromley 020A,0,0.0,,0,0,0,False
E01000652,Bromley 022B,0,0.0,,0,0,0,False
E01000653,Bromley 016D,0,0.0,,0,0,0,False
E01000654,Bromley 039A,0,0.0,,0,0,0,False
E01000655,Bromley 039B,0,0.0,,0,0,0,False
E01000656,Bromley 039C,0,0.0,,0,0,0,False
E01000657,Bromley 039D,0,0.0,,0,0,0,False
E01000658,Bromley 042A,0,0.0,,0,0,0,False
E01000659,Bromley 039E,0,0.0,,0,0,0,False
E01000661,Bromley 026A,0,0.0,,0,0,0,False
E01000662,Bromley 026B,0,0.0,,0,0,0,False
E01000663,Bromley 026C,0,0.0,,0,0,0,False
E01000664,Bromley 026D,0,0.0,,0,0,0,False
E01000665,Bromley 033A,0,0.0,,0,0,0,False
E01000666,Bromley 033B,0,0.0,,0,0,0,False
E01000667,Bromley 033C,0,0.0,,0,0,0,False
E01000668,Bromley 020B,0,0.0,,0,0,0,False
E01000669,Bromley 020C,1,0.02101838991730967,0.02101838991730967,3,3,1,True
E01000670,Bromley 018A,0,0.0,,0,0,0,False
E01000671,Bromley 020D,0,0.0,,0,0,0,False
E01000672,Bromley 011A,0,0.0,,0,0,0,False
E01000673,Bromley 011B,0,0.0,,0,0,0,False
E01000674,Bromley 008A,0,0.0,,0,0,0,False
E01000676,Bromley 008B,0,0.0,,0,0,0,False
E01000677,Bromley 018C,1,1.1574074074074073e-05,1.1574074074074073e-05,1,1,1,True
E01000678,Bromley 016E,0,0.0,,0,0,0,False
E01000679,Bromley 020E,0,0.0,,0,0,0,False
E01000680,Bromley 037A,0,0.0,,0,0,0,False
E01000681,Bromley 035A,0,0.0,,0,0,0,False
E01000682,Bromley 035B,0,0.0,,0,0,0,False
E01000683,Bromley 035C,0,0.0,,0,0,0,False
E01000684,Bromley 035D,0,0.0,,0,0,0,False
E01000685,Bromley 037B,1,0.011217013888117284,0.011217013888117284,2,1,1,True
E01000686,Bromley 037C,0,0.0,,0,0,0,False
E01000687,Bromley 037D,0,0.0,,0,0,0,False
E01000688,Bromley 037E,0,0.0,,0,0,0,False
E01000689,Bromley 002A,0,0.0,,0,0,0,False
E01000690,Bromley 002B,0,0.0,,0,0,0,False
E01000691,Bromley 002C,0,0.0,,0,0,0,False
E01000692,Bromley 002D,0,0.0,,0,0,0,False
E01000693,Bromley 010A,0,0.0,,0,0,0,False
E01000694,Bromley 007C,0,0.0,,0,0,0,False
E01000695,Bromley 007D,0,0.0,,0,0,0,False
E01000696,Bromley 007E,0,0.0,,0,0,0,False
E01000697,Bromley 007F,0,0.0,,0,0,0,False
E01000698,Bromley 010B,0,0.0,,0,0,0,False
E01000699,Bromley 015A,0,0.0,,0,0,0,False
E01000700,Bromley 013A,0,0.0,,0,0,0,False
E01000701,Bromley 015B,0,0.0,,0,0,0,False
E01000702,Bromley 013B,0,0.0,,0,0,0,False
E01000703,Bromley 013C,0,0.0,,0,0,0,False
E01000704,Bromley 015C,0,0.0,,0,0,0,False
E01000705,Bromley 015D,0,0.0,,0,0,0,False
E01000706,Bromley 013D,0,0.0,,0,0,0,False
E01000707,Bromley 041A,1,0.021973636830375513,0.021973636830375513,3,3,1,True
E01000708,Bromley 041B,1,0.011175347222222222,0.011175347222222222,2,2,1,True
E01000709,Bromley 006A,0,0.0,,0,0,0,False
E01000710,Bromley 006B,0,0.0,,0,0,0,False
E01000711,Bromley 006C,0,0.0,,0,0,0,False
E01000712,Bromley 012A,0,0.0,,0,0,0,False
E01000713,Bromley 012B,0,0.0,,0,0,0,False
E01000714,Bromley 006D,0,0.0,,0,0,0,False
E01000715,Bromley 012C,0,0.0,,0,0,0,False
E01000716,Bromley 011C,0,0.0,,0,0,0,False
E01000717,Bromley 011D,0,0.0,,0,0,0,False
E01000718,Bromley 006E,0,0.0,,0,0,0,False
E01000719,Bromley 019A,0,0.0,,0,0,0,False
E01000720,Bromley 019B,0,0.0,,0,0,0,False
E01000721,Bromley 019C,0,0.0,,0,0,0,False
E01000722,Bromley 023A,0,0.0,,0,0,0,False
E01000723,Bromley 029A,0,0.0,,0,0,0,False
E01000724,Bromley 019D,0,0.0,,0,0,0,False
E01000725,Bromley 023B,0,0.0,,0,0,0,False
E01000726,Bromley 029B,0,0.0,,0,0,0,False
E01000727,Bromley 028A,0,0.0,,0,0,0,False
E01000728,Bromley 019E,0,0.0,,0,0,0,False
E01000729,Bromley 014A,0,0.0,,0,0,0,False
E01000730,Bromley 014B,0,0.0,,0,0,0,False
E01000731,Bromley 023C,0,0.0,,0,0,0,False
E01000732,Bromley 023D,0,0.0,,0,0,0,False
E01000733,Bromley 023E,0,0.0,,0,0,0,False
E01000734,Bromley 028B,0,0.0,,0,0,0,False
E01000735,Bromley 014C,0,0.0,,0,0,0,False
E01000736,Bromley 010C,0,0.0,,0,0,0,False
E01000737,Bromley 010D,0,0.0,,0,0,0,False
E01000738,Bromley 014D,0,0.0,,0,0,0,False
E01000739,Bromley 014E,0,0.0,,0,0,0,False
E01000741,Bromley 005B,0,0.0,,0,0,0,False
E01000742,Bromley 005C,0,0.0,,0,0,0,False
E01000743,Bromley 009A,0,0.0,,0,0,0,False
E01000744,Bromley 009B,0,0.0,,0,0,0,False
E01000745,Bromley 005D,0,0.0,,0,0,0,False
E01000746,Bromley 005E,0,0.0,,0,0,0,False
E01000747,Bromley 042B,0,0.0,,0,0,0,False
E01000748,Bromley 042C,0,0.0,,0,0,0,False
E01000749,Bromley 036A,0,0.0,,0,0,0,False
E01000750,Bromley 036B,0,0.0,,0,0,0,False
E01000751,Bromley 036C,0,0.0,,0,0,0,False
E01000752,Bromley 036D,0,0.0,,0,0,0,False
E01000753,Bromley 031A,0,0.0,,0,0,0,False
E01000754,Bromley 031B,0,0.0,,0,0,0,False
E01000755,Bromley 031C,0,0.0,,0,0,0,False
E01000756,Bromley 033D,0,0.0,,0,0,0,False
E01000757,Bromley 031D,0,0.0,,0,0,0,False
E01000758,Bromley 031E,0,0.0,,0,0,0,False
E01000759,Bromley 034A,0,0.0,,0,0,0,False
E01000760,Bromley 034B,1,0.0849866897974537,0.0849866897974537,4,4,1,True
E01000761,Bromley 034C,0,0.0,,0,0,0,False
E01000762,Bromley 018D,0,0.0,,0,0,0,False
E01000763,Bromley 027A,0,0.0,,0,0,0,False
E01000764,Bromley 027B,0,0.0,,0,0,0,False
E01000765,Bromley 034D,0,0.0,,0,0,0,False
E01000766,Bromley 027C,0,0.0,,0,0,0,False
E01000767,Bromley 027D,0,0.0,,0,0,0,False
E01000768,Bromley 034E,0,0.0,,0,0,0,False
E01000769,Bromley 024A,0,0.0,,0,0,0,False
E01000770,Bromley 012D,0,0.0,,0,0,0,False
E01000771,Bromley 041C,0,0.0,,0,0,0,False
E01000772,Bromley 012E,0,0.0,,0,0,0,False
E01000773,Bromley 024B,0,0.0,,0,0,0,False
E01000774,Bromley 041D,0,0.0,,0,0,0,False
E01000775,Bromley 024C,1,0.0,0.0,1,0,0,True
E01000777,Bromley 024D,0,0.0,,0,0,0,False
E01000778,Bromley 024E,0,0.0,,0,0,0,False
E01000779,Bromley 001A,0,0.0,,0,0,0,False
E01000780,Bromley 001B,0,0.0,,0,0,0,False
E01000781,Bromley 001C,0,0.0,,0,0,0,False
E01000782,Bromley 001D,0,0.0,,0,0,0,False
E01000783,Bromley 001E,0,0.0,,0,0,0,False
E01000784,Bromley 002E,0,0.0,,0,0,0,False
E01000785,Bromley 001F,0,0.0,,0,0,0,False
E01000786,Bromley 032A,0,0.0,,0,0,0,False
E01000787,Bromley 029C,0,0.0,,0,0,0,False
E01000788,Bromley 029D,0,0.0,,0,0,0,False
E01000789,Bromley 032B,0,0.0,,0,0,0,False
E01000790,Bromley 028C,1,0.036960262344135804,0.036960262344135804,1,1,1,True
E01000791,Bromley 029E,0,0.0,,0,0,0,False
E01000792,Bromley 032C,0,0.0,,0,0,0,False
E01000793,Bromley 032D,0,0.0,,0,0,0,False
E01000794,Bromley 035E,0,0.0,,0,0,0,False
E01000795,Bromley 032E,0,0.0,,0,0,0,False
E01000796,Bromley 009C,0,0.0,,0,0,0,False
E01000797,Bromley 013E,0,0.0,,0,0,0,False
E01000798,Bromley 009D,0,0.0,,0,0,0,False
E01000799,Bromley 004A,1,0.05233693415547839,0.05233693415547839,3,2,1,True
E01000800,Bromley 009E,0,0.0,,0,0,0,False
E01000801,Bromley 015E,0,0.0,,0,0,0,False
E01000802,Bromley 004B,0,0.0,,0,0,0,False
E01000803,Bromley 004C,0,0.0,,0,0,0,False
E01000804,Bromley 004D,0,0.0,,0,0,0,False
E01000805,Bromley 004E,0,0.0,,0,0,0,False
E01000806,Bromley 009F,1,0.05168306326755401,0.05168306326755401,10,2,1,True
E01000807,Bromley 022C,0,0.0,,0,0,0,False
E01000808,Bromley 025A,0,0.0,,0,0,0,False
E01000809,Bromley 022D,0,0.0,,0,0,0,False
E01000810,Bromley 025B,0,0.0,,0,0,0,False
E01000811,Bromley 025C,0,0.0,,0,0,0,False
E01000812,Bromley 028D,0,0.0,,0,0,0,False
E01000813,Bromley 025D,0,0.0,,0,0,0,False
E01000814,Bromley 028E,0,0.0,,0,0,0,False
E01000815,Bromley 025E,0,0.0,,0,0,0,False
E01000816,Bromley 040A,0,0.0,,0,0,0,False
E01000818,Bromley 040B,0,0.0,,0,0,0,False
E01000819,Bromley 040C,2,0.04799813528247171,0.023999067641235855,9,2,1,True
E01000820,Bromley 008C,0,0.0,,0,0,0,False
E01000822,Bromley 008D,0,0.0,,0,0,0,False
E01000823,Bromley 008E,0,0.0,,0,0,0,False
E01000824,Bromley 008F,0,0.0,,0,0,0,False
E01000825,Bromley 008G,0,0.0,,0,0,0,False
E01000826,Bromley 021A,0,0.0,,0,0,0,False
E01000827,Bromley 021B,1,0.02093730709818673,0.02093730709818673,2,1,1,True
E01000828,Bromley 011E,1,0.011716563785622428,0.011716563785622428,3,1,1,True
E01000829,Bromley 018E,0,0.0,,0,0,0,False
E01000830,Bromley 021C,0,0.0,,0,0,0,False
E01000831,Bromley 021D,0,0.0,,0,0,0,False
E01000832,Bromley 030A,0,0.0,,0,0,0,False
E01000833,Bromley 021E,0,0.0,,0,0,0,False
E01000834,Bromley 027E,0,0.0,,0,0,0,False
E01000835,Bromley 030B,3,0.04551019620276675,0.01517006540092225,12,2,1,True
E01000836,Bromley 030C,0,0.0,,0,0,0,False
E01000837,Bromley 030D,0,0.0,,0,0,0,False
E01000838,Bromley 030E,0,0.0,,0,0,0,False
E01000839,Bromley 030F,0,0.0,,0,0,0,False
E01000840,Bromley 030G,0,0.0,,0,0,0,False
E01000841,Bromley 030H,3,0.08272919880713092,0.027576399602376973,10,4,2,True
E01000842,Camden 011A,4,0.08213078703279321,0.020532696758198302,6,5,4,True
E01000843,Camden 014A,1,0.006138503086033951,0.006138503086033951,1,1,1,True
E01000844,Camden 011B,4,0.1180796682038966,0.02951991705097415,5,5,4,True
E01000845,Camden 014B,3,0.042809413579282404,0.014269804526427468,4,4,3,True
E01000846,Camden 014C,0,0.0,,0,0,0,False
E01000847,Camden 014D,4,0.39980941357060185,0.09995235339265046,6,5,4,True
E01000848,Camden 011C,11,0.23531134258468364,0.02139194023497124,16,13,10,True
E01000849,Camden 011D,2,0.019115354937885798,0.009557677468942899,2,2,2,True
E01000850,Camden 026A,6,0.2524461805478395,0.04207436342463992,8,6,4,True
E01000851,Camden 026B,8,0.24820756172299382,0.031025945215374228,17,7,5,True
E01000853,Camden 029H,0,0.0,,0,0,0,False
E01000855,Camden 028A,7,0.3146168981379244,0.04494527116256063,8,7,6,True
E01000856,Camden 019A,1,0.017022376540895064,0.017022376540895064,1,1,1,True
E01000857,Camden 018A,4,0.1551386959837963,0.03878467399594907,6,5,4,True
E01000858,Camden 018B,5,0.11795447530478395,0.02359089506095679,6,6,5,True
E01000859,Camden 018C,3,0.12692322530478395,0.04230774176826132,5,5,3,True
E01000860,Camden 018D,2,0.08087596450096451,0.04043798225048226,3,3,2,True
E01000861,Camden 019B,3,0.06101658950385803,0.020338863167952675,6,1,1,True
E01000862,Camden 018E,7,0.26290721449479165,0.03755817349925595,16,8,6,True
E01000863,Camden 021A,1,0.018064236109760802,0.018064236109760802,2,2,1,True
E01000866,Camden 009A,8,0.2367179783892747,0.029589747298659336,8,8,8,True
E01000867,Camden 015C,3,0.05138560956616512,0.01712853652205504,4,3,2,True
E01000868,Camden 015D,1,0.04983693415432099,0.04983693415432099,3,3,1,True
E01000869,Camden 015E,3,0.027892361109567904,0.0092974537031893,4,4,3,True
E01000870,Camden 009B,7,0.18167245369984567,0.025953207671406523,10,10,7,True
E01000871,Camden 005A,3,0.04301273148051697,0.014337577160172324,5,4,2,True
E01000872,Camden 005B,4,0.04825868055150463,0.012064670137876158,7,6,4,True
E01000873,Camden 005C,5,0.1701423611072531,0.03402847222145062,8,6,4,True
E01000874,Camden 005D,1,0.0729043209826389,0.0729043209826389,1,1,1,True
E01000875,Camden 013A,3,0.04944000771450617,0.016480002571502058,4,2,2,True
E01000876,Camden 013B,4,0.18104205245949073,0.04526051311487268,4,4,4,True
E01000877,Camden 005E,3,0.044524594905381944,0.014841531635127315,7,5,3,True
E01000878,Camden 004A,15,0.15627642746315587,0.010418428497543725,16,11,10,True
E01000879,Camden 004B,5,0.12187152777237653,0.024374305554475305,8,7,5,True
E01000880,Camden 004C,8,0.08809741511921296,0.01101217688990162,10,5,4,True
E01000881,Camden 008A,3,0.062391975305362654,0.020797325101787553,5,4,3,True
E01000882,Camden 008B,3,0.047452160491705246,0.015817386830568415,4,2,2,True
E01000883,Camden 008C,2,0.0731219135783179,0.03656095678915895,2,1,1,True
E01000884,Camden 004D,8,0.13525733024305556,0.016907166280381945,12,12,8,True
E01000885,Camden 004E,8,0.1275767746878858,0.015947096835985726,12,9,6,True
E01000886,Camden 006A,3,0.18105092592033178,0.060350308640110595,4,4,3,True
E01000887,Camden 006B,3,0.08992438271354167,0.029974794237847224,6,6,3,True
E01000888,Camden 006C,4,0.2128086419697145,0.053202160492428624,5,5,4,True
E01000889,Camden 007A,1,0.02594367283892747,0.02594367283892747,2,2,1,True
E01000890,Camden 007B,1,0.006536844135609569,0.006536844135609569,2,1,1,True
E01000891,Camden 007C,0,0.0,,0,0,0,False
E01000892,Camden 006D,3,0.08349942129398147,0.027833140431327157,6,6,3,True
E01000893,Camden 002A,0,0.0,,0,0,0,False
E01000894,Camden 002B,2,0.04961265431790124,0.02480632715895062,4,2,1,True
E01000895,Camden 002C,1,0.03472974536824846,0.03472974536824846,2,2,1,True
E01000896,Camden 002D,3,0.09421064814525464,0.03140354938175154,4,3,3,True
E01000897,Camden 008D,8,0.1736836419666281,0.021710455245828514,13,13,8,True
E01000898,Camden 008E,3,0.04866493055362654,0.016221643517875514,5,5,3,True
E01000899,Camden 002E,9,0.28835976079417436,0.03203997342157493,17,10,7,True
E01000900,Camden 012A,2,0.07017033178915895,0.035085165894579474,3,3,2,True
E01000901,Camden 007D,4,0.1399751157372685,0.03499377893431713,5,5,4,True
E01000902,Camden 012B,1,0.04589429012152777,0.04589429012152777,1,1,1,True
E01000903,Camden 006E,1,0.12793016974961421,0.12793016974961421,1,1,1,True
E01000904,Camden 012C,6,0.2583290894972994,0.043054848249549894,6,6,6,True
E01000905,Camden 012D,1,0.0,0.0,1,0,0,True
E01000906,Camden 012E,8,0.093025655859375,0.011628206982421875,21,8,5,True
E01000907,Camden 001A,3,0.0229494598746142,0.007649819958204733,3,3,3,True
E01000908,Camden 001B,3,0.0835960648125,0.0278653549375,5,5,3,True
E01000909,Camden 001C,6,0.2824529320904707,0.04707548868174511,8,7,6,True
E01000910,Camden 003A,6,0.21340817900733028,0.035568029834555044,8,7,6,True
E01000911,Camden 003B,3,0.0397889660474537,0.013262988682484567,4,3,3,True
E01000912,Camden 001D,4,0.02036265432021605,0.005090663580054012,6,2,1,True
E01000913,Camden 001E,7,0.20806674381790125,0.029723820545414465,7,4,4,True
E01000914,Camden 028B,9,0.3893337962841049,0.04325931069823388,17,12,7,True
E01000915,Camden 027A,1,0.04100347222067901,0.04100347222067901,1,1,1,True
E01000916,Camden 027B,0,0.0,,0,0,0,False
E01000917,Camden 027C,0,0.0,,0,0,0,False
E01000918,Camden 028C,6,0.3775227623354553,0.06292046038924255,7,7,6,True
E01000919,Camden 028D,1,0.0024309413572530863,0.0024309413572530863,1,1,1,True
E01000920,Camden 027D,4,0.05273726851716821,0.013184317129292052,29,2,1,True
E01000921,Camden 003C,4,0.09391300153993055,0.02347825038498264,6,5,4,True
E01000922,Camden 007E,6,0.3376857638765432,0.05628096064609053,9,8,5,True
E01000923,Camden 003D,2,0.05643402777662037,0.028217013888310185,3,1,1,True
E01000924,Camden 009C,5,0.060106481478587964,0.012021296295717594,7,6,4,True
E01000925,Camden 009D,3,0.022256944442901234,0.007418981480967078,3,2,2,True
E01000926,Camden 009E,4,0.23939120369579475,0.05984780092394869,6,6,4,True
E01000927,Camden 007F,4,0.15681307870003858,0.039203269675009644,5,5,4,True
E01000928,Camden 003E,4,0.15806423610628859,0.039516059026572146,5,5,4,True
E01000929,Camden 020A,1,0.081574459875,0.081574459875,1,1,1,True
E01000930,Camden 020B,1,0.015332047324459877,0.015332047324459877,3,2,1,True
E01000931,Camden 013C,4,0.3572337962901235,0.08930844907253087,4,4,4,True
E01000932,Camden 013D,5,0.07864969135378086,0.015729938270756173,6,6,5,True
E01000933,Camden 020C,5,0.1945694444390432,0.03891388888780864,9,9,5,True
E01000934,Camden 020D,0,0.0,,0,0,0,False
E01000935,Camden 020E,0,0.0,,0,0,0,False
E01000937,Camden 029G,0,0.0,,0,0,0,False
E01000938,Camden 029A,3,0.10797608024498456,0.03599202674832819,3,2,2,True
E01000939,Camden 029B,1,0.0,0.0,1,0,0,True
E01000941,Camden 029D,3,0.0674398148123071,0.022479938270769034,6,6,3,True
E01000942,Camden 029C,1,0.018956018518229166,0.018956018518229166,4,3,1,True
E01000943,Camden 029F,0,0.0,,0,0,0,False
E01000944,Camden 023A,0,0.0,,0,0,0,False
E01000946,Camden 021B,2,0.35996469898196376,0.17998234949098188,5,5,2,True
E01000947,Camden 021C,1,0.021815779319444444,0.021815779319444444,2,2,1,True
E01000948,Camden 021D,8,0.12135937499537038,0.015169921874421297,10,10,8,True
E01000949,Camden 023C,1,0.057050540122492284,0.057050540122492284,2,2,1,True
E01000951,Camden 023E,3,0.22690142746412037,0.07563380915470679,5,5,3,True
E01000952,Camden 022A,3,0.1780341435123457,0.059344714504115235,4,4,3,True
E01000954,Camden 022C,0,0.0,,0,0,0,False
E01000955,Camden 022D,2,0.000645447530478395,0.0003227237652391975,3,1,1,True
E01000956,Camden 022E,5,0.3254639274564043,0.06509278549128086,6,6,5,True
E01000957,Camden 019C,3,0.016925540122299382,0.0056418467074331275,7,1,1,True
E01000958,Camden 019D,1,0.06131095678858025,0.06131095678858025,1,1,1,True
E01000959,Camden 019E,2,0.09261747684780092,0.04630873842390046,4,4,2,True
E01000960,Camden 017A,2,0.07501157407002315,0.037505787035011576,3,3,2,True
E01000961,Camden 017B,3,0.34246894289429014,0.11415631429809671,5,5,3,True
E01000962,Camden 016A,2,0.02958429783834876,0.01479214891917438,4,2,1,True
E01000963,Camden 017C,4,0.0292372685162037,0.007309317129050925,4,2,2,True
E01000964,Camden 016B,4,0.04460204475192901,0.011150511187982253,7,5,4,True
E01000965,Camden 016C,8,0.1418296039051569,0.01772870048814461,14,10,7,True
E01000966,Camden 016D,1,0.020838155863425925,0.020838155863425925,2,2,1,True
E01000967,Camden 017D,3,0.06518904320756173,0.021729681069187243,5,4,2,True
E01000968,Camden 016E,3,0.03307291666589506,0.011024305555298354,6,3,2,True
E01000969,Camden 010A,8,0.16822048610474538,0.021027560763093173,12,10,7,True
E01000970,Camden 010B,4,0.05281385030478395,0.013203462576195988,7,6,4,True
E01000971,Camden 010C,3,0.03282735339313272,0.010942451131044239,5,4,3,True
E01000972,Camden 010D,5,0.08690432098572531,0.017380864197145064,7,6,4,True
E01000973,Camden 010E,7,0.28468672838541664,0.04066953262648809,13,12,7,True
E01000974,Camden 013E,4,0.04934066357889661,0.012335165894724153,6,5,3,True
E01000975,Croydon 022A,4,0.09336072530497684,0.02334018132624421,11,3,2,True
E01000976,Croydon 022B,0,0.0,,0,0,0,False
E01000977,Croydon 022C,1,0.0,0.0,4,0,0,True
E01000978,Croydon 022D,3,0.14145293209413579,0.04715097736471193,3,3,3,True
E01000979,Croydon 022E,0,0.0,,0,0,0,False
E01000980,Croydon 017A,1,0.01707330246759259,0.01707330246759259,1,1,1,True
E01000981,Croydon 017B,2,0.09659259258757716,0.04829629629378858,5,1,1,True
E01000982,Croydon 017C,0,0.0,,0,0,0,False
E01000983,Croydon 017D,2,0.017870370369598765,0.008935185184799382,7,1,1,True
E01000984,Croydon 022F,2,0.05816820987191358,0.02908410493595679,5,1,1,True
E01000985,Croydon 021A,1,0.11708449073958332,0.11708449073958332,1,1,1,True
E01000986,Croydon 021B,1,0.005477816357638889,0.005477816357638889,2,1,1,True
E01000987,Croydon 021C,1,0.0,0.0,4,0,0,True
E01000989,Croydon 018A,0,0.0,,0,0,0,False
E01000990,Croydon 045A,2,0.12102199073765432,0.06051099536882716,9,1,1,True
E01000991,Croydon 018B,0,0.0,,0,0,0,False
E01000992,Croydon 014A,0,0.0,,0,0,0,False
E01000993,Croydon 021D,1,0.18085686727854938,0.18085686727854938,1,1,1,True
E01000994,Croydon 009A,0,0.0,,0,0,0,False
E01000995,Croydon 009B,0,0.0,,0,0,0,False
E01000996,Croydon 009C,0,0.0,,0,0,0,False
E01000997,Croydon 009D,2,0.14359683641589505,0.07179841820794752,4,1,1,True
E01000998,Croydon 010A,2,0.0,0.0,8,0,0,True
E01000999,Croydon 009E,0,0.0,,0,0,0,False
E01001000,Croydon 010B,2,0.021318672838734568,0.010659336419367284,4,4,2,True
E01001001,Croydon 013A,0,0.0,,0,0,0,False
E01001002,Croydon 009F,1,0.04338869598649691,0.04338869598649691,2,2,1,True
E01001003,Croydon 010C,1,0.0,0.0,4,0,0,True
E01001004,Croydon 015A,0,0.0,,0,0,0,False
E01001005,Croydon 019A,0,0.0,,0,0,0,False
E01001006,Croydon 016A,0,0.0,,0,0,0,False
E01001007,Croydon 016B,1,0.0,0.0,4,0,0,True
E01001008,Croydon 019B,0,0.0,,0,0,0,False
E01001009,Croydon 019C,1,0.3097453703661266,0.3097453703661266,1,1,1,True
E01001010,Croydon 019D,0,0.0,,0,0,0,False
E01001011,Croydon 019E,0,0.0,,0,0,0,False
E01001012,Croydon 020A,0,0.0,,0,0,0,False
E01001013,Croydon 020B,2,0.26749922838233026,0.13374961419116513,5,1,1,True
E01001015,Croydon 041A,0,0.0,,0,0,0,False
E01001016,Croydon 041B,0,0.0,,0,0,0,False
E01001017,Croydon 043A,0,0.0,,0,0,0,False
E01001018,Croydon 044A,0,0.0,,0,0,0,False
E01001019,Croydon 044B,0,0.0,,0,0,0,False
E01001020,Croydon 044C,0,0.0,,0,0,0,False
E01001021,Croydon 044D,0,0.0,,0,0,0,False
E01001022,Croydon 044E,1,0.0,0.0,4,0,0,True
E01001023,Croydon 041C,2,0.1219552469058642,0.0609776234529321,3,1,1,True
E01001024,Croydon 043B,0,0.0,,0,0,0,False
E01001025,Croydon 043C,0,0.0,,0,0,0,False
E01001026,Croydon 043D,1,0.008261188271026234,0.008261188271026234,2,2,1,True
E01001027,Croydon 043E,1,0.0,0.0,4,0,0,True
E01001028,Croydon 038A,0,0.0,,0,0,0,False
E01001029,Croydon 038B,1,0.057955439801697525,0.057955439801697525,2,2,1,True
E01001030,Croydon 038C,0,0.0,,0,0,0,False
E01001031,Croydon 038D,0,0.0,,0,0,0,False
E01001032,Croydon 035A,1,0.17106520060185185,0.17106520060185185,3,3,1,True
E01001033,Croydon 031A,0,0.0,,0,0,0,False
E01001034,Croydon 031B,1,0.0,0.0,4,0,0,True
E01001035,Croydon 047C,2,0.0,0.0,14,0,0,True
E01001036,Croydon 029A,0,0.0,,0,0,0,False
E01001037,Croydon 029B,2,0.5785979938155864,0.2892989969077932,2,2,2,True
E01001038,Croydon 029C,2,0.0071541280861304015,0.0035770640430652007,6,4,1,True
E01001039,Croydon 029D,0,0.0,,0,0,0,False
E01001040,Croydon 029E,0,0.0,,0,0,0,False
E01001041,Croydon 031C,1,0.0,0.0,4,0,0,True
E01001042,Croydon 024B,3,0.11319077931790124,0.037730259772633744,10,4,2,True
E01001044,Croydon 023A,2,0.032214023917920526,0.016107011958960263,5,2,2,True
E01001046,Croydon 023B,1,0.04997183641628087,0.04997183641628087,1,1,1,True
E01001047,Croydon 047A,0,0.0,,0,0,0,False
E01001049,Croydon 023C,0,0.0,,0,0,0,False
E01001050,Croydon 023D,3,0.004083719135609568,0.001361239711869856,8,1,1,True
E01001051,Croydon 030A,1,0.0,0.0,4,0,0,True
E01001052,Croydon 030B,0,0.0,,0,0,0,False
E01001053,Croydon 032A,0,0.0,,0,0,0,False
E01001054,Croydon 030C,0,0.0,,0,0,0,False
E01001055,Croydon 032B,0,0.0,,0,0,0,False
E01001056,Croydon 030D,2,0.0,0.0,10,0,0,True
E01001057,Croydon 030E,0,0.0,,0,0,0,False
E01001058,Croydon 034A,0,0.0,,0,0,0,False
E01001059,Croydon 034B,0,0.0,,0,0,0,False
E01001060,Croydon 034C,0,0.0,,0,0,0,False
E01001061,Croydon 034D,0,0.0,,0,0,0,False
E01001062,Croydon 026A,0,0.0,,0,0,0,False
E01001063,Croydon 026B,1,0.05992322530257936,0.05992322530257936,7,2,1,True
E01001064,Croydon 026C,0,0.0,,0,0,0,False
E01001065,Croydon 034E,0,0.0,,0,0,0,False
E01001066,Croydon 034F,1,0.08123379629282407,0.08123379629282407,1,1,1,True
E01001067,Croydon 041D,1,0.05505555555401234,0.05505555555401234,1,1,1,True
E01001068,Croydon 042A,0,0.0,,0,0,0,False
E01001069,Croydon 040A,1,0.03215702160146605,0.03215702160146605,1,1,1,True
E01001070,Croydon 040B,1,0.0,0.0,1,0,0,True
E01001071,Croydon 042B,0,0.0,,0,0,0,False
E01001072,Croydon 042C,0,0.0,,0,0,0,False
E01001073,Croydon 037A,1,0.0,0.0,1,0,0,True
E01001074,Croydon 041E,0,0.0,,0,0,0,False
E01001075,Croydon 040C,3,0.10009972992148919,0.033366576640496394,8,4,2,True
E01001076,Croydon 036A,1,0.046667824068737145,0.046667824068737145,6,2,1,True
E01001077,Croydon 032C,0,0.0,,0,0,0,False
E01001078,Croydon 032D,0,0.0,,0,0,0,False
E01001079,Croydon 036B,1,0.0,0.0,6,0,0,True
E01001080,Croydon 036C,0,0.0,,0,0,0,False
E01001081,Croydon 036D,0,0.0,,0,0,0,False
E01001082,Croydon 032E,0,0.0,,0,0,0,False
E01001083,Croydon 003A,0,0.0,,0,0,0,False
E01001084,Croydon 002A,1,0.0,0.0,4,0,0,True
E01001085,Croydon 004A,2,0.0,0.0,5,0,0,True
E01001086,Croydon 003B,1,0.0,0.0,6,0,0,True
E01001087,Croydon 003C,1,0.16285609567476853,0.16285609567476853,1,1,1,True
E01001088,Croydon 004B,0,0.0,,0,0,0,False
E01001089,Croydon 004C,3,0.014307870369984568,0.0047692901233281895,13,1,1,True
E01001090,Croydon 004D,1,0.011848765431327159,0.011848765431327159,2,2,1,True
E01001091,Croydon 004E,1,0.0,0.0,8,0,0,True
E01001092,Croydon 037B,0,0.0,,0,0,0,False
E01001093,Croydon 037C,1,0.0,0.0,2,0,0,True
E01001094,Croydon 038E,0,0.0,,0,0,0,False
E01001095,Croydon 031D,0,0.0,,0,0,0,False
E01001096,Croydon 037D,0,0.0,,0,0,0,False
E01001097,Croydon 037E,4,0.09760596706410751,0.024401491766026878,11,7,3,True
E01001098,Croydon 037F,0,0.0,,0,0,0,False
E01001099,Croydon 040D,0,0.0,,0,0,0,False
E01001100,Croydon 031E,0,0.0,,0,0,0,False
E01001101,Croydon 035B,0,0.0,,0,0,0,False
E01001102,Croydon 035C,0,0.0,,0,0,0,False
E01001103,Croydon 039A,0,0.0,,0,0,0,False
E01001104,Croydon 042D,0,0.0,,0,0,0,False
E01001105,Croydon 039B,0,0.0,,0,0,0,False
E01001106,Croydon 039C,0,0.0,,0,0,0,False
E01001107,Croydon 035D,0,0.0,,0,0,0,False
E01001108,Croydon 035E,0,0.0,,0,0,0,False
E01001109,Croydon 013B,0,0.0,,0,0,0,False
E01001110,Croydon 020D,0,0.0,,0,0,0,False
E01001111,Croydon 010D,0,0.0,,0,0,0,False
E01001112,Croydon 013C,0,0.0,,0,0,0,False
E01001113,Croydon 013D,1,0.0,0.0,4,0,0,True
E01001114,Croydon 013E,0,0.0,,0,0,0,False
E01001115,Croydon 015B,0,0.0,,0,0,0,False
E01001116,Croydon 013F,2,0.0,0.0,5,0,0,True
E01001118,Croydon 020E,0,0.0,,0,0,0,False
E01001119,Croydon 034G,0,0.0,,0,0,0,False
E01001120,Croydon 033A,0,0.0,,0,0,0,False
E01001121,Croydon 039D,0,0.0,,0,0,0,False
E01001122,Croydon 033B,0,0.0,,0,0,0,False
E01001123,Croydon 033C,0,0.0,,0,0,0,False
E01001124,Croydon 033D,0,0.0,,0,0,0,False
E01001125,Croydon 033E,0,0.0,,0,0,0,False
E01001126,Croydon 034H,0,0.0,,0,0,0,False
E01001127,Croydon 025A,0,0.0,,0,0,0,False
E01001128,Croydon 025B,0,0.0,,0,0,0,False
E01001129,Croydon 026D,0,0.0,,0,0,0,False
E01001130,Croydon 025C,1,0.0,0.0,4,0,0,True
E01001131,Croydon 018C,0,0.0,,0,0,0,False
E01001132,Croydon 018D,0,0.0,,0,0,0,False
E01001133,Croydon 026E,0,0.0,,0,0,0,False
E01001134,Croydon 018E,0,0.0,,0,0,0,False
E01001135,Croydon 025D,0,0.0,,0,0,0,False
E01001136,Croydon 007A,2,0.1345100308614969,0.06725501543074845,5,1,1,True
E01001137,Croydon 001A,4,0.0,0.0,12,0,0,True
E01001138,Croydon 001B,3,0.0,0.0,10,0,0,True
E01001139,Croydon 007B,1,0.0,0.0,4,0,0,True
E01001140,Croydon 007C,0,0.0,,0,0,0,False
E01001141,Croydon 008A,0,0.0,,0,0,0,False
E01001142,Croydon 007D,1,0.0,0.0,4,0,0,True
E01001143,Croydon 008B,0,0.0,,0,0,0,False
E01001144,Croydon 007E,4,0.24339718363560958,0.060849295908902395,8,4,3,True
E01001145,Croydon 008C,0,0.0,,0,0,0,False
E01001146,Croydon 006A,1,0.0,0.0,4,0,0,True
E01001147,Croydon 005A,0,0.0,,0,0,0,False
E01001148,Croydon 005B,2,0.0,0.0,12,0,0,True
E01001149,Croydon 006B,1,0.03056134259182099,0.03056134259182099,1,1,1,True
E01001150,Croydon 006C,1,0.01957253086400463,0.01957253086400463,2,2,1,True
E01001151,Croydon 005C,1,0.021451388888117283,0.021451388888117283,2,2,1,True
E01001152,Croydon 005D,1,0.0,0.0,6,0,0,True
E01001153,Croydon 006D,1,0.0,0.0,6,0,0,True
E01001154,Croydon 006E,1,0.0,0.0,4,0,0,True
E01001155,Croydon 010E,0,0.0,,0,0,0,False
E01001156,Croydon 001C,3,0.0,0.0,8,0,0,True
E01001157,Croydon 002B,0,0.0,,0,0,0,False
E01001158,Croydon 005E,1,0.04518055555401235,0.04518055555401235,1,1,1,True
E01001159,Croydon 002C,1,0.0,0.0,4,0,0,True
E01001160,Croydon 002D,0,0.0,,0,0,0,False
E01001161,Croydon 003D,0,0.0,,0,0,0,False
E01001162,Croydon 001D,5,0.010992669752314816,0.0021985339504629635,12,1,1,True
E01001163,Croydon 002E,2,0.016313078703124997,0.008156539351562499,4,3,2,True
E01001164,Croydon 001E,1,0.022262345677854938,0.022262345677854938,3,2,1,True
E01001165,Croydon 024C,3,0.10152218364043208,0.03384072788014403,7,3,2,True
E01001166,Croydon 024D,2,0.27303491511689815,0.13651745755844907,3,3,2,True
E01001167,Croydon 028A,2,0.05460108024228395,0.027300540121141977,3,1,1,True
E01001168,Croydon 024E,2,0.22782638888483797,0.11391319444241899,3,3,2,True
E01001169,Croydon 028B,1,0.0,0.0,2,0,0,True
E01001170,Croydon 047D,0,0.0,,0,0,0,False
E01001171,Croydon 028C,0,0.0,,0,0,0,False
E01001172,Croydon 028D,0,0.0,,0,0,0,False
E01001173,Croydon 028E,1,0.0,0.0,4,0,0,True
E01001174,Croydon 011A,1,0.0,0.0,4,0,0,True
E01001175,Croydon 011B,0,0.0,,0,0,0,False
E01001176,Croydon 011C,1,0.17448418206153551,0.17448418206153551,4,4,1,True
E01001177,Croydon 016C,2,0.0710119598746142,0.0355059799373071,5,1,1,True
E01001178,Croydon 015D,0,0.0,,0,0,0,False
E01001179,Croydon 016D,0,0.0,,0,0,0,False
E01001180,Croydon 016E,0,0.0,,0,0,0,False
E01001181,Croydon 015E,0,0.0,,0,0,0,False
E01001182,Croydon 011D,1,0.2897050540102238,0.2897050540102238,2,2,1,True
E01001183,Croydon 011E,3,0.15482889658121143,0.05160963219373715,5,5,3,True
E01001184,Croydon 011F,0,0.0,,0,0,0,False
E01001185,Croydon 014B,1,0.0,0.0,4,0,0,True
E01001186,Croydon 014C,1,0.0,0.0,4,0,0,True
E01001187,Croydon 017E,1,0.0,0.0,4,0,0,True
E01001188,Croydon 014D,2,0.09895264274440586,0.04947632137220293,5,5,2,True
E01001189,Croydon 045B,3,0.07688676697318672,0.025628922324395575,8,4,2,True
E01001190,Croydon 045C,0,0.0,,0,0,0,False
E01001191,Croydon 008D,3,0.1340767746867284,0.044692258228909466,6,2,2,True
E01001192,Croydon 008E,1,0.009275462962770063,0.009275462962770063,2,2,1,True
E01001193,Croydon 014E,1,0.09315432098611111,0.09315432098611111,1,1,1,True
E01001194,Croydon 045D,1,0.11963850308256173,0.11963850308256173,1,1,1,True
E01001195,Ealing 021A,2,0.015213927469039353,0.007606963734519676,8,5,2,True
E01001196,Ealing 015A,0,0.0,,0,0,0,False
E01001197,Ealing 021B,2,0.0,0.0,8,0,0,True
E01001198,Ealing 021C,1,0.0,0.0,4,0,0,True
E01001199,Ealing 021D,5,0.04980516975154321,0.009961033950308642,12,2,2,True
E01001200,Ealing 025A,3,0.048518518516589504,0.016172839505529835,9,1,1,True
E01001201,Ealing 025B,1,0.013898148147762347,0.013898148147762347,1,1,1,True
E01001202,Ealing 025C,4,0.14297260802006173,0.03574315200501543,4,4,4,True
E01001203,Ealing 025D,3,0.06942978394810956,0.023143261316036518,6,4,2,True
E01001204,Ealing 018A,2,0.0,0.0,8,0,0,True
E01001205,Ealing 018B,1,0.0,0.0,4,0,0,True
E01001206,Ealing 018C,2,0.003451195987654321,0.0017255979938271605,6,1,1,True
E01001207,Ealing 018D,3,0.1761971450594136,0.058732381686471206,5,5,3,True
E01001208,Ealing 018E,2,0.006595164608796296,0.003297582304398148,7,3,1,True
E01001209,Ealing 013A,3,0.14602584876041666,0.04867528292013889,3,3,3,True
E01001210,Ealing 016A,2,0.009722222222222222,0.004861111111111111,5,1,1,True
E01001211,Ealing 013B,5,0.11389255400655864,0.022778510801311727,6,6,5,True
E01001212,Ealing 018F,1,0.010759773662165637,0.010759773662165637,3,3,1,True
E01001213,Ealing 023A,0,0.0,,0,0,0,False
E01001214,Ealing 023B,0,0.0,,0,0,0,False
E01001215,Ealing 023C,0,0.0,,0,0,0,False
E01001216,Ealing 023D,2,0.02337972607957176,0.01168986303978588,8,3,1,True
E01001217,Ealing 014A,0,0.0,,0,0,0,False
E01001218,Ealing 012A,1,0.0,0.0,4,0,0,True
E01001219,Ealing 029A,0,0.0,,0,0,0,False
E01001220,Ealing 029B,0,0.0,,0,0,0,False
E01001223,Ealing 041B,2,0.037481095679012345,0.018740547839506173,2,2,2,True
E01001224,Ealing 019B,3,0.027122878085648148,0.009040959361882716,8,4,2,True
E01001225,Ealing 041A,2,0.05953202160320216,0.02976601080160108,6,2,1,True
E01001226,Ealing 019C,1,0.0,0.0,4,0,0,True
E01001227,Ealing 019D,3,0.04640007715933642,0.015466692386445472,4,2,2,True
E01001228,Ealing 019E,2,0.24471489197337964,0.12235744598668982,5,1,1,True
E01001229,Ealing 031A,2,0.0,0.0,12,0,0,True
E01001230,Ealing 031B,1,0.006338477365483539,0.006338477365483539,3,3,1,True
E01001231,Ealing 027A,3,0.14871161263753857,0.04957053754584619,12,2,1,True
E01001232,Ealing 031C,2,0.13872800925578702,0.06936400462789351,2,2,2,True
E01001233,Ealing 031D,4,0.09659625771277006,0.024149064428192514,8,4,3,True
E01001234,Ealing 027B,5,0.025289351850437243,0.0050578703700874484,15,4,3,True
E01001235,Ealing 042D,1,0.00997646604861111,0.00997646604861111,1,1,1,True
E01001236,Ealing 042C,2,0.035068287035108024,0.017534143517554012,6,2,1,True
E01001237,Ealing 031E,1,0.0420378086408179,0.0420378086408179,1,1,1,True
E01001239,Ealing 015C,2,0.06867283950462963,0.034336419752314815,7,3,1,True
E01001240,Ealing 024A,2,0.025208815583719135,0.012604407791859567,7,2,1,True
E01001241,Ealing 024B,3,0.0,0.0,6,0,0,True
E01001242,Ealing 024C,1,0.0,0.0,4,0,0,True
E01001243,Ealing 024D,2,0.0,0.0,12,0,0,True
E01001244,Ealing 024E,1,0.025873328188657407,0.025873328188657407,3,3,1,True
E01001245,Ealing 024F,4,0.04808989197530864,0.01202247299382716,4,4,4,True
E01001246,Ealing 015D,3,2.411265412808642e-05,8.037551376028806e-06,6,1,1,True
E01001247,Ealing 015E,1,0.0,0.0,4,0,0,True
E01001248,Ealing 035A,3,0.018333204732413837,0.006111068244137946,8,5,2,True
E01001249,Ealing 028A,0,0.0,,0,0,0,False
E01001250,Ealing 028B,2,0.04715779320807613,0.023578896604038065,4,4,2,True
E01001251,Ealing 030A,1,0.00962191357973251,0.00962191357973251,3,3,1,True
E01001252,Ealing 030B,2,0.04617901234529321,0.023089506172646605,3,1,1,True
E01001253,Ealing 030C,3,0.022128858024112658,0.0073762860080375525,10,1,1,True
E01001254,Ealing 030D,0,0.0,,0,0,0,False
E01001255,Ealing 028C,1,0.05214506172646605,0.05214506172646605,1,1,1,True
E01001257,Ealing 008A,1,0.0,0.0,2,0,0,True
E01001258,Ealing 010B,0,0.0,,0,0,0,False
E01001259,Ealing 014B,1,0.0139985853908179,0.0139985853908179,3,3,1,True
E01001260,Ealing 012B,1,0.0,0.0,4,0,0,True
E01001261,Ealing 012C,2,0.08371720678742284,0.04185860339371142,3,1,1,True
E01001262,Ealing 010C,4,0.10468016975192901,0.026170042437982252,4,4,4,True
E01001263,Ealing 010D,1,0.023319830246913583,0.023319830246913583,2,2,1,True
E01001264,Ealing 010E,0,0.0,,0,0,0,False
E01001265,Ealing 006A,1,0.0,0.0,4,0,0,True
E01001266,Ealing 006B,1,0.0,0.0,14,0,0,True
E01001267,Ealing 006C,0,0.0,,0,0,0,False
E01001268,Ealing 012D,1,0.015537680040895062,0.015537680040895062,3,3,1,True
E01001269,Ealing 001A,0,0.0,,0,0,0,False
E01001270,Ealing 004A,1,0.0,0.0,6,0,0,True
E01001271,Ealing 001B,1,0.0,0.0,6,0,0,True
E01001272,Ealing 006D,2,0.04167341820881559,0.020836709104407793,7,7,2,True
E01001273,Ealing 041C,2,0.0021680812757201647,0.0010840406378600823,7,2,1,True
E01001274,Ealing 041E,1,0.0,0.0,4,0,0,True
E01001275,Ealing 041D,2,0.06114564043036265,0.030572820215181325,4,3,2,True
E01001276,Ealing 011A,1,0.11515933641705248,0.11515933641705248,1,1,1,True
E01001277,Ealing 011B,1,0.0,0.0,4,0,0,True
E01001278,Ealing 011C,6,0.03286361882523148,0.0054772698042052466,17,4,2,True
E01001279,Ealing 013C,3,0.0,0.0,8,0,0,True
E01001280,Ealing 011D,2,0.0,0.0,12,0,0,True
E01001281,Ealing 013D,1,0.0,0.0,2,0,0,True
E01001282,Ealing 016B,2,0.03821412036882716,0.01910706018441358,2,2,2,True
E01001283,Ealing 016C,2,0.0,0.0,6,0,0,True
E01001284,Ealing 022A,2,0.003402006172839506,0.001701003086419753,4,2,1,True
E01001285,Ealing 016D,3,0.0,0.0,14,0,0,True
E01001286,Ealing 016E,0,0.0,,0,0,0,False
E01001287,Ealing 016F,1,0.019751929011574073,0.019751929011574073,1,1,1,True
E01001288,Ealing 022B,0,0.0,,0,0,0,False
E01001289,Ealing 022C,1,0.03528510802391975,0.03528510802391975,4,4,1,True
E01001290,Ealing 022D,2,0.041309606480902775,0.020654803240451387,6,2,1,True
E01001291,Ealing 014C,0,0.0,,0,0,0,False
E01001292,Ealing 014D,1,0.0,0.0,4,0,0,True
E01001293,Ealing 014E,0,0.0,,0,0,0,False
E01001294,Ealing 017A,0,0.0,,0,0,0,False
E01001295,Ealing 017B,0,0.0,,0,0,0,False
E01001296,Ealing 017C,0,0.0,,0,0,0,False
E01001297,Ealing 017D,2,0.0,0.0,8,0,0,True
E01001298,Ealing 017E,1,0.0033314043207947532,0.0033314043207947532,4,3,1,True
E01001299,Ealing 035B,3,0.01873659336361883,0.006245531121206276,6,5,3,True
E01001300,Ealing 039A,0,0.0,,0,0,0,False
E01001301,Ealing 039B,2,0.0,0.0,8,0,0,True
E01001302,Ealing 039C,2,0.0,0.0,6,0,0,True
E01001303,Ealing 032A,5,0.062427726336291144,0.012485545267258228,14,8,4,True
E01001304,Ealing 039D,6,0.06999344135493828,0.01166557355915638,9,5,5,True
E01001305,Ealing 035C,5,0.15904925411033952,0.0318098508220679,8,8,5,True
E01001306,Ealing 035D,1,0.0,0.0,4,0,0,True
E01001307,Ealing 002A,3,0.17687094906915507,0.05895698302305169,13,5,2,True
E01001308,Ealing 002B,0,0.0,,0,0,0,False
E01001309,Ealing 001C,2,0.0,0.0,8,0,0,True
E01001310,Ealing 001D,1,0.0,0.0,2,0,0,True
E01001311,Ealing 001E,1,0.005406635802276235,0.005406635802276235,2,1,1,True
E01001312,Ealing 002C,2,0.015473186727623456,0.007736593363811728,8,1,1,True
E01001313,Ealing 002D,0,0.0,,0,0,0,False
E01001314,Ealing 002E,0,0.0,,0,0,0,False
E01001315,Ealing 003A,0,0.0,,0,0,0,False
E01001316,Ealing 003B,5,0.27938464505594135,0.05587692901118827,6,4,4,True
E01001317,Ealing 003C,2,0.018717592591820986,0.009358796295910493,6,2,1,True
E01001318,Ealing 003D,0,0.0,,0,0,0,False
E01001319,Ealing 004B,1,0.0,0.0,6,0,0,True
E01001320,Ealing 003E,0,0.0,,0,0,0,False
E01001321,Ealing 003F,1,0.0,0.0,4,0,0,True
E01001322,Ealing 004C,1,0.0,0.0,4,0,0,True
E01001323,Ealing 004D,2,0.0,0.0,12,0,0,True
E01001324,Ealing 008B,0,0.0,,0,0,0,False
E01001325,Ealing 009A,2,0.014493634259066357,0.0072468171295331785,8,1,1,True
E01001326,Ealing 008C,3,0.030859567899305558,0.010286522633101853,6,2,2,True
E01001327,Ealing 009B,2,0.02684876543171296,0.01342438271585648,6,2,1,True
E01001328,Ealing 009C,4,0.1399423225180363,0.03498558062950907,12,3,2,True
E01001329,Ealing 009D,1,0.0,0.0,4,0,0,True
E01001330,Ealing 008D,1,0.017641203703189303,0.017641203703189303,3,2,1,True
E01001331,Ealing 009E,2,0.3085605709799383,0.15428028548996914,2,2,2,True
E01001332,Ealing 008E,2,0.0,0.0,6,0,0,True
E01001333,Ealing 038A,2,0.034398919750771605,0.017199459875385802,2,2,2,True
E01001334,Ealing 029C,1,0.030316486623971194,0.030316486623971194,3,1,1,True
E01001335,Ealing 038B,2,0.0007707047323816872,0.0003853523661908436,7,1,1,True
E01001336,Ealing 038C,1,0.022526427468364196,0.022526427468364196,2,2,1,True
E01001337,Ealing 029D,0,0.0,,0,0,0,False
E01001338,Ealing 029E,0,0.0,,0,0,0,False
E01001339,Ealing 029F,1,0.01950559413560957,0.01950559413560957,2,2,1,True
E01001340,Ealing 029G,1,0.0,0.0,2,0,0,True
E01001341,Ealing 005A,3,0.020225887344907406,0.006741962448302469,10,2,1,True
E01001342,Ealing 005B,0,0.0,,0,0,0,False
E01001343,Ealing 005C,0,0.0,,0,0,0,False
E01001344,Ealing 007A,1,0.005053240740612141,0.005053240740612141,3,2,1,True
E01001345,Ealing 005D,1,0.0,0.0,2,0,0,True
E01001346,Ealing 007B,0,0.0,,0,0,0,False
E01001347,Ealing 007C,2,0.056939236096450616,0.028469618048225308,4,2,1,True
E01001348,Ealing 007D,3,0.021493827158950617,0.007164609052983539,6,1,1,True
E01001349,Ealing 006E,1,0.0,0.0,4,0,0,True
E01001350,Ealing 027C,1,0.0,0.0,6,0,0,True
E01001351,Ealing 025E,2,0.051439814813657406,0.025719907406828703,5,1,1,True
E01001352,Ealing 027D,4,0.08470794752893518,0.021176986882233795,8,4,3,True
E01001353,Ealing 033A,1,0.028881172838348762,0.028881172838348762,3,3,1,True
E01001354,Ealing 027E,4,0.013580632715277777,0.003395158178819444,10,2,2,True
E01001355,Ealing 033B,2,0.06728896604835391,0.033644483024176955,4,4,2,True
E01001356,Ealing 033C,0,0.0,,0,0,0,False
E01001357,Ealing 033D,3,0.037497813785108025,0.012499271261702674,11,3,1,True
E01001358,Ealing 033E,0,0.0,,0,0,0,False
E01001359,Ealing 026A,2,0.03909297839371142,0.01954648919685571,6,2,1,True
E01001360,Ealing 026B,1,0.0,0.0,4,0,0,True
E01001361,Ealing 023E,2,0.0,0.0,7,0,0,True
E01001362,Ealing 026C,1,0.0,0.0,4,0,0,True
E01001363,Ealing 026D,2,0.03826543209645061,0.019132716048225307,5,1,1,True
E01001364,Ealing 026E,0,0.0,,0,0,0,False
E01001365,Ealing 026F,1,0.0,0.0,2,0,0,True
E01001366,Ealing 044C,2,0.0,0.0,6,0,0,True
E01001367,Ealing 043B,1,0.01788753857966821,0.01788753857966821,2,2,1,True
E01001368,Ealing 044D,0,0.0,,0,0,0,False
E01001369,Ealing 038D,1,0.0,0.0,4,0,0,True
E01001370,Ealing 044A,1,0.0,0.0,4,0,0,True
E01001371,Ealing 044B,1,0.0,0.0,4,0,0,True
E01001372,Ealing 043C,2,0.0,0.0,10,0,0,True
E01001373,Ealing 043A,4,0.01723668981442901,0.0043091724536072525,11,2,2,True
E01001374,Ealing 040A,1,0.011801504629436728,0.011801504629436728,2,2,1,True
E01001375,Ealing 034A,6,0.04808333333101852,0.008013888888503086,11,3,3,True
E01001376,Ealing 040B,4,0.08237056327006173,0.020592640817515433,8,2,2,True
E01001377,Ealing 034B,8,0.20669000771064816,0.02583625096383102,15,6,5,True
E01001379,Ealing 034C,7,0.06427597736201132,0.009182282480287332,11,8,6,True
E01001380,Ealing 040C,4,0.05866332304385288,0.01466583076096322,6,5,3,True
E01001381,Ealing 034D,1,0.030064429011959878,0.030064429011959878,3,3,1,True
E01001382,Ealing 032B,5,0.04093576388792438,0.008187152777584876,10,5,4,True
E01001383,Ealing 028D,3,0.03889493312635031,0.012964977708783437,6,6,3,True
E01001384,Ealing 032C,1,0.026849922838348767,0.026849922838348767,1,1,1,True
E01001385,Ealing 032D,3,0.0058996913570601855,0.0019665637856867285,8,2,1,True
E01001386,Ealing 031F,1,0.010093557098572532,0.010093557098572532,2,2,1,True
E01001387,Ealing 032E,4,0.08449183384567902,0.021122958461419754,11,7,3,True
E01001388,Ealing 028E,3,0.03763850308526235,0.01254616769508745,17,1,1,True
E01001389,Ealing 028F,2,0.112055169749357,0.0560275848746785,4,3,2,True
E01001390,Enfield 036A,6,0.04292978395023148,0.007154963991705247,6,5,5,True
E01001391,Enfield 036B,0,0.0,,0,0,0,False
E01001392,Enfield 032A,3,0.03702199073958333,0.01234066357986111,3,2,2,True
E01001393,Enfield 036C,5,0.08570588991203705,0.01714117798240741,10,5,4,True
E01001394,Enfield 035A,7,0.10381327160300925,0.014830467371858464,7,5,5,True
E01001395,Enfield 035B,0,0.0,,0,0,0,False
E01001396,Enfield 036D,0,0.0,,0,0,0,False
E01001397,Enfield 035C,0,0.0,,0,0,0,False
E01001398,Enfield 021A,0,0.0,,0,0,0,False
E01001399,Enfield 021B,0,0.0,,0,0,0,False
E01001400,Enfield 021C,0,0.0,,0,0,0,False
E01001401,Enfield 016A,0,0.0,,0,0,0,False
E01001402,Enfield 021D,0,0.0,,0,0,0,False
E01001403,Enfield 021E,1,0.0013140432094907407,0.0013140432094907407,1,1,1,True
E01001404,Enfield 026A,0,0.0,,0,0,0,False
E01001405,Enfield 015A,0,0.0,,0,0,0,False
E01001406,Enfield 015B,2,0.11042592592438272,0.05521296296219136,2,2,2,True
E01001407,Enfield 005A,0,0.0,,0,0,0,False
E01001408,Enfield 004A,2,0.03443672839409723,0.017218364197048613,3,2,1,True
E01001409,Enfield 005B,0,0.0,,0,0,0,False
E01001410,Enfield 005C,0,0.0,,0,0,0,False
E01001411,Enfield 004B,1,8.101851851851852e-06,8.101851851851852e-06,1,1,1,True
E01001412,Enfield 004C,0,0.0,,0,0,0,False
E01001413,Enfield 004D,0,0.0,,0,0,0,False
E01001414,Enfield 004E,0,0.0,,0,0,0,False
E01001415,Enfield 011A,1,0.04288432355529836,0.04288432355529836,6,2,1,True
E01001416,Enfield 013A,0,0.0,,0,0,0,False
E01001417,Enfield 011B,0,0.0,,0,0,0,False
E01001418,Enfield 011C,1,0.0,0.0,4,0,0,True
E01001419,Enfield 020A,1,0.07781211419560184,0.07781211419560184,1,1,1,True
E01001420,Enfield 020B,5,0.0,0.0,10,0,0,True
E01001421,Enfield 020C,0,0.0,,0,0,0,False
E01001422,Enfield 011D,0,0.0,,0,0,0,False
E01001423,Enfield 027A,0,0.0,,0,0,0,False
E01001424,Enfield 030A,0,0.0,,0,0,0,False
E01001425,Enfield 027B,1,0.22969675925540123,0.22969675925540123,1,1,1,True
E01001426,Enfield 030B,0,0.0,,0,0,0,False
E01001427,Enfield 030C,0,0.0,,0,0,0,False
E01001428,Enfield 027C,0,0.0,,0,0,0,False
E01001429,Enfield 030D,0,0.0,,0,0,0,False
E01001430,Enfield 030E,2,0.1703275462924383,0.08516377314621915,2,2,2,True
E01001431,Enfield 033A,2,0.009668209876157408,0.004834104938078704,2,2,2,True
E01001432,Enfield 033B,7,0.23677336859386022,0.033824766941980035,16,6,5,True
E01001433,Enfield 007A,0,0.0,,0,0,0,False
E01001434,Enfield 007B,0,0.0,,0,0,0,False
E01001435,Enfield 007C,0,0.0,,0,0,0,False
E01001436,Enfield 007D,0,0.0,,0,0,0,False
E01001437,Enfield 014A,0,0.0,,0,0,0,False
E01001438,Enfield 007E,0,0.0,,0,0,0,False
E01001439,Enfield 006A,2,0.11870794751996527,0.05935397375998264,17,4,1,True
E01001440,Enfield 012A,0,0.0,,0,0,0,False
E01001441,Enfield 006B,0,0.0,,0,0,0,False
E01001442,Enfield 002A,0,0.0,,0,0,0,False
E01001444,Enfield 001A,0,0.0,,0,0,0,False
E01001445,Enfield 003B,0,0.0,,0,0,0,False
E01001446,Enfield 001B,0,0.0,,0,0,0,False
E01001447,Enfield 003C,0,0.0,,0,0,0,False
E01001448,Enfield 003D,0,0.0,,0,0,0,False
E01001449,Enfield 003E,0,0.0,,0,0,0,False
E01001450,Enfield 015C,0,0.0,,0,0,0,False
E01001451,Enfield 017A,0,0.0,,0,0,0,False
E01001452,Enfield 017B,0,0.0,,0,0,0,False
E01001453,Enfield 017C,0,0.0,,0,0,0,False
E01001454,Enfield 017D,1,0.031089506171296296,0.031089506171296296,1,1,1,True
E01001455,Enfield 021F,0,0.0,,0,0,0,False
E01001456,Enfield 022A,0,0.0,,0,0,0,False
E01001457,Enfield 010A,0,0.0,,0,0,0,False
E01001458,Enfield 037A,5,0.25126929011844135,0.05025385802368827,5,5,5,True
E01001459,Enfield 024A,0,0.0,,0,0,0,False
E01001460,Enfield 024B,0,0.0,,0,0,0,False
E01001461,Enfield 027D,1,0.13411921293962192,0.13411921293962192,2,2,1,True
E01001462,Enfield 024C,0,0.0,,0,0,0,False
E01001463,Enfield 031A,0,0.0,,0,0,0,False
E01001464,Enfield 027E,0,0.0,,0,0,0,False
E01001465,Enfield 031B,0,0.0,,0,0,0,False
E01001466,Enfield 031C,4,0.16136728394868827,0.04034182098717207,4,4,4,True
E01001467,Enfield 031D,0,0.0,,0,0,0,False
E01001468,Enfield 010B,0,0.0,,0,0,0,False
E01001469,Enfield 008A,0,0.0,,0,0,0,False
E01001470,Enfield 013B,1,0.0,0.0,9,0,0,True
E01001471,Enfield 010C,0,0.0,,0,0,0,False
E01001472,Enfield 010D,0,0.0,,0,0,0,False
E01001473,Enfield 013C,0,0.0,,0,0,0,False
E01001474,Enfield 010E,1,0.13387885802006175,0.13387885802006175,1,1,1,True
E01001475,Enfield 013D,0,0.0,,0,0,0,False
E01001476,Enfield 018A,0,0.0,,0,0,0,False
E01001477,Enfield 018B,0,0.0,,0,0,0,False
E01001478,Enfield 016B,0,0.0,,0,0,0,False
E01001479,Enfield 023A,0,0.0,,0,0,0,False
E01001480,Enfield 024D,0,0.0,,0,0,0,False
E01001481,Enfield 018C,0,0.0,,0,0,0,False
E01001482,Enfield 023B,1,0.009492155348829733,0.009492155348829733,6,1,1,True
E01001483,Enfield 025A,0,0.0,,0,0,0,False
E01001484,Enfield 016C,0,0.0,,0,0,0,False
E01001485,Enfield 025B,9,0.1260023148097994,0.014000257201088821,10,7,7,True
E01001486,Enfield 025C,9,0.26800424381905863,0.029778249313228738,9,7,7,True
E01001487,Enfield 023C,0,0.0,,0,0,0,False
E01001488,Enfield 024E,0,0.0,,0,0,0,False
E01001489,Enfield 023D,0,0.0,,0,0,0,False
E01001491,Enfield 023E,0,0.0,,0,0,0,False
E01001492,Enfield 025E,4,0.24428858023881173,0.06107214505970293,4,4,4,True
E01001493,Enfield 026B,0,0.0,,0,0,0,False
E01001494,Enfield 026C,0,0.0,,0,0,0,False
E01001495,Enfield 029A,1,0.024220679011959872,0.024220679011959872,1,1,1,True
E01001496,Enfield 026D,0,0.0,,0,0,0,False
E01001497,Enfield 031E,0,0.0,,0,0,0,False
E01001498,Enfield 029B,0,0.0,,0,0,0,False
E01001499,Enfield 031F,0,0.0,,0,0,0,False
E01001500,Enfield 035D,0,0.0,,0,0,0,False
E01001501,Enfield 036E,0,0.0,,0,0,0,False
E01001502,Enfield 018D,0,0.0,,0,0,0,False
E01001503,Enfield 018E,0,0.0,,0,0,0,False
E01001504,Enfield 012B,0,0.0,,0,0,0,False
E01001505,Enfield 012C,0,0.0,,0,0,0,False
E01001507,Enfield 012D,0,0.0,,0,0,0,False
E01001508,Enfield 012E,0,0.0,,0,0,0,False
E01001509,Enfield 014C,0,0.0,,0,0,0,False
E01001511,Enfield 016D,0,0.0,,0,0,0,False
E01001512,Enfield 015D,1,0.03307376542874228,0.03307376542874228,10,2,1,True
E01001513,Enfield 012F,0,0.0,,0,0,0,False
E01001514,Enfield 016E,0,0.0,,0,0,0,False
E01001515,Enfield 015E,0,0.0,,0,0,0,False
E01001516,Enfield 005D,0,0.0,,0,0,0,False
E01001517,Enfield 006C,0,0.0,,0,0,0,False
E01001518,Enfield 016F,0,0.0,,0,0,0,False
E01001520,Enfield 019A,0,0.0,,0,0,0,False
E01001521,Enfield 028A,0,0.0,,0,0,0,False
E01001522,Enfield 019B,0,0.0,,0,0,0,False
E01001523,Enfield 019C,0,0.0,,0,0,0,False
E01001524,Enfield 019D,0,0.0,,0,0,0,False
E01001525,Enfield 020E,0,0.0,,0,0,0,False
E01001526,Enfield 019E,0,0.0,,0,0,0,False
E01001527,Enfield 036F,0,0.0,,0,0,0,False
E01001528,Enfield 032B,1,0.04035300925501543,0.04035300925501543,1,1,1,True
E01001529,Enfield 032C,0,0.0,,0,0,0,False
E01001530,Enfield 032D,3,0.03844868826929012,0.012816229423096707,3,3,3,True
E01001531,Enfield 028B,1,0.03709645061612654,0.03709645061612654,1,1,1,True
E01001532,Enfield 028C,1,0.0014598765432098765,0.0014598765432098765,1,1,1,True
E01001533,Enfield 028D,0,0.0,,0,0,0,False
E01001534,Enfield 032E,0,0.0,,0,0,0,False
E01001535,Enfield 028E,2,0.07666531634201389,0.03833265817100694,3,3,2,True
E01001536,Enfield 008B,0,0.0,,0,0,0,False
E01001537,Enfield 005E,0,0.0,,0,0,0,False
E01001538,Enfield 009A,0,0.0,,0,0,0,False
E01001539,Enfield 009B,0,0.0,,0,0,0,False
E01001540,Enfield 008C,2,0.016671392746672453,0.008335696373336227,9,4,2,True
E01001541,Enfield 008D,2,0.04208796296141975,0.021043981480709874,2,2,2,True
E01001542,Enfield 008E,0,0.0,,0,0,0,False
E01001543,Enfield 009C,0,0.0,,0,0,0,False
E01001544,Enfield 009D,0,0.0,,0,0,0,False
E01001545,Enfield 002B,0,0.0,,0,0,0,False
E01001546,Enfield 001C,0,0.0,,0,0,0,False
E01001547,Enfield 002C,0,0.0,,0,0,0,False
E01001548,Enfield 002D,0,0.0,,0,0,0,False
E01001549,Enfield 006D,0,0.0,,0,0,0,False
E01001550,Enfield 006E,0,0.0,,0,0,0,False
E01001551,Enfield 002E,1,0.16697029316666667,0.16697029316666667,1,1,1,True
E01001552,Enfield 001D,0,0.0,,0,0,0,False
E01001553,Enfield 037B,0,0.0,,0,0,0,False
E01001554,Enfield 037C,0,0.0,,0,0,0,False
E01001555,Enfield 033C,6,0.13772106481018517,0.022953510801697528,6,4,4,True
E01001556,Enfield 035E,0,0.0,,0,0,0,False
E01001557,Enfield 033D,0,0.0,,0,0,0,False
E01001558,Enfield 033E,5,0.14292554012229938,0.028585108024459877,5,4,4,True
E01001559,Enfield 033F,7,0.15745216049151234,0.02249316578450176,7,6,6,True
E01001560,Enfield 035F,0,0.0,,0,0,0,False
E01001562,Enfield 037D,0,0.0,,0,0,0,False
E01001563,Enfield 029C,0,0.0,,0,0,0,False
E01001564,Enfield 022B,0,0.0,,0,0,0,False
E01001565,Enfield 029D,4,0.18460030863850307,0.04615007715962577,4,4,4,True
E01001566,Enfield 029E,1,0.1932423803978588,0.1932423803978588,4,2,1,True
E01001567,Enfield 022C,0,0.0,,0,0,0,False
E01001568,Enfield 022D,0,0.0,,0,0,0,False
E01001569,Enfield 022E,0,0.0,,0,0,0,False
E01001570,Enfield 026E,0,0.0,,0,0,0,False
E01001571,Greenwich 008A,0,0.0,,0,0,0,False
E01001572,Greenwich 008B,2,0.09489023919579476,0.04744511959789738,6,2,1,True
E01001573,Greenwich 008C,0,0.0,,0,0,0,False
E01001574,Greenwich 008D,0,0.0,,0,0,0,False
E01001575,Greenwich 003A,0,0.0,,0,0,0,False
E01001576,Greenwich 003B,0,0.0,,0,0,0,False
E01001577,Greenwich 003C,0,0.0,,0,0,0,False
E01001578,Greenwich 003D,0,0.0,,0,0,0,False
E01001579,Greenwich 003E,0,0.0,,0,0,0,False
E01001580,Greenwich 021A,0,0.0,,0,0,0,False
E01001581,Greenwich 016A,3,0.116633487642554,0.038877829214184666,8,2,1,True
E01001582,Greenwich 021B,0,0.0,,0,0,0,False
E01001583,Greenwich 021C,2,0.0,0.0,7,0,0,True
E01001584,Greenwich 021D,0,0.0,,0,0,0,False
E01001585,Greenwich 016B,0,0.0,,0,0,0,False
E01001586,Greenwich 016C,0,0.0,,0,0,0,False
E01001587,Greenwich 016D,1,0.06576311728317902,0.06576311728317902,2,2,1,True
E01001588,Greenwich 012A,1,0.0,0.0,3,0,0,True
E01001589,Greenwich 012B,0,0.0,,0,0,0,False
E01001590,Greenwich 014A,2,0.0,0.0,4,0,0,True
E01001591,Greenwich 012C,1,0.0,0.0,2,0,0,True
E01001592,Greenwich 014B,2,0.0,0.0,4,0,0,True
E01001593,Greenwich 014C,0,0.0,,0,0,0,False
E01001594,Greenwich 014D,0,0.0,,0,0,0,False
E01001595,Greenwich 012D,2,0.11217631172530865,0.056088155862654324,3,1,1,True
E01001596,Greenwich 032A,0,0.0,,0,0,0,False
E01001597,Greenwich 031A,0,0.0,,0,0,0,False
E01001598,Greenwich 031B,0,0.0,,0,0,0,False
E01001599,Greenwich 032B,3,0.006555362654224537,0.0021851208847415123,6,3,1,True
E01001600,Greenwich 032C,2,0.07542457561349022,0.03771228780674511,8,4,2,True
E01001601,Greenwich 032D,0,0.0,,0,0,0,False
E01001602,Greenwich 031C,0,0.0,,0,0,0,False
E01001603,Greenwich 031D,0,0.0,,0,0,0,False
E01001604,Greenwich 027A,1,0.0,0.0,2,0,0,True
E01001605,Greenwich 023A,0,0.0,,0,0,0,False
E01001606,Greenwich 023B,1,0.013874356995627573,0.013874356995627573,3,2,1,True
E01001607,Greenwich 027B,0,0.0,,0,0,0,False
E01001608,Greenwich 027C,0,0.0,,0,0,0,False
E01001609,Greenwich 027D,0,0.0,,0,0,0,False
E01001610,Greenwich 023C,1,0.009814621913387346,0.009814621913387346,2,2,1,True
E01001611,Greenwich 023D,0,0.0,,0,0,0,False
E01001613,Greenwich 028A,0,0.0,,0,0,0,False
E01001614,Greenwich 028B,0,0.0,,0,0,0,False
E01001615,Greenwich 028C,1,0.02321315586265432,0.02321315586265432,2,1,1,True
E01001617,Greenwich 028D,0,0.0,,0,0,0,False
E01001618,Greenwich 030C,0,0.0,,0,0,0,False
E01001619,Greenwich 030D,0,0.0,,0,0,0,False
E01001620,Greenwich 025A,1,0.019417695472865225,0.019417695472865225,3,3,1,True
E01001621,Greenwich 025B,1,0.18810513115316357,0.18810513115316357,2,2,1,True
E01001623,Greenwich 025C,0,0.0,,0,0,0,False
E01001624,Greenwich 025D,1,0.05763104423270318,0.05763104423270318,6,2,1,True
E01001625,Greenwich 025E,4,0.15123842591107253,0.03780960647776813,12,2,1,True
E01001629,Greenwich 009A,0,0.0,,0,0,0,False
E01001631,Greenwich 007B,0,0.0,,0,0,0,False
E01001632,Greenwich 007C,1,0.02129031635725309,0.02129031635725309,2,1,1,True
E01001633,Greenwich 009B,0,0.0,,0,0,0,False
E01001634,Greenwich 009C,0,0.0,,0,0,0,False
E01001635,Greenwich 007D,0,0.0,,0,0,0,False
E01001636,Greenwich 007E,0,0.0,,0,0,0,False
E01001637,Greenwich 009D,0,0.0,,0,0,0,False
E01001638,Greenwich 038A,0,0.0,,0,0,0,False
E01001641,Greenwich 038B,2,0.0445463605947788,0.0222731802973894,5,5,2,True
E01001642,Greenwich 038C,0,0.0,,0,0,0,False
E01001644,Greenwich 038D,0,0.0,,0,0,0,False
E01001645,Greenwich 022A,0,0.0,,0,0,0,False
E01001646,Greenwich 019A,1,0.03238368055536266,0.03238368055536266,2,2,1,True
E01001647,Greenwich 022B,1,0.0269156378596965,0.0269156378596965,3,3,1,True
E01001648,Greenwich 022C,0,0.0,,0,0,0,False
E01001649,Greenwich 022D,0,0.0,,0,0,0,False
E01001650,Greenwich 019B,0,0.0,,0,0,0,False
E01001651,Greenwich 019C,0,0.0,,0,0,0,False
E01001652,Greenwich 019D,1,0.006849537036265432,0.006849537036265432,1,1,1,True
E01001653,Greenwich 029A,0,0.0,,0,0,0,False
E01001654,Greenwich 029B,0,0.0,,0,0,0,False
E01001655,Greenwich 029C,0,0.0,,0,0,0,False
E01001656,Greenwich 034A,0,0.0,,0,0,0,False
E01001657,Greenwich 034B,0,0.0,,0,0,0,False
E01001658,Greenwich 034C,1,0.015157600308449076,0.015157600308449076,2,2,1,True
E01001659,Greenwich 034D,0,0.0,,0,0,0,False
E01001660,Greenwich 029D,0,0.0,,0,0,0,False
E01001661,Greenwich 029E,0,0.0,,0,0,0,False
E01001664,Greenwich 037B,0,0.0,,0,0,0,False
E01001665,Greenwich 037C,3,0.021081790119984567,0.007027263373328189,4,2,2,True
E01001666,Greenwich 041G,1,0.0,0.0,8,0,0,True
E01001669,Greenwich 033A,0,0.0,,0,0,0,False
E01001671,Greenwich 033B,0,0.0,,0,0,0,False
E01001672,Greenwich 006A,0,0.0,,0,0,0,False
E01001673,Greenwich 006B,0,0.0,,0,0,0,False
E01001674,Greenwich 006C,0,0.0,,0,0,0,False
E01001675,Greenwich 006D,1,0.03489930555529835,0.03489930555529835,3,3,1,True
E01001676,Greenwich 033C,0,0.0,,0,0,0,False
E01001677,Greenwich 006E,0,0.0,,0,0,0,False
E01001678,Greenwich 017A,1,0.00672582304526749,0.00672582304526749,3,1,1,True
E01001679,Greenwich 020A,0,0.0,,0,0,0,False
E01001680,Greenwich 020B,0,0.0,,0,0,0,False
E01001681,Greenwich 020C,3,0.005993827160108025,0.001997942386702675,4,1,1,True
E01001682,Greenwich 020D,0,0.0,,0,0,0,False
E01001683,Greenwich 017B,3,0.24250578702854936,0.08083526234284978,3,3,3,True
E01001684,Greenwich 017C,0,0.0,,0,0,0,False
E01001685,Greenwich 017D,0,0.0,,0,0,0,False
E01001686,Greenwich 020E,1,0.018432870369727367,0.018432870369727367,3,3,1,True
E01001687,Greenwich 002A,0,0.0,,0,0,0,False
E01001688,Greenwich 002B,1,0.05495756172569445,0.05495756172569445,1,1,1,True
E01001690,Greenwich 001A,2,0.0,0.0,2,0,0,True
E01001692,Greenwich 001B,0,0.0,,0,0,0,False
E01001693,Greenwich 001C,0,0.0,,0,0,0,False
E01001694,Greenwich 001D,0,0.0,,0,0,0,False
E01001695,Greenwich 011A,0,0.0,,0,0,0,False
E01001696,Greenwich 011B,1,0.04095389660358796,0.04095389660358796,2,2,1,True
E01001697,Greenwich 011C,1,0.04456828703575103,0.04456828703575103,3,3,1,True
E01001698,Greenwich 015A,0,0.0,,0,0,0,False
E01001699,Greenwich 015B,0,0.0,,0,0,0,False
E01001700,Greenwich 011D,1,0.0,0.0,1,0,0,True
E01001701,Greenwich 015C,1,0.03909439300347222,0.03909439300347222,3,3,1,True
E01001702,Greenwich 015D,0,0.0,,0,0,0,False
E01001703,Greenwich 011E,1,0.056981674382137346,0.056981674382137346,2,2,1,True
E01001704,Greenwich 011F,0,0.0,,0,0,0,False
E01001705,Greenwich 005A,0,0.0,,0,0,0,False
E01001708,Greenwich 005C,0,0.0,,0,0,0,False
E01001710,Greenwich 005D,1,0.05584220678793725,0.05584220678793725,3,3,1,True
E01001712,Greenwich 042A,1,0.0307213220159465,0.0307213220159465,3,3,1,True
E01001714,Hackney 002A,1,0.0,0.0,2,0,0,True
E01001715,Hackney 007A,14,7.638888850308643e-05,5.456349178791888e-06,17,1,1,True
E01001716,Hackney 007B,7,0.016877893517939814,0.0024111276454199734,9,2,1,True
E01001717,Hackney 007C,0,0.0,,0,0,0,False
E01001718,Hackney 007D,11,0.05351157407175926,0.004864688551978114,18,2,2,True
E01001719,Hackney 007E,1,0.0,0.0,3,0,0,True
E01001720,Hackney 007F,14,0.03551929012229938,0.002537092151592813,18,3,3,True
E01001722,Hackney 029A,10,0.06558449073881173,0.006558449073881173,13,4,3,True
E01001723,Hackney 006A,15,0.0,0.0,26,0,0,True
E01001724,Hackney 006B,7,0.1262141203449074,0.018030588620701057,13,2,1,True
E01001725,Hackney 004A,9,0.10256057098649692,0.011395618998499658,15,2,2,True
E01001726,Hackney 004B,1,0.0,0.0,1,0,0,True
E01001727,Hackney 006C,12,0.0,0.0,15,0,0,True
E01001728,Hackney 029B,8,0.13183352620814043,0.016479190776017553,11,2,1,True
E01001729,Hackney 019A,0,0.0,,0,0,0,False
E01001730,Hackney 019B,3,0.0,0.0,4,0,0,True
E01001731,Hackney 017A,7,0.0,0.0,16,0,0,True
E01001732,Hackney 019C,4,0.1569843749971065,0.03924609374927662,7,2,1,True
E01001733,Hackney 015A,15,0.22669309413001545,0.01511287294200103,23,5,4,True
E01001734,Hackney 017B,10,0.07105439814737655,0.007105439814737655,16,3,3,True
E01001735,Hackney 019D,7,0.19221277005787038,0.02745896715112434,18,2,1,True
E01001736,Hackney 012A,15,0.07932214505864196,0.005288143003909464,23,5,3,True
E01001737,Hackney 012B,16,0.0608110853889532,0.003800692836809575,23,4,4,True
E01001738,Hackney 012C,12,0.11419849536824847,0.009516541280687373,20,4,3,True
E01001739,Hackney 012D,14,0.0,0.0,20,0,0,True
E01001740,Hackney 014A,6,0.030938512730902777,0.005156418788483796,13,4,1,True
E01001741,Hackney 009A,17,0.07626263502970679,0.004486037354688634,23,6,4,True
E01001742,Hackney 008A,8,0.2483751928796296,0.0310468991099537,17,2,1,True
E01001744,Hackney 031A,9,0.06844251543016976,0.0076047239366855285,13,1,1,True
E01001745,Hackney 016A,5,0.12778993055304783,0.025557986110609564,6,2,1,True
E01001746,Hackney 016B,0,0.0,,0,0,0,False
E01001747,Hackney 014B,8,0.00020601851813271602,2.5752314766589502e-05,17,1,1,True
E01001749,Hackney 020B,19,0.022439814814814815,0.0011810428849902534,22,2,2,True
E01001750,Hackney 031D,15,0.042869984566743825,0.002857998971116255,23,1,1,True
E01001751,Hackney 031B,24,0.09985416666473765,0.004160590277697402,33,4,4,True
E01001753,Hackney 025B,1,0.0,0.0,2,0,0,True
E01001755,Hackney 025D,10,0.17689853393479937,0.017689853393479938,17,6,4,True
E01001756,Hackney 030C,14,0.12287538580073303,0.008776813271480931,25,3,2,True
E01001757,Hackney 016C,1,0.0,0.0,1,0,0,True
E01001758,Hackney 016D,5,0.0,0.0,9,0,0,True
E01001759,Hackney 016E,11,0.10351504629436728,0.00941045875403339,18,4,2,True
E01001760,Hackney 017C,2,0.0,0.0,2,0,0,True
E01001761,Hackney 016F,4,0.004718749998842593,0.0011796874997106483,5,1,1,True
E01001762,Hackney 017D,10,0.05658063271527777,0.005658063271527777,11,1,1,True
E01001763,Hackney 020C,13,0.02452430555459105,0.00188648504266085,15,2,1,True
E01001764,Hackney 010A,11,0.046868055552854934,0.004260732322986812,17,1,1,True
E01001765,Hackney 010B,1,0.0,0.0,2,0,0,True
E01001767,Hackney 010D,15,0.07257754629359567,0.004838503086239712,15,4,4,True
E01001768,Hackney 006D,18,0.03839795524575617,0.002133219735875343,24,2,2,True
E01001769,Hackney 006E,16,0.12697202931867285,0.007935751832417053,18,2,1,True
E01001770,Hackney 010E,13,0.036084490739583336,0.002775730056891026,19,1,1,True
E01001772,Hackney 024A,2,0.03667689043152006,0.01833844521576003,3,2,1,True
E01001773,Hackney 025E,8,0.13301292438059414,0.016626615547574268,10,2,1,True
E01001774,Hackney 024B,8,0.0,0.0,10,0,0,True
E01001775,Hackney 024C,8,0.07857561728125001,0.009821952160156251,8,2,2,True
E01001776,Hackney 025F,9,0.12652372684934413,0.014058191872149347,19,2,1,True
E01001777,Hackney 033A,11,0.08901195987229937,0.008091996352027215,12,6,6,True
E01001780,Hackney 032D,10,0.056160108024305565,0.005616010802430556,22,1,1,True
E01001781,Hackney 026B,6,0.0,0.0,8,0,0,True
E01001783,Hackney 026D,7,0.3717849151120757,0.053112130730296525,10,5,4,True
E01001784,Hackney 032A,5,0.06431635802237655,0.012863271604475309,5,2,2,True
E01001785,Hackney 015B,20,0.11628009259066358,0.005814004629533178,35,6,5,True
E01001786,Hackney 013A,5,0.2009880401203704,0.04019760802407408,8,1,1,True
E01001787,Hackney 013B,8,0.06271971450366512,0.00783996431295814,16,3,2,True
E01001788,Hackney 013C,8,0.11145273919463736,0.01393159239932967,15,3,2,True
E01001789,Hackney 015C,20,0.014958719134645061,0.000747935956732253,25,3,3,True
E01001790,Hackney 013D,2,0.011129243826003086,0.005564621913001543,2,1,1,True
E01001791,Hackney 015D,13,0.08049922839158952,0.006192248337814578,16,2,2,True
E01001792,Hackney 011A,13,0.03486226851774692,0.002681712962903609,14,1,1,True
E01001793,Hackney 011B,10,0.05364210390766461,0.00536421039076646,17,6,4,True
E01001794,Hackney 011C,17,0.22198206017920524,0.013057768245835603,22,7,6,True
E01001795,Hackney 011D,14,0.0701099537013889,0.005007853835813493,22,6,6,True
E01001796,Hackney 011E,15,0.028512088475308645,0.0019008058983539097,20,7,5,True
E01001798,Hackney 028A,6,0.04566242283912037,0.007610403806520062,7,2,2,True
E01001799,Hackney 003A,3,0.0,0.0,5,0,0,True
E01001800,Hackney 004C,0,0.0,,0,0,0,False
E01001801,Hackney 008B,3,0.007335262345679012,0.0024450874485596706,5,1,1,True
E01001802,Hackney 003B,11,0.025353523662165634,0.002304865787469603,22,2,1,True
E01001803,Hackney 008C,9,0.2754139660453318,0.030601551782814644,16,5,4,True
E01001804,Hackney 003C,10,0.005812564299897119,0.000581256429989712,20,5,2,True
E01001805,Hackney 009B,6,0.0,0.0,9,0,0,True
E01001806,Hackney 008D,10,0.027362847221064815,0.0027362847221064817,12,3,2,True
E01001807,Hackney 003D,13,0.003984953703510803,0.00030653490027006175,15,2,1,True
E01001808,Hackney 001A,4,0.1503464506068673,0.037586612651716825,10,2,1,True
E01001809,Hackney 001B,2,0.0,0.0,4,0,0,True
E01001811,Hackney 002D,1,0.0,0.0,1,0,0,True
E01001812,Hackney 003E,15,0.0,0.0,27,0,0,True
E01001813,Hackney 002E,2,0.0,0.0,2,0,0,True
E01001814,Hackney 001C,4,0.0,0.0,10,0,0,True
E01001815,Hackney 024D,7,0.01806674382677469,0.0025809634038249556,11,2,2,True
E01001816,Hackney 020D,17,0.06937499999845678,0.004080882352850399,26,5,5,True
E01001819,Hackney 020E,10,0.04060995370196759,0.004060995370196759,13,7,5,True
E01001820,Hackney 024E,9,0.06833912036959876,0.0075932355966220845,14,1,1,True
E01001821,Hackney 024F,6,0.026435570986689815,0.004405928497781636,14,2,2,True
E01001822,Hackney 029C,1,0.0,0.0,4,0,0,True
E01001823,Hackney 001D,6,0.0,0.0,13,0,0,True
E01001824,Hackney 004D,4,0.01118730709857253,0.0027968267746431327,6,2,1,True
E01001825,Hackney 001E,4,0.0,0.0,4,0,0,True
E01001826,Hackney 004E,5,0.029718942900462963,0.005943788580092592,8,2,1,True
E01001827,Hackney 029D,5,0.0,0.0,8,0,0,True
E01001828,Hackney 028B,6,0.4570374228333334,0.07617290380555557,7,3,3,True
E01001829,Hackney 009C,16,0.08601408178819445,0.005375880111762153,21,8,8,True
E01001830,Hackney 014C,2,0.0,0.0,3,0,0,True
E01001831,Hackney 009D,7,0.0,0.0,14,0,0,True
E01001832,Hackney 009E,10,0.13926511058770577,0.013926511058770578,16,4,3,True
E01001833,Hackney 014D,11,0.0,0.0,13,0,0,True
E01001834,Hackney 014E,9,0.037835262343749995,0.004203918038194444,11,4,4,True
E01001835,Hackney 014F,12,0.0037353395061728396,0.00031127829218107,19,2,2,True
E01001836,Hackney 022A,6,0.07688271604610339,0.012813786007683898,10,3,2,True
E01001837,Hackney 023B,10,0.04103587962782922,0.0041035879627829225,16,6,2,True
E01001838,Hackney 019E,4,0.0,0.0,8,0,0,True
E01001839,Hackney 023C,3,0.0,0.0,7,0,0,True
E01001840,Hackney 022B,7,0.035053626542824075,0.005007660934689154,9,1,1,True
E01001841,Hackney 022C,9,0.046720679008101854,0.005191186556455761,12,4,4,True
E01001842,Hackney 023D,7,0.13148456789660493,0.018783509699514988,8,4,4,True
E01001843,Hackney 023E,9,9.29783950617284e-05,1.033093278463649e-05,11,1,1,True
E01001844,Hackney 022D,20,0.2778281249857253,0.013891406249286264,25,9,8,True
E01001845,Hackney 022E,8,0.17435763888580247,0.02179470486072531,10,2,2,True
E01001846,Hackney 018A,2,0.06862191357638889,0.034310956788194444,2,2,2,True
E01001847,Hackney 018B,12,0.2075019290092593,0.017291827417438274,14,3,2,True
E01001848,Hackney 018C,10,0.10549189814544753,0.010549189814544753,11,2,2,True
E01001849,Hackney 018D,11,0.19576697530246914,0.017796997754769922,19,4,3,True
E01001850,Hackney 019F,3,0.0,0.0,4,0,0,True
E01001851,Hammersmith and Fulham 010A,25,0.1471543209826389,0.005886172839305556,27,12,11,True
E01001852,Hammersmith and Fulham 007A,26,0.1281759259230324,0.004929843304732015,28,11,10,True
E01001853,Hammersmith and Fulham 007B,27,0.6277835648024691,0.023251243140832187,27,14,14,True
E01001854,Hammersmith and Fulham 007C,19,0.08923533950540123,0.004696596816073749,19,6,6,True
E01001855,Hammersmith and Fulham 010B,24,0.04071952160416666,0.0016966467335069442,25,9,9,True
E01001856,Hammersmith and Fulham 010C,23,0.1395486111099537,0.006067330917824074,24,8,8,True
E01001857,Hammersmith and Fulham 007D,6,0.029739004627507715,0.004956500771251286,8,5,4,True
E01001858,Hammersmith and Fulham 006A,16,0.13156211419444444,0.008222632137152778,18,10,8,True
E01001859,Hammersmith and Fulham 008A,25,0.48062924381886574,0.01922516975275463,28,20,18,True
E01001860,Hammersmith and Fulham 006B,17,0.02987654320891204,0.0017574437181712963,19,5,4,True
E01001861,Hammersmith and Fulham 006C,22,0.6379753086311729,0.028998877665053314,22,11,11,True
E01001862,Hammersmith and Fulham 005A,23,0.09049807098726852,0.003934698738576892,23,5,5,True
E01001863,Hammersmith and Fulham 006D,18,0.3541145833287037,0.019673032407150206,18,15,15,True
E01001864,Hammersmith and Fulham 006E,26,0.16237114197299385,0.006245043922038225,28,10,9,True
E01001865,Hammersmith and Fulham 008B,53,0.3156554783873457,0.005955763743157466,54,27,27,True
E01001866,Hammersmith and Fulham 012A,10,0.059892168208526234,0.005989216820852623,11,5,4,True
E01001867,Hammersmith and Fulham 012B,5,0.24284278546643517,0.048568557093287036,7,5,4,True
E01001868,Hammersmith and Fulham 012C,8,0.1266296296280864,0.0158287037035108,9,7,6,True
E01001869,Hammersmith and Fulham 010D,27,0.06705709876311729,0.0024835962504858255,34,12,8,True
E01001870,Hammersmith and Fulham 012D,23,0.2568070987588735,0.0111655260329945,23,8,8,True
E01001871,Hammersmith and Fulham 012E,11,0.1668981481431327,0.015172558922102973,11,7,7,True
E01001872,Hammersmith and Fulham 012F,22,0.23910204474324845,0.010868274761056748,26,15,12,True
E01001873,Hammersmith and Fulham 010E,13,0.17643190586053242,0.013571685066194801,14,7,7,True
E01001875,Hammersmith and Fulham 001B,34,0.17820820472498713,0.0052414177860290335,46,11,10,True
E01001876,Hammersmith and Fulham 001C,18,0.059974922836805555,0.0033319401576003085,20,3,2,True
E01001877,Hammersmith and Fulham 001D,29,0.2061799768465792,0.007109654374019973,54,14,9,True
E01001878,Hammersmith and Fulham 001E,38,0.3621035879535108,0.009529041788250283,40,14,14,True
E01001879,Hammersmith and Fulham 019A,23,0.24677533435210905,0.010729362363135176,25,16,14,True
E01001880,Hammersmith and Fulham 017A,4,0.04440470678800154,0.011101176697000385,5,3,2,True
E01001881,Hammersmith and Fulham 017B,30,0.17905169752700617,0.0059683899175668725,31,12,12,True
E01001882,Hammersmith and Fulham 017C,19,0.20567862654089508,0.010825190870573426,20,11,11,True
E01001883,Hammersmith and Fulham 017D,24,0.520258680544946,0.02167744502270608,26,14,14,True
E01001884,Hammersmith and Fulham 017E,23,0.18724266974575615,0.008140985641119832,26,9,8,True
E01001885,Hammersmith and Fulham 015A,1,0.007636959876543209,0.007636959876543209,1,1,1,True
E01001886,Hammersmith and Fulham 016A,16,0.14978973765084877,0.009361858603178048,16,8,8,True
E01001887,Hammersmith and Fulham 016B,16,0.11929899691184413,0.007456187306990258,17,8,8,True
E01001888,Hammersmith and Fulham 018A,33,0.13638258744611625,0.004132805680185341,37,13,11,True
E01001889,Hammersmith and Fulham 014A,29,0.24649826388329474,0.008499940133906715,33,18,17,True
E01001890,Hammersmith and Fulham 016C,26,0.23877237654050926,0.00918355294386574,30,15,15,True
E01001891,Hammersmith and Fulham 018B,35,0.20373533950212194,0.005821009700060627,38,11,9,True
E01001892,Hammersmith and Fulham 016D,15,0.10675964505864197,0.007117309670576131,15,9,9,True
E01001893,Hammersmith and Fulham 013A,9,0.2392412229513889,0.026582358105709875,16,12,5,True
E01001894,Hammersmith and Fulham 013B,17,0.4858722993777006,0.028580723492805916,19,10,10,True
E01001895,Hammersmith and Fulham 009A,45,0.32992631172145065,0.007331695816032237,47,11,11,True
E01001896,Hammersmith and Fulham 009B,26,0.21562075616782408,0.008293106006454772,35,10,10,True
E01001897,Hammersmith and Fulham 009C,50,0.28322299382137345,0.005664459876427469,53,17,17,True
E01001898,Hammersmith and Fulham 013C,36,0.16115027005767746,0.00447639639049104,45,18,14,True
E01001899,Hammersmith and Fulham 013D,11,0.2728032407353395,0.024800294612303594,11,6,6,True
E01001900,Hammersmith and Fulham 013E,14,0.2026716820952932,0.014476548721092372,14,12,12,True
E01001901,Hammersmith and Fulham 019B,20,0.14694521604552468,0.007347260802276235,20,9,9,True
E01001902,Hammersmith and Fulham 019C,33,0.22142824073688272,0.006709946688996446,34,13,12,True
E01001903,Hammersmith and Fulham 019D,11,0.08583179011940587,0.007802890010855079,13,5,4,True
E01001904,Hammersmith and Fulham 022A,25,0.33866396604282406,0.013546558641712962,25,12,12,True
E01001905,Hammersmith and Fulham 022B,34,0.29826453188361624,0.008772486231871065,37,15,14,True
E01001906,Hammersmith and Fulham 022C,19,0.07019945987577161,0.0036947084145142954,21,6,6,True
E01001907,Hammersmith and Fulham 022D,23,0.22900462962461418,0.009956723027157138,24,12,11,True
E01001908,Hammersmith and Fulham 015B,29,0.07626697530787037,0.0026298957002713922,29,7,7,True
E01001909,Hammersmith and Fulham 015C,30,0.20188792437770062,0.006729597479256688,31,18,18,True
E01001910,Hammersmith and Fulham 014B,14,0.061366126542052465,0.004383294753003747,14,8,8,True
E01001911,Hammersmith and Fulham 015D,12,0.07685262345408951,0.006404385287840792,13,6,6,True
E01001912,Hammersmith and Fulham 015E,1,0.027354938269675926,0.027354938269675926,2,2,1,True
E01001913,Hammersmith and Fulham 014C,28,0.34829803235204476,0.012439215441144456,32,12,10,True
E01001914,Hammersmith and Fulham 014D,19,0.06532523147993827,0.003438170077891488,19,7,7,True
E01001915,Hammersmith and Fulham 024A,36,0.3325862268412423,0.00923850630114562,39,19,17,True
E01001916,Hammersmith and Fulham 024B,22,0.08154012345543982,0.0037063692479745373,44,10,10,True
E01001917,Hammersmith and Fulham 018C,17,0.08139313271450618,0.004787831336147423,17,9,9,True
E01001918,Hammersmith and Fulham 018D,21,0.34700308641242283,0.016523956495829658,21,12,12,True
E01001919,Hammersmith and Fulham 018E,29,0.4816856995740741,0.01660985170945083,31,24,23,True
E01001920,Hammersmith and Fulham 020A,11,0.0710077160474537,0.0064552469134048825,13,5,4,True
E01001921,Hammersmith and Fulham 020B,22,0.11062551440149176,0.00502843247279508,24,10,8,True
E01001922,Hammersmith and Fulham 020C,39,0.3789454732413837,0.009716550595932917,42,26,25,True
E01001923,Hammersmith and Fulham 020D,26,0.11768036265239198,0.004526167794322768,30,9,9,True
E01001924,Hammersmith and Fulham 020E,17,0.16369868826736111,0.009629334603962418,17,12,12,True
E01001925,Hammersmith and Fulham 025A,23,0.18205439814313273,0.007915408614918814,26,14,13,True
E01001926,Hammersmith and Fulham 024C,17,0.13246952159992284,0.007792324799995461,18,11,11,True
E01001927,Hammersmith and Fulham 008C,42,0.27887564299485595,0.006639896261782284,44,20,18,True
E01001928,Hammersmith and Fulham 011A,31,0.2083128857970679,0.006719770509582835,40,15,15,True
E01001929,Hammersmith and Fulham 009D,34,0.2581844135756173,0.007593659222812273,34,14,14,True
E01001930,Hammersmith and Fulham 008D,25,0.08137847221875,0.00325513888875,25,11,11,True
E01001931,Hammersmith and Fulham 011B,8,0.11920524691242285,0.014900655864052856,8,5,5,True
E01001932,Hammersmith and Fulham 011C,18,0.2632245370320216,0.014623585390667866,19,12,11,True
E01001933,Hammersmith and Fulham 011D,36,0.38927932098032403,0.010813314471675668,36,16,16,True
E01001934,Hammersmith and Fulham 025B,9,0.17729282406847993,0.019699202674275548,11,10,8,True
E01001935,Hammersmith and Fulham 023A,36,0.15719483024459877,0.004366523062349966,37,15,15,True
E01001937,Hammersmith and Fulham 025C,27,0.13192772633384772,0.004886212086438805,38,13,13,True
E01001938,Hammersmith and Fulham 025D,16,0.17336998456558642,0.010835624035349151,18,7,7,True
E01001940,Hammersmith and Fulham 005B,19,0.16230439814544753,0.00854233674449724,19,9,9,True
E01001941,Hammersmith and Fulham 005C,19,0.3239745370300926,0.017051291422636453,20,12,12,True
E01001942,Hammersmith and Fulham 005D,37,0.5141010802391975,0.013894623790248582,39,22,22,True
E01001943,Hammersmith and Fulham 004A,24,0.5780792823899499,0.02408663676624791,30,19,15,True
E01001944,Hammersmith and Fulham 004B,1,0.04466666666666667,0.04466666666666667,1,1,1,True
E01001945,Hammersmith and Fulham 004C,28,0.42527044750906634,0.015188230268180941,31,12,12,True
E01001946,Hammersmith and Fulham 004D,30,0.23901408178607253,0.007967136059535751,35,10,10,True
E01001947,Hammersmith and Fulham 021A,9,0.19866774690979938,0.02207419410108882,13,9,5,True
E01001948,Hammersmith and Fulham 021B,21,0.13613657407021604,0.006482694003343621,21,11,11,True
E01001949,Hammersmith and Fulham 021C,23,0.27061072530285496,0.011765683708819781,23,15,15,True
E01001950,Hammersmith and Fulham 021D,22,0.16553279320601852,0.0075242178730008415,24,14,14,True
E01001951,Hammersmith and Fulham 021E,23,0.12386390817578125,0.005385387311990489,33,13,10,True
E01001952,Hammersmith and Fulham 024D,11,0.026070601851080247,0.002370054713734568,12,3,3,True
E01001953,Hammersmith and Fulham 021F,8,0.17869868826388888,0.02233733603298611,8,4,4,True
E01001954,Hammersmith and Fulham 003A,15,0.0991000192877122,0.006606667952514147,19,9,6,True
E01001955,Hammersmith and Fulham 002A,31,0.7131170910334683,0.023003777130111883,37,20,17,True
E01001956,Hammersmith and Fulham 003B,34,0.1336446759228395,0.0039307257624364555,37,11,10,True
E01001957,Hammersmith and Fulham 002B,13,0.43232368825655865,0.03325566832742759,13,13,13,True
E01001958,Hammersmith and Fulham 002C,8,0.257443865732446,0.03218048321655575,10,10,8,True
E01001959,Hammersmith and Fulham 003C,15,0.12500848765239198,0.008333899176826132,16,6,6,True
E01001960,Hammersmith and Fulham 003D,29,0.2966956018441358,0.010230882822211579,30,13,13,True
E01001961,Hammersmith and Fulham 002D,17,0.7363952546122685,0.04331736791836874,19,16,15,True
E01001962,Haringey 004A,1,0.016776620369598767,0.016776620369598767,1,1,1,True
E01001963,Haringey 009A,1,0.01138773148128858,0.01138773148128858,2,2,1,True
E01001964,Haringey 009B,0,0.0,,0,0,0,False
E01001965,Haringey 009C,1,0.05011670524479167,0.05011670524479167,2,2,1,True
E01001966,Haringey 009D,4,0.13380131172202933,0.03345032793050733,6,6,4,True
E01001967,Haringey 014A,3,0.07519704860850694,0.025065682869502313,6,5,2,True
E01001968,Haringey 014B,0,0.0,,0,0,0,False
E01001969,Haringey 001A,2,0.23441087962422838,0.11720543981211419,2,2,2,True
E01001970,Haringey 004B,0,0.0,,0,0,0,False
E01001971,Haringey 001B,0,0.0,,0,0,0,False
E01001972,Haringey 004C,3,0.05847042180799897,0.019490140602666323,7,7,3,True
E01001973,Haringey 004D,1,0.004809220678626543,0.004809220678626543,2,1,1,True
E01001974,Haringey 001C,1,0.014228202159915125,0.014228202159915125,2,2,1,True
E01001975,Haringey 001D,1,0.00205420524691358,0.00205420524691358,2,1,1,True
E01001976,Haringey 011A,0,0.0,,0,0,0,False
E01001977,Haringey 011B,1,0.014854745370177468,0.014854745370177468,2,2,1,True
E01001978,Haringey 011C,0,0.0,,0,0,0,False
E01001979,Haringey 011D,0,0.0,,0,0,0,False
E01001980,Haringey 018A,1,0.01622029320958719,0.01622029320958719,4,4,1,True
E01001981,Haringey 018B,0,0.0,,0,0,0,False
E01001982,Haringey 018C,0,0.0,,0,0,0,False
E01001983,Haringey 018D,1,0.0442085262339892,0.0442085262339892,2,2,1,True
E01001984,Haringey 033A,0,0.0,,0,0,0,False
E01001985,Haringey 033B,1,0.028077642746045524,0.028077642746045524,4,4,1,True
E01001986,Haringey 034A,1,0.0,0.0,2,0,0,True
E01001987,Haringey 033C,1,0.012637474279192387,0.012637474279192387,3,3,1,True
E01001988,Haringey 034B,3,0.10345698302121914,0.034485661007073044,4,4,3,True
E01001989,Haringey 033D,2,0.043360339504050924,0.021680169752025462,4,4,2,True
E01001990,Haringey 034C,2,0.05530642360792824,0.02765321180396412,8,8,2,True
E01001991,Haringey 017A,0,0.0,,0,0,0,False
E01001992,Haringey 017B,0,0.0,,0,0,0,False
E01001993,Haringey 017C,1,0.04442013888695988,0.04442013888695988,2,2,1,True
E01001994,Haringey 030A,1,0.007006751543016975,0.007006751543016975,4,4,1,True
E01001995,Haringey 017D,0,0.0,,0,0,0,False
E01001996,Haringey 014C,1,0.0,0.0,2,0,0,True
E01001997,Haringey 014D,2,0.08356192129166667,0.04178096064583334,4,4,2,True
E01001998,Haringey 023A,2,0.05552835647974537,0.027764178239872685,6,6,2,True
E01001999,Haringey 023B,1,0.01675520833285108,0.01675520833285108,4,4,1,True
E01002000,Haringey 031A,2,0.04926543209664352,0.02463271604832176,4,4,2,True
E01002001,Haringey 031B,0,0.0,,0,0,0,False
E01002002,Haringey 031C,2,0.016400077159915122,0.008200038579957561,4,3,2,True
E01002003,Haringey 023C,1,0.03869315843531379,0.03869315843531379,3,3,1,True
E01002004,Haringey 023D,0,0.0,,0,0,0,False
E01002005,Haringey 035A,2,0.1487440200493827,0.07437201002469135,7,2,1,True
E01002006,Haringey 035B,1,0.012542245369791667,0.012542245369791667,2,2,1,True
E01002007,Haringey 035C,3,0.05961612654118441,0.019872042180394803,6,6,3,True
E01002008,Haringey 030B,2,0.045727623455825615,0.022863811727912808,4,4,2,True
E01002009,Haringey 035D,1,0.02193817515345293,0.02193817515345293,4,4,1,True
E01002010,Haringey 030C,1,0.0038605324072145063,0.0038605324072145063,2,1,1,True
E01002011,Haringey 030D,3,0.16498611109915123,0.054995370366383745,5,5,3,True
E01002013,Haringey 022A,1,0.039633101849922844,0.039633101849922844,2,2,1,True
E01002014,Haringey 020B,2,0.03392637602758487,0.016963188013792437,5,5,2,True
E01002015,Haringey 020C,0,0.0,,0,0,0,False
E01002016,Haringey 028A,0,0.0,,0,0,0,False
E01002017,Haringey 028B,0,0.0,,0,0,0,False
E01002018,Haringey 020D,1,0.01656134259201389,0.01656134259201389,2,2,1,True
E01002019,Haringey 022B,0,0.0,,0,0,0,False
E01002020,Haringey 021A,0,0.0,,0,0,0,False
E01002021,Haringey 022C,1,0.01280799897029321,0.01280799897029321,3,2,1,True
E01002022,Haringey 021B,4,0.19373945471823562,0.048434863679558904,7,5,3,True
E01002023,Haringey 021C,0,0.0,,0,0,0,False
E01002024,Haringey 022D,0,0.0,,0,0,0,False
E01002025,Haringey 021D,2,0.05446199845428241,0.027230999227141204,4,4,2,True
E01002026,Haringey 016A,1,0.0,0.0,3,0,0,True
E01002027,Haringey 010A,1,0.011231481481481481,0.011231481481481481,1,1,1,True
E01002028,Haringey 010B,1,0.037467592591242285,0.037467592591242285,2,2,1,True
E01002029,Haringey 016B,1,0.0,0.0,2,0,0,True
E01002030,Haringey 016C,4,0.0,0.0,72,0,0,True
E01002031,Haringey 016D,2,0.08157355966718108,0.04078677983359054,5,5,2,True
E01002032,Haringey 010C,0,0.0,,0,0,0,False
E01002033,Haringey 010D,3,0.1548350694392361,0.051611689813078704,6,6,3,True
E01002034,Haringey 037A,1,0.024146026233796296,0.024146026233796296,2,2,1,True
E01002036,Haringey 002A,1,0.01767997685146605,0.01767997685146605,2,2,1,True
E01002037,Haringey 002B,0,0.0,,0,0,0,False
E01002038,Haringey 037B,0,0.0,,0,0,0,False
E01002039,Haringey 002C,0,0.0,,0,0,0,False
E01002040,Haringey 002D,0,0.0,,0,0,0,False
E01002041,Haringey 037C,0,0.0,,0,0,0,False
E01002042,Haringey 027A,1,0.02997010030825617,0.02997010030825617,2,2,1,True
E01002043,Haringey 026A,0,0.0,,0,0,0,False
E01002044,Haringey 027B,0,0.0,,0,0,0,False
E01002045,Haringey 026B,0,0.0,,0,0,0,False
E01002046,Haringey 026C,0,0.0,,0,0,0,False
E01002047,Haringey 027C,1,0.023971064813850307,0.023971064813850307,2,1,1,True
E01002048,Haringey 027D,0,0.0,,0,0,0,False
E01002049,Haringey 026D,0,0.0,,0,0,0,False
E01002050,Haringey 029A,3,0.013519290123263888,0.0045064300410879625,6,5,3,True
E01002051,Haringey 029B,0,0.0,,0,0,0,False
E01002052,Haringey 029C,3,0.0469699074064429,0.01565663580214763,4,3,3,True
E01002053,Haringey 032A,1,0.030149305554398147,0.030149305554398147,4,3,1,True
E01002054,Haringey 032B,0,0.0,,0,0,0,False
E01002055,Haringey 029D,1,0.0,0.0,2,0,0,True
E01002056,Haringey 032C,0,0.0,,0,0,0,False
E01002057,Haringey 032D,2,0.1731493055451389,0.08657465277256945,2,1,1,True
E01002058,Haringey 031D,0,0.0,,0,0,0,False
E01002059,Haringey 028C,0,0.0,,0,0,0,False
E01002060,Haringey 028D,1,0.04586902005999228,0.04586902005999228,2,2,1,True
E01002061,Haringey 036A,4,0.26264303625434027,0.06566075906358507,7,7,4,True
E01002062,Haringey 034D,1,0.041990354937885804,0.041990354937885804,1,1,1,True
E01002063,Haringey 036B,1,0.007018711419463735,0.007018711419463735,4,3,1,True
E01002064,Haringey 036C,1,0.020874421295138886,0.020874421295138886,2,2,1,True
E01002065,Haringey 036D,1,0.021878954474151235,0.021878954474151235,4,4,1,True
E01002066,Haringey 025A,1,0.003867862653935185,0.003867862653935185,2,2,1,True
E01002067,Haringey 024A,1,0.03298128857889661,0.03298128857889661,2,2,1,True
E01002068,Haringey 025B,2,0.02365277777662037,0.011826388888310184,4,2,1,True
E01002069,Haringey 024B,1,0.020593942900655866,0.020593942900655866,2,2,1,True
E01002070,Haringey 024C,4,0.12812744340850052,0.03203186085212513,7,7,4,True
E01002071,Haringey 025C,2,0.019482896089441874,0.009741448044720937,5,3,2,True
E01002072,Haringey 025D,1,0.00804861111111111,0.00804861111111111,2,2,1,True
E01002073,Haringey 024D,0,0.0,,0,0,0,False
E01002074,Haringey 012A,1,0.03459323559593622,0.03459323559593622,3,3,1,True
E01002075,Haringey 015A,1,0.017084394289737653,0.017084394289737653,4,4,1,True
E01002076,Haringey 015B,1,0.06298784722029321,0.06298784722029321,2,2,1,True
E01002077,Haringey 012B,0,0.0,,0,0,0,False
E01002078,Haringey 015C,1,0.025587384258391205,0.025587384258391205,4,4,1,True
E01002079,Haringey 012C,0,0.0,,0,0,0,False
E01002081,Haringey 012D,1,0.020607253085262345,0.020607253085262345,2,2,1,True
E01002082,Haringey 013A,0,0.0,,0,0,0,False
E01002083,Haringey 019A,0,0.0,,0,0,0,False
E01002084,Haringey 019B,1,0.130269965275897,0.130269965275897,8,3,1,True
E01002085,Haringey 019C,1,0.03021084104841821,0.03021084104841821,2,2,1,True
E01002086,Haringey 013B,0,0.0,,0,0,0,False
E01002087,Haringey 019D,0,0.0,,0,0,0,False
E01002088,Haringey 013C,0,0.0,,0,0,0,False
E01002089,Haringey 013D,0,0.0,,0,0,0,False
E01002090,Haringey 005A,1,0.0,0.0,2,0,0,True
E01002091,Haringey 006A,0,0.0,,0,0,0,False
E01002092,Haringey 006B,0,0.0,,0,0,0,False
E01002093,Haringey 005B,4,0.24401581787866514,0.061003954469666284,10,2,1,True
E01002094,Haringey 006C,0,0.0,,0,0,0,False
E01002095,Haringey 006D,1,0.0,0.0,1,0,0,True
E01002096,Haringey 005C,1,0.0,0.0,2,0,0,True
E01002097,Haringey 005D,1,0.014899305555555556,0.014899305555555556,2,2,1,True
E01002098,Haringey 007A,1,0.010965277777777777,0.010965277777777777,2,2,1,True
E01002099,Haringey 008A,1,0.010426697530381945,0.010426697530381945,4,3,1,True
E01002100,Haringey 008B,1,0.02431391460789609,0.02431391460789609,3,3,1,True
E01002101,Haringey 007B,3,0.1500027006120756,0.0500009002040252,4,4,3,True
E01002102,Haringey 007C,4,0.0043676697527006165,0.0010919174381751541,16,6,2,True
E01002103,Haringey 008C,0,0.0,,0,0,0,False
E01002104,Haringey 008D,1,0.02727237654282407,0.02727237654282407,2,2,1,True
E01002105,Haringey 007D,3,0.06023206018229167,0.020077353394097223,6,4,2,True
E01002106,Harrow 008A,0,0.0,,0,0,0,False
E01002107,Harrow 012A,0,0.0,,0,0,0,False
E01002108,Harrow 008B,0,0.0,,0,0,0,False
E01002109,Harrow 008C,0,0.0,,0,0,0,False
E01002110,Harrow 008D,0,0.0,,0,0,0,False
E01002111,Harrow 008E,0,0.0,,0,0,0,False
E01002112,Harrow 001A,0,0.0,,0,0,0,False
E01002113,Harrow 002A,0,0.0,,0,0,0,False
E01002114,Harrow 001B,0,0.0,,0,0,0,False
E01002115,Harrow 002B,0,0.0,,0,0,0,False
E01002116,Harrow 002C,0,0.0,,0,0,0,False
E01002118,Harrow 002E,0,0.0,,0,0,0,False
E01002119,Harrow 007A,0,0.0,,0,0,0,False
E01002120,Harrow 007B,0,0.0,,0,0,0,False
E01002121,Harrow 007C,0,0.0,,0,0,0,False
E01002122,Harrow 007D,0,0.0,,0,0,0,False
E01002123,Harrow 007E,0,0.0,,0,0,0,False
E01002124,Harrow 010A,0,0.0,,0,0,0,False
E01002125,Harrow 010B,0,0.0,,0,0,0,False
E01002127,Harrow 023B,0,0.0,,0,0,0,False
E01002128,Harrow 020A,0,0.0,,0,0,0,False
E01002129,Harrow 023C,3,0.0,0.0,6,0,0,True
E01002130,Harrow 020B,2,0.05769309413329475,0.028846547066647375,6,2,1,True
E01002131,Harrow 023D,0,0.0,,0,0,0,False
E01002132,Harrow 029A,0,0.0,,0,0,0,False
E01002133,Harrow 027A,1,0.008233217592335392,0.008233217592335392,6,2,1,True
E01002134,Harrow 029B,0,0.0,,0,0,0,False
E01002135,Harrow 029C,0,0.0,,0,0,0,False
E01002136,Harrow 027B,0,0.0,,0,0,0,False
E01002137,Harrow 029D,0,0.0,,0,0,0,False
E01002138,Harrow 027C,0,0.0,,0,0,0,False
E01002139,Harrow 006A,0,0.0,,0,0,0,False
E01002140,Harrow 005A,0,0.0,,0,0,0,False
E01002141,Harrow 005B,0,0.0,,0,0,0,False
E01002142,Harrow 005C,0,0.0,,0,0,0,False
E01002143,Harrow 005D,0,0.0,,0,0,0,False
E01002144,Harrow 004A,0,0.0,,0,0,0,False
E01002145,Harrow 005E,0,0.0,,0,0,0,False
E01002146,Harrow 004B,0,0.0,,0,0,0,False
E01002147,Harrow 004C,0,0.0,,0,0,0,False
E01002148,Harrow 006B,0,0.0,,0,0,0,False
E01002149,Harrow 004D,0,0.0,,0,0,0,False
E01002150,Harrow 006C,2,0.01611381172800926,0.00805690586400463,4,2,1,True
E01002151,Harrow 006D,0,0.0,,0,0,0,False
E01002152,Harrow 006E,0,0.0,,0,0,0,False
E01002153,Harrow 019A,0,0.0,,0,0,0,False
E01002155,Harrow 019B,0,0.0,,0,0,0,False
E01002156,Harrow 015B,0,0.0,,0,0,0,False
E01002157,Harrow 019C,0,0.0,,0,0,0,False
E01002158,Harrow 019D,0,0.0,,0,0,0,False
E01002159,Harrow 021A,3,0.31226774690239195,0.10408924896746398,3,3,3,True
E01002160,Harrow 021B,9,0.20904822530208333,0.02322758058912037,9,9,9,True
E01002161,Harrow 021C,0,0.0,,0,0,0,False
E01002162,Harrow 015C,0,0.0,,0,0,0,False
E01002163,Harrow 015D,0,0.0,,0,0,0,False
E01002164,Harrow 021D,0,0.0,,0,0,0,False
E01002165,Harrow 017A,0,0.0,,0,0,0,False
E01002166,Harrow 017B,0,0.0,,0,0,0,False
E01002167,Harrow 017C,0,0.0,,0,0,0,False
E01002168,Harrow 017D,0,0.0,,0,0,0,False
E01002169,Harrow 017E,0,0.0,,0,0,0,False
E01002170,Harrow 033A,0,0.0,,0,0,0,False
E01002171,Harrow 033B,0,0.0,,0,0,0,False
E01002172,Harrow 033C,0,0.0,,0,0,0,False
E01002173,Harrow 033D,0,0.0,,0,0,0,False
E01002174,Harrow 033E,0,0.0,,0,0,0,False
E01002175,Harrow 033F,0,0.0,,0,0,0,False
E01002176,Harrow 033G,0,0.0,,0,0,0,False
E01002177,Harrow 033H,0,0.0,,0,0,0,False
E01002178,Harrow 033I,0,0.0,,0,0,0,False
E01002179,Harrow 013A,0,0.0,,0,0,0,False
E01002181,Harrow 020C,0,0.0,,0,0,0,False
E01002182,Harrow 020D,0,0.0,,0,0,0,False
E01002183,Harrow 013C,2,0.04681867283487654,0.02340933641743827,2,2,2,True
E01002184,Harrow 013D,1,0.04286265431635802,0.04286265431635802,1,1,1,True
E01002185,Harrow 009A,0,0.0,,0,0,0,False
E01002186,Harrow 009B,0,0.0,,0,0,0,False
E01002187,Harrow 009C,0,0.0,,0,0,0,False
E01002188,Harrow 016A,0,0.0,,0,0,0,False
E01002189,Harrow 016B,0,0.0,,0,0,0,False
E01002190,Harrow 009D,0,0.0,,0,0,0,False
E01002191,Harrow 022A,0,0.0,,0,0,0,False
E01002192,Harrow 016C,0,0.0,,0,0,0,False
E01002193,Harrow 016D,0,0.0,,0,0,0,False
E01002194,Harrow 022B,0,0.0,,0,0,0,False
E01002195,Harrow 022C,0,0.0,,0,0,0,False
E01002196,Harrow 022D,0,0.0,,0,0,0,False
E01002197,Harrow 012B,0,0.0,,0,0,0,False
E01002198,Harrow 010C,0,0.0,,0,0,0,False
E01002199,Harrow 012C,0,0.0,,0,0,0,False
E01002200,Harrow 010D,0,0.0,,0,0,0,False
E01002201,Harrow 012D,0,0.0,,0,0,0,False
E01002202,Harrow 012E,0,0.0,,0,0,0,False
E01002203,Harrow 010E,0,0.0,,0,0,0,False
E01002204,Harrow 032A,0,0.0,,0,0,0,False
E01002206,Harrow 032B,2,0.13136805555092593,0.06568402777546296,2,1,1,True
E01002207,Harrow 032C,0,0.0,,0,0,0,False
E01002208,Harrow 025A,0,0.0,,0,0,0,False
E01002209,Harrow 025B,0,0.0,,0,0,0,False
E01002210,Harrow 032D,0,0.0,,0,0,0,False
E01002211,Harrow 028A,0,0.0,,0,0,0,False
E01002212,Harrow 028B,0,0.0,,0,0,0,False
E01002214,Harrow 031A,0,0.0,,0,0,0,False
E01002215,Harrow 031B,0,0.0,,0,0,0,False
E01002216,Harrow 028C,0,0.0,,0,0,0,False
E01002217,Harrow 028D,1,0.054010416665123455,0.054010416665123455,1,1,1,True
E01002218,Harrow 030A,0,0.0,,0,0,0,False
E01002219,Harrow 030B,0,0.0,,0,0,0,False
E01002220,Harrow 031C,0,0.0,,0,0,0,False
E01002221,Harrow 030C,0,0.0,,0,0,0,False
E01002222,Harrow 030D,1,0.0,0.0,1,0,0,True
E01002223,Harrow 031D,0,0.0,,0,0,0,False
E01002224,Harrow 031E,0,0.0,,0,0,0,False
E01002225,Harrow 001C,0,0.0,,0,0,0,False
E01002226,Harrow 001D,0,0.0,,0,0,0,False
E01002227,Harrow 003A,0,0.0,,0,0,0,False
E01002228,Harrow 003B,0,0.0,,0,0,0,False
E01002229,Harrow 003C,0,0.0,,0,0,0,False
E01002230,Harrow 003D,0,0.0,,0,0,0,False
E01002231,Harrow 013E,0,0.0,,0,0,0,False
E01002232,Harrow 011A,0,0.0,,0,0,0,False
E01002233,Harrow 011B,0,0.0,,0,0,0,False
E01002234,Harrow 011C,0,0.0,,0,0,0,False
E01002235,Harrow 011D,0,0.0,,0,0,0,False
E01002236,Harrow 011E,0,0.0,,0,0,0,False
E01002237,Harrow 024A,0,0.0,,0,0,0,False
E01002238,Harrow 024B,2,0.027724537035108025,0.013862268517554012,2,1,1,True
E01002239,Harrow 025C,0,0.0,,0,0,0,False
E01002240,Harrow 024C,4,0.1730509259228395,0.04326273148070987,4,4,4,True
E01002241,Harrow 025D,0,0.0,,0,0,0,False
E01002242,Harrow 024D,0,0.0,,0,0,0,False
E01002243,Havering 013A,1,0.0,0.0,2,0,0,True
E01002244,Havering 011A,0,0.0,,0,0,0,False
E01002245,Havering 011B,0,0.0,,0,0,0,False
E01002246,Havering 017A,0,0.0,,0,0,0,False
E01002247,Havering 017B,0,0.0,,0,0,0,False
E01002248,Havering 017C,0,0.0,,0,0,0,False
E01002250,Havering 017E,0,0.0,,0,0,0,False
E01002251,Havering 017F,0,0.0,,0,0,0,False
E01002252,Havering 018A,0,0.0,,0,0,0,False
E01002253,Havering 019A,0,0.0,,0,0,0,False
E01002254,Havering 019B,0,0.0,,0,0,0,False
E01002255,Havering 022A,0,0.0,,0,0,0,False
E01002256,Havering 018B,0,0.0,,0,0,0,False
E01002257,Havering 019C,0,0.0,,0,0,0,False
E01002258,Havering 018C,0,0.0,,0,0,0,False
E01002259,Havering 018D,0,0.0,,0,0,0,False
E01002260,Havering 026A,0,0.0,,0,0,0,False
E01002261,Havering 026B,0,0.0,,0,0,0,False
E01002262,Havering 026C,0,0.0,,0,0,0,False
E01002263,Havering 026D,0,0.0,,0,0,0,False
E01002264,Havering 026E,0,0.0,,0,0,0,False
E01002265,Havering 025A,0,0.0,,0,0,0,False
E01002266,Havering 027A,0,0.0,,0,0,0,False
E01002267,Havering 027B,0,0.0,,0,0,0,False
E01002268,Havering 010A,0,0.0,,0,0,0,False
E01002269,Havering 010B,0,0.0,,0,0,0,False
E01002270,Havering 015A,0,0.0,,0,0,0,False
E01002271,Havering 015B,0,0.0,,0,0,0,False
E01002272,Havering 014A,0,0.0,,0,0,0,False
E01002273,Havering 015C,0,0.0,,0,0,0,False
E01002274,Havering 014B,0,0.0,,0,0,0,False
E01002275,Havering 015D,0,0.0,,0,0,0,False
E01002276,Havering 001A,0,0.0,,0,0,0,False
E01002277,Havering 002A,0,0.0,,0,0,0,False
E01002278,Havering 001B,0,0.0,,0,0,0,False
E01002279,Havering 002B,0,0.0,,0,0,0,False
E01002280,Havering 004A,0,0.0,,0,0,0,False
E01002281,Havering 002C,0,0.0,,0,0,0,False
E01002282,Havering 004B,0,0.0,,0,0,0,False
E01002283,Havering 002D,1,0.04393132715239197,0.04393132715239197,1,1,1,True
E01002284,Havering 004C,0,0.0,,0,0,0,False
E01002285,Havering 025B,0,0.0,,0,0,0,False
E01002286,Havering 025C,0,0.0,,0,0,0,False
E01002287,Havering 023A,0,0.0,,0,0,0,False
E01002288,Havering 025D,0,0.0,,0,0,0,False
E01002289,Havering 022B,0,0.0,,0,0,0,False
E01002290,Havering 025E,0,0.0,,0,0,0,False
E01002291,Havering 023B,0,0.0,,0,0,0,False
E01002292,Havering 022C,0,0.0,,0,0,0,False
E01002294,Havering 007B,0,0.0,,0,0,0,False
E01002295,Havering 010C,0,0.0,,0,0,0,False
E01002296,Havering 007C,0,0.0,,0,0,0,False
E01002297,Havering 004D,0,0.0,,0,0,0,False
E01002298,Havering 007D,0,0.0,,0,0,0,False
E01002299,Havering 002E,0,0.0,,0,0,0,False
E01002300,Havering 007E,0,0.0,,0,0,0,False
E01002301,Havering 003A,0,0.0,,0,0,0,False
E01002302,Havering 005A,0,0.0,,0,0,0,False
E01002303,Havering 003B,0,0.0,,0,0,0,False
E01002304,Havering 003C,0,0.0,,0,0,0,False
E01002305,Havering 005B,0,0.0,,0,0,0,False
E01002306,Havering 003D,0,0.0,,0,0,0,False
E01002307,Havering 003E,0,0.0,,0,0,0,False
E01002308,Havering 005C,0,0.0,,0,0,0,False
E01002309,Havering 006A,0,0.0,,0,0,0,False
E01002310,Havering 006B,0,0.0,,0,0,0,False
E01002311,Havering 006C,0,0.0,,0,0,0,False
E01002312,Havering 001C,0,0.0,,0,0,0,False
E01002313,Havering 001D,0,0.0,,0,0,0,False
E01002314,Havering 004E,0,0.0,,0,0,0,False
E01002315,Havering 006D,0,0.0,,0,0,0,False
E01002316,Havering 004F,0,0.0,,0,0,0,False
E01002317,Havering 014C,0,0.0,,0,0,0,False
E01002318,Havering 014D,0,0.0,,0,0,0,False
E01002319,Havering 016A,0,0.0,,0,0,0,False
E01002320,Havering 021A,0,0.0,,0,0,0,False
E01002321,Havering 021B,0,0.0,,0,0,0,False
E01002322,Havering 021C,0,0.0,,0,0,0,False
E01002323,Havering 021D,0,0.0,,0,0,0,False
E01002324,Havering 021E,0,0.0,,0,0,0,False
E01002325,Havering 011C,0,0.0,,0,0,0,False
E01002326,Havering 005D,0,0.0,,0,0,0,False
E01002327,Havering 009A,0,0.0,,0,0,0,False
E01002328,Havering 009B,0,0.0,,0,0,0,False
E01002329,Havering 011D,0,0.0,,0,0,0,False
E01002330,Havering 011E,0,0.0,,0,0,0,False
E01002331,Havering 005E,0,0.0,,0,0,0,False
E01002332,Havering 009C,0,0.0,,0,0,0,False
E01002333,Havering 008A,0,0.0,,0,0,0,False
E01002334,Havering 008B,0,0.0,,0,0,0,False
E01002335,Havering 009D,0,0.0,,0,0,0,False
E01002336,Havering 008C,0,0.0,,0,0,0,False
E01002337,Havering 012A,0,0.0,,0,0,0,False
E01002338,Havering 009E,0,0.0,,0,0,0,False
E01002339,Havering 008D,0,0.0,,0,0,0,False
E01002340,Havering 009F,0,0.0,,0,0,0,False
E01002341,Havering 008E,0,0.0,,0,0,0,False
E01002342,Havering 030A,0,0.0,,0,0,0,False
E01002343,Havering 029A,0,0.0,,0,0,0,False
E01002344,Havering 029B,0,0.0,,0,0,0,False
E01002345,Havering 030B,0,0.0,,0,0,0,False
E01002346,Havering 030C,0,0.0,,0,0,0,False
E01002347,Havering 030D,0,0.0,,0,0,0,False
E01002348,Havering 029C,0,0.0,,0,0,0,False
E01002349,Havering 029D,0,0.0,,0,0,0,False
E01002350,Havering 016B,0,0.0,,0,0,0,False
E01002351,Havering 016C,0,0.0,,0,0,0,False
E01002352,Havering 016D,0,0.0,,0,0,0,False
E01002353,Havering 013B,0,0.0,,0,0,0,False
E01002354,Havering 012B,0,0.0,,0,0,0,False
E01002355,Havering 014E,0,0.0,,0,0,0,False
E01002356,Havering 013C,0,0.0,,0,0,0,False
E01002358,Havering 016E,0,0.0,,0,0,0,False
E01002359,Havering 020A,0,0.0,,0,0,0,False
E01002360,Havering 020B,0,0.0,,0,0,0,False
E01002361,Havering 020C,0,0.0,,0,0,0,False
E01002362,Havering 022D,0,0.0,,0,0,0,False
E01002363,Havering 020D,0,0.0,,0,0,0,False
E01002364,Havering 023C,0,0.0,,0,0,0,False
E01002365,Havering 023D,0,0.0,,0,0,0,False
E01002366,Havering 023E,0,0.0,,0,0,0,False
E01002367,Havering 020E,0,0.0,,0,0,0,False
E01002368,Havering 028A,0,0.0,,0,0,0,False
E01002369,Havering 028B,0,0.0,,0,0,0,False
E01002370,Havering 028C,1,0.0,0.0,1,0,0,True
E01002371,Havering 028D,1,0.0012775205760673868,0.0012775205760673868,6,1,1,True
E01002372,Havering 027C,0,0.0,,0,0,0,False
E01002373,Havering 027D,0,0.0,,0,0,0,False
E01002374,Havering 027E,0,0.0,,0,0,0,False
E01002375,Havering 028E,0,0.0,,0,0,0,False
E01002376,Havering 012C,0,0.0,,0,0,0,False
E01002377,Havering 010D,0,0.0,,0,0,0,False
E01002378,Havering 010E,0,0.0,,0,0,0,False
E01002379,Havering 012D,1,0.021923611110725306,0.021923611110725306,2,2,1,True
E01002380,Havering 012E,0,0.0,,0,0,0,False
E01002381,Havering 012F,0,0.0,,0,0,0,False
E01002382,Havering 014F,0,0.0,,0,0,0,False
E01002383,Havering 010F,0,0.0,,0,0,0,False
E01002384,Havering 019D,0,0.0,,0,0,0,False
E01002385,Havering 024A,0,0.0,,0,0,0,False
E01002386,Havering 022E,0,0.0,,0,0,0,False
E01002387,Havering 024B,0,0.0,,0,0,0,False
E01002388,Havering 024C,0,0.0,,0,0,0,False
E01002389,Havering 024D,0,0.0,,0,0,0,False
E01002390,Havering 024E,0,0.0,,0,0,0,False
E01002391,Havering 018E,0,0.0,,0,0,0,False
E01002392,Hillingdon 020A,0,0.0,,0,0,0,False
E01002393,Hillingdon 020B,0,0.0,,0,0,0,False
E01002394,Hillingdon 021A,0,0.0,,0,0,0,False
E01002395,Hillingdon 021B,0,0.0,,0,0,0,False
E01002396,Hillingdon 026A,0,0.0,,0,0,0,False
E01002397,Hillingdon 021C,0,0.0,,0,0,0,False
E01002398,Hillingdon 021D,0,0.0,,0,0,0,False
E01002399,Hillingdon 021E,0,0.0,,0,0,0,False
E01002400,Hillingdon 024A,0,0.0,,0,0,0,False
E01002401,Hillingdon 024B,0,0.0,,0,0,0,False
E01002402,Hillingdon 024C,0,0.0,,0,0,0,False
E01002403,Hillingdon 024D,0,0.0,,0,0,0,False
E01002404,Hillingdon 024E,0,0.0,,0,0,0,False
E01002405,Hillingdon 027A,0,0.0,,0,0,0,False
E01002408,Hillingdon 019A,0,0.0,,0,0,0,False
E01002409,Hillingdon 019B,0,0.0,,0,0,0,False
E01002410,Hillingdon 017A,0,0.0,,0,0,0,False
E01002411,Hillingdon 022A,0,0.0,,0,0,0,False
E01002412,Hillingdon 017B,0,0.0,,0,0,0,False
E01002413,Hillingdon 022B,0,0.0,,0,0,0,False
E01002414,Hillingdon 015A,0,0.0,,0,0,0,False
E01002415,Hillingdon 010A,0,0.0,,0,0,0,False
E01002416,Hillingdon 008A,0,0.0,,0,0,0,False
E01002417,Hillingdon 008B,0,0.0,,0,0,0,False
E01002418,Hillingdon 006A,0,0.0,,0,0,0,False
E01002419,Hillingdon 006B,0,0.0,,0,0,0,False
E01002420,Hillingdon 008C,0,0.0,,0,0,0,False
E01002421,Hillingdon 008D,0,0.0,,0,0,0,False
E01002422,Hillingdon 018A,0,0.0,,0,0,0,False
E01002423,Hillingdon 018B,0,0.0,,0,0,0,False
E01002424,Hillingdon 018C,0,0.0,,0,0,0,False
E01002425,Hillingdon 018D,0,0.0,,0,0,0,False
E01002426,Hillingdon 021F,0,0.0,,0,0,0,False
E01002427,Hillingdon 018E,0,0.0,,0,0,0,False
E01002428,Hillingdon 018F,0,0.0,,0,0,0,False
E01002429,Hillingdon 019C,0,0.0,,0,0,0,False
E01002430,Hillingdon 007A,0,0.0,,0,0,0,False
E01002431,Hillingdon 006C,0,0.0,,0,0,0,False
E01002432,Hillingdon 006D,0,0.0,,0,0,0,False
E01002433,Hillingdon 004A,0,0.0,,0,0,0,False
E01002434,Hillingdon 007B,0,0.0,,0,0,0,False
E01002435,Hillingdon 007C,0,0.0,,0,0,0,False
E01002436,Hillingdon 004B,0,0.0,,0,0,0,False
E01002437,Hillingdon 006E,0,0.0,,0,0,0,False
E01002438,Hillingdon 003A,0,0.0,,0,0,0,False
E01002439,Hillingdon 003B,0,0.0,,0,0,0,False
E01002440,Hillingdon 003C,1,0.0,0.0,2,0,0,True
E01002441,Hillingdon 003D,0,0.0,,0,0,0,False
E01002442,Hillingdon 003E,0,0.0,,0,0,0,False
E01002443,Hillingdon 032A,0,0.0,,0,0,0,False
E01002444,Hillingdon 031A,0,0.0,,0,0,0,False
E01002445,Hillingdon 029A,0,0.0,,0,0,0,False
E01002446,Hillingdon 031B,0,0.0,,0,0,0,False
E01002447,Hillingdon 031C,0,0.0,,0,0,0,False
E01002448,Hillingdon 032B,0,0.0,,0,0,0,False
E01002449,Hillingdon 032C,0,0.0,,0,0,0,False
E01002450,Hillingdon 014A,0,0.0,,0,0,0,False
E01002451,Hillingdon 014B,0,0.0,,0,0,0,False
E01002452,Hillingdon 014C,0,0.0,,0,0,0,False
E01002453,Hillingdon 014D,0,0.0,,0,0,0,False
E01002454,Hillingdon 014E,0,0.0,,0,0,0,False
E01002455,Hillingdon 019D,0,0.0,,0,0,0,False
E01002456,Hillingdon 017C,0,0.0,,0,0,0,False
E01002457,Hillingdon 019E,0,0.0,,0,0,0,False
E01002458,Hillingdon 011A,0,0.0,,0,0,0,False
E01002459,Hillingdon 011B,0,0.0,,0,0,0,False
E01002460,Hillingdon 011C,0,0.0,,0,0,0,False
E01002461,Hillingdon 013A,0,0.0,,0,0,0,False
E01002462,Hillingdon 011D,0,0.0,,0,0,0,False
E01002463,Hillingdon 013B,0,0.0,,0,0,0,False
E01002464,Hillingdon 011E,0,0.0,,0,0,0,False
E01002465,Hillingdon 009A,0,0.0,,0,0,0,False
E01002466,Hillingdon 010B,0,0.0,,0,0,0,False
E01002467,Hillingdon 009B,0,0.0,,0,0,0,False
E01002468,Hillingdon 010C,0,0.0,,0,0,0,False
E01002469,Hillingdon 010D,0,0.0,,0,0,0,False
E01002470,Hillingdon 007D,1,0.008840057319168872,0.008840057319168872,7,4,1,True
E01002471,Hillingdon 008E,0,0.0,,0,0,0,False
E01002472,Hillingdon 002A,1,0.05061332947395833,0.05061332947395833,4,4,1,True
E01002473,Hillingdon 001A,0,0.0,,0,0,0,False
E01002474,Hillingdon 002B,0,0.0,,0,0,0,False
E01002475,Hillingdon 001B,0,0.0,,0,0,0,False
E01002476,Hillingdon 001C,0,0.0,,0,0,0,False
E01002477,Hillingdon 001D,0,0.0,,0,0,0,False
E01002478,Hillingdon 002C,0,0.0,,0,0,0,False
E01002479,Hillingdon 004C,0,0.0,,0,0,0,False
E01002480,Hillingdon 004D,0,0.0,,0,0,0,False
E01002481,Hillingdon 004E,0,0.0,,0,0,0,False
E01002482,Hillingdon 001E,0,0.0,,0,0,0,False
E01002483,Hillingdon 002D,0,0.0,,0,0,0,False
E01002484,Hillingdon 002E,0,0.0,,0,0,0,False
E01002485,Hillingdon 002F,0,0.0,,0,0,0,False
E01002486,Hillingdon 028A,0,0.0,,0,0,0,False
E01002487,Hillingdon 028B,0,0.0,,0,0,0,False
E01002488,Hillingdon 030B,0,0.0,,0,0,0,False
E01002489,Hillingdon 030C,0,0.0,,0,0,0,False
E01002490,Hillingdon 030D,0,0.0,,0,0,0,False
E01002491,Hillingdon 032D,0,0.0,,0,0,0,False
E01002492,Hillingdon 030E,0,0.0,,0,0,0,False
E01002493,Hillingdon 032E,0,0.0,,0,0,0,False
E01002494,Hillingdon 009C,0,0.0,,0,0,0,False
E01002495,Hillingdon 010E,0,0.0,,0,0,0,False
E01002496,Hillingdon 033A,0,0.0,,0,0,0,False
E01002497,Hillingdon 033B,0,0.0,,0,0,0,False
E01002498,Hillingdon 033C,0,0.0,,0,0,0,False
E01002499,Hillingdon 033D,0,0.0,,0,0,0,False
E01002501,Hillingdon 026B,0,0.0,,0,0,0,False
E01002502,Hillingdon 026C,0,0.0,,0,0,0,False
E01002503,Hillingdon 027C,1,0.04941676311593364,0.04941676311593364,4,3,1,True
E01002505,Hillingdon 026D,0,0.0,,0,0,0,False
E01002506,Hillingdon 027E,0,0.0,,0,0,0,False
E01002507,Hillingdon 027F,1,0.0595483217585841,0.0595483217585841,4,4,1,True
E01002508,Hillingdon 026E,0,0.0,,0,0,0,False
E01002509,Hillingdon 017D,0,0.0,,0,0,0,False
E01002511,Hillingdon 017E,0,0.0,,0,0,0,False
E01002512,Hillingdon 013C,0,0.0,,0,0,0,False
E01002513,Hillingdon 013D,0,0.0,,0,0,0,False
E01002514,Hillingdon 015C,0,0.0,,0,0,0,False
E01002516,Hillingdon 013E,0,0.0,,0,0,0,False
E01002518,Hillingdon 022C,0,0.0,,0,0,0,False
E01002519,Hillingdon 022D,0,0.0,,0,0,0,False
E01002520,Hillingdon 016B,0,0.0,,0,0,0,False
E01002521,Hillingdon 016C,0,0.0,,0,0,0,False
E01002523,Hillingdon 016D,0,0.0,,0,0,0,False
E01002525,Hillingdon 029B,0,0.0,,0,0,0,False
E01002526,Hillingdon 028C,1,0.0,0.0,1,0,0,True
E01002527,Hillingdon 031D,0,0.0,,0,0,0,False
E01002528,Hillingdon 028D,0,0.0,,0,0,0,False
E01002529,Hillingdon 029C,1,0.030287519289255403,0.030287519289255403,4,4,1,True
E01002530,Hillingdon 029D,0,0.0,,0,0,0,False
E01002531,Hillingdon 029E,0,0.0,,0,0,0,False
E01002533,Hillingdon 005A,0,0.0,,0,0,0,False
E01002534,Hillingdon 005B,0,0.0,,0,0,0,False
E01002535,Hillingdon 007E,0,0.0,,0,0,0,False
E01002536,Hillingdon 009D,0,0.0,,0,0,0,False
E01002537,Hillingdon 009E,0,0.0,,0,0,0,False
E01002538,Hillingdon 005C,0,0.0,,0,0,0,False
E01002539,Hillingdon 005D,0,0.0,,0,0,0,False
E01002540,Hillingdon 020C,0,0.0,,0,0,0,False
E01002541,Hillingdon 023A,0,0.0,,0,0,0,False
E01002542,Hillingdon 020D,0,0.0,,0,0,0,False
E01002543,Hillingdon 020E,0,0.0,,0,0,0,False
E01002544,Hillingdon 023B,0,0.0,,0,0,0,False
E01002545,Hillingdon 023C,0,0.0,,0,0,0,False
E01002546,Hillingdon 023D,0,0.0,,0,0,0,False
E01002547,Hillingdon 023E,0,0.0,,0,0,0,False
E01002548,Hillingdon 025A,0,0.0,,0,0,0,False
E01002549,Hillingdon 025B,0,0.0,,0,0,0,False
E01002550,Hillingdon 022E,0,0.0,,0,0,0,False
E01002551,Hillingdon 025C,0,0.0,,0,0,0,False
E01002552,Hillingdon 025D,0,0.0,,0,0,0,False
E01002553,Hillingdon 025E,0,0.0,,0,0,0,False
E01002555,Hounslow 022A,0,0.0,,0,0,0,False
E01002556,Hounslow 022B,0,0.0,,0,0,0,False
E01002557,Hounslow 023A,0,0.0,,0,0,0,False
E01002558,Hounslow 023B,0,0.0,,0,0,0,False
E01002559,Hounslow 023C,0,0.0,,0,0,0,False
E01002560,Hounslow 023D,0,0.0,,0,0,0,False
E01002561,Hounslow 023E,0,0.0,,0,0,0,False
E01002562,Hounslow 030D,0,0.0,,0,0,0,False
E01002563,Hounslow 006A,0,0.0,,0,0,0,False
E01002564,Hounslow 031E,0,0.0,,0,0,0,False
E01002565,Hounslow 006B,7,0.21422608024421294,0.030603725749173277,7,4,4,True
E01002567,Hounslow 006C,9,0.17152353394444445,0.019058170438271606,10,8,7,True
E01002569,Hounslow 001A,17,0.17175540123167438,0.010103258895980845,19,9,9,True
E01002570,Hounslow 001B,7,0.17992129629301698,0.025703042327573856,8,5,5,True
E01002571,Hounslow 007A,5,0.0941455761251286,0.01882911522502572,9,4,3,True
E01002572,Hounslow 007B,3,0.04361503343428498,0.014538344478094994,6,4,2,True
E01002573,Hounslow 001C,16,0.3093159722164352,0.0193322482635272,16,10,10,True
E01002574,Hounslow 001D,9,0.12474837411436288,0.01386093045715143,17,12,8,True
E01002575,Hounslow 001E,8,0.2516188271558642,0.031452353394483025,8,4,4,True
E01002576,Hounslow 008A,5,0.04895177468981481,0.009790354937962962,5,3,3,True
E01002577,Hounslow 007C,5,0.028938271604552472,0.005787654320910494,9,2,2,True
E01002578,Hounslow 007D,5,0.0785301568915252,0.015706031378305042,8,6,4,True
E01002579,Hounslow 008B,3,0.054045910492669755,0.018015303497556586,3,2,2,True
E01002580,Hounslow 008C,6,0.12256365740432097,0.020427276234053496,6,4,4,True
E01002581,Hounslow 008D,9,0.3456781121318158,0.038408679125757315,11,10,8,True
E01002582,Hounslow 008E,17,0.6020941357935957,0.03541730210550563,18,12,12,True
E01002583,Hounslow 013A,0,0.0,,0,0,0,False
E01002584,Hounslow 013B,1,0.0,0.0,4,0,0,True
E01002585,Hounslow 013C,0,0.0,,0,0,0,False
E01002586,Hounslow 013D,0,0.0,,0,0,0,False
E01002587,Hounslow 016A,0,0.0,,0,0,0,False
E01002588,Hounslow 016B,0,0.0,,0,0,0,False
E01002589,Hounslow 013E,0,0.0,,0,0,0,False
E01002590,Hounslow 022C,0,0.0,,0,0,0,False
E01002591,Hounslow 024A,1,0.10891010802391975,0.10891010802391975,1,1,1,True
E01002592,Hounslow 022D,0,0.0,,0,0,0,False
E01002593,Hounslow 024B,0,0.0,,0,0,0,False
E01002594,Hounslow 024C,0,0.0,,0,0,0,False
E01002595,Hounslow 022E,0,0.0,,0,0,0,False
E01002596,Hounslow 027A,0,0.0,,0,0,0,False
E01002598,Hounslow 025B,2,0.0562134773602109,0.02810673868010545,4,2,2,True
E01002599,Hounslow 025C,0,0.0,,0,0,0,False
E01002600,Hounslow 025D,3,0.27478202160262344,0.09159400720087447,3,2,2,True
E01002601,Hounslow 027B,0,0.0,,0,0,0,False
E01002602,Hounslow 027C,0,0.0,,0,0,0,False
E01002603,Hounslow 025E,0,0.0,,0,0,0,False
E01002604,Hounslow 026A,0,0.0,,0,0,0,False
E01002605,Hounslow 026B,0,0.0,,0,0,0,False
E01002606,Hounslow 026C,0,0.0,,0,0,0,False
E01002607,Hounslow 026D,1,0.0,0.0,3,0,0,True
E01002608,Hounslow 028A,0,0.0,,0,0,0,False
E01002609,Hounslow 028B,0,0.0,,0,0,0,False
E01002610,Hounslow 028C,0,0.0,,0,0,0,False
E01002611,Hounslow 024D,0,0.0,,0,0,0,False
E01002612,Hounslow 024E,2,0.16151562498206018,0.08075781249103009,7,2,1,True
E01002613,Hounslow 024F,0,0.0,,0,0,0,False
E01002614,Hounslow 027D,0,0.0,,0,0,0,False
E01002615,Hounslow 026E,0,0.0,,0,0,0,False
E01002616,Hounslow 027E,0,0.0,,0,0,0,False
E01002617,Hounslow 028D,0,0.0,,0,0,0,False
E01002618,Hounslow 011A,0,0.0,,0,0,0,False
E01002619,Hounslow 010A,0,0.0,,0,0,0,False
E01002620,Hounslow 004A,0,0.0,,0,0,0,False
E01002621,Hounslow 011B,2,0.0,0.0,2,0,0,True
E01002622,Hounslow 010B,0,0.0,,0,0,0,False
E01002623,Hounslow 011C,1,0.014724022633230452,0.014724022633230452,3,3,1,True
E01002624,Hounslow 017A,0,0.0,,0,0,0,False
E01002625,Hounslow 004B,0,0.0,,0,0,0,False
E01002626,Hounslow 004C,0,0.0,,0,0,0,False
E01002627,Hounslow 004D,0,0.0,,0,0,0,False
E01002628,Hounslow 011D,0,0.0,,0,0,0,False
E01002629,Hounslow 011E,1,0.0403605324068287,0.0403605324068287,2,2,1,True
E01002630,Hounslow 012A,0,0.0,,0,0,0,False
E01002631,Hounslow 004E,0,0.0,,0,0,0,False
E01002632,Hounslow 010C,0,0.0,,0,0,0,False
E01002633,Hounslow 005A,2,0.47905285493287036,0.23952642746643518,2,2,2,True
E01002634,Hounslow 005B,1,0.016316358024176955,0.016316358024176955,3,2,1,True
E01002635,Hounslow 010D,0,0.0,,0,0,0,False
E01002636,Hounslow 010E,1,0.003704475308256173,0.003704475308256173,1,1,1,True
E01002637,Hounslow 005C,0,0.0,,0,0,0,False
E01002638,Hounslow 005D,0,0.0,,0,0,0,False
E01002639,Hounslow 012B,0,0.0,,0,0,0,False
E01002640,Hounslow 012C,1,0.020343106995627573,0.020343106995627573,3,3,1,True
E01002641,Hounslow 018A,3,0.0846699459843107,0.028223315328103567,7,6,3,True
E01002643,Hounslow 015B,2,0.14847222221913578,0.07423611110956789,2,1,1,True
E01002645,Hounslow 015C,0,0.0,,0,0,0,False
E01002646,Hounslow 017B,0,0.0,,0,0,0,False
E01002647,Hounslow 021A,0,0.0,,0,0,0,False
E01002649,Hounslow 018D,2,0.034954861110339505,0.017477430555169753,11,1,1,True
E01002650,Hounslow 021B,0,0.0,,0,0,0,False
E01002651,Hounslow 021C,1,0.10867554012152779,0.10867554012152779,1,1,1,True
E01002652,Hounslow 021D,0,0.0,,0,0,0,False
E01002653,Hounslow 019A,0,0.0,,0,0,0,False
E01002654,Hounslow 019B,0,0.0,,0,0,0,False
E01002655,Hounslow 019C,0,0.0,,0,0,0,False
E01002656,Hounslow 019D,1,0.010416795267103908,0.010416795267103908,3,2,1,True
E01002657,Hounslow 018E,1,0.002009837962962963,0.002009837962962963,2,1,1,True
E01002658,Hounslow 015D,2,0.15637422839274692,0.07818711419637346,2,1,1,True
E01002659,Hounslow 019E,0,0.0,,0,0,0,False
E01002660,Hounslow 016C,3,0.11840509259027777,0.03946836419675926,4,4,3,True
E01002661,Hounslow 016D,1,0.014941792051745756,0.014941792051745756,8,4,1,True
E01002662,Hounslow 017C,0,0.0,,0,0,0,False
E01002663,Hounslow 017D,5,0.14467824073804011,0.028935648147608024,5,3,3,True
E01002665,Hounslow 016E,1,0.03955536265316358,0.03955536265316358,2,2,1,True
E01002666,Hounslow 021E,0,0.0,,0,0,0,False
E01002667,Hounslow 020A,0,0.0,,0,0,0,False
E01002668,Hounslow 014A,1,0.018178369341049383,0.018178369341049383,3,3,1,True
E01002669,Hounslow 014B,1,0.0,0.0,1,0,0,True
E01002670,Hounslow 020B,0,0.0,,0,0,0,False
E01002671,Hounslow 020C,4,0.03425810185146605,0.008564525462866512,4,2,2,True
E01002672,Hounslow 020D,0,0.0,,0,0,0,False
E01002673,Hounslow 020E,0,0.0,,0,0,0,False
E01002674,Hounslow 012D,0,0.0,,0,0,0,False
E01002675,Hounslow 009A,3,0.1866886574047068,0.062229552468235604,3,1,1,True
E01002676,Hounslow 012E,1,0.011967463991383744,0.011967463991383744,3,3,1,True
E01002677,Hounslow 015E,0,0.0,,0,0,0,False
E01002678,Hounslow 009B,1,0.08611921295987654,0.08611921295987654,1,1,1,True
E01002679,Hounslow 009C,4,0.05254166666589506,0.013135416666473766,4,2,2,True
E01002680,Hounslow 009D,2,0.07826234567727623,0.039131172838638116,3,2,2,True
E01002681,Hounslow 014C,0,0.0,,0,0,0,False
E01002682,Hounslow 014D,1,0.02674864969039352,0.02674864969039352,2,2,1,True
E01002686,Hounslow 006E,1,0.04300334362062758,0.04300334362062758,3,3,1,True
E01002687,Hounslow 029A,6,0.1379645061709105,0.022994084361818417,6,5,5,True
E01002689,Hounslow 007E,8,0.28166666666145834,0.03520833333268229,9,6,5,True
E01002690,Hounslow 007F,6,0.15336265431790122,0.02556044238631687,6,4,4,True
E01002691,Hounslow 029B,0,0.0,,0,0,0,False
E01002692,Hounslow 029C,10,0.38534149946003726,0.03853414994600372,16,12,7,True
E01002693,Hounslow 029D,3,0.10261612653896604,0.03420537551298868,5,3,2,True
E01002694,Islington 019A,1,0.06307773919579475,0.06307773919579475,2,2,1,True
E01002695,Islington 021A,0,0.0,,0,0,0,False
E01002696,Islington 020A,4,0.0626604938254244,0.0156651234563561,6,5,3,True
E01002697,Islington 019B,5,0.11808217592312885,0.02361643518462577,9,8,4,True
E01002698,Islington 017A,5,0.0643423996882716,0.012868479937654321,6,5,5,True
E01002699,Islington 017B,1,0.005491126543209876,0.005491126543209876,1,1,1,True
E01002700,Islington 017C,20,0.4417247299234182,0.022086236496170912,25,21,18,True
E01002701,Islington 023A,3,0.1031182484527392,0.0343727494842464,4,3,2,True
E01002702,Islington 023B,1,0.043630883486111105,0.043630883486111105,4,4,1,True
E01002703,Islington 023C,6,0.010950617283564813,0.0018251028805941355,7,2,2,True
E01002704,Islington 023D,2,0.08458314042952675,0.042291570214763374,5,3,2,True
E01002706,Islington 023E,2,0.25015014142148917,0.12507507071074458,5,5,2,True
E01002707,Islington 022B,2,0.0494344135785108,0.0247172067892554,4,3,2,True
E01002708,Islington 015A,2,0.10723167436130401,0.05361583718065201,4,4,2,True
E01002709,Islington 019C,2,0.1183099922824074,0.0591549961412037,3,3,2,True
E01002710,Islington 019D,2,0.23027160493479937,0.11513580246739968,2,2,2,True
E01002711,Islington 021B,7,0.16706404320601853,0.023866291886574076,8,5,5,True
E01002712,Islington 015B,4,0.09250977365959362,0.023127443414898405,6,6,4,True
E01002713,Islington 015C,2,0.04866473765162037,0.024332368825810184,3,3,2,True
E01002714,Islington 017D,4,0.10215817901041667,0.025539544752604167,4,3,3,True
E01002715,Islington 019E,1,0.06542862654108796,0.06542862654108796,2,2,1,True
E01002716,Islington 014A,5,0.06495447530671297,0.012990895061342595,7,6,4,True
E01002717,Islington 016A,4,0.012189429011959876,0.003047357252989969,5,1,1,True
E01002718,Islington 014B,3,0.04942554012210648,0.01647518004070216,4,3,3,True
E01002719,Islington 016B,3,0.062108410490933644,0.02070280349697788,4,4,3,True
E01002720,Islington 016C,6,0.13236747684992284,0.022061246141653806,9,8,6,True
E01002721,Islington 014C,4,0.05695659721971451,0.014239149304928627,7,6,4,True
E01002722,Islington 018A,3,0.027456597221836423,0.009152199073945474,4,3,2,True
E01002723,Islington 022C,10,0.37332407402199075,0.03733240740219908,13,12,10,True
E01002724,Islington 022D,4,0.19673398919412294,0.049183497298530734,8,6,3,True
E01002725,Islington 022E,1,0.1927293595322145,0.1927293595322145,2,2,1,True
E01002726,Islington 022F,1,0.039845293208719136,0.039845293208719136,2,2,1,True
E01002727,Islington 021C,3,0.06596669238541666,0.021988897461805556,5,4,3,True
E01002728,Islington 021D,3,0.008321759258873457,0.002773919752957819,6,1,1,True
E01002729,Islington 021E,5,0.15975334361741256,0.03195066872348251,7,7,5,True
E01002730,Islington 007A,1,0.0780077160486111,0.0780077160486111,1,1,1,True
E01002732,Islington 005A,6,0.21844878470322143,0.036408130783870236,15,4,2,True
E01002733,Islington 007C,2,0.15112229937731483,0.07556114968865742,2,2,2,True
E01002734,Islington 005B,2,0.060955825615740734,0.030477912807870367,4,2,1,True
E01002735,Islington 003A,1,0.043015432097415124,0.043015432097415124,2,2,1,True
E01002736,Islington 005C,1,0.05539441872299383,0.05539441872299383,3,2,1,True
E01002737,Islington 005D,1,0.06321064814621913,0.06321064814621913,2,2,1,True
E01002738,Islington 009A,2,0.13686458333024693,0.06843229166512346,2,2,2,True
E01002739,Islington 013A,3,0.058177083331018516,0.019392361110339505,3,2,2,True
E01002740,Islington 013B,8,0.17942689042717977,0.02242836130339747,13,12,7,True
E01002741,Islington 009B,2,0.043779899690200616,0.021889949845100308,4,4,2,True
E01002742,Islington 006A,12,0.1444199459841821,0.01203499549868184,13,10,9,True
E01002743,Islington 009C,10,0.09582754629108797,0.009582754629108797,11,9,8,True
E01002744,Islington 009D,0,0.0,,0,0,0,False
E01002745,Islington 013C,1,0.0,0.0,1,0,0,True
E01002747,Islington 006B,5,0.031733603392361115,0.006346720678472223,6,4,3,True
E01002748,Islington 006C,2,0.22490451386574073,0.11245225693287036,7,2,1,True
E01002749,Islington 006D,2,0.2037851079859182,0.1018925539929591,3,3,2,True
E01002751,Islington 005E,4,0.08614139660262346,0.021535349150655865,8,5,3,True
E01002752,Islington 009E,3,0.15022048610725308,0.05007349536908436,4,4,3,True
E01002753,Islington 002A,0,0.0,,0,0,0,False
E01002754,Islington 002B,9,0.16550417952269805,0.018389353280299784,12,10,7,True
E01002755,Islington 001A,1,0.027943672838541662,0.027943672838541662,2,2,1,True
E01002756,Islington 001B,10,0.13352237653935187,0.013352237653935187,12,12,10,True
E01002757,Islington 002C,7,0.09939969135416667,0.014199955907738095,7,5,5,True
E01002758,Islington 001C,6,0.024913580245884775,0.004152263374314129,9,4,3,True
E01002759,Islington 002D,0,0.0,,0,0,0,False
E01002760,Islington 002E,3,0.04866782407368827,0.016222608024562758,6,2,1,True
E01002762,Islington 011C,8,0.22833169366222994,0.028541461707778742,15,10,7,True
E01002763,Islington 007D,2,0.06052276234047067,0.030261381170235337,7,2,1,True
E01002764,Islington 010A,1,0.034082754628472225,0.034082754628472225,2,2,1,True
E01002765,Islington 015D,1,0.05369965277623456,0.05369965277623456,2,2,1,True
E01002766,Islington 015E,1,0.1480970292926312,0.1480970292926312,2,2,1,True
E01002767,Islington 011D,1,0.10873270317965535,0.10873270317965535,6,2,1,True
E01002768,Islington 004A,2,0.007993827160108024,0.003996913580054012,3,1,1,True
E01002769,Islington 008A,19,0.1260802469072145,0.0066358024688007635,20,14,13,True
E01002770,Islington 004B,3,0.06772080760969651,0.022573602536565502,11,5,3,True
E01002771,Islington 004C,1,0.017401620369212965,0.017401620369212965,2,2,1,True
E01002772,Islington 002F,1,0.048893614968267746,0.048893614968267746,4,4,1,True
E01002773,Islington 004D,1,0.06100540123263889,0.06100540123263889,2,2,1,True
E01002774,Islington 004E,0,0.0,,0,0,0,False
E01002775,Islington 014D,9,0.16978124999402006,0.018864583332668897,11,10,9,True
E01002776,Islington 014E,4,0.06594714505999229,0.016486786264998072,6,4,2,True
E01002777,Islington 012A,20,0.10021238425482253,0.005010619212741126,22,9,8,True
E01002778,Islington 012B,1,0.03868846450520833,0.03868846450520833,2,2,1,True
E01002779,Islington 012C,2,0.020693801439429012,0.010346900719714506,5,4,2,True
E01002780,Islington 014F,0,0.0,,0,0,0,False
E01002781,Islington 012D,2,0.02146132330111883,0.010730661650559414,5,3,2,True
E01002782,Islington 012E,2,0.018126157407021604,0.009063078703510802,2,1,1,True
E01002783,Islington 010B,0,0.0,,0,0,0,False
E01002784,Islington 010C,5,0.08788406635416667,0.01757681327083333,7,6,5,True
E01002785,Islington 008B,25,0.23705787036033948,0.009482314814413579,28,19,17,True
E01002786,Islington 010D,5,0.05932118055362654,0.011864236110725308,6,4,3,True
E01002787,Islington 010E,1,0.015779899690972224,0.015779899690972224,2,2,1,True
E01002788,Islington 008C,7,0.03451022376292438,0.004930031966132055,8,5,4,True
E01002789,Islington 008D,14,0.17738406635146606,0.012670290453676148,17,14,12,True
E01002790,Islington 016D,2,0.022222800924768516,0.011111400462384258,3,3,2,True
E01002791,Islington 016E,2,0.01631983024691358,0.00815991512345679,2,1,1,True
E01002792,Islington 017E,13,0.18346643518016975,0.014112802706166903,13,10,10,True
E01002793,Islington 016F,6,0.3023794367204861,0.05039657278674769,9,9,6,True
E01002794,Islington 020B,8,0.034538194442515435,0.004317274305314429,8,7,7,True
E01002795,Islington 013D,5,0.0912276234556327,0.01824552469112654,5,5,5,True
E01002796,Islington 013E,9,0.13348746141647377,0.014831940157385974,11,9,9,True
E01002797,Islington 018B,1,0.022203703703317902,0.022203703703317902,2,2,1,True
E01002798,Islington 018C,3,0.02322337962847222,0.007741126542824074,3,2,2,True
E01002799,Islington 018D,3,0.028708719135030862,0.009569573045010287,3,2,2,True
E01002800,Islington 018E,2,0.0722847222201003,0.03614236111005015,4,4,2,True
E01002801,Islington 020C,0,0.0,,0,0,0,False
E01002802,Islington 020D,14,0.2789434799320988,0.019924534280864197,17,11,10,True
E01002804,Islington 001D,0,0.0,,0,0,0,False
E01002805,Islington 003B,1,0.010885030863618826,0.010885030863618826,2,2,1,True
E01002806,Islington 003C,6,0.09266975308275463,0.015444958847125772,8,8,6,True
E01002807,Islington 001E,5,0.05626909721971451,0.011253819443942902,8,7,4,True
E01002808,Islington 003D,1,0.023160879628858027,0.023160879628858027,1,1,1,True
E01002809,Islington 003E,4,0.17195447530516975,0.042988618826292437,5,3,3,True
E01002810,Islington 003F,12,0.1499969135760031,0.012499742798000257,14,12,11,True
E01002811,Islington 001F,0,0.0,,0,0,0,False
E01002812,Kensington and Chelsea 013A,2,0.03654629629494598,0.01827314814747299,3,3,2,True
E01002813,Kensington and Chelsea 011A,17,0.24475192900154322,0.014397172294208425,21,17,14,True
E01002814,Kensington and Chelsea 015A,1,0.0,0.0,1,0,0,True
E01002815,Kensington and Chelsea 011B,2,0.026663194442901234,0.013331597221450617,2,2,2,True
E01002816,Kensington and Chelsea 011C,4,0.08271469907156635,0.020678674767891588,5,4,3,True
E01002817,Kensington and Chelsea 011D,9,0.1016446759232253,0.011293852880358368,9,6,6,True
E01002818,Kensington and Chelsea 012A,12,0.3802663965951003,0.03168886638292503,14,13,11,True
E01002819,Kensington and Chelsea 012B,7,0.13388888888020833,0.019126984125744047,9,8,7,True
E01002821,Kensington and Chelsea 014A,8,0.26841628085628855,0.03355203510703607,13,11,7,True
E01002823,Kensington and Chelsea 014B,9,0.08397415123206017,0.009330461248006686,11,7,6,True
E01002824,Kensington and Chelsea 008A,9,0.20062789351292437,0.022291988168102708,10,7,6,True
E01002825,Kensington and Chelsea 008B,8,0.3129492669646991,0.03911865837058739,10,9,8,True
E01002826,Kensington and Chelsea 008C,4,0.030563657406635802,0.007640914351658951,4,2,2,True
E01002827,Kensington and Chelsea 008D,11,0.17788695986728395,0.016171541806116723,11,9,9,True
E01002828,Kensington and Chelsea 008E,6,0.047768518515817905,0.007961419752636317,9,4,4,True
E01002829,Kensington and Chelsea 004A,7,0.13768113425559414,0.019668733465084878,8,7,6,True
E01002830,Kensington and Chelsea 004B,10,0.10323688271141974,0.010323688271141974,11,11,10,True
E01002831,Kensington and Chelsea 004C,9,0.10070081018094136,0.011188978908993485,10,9,8,True
E01002832,Kensington and Chelsea 004D,6,0.19339737653703704,0.03223289608950617,8,5,5,True
E01002833,Kensington and Chelsea 007A,9,0.12464930555246914,0.013849922839163238,9,8,8,True
E01002834,Kensington and Chelsea 013B,10,0.09469386573765431,0.00946938657376543,11,8,8,True
E01002835,Kensington and Chelsea 016C,10,0.16128192514728007,0.016128192514728006,15,13,10,True
E01002836,Kensington and Chelsea 016D,6,0.11024170524344135,0.018373617540573556,7,6,5,True
E01002837,Kensington and Chelsea 016E,5,0.14675733024344137,0.029351466048688275,7,4,4,True
E01002839,Kensington and Chelsea 013C,4,0.07497299382445988,0.01874324845611497,4,4,4,True
E01002840,Kensington and Chelsea 021A,5,0.03349189814737654,0.006698379629475308,5,2,2,True
E01002841,Kensington and Chelsea 021B,17,0.46842592591512344,0.02755446623030138,19,17,16,True
E01002842,Kensington and Chelsea 021C,0,0.0,,0,0,0,False
E01002843,Kensington and Chelsea 021D,3,0.11132812499768517,0.03710937499922839,5,4,3,True
E01002844,Kensington and Chelsea 019A,8,0.06746219135416667,0.008432773919270834,11,9,7,True
E01002845,Kensington and Chelsea 019B,3,0.018950617283564817,0.006316872427854939,3,1,1,True
E01002846,Kensington and Chelsea 017A,6,0.03441460905163323,0.005735768175272205,9,5,4,True
E01002847,Kensington and Chelsea 015B,8,0.09132523148070987,0.011415653935088733,10,8,8,True
E01002848,Kensington and Chelsea 015C,9,0.050561535490547836,0.0056179483878386486,12,7,6,True
E01002849,Kensington and Chelsea 017B,8,0.3202519290023148,0.04003149112528935,8,8,8,True
E01002850,Kensington and Chelsea 013D,3,0.08060937499710649,0.026869791665702164,5,3,2,True
E01002851,Kensington and Chelsea 015D,8,0.20194714505671296,0.02524339313208912,10,9,8,True
E01002852,Kensington and Chelsea 001A,3,0.15272202931635803,0.050907343105452675,5,5,3,True
E01002853,Kensington and Chelsea 001B,2,0.036633487652777776,0.018316743826388888,2,2,2,True
E01002854,Kensington and Chelsea 001C,4,0.1500389660474537,0.037509741511863426,4,4,4,True
E01002855,Kensington and Chelsea 001D,2,0.07665200617071759,0.038326003085358794,3,3,2,True
E01002856,Kensington and Chelsea 004E,9,0.24756905863252313,0.027507673181391457,11,10,8,True
E01002857,Kensington and Chelsea 001E,3,0.10411149691242283,0.034703832304140945,6,1,1,True
E01002858,Kensington and Chelsea 014C,6,0.07391473765162038,0.01231912294193673,6,5,5,True
E01002859,Kensington and Chelsea 012C,14,0.2605864197434414,0.018613315695960097,24,13,12,True
E01002860,Kensington and Chelsea 012D,17,0.3837733410349151,0.022574902413818536,19,18,16,True
E01002861,Kensington and Chelsea 014D,6,0.1283844521574074,0.021397408692901233,8,7,6,True
E01002862,Kensington and Chelsea 014E,3,0.08869540894868827,0.029565136316229423,4,4,3,True
E01002863,Kensington and Chelsea 012E,11,0.21186246141184414,0.019260223764713105,13,12,11,True
E01002864,Kensington and Chelsea 009A,11,0.23830111882118055,0.021663738074652775,14,13,10,True
E01002865,Kensington and Chelsea 011E,14,0.03763503086265432,0.0026882164901895944,15,2,2,True
E01002866,Kensington and Chelsea 009B,11,0.4398346836324588,0.03998497123931444,16,8,8,True
E01002867,Kensington and Chelsea 009C,7,0.1734486882635031,0.0247783840376433,8,6,6,True
E01002868,Kensington and Chelsea 009D,13,0.1379552469083719,0.010611942069874761,16,13,10,True
E01002869,Kensington and Chelsea 009E,8,0.086438078703125,0.010804759837890626,9,6,6,True
E01002870,Kensington and Chelsea 005A,7,0.2465399305476466,0.03521999007823523,8,7,6,True
E01002871,Kensington and Chelsea 007B,19,0.3392447916589506,0.01785498903468161,21,18,17,True
E01002872,Kensington and Chelsea 005B,7,0.060543209872299386,0.008649029981757055,10,5,4,True
E01002873,Kensington and Chelsea 007C,11,0.1787241512297454,0.016247650111795034,15,12,11,True
E01002874,Kensington and Chelsea 007D,11,0.28576774689969137,0.025978886081790123,11,11,11,True
E01002875,Kensington and Chelsea 007E,21,0.4118317901101466,0.019611037624292695,27,21,16,True
E01002876,Kensington and Chelsea 003A,10,0.31572472993113426,0.03157247299311343,11,8,8,True
E01002877,Kensington and Chelsea 003B,7,0.1166122685152392,0.01665889550217703,11,7,6,True
E01002878,Kensington and Chelsea 003C,6,0.045757716047453705,0.007626286007908951,8,6,5,True
E01002879,Kensington and Chelsea 005C,4,0.07341917437924383,0.01835479359481096,6,6,4,True
E01002880,Kensington and Chelsea 005D,3,0.07069251542939814,0.02356417180979938,4,3,2,True
E01002881,Kensington and Chelsea 005E,9,0.13446412036651234,0.014940457818501372,9,8,8,True
E01002882,Kensington and Chelsea 006A,10,0.21230574844926697,0.021230574844926697,12,11,10,True
E01002883,Kensington and Chelsea 006B,9,0.14383622684741512,0.015981802983046123,12,6,5,True
E01002884,Kensington and Chelsea 006C,4,0.03966647376369599,0.009916618440923997,5,4,4,True
E01002885,Kensington and Chelsea 006D,4,0.06707754629398148,0.01676938657349537,4,3,3,True
E01002886,Kensington and Chelsea 006E,9,0.0881662808601466,0.009796253428905178,11,8,6,True
E01002887,Kensington and Chelsea 010A,6,0.17178317900424384,0.02863052983404064,12,8,6,True
E01002888,Kensington and Chelsea 013E,5,0.07822685185030863,0.015645370370061727,6,4,4,True
E01002889,Kensington and Chelsea 010B,9,0.08524421295679012,0.009471579217421124,13,7,7,True
E01002890,Kensington and Chelsea 010C,13,0.26162692900221834,0.020125148384786025,18,12,10,True
E01002891,Kensington and Chelsea 010D,10,0.11481375385156249,0.01148137538515625,17,11,9,True
E01002892,Kensington and Chelsea 010E,11,0.24715354937596448,0.022468504488724044,12,12,11,True
E01002893,Kensington and Chelsea 017C,6,0.22316743826466048,0.03719457304411008,6,6,6,True
E01002894,Kensington and Chelsea 017D,3,0.02388503086419753,0.007961676954732511,3,2,2,True
E01002896,Kensington and Chelsea 020C,8,0.22761619083622686,0.028452023854528358,13,10,8,True
E01002897,Kensington and Chelsea 020D,2,0.03855189043094136,0.01927594521547068,3,3,2,True
E01002898,Kensington and Chelsea 017E,13,0.15826350307947532,0.0121741156214981,16,12,10,True
E01002899,Kensington and Chelsea 018A,9,0.07045785107590663,0.00782865011954518,14,10,8,True
E01002900,Kensington and Chelsea 018B,5,0.04338414351369599,0.008676828702739198,15,5,4,True
E01002901,Kensington and Chelsea 018C,9,0.18453549381905865,0.020503943757673185,12,6,6,True
E01002902,Kensington and Chelsea 018D,7,0.04179629629359568,0.005970899470513669,8,7,6,True
E01002903,Kensington and Chelsea 018E,12,0.05925964505864198,0.004938303754886832,14,8,8,True
E01002904,Kensington and Chelsea 002A,3,0.18393055555208332,0.061310185184027775,3,3,3,True
E01002905,Kensington and Chelsea 002B,9,0.2302378472150849,0.02558198302389832,13,8,6,True
E01002906,Kensington and Chelsea 002C,10,0.2334552469068287,0.02334552469068287,17,13,9,True
E01002907,Kensington and Chelsea 002D,1,0.02417418981394676,0.02417418981394676,4,4,1,True
E01002908,Kensington and Chelsea 003D,7,0.036907021604166666,0.005272431657738095,8,6,6,True
E01002909,Kensington and Chelsea 003E,15,0.39963560955497685,0.02664237397033179,20,17,13,True
E01002910,Kensington and Chelsea 019C,14,0.2367193929981996,0.016908528071299972,19,16,13,True
E01002911,Kensington and Chelsea 019D,11,0.07908236882118055,0.007189306256470959,13,10,9,True
E01002912,Kensington and Chelsea 020E,10,0.2721706211322338,0.02721706211322338,15,12,9,True
E01002913,Kensington and Chelsea 021E,4,0.13404687499421297,0.03351171874855324,5,5,4,True
E01002914,Kensington and Chelsea 019E,15,0.22890914351118827,0.01526060956741255,18,17,14,True
E01002915,Kingston upon Thames 014A,0,0.0,,0,0,0,False
E01002916,Kingston upon Thames 014B,0,0.0,,0,0,0,False
E01002917,Kingston upon Thames 014C,0,0.0,,0,0,0,False
E01002918,Kingston upon Thames 017A,0,0.0,,0,0,0,False
E01002919,Kingston upon Thames 017B,2,0.0,0.0,2,0,0,True
E01002920,Kingston upon Thames 014D,0,0.0,,0,0,0,False
E01002921,Kingston upon Thames 011A,5,0.1149332561712963,0.022986651234259258,5,3,3,True
E01002922,Kingston upon Thames 010A,1,0.0025474537037037037,0.0025474537037037037,1,1,1,True
E01002923,Kingston upon Thames 013A,1,0.08217554012191358,0.08217554012191358,1,1,1,True
E01002924,Kingston upon Thames 014E,0,0.0,,0,0,0,False
E01002925,Kingston upon Thames 013B,8,0.14107947530632714,0.017634934413290893,8,5,5,True
E01002926,Kingston upon Thames 010B,1,0.016386188270833334,0.016386188270833334,2,2,1,True
E01002927,Kingston upon Thames 008A,2,0.027541666665895064,0.013770833332947532,2,1,1,True
E01002928,Kingston upon Thames 008B,3,0.1284733796277006,0.0428244598759002,3,2,2,True
E01002929,Kingston upon Thames 007A,3,0.07187615740625,0.023958719135416667,3,2,2,True
E01002930,Kingston upon Thames 007B,9,0.17685615996334877,0.019650684440372088,17,6,3,True
E01002931,Kingston upon Thames 007C,7,0.09895949074035494,0.014137070105764992,7,3,3,True
E01002932,Kingston upon Thames 006A,0,0.0,,0,0,0,False
E01002933,Kingston upon Thames 004A,11,0.12684857252854936,0.011531688411686307,12,6,6,True
E01002934,Kingston upon Thames 004B,4,0.11319753086304014,0.028299382715760036,4,3,3,True
E01002935,Kingston upon Thames 003A,7,0.16357330246630658,0.023367614638043797,9,8,6,True
E01002937,Kingston upon Thames 004D,25,0.24286959876060957,0.009714783950424383,26,14,14,True
E01002938,Kingston upon Thames 003B,9,0.07882754629513888,0.008758616255015431,9,5,5,True
E01002939,Kingston upon Thames 018A,4,0.06396334875636574,0.015990837189091434,9,2,1,True
E01002940,Kingston upon Thames 020A,5,0.09989583333256173,0.019979166666512345,5,2,2,True
E01002941,Kingston upon Thames 018B,2,0.1039332561723251,0.05196662808616255,4,4,2,True
E01002942,Kingston upon Thames 018C,0,0.0,,0,0,0,False
E01002943,Kingston upon Thames 020B,6,0.148027391972608,0.024671231995434667,6,2,2,True
E01002944,Kingston upon Thames 019A,3,0.006942129629629629,0.002314043209876543,4,1,1,True
E01002945,Kingston upon Thames 019B,0,0.0,,0,0,0,False
E01002946,Kingston upon Thames 019C,0,0.0,,0,0,0,False
E01002947,Kingston upon Thames 019D,0,0.0,,0,0,0,False
E01002948,Kingston upon Thames 020C,0,0.0,,0,0,0,False
E01002949,Kingston upon Thames 020D,1,0.0,0.0,1,0,0,True
E01002950,Kingston upon Thames 020E,7,0.022338348765432097,0.003191192680776014,7,2,2,True
E01002951,Kingston upon Thames 003C,2,0.023726080246141975,0.011863040123070987,2,2,2,True
E01002952,Kingston upon Thames 002A,0,0.0,,0,0,0,False
E01002953,Kingston upon Thames 002B,0,0.0,,0,0,0,False
E01002954,Kingston upon Thames 003D,0,0.0,,0,0,0,False
E01002955,Kingston upon Thames 002C,0,0.0,,0,0,0,False
E01002956,Kingston upon Thames 002D,4,0.022104166666280865,0.005526041666570216,4,2,2,True
E01002957,Kingston upon Thames 003E,0,0.0,,0,0,0,False
E01002958,Kingston upon Thames 008C,11,0.28385281635320214,0.02580480148665474,12,9,8,True
E01002959,Kingston upon Thames 002E,0,0.0,,0,0,0,False
E01002960,Kingston upon Thames 006B,6,0.19383719133892746,0.03230619855648791,11,4,3,True
E01002961,Kingston upon Thames 008D,4,0.005866512345679011,0.0014666280864197528,6,1,1,True
E01002962,Kingston upon Thames 006C,0,0.0,,0,0,0,False
E01002963,Kingston upon Thames 007D,2,0.06620061728317901,0.033100308641589506,2,1,1,True
E01002964,Kingston upon Thames 005A,7,0.15104398147800924,0.021577711639715606,7,4,4,True
E01002965,Kingston upon Thames 009A,4,0.03977970678954475,0.009944926697386187,5,3,2,True
E01002966,Kingston upon Thames 010C,8,0.24119830246219137,0.03014978780777392,8,7,7,True
E01002967,Kingston upon Thames 009B,6,0.06491036522402263,0.010818394204003772,8,6,4,True
E01002968,Kingston upon Thames 009C,1,0.0039027777777777776,0.0039027777777777776,2,1,1,True
E01002969,Kingston upon Thames 005B,5,0.030324845679012342,0.006064969135802468,5,3,3,True
E01002970,Kingston upon Thames 006D,5,0.0,0.0,5,0,0,True
E01002971,Kingston upon Thames 005C,6,0.13751736110802468,0.02291956018467078,6,5,5,True
E01002972,Kingston upon Thames 005D,2,0.0,0.0,2,0,0,True
E01002973,Kingston upon Thames 006E,1,0.007985725308256173,0.007985725308256173,1,1,1,True
E01002974,Kingston upon Thames 005E,10,0.07764197530709877,0.007764197530709877,12,6,5,True
E01002975,Kingston upon Thames 012A,1,0.014523726851273148,0.014523726851273148,4,2,1,True
E01002976,Kingston upon Thames 015A,0,0.0,,0,0,0,False
E01002977,Kingston upon Thames 012B,2,0.0,0.0,3,0,0,True
E01002978,Kingston upon Thames 015B,1,0.013044945986882715,0.013044945986882715,2,2,1,True
E01002979,Kingston upon Thames 015C,0,0.0,,0,0,0,False
E01002980,Kingston upon Thames 012C,0,0.0,,0,0,0,False
E01002981,Kingston upon Thames 012D,0,0.0,,0,0,0,False
E01002982,Kingston upon Thames 015D,0,0.0,,0,0,0,False
E01002983,Kingston upon Thames 015E,0,0.0,,0,0,0,False
E01002984,Kingston upon Thames 012E,3,0.03819483024691358,0.012731610082304527,3,2,2,True
E01002985,Kingston upon Thames 007E,4,0.028177083332561727,0.007044270833140432,7,4,2,True
E01002986,Kingston upon Thames 008E,2,0.09779050925077161,0.048895254625385805,7,2,1,True
E01002987,Kingston upon Thames 011B,3,0.0492880658420782,0.016429355280692733,5,4,3,True
E01002988,Kingston upon Thames 011C,2,0.0,0.0,2,0,0,True
E01002989,Kingston upon Thames 011D,8,0.020947530864197532,0.0026184413580246915,8,3,3,True
E01002990,Kingston upon Thames 009D,6,0.08129475308352624,0.01354912551392104,7,5,4,True
E01002991,Kingston upon Thames 009E,4,0.5136311728344908,0.1284077932086227,4,3,3,True
E01002992,Kingston upon Thames 010D,4,0.0214116512345679,0.005352912808641975,4,1,1,True
E01002993,Kingston upon Thames 013C,3,0.050231481480709876,0.016743827160236625,3,2,2,True
E01002994,Kingston upon Thames 016A,0,0.0,,0,0,0,False
E01002995,Kingston upon Thames 013D,0,0.0,,0,0,0,False
E01002996,Kingston upon Thames 016B,4,0.044907793209490746,0.011226948302372686,4,2,2,True
E01002997,Kingston upon Thames 016C,1,0.013884837962577161,0.013884837962577161,2,2,1,True
E01002998,Kingston upon Thames 016D,5,0.11482060184953703,0.022964120369907408,5,2,2,True
E01002999,Kingston upon Thames 013E,2,0.01331057098765432,0.00665528549382716,2,1,1,True
E01003000,Kingston upon Thames 017C,2,0.08808371913425926,0.04404185956712963,14,1,1,True
E01003001,Kingston upon Thames 017D,0,0.0,,0,0,0,False
E01003002,Kingston upon Thames 016E,1,0.003470679011959876,0.003470679011959876,1,1,1,True
E01003003,Kingston upon Thames 017E,3,0.0402321244845679,0.013410708161522634,5,4,2,True
E01003004,Kingston upon Thames 018D,4,0.07566994598013116,0.01891748649503279,15,2,1,True
E01003005,Kingston upon Thames 018E,0,0.0,,0,0,0,False
E01003006,Kingston upon Thames 001A,1,0.0,0.0,1,0,0,True
E01003007,Kingston upon Thames 001B,2,0.014467206789737654,0.007233603394868827,2,1,1,True
E01003008,Kingston upon Thames 001C,6,0.03981134259259259,0.006635223765432099,6,1,1,True
E01003009,Kingston upon Thames 001D,4,0.07923688271450617,0.019809220678626543,5,4,3,True
E01003010,Kingston upon Thames 001E,1,0.0,0.0,1,0,0,True
E01003011,Kingston upon Thames 004E,12,0.36940020575488686,0.030783350479573906,18,12,10,True
E01003013,Lambeth 036A,3,0.0012735339498456792,0.0004245113166152264,4,1,1,True
E01003014,Lambeth 036B,6,0.21800308641280863,0.036333847735468106,6,6,6,True
E01003015,Lambeth 002A,2,0.0787619598757716,0.0393809799378858,2,2,2,True
E01003016,Lambeth 036C,2,0.07570023147839505,0.037850115739197526,2,2,2,True
E01003017,Lambeth 036D,6,0.2287299382654321,0.03812165637757201,7,4,4,True
E01003018,Lambeth 020A,14,0.11053645833140432,0.007895461309386023,18,5,5,True
E01003019,Lambeth 015A,4,0.06843595678858025,0.017108989197145062,4,3,3,True
E01003020,Lambeth 016A,7,0.056506558640432095,0.008072365520061728,9,4,4,True
E01003021,Lambeth 021A,5,0.04463464506082819,0.008926929012165638,7,4,2,True
E01003022,Lambeth 021B,7,0.20249633487133487,0.028928047838762124,8,6,6,True
E01003023,Lambeth 021C,6,0.6986103394945987,0.11643505658243312,6,6,6,True
E01003024,Lambeth 021D,0,0.0,,0,0,0,False
E01003025,Lambeth 021E,2,0.02430478395023148,0.01215239197511574,2,1,1,True
E01003026,Lambeth 019A,5,0.03495640432002315,0.00699128086400463,7,4,2,True
E01003027,Lambeth 019B,5,0.2748470293126929,0.05496940586253858,6,5,5,True
E01003028,Lambeth 019C,8,0.16629533178703704,0.02078691647337963,11,5,4,True
E01003029,Lambeth 017A,4,0.08887345678549383,0.022218364196373457,4,3,3,True
E01003030,Lambeth 019D,3,0.030654706788194444,0.010218235596064815,3,2,2,True
E01003031,Lambeth 023A,2,0.023369020060378085,0.011684510030189043,3,3,2,True
E01003032,Lambeth 017B,0,0.0,,0,0,0,False
E01003033,Lambeth 019E,6,0.29815007715007713,0.049691679525012855,6,5,5,True
E01003034,Lambeth 012A,3,0.12179166666589507,0.040597222221965025,5,3,3,True
E01003035,Lambeth 012B,1,0.05511342592554012,0.05511342592554012,1,1,1,True
E01003036,Lambeth 012C,8,0.17738213734047067,0.022172767167558834,12,8,7,True
E01003037,Lambeth 013A,2,0.09999035493479938,0.04999517746739969,2,2,2,True
E01003038,Lambeth 013B,7,0.07237114197299382,0.010338734567570547,8,4,4,True
E01003039,Lambeth 013C,6,0.193617476846965,0.032269579474494166,9,4,4,True
E01003040,Lambeth 013D,4,0.03993055555478395,0.009982638888695987,8,2,2,True
E01003041,Lambeth 017C,1,0.04085069444328704,0.04085069444328704,1,1,1,True
E01003042,Lambeth 013E,1,0.0,0.0,1,0,0,True
E01003043,Lambeth 018A,5,0.18433912036747685,0.03686782407349537,6,5,5,True
E01003044,Lambeth 018B,1,0.0380540123441358,0.0380540123441358,1,1,1,True
E01003045,Lambeth 011A,1,0.1277793209861111,0.1277793209861111,1,1,1,True
E01003046,Lambeth 009A,3,0.25856790122878087,0.08618930040959362,3,3,3,True
E01003047,Lambeth 011B,5,0.20799498456249998,0.0415989969125,5,5,5,True
E01003048,Lambeth 009B,4,0.15694212962538578,0.039235532406346446,4,3,3,True
E01003049,Lambeth 011C,3,0.0753171296257716,0.0251057098752572,3,2,2,True
E01003050,Lambeth 016B,1,0.038888503083719134,0.038888503083719134,1,1,1,True
E01003051,Lambeth 018C,7,0.17869502314544752,0.025527860449349647,9,3,2,True
E01003052,Lambeth 016C,3,0.15440277776890435,0.051467592589634785,3,3,3,True
E01003053,Lambeth 015B,6,0.11429185956539352,0.01904864326089892,8,5,5,True
E01003054,Lambeth 015C,5,0.13449112654089507,0.026898225308179015,5,5,5,True
E01003055,Lambeth 016D,2,0.021295910492669753,0.010647955246334877,2,1,1,True
E01003056,Lambeth 015D,3,0.16094984567592593,0.053649948558641976,3,1,1,True
E01003057,Lambeth 017D,2,0.22346682097955245,0.11173341048977622,2,2,2,True
E01003058,Lambeth 015E,6,0.6156491126479553,0.10260818544132588,7,5,4,True
E01003059,Lambeth 011D,2,0.11331095678858025,0.056655478394290124,3,2,1,True
E01003060,Lambeth 011E,1,0.09445100308294753,0.09445100308294753,1,1,1,True
E01003061,Lambeth 011F,2,0.024478395061728397,0.012239197530864198,4,2,1,True
E01003062,Lambeth 033A,8,0.15084760802237654,0.018855951002797067,9,5,5,True
E01003063,Lambeth 033B,1,0.03391358024459877,0.03391358024459877,1,1,1,True
E01003064,Lambeth 028A,6,0.21082098765200616,0.03513683127533436,7,4,4,True
E01003065,Lambeth 031A,4,0.21550675154050927,0.05387668788512732,5,3,2,True
E01003066,Lambeth 028B,2,0.2030057870322145,0.10150289351610725,3,3,2,True
E01003067,Lambeth 033C,10,0.10851793981095678,0.010851793981095679,12,7,7,True
E01003068,Lambeth 031B,2,0.1627071759220679,0.08135358796103395,2,2,2,True
E01003069,Lambeth 033D,3,0.003821373456404321,0.0012737911521347736,3,1,1,True
E01003070,Lambeth 033E,3,0.18705439814544753,0.06235146604848251,5,2,2,True
E01003071,Lambeth 018D,7,0.1284662422814429,0.018352320325920414,9,6,5,True
E01003072,Lambeth 014A,5,0.04874942129301698,0.009749884258603396,6,2,2,True
E01003073,Lambeth 014B,11,0.2149272762309028,0.019538843293718435,13,8,6,True
E01003074,Lambeth 018E,5,0.041262345675733024,0.008252469135146604,6,5,4,True
E01003075,Lambeth 009C,3,0.03799112654282408,0.012663708847608026,3,2,2,True
E01003076,Lambeth 014C,7,0.35485995369290124,0.05069427909898589,9,5,5,True
E01003077,Lambeth 014D,9,0.44141062242335394,0.04904562471370599,12,6,4,True
E01003078,Lambeth 014E,8,0.13188541666493056,0.01648567708311632,10,4,4,True
E01003079,Lambeth 027A,3,0.027514724793467074,0.00917157493115569,9,3,2,True
E01003080,Lambeth 027B,5,0.2140728202124807,0.04281456404249614,8,5,4,True
E01003081,Lambeth 028C,7,0.21304996141280863,0.030435708773258376,9,4,3,True
E01003082,Lambeth 031C,3,0.21308641974652776,0.07102880658217592,3,3,3,True
E01003083,Lambeth 030A,2,0.09027700617206791,0.045138503086033954,2,2,2,True
E01003084,Lambeth 030B,4,0.03206134259182099,0.008015335647955247,4,2,2,True
E01003085,Lambeth 030C,8,0.24622415122993827,0.030778018903742283,8,8,8,True
E01003086,Lambeth 031D,1,0.051161651233410495,0.051161651233410495,1,1,1,True
E01003087,Lambeth 031E,0,0.0,,0,0,0,False
E01003088,Lambeth 010A,3,0.09063541666550927,0.030211805555169755,3,3,3,True
E01003089,Lambeth 008A,3,0.07008005401138118,0.023360018003793726,6,2,1,True
E01003090,Lambeth 012D,3,0.05104166666512345,0.017013888888374483,3,1,1,True
E01003091,Lambeth 008B,3,0.11673958333121141,0.038913194443737135,4,3,2,True
E01003092,Lambeth 008C,6,0.3412608024645062,0.05687680041075103,12,5,4,True
E01003093,Lambeth 010B,1,0.06389081790007717,0.06389081790007717,1,1,1,True
E01003094,Lambeth 010C,3,0.20701388888425926,0.06900462962808641,4,3,2,True
E01003095,Lambeth 012E,5,0.16751697530478396,0.033503395060956793,6,4,4,True
E01003096,Lambeth 010D,8,0.22812538579783953,0.02851567322472994,8,6,6,True
E01003097,Lambeth 006A,4,0.12455015431828703,0.031137538579571758,4,4,4,True
E01003098,Lambeth 005A,4,0.06469868826967592,0.01617467206741898,4,3,3,True
E01003099,Lambeth 005B,1,0.027493441356867286,0.027493441356867286,1,1,1,True
E01003100,Lambeth 005C,4,0.4500995370235339,0.11252488425588347,4,4,4,True
E01003101,Lambeth 003A,4,0.20471373453568673,0.05117843363392168,6,4,3,True
E01003102,Lambeth 004A,3,0.1764521604527392,0.05881738681757973,4,4,3,True
E01003104,Lambeth 004C,3,0.1067847222202932,0.0355949074067644,4,3,3,True
E01003105,Lambeth 003B,7,0.2511242283909465,0.03587488977013521,11,5,3,True
E01003106,Lambeth 003C,4,0.2745401234529321,0.06863503086323303,4,3,3,True
E01003107,Lambeth 003D,6,0.35466358024228395,0.059110596707047325,8,4,4,True
E01003108,Lambeth 002B,0,0.0,,0,0,0,False
E01003110,Lambeth 002C,9,0.24109760801736113,0.026788623113040127,12,7,7,True
E01003111,Lambeth 002D,0,0.0,,0,0,0,False
E01003112,Lambeth 002E,4,0.22764564042843363,0.05691141010710841,5,4,4,True
E01003113,Lambeth 032A,3,0.18563348764699075,0.061877829215663586,3,3,3,True
E01003114,Lambeth 032B,7,0.3357129629564043,0.047958994708057756,8,6,6,True
E01003115,Lambeth 034A,1,0.17134336418711418,0.17134336418711418,1,1,1,True
E01003116,Lambeth 029A,1,0.023151234566743825,0.023151234566743825,1,1,1,True
E01003117,Lambeth 029B,6,0.24229398147067902,0.04038233024511317,8,3,3,True
E01003118,Lambeth 029C,4,0.02146547067824074,0.005366367669560185,6,2,1,True
E01003119,Lambeth 032C,10,0.18809239967766203,0.018809239967766202,20,7,5,True
E01003120,Lambeth 032D,5,0.31804012344598764,0.06360802468919753,5,4,4,True
E01003121,Lambeth 006B,0,0.0,,0,0,0,False
E01003122,Lambeth 004D,2,0.07064506172685187,0.03532253086342593,2,2,2,True
E01003123,Lambeth 006C,4,0.11698283178356482,0.029245707945891205,6,4,3,True
E01003124,Lambeth 006D,2,0.0,0.0,4,0,0,True
E01003125,Lambeth 006E,1,0.02523611111072531,0.02523611111072531,1,1,1,True
E01003126,Lambeth 008D,2,0.06624074073996913,0.03312037036998457,2,1,1,True
E01003127,Lambeth 010E,8,0.17222463347839506,0.021528079184799383,18,6,3,True
E01003128,Lambeth 008E,0,0.0,,0,0,0,False
E01003129,Lambeth 004E,4,0.095023919751929,0.02375597993798225,4,4,4,True
E01003130,Lambeth 026A,3,0.24140837190837192,0.08046945730279063,5,3,2,True
E01003131,Lambeth 026B,2,0.2067145061705247,0.10335725308526235,2,2,2,True
E01003132,Lambeth 024A,0,0.0,,0,0,0,False
E01003133,Lambeth 027C,4,0.18761612653819446,0.046904031634548614,4,2,2,True
E01003134,Lambeth 027D,3,0.08920949073919754,0.029736496913065846,4,1,1,True
E01003135,Lambeth 026C,3,0.1741975308595679,0.05806584361985597,3,2,2,True
E01003136,Lambeth 022A,4,0.14441550925231483,0.03610387731307871,4,3,3,True
E01003137,Lambeth 022B,1,0.38698186722530864,0.38698186722530864,1,1,1,True
E01003138,Lambeth 026D,4,0.4191010802368827,0.10477527005922067,4,4,4,True
E01003139,Lambeth 035A,2,0.08697376543055554,0.04348688271527777,3,2,1,True
E01003140,Lambeth 035B,1,0.046061342591820986,0.046061342591820986,1,1,1,True
E01003141,Lambeth 034B,9,0.36630787033526235,0.04070087448169582,10,5,5,True
E01003142,Lambeth 035C,1,0.07287345678703704,0.07287345678703704,1,1,1,True
E01003143,Lambeth 035D,2,0.27670100308333334,0.13835050154166667,2,2,2,True
E01003144,Lambeth 034C,5,0.22596219135339504,0.04519243827067901,5,4,4,True
E01003145,Lambeth 034D,2,0.1568977623422068,0.0784488811711034,2,2,2,True
E01003146,Lambeth 035E,1,0.04600771604822531,0.04600771604822531,1,1,1,True
E01003147,Lambeth 034E,4,0.15680169752584877,0.03920042438146219,5,5,4,True
E01003148,Lambeth 032E,2,0.09709953703549383,0.048549768517746915,2,2,2,True
E01003149,Lambeth 030D,2,0.09004475308371912,0.04502237654185956,2,2,2,True
E01003150,Lambeth 032F,1,0.12613155863734568,0.12613155863734568,1,1,1,True
E01003151,Lambeth 026E,3,0.2900387731398534,0.09667959104661779,4,3,2,True
E01003152,Lambeth 027E,1,0.010648919752700617,0.010648919752700617,1,1,1,True
E01003153,Lambeth 029D,1,0.12523804012075618,0.12523804012075618,1,1,1,True
E01003154,Lambeth 030E,2,0.03684143518287037,0.018420717591435185,2,2,2,True
E01003155,Lambeth 029E,3,0.16947183641512345,0.05649061213837448,4,3,2,True
E01003156,Lambeth 023B,3,0.04663570601678241,0.015545235338927469,6,4,3,True
E01003157,Lambeth 023C,3,0.0,0.0,4,0,0,True
E01003158,Lambeth 023D,3,0.13749768518209876,0.04583256172736625,3,2,2,True
E01003159,Lambeth 022C,1,0.0,0.0,1,0,0,True
E01003160,Lambeth 022D,0,0.0,,0,0,0,False
E01003161,Lambeth 023E,5,0.0879398148128858,0.017587962962577162,6,4,4,True
E01003162,Lambeth 022E,1,0.008912037037037038,0.008912037037037038,1,1,1,True
E01003163,Lambeth 023F,3,0.03934567901080247,0.013115226336934157,3,1,1,True
E01003164,Lambeth 025A,4,0.09927854938040125,0.02481963734510031,4,4,4,True
E01003165,Lambeth 025B,3,0.03864043209567901,0.012880144031893003,3,2,2,True
E01003166,Lambeth 028D,3,0.20948996913233023,0.06982998971077674,3,3,3,True
E01003167,Lambeth 028E,4,0.14130169752584876,0.03532542438146219,5,2,2,True
E01003168,Lambeth 025C,0,0.0,,0,0,0,False
E01003169,Lambeth 025D,4,0.20831597221874998,0.052078993054687495,4,4,4,True
E01003170,Lambeth 025E,6,0.7783622685104167,0.1297270447517361,6,5,5,True
E01003171,Lambeth 020B,7,0.13772916666473767,0.019675595237819667,7,3,3,True
E01003172,Lambeth 024B,1,0.0,0.0,4,0,0,True
E01003173,Lambeth 020C,7,0.2289625771535494,0.0327089395933642,7,5,5,True
E01003174,Lambeth 024C,3,0.2354402006087963,0.07848006686959877,3,1,1,True
E01003175,Lambeth 024D,1,0.055677469135416664,0.055677469135416664,1,1,1,True
E01003176,Lambeth 016E,3,0.22992052468402777,0.07664017489467592,6,2,2,True
E01003177,Lambeth 020D,7,0.054781635796875,0.007825947970982143,9,4,3,True
E01003178,Lambeth 020E,9,0.04352179783931327,0.004835755315479253,11,5,4,True
E01003179,Lambeth 024E,2,0.0,0.0,2,0,0,True
E01003180,Lambeth 005D,4,0.09545833333076133,0.023864583332690332,6,4,2,True
E01003181,Lambeth 007A,2,0.06388773147955247,0.031943865739776235,2,1,1,True
E01003182,Lambeth 009D,6,0.37713271604205245,0.06285545267367541,6,5,5,True
E01003183,Lambeth 005E,2,0.19010030863734567,0.09505015431867284,2,2,2,True
E01003184,Lambeth 007B,0,0.0,,0,0,0,False
E01003185,Lambeth 007C,2,0.10820698302102623,0.054103491510513115,3,2,2,True
E01003186,Lambeth 007D,5,0.16167148919579474,0.03233429783915895,9,3,3,True
E01003187,Lambeth 007E,2,0.4020760030740741,0.20103800153703705,2,2,2,True
E01003188,Lambeth 009E,2,0.2225725308580247,0.11128626542901235,2,2,2,True
E01003189,Lewisham 034A,0,0.0,,0,0,0,False
E01003190,Lewisham 034B,1,0.031876350307870366,0.031876350307870366,2,2,1,True
E01003191,Lewisham 034C,0,0.0,,0,0,0,False
E01003192,Lewisham 034D,2,0.09301851851543211,0.046509259257716054,2,2,2,True
E01003193,Lewisham 029A,1,0.06019328703472222,0.06019328703472222,1,1,1,True
E01003194,Lewisham 029B,0,0.0,,0,0,0,False
E01003195,Lewisham 029C,1,0.09563580246566358,0.09563580246566358,1,1,1,True
E01003196,Lewisham 029D,0,0.0,,0,0,0,False
E01003197,Lewisham 029E,0,0.0,,0,0,0,False
E01003198,Lewisham 009A,2,0.03894984567708333,0.019474922838541665,2,2,2,True
E01003199,Lewisham 007A,2,0.010319444443287036,0.005159722221643518,2,2,2,True
E01003200,Lewisham 009B,1,0.08699845678819444,0.08699845678819444,1,1,1,True
E01003201,Lewisham 007B,1,0.11786651234104938,0.11786651234104938,1,1,1,True
E01003202,Lewisham 009C,1,0.0001956018518518519,0.0001956018518518519,1,1,1,True
E01003203,Lewisham 009D,1,0.012412037036651235,0.012412037036651235,1,1,1,True
E01003204,Lewisham 007C,1,0.04073495370177469,0.04073495370177469,1,1,1,True
E01003205,Lewisham 007D,0,0.0,,0,0,0,False
E01003206,Lewisham 007E,0,0.0,,0,0,0,False
E01003207,Lewisham 005A,0,0.0,,0,0,0,False
E01003209,Lewisham 005B,1,0.14579398147993827,0.14579398147993827,1,1,1,True
E01003210,Lewisham 005C,1,0.16018653546257716,0.16018653546257716,2,2,1,True
E01003211,Lewisham 008B,0,0.0,,0,0,0,False
E01003212,Lewisham 005D,0,0.0,,0,0,0,False
E01003213,Lewisham 008C,2,0.09725617283603395,0.048628086418016976,2,2,2,True
E01003214,Lewisham 008D,0,0.0,,0,0,0,False
E01003215,Lewisham 005E,0,0.0,,0,0,0,False
E01003216,Lewisham 025A,1,0.19738464505864195,0.19738464505864195,1,1,1,True
E01003217,Lewisham 022A,0,0.0,,0,0,0,False
E01003218,Lewisham 022B,0,0.0,,0,0,0,False
E01003219,Lewisham 025B,1,0.016443287036458334,0.016443287036458334,2,2,1,True
E01003220,Lewisham 022C,0,0.0,,0,0,0,False
E01003221,Lewisham 025C,0,0.0,,0,0,0,False
E01003222,Lewisham 022D,1,0.03239197530748457,0.03239197530748457,2,2,1,True
E01003223,Lewisham 025D,0,0.0,,0,0,0,False
E01003224,Lewisham 022E,0,0.0,,0,0,0,False
E01003225,Lewisham 015A,0,0.0,,0,0,0,False
E01003226,Lewisham 019A,2,0.27167631171990736,0.13583815585995368,2,2,2,True
E01003227,Lewisham 019B,0,0.0,,0,0,0,False
E01003228,Lewisham 019C,3,0.12021412036689816,0.04007137345563272,4,2,2,True
E01003229,Lewisham 019D,1,0.13266666666126545,0.13266666666126545,1,1,1,True
E01003230,Lewisham 019E,0,0.0,,0,0,0,False
E01003231,Lewisham 015B,0,0.0,,0,0,0,False
E01003232,Lewisham 015C,3,0.3309317129540895,0.1103105709846965,3,3,3,True
E01003233,Lewisham 015D,2,0.2519564043155864,0.1259782021577932,2,2,2,True
E01003235,Lewisham 038A,10,0.31840462960108024,0.03184046296010802,24,8,4,True
E01003236,Lewisham 037A,1,0.11371836419714507,0.11371836419714507,1,1,1,True
E01003237,Lewisham 037B,0,0.0,,0,0,0,False
E01003238,Lewisham 037C,0,0.0,,0,0,0,False
E01003239,Lewisham 037D,0,0.0,,0,0,0,False
E01003240,Lewisham 038B,0,0.0,,0,0,0,False
E01003241,Lewisham 038C,0,0.0,,0,0,0,False
E01003243,Lewisham 038D,0,0.0,,0,0,0,False
E01003244,Lewisham 001A,0,0.0,,0,0,0,False
E01003245,Lewisham 001B,0,0.0,,0,0,0,False
E01003246,Lewisham 002A,2,0.24649112653433644,0.12324556326716822,2,2,2,True
E01003247,Lewisham 001C,1,0.04636304012249228,0.04636304012249228,2,2,1,True
E01003248,Lewisham 002B,2,0.43110146604243826,0.21555073302121913,2,2,2,True
E01003249,Lewisham 001D,1,0.06559915123283179,0.06559915123283179,2,2,1,True
E01003251,Lewisham 002C,0,0.0,,0,0,0,False
E01003252,Lewisham 002D,0,0.0,,0,0,0,False
E01003253,Lewisham 002E,0,0.0,,0,0,0,False
E01003254,Lewisham 021A,3,0.05537152777507716,0.01845717592502572,3,3,3,True
E01003255,Lewisham 021B,1,0.027121141974729937,0.027121141974729937,2,2,1,True
E01003256,Lewisham 028A,2,0.5862519290042438,0.2931259645021219,2,2,2,True
E01003257,Lewisham 028B,0,0.0,,0,0,0,False
E01003258,Lewisham 028C,0,0.0,,0,0,0,False
E01003259,Lewisham 028D,0,0.0,,0,0,0,False
E01003260,Lewisham 021C,1,0.05330516975077161,0.05330516975077161,1,1,1,True
E01003261,Lewisham 021D,0,0.0,,0,0,0,False
E01003262,Lewisham 021E,0,0.0,,0,0,0,False
E01003263,Lewisham 023A,0,0.0,,0,0,0,False
E01003264,Lewisham 031A,0,0.0,,0,0,0,False
E01003265,Lewisham 031B,1,0.06358140431905865,0.06358140431905865,2,2,1,True
E01003266,Lewisham 031C,0,0.0,,0,0,0,False
E01003267,Lewisham 031D,0,0.0,,0,0,0,False
E01003268,Lewisham 023B,1,0.03944753086265432,0.03944753086265432,1,1,1,True
E01003269,Lewisham 023C,1,0.03544444444135802,0.03544444444135802,1,1,1,True
E01003270,Lewisham 023D,0,0.0,,0,0,0,False
E01003271,Lewisham 023E,2,0.04793981481404321,0.023969907407021606,2,2,2,True
E01003272,Lewisham 014A,2,0.06984259259066358,0.03492129629533179,2,2,2,True
E01003273,Lewisham 011A,3,0.11117033178645833,0.03705677726215278,4,4,3,True
E01003274,Lewisham 014B,2,0.10721257715624999,0.053606288578124994,2,2,2,True
E01003275,Lewisham 014C,0,0.0,,0,0,0,False
E01003276,Lewisham 014D,0,0.0,,0,0,0,False
E01003277,Lewisham 011B,0,0.0,,0,0,0,False
E01003278,Lewisham 011C,0,0.0,,0,0,0,False
E01003279,Lewisham 011D,4,0.20572858795891202,0.051432146989728006,5,5,4,True
E01003280,Lewisham 016A,0,0.0,,0,0,0,False
E01003281,Lewisham 016B,0,0.0,,0,0,0,False
E01003282,Lewisham 013A,1,0.013755401234182098,0.013755401234182098,1,1,1,True
E01003283,Lewisham 013B,5,0.16153935184972995,0.03230787036994599,6,5,4,True
E01003284,Lewisham 013C,3,0.30291923867798354,0.10097307955932784,5,5,3,True
E01003285,Lewisham 016C,1,0.020135030863425923,0.020135030863425923,1,1,1,True
E01003286,Lewisham 013D,1,0.06351774691242285,0.06351774691242285,1,1,1,True
E01003287,Lewisham 016D,3,0.019257716048225307,0.006419238682741769,3,2,2,True
E01003288,Lewisham 041A,1,0.0035644290119598763,0.0035644290119598763,1,1,1,True
E01003290,Lewisham 041E,0,0.0,,0,0,0,False
E01003291,Lewisham 041D,2,0.03656095678896605,0.018280478394483025,2,2,2,True
E01003292,Lewisham 017A,0,0.0,,0,0,0,False
E01003293,Lewisham 017B,2,0.03578433641898148,0.01789216820949074,2,2,2,True
E01003295,Lewisham 017D,3,0.10031211419521605,0.03343737139840535,4,4,3,True
E01003297,Lewisham 003A,1,0.1779313271554784,0.1779313271554784,1,1,1,True
E01003298,Lewisham 039A,1,0.0,0.0,1,0,0,True
E01003299,Lewisham 003B,0,0.0,,0,0,0,False
E01003300,Lewisham 039B,0,0.0,,0,0,0,False
E01003301,Lewisham 003C,0,0.0,,0,0,0,False
E01003302,Lewisham 003D,0,0.0,,0,0,0,False
E01003303,Lewisham 039C,1,0.07298726850617283,0.07298726850617283,2,2,1,True
E01003304,Lewisham 039D,0,0.0,,0,0,0,False
E01003305,Lewisham 003E,2,0.2071369598695988,0.1035684799347994,2,2,2,True
E01003307,Lewisham 024A,0,0.0,,0,0,0,False
E01003308,Lewisham 024B,1,0.09352970678935185,0.09352970678935185,1,1,1,True
E01003309,Lewisham 027A,1,0.03778993055536265,0.03778993055536265,2,2,1,True
E01003310,Lewisham 027B,1,0.03340153769499559,0.03340153769499559,14,2,1,True
E01003311,Lewisham 027C,1,0.0345690586412037,0.0345690586412037,1,1,1,True
E01003312,Lewisham 027D,1,0.00586651234529321,0.00586651234529321,1,1,1,True
E01003313,Lewisham 027E,0,0.0,,0,0,0,False
E01003314,Lewisham 024C,2,0.14515586419367285,0.07257793209683643,2,2,2,True
E01003315,Lewisham 024D,1,0.08137229938040123,0.08137229938040123,1,1,1,True
E01003316,Lewisham 024E,1,0.015123842592206789,0.015123842592206789,1,1,1,True
E01003318,Lewisham 020B,0,0.0,,0,0,0,False
E01003319,Lewisham 018A,0,0.0,,0,0,0,False
E01003320,Lewisham 018B,1,0.011399305555555557,0.011399305555555557,1,1,1,True
E01003321,Lewisham 020C,1,0.004672067901234568,0.004672067901234568,1,1,1,True
E01003322,Lewisham 020D,0,0.0,,0,0,0,False
E01003323,Lewisham 018C,0,0.0,,0,0,0,False
E01003324,Lewisham 020E,0,0.0,,0,0,0,False
E01003325,Lewisham 018D,0,0.0,,0,0,0,False
E01003326,Lewisham 035A,2,0.1343688271589506,0.0671844135794753,2,2,2,True
E01003327,Lewisham 035B,0,0.0,,0,0,0,False
E01003328,Lewisham 035C,1,0.008518518518132717,0.008518518518132717,1,1,1,True
E01003329,Lewisham 033A,0,0.0,,0,0,0,False
E01003330,Lewisham 033B,1,0.11673958333179013,0.11673958333179013,1,1,1,True
E01003331,Lewisham 033C,0,0.0,,0,0,0,False
E01003332,Lewisham 033D,2,0.2026915509226466,0.1013457754613233,3,3,2,True
E01003333,Lewisham 035D,1,0.039437499999228395,0.039437499999228395,1,1,1,True
E01003334,Lewisham 033E,0,0.0,,0,0,0,False
E01003335,Lewisham 035E,0,0.0,,0,0,0,False
E01003336,Lewisham 010A,1,0.019836805554012345,0.019836805554012345,1,1,1,True
E01003337,Lewisham 010B,2,0.05458873456635803,0.027294367283179015,2,2,2,True
E01003338,Lewisham 006A,1,0.02289351851736111,0.02289351851736111,1,1,1,True
E01003339,Lewisham 006B,2,0.02771682098726852,0.01385841049363426,2,2,2,True
E01003340,Lewisham 006C,2,0.03680709876427469,0.018403549382137344,2,2,2,True
E01003341,Lewisham 006D,3,0.23280285493557099,0.07760095164519033,3,3,3,True
E01003342,Lewisham 010C,2,0.04675038580150463,0.023375192900752316,3,3,2,True
E01003343,Lewisham 006E,0,0.0,,0,0,0,False
E01003344,Lewisham 010D,0,0.0,,0,0,0,False
E01003345,Lewisham 010E,1,0.026328703701774692,0.026328703701774692,1,1,1,True
E01003346,Lewisham 026A,1,0.07308487653973765,0.07308487653973765,1,1,1,True
E01003347,Lewisham 030A,0,0.0,,0,0,0,False
E01003348,Lewisham 030B,2,0.10757690327854937,0.05378845163927468,6,2,1,True
E01003349,Lewisham 026B,0,0.0,,0,0,0,False
E01003350,Lewisham 030C,0,0.0,,0,0,0,False
E01003351,Lewisham 026C,0,0.0,,0,0,0,False
E01003352,Lewisham 030D,0,0.0,,0,0,0,False
E01003353,Lewisham 030E,1,0.0,0.0,1,0,0,True
E01003354,Lewisham 026D,1,0.04668518518325617,0.04668518518325617,1,1,1,True
E01003355,Merton 009A,9,0.19596566357079476,0.021773962618977197,12,9,8,True
E01003356,Merton 009B,15,0.15410146604205247,0.010273431069470164,15,11,11,True
E01003357,Merton 012A,6,0.2658715277525077,0.04431192129208462,8,6,4,True
E01003358,Merton 009C,10,0.3680082304418724,0.03680082304418724,12,11,9,True
E01003359,Merton 006A,16,0.1892125771548997,0.011825786072181231,20,12,11,True
E01003360,Merton 006B,13,0.16139544752546298,0.012415034425035613,13,8,8,True
E01003361,Merton 015A,6,0.24041396604398146,0.04006899434066358,7,6,6,True
E01003362,Merton 021A,1,0.03722415123225309,0.03722415123225309,1,1,1,True
E01003363,Merton 021B,6,0.015147376542438272,0.0025245627570730455,6,3,3,True
E01003364,Merton 021C,6,0.08213618826929012,0.013689364711548352,6,3,3,True
E01003365,Merton 021D,4,0.04581018518441358,0.011452546296103394,4,2,2,True
E01003366,Merton 016A,3,0.011889660493055555,0.0039632201643518515,3,2,2,True
E01003368,Merton 008A,6,0.026474922838734566,0.004412487139789094,6,1,1,True
E01003369,Merton 005B,5,0.09956018518267748,0.019912037036535497,7,6,5,True
E01003370,Merton 005C,5,0.19155066869225823,0.03831013373845164,8,7,4,True
E01003371,Merton 005D,9,0.41383217591820987,0.045981352879801096,10,6,6,True
E01003372,Merton 008B,7,0.05765123456520062,0.008235890652171517,7,5,5,True
E01003373,Merton 018A,2,0.2531419752839506,0.1265709876419753,2,2,2,True
E01003374,Merton 022A,3,0.026599151231867284,0.008866383743955762,3,2,2,True
E01003375,Merton 022B,3,0.007292759773662552,0.0024309199245541838,6,2,2,True
E01003376,Merton 012B,1,0.07729552468942902,0.07729552468942902,1,1,1,True
E01003377,Merton 012C,1,0.0,0.0,1,0,0,True
E01003378,Merton 018B,3,0.22515509258275462,0.07505169752758488,4,3,3,True
E01003379,Merton 018C,2,0.02164081790123457,0.010820408950617285,2,1,1,True
E01003380,Merton 011A,6,0.06119058641705247,0.010198431069508745,8,6,4,True
E01003381,Merton 016B,12,0.13723611110493827,0.011436342592078189,12,8,8,True
E01003382,Merton 011B,4,0.08983719135532407,0.022459297838831018,4,4,4,True
E01003383,Merton 009D,11,0.06706462190933642,0.006096783809939674,12,7,7,True
E01003384,Merton 009E,7,0.049180555554912554,0.0070257936507017935,10,7,5,True
E01003385,Merton 011C,10,0.1069358281854424,0.01069358281854424,12,9,7,True
E01003386,Merton 013A,2,0.06226658950501543,0.031133294752507715,2,2,2,True
E01003387,Merton 014A,6,0.21072800925462964,0.035121334875771605,6,4,4,True
E01003388,Merton 013B,6,0.15290547839332563,0.025484246398887606,7,4,4,True
E01003389,Merton 013C,7,0.23341994597993826,0.03334570656856261,8,6,5,True
E01003390,Merton 018D,1,0.1434853395007716,0.1434853395007716,1,1,1,True
E01003391,Merton 014B,1,0.040125964505208334,0.040125964505208334,2,2,1,True
E01003392,Merton 013D,8,0.39240239196412036,0.049050298995515045,8,6,6,True
E01003393,Merton 008C,7,0.038576388887345686,0.005510912698192241,8,3,2,True
E01003394,Merton 007A,10,0.09885519546926441,0.00988551954692644,12,9,8,True
E01003395,Merton 007B,8,0.11122029320601852,0.013902536650752315,8,5,5,True
E01003396,Merton 007C,9,0.14964969135532405,0.016627743483924894,12,7,5,True
E01003397,Merton 007D,13,0.2998765431994599,0.023067426399958454,17,9,9,True
E01003398,Merton 007E,9,0.07686342592438271,0.008540380658264745,10,6,6,True
E01003399,Merton 011D,14,0.20432619597897378,0.014594728284212414,15,9,8,True
E01003400,Merton 003A,6,0.03483346193209877,0.005805576988683128,8,6,4,True
E01003401,Merton 004A,6,0.13667187499472735,0.02277864583245456,9,6,4,True
E01003402,Merton 004B,7,0.07790335647743055,0.01112905092534722,8,5,4,True
E01003403,Merton 004C,12,0.11123842592013888,0.00926986882667824,13,7,7,True
E01003404,Merton 004D,6,0.481945601839892,0.08032426697331534,6,5,5,True
E01003405,Merton 018E,5,0.5177418981402392,0.10354837962804783,6,6,5,True
E01003406,Merton 008D,3,0.1563420781869856,0.05211402606232853,5,5,3,True
E01003407,Merton 008E,2,0.21016319444097223,0.10508159722048611,2,2,2,True
E01003408,Merton 012D,5,0.3209486882624743,0.06418973765249486,8,7,5,True
E01003409,Merton 013E,3,0.14869020061458332,0.04956340020486111,3,1,1,True
E01003410,Merton 012E,4,0.08595621141801697,0.021489052854504243,5,3,3,True
E01003411,Merton 014C,6,0.4711894290011574,0.0785315715001929,6,5,5,True
E01003412,Merton 014D,4,0.16692206789429012,0.04173051697357253,4,3,3,True
E01003413,Merton 017A,4,0.10541010801967592,0.02635252700491898,5,4,3,True
E01003414,Merton 017B,5,0.14649498455362656,0.029298996910725312,5,4,4,True
E01003415,Merton 017C,9,0.45828163578973763,0.05092018175441529,10,8,8,True
E01003416,Merton 017D,6,0.2510837191284722,0.041847286521412036,7,5,5,True
E01003417,Merton 025A,3,0.022204861110339508,0.0074016203701131695,3,2,2,True
E01003418,Merton 025B,4,0.007885802467785493,0.0019714506169463734,5,3,2,True
E01003419,Merton 025C,1,0.0,0.0,1,0,0,True
E01003420,Merton 025D,4,0.02450771604861111,0.006126929012152778,7,3,2,True
E01003421,Merton 021E,3,0.015808063271026233,0.005269354423675411,4,2,2,True
E01003422,Merton 025E,2,0.0,0.0,2,0,0,True
E01003423,Merton 011E,9,0.1335810185123457,0.014842335390260633,12,6,5,True
E01003424,Merton 015B,7,0.07164158950270062,0.010234512786100089,7,4,4,True
E01003425,Merton 015C,3,0.3098740354884259,0.10329134516280863,4,3,3,True
E01003426,Merton 015D,4,0.029937885801504627,0.007484471450376157,5,4,3,True
E01003427,Merton 023A,10,0.2729399433908179,0.02729399433908179,17,8,6,True
E01003428,Merton 015E,1,0.005545138888503086,0.005545138888503086,1,1,1,True
E01003429,Merton 019A,2,0.12254822530709877,0.06127411265354939,2,1,1,True
E01003430,Merton 019B,0,0.0,,0,0,0,False
E01003431,Merton 019C,1,0.060593364195987647,0.060593364195987647,1,1,1,True
E01003432,Merton 019D,4,0.20809567900713735,0.05202391975178434,6,4,4,True
E01003433,Merton 019E,5,0.15201826130799898,0.030403652261599794,9,9,5,True
E01003434,Merton 017E,10,0.43046489196412036,0.04304648919641203,10,10,10,True
E01003435,Merton 014E,2,0.0,0.0,2,0,0,True
E01003436,Merton 023B,6,0.6052343749907407,0.10087239583179013,7,6,6,True
E01003437,Merton 022C,8,0.1485713734508102,0.018571421681351275,9,5,5,True
E01003438,Merton 024A,4,0.03746334876234568,0.00936583719058642,4,4,4,True
E01003439,Merton 023C,4,0.009473186727623456,0.002368296681905864,6,2,2,True
E01003440,Merton 022D,1,0.0,0.0,1,0,0,True
E01003441,Merton 022E,4,0.20311419752681328,0.05077854938170332,5,3,3,True
E01003442,Merton 010A,6,0.06419020061574075,0.010698366769290125,6,4,4,True
E01003443,Merton 010B,12,0.09556867283526235,0.007964056069605195,13,7,7,True
E01003444,Merton 010C,8,0.04815200616898148,0.006019000771122685,10,6,4,True
E01003445,Merton 010D,10,0.08669560185030864,0.008669560185030864,10,4,4,True
E01003446,Merton 016C,7,0.09173804012037037,0.013105434302910054,7,5,5,True
E01003447,Merton 016D,2,0.11865354937924383,0.059326774689621914,2,2,2,True
E01003448,Merton 023D,3,0.026665895060956787,0.008888631686985596,3,2,2,True
E01003449,Merton 024B,13,0.3120576774475309,0.024004436726733143,20,8,7,True
E01003450,Merton 024C,4,0.056849537036265434,0.014212384259066358,4,2,2,True
E01003451,Merton 024D,3,0.0005266203703703703,0.0001755401234567901,3,1,1,True
E01003452,Merton 024E,8,0.4265028935120242,0.053312861689003024,13,9,7,True
E01003453,Merton 023E,5,0.22734992283256172,0.04546998456651234,5,5,5,True
E01003454,Merton 003B,7,0.11514197530787038,0.016448853615410052,7,6,6,True
E01003455,Merton 005E,10,0.1073467078121142,0.01073467078121142,12,8,7,True
E01003456,Merton 003C,9,0.20600700872280092,0.022889667635866768,19,10,7,True
E01003457,Merton 006C,12,0.223041988156893,0.01858683234640775,15,10,8,True
E01003458,Merton 006D,5,0.05687268518306327,0.011374537036612654,7,5,5,True
E01003459,Merton 006E,5,0.04317129629398148,0.008634259258796297,6,4,4,True
E01003460,Merton 002A,10,0.13323881172511576,0.013323881172511575,12,8,8,True
E01003461,Merton 004E,3,0.029201388888117286,0.009733796296039095,3,2,2,True
E01003462,Merton 002B,6,0.03383127571810699,0.005638545953017832,10,8,5,True
E01003463,Merton 010E,1,0.02597723765412809,0.02597723765412809,2,1,1,True
E01003464,Merton 002C,3,0.026660108024176954,0.008886702674725652,7,5,3,True
E01003465,Merton 002D,3,0.2624884259222608,0.08749614197408694,5,4,3,True
E01003466,Merton 020A,5,0.09435127314679784,0.018870254629359567,6,3,3,True
E01003467,Merton 020B,2,0.005332175925925927,0.0026660879629629634,2,1,1,True
E01003468,Merton 020C,7,0.103285879626929,0.014755125660989857,8,6,6,True
E01003469,Merton 020D,3,0.09996103394791667,0.033320344649305556,3,2,2,True
E01003470,Merton 020E,6,0.11774903548842591,0.019624839248070985,7,5,4,True
E01003471,Merton 016E,3,0.008958076131558641,0.002986025377186214,6,2,1,True
E01003472,Merton 001A,8,0.08352179783545524,0.010440224729431905,10,7,6,True
E01003473,Merton 001B,14,0.32245781891975306,0.023032701351410934,16,13,11,True
E01003474,Merton 001C,9,0.07683680555324074,0.008537422839248972,10,6,5,True
E01003476,Merton 003D,8,0.16116049382272377,0.02014506172784047,9,8,7,True
E01003477,Merton 003E,10,0.18566936727932098,0.0185669367279321,10,8,8,True
E01003478,Merton 001E,14,0.2582835648045911,0.01844882605747079,16,10,10,True
E01003479,Newham 035A,0,0.0,,0,0,0,False
E01003480,Newham 033A,0,0.0,,0,0,0,False
E01003481,Newham 035B,0,0.0,,0,0,0,False
E01003483,Newham 032A,0,0.0,,0,0,0,False
E01003484,Newham 032B,0,0.0,,0,0,0,False
E01003485,Newham 035C,1,0.0,0.0,6,0,0,True
E01003486,Newham 033C,1,0.03261516203549383,0.03261516203549383,2,2,1,True
E01003487,Newham 033D,0,0.0,,0,0,0,False
E01003488,Newham 019A,1,0.0,0.0,4,0,0,True
E01003489,Newham 019B,0,0.0,,0,0,0,False
E01003490,Newham 019C,0,0.0,,0,0,0,False
E01003491,Newham 022A,0,0.0,,0,0,0,False
E01003492,Newham 025A,1,0.0,0.0,2,0,0,True
E01003494,Newham 025C,3,0.09257986111033951,0.030859953703446505,4,2,2,True
E01003495,Newham 025D,3,0.14974421295871915,0.04991473765290638,6,4,2,True
E01003496,Newham 027A,0,0.0,,0,0,0,False
E01003497,Newham 034A,2,0.05893209876350309,0.029466049381751545,3,1,1,True
E01003498,Newham 027B,2,0.007442515431712964,0.003721257715856482,3,1,1,True
E01003499,Newham 030A,2,0.0,0.0,6,0,0,True
E01003500,Newham 027C,0,0.0,,0,0,0,False
E01003501,Newham 030B,1,0.015597222222222224,0.015597222222222224,1,1,1,True
E01003502,Newham 030C,2,0.03814621913464506,0.01907310956732253,3,1,1,True
E01003503,Newham 030D,1,0.0,0.0,2,0,0,True
E01003506,Newham 034D,0,0.0,,0,0,0,False
E01003507,Newham 031A,2,0.012853780863425925,0.0064268904317129625,3,1,1,True
E01003508,Newham 031B,2,0.08762094907118056,0.04381047453559028,6,2,1,True
E01003509,Newham 031C,0,0.0,,0,0,0,False
E01003511,Newham 036A,2,0.07617939814544752,0.03808969907272376,6,2,1,True
E01003512,Newham 036B,2,0.03208217592515432,0.01604108796257716,5,1,1,True
E01003513,Newham 035D,0,0.0,,0,0,0,False
E01003514,Newham 036C,1,0.0,0.0,2,0,0,True
E01003515,Newham 036D,0,0.0,,0,0,0,False
E01003516,Newham 032C,1,0.0,0.0,4,0,0,True
E01003517,Newham 036E,2,0.06560725308526234,0.03280362654263117,5,1,1,True
E01003518,Newham 032D,0,0.0,,0,0,0,False
E01003519,Newham 032E,0,0.0,,0,0,0,False
E01003520,Newham 018A,2,0.2024780092534722,0.1012390046267361,2,2,2,True
E01003521,Newham 018B,0,0.0,,0,0,0,False
E01003522,Newham 018C,2,0.0,0.0,6,0,0,True
E01003523,Newham 024A,2,0.0,0.0,4,0,0,True
E01003524,Newham 019D,0,0.0,,0,0,0,False
E01003525,Newham 018D,1,0.0,0.0,2,0,0,True
E01003526,Newham 018E,2,0.03569135802353395,0.017845679011766976,3,1,1,True
E01003527,Newham 024B,2,0.167589891972608,0.083794945986304,2,2,2,True
E01003528,Newham 005A,0,0.0,,0,0,0,False
E01003529,Newham 010A,3,0.10271527777469136,0.03423842592489712,3,3,3,True
E01003530,Newham 010B,3,0.049005401233217595,0.016335133744405865,5,3,2,True
E01003531,Newham 010C,2,0.16502610596257714,0.08251305298128857,4,3,2,True
E01003532,Newham 010D,3,0.15946604937770062,0.05315534979256687,7,1,1,True
E01003533,Newham 011A,0,0.0,,0,0,0,False
E01003534,Newham 010E,2,0.0,0.0,10,0,0,True
E01003535,Newham 023A,0,0.0,,0,0,0,False
E01003536,Newham 023B,2,0.0,0.0,8,0,0,True
E01003537,Newham 024C,1,0.11239313271604938,0.11239313271604938,1,1,1,True
E01003538,Newham 029A,3,0.14182118055401233,0.04727372685133744,6,2,1,True
E01003539,Newham 029B,2,0.06822357252854938,0.03411178626427469,8,2,1,True
E01003540,Newham 029C,1,0.04637577160378086,0.04637577160378086,1,1,1,True
E01003541,Newham 029D,1,0.0,0.0,2,0,0,True
E01003542,Newham 024D,3,0.0,0.0,8,0,0,True
E01003543,Newham 001A,5,0.08562692900925926,0.017125385801851852,11,3,3,True
E01003544,Newham 001B,2,0.050177083332175916,0.025088541666087958,5,1,1,True
E01003545,Newham 006A,3,0.08193942900964506,0.02731314300321502,5,2,1,True
E01003546,Newham 001C,0,0.0,,0,0,0,False
E01003547,Newham 007A,4,0.2354728009220679,0.058868200230516976,6,6,4,True
E01003548,Newham 006B,3,0.08509587190817902,0.028365290636059675,5,3,2,True
E01003549,Newham 006C,1,0.042403163580246914,0.042403163580246914,1,1,1,True
E01003550,Newham 001D,0,0.0,,0,0,0,False
E01003551,Newham 009A,1,0.0,0.0,2,0,0,True
E01003552,Newham 016A,1,0.0,0.0,4,0,0,True
E01003553,Newham 009B,1,0.03852391975154321,0.03852391975154321,1,1,1,True
E01003554,Newham 009C,1,0.000273533949845679,0.000273533949845679,1,1,1,True
E01003555,Newham 007B,1,0.0,0.0,2,0,0,True
E01003556,Newham 008A,1,0.0,0.0,2,0,0,True
E01003557,Newham 006D,1,0.0,0.0,2,0,0,True
E01003558,Newham 008B,0,0.0,,0,0,0,False
E01003559,Newham 009D,2,0.06263445216030093,0.031317226080150466,3,1,1,True
E01003560,Newham 011B,1,0.06762345678858024,0.06762345678858024,1,1,1,True
E01003561,Newham 007C,1,0.0,0.0,2,0,0,True
E01003562,Newham 014A,3,0.2232092978308256,0.07440309927694187,4,3,2,True
E01003563,Newham 011C,1,0.0,0.0,1,0,0,True
E01003564,Newham 014B,0,0.0,,0,0,0,False
E01003565,Newham 014C,0,0.0,,0,0,0,False
E01003566,Newham 014D,2,0.0,0.0,8,0,0,True
E01003567,Newham 007D,2,0.0,0.0,4,0,0,True
E01003568,Newham 017A,2,0.0,0.0,4,0,0,True
E01003569,Newham 017B,1,0.0,0.0,4,0,0,True
E01003570,Newham 008C,0,0.0,,0,0,0,False
E01003571,Newham 008D,1,0.0,0.0,2,0,0,True
E01003572,Newham 008E,0,0.0,,0,0,0,False
E01003573,Newham 017C,1,0.13100154320717594,0.13100154320717594,1,1,1,True
E01003574,Newham 017D,1,0.0,0.0,2,0,0,True
E01003575,Newham 005B,1,0.0,0.0,2,0,0,True
E01003576,Newham 002A,2,0.12449363425636573,0.06224681712818286,6,2,1,True
E01003577,Newham 005C,1,0.0,0.0,2,0,0,True
E01003578,Newham 003A,2,0.0,0.0,6,0,0,True
E01003579,Newham 004A,1,0.0,0.0,4,0,0,True
E01003580,Newham 005D,2,0.020685185184799382,0.010342592592399691,3,1,1,True
E01003581,Newham 002B,2,0.1489147376516204,0.0744573688258102,4,2,1,True
E01003582,Newham 002C,0,0.0,,0,0,0,False
E01003583,Newham 002D,3,0.4385499614104938,0.1461833204701646,4,4,3,True
E01003584,Newham 003B,3,0.2931873070914352,0.09772910236381173,5,5,3,True
E01003585,Newham 004B,0,0.0,,0,0,0,False
E01003586,Newham 003C,0,0.0,,0,0,0,False
E01003587,Newham 004C,0,0.0,,0,0,0,False
E01003588,Newham 011D,1,0.0,0.0,2,0,0,True
E01003589,Newham 011E,0,0.0,,0,0,0,False
E01003590,Newham 003D,0,0.0,,0,0,0,False
E01003591,Newham 004D,3,0.17039081789737653,0.056796939299125514,7,2,1,True
E01003592,Newham 022B,2,0.0,0.0,5,0,0,True
E01003593,Newham 027D,1,0.0,0.0,2,0,0,True
E01003594,Newham 026A,2,0.0,0.0,8,0,0,True
E01003595,Newham 026B,1,0.0,0.0,2,0,0,True
E01003596,Newham 016B,1,0.051262345678240735,0.051262345678240735,1,1,1,True
E01003597,Newham 016C,2,0.0,0.0,6,0,0,True
E01003598,Newham 021A,1,0.0,0.0,6,0,0,True
E01003599,Newham 022C,1,0.0,0.0,4,0,0,True
E01003600,Newham 021B,2,0.052456983022376544,0.026228491511188272,4,2,1,True
E01003601,Newham 028A,3,0.0,0.0,10,0,0,True
E01003602,Newham 026C,2,0.0,0.0,4,0,0,True
E01003603,Newham 028B,3,0.3586284722148919,0.11954282407163064,5,3,2,True
E01003604,Newham 031D,1,0.0,0.0,4,0,0,True
E01003605,Newham 028C,3,0.0,0.0,7,0,0,True
E01003607,Newham 026D,4,0.13172878085532405,0.03293219521383101,8,1,1,True
E01003608,Newham 028D,2,0.13443094135339506,0.06721547067669753,3,3,2,True
E01003611,Newham 041C,2,0.0,0.0,6,0,0,True
E01003615,Newham 039A,2,0.22098456789737653,0.11049228394868826,5,1,1,True
E01003616,Newham 012A,1,0.0008020833317901235,0.0008020833317901235,1,1,1,True
E01003618,Newham 012C,2,0.2058229166633873,0.10291145833169366,6,2,1,True
E01003619,Newham 012D,1,0.15151755400443673,0.15151755400443673,2,2,1,True
E01003621,Newham 023C,1,0.0757750771570216,0.0757750771570216,1,1,1,True
E01003622,Newham 023D,1,0.0,0.0,2,0,0,True
E01003623,Newham 023E,1,0.0,0.0,2,0,0,True
E01003624,Newham 024E,0,0.0,,0,0,0,False
E01003625,Newham 015A,0,0.0,,0,0,0,False
E01003626,Newham 015B,2,0.015131944443287037,0.0075659722216435184,3,1,1,True
E01003627,Newham 015C,1,0.0,0.0,2,0,0,True
E01003628,Newham 015D,1,0.0,0.0,2,0,0,True
E01003629,Newham 015E,2,0.0,0.0,6,0,0,True
E01003630,Newham 021C,0,0.0,,0,0,0,False
E01003631,Newham 020A,0,0.0,,0,0,0,False
E01003632,Newham 020B,1,0.0,0.0,2,0,0,True
E01003633,Newham 020C,1,0.0,0.0,4,0,0,True
E01003634,Newham 020D,1,0.0,0.0,4,0,0,True
E01003635,Newham 016D,6,0.1389265046244213,0.02315441743740355,11,9,5,True
E01003636,Newham 020E,0,0.0,,0,0,0,False
E01003637,Newham 021D,1,0.00027044753047839504,0.00027044753047839504,1,1,1,True
E01003638,Redbridge 017A,6,0.03507908950501543,0.005846514917502572,7,3,3,True
E01003639,Redbridge 013A,1,0.0037407407407407407,0.0037407407407407407,1,1,1,True
E01003640,Redbridge 013B,1,0.0,0.0,2,0,0,True
E01003641,Redbridge 013C,1,0.0,0.0,2,0,0,True
E01003642,Redbridge 013D,1,0.014158564813271605,0.014158564813271605,1,1,1,True
E01003643,Redbridge 017B,1,0.0,0.0,2,0,0,True
E01003644,Redbridge 017C,0,0.0,,0,0,0,False
E01003645,Redbridge 017D,1,0.0,0.0,2,0,0,True
E01003646,Redbridge 012A,7,0.0,0.0,12,0,0,True
E01003647,Redbridge 015A,0,0.0,,0,0,0,False
E01003648,Redbridge 012B,0,0.0,,0,0,0,False
E01003649,Redbridge 012C,1,0.0,0.0,2,0,0,True
E01003650,Redbridge 015B,3,2.4305555555555558e-05,8.101851851851852e-06,3,1,1,True
E01003651,Redbridge 012D,0,0.0,,0,0,0,False
E01003652,Redbridge 015C,0,0.0,,0,0,0,False
E01003653,Redbridge 015D,0,0.0,,0,0,0,False
E01003654,Redbridge 004A,1,0.0,0.0,2,0,0,True
E01003655,Redbridge 004B,0,0.0,,0,0,0,False
E01003656,Redbridge 005A,4,0.000367283950617284,9.1820987654321e-05,5,1,1,True
E01003657,Redbridge 005B,3,0.02955459104822531,0.009851530349408437,4,3,3,True
E01003658,Redbridge 004C,2,0.0,0.0,14,0,0,True
E01003659,Redbridge 005C,1,0.0,0.0,2,0,0,True
E01003660,Redbridge 004D,0,0.0,,0,0,0,False
E01003661,Redbridge 038A,0,0.0,,0,0,0,False
E01003662,Redbridge 038C,0,0.0,,0,0,0,False
E01003663,Redbridge 037A,1,0.0,0.0,2,0,0,True
E01003664,Redbridge 037B,0,0.0,,0,0,0,False
E01003665,Redbridge 037E,0,0.0,,0,0,0,False
E01003666,Redbridge 038B,2,0.0,0.0,4,0,0,True
E01003668,Redbridge 007A,7,0.3934043209814815,0.056200617283068785,7,5,5,True
E01003669,Redbridge 007B,7,0.05671219135570988,0.008101741622244269,11,2,2,True
E01003670,Redbridge 007C,4,0.034135802469135806,0.008533950617283952,4,4,4,True
E01003671,Redbridge 007D,5,0.005961805555169753,0.0011923611110339506,5,2,2,True
E01003672,Redbridge 007E,1,0.0692199074054784,0.0692199074054784,1,1,1,True
E01003673,Redbridge 007F,3,0.010623842592592591,0.0035412808641975303,4,2,2,True
E01003674,Redbridge 007G,6,0.15844135802083334,0.026406893003472223,6,6,6,True
E01003675,Redbridge 036A,0,0.0,,0,0,0,False
E01003676,Redbridge 036B,0,0.0,,0,0,0,False
E01003677,Redbridge 036C,1,0.0,0.0,1,0,0,True
E01003678,Redbridge 036D,0,0.0,,0,0,0,False
E01003679,Redbridge 036E,0,0.0,,0,0,0,False
E01003680,Redbridge 036F,0,0.0,,0,0,0,False
E01003681,Redbridge 036G,1,0.0,0.0,2,0,0,True
E01003682,Redbridge 036H,0,0.0,,0,0,0,False
E01003683,Redbridge 040C,3,0.00011574074074074075,3.8580246913580246e-05,7,1,1,True
E01003684,Redbridge 040E,2,0.0,0.0,4,0,0,True
E01003685,Redbridge 040D,4,0.0,0.0,5,0,0,True
E01003686,Redbridge 040A,1,0.0,0.0,2,0,0,True
E01003688,Redbridge 040B,1,0.0,0.0,1,0,0,True
E01003689,Redbridge 039C,0,0.0,,0,0,0,False
E01003690,Redbridge 035A,1,0.0,0.0,2,0,0,True
E01003691,Redbridge 035B,1,0.0,0.0,2,0,0,True
E01003692,Redbridge 035C,5,0.03064891975154321,0.006129783950308642,5,4,4,True
E01003693,Redbridge 035D,0,0.0,,0,0,0,False
E01003694,Redbridge 035E,3,0.005641975308256173,0.001880658436085391,5,1,1,True
E01003695,Redbridge 035F,3,0.07413503086188271,0.0247116769539609,3,3,3,True
E01003696,Redbridge 035G,0,0.0,,0,0,0,False
E01003697,Redbridge 035H,1,0.0,0.0,2,0,0,True
E01003698,Redbridge 006A,1,0.0,0.0,2,0,0,True
E01003699,Redbridge 006B,0,0.0,,0,0,0,False
E01003700,Redbridge 006C,1,0.0,0.0,2,0,0,True
E01003701,Redbridge 006D,1,0.0,0.0,2,0,0,True
E01003702,Redbridge 006E,3,0.007990354937885804,0.0026634516459619344,3,3,3,True
E01003703,Redbridge 006F,1,0.0,0.0,2,0,0,True
E01003704,Redbridge 006G,1,0.0,0.0,2,0,0,True
E01003705,Redbridge 010A,0,0.0,,0,0,0,False
E01003706,Redbridge 010B,1,0.0,0.0,2,0,0,True
E01003707,Redbridge 008A,0,0.0,,0,0,0,False
E01003708,Redbridge 008B,3,0.0,0.0,8,0,0,True
E01003709,Redbridge 008C,0,0.0,,0,0,0,False
E01003710,Redbridge 008D,0,0.0,,0,0,0,False
E01003711,Redbridge 010C,1,0.004893518516975308,0.004893518516975308,1,1,1,True
E01003712,Redbridge 010D,0,0.0,,0,0,0,False
E01003713,Redbridge 034A,0,0.0,,0,0,0,False
E01003714,Redbridge 034B,11,0.18431597221450619,0.016755997474046016,11,6,6,True
E01003715,Redbridge 034C,2,0.0,0.0,12,0,0,True
E01003716,Redbridge 034D,2,0.0,0.0,4,0,0,True
E01003718,Redbridge 034E,2,0.0,0.0,4,0,0,True
E01003719,Redbridge 034F,5,0.06159571758680556,0.012319143517361112,18,2,1,True
E01003720,Redbridge 002A,3,0.16031867283796294,0.053439557612654315,3,1,1,True
E01003721,Redbridge 003A,0,0.0,,0,0,0,False
E01003722,Redbridge 002B,2,0.006682870369598765,0.0033414351847993826,2,2,2,True
E01003723,Redbridge 002C,1,0.03967322530825618,0.03967322530825618,1,1,1,True
E01003724,Redbridge 003B,1,0.0,0.0,1,0,0,True
E01003725,Redbridge 003C,0,0.0,,0,0,0,False
E01003726,Redbridge 002D,5,0.025358024687885804,0.00507160493757716,5,2,2,True
E01003727,Redbridge 003D,0,0.0,,0,0,0,False
E01003729,Redbridge 032B,0,0.0,,0,0,0,False
E01003730,Redbridge 032C,1,0.0,0.0,1,0,0,True
E01003731,Redbridge 033A,4,0.00011574074074074075,2.8935185185185186e-05,7,1,1,True
E01003732,Redbridge 032D,1,0.0,0.0,2,0,0,True
E01003733,Redbridge 032E,0,0.0,,0,0,0,False
E01003734,Redbridge 033B,1,0.0,0.0,2,0,0,True
E01003735,Redbridge 033C,1,0.0,0.0,2,0,0,True
E01003736,Redbridge 033D,0,0.0,,0,0,0,False
E01003737,Redbridge 031A,0,0.0,,0,0,0,False
E01003738,Redbridge 031B,1,0.0,0.0,2,0,0,True
E01003739,Redbridge 031C,2,0.0,0.0,4,0,0,True
E01003740,Redbridge 031D,4,0.0,0.0,10,0,0,True
E01003741,Redbridge 031E,0,0.0,,0,0,0,False
E01003742,Redbridge 031F,2,0.0,0.0,4,0,0,True
E01003743,Redbridge 031G,6,0.00011844135802469136,1.974022633744856e-05,12,2,2,True
E01003744,Redbridge 001A,1,0.0,0.0,2,0,0,True
E01003745,Redbridge 001B,0,0.0,,0,0,0,False
E01003746,Redbridge 001C,0,0.0,,0,0,0,False
E01003747,Redbridge 001D,1,0.0,0.0,2,0,0,True
E01003748,Redbridge 001E,0,0.0,,0,0,0,False
E01003749,Redbridge 001F,0,0.0,,0,0,0,False
E01003750,Redbridge 001G,10,0.0054623842590663585,0.0005462384259066358,12,2,2,True
E01003751,Redbridge 020A,2,0.0,0.0,4,0,0,True
E01003752,Redbridge 023A,1,0.0,0.0,2,0,0,True
E01003753,Redbridge 020B,0,0.0,,0,0,0,False
E01003754,Redbridge 020C,1,0.0,0.0,2,0,0,True
E01003755,Redbridge 023B,0,0.0,,0,0,0,False
E01003756,Redbridge 023C,0,0.0,,0,0,0,False
E01003757,Redbridge 020D,1,0.0,0.0,2,0,0,True
E01003759,Redbridge 009A,7,0.25757986110378084,0.036797123014825836,8,5,5,True
E01003760,Redbridge 009B,4,9.259259259259259e-06,2.3148148148148148e-06,5,1,1,True
E01003761,Redbridge 009C,0,0.0,,0,0,0,False
E01003762,Redbridge 009D,4,0.019645640431905864,0.004911410107976466,10,2,2,True
E01003763,Redbridge 009E,4,0.0,0.0,7,0,0,True
E01003764,Redbridge 009F,9,0.11796450616435185,0.01310716735159465,11,5,5,True
E01003765,Redbridge 009G,4,0.05812808641242284,0.01453202160310571,12,2,2,True
E01003766,Redbridge 024A,1,0.09450983796006944,0.09450983796006944,2,1,1,True
E01003767,Redbridge 024B,2,0.04090547839429012,0.02045273919714506,2,2,2,True
E01003768,Redbridge 024C,0,0.0,,0,0,0,False
E01003769,Redbridge 022A,0,0.0,,0,0,0,False
E01003770,Redbridge 022B,0,0.0,,0,0,0,False
E01003771,Redbridge 022C,0,0.0,,0,0,0,False
E01003772,Redbridge 024D,0,0.0,,0,0,0,False
E01003773,Redbridge 022D,0,0.0,,0,0,0,False
E01003774,Redbridge 014A,8,0.1418508873423997,0.017731360917799963,9,3,3,True
E01003775,Redbridge 014B,8,0.180793981474537,0.022599247684317127,9,6,6,True
E01003776,Redbridge 014C,0,0.0,,0,0,0,False
E01003777,Redbridge 014D,4,0.10632908950308644,0.02658227237577161,4,3,3,True
E01003778,Redbridge 014E,10,0.34989139658410495,0.034989139658410495,13,7,7,True
E01003779,Redbridge 014F,6,0.0030547839502314813,0.0005091306583719135,7,2,2,True
E01003780,Redbridge 014G,9,0.04123244598591821,0.0045813828873242455,11,5,4,True
E01003781,Redbridge 026A,1,0.0,0.0,2,0,0,True
E01003782,Redbridge 026B,1,0.0,0.0,2,0,0,True
E01003783,Redbridge 029A,1,0.0,0.0,2,0,0,True
E01003784,Redbridge 029B,0,0.0,,0,0,0,False
E01003785,Redbridge 029C,0,0.0,,0,0,0,False
E01003786,Redbridge 026C,1,0.0,0.0,2,0,0,True
E01003787,Redbridge 026D,1,0.0,0.0,2,0,0,True
E01003788,Redbridge 029D,0,0.0,,0,0,0,False
E01003789,Redbridge 018A,3,0.08448225308333333,0.028160751027777778,3,3,3,True
E01003790,Redbridge 027A,3,0.11080787036496913,0.036935956788323045,3,3,3,True
E01003791,Redbridge 027B,2,0.046435956788966046,0.023217978394483023,2,2,2,True
E01003792,Redbridge 027C,2,0.006997685184799383,0.0034988425923996916,3,1,1,True
E01003793,Redbridge 027D,4,0.11841049382021607,0.029602623455054017,4,4,4,True
E01003794,Redbridge 018B,1,0.12940432098495372,0.12940432098495372,1,1,1,True
E01003795,Redbridge 018C,1,0.047107638888503084,0.047107638888503084,1,1,1,True
E01003796,Redbridge 018D,1,0.009780092591820989,0.009780092591820989,1,1,1,True
E01003797,Richmond upon Thames 001A,14,0.22442959104128088,0.016030685074377205,17,14,12,True
E01003798,Richmond upon Thames 001B,16,0.18590374227758485,0.011618983892349053,17,15,14,True
E01003799,Richmond upon Thames 001C,19,0.18606674382175925,0.009792986516934698,19,12,12,True
E01003800,Richmond upon Thames 001D,13,0.3763400848661265,0.028949237297394348,14,12,12,True
E01003801,Richmond upon Thames 001E,12,0.22187191357407407,0.01848932613117284,12,10,10,True
E01003802,Richmond upon Thames 001F,6,0.09516666666358024,0.015861111110596706,6,6,6,True
E01003803,Richmond upon Thames 001G,9,0.0715114454691358,0.007945716163237311,11,9,8,True
E01003804,Richmond upon Thames 005A,7,0.15955626285050153,0.022793751835785935,12,7,6,True
E01003805,Richmond upon Thames 012A,10,0.10436844135223765,0.010436844135223765,10,7,7,True
E01003806,Richmond upon Thames 012B,6,0.07321296296064815,0.012202160493441359,6,5,5,True
E01003807,Richmond upon Thames 005B,18,0.06449807098533951,0.003583226165852195,24,10,9,True
E01003808,Richmond upon Thames 005C,23,0.2996929012199074,0.013030126139995973,23,13,13,True
E01003809,Richmond upon Thames 005D,11,0.29383487653780865,0.02671226150343715,13,8,8,True
E01003810,Richmond upon Thames 019A,11,0.16391242283603394,0.014901129348730358,11,8,8,True
E01003811,Richmond upon Thames 018A,13,0.21304706789583336,0.01638823599198718,13,12,12,True
E01003812,Richmond upon Thames 018B,17,0.21393518517862653,0.012584422657566267,17,10,10,True
E01003813,Richmond upon Thames 019B,4,0.1257908950601852,0.0314477237650463,4,4,4,True
E01003814,Richmond upon Thames 019C,11,0.28769367283024694,0.026153970257295177,12,7,7,True
E01003815,Richmond upon Thames 019D,7,0.5150169753020833,0.07357385361458334,7,6,6,True
E01003816,Richmond upon Thames 012C,8,0.056222415120756174,0.007027801890094522,10,5,5,True
E01003817,Richmond upon Thames 012D,17,0.29289660492708336,0.017229212054534315,17,13,13,True
E01003818,Richmond upon Thames 017A,7,0.33624614196952163,0.04803516313850309,7,7,7,True
E01003819,Richmond upon Thames 017B,9,0.40959336418942904,0.04551037379882545,10,6,6,True
E01003820,Richmond upon Thames 017C,19,0.5176271219000772,0.02724353273158301,21,16,16,True
E01003821,Richmond upon Thames 008A,3,0.056227237652584874,0.018742412550861624,5,4,3,True
E01003822,Richmond upon Thames 023A,3,0.0054429012337962965,0.0018143004112654321,3,3,3,True
E01003823,Richmond upon Thames 023B,6,0.06955979938194445,0.011593299896990742,6,4,4,True
E01003824,Richmond upon Thames 023C,8,0.08472106481134259,0.010590133101417824,8,5,5,True
E01003825,Richmond upon Thames 023D,6,0.010071373456018518,0.001678562242669753,7,2,2,True
E01003826,Richmond upon Thames 023E,6,0.02802199073945473,0.004670331789909121,8,5,3,True
E01003827,Richmond upon Thames 023F,13,0.07096103394868827,0.005458541072976021,13,5,5,True
E01003828,Richmond upon Thames 020A,1,0.012942129628858025,0.012942129628858025,1,1,1,True
E01003829,Richmond upon Thames 020B,9,0.15005246913271605,0.016672496570301783,9,5,5,True
E01003830,Richmond upon Thames 020C,4,0.1679089506114969,0.04197723765287423,4,3,3,True
E01003831,Richmond upon Thames 020D,2,0.03220987654243827,0.016104938271219137,2,1,1,True
E01003832,Richmond upon Thames 020E,2,0.0,0.0,2,0,0,True
E01003833,Richmond upon Thames 020F,3,0.07892438271373456,0.026308127571244854,3,3,3,True
E01003834,Richmond upon Thames 022A,7,0.1058503086396605,0.015121472662808642,7,4,4,True
E01003835,Richmond upon Thames 022B,12,0.08146141975115741,0.006788451645929784,12,4,4,True
E01003836,Richmond upon Thames 022C,5,0.09389197530632716,0.018778395061265434,5,4,4,True
E01003837,Richmond upon Thames 022D,6,0.22681635801967592,0.037802726336612656,7,5,5,True
E01003838,Richmond upon Thames 022E,7,0.126756944439429,0.018108134919918428,7,6,6,True
E01003839,Richmond upon Thames 022F,4,0.0169537037033179,0.004238425925829475,5,1,1,True
E01003840,Richmond upon Thames 013A,2,0.00015277777777777777,7.638888888888889e-05,2,2,2,True
E01003841,Richmond upon Thames 013B,6,0.2369533178939043,0.03949221964898405,6,6,6,True
E01003842,Richmond upon Thames 013C,7,0.029742026748585393,0.004248860964083627,9,3,3,True
E01003843,Richmond upon Thames 013D,3,0.17446682098225308,0.05815560699408436,3,3,3,True
E01003844,Richmond upon Thames 013E,8,0.028582561727237655,0.003572820215904707,8,5,5,True
E01003845,Richmond upon Thames 013F,1,0.07657214505979938,0.07657214505979938,1,1,1,True
E01003846,Richmond upon Thames 002A,23,0.23502745627109053,0.010218585055264805,26,12,10,True
E01003847,Richmond upon Thames 002B,7,0.0482372685154321,0.006891038359347443,7,5,5,True
E01003848,Richmond upon Thames 004A,21,0.3409934413425926,0.016237782921075836,21,13,13,True
E01003849,Richmond upon Thames 002C,15,0.13028523662075617,0.008685682441383744,23,14,10,True
E01003851,Richmond upon Thames 002D,15,0.1976512345628858,0.013176748970859053,15,11,11,True
E01003852,Richmond upon Thames 003A,9,0.17843865740264916,0.01982651748918324,14,9,7,True
E01003853,Richmond upon Thames 003B,15,0.19292901233834878,0.01286193415588992,17,10,10,True
E01003854,Richmond upon Thames 003C,15,0.23603266460300926,0.01573551097353395,19,17,13,True
E01003855,Richmond upon Thames 003D,4,0.0880960648140432,0.0220240162035108,4,2,2,True
E01003856,Richmond upon Thames 003E,11,0.20017881943672838,0.018198074494248036,13,9,9,True
E01003857,Richmond upon Thames 003F,19,0.15889171810005145,0.008362722005265865,22,16,16,True
E01003858,Richmond upon Thames 003G,27,0.19082619597897377,0.00706763688811014,29,19,19,True
E01003859,Richmond upon Thames 005E,22,0.26607150204526747,0.012094159183875795,31,16,15,True
E01003860,Richmond upon Thames 002E,18,0.10271219135493828,0.005706232853052127,23,12,12,True
E01003861,Richmond upon Thames 004C,18,0.19050585133172582,0.0105836584073181,21,13,12,True
E01003862,Richmond upon Thames 004D,5,0.04212519289274692,0.008425038578549383,6,4,3,True
E01003863,Richmond upon Thames 004E,11,0.10032073044868826,0.009120066404426206,13,9,8,True
E01003864,Richmond upon Thames 002F,17,0.17568306326388888,0.010334297839052287,22,13,12,True
E01003865,Richmond upon Thames 004F,12,0.2691265431840278,0.022427211932002315,15,12,11,True
E01003866,Richmond upon Thames 007A,20,0.478283179003858,0.0239141589501929,20,16,16,True
E01003867,Richmond upon Thames 011A,9,0.14524241254655348,0.016138045838505942,11,9,7,True
E01003868,Richmond upon Thames 007B,21,0.15054282406944444,0.0071687059080687825,24,15,15,True
E01003869,Richmond upon Thames 011B,7,0.08840624999729937,0.012629464285328481,7,6,6,True
E01003870,Richmond upon Thames 011C,10,0.1144614197507716,0.011446141975077161,10,7,7,True
E01003871,Richmond upon Thames 007C,13,0.29020106738097995,0.02232315902930615,20,10,8,True
E01003872,Richmond upon Thames 007D,6,0.04608950617091049,0.007681584361818415,6,5,5,True
E01003873,Richmond upon Thames 006A,11,0.05485879629359568,0.0049871632994177885,11,5,5,True
E01003874,Richmond upon Thames 006B,6,0.06927353394830248,0.011545588991383747,6,5,5,True
E01003875,Richmond upon Thames 006C,2,0.0015972222195216048,0.0007986111097608024,2,1,1,True
E01003876,Richmond upon Thames 008B,4,0.00904591049382716,0.00226147762345679,4,3,3,True
E01003877,Richmond upon Thames 008C,8,0.1392503857982253,0.017406298224778162,8,6,6,True
E01003878,Richmond upon Thames 006D,14,0.23721874999459877,0.016944196428185627,15,12,12,True
E01003879,Richmond upon Thames 008D,7,0.0508641975304784,0.007266313932925485,7,6,6,True
E01003880,Richmond upon Thames 016A,10,0.21619290122415125,0.021619290122415126,10,9,9,True
E01003881,Richmond upon Thames 016B,6,0.05538040123225308,0.00923006687204218,6,3,3,True
E01003882,Richmond upon Thames 014A,12,0.09537924382445988,0.00794827031870499,12,9,9,True
E01003883,Richmond upon Thames 014B,23,0.2604498456722608,0.011323906333576557,24,15,15,True
E01003884,Richmond upon Thames 016C,14,0.12360763888657407,0.00882911706332672,16,9,9,True
E01003885,Richmond upon Thames 016D,5,0.09125308641743828,0.018250617283487654,6,6,5,True
E01003886,Richmond upon Thames 021A,16,0.16867309670473252,0.010542068544045782,18,12,11,True
E01003887,Richmond upon Thames 021B,17,0.12091126542901234,0.007112427378177196,17,9,9,True
E01003888,Richmond upon Thames 021C,17,0.25144688785429525,0.014790993403193838,19,13,13,True
E01003889,Richmond upon Thames 021D,11,0.11178626542824074,0.010162387766203705,12,9,9,True
E01003890,Richmond upon Thames 018C,6,0.018217206788580246,0.003036201131430041,6,5,5,True
E01003891,Richmond upon Thames 018D,5,0.10577854938117283,0.021155709876234566,5,4,4,True
E01003892,Richmond upon Thames 009A,15,0.12790020575745886,0.00852668038383059,22,12,8,True
E01003893,Richmond upon Thames 009B,10,0.13561458333063273,0.013561458333063273,12,5,5,True
E01003894,Richmond upon Thames 009C,19,0.19016570215084877,0.010008721165834145,22,14,13,True
E01003895,Richmond upon Thames 009D,14,0.09161188271064814,0.0065437059079034385,14,9,9,True
E01003896,Richmond upon Thames 014C,9,0.0934585262326389,0.010384280692515433,10,4,4,True
E01003897,Richmond upon Thames 014D,8,0.15957716048804013,0.019947145061005016,8,7,7,True
E01003898,Richmond upon Thames 015A,7,0.042285879628086415,0.0060408399468694874,7,4,4,True
E01003899,Richmond upon Thames 015B,5,0.022109953703125004,0.004421990740625001,6,4,3,True
E01003900,Richmond upon Thames 015C,6,0.03496103394984568,0.005826838991640946,7,3,3,True
E01003901,Richmond upon Thames 015D,1,0.0021574074074074074,0.0021574074074074074,3,2,1,True
E01003902,Richmond upon Thames 015E,4,0.010300540122685185,0.0025751350306712963,4,2,2,True
E01003903,Richmond upon Thames 015F,7,0.057197530863425924,0.008171075837632274,7,4,4,True
E01003904,Richmond upon Thames 015G,12,0.054040123449459875,0.004503343620788323,12,8,8,True
E01003905,Richmond upon Thames 010A,8,0.03418389917515432,0.00427298739689429,10,6,4,True
E01003906,Richmond upon Thames 010B,13,0.10934027777430556,0.008410790598023505,13,8,8,True
E01003907,Richmond upon Thames 010C,4,0.12975154320794752,0.03243788580198688,4,3,3,True
E01003908,Richmond upon Thames 010D,3,0.09505478394675926,0.031684927982253086,3,2,2,True
E01003909,Richmond upon Thames 010E,2,0.0321597222191358,0.0160798611095679,2,2,2,True
E01003910,Richmond upon Thames 011D,5,0.0560960648140432,0.011219212962808641,5,1,1,True
E01003911,Southwark 020A,2,0.21235030863811727,0.10617515431905863,2,2,2,True
E01003912,Southwark 019A,3,0.28348996912808644,0.09449665637602882,3,3,3,True
E01003913,Southwark 024A,12,0.635428819415895,0.05295240161799125,13,13,12,True
E01003914,Southwark 024B,33,0.7405505400972222,0.022440925457491583,33,28,28,True
E01003915,Southwark 024C,13,0.5810119598505016,0.044693227680807815,14,14,13,True
E01003916,Southwark 020B,10,0.5156689814656635,0.051566898146566356,10,10,10,True
E01003917,Southwark 020C,6,0.484257330236304,0.080709555039384,8,7,5,True
E01003918,Southwark 020D,3,0.24948379628665124,0.08316126542888375,3,3,3,True
E01003919,Southwark 021A,20,1.1675474536716821,0.0583773726835841,20,20,20,True
E01003920,Southwark 021B,9,0.6164737654000771,0.06849708504445301,9,9,9,True
E01003921,Southwark 021C,2,0.05860686728202161,0.029303433641010804,2,2,2,True
E01003922,Southwark 021D,8,0.3435327931979167,0.042941599149739586,8,7,7,True
E01003923,Southwark 017A,8,0.24751286007574588,0.030939107509468235,10,8,6,True
E01003924,Southwark 021E,6,0.3565999228260031,0.05943332047100052,6,6,6,True
E01003925,Southwark 020E,8,0.7974883294510031,0.09968604118137539,11,9,8,True
E01003926,Southwark 021F,5,0.3170605709787809,0.06341211419575618,5,4,4,True
E01003929,Southwark 002B,6,0.026567515430169747,0.0044279192383616245,12,2,2,True
E01003930,Southwark 034A,6,0.32358680553047836,0.05393113425507973,6,6,6,True
E01003932,Southwark 034B,4,0.1046701388753858,0.02616753471884645,4,4,4,True
E01003933,Southwark 034C,5,0.12826851851427468,0.025653703702854934,5,4,4,True
E01003934,Southwark 002C,18,0.857357253066358,0.04763095850368656,21,15,15,True
E01003935,Southwark 002D,1,0.0,0.0,3,0,0,True
E01003936,Southwark 009A,4,0.3868985339386574,0.09672463348466435,11,3,3,True
E01003937,Southwark 009B,4,0.22967206788888891,0.05741801697222223,5,2,2,True
E01003938,Southwark 006A,6,0.6080640431878858,0.10134400719798096,6,6,6,True
E01003939,Southwark 002E,3,0.23051851851041666,0.07683950617013889,3,3,3,True
E01003940,Southwark 006B,10,1.1341408178611112,0.11341408178611112,10,10,10,True
E01003941,Southwark 006C,6,0.24697704474537036,0.04116284079089506,7,7,6,True
E01003942,Southwark 006D,6,0.5632025462770062,0.0938670910461677,7,7,6,True
E01003943,Southwark 009C,16,1.2040393518020833,0.07525245948763021,16,15,15,True
E01003945,Southwark 033A,10,0.269672260794946,0.0269672260794946,11,9,8,True
E01003946,Southwark 033B,13,1.3863900462669752,0.10664538817438271,13,12,12,True
E01003947,Southwark 033C,1,7.716049382716049e-07,7.716049382716049e-07,1,1,1,True
E01003948,Southwark 033D,8,0.24327777777391973,0.030409722221739967,8,7,7,True
E01003949,Southwark 032A,6,0.16670100308179012,0.027783500513631685,6,6,6,True
E01003950,Southwark 032B,15,0.2150069444351852,0.014333796295679014,16,12,12,True
E01003951,Southwark 033E,15,0.526723765413966,0.035114917694264405,15,12,12,True
E01003952,Southwark 030A,28,0.1818819444382716,0.006495783729938272,28,19,19,True
E01003953,Southwark 028A,31,0.25175655863310187,0.008121179310745222,31,22,22,True
E01003954,Southwark 030B,21,0.19004166665432098,0.009049603174015285,22,15,15,True
E01003955,Southwark 028B,25,0.1912430555466821,0.007649722221867284,25,17,17,True
E01003956,Southwark 030C,24,0.1838842592507716,0.007661844135448816,24,18,18,True
E01003957,Southwark 032C,14,0.18480709875578705,0.013200507053984789,14,11,11,True
E01003958,Southwark 032D,11,0.05609490740547839,0.005099537036861672,11,6,6,True
E01003960,Southwark 012A,11,0.1606049382681327,0.01460044893346661,11,10,10,True
E01003961,Southwark 012B,11,0.7985617283796296,0.07259652076178451,11,10,10,True
E01003963,Southwark 016A,4,0.4910949073939043,0.12277372684847608,4,4,4,True
E01003966,Southwark 015B,16,1.5545057869936343,0.09715661168710214,17,16,15,True
E01003969,Southwark 017B,8,0.17530478394444443,0.021913097993055554,8,5,5,True
E01003971,Southwark 015D,2,0.2640316357943673,0.13201581789718364,2,2,2,True
E01003972,Southwark 016D,16,0.7239583333099923,0.045247395831874516,17,16,16,True
E01003973,Southwark 016E,6,0.1632627314737654,0.02721045524562757,6,5,5,True
E01003975,Southwark 004A,5,0.14200462962422838,0.028400925924845676,5,3,3,True
E01003976,Southwark 036D,6,0.5736277005964506,0.09560461676607511,6,6,6,True
E01003977,Southwark 010A,6,0.46224729937307096,0.0770412165621785,6,5,5,True
E01003979,Southwark 006E,2,0.06927893518132716,0.03463946759066358,7,1,1,True
E01003980,Southwark 013A,6,0.197497299376929,0.0329162165628215,25,5,5,True
E01003981,Southwark 006F,4,0.45736419751504626,0.11434104937876156,4,4,4,True
E01003983,Southwark 018A,11,0.5964479166516204,0.05422253787742004,11,10,10,True
E01003984,Southwark 023A,19,0.5838422067750771,0.03072853719868827,19,19,19,True
E01003986,Southwark 011A,3,0.17089429011921295,0.056964763373070985,3,3,3,True
E01003987,Southwark 011B,7,0.4537191357858796,0.0648170193979828,7,7,7,True
E01003988,Southwark 018B,20,0.8882380400952932,0.04441190200476466,20,19,19,True
E01003989,Southwark 018C,7,0.3768333333225309,0.05383333333179013,7,7,7,True
E01003990,Southwark 018D,14,0.804207690313143,0.05744340645093878,16,14,12,True
E01003991,Southwark 017C,9,0.6555123456562499,0.07283470507291666,10,10,9,True
E01003992,Southwark 014A,14,0.7944313271454475,0.056745094796103394,14,13,13,True
E01003993,Southwark 017D,3,0.16353665122916666,0.05451221707638889,3,3,3,True
E01003994,Southwark 012E,16,1.1109425154004628,0.06943390721252893,16,15,15,True
E01003995,Southwark 014B,10,0.43395023146103395,0.0433950231461034,10,10,10,True
E01003997,Southwark 017E,10,0.26048881171489197,0.026048881171489197,11,9,9,True
E01003998,Southwark 014D,12,0.8495466820829476,0.07079555684024563,12,10,10,True
E01003999,Southwark 014E,16,0.502041666654321,0.031377604165895065,16,13,13,True
E01004000,Southwark 026A,10,0.2472615740655864,0.02472615740655864,10,10,10,True
E01004001,Southwark 026B,11,0.3995601851709105,0.036323653197355504,11,10,10,True
E01004002,Southwark 029A,27,0.8598657407199074,0.031846879285922496,27,22,22,True
E01004003,Southwark 023B,17,0.42272145060146604,0.024865967682439177,18,17,16,True
E01004004,Southwark 023C,17,0.4240628857932099,0.024944875634894698,18,13,13,True
E01004005,Southwark 023D,11,0.22355401233680555,0.020323092030618686,11,10,10,True
E01004006,Southwark 023E,33,0.5137426697368828,0.015567959688996448,33,27,27,True
E01004007,Southwark 018E,5,0.2752584876446759,0.055051697528935184,5,5,5,True
E01004008,Southwark 022B,9,0.4536651234409722,0.0504072359378858,9,8,8,True
E01004010,Southwark 022D,7,0.4983256172696759,0.07118937389566798,7,7,7,True
E01004011,Southwark 019B,10,0.4736149691203703,0.04736149691203703,10,10,10,True
E01004012,Southwark 019C,13,0.6632843363996914,0.05102187203074549,13,13,13,True
E01004013,Southwark 019D,7,0.2146620370289352,0.030666005289847885,7,6,6,True
E01004014,Southwark 019E,3,0.5609857252997685,0.18699524176658952,3,3,3,True
E01004015,Southwark 028C,12,0.1314247685158179,0.010952064042984827,12,9,9,True
E01004016,Southwark 029B,42,0.9875856481141976,0.02351394400271899,48,34,34,True
E01004017,Southwark 029C,14,0.2576207561662809,0.01840148258330578,14,12,12,True
E01004018,Southwark 032E,23,0.7841616512133488,0.03409398483536299,23,22,22,True
E01004019,Southwark 026C,17,0.38613194443171295,0.02271364379010076,17,12,12,True
E01004020,Southwark 029D,10,0.20635879628703704,0.020635879628703703,10,8,8,True
E01004021,Southwark 028D,21,0.5905902777584876,0.02812334655992798,21,18,18,True
E01004023,Southwark 004D,6,0.4265216049205247,0.07108693415342078,6,6,6,True
E01004024,Southwark 011C,6,0.3586520061612654,0.0597753343602109,6,6,6,True
E01004028,Southwark 004E,15,0.45198919750906635,0.030132613167271092,18,16,13,True
E01004029,Southwark 001A,7,0.3274112654228395,0.0467730379175485,7,6,6,True
E01004030,Southwark 007A,5,0.3290856481304012,0.06581712962608025,5,5,5,True
E01004031,Southwark 007B,4,0.03914506172646605,0.009786265431616512,7,2,2,True
E01004032,Southwark 001B,1,0.05639004629475309,0.05639004629475309,1,1,1,True
E01004033,Southwark 007C,6,0.21247029319714505,0.03541171553285751,6,6,6,True
E01004034,Southwark 007D,6,0.5152619598645833,0.08587699331076389,6,6,6,True
E01004035,Southwark 011D,9,0.30358294751620374,0.03373143861291153,9,9,9,True
E01004036,Southwark 007E,5,0.41700462961381174,0.08340092592276235,5,5,5,True
E01004037,Southwark 010B,2,0.1285100308584105,0.06425501542920525,2,2,2,True
E01004038,Southwark 010C,8,0.6160725308503086,0.07700906635628857,8,8,8,True
E01004039,Southwark 013B,5,0.39252700616010805,0.07850540123202161,5,5,5,True
E01004040,Southwark 013C,1,0.07593094135455246,0.07593094135455246,1,1,1,True
E01004041,Southwark 013D,1,0.10738233024382716,0.10738233024382716,1,1,1,True
E01004042,Southwark 010D,11,0.7665756172581019,0.06968869247800925,11,11,11,True
E01004043,Southwark 010E,12,0.20454205246103396,0.017045171038419498,14,10,8,True
E01004044,Southwark 013E,3,0.38746566357137346,0.12915522119045783,3,3,3,True
E01004045,Southwark 027A,10,0.7019533178811729,0.0701953317881173,10,10,10,True
E01004046,Southwark 028E,6,0.06685493827083333,0.011142489711805556,6,4,4,True
E01004047,Southwark 027B,14,0.4157611882608025,0.029697227732914465,15,13,13,True
E01004048,Southwark 027C,14,0.1322654320952932,0.009447530863949515,14,10,10,True
E01004049,Southwark 027D,3,0.07138310185146604,0.023794367283822015,3,2,2,True
E01004050,Southwark 024D,10,0.37222955246026235,0.037222955246026236,10,8,8,True
E01004051,Southwark 027E,6,0.029159336415509256,0.004859889402584876,6,4,4,True
E01004052,Southwark 024E,23,0.5247222222071759,0.02281400966118156,23,20,20,True
E01004053,Southwark 001C,1,0.10223456789621914,0.10223456789621914,1,1,1,True
E01004054,Southwark 001D,2,0.02606905864197531,0.013034529320987654,3,1,1,True
E01004055,Southwark 001E,4,0.2462345678939043,0.061558641973476075,4,4,4,True
E01004056,Southwark 008A,5,0.3798692129544753,0.07597384259089505,5,5,5,True
E01004057,Southwark 008B,3,0.10795447530555556,0.03598482510185185,3,3,3,True
E01004058,Southwark 008C,3,0.047988040116512344,0.01599601337217078,3,2,2,True
E01004059,Southwark 008D,2,0.21162268517939814,0.10581134258969907,2,2,2,True
E01004060,Southwark 008E,5,0.39811882714814817,0.07962376542962964,5,5,5,True
E01004061,Southwark 025A,25,0.4448437499868827,0.01779374999947531,25,16,16,True
E01004062,Southwark 025B,3,0.12047955246489198,0.040159850821630656,3,2,2,True
E01004063,Southwark 025C,4,0.1325038580162037,0.03312596450405093,4,4,4,True
E01004064,Southwark 026D,11,0.29139255400289354,0.02649023218208123,12,9,9,True
E01004065,Southwark 025D,0,0.0,,0,0,0,False
E01004066,Southwark 025E,21,0.9185273919483025,0.04373939961658583,22,21,20,True
E01004067,Southwark 022E,13,0.22494251542361113,0.017303270417200856,13,12,12,True
E01004068,Southwark 026E,23,0.6400223765289352,0.02782705984908414,23,20,20,True
E01004069,Southwark 031A,2,0.015308256172582307,0.0076541280862911535,4,2,1,True
E01004070,Southwark 031B,41,0.41465875770084876,0.010113628236606068,47,31,26,True
E01004071,Southwark 030D,23,0.16755478394405865,0.0072849906062634195,23,17,17,True
E01004072,Southwark 030E,24,0.1407386573949074,0.005864110724787808,28,20,17,True
E01004073,Southwark 031C,26,0.11269058641473766,0.004334253323643756,26,15,15,True
E01004074,Southwark 031D,31,0.7665003857785494,0.02472581889608224,35,27,26,True
E01004075,Southwark 031E,28,0.3658707561628086,0.013066812720100308,28,20,20,True
E01004076,Sutton 011A,4,0.09768904320833333,0.02442226080208333,6,3,3,True
E01004077,Sutton 011B,2,5.787037037037037e-05,2.8935185185185186e-05,3,1,1,True
E01004078,Sutton 011C,2,0.04209220678858024,0.02104610339429012,2,2,2,True
E01004079,Sutton 011D,3,0.00622878086400463,0.002076260288001543,5,4,3,True
E01004080,Sutton 011E,0,0.0,,0,0,0,False
E01004081,Sutton 011F,0,0.0,,0,0,0,False
E01004082,Sutton 011G,0,0.0,,0,0,0,False
E01004083,Sutton 019A,0,0.0,,0,0,0,False
E01004084,Sutton 024A,0,0.0,,0,0,0,False
E01004085,Sutton 024B,0,0.0,,0,0,0,False
E01004086,Sutton 019B,0,0.0,,0,0,0,False
E01004087,Sutton 017A,2,6.520061651234568e-05,3.260030825617284e-05,2,1,1,True
E01004088,Sutton 019C,0,0.0,,0,0,0,False
E01004089,Sutton 019D,0,0.0,,0,0,0,False
E01004090,Sutton 021A,0,0.0,,0,0,0,False
E01004091,Sutton 022A,0,0.0,,0,0,0,False
E01004092,Sutton 022B,3,0.20943711419135805,0.06981237139711935,3,2,2,True
E01004093,Sutton 025A,0,0.0,,0,0,0,False
E01004094,Sutton 025B,0,0.0,,0,0,0,False
E01004095,Sutton 025C,0,0.0,,0,0,0,False
E01004096,Sutton 021B,2,0.04641550925810185,0.023207754629050927,2,2,2,True
E01004097,Sutton 015A,0,0.0,,0,0,0,False
E01004098,Sutton 015B,3,0.06899421296257716,0.02299807098752572,3,2,2,True
E01004099,Sutton 015C,6,0.11761496911882714,0.019602494853137857,12,3,2,True
E01004100,Sutton 015D,1,0.024760802467206793,0.024760802467206793,1,1,1,True
E01004101,Sutton 013A,0,0.0,,0,0,0,False
E01004102,Sutton 015E,5,0.08620756172492283,0.017241512344984566,5,4,4,True
E01004103,Sutton 013B,3,0.039747299381558646,0.013249099793852881,3,2,2,True
E01004104,Sutton 020A,1,0.0,0.0,1,0,0,True
E01004105,Sutton 022C,0,0.0,,0,0,0,False
E01004106,Sutton 022D,0,0.0,,0,0,0,False
E01004107,Sutton 020B,2,0.01850308641898148,0.00925154320949074,2,1,1,True
E01004108,Sutton 024C,0,0.0,,0,0,0,False
E01004109,Sutton 024D,0,0.0,,0,0,0,False
E01004110,Sutton 016A,0,0.0,,0,0,0,False
E01004111,Sutton 016B,0,0.0,,0,0,0,False
E01004112,Sutton 016C,0,0.0,,0,0,0,False
E01004114,Sutton 025D,0,0.0,,0,0,0,False
E01004115,Sutton 009A,1,0.003523148148148148,0.003523148148148148,1,1,1,True
E01004116,Sutton 008A,0,0.0,,0,0,0,False
E01004117,Sutton 006A,0,0.0,,0,0,0,False
E01004118,Sutton 009B,6,0.08519945986786265,0.014199909977977107,13,2,1,True
E01004119,Sutton 009C,2,0.10991165122530863,0.054955825612654316,5,2,1,True
E01004120,Sutton 016D,0,0.0,,0,0,0,False
E01004121,Sutton 006B,3,0.11207658177565587,0.03735886059188529,8,3,2,True
E01004122,Sutton 008B,0,0.0,,0,0,0,False
E01004123,Sutton 002A,1,0.0,0.0,1,0,0,True
E01004124,Sutton 002B,1,1.5817900848765434e-05,1.5817900848765434e-05,1,1,1,True
E01004125,Sutton 001A,2,0.012185185184799384,0.006092592592399692,2,2,2,True
E01004126,Sutton 002C,0,0.0,,0,0,0,False
E01004127,Sutton 005A,0,0.0,,0,0,0,False
E01004128,Sutton 002D,0,0.0,,0,0,0,False
E01004129,Sutton 002E,0,0.0,,0,0,0,False
E01004130,Sutton 003A,3,0.14548591819193674,0.048495306063978914,6,2,1,True
E01004131,Sutton 003B,1,0.0,0.0,2,0,0,True
E01004132,Sutton 009D,0,0.0,,0,0,0,False
E01004133,Sutton 009E,0,0.0,,0,0,0,False
E01004134,Sutton 003C,0,0.0,,0,0,0,False
E01004135,Sutton 003D,0,0.0,,0,0,0,False
E01004136,Sutton 003E,0,0.0,,0,0,0,False
E01004137,Sutton 012A,1,0.0,0.0,1,0,0,True
E01004138,Sutton 013C,2,0.0,0.0,2,0,0,True
E01004139,Sutton 013D,2,0.0816983024660494,0.0408491512330247,2,2,2,True
E01004140,Sutton 012B,3,0.1141927083285108,0.0380642361095036,4,4,3,True
E01004141,Sutton 012C,3,0.03080324073881173,0.010267746912937243,3,3,3,True
E01004143,Sutton 014A,5,0.11860185184490739,0.02372037036898148,5,4,4,True
E01004144,Sutton 007A,0,0.0,,0,0,0,False
E01004145,Sutton 007B,0,0.0,,0,0,0,False
E01004146,Sutton 007C,4,0.018472993827160496,0.004618248456790124,4,1,1,True
E01004147,Sutton 007D,0,0.0,,0,0,0,False
E01004148,Sutton 014B,1,0.014071373456790123,0.014071373456790123,1,1,1,True
E01004149,Sutton 012E,1,0.002009645061728395,0.002009645061728395,1,1,1,True
E01004150,Sutton 021C,2,0.08328858024459876,0.04164429012229938,2,2,2,True
E01004151,Sutton 021D,1,0.0,0.0,1,0,0,True
E01004152,Sutton 018A,1,0.06501813271412037,0.06501813271412037,1,1,1,True
E01004153,Sutton 021E,1,0.06193634259027777,0.06193634259027777,1,1,1,True
E01004154,Sutton 022E,1,0.013332947530478395,0.013332947530478395,1,1,1,True
E01004155,Sutton 018B,4,0.06732291666300154,0.016830729165750385,5,4,4,True
E01004156,Sutton 018C,1,0.025483217592013892,0.025483217592013892,2,2,1,True
E01004157,Sutton 016E,0,0.0,,0,0,0,False
E01004158,Sutton 018D,2,0.09056404320833335,0.045282021604166674,3,2,2,True
E01004159,Sutton 014C,0,0.0,,0,0,0,False
E01004160,Sutton 014D,3,0.01448881172839506,0.00482960390946502,3,2,2,True
E01004161,Sutton 014E,1,0.0,0.0,1,0,0,True
E01004162,Sutton 018E,3,0.006590084875385803,0.0021966949584619343,4,4,3,True
E01004163,Sutton 005B,0,0.0,,0,0,0,False
E01004164,Sutton 004A,0,0.0,,0,0,0,False
E01004165,Sutton 005C,2,0.011290509259259259,0.005645254629629629,2,2,2,True
E01004166,Sutton 004B,2,0.018839506172453703,0.009419753086226852,2,1,1,True
E01004167,Sutton 005D,0,0.0,,0,0,0,False
E01004168,Sutton 013E,0,0.0,,0,0,0,False
E01004169,Sutton 004C,0,0.0,,0,0,0,False
E01004170,Sutton 017B,1,0.003638117283950617,0.003638117283950617,1,1,1,True
E01004171,Sutton 010A,0,0.0,,0,0,0,False
E01004172,Sutton 010B,5,0.026000771604938272,0.005200154320987654,5,4,4,True
E01004173,Sutton 010C,1,0.0,0.0,1,0,0,True
E01004174,Sutton 017C,2,0.09521836419598764,0.04760918209799382,2,2,2,True
E01004175,Sutton 010D,1,0.025379629628858025,0.025379629628858025,1,1,1,True
E01004176,Sutton 010E,0,0.0,,0,0,0,False
E01004177,Sutton 020C,3,0.12366358024459875,0.04122119341486625,3,3,3,True
E01004178,Sutton 017D,0,0.0,,0,0,0,False
E01004179,Sutton 017E,4,0.03421373456751543,0.008553433641878858,4,2,2,True
E01004180,Sutton 020D,2,0.13003587962885801,0.06501793981442901,2,2,2,True
E01004181,Sutton 020E,4,0.06396064814737655,0.015990162036844138,4,4,4,True
E01004182,Sutton 019E,4,0.0394699074068287,0.009867476851707175,5,4,4,True
E01004183,Sutton 001B,0,0.0,,0,0,0,False
E01004184,Sutton 001C,0,0.0,,0,0,0,False
E01004185,Sutton 001D,0,0.0,,0,0,0,False
E01004186,Sutton 004D,4,0.24841936727893518,0.062104841819733796,4,4,4,True
E01004187,Sutton 005E,0,0.0,,0,0,0,False
E01004189,Sutton 001E,0,0.0,,0,0,0,False
E01004190,Sutton 008C,0,0.0,,0,0,0,False
E01004191,Sutton 008D,2,0.09080054012191358,0.04540027006095679,2,1,1,True
E01004192,Sutton 006C,1,0.017230709875771605,0.017230709875771605,1,1,1,True
E01004193,Sutton 006D,0,0.0,,0,0,0,False
E01004194,Sutton 008E,0,0.0,,0,0,0,False
E01004195,Sutton 006E,2,0.02534837962847222,0.01267418981423611,2,2,2,True
E01004196,Sutton 008F,0,0.0,,0,0,0,False
E01004198,Tower Hamlets 002B,9,0.32196926439673357,0.03577436271074817,11,10,8,True
E01004199,Tower Hamlets 002C,18,0.5476477623368056,0.030424875685378088,18,17,17,True
E01004200,Tower Hamlets 005A,20,1.0003688271392748,0.05001844135696374,20,20,20,True
E01004201,Tower Hamlets 002D,20,0.49203858023996916,0.02460192901199846,20,15,15,True
E01004202,Tower Hamlets 005B,16,0.6953437499911265,0.043458984374445404,16,13,13,True
E01004203,Tower Hamlets 005C,22,0.31822415122530867,0.01446473414660494,22,16,16,True
E01004204,Tower Hamlets 005D,16,0.1477060185150463,0.009231626157190394,16,11,11,True
E01004205,Tower Hamlets 013A,12,0.4076300154228395,0.033969167951903294,12,11,11,True
E01004206,Tower Hamlets 013B,6,0.02147222222029321,0.003578703703382202,6,5,5,True
E01004207,Tower Hamlets 011A,28,0.23579822530324074,0.008421365189401455,28,19,19,True
E01004208,Tower Hamlets 013C,6,0.21149639917412552,0.03524939986235425,8,6,4,True
E01004209,Tower Hamlets 011B,20,0.6227507715891203,0.031137538579456014,20,18,18,True
E01004211,Tower Hamlets 013D,31,0.6744714506003087,0.021757143567751894,31,23,23,True
E01004212,Tower Hamlets 011D,15,0.3048506944363426,0.02032337962908951,15,14,14,True
E01004214,Tower Hamlets 030A,3,0.046153163579475305,0.015384387859825101,3,2,2,True
E01004216,Tower Hamlets 030B,14,0.4403128857932099,0.0314509204138007,14,11,11,True
E01004217,Tower Hamlets 030C,45,0.8762700617006173,0.019472668037791494,45,35,35,True
E01004218,Tower Hamlets 030D,29,0.38860455245679015,0.013400156981268625,30,22,22,True
E01004219,Tower Hamlets 035B,25,0.2647021604861111,0.010588086419444444,26,20,20,True
E01004221,Tower Hamlets 036A,11,0.2771520061658951,0.02519563692417228,12,9,9,True
E01004222,Tower Hamlets 001A,12,0.07379398147955246,0.006149498456629372,12,7,7,True
E01004223,Tower Hamlets 001B,9,0.11087860082047324,0.012319844535608138,11,5,3,True
E01004226,Tower Hamlets 001D,25,0.4343398919675926,0.017373595678703703,25,14,14,True
E01004228,Tower Hamlets 003A,41,0.13021720678780863,0.003176029433848991,41,8,8,True
E01004229,Tower Hamlets 004C,32,0.26589776233641976,0.008309305073013118,32,19,19,True
E01004230,Tower Hamlets 003B,35,0.3619899691261574,0.01034257054646164,35,24,24,True
E01004231,Tower Hamlets 004D,42,0.673622299371142,0.016038626175503383,42,37,37,True
E01004232,Tower Hamlets 003C,63,0.38324498455748457,0.006083253723134676,63,24,24,True
E01004233,Tower Hamlets 003D,6,0.0874332561720679,0.014572209362011318,6,3,3,True
E01004234,Tower Hamlets 003E,46,0.3896153549255401,0.008469899020120438,49,26,26,True
E01004235,Tower Hamlets 008A,0,0.0,,0,0,0,False
E01004236,Tower Hamlets 008B,17,0.565685956777392,0.03327564451631718,17,13,13,True
E01004237,Tower Hamlets 008C,1,0.006706018518518518,0.006706018518518518,1,1,1,True
E01004239,Tower Hamlets 008E,11,0.40947260801118823,0.03722478254647166,11,9,9,True
E01004240,Tower Hamlets 012A,32,1.3728587962631174,0.04290183738322242,32,29,29,True
E01004241,Tower Hamlets 012B,28,0.6232388117129629,0.022258528989748675,28,21,21,True
E01004243,Tower Hamlets 020A,4,0.5475999228209877,0.13689998070524692,4,4,4,True
E01004244,Tower Hamlets 020B,29,0.7186589505972222,0.024781343124042145,29,21,21,True
E01004245,Tower Hamlets 018A,15,0.4838692129486883,0.03225794752991255,15,7,7,True
E01004247,Tower Hamlets 020C,10,0.2062534722152778,0.020625347221527777,10,8,8,True
E01004248,Tower Hamlets 018C,12,0.20422646604320988,0.01701887217026749,13,6,6,True
E01004249,Tower Hamlets 018D,5,0.3889506172750771,0.07779012345501543,5,5,5,True
E01004251,Tower Hamlets 023A,23,1.1934004629270833,0.05188697664900362,23,23,23,True
E01004255,Tower Hamlets 023C,9,0.4941531635628858,0.054905907062542864,9,8,8,True
E01004256,Tower Hamlets 024C,23,0.5053375771496914,0.021971199006508322,23,22,22,True
E01004257,Tower Hamlets 024D,39,0.3791724536925154,0.009722370607500395,39,18,18,True
E01004258,Tower Hamlets 023D,3,0.2858564814729938,0.09528549382433127,3,3,3,True
E01004259,Tower Hamlets 007A,23,0.3555077160405093,0.015456857219152577,23,14,14,True
E01004260,Tower Hamlets 007B,5,0.2611898148078704,0.05223796296157408,5,5,5,True
E01004263,Tower Hamlets 007C,40,1.619430555533179,0.040485763888329473,40,30,30,True
E01004264,Tower Hamlets 010C,5,0.026425925925540123,0.005285185185108025,5,3,3,True
E01004266,Tower Hamlets 007D,39,0.9547955246670524,0.02448193652992442,39,32,32,True
E01004267,Tower Hamlets 012D,11,0.00023881172839506173,2.1710157126823794e-05,11,2,2,True
E01004268,Tower Hamlets 012E,0,0.0,,0,0,0,False
E01004270,Tower Hamlets 014B,12,0.26449324844810956,0.022041104037342465,13,7,7,True
E01004271,Tower Hamlets 014C,16,0.4291558641890432,0.0268222415118152,16,14,14,True
E01004272,Tower Hamlets 014D,7,0.15259683641550925,0.021799548059358465,7,7,7,True
E01004274,Tower Hamlets 031A,5,0.3030505401138117,0.06061010802276234,5,5,5,True
E01004275,Tower Hamlets 031B,31,0.6766199845536266,0.021826451114633116,33,17,17,True
E01004276,Tower Hamlets 031C,3,0.014857253085648149,0.004952417695216049,6,1,1,True
E01004277,Tower Hamlets 033A,0,0.0,,0,0,0,False
E01004280,Tower Hamlets 032A,15,0.2549803240634645,0.016998688270897632,27,10,10,True
E01004281,Tower Hamlets 031D,2,0.07949228394714505,0.03974614197357253,2,2,2,True
E01004283,Tower Hamlets 016A,15,0.3264070215941358,0.021760468106275722,15,13,13,True
E01004286,Tower Hamlets 019C,35,1.0226122684992285,0.029217493385692243,35,29,29,True
E01004287,Tower Hamlets 016B,9,0.04517013888695988,0.00501890432077332,9,3,3,True
E01004288,Tower Hamlets 019D,23,1.33468248454321,0.058029673241009126,23,23,23,True
E01004289,Tower Hamlets 016C,44,1.1694180169481097,0.026577682203366128,49,32,32,True
E01004290,Tower Hamlets 016D,20,0.7050821759116512,0.035254108795582564,20,19,19,True
E01004291,Tower Hamlets 027A,13,0.8648395061593364,0.06652611585841049,14,11,11,True
E01004292,Tower Hamlets 026A,2,0.051023919751929006,0.025511959875964503,2,2,2,True
E01004293,Tower Hamlets 027B,18,0.6184423225185185,0.03435790680658436,19,18,17,True
E01004295,Tower Hamlets 026C,8,0.19003819444020062,0.023754774305025077,8,8,8,True
E01004296,Tower Hamlets 026D,8,0.3278290895,0.0409786361875,8,4,4,True
E01004297,Tower Hamlets 027C,3,0.06158873456712963,0.020529578189043208,3,3,3,True
E01004298,Tower Hamlets 022A,9,0.2370231481388889,0.026335905348765433,9,7,7,True
E01004300,Tower Hamlets 022B,4,0.04674228394868827,0.011685570987172067,4,2,2,True
E01004301,Tower Hamlets 025B,9,0.20511304012114198,0.022790337791238,9,6,6,True
E01004302,Tower Hamlets 025C,6,0.2423260030783179,0.04038766717971965,6,6,6,True
E01004303,Tower Hamlets 025D,7,0.12518788580092594,0.017883983685846563,7,5,5,True
E01004304,Tower Hamlets 022C,14,0.19498726851324588,0.01392766203666042,16,12,12,True
E01004305,Tower Hamlets 022D,21,0.22547839505594136,0.010737066431235303,21,14,14,True
E01004306,Tower Hamlets 015A,19,0.7566948302357254,0.039826043696617124,19,15,15,True
E01004307,Tower Hamlets 015B,19,0.4614953703630401,0.024289230019107374,20,10,10,True
E01004308,Tower Hamlets 015C,6,0.3009668209810957,0.05016113683018261,6,6,6,True
E01004309,Tower Hamlets 015D,10,0.14224498456558643,0.014224498456558644,10,8,8,True
E01004310,Tower Hamlets 015E,8,0.3742451774618055,0.04678064718272569,9,8,7,True
E01004311,Tower Hamlets 006A,11,0.5305308641809413,0.048230078561903755,11,10,10,True
E01004312,Tower Hamlets 009A,5,0.042509645059799386,0.008501929011959878,5,3,3,True
E01004313,Tower Hamlets 009B,19,0.8080185184972993,0.04252729044722628,19,18,18,True
E01004315,Tower Hamlets 006C,11,0.2700964506134259,0.024554222783038718,11,7,7,True
E01004316,Tower Hamlets 009C,19,0.7305505401084106,0.03845002842675845,19,13,13,True
E01004319,Tower Hamlets 021A,27,0.8496284722010031,0.03146772119262974,27,23,23,True
E01004321,Tower Hamlets 021C,28,1.2727739197330246,0.04545621141903659,29,26,26,True
E01004322,Tower Hamlets 017A,9,0.1842040895015432,0.020467121055727025,9,7,7,True
E01004323,Tower Hamlets 017B,16,0.7699382715960648,0.04812114197475405,16,15,15,True
E01004324,Tower Hamlets 017C,19,0.23536959875925925,0.012387873618908382,19,16,16,True
E01004326,Tower Hamlets 017D,20,1.2010324073915895,0.06005162036957947,20,18,18,True
E01004327,Waltham Forest 028A,6,0.06338348765239198,0.010563914608731996,9,5,5,True
E01004328,Waltham Forest 028B,13,0.12435551697145061,0.009565808997803894,15,10,9,True
E01004329,Waltham Forest 028C,20,0.05819135802353395,0.0029095679011766976,24,7,7,True
E01004330,Waltham Forest 028D,16,0.11688117283564814,0.007305073302228009,24,13,12,True
E01004331,Waltham Forest 028E,16,0.25576273147685186,0.01598517071730324,16,13,13,True
E01004332,Waltham Forest 028F,18,0.15213310184606482,0.008451838991448045,25,7,7,True
E01004333,Waltham Forest 024A,9,0.3268699845655864,0.03631888717395405,10,5,5,True
E01004334,Waltham Forest 024B,7,0.1413441358001543,0.020192019400022045,10,6,6,True
E01004335,Waltham Forest 027A,8,0.012596450616512345,0.0015745563270640431,20,4,3,True
E01004336,Waltham Forest 026A,12,0.07794084361879501,0.006495070301566251,18,7,6,True
E01004337,Waltham Forest 027B,12,0.14049151234452162,0.011707626028710135,19,7,7,True
E01004338,Waltham Forest 027C,10,0.04037268518325618,0.004037268518325618,11,7,7,True
E01004339,Waltham Forest 027D,11,0.09062538579899691,0.008238671436272446,14,9,9,True
E01004340,Waltham Forest 027E,11,0.0268082561720679,0.002437114197460718,26,3,3,True
E01004341,Waltham Forest 027F,3,0.011225308641589507,0.0037417695471965023,6,2,2,True
E01004342,Waltham Forest 011A,9,0.0017650462959104937,0.00019611625510116597,15,3,3,True
E01004343,Waltham Forest 008A,8,0.015390817899305553,0.0019238522374131941,9,4,3,True
E01004344,Waltham Forest 008B,12,0.0701790123433642,0.005848251028613683,18,5,5,True
E01004345,Waltham Forest 010A,11,0.0861909722195216,0.007835542929047418,13,6,6,True
E01004346,Waltham Forest 011B,11,0.014868827158564815,0.0013517115598695286,12,4,4,True
E01004347,Waltham Forest 011C,8,0.011943672839120371,0.0014929591048900464,11,3,3,True
E01004348,Waltham Forest 010B,16,0.035340663578703704,0.0022087914736689815,24,3,3,True
E01004349,Waltham Forest 001A,5,0.00010069444405864197,2.0138888811728396e-05,7,1,1,True
E01004350,Waltham Forest 001B,3,0.030624999998263888,0.01020833333275463,4,3,2,True
E01004351,Waltham Forest 001C,2,0.0,0.0,2,0,0,True
E01004352,Waltham Forest 002A,5,0.0,0.0,8,0,0,True
E01004353,Waltham Forest 002B,3,0.0002183641975308642,7.27880658436214e-05,4,2,2,True
E01004354,Waltham Forest 002C,7,0.03337114197395833,0.004767305996279761,12,5,4,True
E01004355,Waltham Forest 004A,2,0.008608024691358025,0.004304012345679013,2,2,2,True
E01004356,Waltham Forest 001D,3,0.0,0.0,4,0,0,True
E01004357,Waltham Forest 001E,0,0.0,,0,0,0,False
E01004358,Waltham Forest 002D,4,0.003266975308256173,0.0008167438270640432,5,1,1,True
E01004359,Waltham Forest 002E,6,0.0,0.0,10,0,0,True
E01004360,Waltham Forest 004B,3,0.011668209876543212,0.0038894032921810706,3,2,2,True
E01004361,Waltham Forest 005A,7,0.009738811727623458,0.0013912588182319226,8,1,1,True
E01004362,Waltham Forest 021A,8,0.0,0.0,9,0,0,True
E01004363,Waltham Forest 019A,17,0.17198360339120372,0.010116682552423747,27,10,10,True
E01004364,Waltham Forest 019B,19,0.11746913579861112,0.006182586094663743,27,9,9,True
E01004365,Waltham Forest 020A,8,0.00020949074074074072,2.618634259259259e-05,8,2,2,True
E01004366,Waltham Forest 019C,13,0.19900192900771604,0.015307840692901234,16,7,7,True
E01004367,Waltham Forest 019D,11,0.045334876541666666,0.004121352412878788,15,4,4,True
E01004368,Waltham Forest 019E,8,0.08002662036921296,0.01000332754615162,9,5,5,True
E01004369,Waltham Forest 023A,12,0.05002777777546297,0.004168981481288581,18,4,4,True
E01004370,Waltham Forest 023B,13,0.07325347221952161,0.005634882478424739,14,6,6,True
E01004371,Waltham Forest 025A,14,0.02540875771566358,0.0018149112654045414,16,7,7,True
E01004372,Waltham Forest 023C,6,0.010187114197145061,0.0016978523661908436,6,4,4,True
E01004373,Waltham Forest 025B,7,0.04587499999845679,0.0065535714283509695,8,5,5,True
E01004374,Waltham Forest 025C,14,0.02967351465943287,0.0021195367613880624,26,6,6,True
E01004375,Waltham Forest 025D,12,0.12032484567669754,0.010027070473058128,13,8,8,True
E01004376,Waltham Forest 025E,8,0.5011581790073303,0.06264477237591629,8,6,6,True
E01004377,Waltham Forest 010C,14,0.06588425925810185,0.0047060185184358465,17,5,5,True
E01004378,Waltham Forest 010D,10,0.01329359567824074,0.001329359567824074,16,3,3,True
E01004379,Waltham Forest 007A,5,0.0,0.0,7,0,0,True
E01004380,Waltham Forest 007B,4,0.03063618827064043,0.007659047067660107,5,3,3,True
E01004381,Waltham Forest 007C,20,0.11358333333140432,0.005679166666570216,29,7,6,True
E01004382,Waltham Forest 008C,6,3.9351851466049384e-05,6.558641911008231e-06,12,2,2,True
E01004383,Waltham Forest 007D,8,0.0,0.0,10,0,0,True
E01004384,Waltham Forest 003A,5,0.034475308640817895,0.006895061728163579,6,3,3,True
E01004385,Waltham Forest 003B,12,0.07883757715625,0.006569798096354167,12,7,7,True
E01004386,Waltham Forest 003C,10,0.013159336418595681,0.0013159336418595681,13,2,2,True
E01004387,Waltham Forest 007E,5,0.08962229938117285,0.017924459876234568,5,3,3,True
E01004388,Waltham Forest 007F,4,0.0,0.0,8,0,0,True
E01004389,Waltham Forest 003D,6,0.0,0.0,15,0,0,True
E01004390,Waltham Forest 003E,2,0.0,0.0,2,0,0,True
E01004391,Waltham Forest 014A,8,0.10655401234259258,0.013319251542824073,11,5,4,True
E01004392,Waltham Forest 017A,10,0.07026466048919752,0.007026466048919752,14,6,6,True
E01004393,Waltham Forest 014B,3,0.01329552469097222,0.004431841563657407,4,2,2,True
E01004394,Waltham Forest 017B,5,0.015136574072916666,0.003027314814583333,5,3,3,True
E01004395,Waltham Forest 018A,17,0.05997878086188271,0.003528163580110748,18,8,8,True
E01004396,Waltham Forest 012A,5,0.03698688271527778,0.007397376543055556,5,2,2,True
E01004397,Waltham Forest 017C,15,0.01968364197453704,0.0013122427983024694,23,1,1,True
E01004398,Waltham Forest 009A,6,0.03260416666473766,0.005434027777456277,12,2,2,True
E01004399,Waltham Forest 009B,3,1.0802469135802469e-05,3.6008230452674896e-06,3,1,1,True
E01004400,Waltham Forest 009C,8,5.5941358024691354e-05,6.992669753086419e-06,14,1,1,True
E01004401,Waltham Forest 014C,13,0.0566608796263503,0.004358529202026946,16,9,9,True
E01004402,Waltham Forest 009D,10,0.02924112654070216,0.002924112654070216,11,5,5,True
E01004403,Waltham Forest 009E,5,0.028954475308641973,0.005790895061728395,9,2,2,True
E01004404,Waltham Forest 014D,9,0.0429801311724537,0.004775570130272634,10,6,5,True
E01004405,Waltham Forest 020B,13,0.1096477623441358,0.008434443257241216,19,7,7,True
E01004406,Waltham Forest 016A,6,0.0033182870370370367,0.0005530478395061728,9,1,1,True
E01004407,Waltham Forest 013A,2,0.0036057098765432103,0.0018028549382716052,5,1,1,True
E01004408,Waltham Forest 016B,8,0.07050405092380402,0.008813006365475502,10,6,6,True
E01004409,Waltham Forest 016C,15,0.044793209875,0.0029862139916666665,18,7,7,True
E01004410,Waltham Forest 013B,10,0.04813657407156635,0.0048136574071566355,17,2,1,True
E01004411,Waltham Forest 016D,7,0.03016859567785494,0.004309799382550705,10,3,3,True
E01004412,Waltham Forest 015A,10,0.021133101850694447,0.0021133101850694448,13,3,3,True
E01004413,Waltham Forest 004C,0,0.0,,0,0,0,False
E01004414,Waltham Forest 005B,4,0.002301311728395062,0.0005753279320987655,7,2,2,True
E01004415,Waltham Forest 004D,2,0.019097993827160493,0.009548996913580247,2,1,1,True
E01004416,Waltham Forest 004E,5,0.020523148147955247,0.00410462962959105,6,2,2,True
E01004417,Waltham Forest 005C,2,0.0025277777777777777,0.0012638888888888888,3,1,1,True
E01004418,Waltham Forest 008D,11,0.06670871913425926,0.0060644290122053865,13,6,6,True
E01004419,Waltham Forest 008E,9,0.041285300924768516,0.004587255658307613,16,3,2,True
E01004420,Waltham Forest 020C,13,0.03296952160262346,0.0025361170463556507,17,4,4,True
E01004421,Waltham Forest 018B,13,0.088293209875,0.006791785375,16,3,3,True
E01004422,Waltham Forest 022A,10,0.05006018518287037,0.0050060185182870375,11,8,8,True
E01004423,Waltham Forest 020D,9,0.14310300925655864,0.01590033436183985,10,6,6,True
E01004424,Waltham Forest 022B,8,0.0830744598761574,0.010384307484519675,8,4,4,True
E01004425,Waltham Forest 022C,13,0.022670138887152778,0.0017438568374732906,21,5,5,True
E01004426,Waltham Forest 022D,15,0.03970524691280865,0.00264701646085391,18,5,5,True
E01004427,Waltham Forest 022E,9,0.03233449073958333,0.003592721193287037,16,4,4,True
E01004428,Waltham Forest 026B,7,3.896604899691358e-05,5.566578428130512e-06,10,1,1,True
E01004429,Waltham Forest 026C,6,0.05241049382600309,0.008735082304333848,10,3,3,True
E01004430,Waltham Forest 026D,7,0.055709876538194446,0.007958553791170634,15,3,3,True
E01004432,Waltham Forest 023D,13,0.08883641974961419,0.006833570749970323,13,5,5,True
E01004434,Waltham Forest 026E,6,0.0029490740736882715,0.0004915123456147119,9,2,2,True
E01004435,Waltham Forest 023E,8,0.0532523148113426,0.006656539351417825,8,5,5,True
E01004436,Waltham Forest 021B,16,0.06349151234490741,0.003968219521556713,26,4,4,True
E01004437,Waltham Forest 021C,6,0.01654783950578704,0.0027579732509645065,10,3,3,True
E01004438,Waltham Forest 024C,21,0.13564911264660492,0.006459481554600234,31,10,8,True
E01004439,Waltham Forest 021D,8,0.010728009258101853,0.0013410011572627316,10,3,3,True
E01004440,Waltham Forest 024D,14,0.1658828124897762,0.0118487723206983,18,10,9,True
E01004441,Waltham Forest 024E,7,0.018347608023919753,0.0026210868605599648,11,3,3,True
E01004442,Waltham Forest 021E,13,0.07340702160146603,0.005646693969343541,13,6,6,True
E01004443,Waltham Forest 016E,15,0.006209683641589506,0.0004139789094393004,18,4,3,True
E01004444,Waltham Forest 017D,13,0.001466049382330247,0.000112773029410019,19,1,1,True
E01004445,Waltham Forest 018C,10,0.005947530864197531,0.000594753086419753,16,1,1,True
E01004446,Waltham Forest 017E,12,0.005746141974922839,0.00047884516457690325,15,2,2,True
E01004447,Waltham Forest 016F,19,0.12653009258883102,0.006659478557306896,30,12,11,True
E01004448,Waltham Forest 018D,9,0.04553510802295525,0.005059456446995027,12,5,5,True
E01004449,Waltham Forest 018E,3,0.038988811728009255,0.012996270576003085,3,2,2,True
E01004450,Waltham Forest 006A,3,0.005369984567515432,0.0017899948558384772,3,1,1,True
E01004451,Waltham Forest 005D,7,0.03560040509133873,0.005085772155905533,14,5,4,True
E01004452,Waltham Forest 005E,4,0.0018167438271604937,0.00045418595679012344,6,1,1,True
E01004453,Waltham Forest 006B,2,0.0,0.0,5,0,0,True
E01004454,Waltham Forest 006C,7,0.0,0.0,7,0,0,True
E01004455,Waltham Forest 006D,5,0.004486111110725308,0.0008972222221450617,8,2,2,True
E01004456,Waltham Forest 006E,2,0.006310570987654321,0.0031552854938271604,2,1,1,True
E01004457,Waltham Forest 012B,9,0.03298688271412037,0.003665209190457819,10,6,6,True
E01004458,Waltham Forest 012C,7,0.0,0.0,10,0,0,True
E01004459,Waltham Forest 012D,1,0.0,0.0,1,0,0,True
E01004460,Waltham Forest 011D,15,0.2538483796195988,0.01692322530797325,24,17,12,True
E01004462,Waltham Forest 011E,10,0.05167611882581018,0.005167611882581018,12,8,7,True
E01004463,Waltham Forest 012E,16,0.0709841820933642,0.004436511380835262,25,7,5,True
E01004464,Waltham Forest 013C,4,0.00902546296257716,0.00225636574064429,7,1,1,True
E01004465,Waltham Forest 015B,14,0.03157561728317901,0.002255401234512786,14,8,8,True
E01004466,Waltham Forest 015C,11,0.06110416666435185,0.005554924242213805,11,4,4,True
E01004467,Waltham Forest 015D,5,8.719135725308642e-05,1.7438271450617285e-05,10,1,1,True
E01004468,Waltham Forest 015E,10,0.02429861111111111,0.002429861111111111,10,3,3,True
E01004469,Waltham Forest 013D,10,0.028378086418209877,0.0028378086418209877,15,3,3,True
E01004470,Waltham Forest 013E,11,0.012891975308641975,0.0011719977553310886,24,3,3,True
E01004471,Waltham Forest 013F,6,0.0389633487654321,0.00649389146090535,12,1,1,True
E01004472,Wandsworth 021A,9,0.3155131172797068,0.035057013031078534,9,7,7,True
E01004473,Wandsworth 026A,10,0.3186724536929012,0.03186724536929012,11,8,8,True
E01004474,Wandsworth 021B,7,0.20834863681983024,0.029764090974261463,11,7,4,True
E01004475,Wandsworth 026B,12,0.060347897373746136,0.005028991447812178,19,5,5,True
E01004476,Wandsworth 021C,2,0.0,0.0,5,0,0,True
E01004477,Wandsworth 017A,19,0.33494971706700105,0.01762893247721058,21,17,15,True
E01004478,Wandsworth 017B,34,0.5548715277619599,0.01631975081652823,36,29,28,True
E01004479,Wandsworth 017C,16,0.26688040122608025,0.016680025076630016,16,13,13,True
E01004480,Wandsworth 026C,7,0.11592631172530865,0.016560901675044093,8,4,4,True
E01004481,Wandsworth 029A,5,0.38185018003266463,0.07637003600653293,7,7,5,True
E01004482,Wandsworth 030A,10,0.1679969135748457,0.01679969135748457,11,6,6,True
E01004483,Wandsworth 026D,3,0.06861574073765432,0.022871913579218108,3,3,3,True
E01004484,Wandsworth 026E,5,0.07303163580131172,0.014606327160262344,5,2,2,True
E01004485,Wandsworth 030B,10,0.24255285492746914,0.024255285492746914,10,10,10,True
E01004486,Wandsworth 026F,7,0.5114906121331662,0.07307008744759516,10,8,7,True
E01004487,Wandsworth 030C,5,0.09782291666473766,0.019564583332947534,5,2,2,True
E01004488,Wandsworth 029B,9,0.05880324073804013,0.006533693415337792,9,6,6,True
E01004489,Wandsworth 030D,16,0.19203292180439813,0.012002057612774883,18,16,14,True
E01004490,Wandsworth 031A,8,0.10415316357696759,0.013019145447120949,9,7,6,True
E01004491,Wandsworth 031B,3,0.07938541666165123,0.026461805553883746,3,3,3,True
E01004492,Wandsworth 031C,10,0.06560648147800927,0.0065606481478009265,10,8,8,True
E01004493,Wandsworth 019A,8,0.5130842978283179,0.06413553722853974,9,8,8,True
E01004494,Wandsworth 018A,6,0.3107984182038966,0.0517997363673161,8,5,5,True
E01004495,Wandsworth 024A,5,0.06308958333209877,0.012617916666419754,9,7,4,True
E01004496,Wandsworth 024B,4,0.0907276234525463,0.022681905863136575,4,4,4,True
E01004497,Wandsworth 024C,2,0.04969135802391976,0.02484567901195988,2,1,1,True
E01004498,Wandsworth 031D,13,0.18034413579938272,0.013872625830721748,16,10,10,True
E01004499,Wandsworth 020A,7,0.13396180554976853,0.019137400792824076,7,5,5,True
E01004500,Wandsworth 014A,8,0.1534494598740355,0.019181182484254437,9,4,4,True
E01004501,Wandsworth 014B,4,0.06018412422743055,0.015046031056857638,7,6,3,True
E01004502,Wandsworth 020B,10,0.5719918981342592,0.05719918981342592,10,10,10,True
E01004503,Wandsworth 014C,3,0.01982098765316358,0.00660699588438786,6,2,2,True
E01004504,Wandsworth 020C,4,0.2188526234525463,0.054713155863136576,4,3,3,True
E01004505,Wandsworth 014D,8,0.17882831789313272,0.02235353973664159,8,7,7,True
E01004506,Wandsworth 011A,3,0.051064557612268524,0.017021519204089508,11,3,1,True
E01004507,Wandsworth 014E,5,0.12303420780401234,0.024606841560802468,8,7,5,True
E01004508,Wandsworth 012A,5,0.10213554526286009,0.02042710905257202,7,7,5,True
E01004510,Wandsworth 012B,3,0.09056674382445988,0.030188914608153292,4,3,3,True
E01004511,Wandsworth 010B,7,0.1128319187197788,0.01611884553139697,9,7,5,True
E01004512,Wandsworth 019B,16,0.46515027005478393,0.029071891878423996,18,12,12,True
E01004513,Wandsworth 018B,6,0.15542438271257716,0.02590406378542953,6,5,5,True
E01004514,Wandsworth 012C,12,0.38149999999074075,0.031791666665895064,12,11,11,True
E01004515,Wandsworth 012D,4,0.10405787036998458,0.026014467592496145,4,4,4,True
E01004516,Wandsworth 036A,22,0.5580995370204476,0.02536816077365671,28,14,14,True
E01004517,Wandsworth 037A,8,0.3158445215968364,0.03948056519960455,8,8,8,True
E01004518,Wandsworth 036B,15,0.6567484567843365,0.043783230452289094,15,13,13,True
E01004519,Wandsworth 036C,5,0.34250848764776237,0.06850169752955247,5,5,5,True
E01004520,Wandsworth 036D,5,0.08158989197337962,0.016317978394675924,5,4,4,True
E01004521,Wandsworth 037B,18,0.4533533950470679,0.025186299724837106,18,17,17,True
E01004522,Wandsworth 037C,2,0.03156751543132716,0.01578375771566358,4,4,2,True
E01004523,Wandsworth 036E,4,0.08704552468904321,0.021761381172260803,4,4,4,True
E01004524,Wandsworth 037D,3,0.08417631172337964,0.02805877057445988,3,2,2,True
E01004525,Wandsworth 035A,0,0.0,,0,0,0,False
E01004526,Wandsworth 035B,2,0.1768418209830247,0.08842091049151235,2,2,2,True
E01004527,Wandsworth 035C,0,0.0,,0,0,0,False
E01004528,Wandsworth 035D,2,0.09744894547042181,0.048724472735210904,4,4,2,True
E01004529,Wandsworth 035E,13,0.17562229937692903,0.013509407644379155,22,9,9,True
E01004530,Wandsworth 035F,8,0.17354629628973764,0.021693287036217205,8,7,7,True
E01004531,Wandsworth 033A,4,0.0973676697496142,0.02434191743740355,4,3,3,True
E01004532,Wandsworth 032A,5,0.1537330246875,0.030746604937499998,5,5,5,True
E01004533,Wandsworth 033B,3,0.03386149691165123,0.011287165637217078,6,1,1,True
E01004534,Wandsworth 008A,10,0.1926248713937757,0.01926248713937757,15,10,8,True
E01004535,Wandsworth 007A,3,0.07916898147492284,0.026389660491640946,6,2,2,True
E01004536,Wandsworth 008B,6,0.5654688528713735,0.09424480881189558,12,11,6,True
E01004537,Wandsworth 007B,2,0.14133179011921296,0.07066589505960648,2,1,1,True
E01004538,Wandsworth 007C,5,0.28393981480748454,0.05678796296149691,5,5,5,True
E01004539,Wandsworth 003A,2,0.08748958332368827,0.04374479166184413,2,2,2,True
E01004540,Wandsworth 003B,11,0.3043783436120113,0.027670758510182848,13,11,9,True
E01004541,Wandsworth 007D,4,0.12286959876041666,0.030717399690104164,4,4,4,True
E01004542,Wandsworth 021D,23,0.5313973765366512,0.023104233762463094,24,10,10,True
E01004543,Wandsworth 027A,13,0.14915046295871914,0.011473112535286089,13,9,9,True
E01004544,Wandsworth 021E,14,0.20971489196875,0.014979635140625001,15,11,11,True
E01004545,Wandsworth 027B,3,0.0032476851847993825,0.001082561728266461,9,1,1,True
E01004546,Wandsworth 027C,12,0.10393827160185184,0.008661522633487654,15,8,8,True
E01004547,Wandsworth 029C,7,0.2923368055509259,0.041762400792989415,7,5,5,True
E01004548,Wandsworth 029D,12,0.27921431323977625,0.02326785943664802,21,6,5,True
E01004549,Wandsworth 027D,6,0.09714969135493827,0.016191615225823044,6,4,4,True
E01004550,Wandsworth 017D,8,0.06750733024614197,0.008438416280767747,8,5,5,True
E01004551,Wandsworth 012E,3,0.04744971707561728,0.015816572358539092,7,6,2,True
E01004552,Wandsworth 008C,13,0.29037596446701386,0.02233661265130876,14,10,9,True
E01004553,Wandsworth 015A,10,0.056402391972608025,0.005640239197260802,13,5,5,True
E01004554,Wandsworth 009A,18,0.1992424768404707,0.01106902649113726,19,14,14,True
E01004555,Wandsworth 017E,27,0.32948379628587965,0.01220310356614369,29,20,19,True
E01004556,Wandsworth 009B,18,0.5209567901103395,0.02894204389501886,19,14,14,True
E01004557,Wandsworth 015B,16,0.2857270447486497,0.017857940296790605,17,12,12,True
E01004558,Wandsworth 015C,8,0.38316364454230967,0.04789545556778871,11,9,7,True
E01004559,Wandsworth 015D,13,0.279684799375,0.021514215336538463,13,11,11,True
E01004560,Wandsworth 001A,9,0.42912718620537554,0.047680798467263946,14,13,9,True
E01004563,Wandsworth 039E,4,0.36573263886111107,0.09143315971527777,5,5,4,True
E01004564,Wandsworth 039D,9,0.20749691357484568,0.023055212619427296,12,8,8,True
E01004565,Wandsworth 005A,10,0.39271759257368827,0.039271759257368824,10,10,10,True
E01004566,Wandsworth 001B,2,0.08385288065547841,0.041926440327739206,4,4,2,True
E01004567,Wandsworth 039A,2,0.11151003086188271,0.05575501543094136,2,2,2,True
E01004568,Wandsworth 013A,0,0.0,,0,0,0,False
E01004569,Wandsworth 023A,10,0.8071623585198687,0.08071623585198687,13,11,10,True
E01004570,Wandsworth 023B,2,0.01196759259220679,0.005983796296103395,2,1,1,True
E01004571,Wandsworth 023C,2,0.0,0.0,9,0,0,True
E01004572,Wandsworth 016A,5,0.5600455246770832,0.11200910493541665,5,5,5,True
E01004573,Wandsworth 023D,7,0.46288236881400463,0.06612605268771495,19,7,6,True
E01004574,Wandsworth 013B,2,0.16430324073765434,0.08215162036882717,2,2,2,True
E01004575,Wandsworth 013C,5,0.0623827160470679,0.01247654320941358,5,5,5,True
E01004576,Wandsworth 013D,3,0.344011059661394,0.11467035322046466,5,5,3,True
E01004577,Wandsworth 003C,8,0.026586226850694443,0.0033232783563368054,9,3,3,True
E01004579,Wandsworth 004B,12,0.25678665123013117,0.021398887602510932,23,8,8,True
E01004580,Wandsworth 004C,10,0.2156332947471065,0.02156332947471065,14,8,8,True
E01004581,Wandsworth 004D,3,0.09353626542901233,0.03117875514300411,3,2,2,True
E01004582,Wandsworth 001C,4,0.5614050925833334,0.14035127314583334,4,4,4,True
E01004583,Wandsworth 001D,0,0.0,,0,0,0,False
E01004584,Wandsworth 003D,1,0.06841936728279321,0.06841936728279321,1,1,1,True
E01004585,Wandsworth 008D,9,0.02909567901157407,0.00323285322350823,10,5,4,True
E01004586,Wandsworth 009C,43,0.12890245627218364,0.002997731541213573,60,19,17,True
E01004587,Wandsworth 009D,57,0.1742492283904321,0.003057004006849686,67,19,19,True
E01004588,Wandsworth 008E,6,0.0884452160466821,0.014740869341113683,6,5,5,True
E01004589,Wandsworth 009E,43,0.22593582818389918,0.0052543215856720735,62,22,20,True
E01004590,Wandsworth 005B,6,0.1521759259201389,0.02536265432002315,13,4,4,True
E01004591,Wandsworth 005C,29,0.2915413451532279,0.010053149832869927,40,17,15,True
E01004592,Wandsworth 005D,4,0.08054513888580248,0.02013628472145062,5,3,3,True
E01004593,Wandsworth 025A,14,0.49666242283371914,0.035475887345265654,14,13,13,True
E01004594,Wandsworth 020D,12,0.1445983796257716,0.0120498649688143,14,9,8,True
E01004595,Wandsworth 025B,7,0.09993479937962962,0.014276399911375661,7,4,4,True
E01004596,Wandsworth 020E,22,0.5282838220033436,0.02401290100015198,24,22,20,True
E01004597,Wandsworth 025C,9,0.1139355709845679,0.012659507887174211,12,6,6,True
E01004598,Wandsworth 025D,8,0.14936921295833333,0.018671151619791666,8,6,6,True
E01004599,Wandsworth 025E,19,0.24104745369367284,0.012686708089140675,19,16,16,True
E01004601,Wandsworth 018D,3,0.17755362654012347,0.059184542180041155,3,3,3,True
E01004602,Wandsworth 010C,38,0.1010746527667824,0.002659859283336379,48,16,16,True
E01004604,Wandsworth 006A,17,0.6442575231280865,0.03789750136047568,18,14,13,True
E01004605,Wandsworth 006B,20,0.3416601080150463,0.017083005400752315,20,15,15,True
E01004606,Wandsworth 006C,17,0.3140489969074074,0.018473470406318082,24,16,16,True
E01004607,Wandsworth 006D,6,0.1608260030790895,0.026804333846514917,6,5,5,True
E01004608,Wandsworth 006E,6,0.05130915637770062,0.008551526062950104,8,6,4,True
E01004609,Wandsworth 010E,8,0.043562885800925925,0.005445360725115741,11,5,5,True
E01004610,Wandsworth 033C,15,0.8390624999899692,0.05593749999933128,16,14,14,True
E01004611,Wandsworth 032B,12,0.08881031378369342,0.007400859481974452,14,10,8,True
E01004612,Wandsworth 032C,5,0.39160841048688266,0.07832168209737653,5,4,4,True
E01004613,Wandsworth 033D,4,0.24611844135300925,0.061529610338252314,4,4,4,True
E01004614,Wandsworth 034A,7,0.20026440328575104,0.028609200469393005,9,8,7,True
E01004615,Wandsworth 034B,4,0.03911239711831276,0.00977809927957819,9,5,3,True
E01004616,Wandsworth 034C,0,0.0,,0,0,0,False
E01004617,Wandsworth 034D,2,0.35267091049074073,0.17633545524537036,2,2,2,True
E01004618,Wandsworth 032D,11,0.5976693672708333,0.05433357884280303,11,8,8,True
E01004619,Wandsworth 015E,7,0.06899942129340278,0.009857060184771825,10,5,4,True
E01004620,Wandsworth 019C,16,0.5535628857908951,0.03459768036193094,16,13,13,True
E01004621,Wandsworth 019D,3,0.05594984567824074,0.01864994855941358,5,5,3,True
E01004622,Wandsworth 024D,7,0.2145208333140432,0.0306458333305776,17,2,1,True
E01004623,Wandsworth 019E,12,0.38646682097608026,0.032205568414673355,12,11,11,True
E01004624,Wandsworth 024E,12,0.17694110081867284,0.014745091734889403,16,13,11,True
E01004625,Wandsworth 027E,14,0.39348958332291667,0.028106398808779763,14,10,10,True
E01004626,Wandsworth 027F,8,0.15514879114994856,0.01939359889374357,20,6,4,True
E01004627,Wandsworth 019F,13,0.5016720678904321,0.03859015906849477,14,12,12,True
E01004628,Wandsworth 022A,9,0.30607175925218616,0.03400797325024291,11,8,6,True
E01004629,Wandsworth 020F,5,0.15720987653703705,0.03144197530740741,5,5,5,True
E01004630,Wandsworth 022B,7,0.17361477622858795,0.02480211088979828,9,7,7,True
E01004631,Wandsworth 022C,6,0.3769880401126543,0.06283134001877572,6,6,6,True
E01004632,Wandsworth 028A,13,0.11810879629320988,0.009085292022554606,13,9,9,True
E01004633,Wandsworth 022D,4,0.019766203702160492,0.004941550925540123,4,3,3,True
E01004634,Wandsworth 028B,0,0.0,,0,0,0,False
E01004635,Wandsworth 028C,7,0.2860887345609568,0.040869819222993826,7,7,7,True
E01004636,Wandsworth 028D,0,0.0,,0,0,0,False
E01004637,Wandsworth 028E,4,0.35856867283256166,0.08964216820814042,4,4,4,True
E01004638,Wandsworth 011B,3,1.54320987654321e-05,5.1440329218107e-06,10,1,1,True
E01004639,Wandsworth 011C,0,0.0,,0,0,0,False
E01004640,Wandsworth 011D,6,0.12211111110686729,0.020351851851144548,6,6,6,True
E01004641,Wandsworth 011E,3,0.4266180555478395,0.1422060185159465,3,3,3,True
E01004642,Wandsworth 016B,9,0.12192264659606482,0.013546960732896091,15,6,5,True
E01004643,Wandsworth 016C,2,0.020233796293981483,0.010116898146990742,2,1,1,True
E01004644,Wandsworth 016D,9,0.3423611110947145,0.03804012345496828,17,7,6,True
E01004645,Wandsworth 016E,5,0.04810493826890432,0.009620987653780864,5,4,4,True
E01004646,Westminster 002A,55,0.8637013245574202,0.015703660446498548,61,47,45,True
E01004647,Westminster 001A,41,0.6364425797096194,0.015522989749015106,47,36,33,True
E01004648,Westminster 002B,31,0.3257595807473958,0.010508373572496638,40,24,20,True
E01004649,Westminster 001B,19,0.162422839501929,0.008548570500101526,25,8,8,True
E01004650,Westminster 002C,38,0.46845679010648145,0.012327810265960039,39,30,30,True
E01004651,Westminster 003A,14,0.20041705246489197,0.014315503747492284,16,8,8,True
E01004652,Westminster 017A,7,0.21562075616936727,0.030802965167052467,7,5,5,True
E01004653,Westminster 014A,38,0.398910686712963,0.010497649650341131,41,26,26,True
E01004654,Westminster 014B,31,0.4145868055447531,0.013373767920798486,31,24,24,True
E01004656,Westminster 014D,31,0.4366790123306327,0.014086419752601055,33,27,25,True
E01004657,Westminster 012A,25,0.48583333326986883,0.019433333330794753,29,21,20,True
E01004658,Westminster 012B,8,0.5526222993703703,0.06907778742129629,8,7,7,True
E01004659,Westminster 008A,20,0.4946898147976466,0.02473449073988233,22,21,19,True
E01004660,Westminster 008B,11,0.18507677467901235,0.016825161334455666,11,6,6,True
E01004661,Westminster 012C,14,0.20995679011709104,0.014996913579792217,17,10,9,True
E01004662,Westminster 012D,8,0.3651817129515818,0.045647714118947726,9,9,8,True
E01004663,Westminster 012E,19,0.12850655863541666,0.006763503086074561,20,10,10,True
E01004665,Westminster 024A,12,0.13428665122993827,0.011190554269161523,12,9,9,True
E01004668,Westminster 023D,16,0.24141435184336418,0.015088396990210261,16,13,13,True
E01004669,Westminster 024B,12,0.12375655863734569,0.01031304655311214,12,7,7,True
E01004670,Westminster 009A,9,0.6023601465578704,0.06692890517309671,11,10,8,True
E01004674,Westminster 005A,28,0.3488927469031636,0.012460455246541557,29,21,21,True
E01004675,Westminster 005B,33,0.8650119598537809,0.026212483631932754,35,22,21,True
E01004676,Westminster 006A,29,0.4406041666504629,0.015193247125878032,29,21,21,True
E01004677,Westminster 005C,39,0.44108950613425923,0.011309987336775879,41,27,26,True
E01004678,Westminster 005D,31,0.3158645833233025,0.010189180107203306,31,25,25,True
E01004679,Westminster 005E,27,0.7559714506018519,0.027998942614883403,28,18,18,True
E01004680,Westminster 015A,14,0.08470280349164096,0.006050200249402926,18,9,9,True
E01004681,Westminster 016A,6,0.466515432089892,0.077752572014982,6,4,4,True
E01004682,Westminster 016B,6,0.07027546296026235,0.011712577160043725,6,5,5,True
E01004683,Westminster 015B,36,0.432488425896412,0.012013567386011444,40,33,30,True
E01004684,Westminster 015C,14,0.05456886573939043,0.0038977761242421738,18,4,4,True
E01004686,Westminster 015E,17,0.17483468363059412,0.01028439315474083,20,17,14,True
E01004687,Westminster 019A,24,0.32671006940740743,0.013612919558641976,25,17,16,True
E01004690,Westminster 019D,35,0.7170079474492284,0.02048594135569224,41,36,30,True
E01004691,Westminster 019E,28,1.003324575492284,0.035833020553295854,44,26,20,True
E01004692,Westminster 019F,16,0.2575464891867284,0.016096655574170525,17,13,12,True
E01004693,Westminster 017B,23,0.14325308641087964,0.006228395061342593,23,18,18,True
E01004694,Westminster 016C,31,0.5328695344557612,0.017189339821153587,35,21,19,True
E01004695,Westminster 017C,3,0.1324884259247685,0.0441628086415895,3,3,3,True
E01004696,Westminster 017D,5,0.07169367283641975,0.014338734567283951,5,5,5,True
E01004697,Westminster 016D,23,0.23232060184567901,0.010100895732420827,23,15,15,True
E01004698,Westminster 017E,27,0.5725590277602237,0.021205889917045324,28,22,21,True
E01004699,Westminster 017F,26,0.7188854166493055,0.027649439101896364,27,24,23,True
E01004700,Westminster 016E,22,0.23424402005497685,0.010647455457044402,23,19,18,True
E01004701,Westminster 007A,22,0.12026533564265046,0.005466606165575021,25,19,16,True
E01004702,Westminster 009E,20,0.045870177466049385,0.002293508873302469,22,14,13,True
E01004703,Westminster 007B,63,1.061294367224537,0.016845942336897412,67,48,47,True
E01004705,Westminster 007D,20,0.43238773146412035,0.021619386573206018,20,15,15,True
E01004706,Westminster 006B,29,0.24891975307716047,0.008583439761281396,30,17,17,True
E01004707,Westminster 006C,57,0.3517346321871142,0.006170783020826565,72,35,32,True
E01004708,Westminster 006D,21,0.29797453702507715,0.014189263667860816,22,13,12,True
E01004709,Westminster 007E,23,0.6205844906838349,0.02698193437755804,24,16,15,True
E01004710,Westminster 002D,20,0.48563580244637344,0.024281790122318674,20,15,15,True
E01004711,Westminster 002E,10,0.20633526233950616,0.020633526233950615,10,10,10,True
E01004712,Westminster 008C,9,0.1531847993765432,0.017020533264060354,9,6,6,True
E01004713,Westminster 011A,30,0.36063670266345166,0.012021223422115056,32,24,22,True
E01004714,Westminster 011B,50,0.4354339773730368,0.008708679547460735,544,33,30,True
E01004715,Westminster 013A,20,0.27709625770659724,0.013854812885329863,21,16,15,True
E01004716,Westminster 011C,18,0.30537056325655865,0.016965031292031037,20,15,14,True
E01004717,Westminster 011D,10,0.2357635030798611,0.02357635030798611,10,9,9,True
E01004718,Westminster 004A,38,0.2664927983415638,0.007012968377409574,40,26,26,True
E01004719,Westminster 004B,46,0.32063425924537037,0.006970309983595008,47,29,29,True
E01004720,Westminster 004C,55,0.4714102366096965,0.008571095211085391,59,44,42,True
E01004721,Westminster 004D,42,0.44654462447505144,0.010632014868453606,46,25,24,True
E01004722,Westminster 004E,35,0.27268325616087963,0.0077909501760251324,35,21,21,True
E01004723,Westminster 005F,30,0.3004852108934542,0.010016173696448473,33,23,21,True
E01004724,Westminster 001C,21,0.24007770060671296,0.011432271457462522,34,23,15,True
E01004725,Westminster 003B,17,0.5502406441942516,0.03236709671730892,22,17,13,True
E01004726,Westminster 003C,21,0.3936917438119213,0.018747225895805776,24,15,14,True
E01004727,Westminster 008D,8,0.30737172063213736,0.03842146507901717,13,8,6,True
E01004728,Westminster 003D,12,0.48495929779552466,0.04041327481629372,16,12,9,True
E01004729,Westminster 003E,6,0.04349189814429012,0.00724864969071502,6,5,5,True
E01004730,Westminster 001D,24,0.323168981470679,0.013465374227944958,31,12,12,True
E01004731,Westminster 020A,17,0.20641801697010032,0.012142236292358843,21,14,13,True
E01004732,Westminster 020B,7,0.06440316357716049,0.009200451939594356,8,4,4,True
E01004733,Westminster 020C,15,0.6553211161631302,0.04368807441087534,22,18,12,True
E01004734,Westminster 018A,3,0.012647762344135803,0.004215920781378601,3,3,3,True
E01004735,Westminster 018B,15,0.2736222993763503,0.01824148662509002,19,13,10,True
E01004736,Westminster 018C,14,0.7633025976302726,0.05452161411644805,35,24,12,True
E01004737,Westminster 024C,4,0.036045910493055555,0.009011477623263889,4,3,3,True
E01004740,Westminster 021A,14,1.0087499999861111,0.07205357142757937,16,12,11,True
E01004741,Westminster 024F,10,0.11882214505285493,0.011882214505285493,14,8,7,True
E01004742,Westminster 022A,10,0.45222202927700617,0.045222202927700614,12,9,8,True
E01004743,Westminster 021B,7,0.09542389303886219,0.013631984719837455,32,7,4,True
E01004744,Westminster 020D,15,0.28220717591435185,0.018813811727623458,15,13,13,True
E01004746,Westminster 021D,12,0.045294753085069445,0.0037745627570891205,15,6,6,True
E01004747,Westminster 021E,22,0.44430555554629625,0.020195707070286194,23,16,16,True
E01004748,Westminster 020E,13,0.17544926696916796,0.013496097459166766,18,16,13,True
E01004749,Westminster 022B,33,1.7586448687804783,0.053292268750923584,38,27,24,True
E01004750,Westminster 023E,6,0.029082175925154323,0.004847029320859054,6,4,4,True
E01004751,Westminster 022C,17,0.22696952159722222,0.013351148329248367,17,13,13,True
E01004752,Westminster 022D,11,0.39617110338503086,0.036015554853184625,13,8,8,True
E01004753,Westminster 022E,14,0.6310122170653292,0.04507230121895208,17,14,12,True
E01004754,Westminster 010A,10,0.508845293199074,0.050884529319907404,10,8,8,True
E01004755,Westminster 010B,7,0.2485243055501543,0.035503472221450616,7,5,5,True
E01004756,Westminster 006E,19,0.4105879629517747,0.02160989278693551,19,13,13,True
E01004757,Westminster 010C,24,0.31041319443171295,0.012933883101321373,24,20,20,True
E01004760,Westminster 014E,18,0.499587191346322,0.027754843963684557,20,15,13,True
E01004761,Westminster 018D,26,0.31747222221103394,0.012210470085039766,32,17,17,True
E01004762,Westminster 011E,23,0.3535584490590278,0.015372106480827295,28,16,11,True
E01004763,Westminster 013B,14,0.2063601465952932,0.014740010471092371,17,12,10,True
E01004765,Westminster 013D,20,0.35301324587024174,0.017650662293512087,22,21,19,True
E01032512,Westminster 010F,8,0.6663649691273148,0.08329562114091435,9,6,6,True
E01032513,Westminster 010G,15,0.09785416666319444,0.006523611110879629,15,9,9,True
E01032562,Bromley 040D,0,0.0,,0,0,0,False
E01032563,Bromley 040E,0,0.0,,0,0,0,False
E01032564,Lewisham 037E,0,0.0,,0,0,0,False
E01032565,Lewisham 038E,0,0.0,,0,0,0,False
E01032566,Bexley 029D,0,0.0,,0,0,0,False
E01032567,Greenwich 033D,0,0.0,,0,0,0,False
E01032568,Bromley 041E,0,0.0,,0,0,0,False
E01032569,Croydon 045E,1,0.0,0.0,10,0,0,True
E01032570,Bromley 042D,1,0.02649639917354681,0.02649639917354681,6,2,1,True
E01032572,Ealing 040D,2,0.0166045524683642,0.0083022762341821,7,2,1,True
E01032573,Hounslow 029E,3,0.05288657407233796,0.017628858024112654,4,3,3,True
E01032574,Enfield 037E,7,0.1685435956728395,0.024077656524691356,7,6,6,True
E01032575,Haringey 037D,0,0.0,,0,0,0,False
E01032576,Harrow 032E,0,0.0,,0,0,0,False
E01032577,Hillingdon 033E,0,0.0,,0,0,0,False
E01032579,Lewisham 039E,1,0.03712224426529431,0.03712224426529431,14,4,1,True
E01032580,Barking and Dagenham 023F,0,0.0,,0,0,0,False
E01032581,Redbridge 034G,0,0.0,,0,0,0,False
E01032582,Lambeth 036E,10,0.14196141974691356,0.014196141974691356,10,9,9,True
E01032583,Southwark 034D,18,0.6358680555061729,0.03532600308367627,18,18,18,True
E01032584,Southwark 034E,7,0.23925681583744857,0.03417954511963551,9,8,6,True
E01032623,Sutton 025E,0,0.0,,0,0,0,False
E01032637,Southwark 035E,0,0.0,,0,0,0,False
E01032638,Southwark 035D,1,0.00033179012345679014,0.00033179012345679014,1,1,1,True
E01032639,Southwark 014F,4,0.08090817901041666,0.020227044752604166,6,3,3,True
E01032640,Southwark 035B,2,0.016512538579089506,0.008256269289544753,4,2,1,True
E01032646,Southwark 036B,3,0.15565586419444444,0.051885288064814815,3,3,3,True
E01032719,Southwark 014G,3,0.2226986882631173,0.07423289608770577,3,3,3,True
E01032739,City of London 001F,13,0.05982822144724151,0.004602170880557039,28,6,5,True
E01032740,City of London 001G,0,0.0,,0,0,0,False
E01032741,Havering 013E,0,0.0,,0,0,0,False
E01032742,Havering 013F,0,0.0,,0,0,0,False
E01032743,Ealing 010F,1,0.0,0.0,4,0,0,True
E01032744,Ealing 010G,2,0.0,0.0,8,0,0,True
E01032764,Tower Hamlets 004E,27,0.3349976851751543,0.012407321673153863,27,18,18,True
E01032765,Tower Hamlets 004F,16,0.32557330246141974,0.020348331403838734,16,13,13,True
E01032767,Tower Hamlets 021F,12,0.156449459873071,0.013037454989422582,12,8,8,True
E01032768,Tower Hamlets 025E,1,0.006199845678626543,0.006199845678626543,1,1,1,True
E01032769,Tower Hamlets 025F,2,0.023933834875964507,0.011966917437982253,3,2,2,True
E01032770,Tower Hamlets 032B,15,0.2295046296222994,0.015300308641486626,16,10,10,True
E01032771,Tower Hamlets 033B,3,0.015139660493441358,0.005046553497813786,6,1,1,True
E01032772,Tower Hamlets 032C,17,0.2394274691284722,0.014083968772263072,17,14,14,True
E01032774,Tower Hamlets 032E,10,0.13839930555246913,0.013839930555246913,10,8,8,True
E01032775,Tower Hamlets 031F,0,0.0,,0,0,0,False
E01032776,Tower Hamlets 034D,0,0.0,,0,0,0,False
E01032777,Tower Hamlets 035A,5,0.26310879629050926,0.05262175925810185,5,4,4,True
E01032779,Tower Hamlets 035C,2,0.09674228394791667,0.04837114197395834,2,1,1,True
E01032780,Tower Hamlets 035D,2,0.028788966048996913,0.014394483024498457,2,2,2,True
E01032781,Tower Hamlets 033C,1,0.019967592592592592,0.019967592592592592,1,1,1,True
E01032782,Tower Hamlets 033D,5,0.101608024689429,0.0203216049378858,5,5,5,True
E01032783,Tower Hamlets 031G,1,0.181856867279321,0.181856867279321,1,1,1,True
E01032784,Tower Hamlets 004G,11,0.27744116511709105,0.02522192410155373,12,8,8,True
E01032785,Tower Hamlets 010E,0,0.0,,0,0,0,False
E01032786,Tower Hamlets 010F,1,0.00836574074074074,0.00836574074074074,1,1,1,True
E01032787,Tower Hamlets 011F,16,0.39971566357098764,0.024982228973186728,16,9,9,True
E01032788,Hammersmith and Fulham 023D,18,0.2954810956747685,0.016415616426376026,27,15,15,True
E01032789,Hammersmith and Fulham 023E,0,0.0,,0,0,0,False
E01032790,Hammersmith and Fulham 023F,0,0.0,,0,0,0,False
E01032803,Southwark 036C,0,0.0,,0,0,0,False
E01032834,Southwark 035C,1,0.08641975308333333,0.08641975308333333,1,1,1,True
E01033000,Hounslow 025F,0,0.0,,0,0,0,False
E01033030,Hounslow 025G,0,0.0,,0,0,0,False
E01033081,Hounslow 031D,0,0.0,,0,0,0,False
E01033082,Hounslow 031C,1,0.0019473646720857072,0.0019473646720857072,65,56,1,True
E01033083,Hounslow 018F,0,0.0,,0,0,0,False
E01033084,Hounslow 018G,0,0.0,,0,0,0,False
E01033086,Haringey 020F,1,0.04876331018441357,0.04876331018441357,2,2,1,True
E01033098,Wandsworth 038C,0,0.0,,0,0,0,False
E01033099,Wandsworth 004E,2,0.04201183127430556,0.02100591563715278,6,6,2,True
E01033100,Wandsworth 039B,3,0.0001454475300925926,4.8482510030864196e-05,7,1,1,True
E01033132,Wandsworth 038D,2,0.17698510208357074,0.08849255104178537,27,26,2,True
E01033133,Wandsworth 004G,0,0.0,,0,0,0,False
E01033135,Wandsworth 010G,22,0.10295331789506174,0.004679696267957351,25,11,11,True
E01033146,Enfield 025F,1,0.22554243827006173,0.22554243827006173,1,1,1,True
E01033148,Enfield 003F,0,0.0,,0,0,0,False
E01033150,Enfield 003G,0,0.0,,0,0,0,False
E01033151,Enfield 025G,0,0.0,,0,0,0,False
E01033208,Lambeth 004G,2,0.023911458329732516,0.011955729164866258,5,5,2,True
E01033320,Lewisham 017E,1,0.08529166666435185,0.08529166666435185,1,1,1,True
E01033322,Lewisham 017F,0,0.0,,0,0,0,False
E01033324,Lewisham 008E,4,0.294958719125,0.07373967978125,4,4,4,True
E01033325,Lewisham 008F,0,0.0,,0,0,0,False
E01033327,Lewisham 041B,0,0.0,,0,0,0,False
E01033341,Lewisham 041C,2,0.05265486110949074,0.02632743055474537,6,4,2,True
E01033455,Brent 031G,0,0.0,,0,0,0,False
E01033456,Brent 027F,3,0.02155439814814815,0.007184799382716049,5,1,1,True
E01033457,Brent 035A,0,0.0,,0,0,0,False
E01033463,Brent 003G,0,0.0,,0,0,0,False
E01033485,Brent 031H,14,0.21884394287037034,0.015631710205026454,17,11,10,True
E01033486,Islington 011E,0,0.0,,0,0,0,False
E01033487,Islington 011F,2,0.04075462962847222,0.02037731481423611,2,2,2,True
E01033488,Islington 011G,5,0.04379243826890432,0.008758487653780863,13,3,2,True
E01033489,Islington 022G,2,0.10348283178703703,0.051741415893518515,3,3,2,True
E01033490,Islington 022H,1,0.016721450617283952,0.016721450617283952,1,1,1,True
E01033491,Islington 011H,2,0.0,0.0,5,0,0,True
E01033493,Islington 006F,0,0.0,,0,0,0,False
E01033494,Islington 006G,2,0.04838059413387345,0.024190297066936726,4,4,2,True
E01033569,Kingston upon Thames 004G,1,0.046298225308256176,0.046298225308256176,1,1,1,True
E01033570,Richmond upon Thames 004G,0,0.0,,0,0,0,False
E01033571,Richmond upon Thames 004H,6,0.08228703703356481,0.013714506172260802,6,5,5,True
E01033579,Newham 040C,0,0.0,,0,0,0,False
E01033580,Newham 042A,1,0.11057227365920781,0.11057227365920781,3,2,1,True
E01033581,Newham 041A,2,0.1837415123429784,0.0918707561714892,5,1,1,True
E01033582,Newham 041B,2,0.0,0.0,4,0,0,True
E01033584,Newham 034I,0,0.0,,0,0,0,False
E01033586,Newham 040D,0,0.0,,0,0,0,False
E01033587,Barking and Dagenham 021E,0,0.0,,0,0,0,False
E01033589,Redbridge 039B,0,0.0,,0,0,0,False
E01033590,Redbridge 037C,0,0.0,,0,0,0,False
E01033591,Redbridge 039A,9,0.0002326388883101852,2.5848765367798355e-05,12,2,2,True
E01033592,Redbridge 037D,0,0.0,,0,0,0,False
E01033593,Westminster 015F,3,0.1452417052299383,0.04841390174331276,5,5,3,True
E01033594,Westminster 015G,21,0.18710841048302468,0.00890992430871546,24,13,13,True
E01033597,Westminster 023F,1,0.059646604936728395,0.059646604936728395,1,1,1,True
E01033598,Westminster 009F,7,0.047598861881848,0.006799837411692571,14,7,6,True
E01033599,Westminster 023G,1,0.027128858024305556,0.027128858024305556,1,1,1,True
E01033601,Westminster 009G,4,0.18193769289506173,0.04548442322376543,5,5,4,True
E01033602,Westminster 009H,2,0.005950617283179012,0.002975308641589506,2,1,1,True
E01033603,Westminster 009I,3,0.01158333333256173,0.00386111111085391,3,3,3,True
E01033604,Westminster 009J,5,0.17225154320601851,0.0344503086412037,6,4,4,True
E01033605,Westminster 009K,15,0.35963271603510805,0.023975514402340536,18,10,10,True
E01033699,Hackney 030A,5,0.015523662551054524,0.0031047325102109046,7,2,1,True
E01033700,Hackney 030B,5,0.0,0.0,5,0,0,True
E01033702,Hackney 028C,7,0.47131037807735343,0.0673300540110505,9,3,2,True
E01033703,Hackney 010F,8,0.08559143518287038,0.010698929397858797,8,3,3,True
E01033704,Hackney 023F,6,0.2933516589459877,0.04889194315766462,7,5,4,True
E01033705,Hackney 028D,3,0.0,0.0,3,0,0,True
E01033706,Hackney 033B,11,0.19996450616936728,0.01817859146994248,14,4,4,True
E01033708,Hackney 033C,16,0.4072590663505016,0.02545369164690635,20,13,9,True
E01033709,Hackney 032B,4,0.0,0.0,5,0,0,True
E01033710,Hackney 028E,2,0.06376851851813271,0.03188425925906636,2,1,1,True
E01033711,Hackney 032C,5,0.04031918724164094,0.008063837448328188,8,3,1,True
E01033712,Hackney 023G,9,0.1019872685158179,0.011331918723979767,19,3,2,True
E01033713,Hackney 010G,7,0.2118395061666667,0.030262786595238098,17,4,2,True
E01033727,Greenwich 035B,0,0.0,,0,0,0,False
E01033728,Greenwich 035C,0,0.0,,0,0,0,False
E01033729,Greenwich 030E,0,0.0,,0,0,0,False
E01033732,Greenwich 041E,0,0.0,,0,0,0,False
E01033734,Greenwich 039B,4,0.08681134258931328,0.02170283564732832,10,2,1,True
E01033735,Greenwich 042D,1,0.0,0.0,1,0,0,True
E01033736,Greenwich 039A,0,0.0,,0,0,0,False
E01033737,Greenwich 042B,0,0.0,,0,0,0,False
E01033738,Greenwich 037D,0,0.0,,0,0,0,False
E01033739,Greenwich 002E,0,0.0,,0,0,0,False
E01033740,Greenwich 002F,0,0.0,,0,0,0,False
E01033741,Greenwich 002G,1,0.016677211934156378,0.016677211934156378,3,2,1,True
E01033742,Greenwich 007F,0,0.0,,0,0,0,False
E01033743,Greenwich 002H,0,0.0,,0,0,0,False
E01033744,Greenwich 007G,0,0.0,,0,0,0,False
E01033745,Greenwich 002I,0,0.0,,0,0,0,False
E01033746,Greenwich 038E,1,0.03619502314756944,0.03619502314756944,2,1,1,True
E01033784,Havering 007F,0,0.0,,0,0,0,False
E01033785,Havering 007G,1,0.0,0.0,2,0,0,True
E01033786,Havering 017G,0,0.0,,0,0,0,False
E01033787,Havering 017H,0,0.0,,0,0,0,False
E01033788,Havering 017I,0,0.0,,0,0,0,False
E01033789,Bexley 008H,1,0.08756944444135803,0.08756944444135803,1,1,1,True
E01033790,Bexley 008I,3,0.023135416666280866,0.007711805555426956,4,2,2,True
E01033791,Bexley 019G,2,0.0,0.0,21,0,0,True
E01033792,Bexley 019H,0,0.0,,0,0,0,False
E01033862,Lambeth 003F,1,0.0,0.0,2,0,0,True
E01033863,Lambeth 003G,2,0.1468645833314043,0.07343229166570216,2,2,2,True
E01033864,Lambeth 004H,4,0.05688715277681327,0.014221788194203317,5,3,2,True
E01033865,Lambeth 004I,3,0.07962461419598764,0.026541538065329214,3,3,3,True
E01033866,Lambeth 004J,1,0.03265933641936729,0.03265933641936729,1,1,1,True
E01033867,Southwark 002F,6,0.1552862654247685,0.025881044237461417,6,6,6,True
E01033868,Southwark 002G,7,0.1920405092530864,0.02743435846472663,7,7,7,True
E01033869,Southwark 004F,4,0.26628279319753084,0.06657069829938271,4,4,4,True
E01033870,Southwark 004G,0,0.0,,0,0,0,False
E01033871,Southwark 004H,21,1.352765432066744,0.0644174015269878,21,19,19,True
E01033872,Southwark 004I,5,0.292765432091821,0.058553086418364195,5,5,5,True
E01033873,Southwark 009G,3,0.1931338734521605,0.06437795781738682,3,3,3,True
E01033874,Southwark 009H,0,0.0,,0,0,0,False
E01033875,Southwark 012G,3,0.06263233024382715,0.02087744341460905,3,3,3,True
E01033876,Southwark 012H,7,0.05990663580015432,0.008558090828593474,7,7,7,True
E01033877,Southwark 012I,13,0.4144432870150463,0.031880252847311254,20,11,11,True
E01033878,Southwark 015F,15,0.5722604166493056,0.03815069444328704,16,12,12,True
E01033879,Southwark 015G,8,0.28938464505208333,0.03617308063151042,8,7,7,True
E01033880,Southwark 015H,11,1.0923263888703705,0.0993023989882155,11,11,11,True
E01033881,Southwark 016F,9,0.46174305553626543,0.05130478394847394,9,9,9,True
E01033882,Southwark 022G,22,0.8663611110910494,0.03938005050413861,22,17,17,True
E01033883,Southwark 022H,7,0.08098919752893519,0.011569885361276455,7,3,3,True
E01033884,Southwark 035A,0,0.0,,0,0,0,False
E01033885,Southwark 036A,1,0.06480748456712963,0.06480748456712963,1,1,1,True
E01033911,Barnet 017E,2,0.006554205246527778,0.003277102623263889,4,2,1,True
E01033912,Barnet 017F,0,0.0,,0,0,0,False
E01033913,Barnet 024G,3,0.28427777776658947,0.09475925925552982,3,2,2,True
E01033914,Barnet 024H,2,0.09215856481250001,0.046079282406250005,2,2,2,True
E01033915,Barnet 042A,0,0.0,,0,0,0,False
E01033916,Barnet 042B,6,0.05151009516274434,0.008585015860457389,22,6,5,True
E01033917,Barnet 042C,0,0.0,,0,0,0,False
E01033918,Barnet 042D,5,0.007733217592592593,0.0015466435185185186,20,2,1,True
E01033919,Barnet 042E,0,0.0,,0,0,0,False
E01033920,Barnet 042F,5,0.0,0.0,25,0,0,True
E01033921,Barnet 043A,0,0.0,,0,0,0,False
E01033922,Barnet 043B,10,0.027563187209647476,0.0027563187209647478,78,18,2,True
E01033923,Barnet 043C,0,0.0,,0,0,0,False
E01033924,Barnet 043D,0,0.0,,0,0,0,False
E01033925,Barnet 043E,3,0.21919020059837963,0.07306340019945988,5,2,1,True
E01033926,Enfield 014E,0,0.0,,0,0,0,False
E01033927,Enfield 020F,2,0.16969319058410492,0.08484659529205246,14,2,1,True
E01033928,Enfield 020G,0,0.0,,0,0,0,False
E01033929,Brent 002F,0,0.0,,0,0,0,False
E01033930,Brent 002G,3,0.007657021604938272,0.002552340534979424,3,2,2,True
E01033931,Brent 009F,1,0.0709770447330247,0.0709770447330247,2,2,1,True
E01033932,Brent 009G,1,0.0,0.0,2,0,0,True
E01033933,Brent 010G,1,0.0,0.0,2,0,0,True
E01033934,Brent 010H,1,0.0,0.0,2,0,0,True
E01033935,Brent 020F,3,0.03699922839429012,0.01233307613143004,4,2,2,True
E01033936,Brent 020G,3,0.12105015431751542,0.04035005143917181,3,3,3,True
E01033937,Brent 027G,2,0.0,0.0,4,0,0,True
E01033938,Brent 027H,3,0.07787860082124484,0.025959533607081614,7,7,3,True
E01033939,Brent 027I,1,0.014414930555362655,0.014414930555362655,2,2,1,True
E01033940,Brent 035B,0,0.0,,0,0,0,False
E01033941,Brent 035C,0,0.0,,0,0,0,False
E01033942,Brent 035D,0,0.0,,0,0,0,False
E01033943,Haringey 015E,0,0.0,,0,0,0,False
E01033944,Haringey 015F,0,0.0,,0,0,0,False
E01033945,Haringey 020G,0,0.0,,0,0,0,False
E01033946,Haringey 020H,0,0.0,,0,0,0,False
E01034026,Ealing 015F,0,0.0,,0,0,0,False
E01034027,Ealing 015G,1,0.05013136573977624,0.05013136573977624,2,2,1,True
E01034028,Ealing 019F,1,0.0,0.0,3,0,0,True
E01034029,Ealing 019G,2,0.053469521603395055,0.026734760801697528,5,1,1,True
E01034030,Ealing 042A,3,0.1055623070923997,0.03518743569746657,5,5,3,True
E01034031,Ealing 042B,0,0.0,,0,0,0,False
E01034032,Hounslow 006G,2,0.01573881172839506,0.00786940586419753,3,1,1,True
E01034033,Hounslow 006H,0,0.0,,0,0,0,False
E01034034,Hounslow 014F,0,0.0,,0,0,0,False
E01034035,Hounslow 014G,10,0.2100779320941358,0.02100779320941358,10,9,9,True
E01034036,Hounslow 015F,0,0.0,,0,0,0,False
E01034037,Hounslow 015G,1,0.008563657407407407,0.008563657407407407,2,1,1,True
E01034038,Hounslow 017F,0,0.0,,0,0,0,False
E01034039,Hounslow 017G,0,0.0,,0,0,0,False
E01034040,Hounslow 018H,1,0.03345100308487654,0.03345100308487654,1,1,1,True
E01034041,Hounslow 018I,1,0.07175462962962963,0.07175462962962963,1,1,1,True
E01034042,Hounslow 030A,1,0.09456213025974151,0.09456213025974151,24,12,1,True
E01034043,Hounslow 030B,0,0.0,,0,0,0,False
E01034044,Hounslow 030C,0,0.0,,0,0,0,False
E01034045,Hounslow 031A,0,0.0,,0,0,0,False
E01034046,Hounslow 031B,0,0.0,,0,0,0,False
E01034139,Croydon 015F,2,0.0,0.0,6,0,0,True
E01034140,Croydon 015G,1,0.06573881172723765,0.06573881172723765,1,1,1,True
E01034141,Croydon 020F,2,0.12979378856956017,0.06489689428478009,11,3,2,True
E01034142,Croydon 020G,0,0.0,,0,0,0,False
E01034143,Croydon 020H,1,0.0,0.0,5,0,0,True
E01034144,Croydon 024F,1,0.14807368826967593,0.14807368826967593,1,1,1,True
E01034145,Croydon 024G,1,0.0,0.0,2,0,0,True
E01034146,Croydon 024H,0,0.0,,0,0,0,False
E01034147,Croydon 046A,0,0.0,,0,0,0,False
E01034148,Croydon 046B,0,0.0,,0,0,0,False
E01034149,Croydon 046C,0,0.0,,0,0,0,False
E01034150,Croydon 046D,1,0.06450694444309414,0.06450694444309414,2,2,1,True
E01034151,Croydon 046E,0,0.0,,0,0,0,False
E01034152,Croydon 047B,1,0.018661458332754628,0.018661458332754628,2,1,1,True
E01034153,Sutton 004F,1,0.03927171516424162,0.03927171516424162,7,2,1,True
E01034154,Sutton 004G,4,0.008731738682870369,0.0021829346707175922,12,3,1,True
E01034155,Sutton 012F,0,0.0,,0,0,0,False
E01034156,Sutton 012G,4,0.14571932868904322,0.036429832172260805,5,3,2,True
E01034173,Greenwich 005F,0,0.0,,0,0,0,False
E01034174,Greenwich 034F,0,0.0,,0,0,0,False
E01034175,Greenwich 034G,0,0.0,,0,0,0,False
E01034176,Greenwich 034H,0,0.0,,0,0,0,False
E01034177,Greenwich 034I,0,0.0,,0,0,0,False
E01034178,Greenwich 035E,1,0.004667926954475309,0.004667926954475309,15,2,1,True
E01034179,Greenwich 035F,1,0.028712062756815843,0.028712062756815843,3,3,1,True
E01034180,Greenwich 035G,0,0.0,,0,0,0,False
E01034181,Greenwich 035H,1,0.029002572015303495,0.029002572015303495,3,3,1,True
E01034182,Greenwich 035I,1,0.04860389108878969,0.04860389108878969,7,2,1,True
E01034183,Greenwich 037E,0,0.0,,0,0,0,False
E01034184,Greenwich 037F,0,0.0,,0,0,0,False
E01034185,Greenwich 037G,0,0.0,,0,0,0,False
E01034186,Greenwich 039C,0,0.0,,0,0,0,False
E01034187,Greenwich 039D,0,0.0,,0,0,0,False
E01034188,Greenwich 040A,0,0.0,,0,0,0,False
E01034189,Greenwich 040B,1,0.0,0.0,6,0,0,True
E01034190,Greenwich 040C,0,0.0,,0,0,0,False
E01034191,Greenwich 040D,0,0.0,,0,0,0,False
E01034192,Greenwich 040E,2,0.07101012731272505,0.03550506365636252,7,5,2,True
E01034193,Greenwich 041A,0,0.0,,0,0,0,False
E01034194,Greenwich 041B,0,0.0,,0,0,0,False
E01034195,Greenwich 041C,1,0.03132214506037809,0.03132214506037809,2,2,1,True
E01034196,Greenwich 041D,0,0.0,,0,0,0,False
E01034198,Greenwich 042C,0,0.0,,0,0,0,False
E01034199,Newham 012E,2,0.1578460648117284,0.0789230324058642,3,3,2,True
E01034200,Newham 012F,1,0.10946874999402006,0.10946874999402006,2,2,1,True
E01034201,Newham 022E,1,0.0,0.0,4,0,0,True
E01034202,Newham 022F,2,0.3239398148113426,0.1619699074056713,2,2,2,True
E01034203,Newham 025E,0,0.0,,0,0,0,False
E01034204,Newham 025F,2,0.0,0.0,8,0,0,True
E01034205,Newham 033E,2,0.11100520830536265,0.05550260415268132,4,2,1,True
E01034206,Newham 033F,0,0.0,,0,0,0,False
E01034207,Newham 033G,0,0.0,,0,0,0,False
E01034208,Newham 034J,4,0.1699928626510417,0.04249821566276042,24,2,1,True
E01034209,Newham 034K,1,0.0,0.0,2,0,0,True
E01034210,Newham 034L,0,0.0,,0,0,0,False
E01034211,Newham 034M,0,0.0,,0,0,0,False
E01034212,Newham 034N,0,0.0,,0,0,0,False
E01034213,Newham 038A,1,0.0,0.0,4,0,0,True
E01034214,Newham 038B,0,0.0,,0,0,0,False
E01034215,Newham 038C,0,0.0,,0,0,0,False
E01034216,Newham 038D,1,0.2744695215972222,0.2744695215972222,1,1,1,True
E01034217,Newham 038E,0,0.0,,0,0,0,False
E01034218,Newham 039B,1,0.0,0.0,4,0,0,True
E01034219,Newham 039C,0,0.0,,0,0,0,False
E01034220,Newham 039D,2,0.17733024690432098,0.08866512345216049,4,4,2,True
E01034221,Newham 039E,1,0.0,0.0,4,0,0,True
E01034222,Newham 040A,0,0.0,,0,0,0,False
E01034223,Newham 040B,0,0.0,,0,0,0,False
E01034224,Newham 041D,1,0.0,0.0,2,0,0,True
E01034225,Newham 042B,1,0.0,0.0,4,0,0,True
E01034226,Newham 042C,0,0.0,,0,0,0,False
E01034227,Newham 042D,0,0.0,,0,0,0,False
E01034228,Newham 042E,0,0.0,,0,0,0,False
E01034229,Newham 042F,0,0.0,,0,0,0,False
E01034230,Newham 042G,0,0.0,,0,0,0,False
E01034231,Newham 042H,0,0.0,,0,0,0,False
E01034383,Bromley 005F,0,0.0,,0,0,0,False
E01034384,Bromley 005G,0,0.0,,0,0,0,False
E01034385,Bromley 018F,0,0.0,,0,0,0,False
E01034386,Bromley 018G,1,0.008437692900462961,0.008437692900462961,2,2,1,True
E01034387,Lewisham 001F,1,0.06713580246682098,0.06713580246682098,1,1,1,True
E01034388,Lewisham 001G,0,0.0,,0,0,0,False
E01034389,Lewisham 001H,3,0.027775848763503086,0.009258616254501029,3,2,2,True
E01034390,Lewisham 020F,1,0.0011184413578317902,0.0011184413578317902,2,1,1,True
E01034391,Lewisham 020G,1,0.0,0.0,6,0,0,True
E01034392,Lewisham 040A,0,0.0,,0,0,0,False
E01034393,Lewisham 040B,0,0.0,,0,0,0,False
E01034394,Lewisham 040C,0,0.0,,0,0,0,False
E01034395,Lewisham 040D,0,0.0,,0,0,0,False
E01034469,Barking and Dagenham 004F,0,0.0,,0,0,0,False
E01034470,Barking and Dagenham 004G,0,0.0,,0,0,0,False
E01034471,Barking and Dagenham 008G,0,0.0,,0,0,0,False
E01034472,Barking and Dagenham 008H,0,0.0,,0,0,0,False
E01034473,Barking and Dagenham 015E,0,0.0,,0,0,0,False
E01034474,Barking and Dagenham 015F,1,0.1852980324031636,0.1852980324031636,4,4,1,True
E01034475,Barking and Dagenham 019F,1,0.07558577674717078,0.07558577674717078,3,3,1,True
E01034476,Barking and Dagenham 019G,0,0.0,,0,0,0,False
E01034477,Barking and Dagenham 019H,0,0.0,,0,0,0,False
E01034478,Barking and Dagenham 019I,0,0.0,,0,0,0,False
E01034479,Barking and Dagenham 021G,1,0.0,0.0,4,0,0,True
E01034480,Redbridge 023E,0,0.0,,0,0,0,False
E01034481,Redbridge 023F,1,0.0,0.0,2,0,0,True
E01034482,Redbridge 032F,0,0.0,,0,0,0,False
E01034483,Redbridge 032G,1,0.0,0.0,2,0,0,True
E01034484,Redbridge 032H,9,0.02218827160300926,0.002465363511445473,9,4,4,True
E01034485,Waltham Forest 014F,10,0.013589120369212964,0.0013589120369212964,16,5,5,True
E01034486,Waltham Forest 014G,0,0.0,,0,0,0,False
E01034487,Waltham Forest 020H,1,0.0,0.0,4,0,0,True
E01034488,Waltham Forest 020I,5,0.09884683641820988,0.019769367283641974,9,1,1,True
E01034576,Kingston upon Thames 004H,0,0.0,,0,0,0,False
E01034577,Kingston upon Thames 004I,0,0.0,,0,0,0,False
E01034578,Merton 001F,4,0.09794675925501545,0.024486689813753862,4,4,4,True
E01034579,Merton 001G,3,0.014242283950617284,0.004747427983539095,3,2,2,True
E01034580,Merton 005F,6,0.2267760416604938,0.03779600694341564,15,5,4,True
E01034581,Merton 005G,5,0.10277662036766975,0.02055532407353395,7,4,4,True
E01034589,Harrow 002F,0,0.0,,0,0,0,False
E01034590,Harrow 002G,0,0.0,,0,0,0,False
E01034591,Harrow 013F,0,0.0,,0,0,0,False
E01034592,Harrow 013G,0,0.0,,0,0,0,False
E01034593,Harrow 015E,0,0.0,,0,0,0,False
E01034594,Harrow 015F,0,0.0,,0,0,0,False
E01034595,Harrow 023E,0,0.0,,0,0,0,False
E01034596,Harrow 023F,0,0.0,,0,0,0,False
E01034597,Harrow 023G,0,0.0,,0,0,0,False
E01034598,Harrow 023H,0,0.0,,0,0,0,False
E01034599,Harrow 027E,0,0.0,,0,0,0,False
E01034600,Harrow 027F,0,0.0,,0,0,0,False
E01034601,Hillingdon 015G,0,0.0,,0,0,0,False
E01034602,Hillingdon 015H,0,0.0,,0,0,0,False
E01034603,Hillingdon 015I,0,0.0,,0,0,0,False
E01034604,Hillingdon 015J,0,0.0,,0,0,0,False
E01034605,Hillingdon 015K,0,0.0,,0,0,0,False
E01034606,Hillingdon 016G,0,0.0,,0,0,0,False
E01034607,Hillingdon 016H,1,0.0,0.0,3,0,0,True
E01034608,Hillingdon 022G,0,0.0,,0,0,0,False
E01034609,Hillingdon 022H,1,6.26929012345679e-05,6.26929012345679e-05,4,1,1,True
E01034610,Hillingdon 027G,0,0.0,,0,0,0,False
E01034611,Hillingdon 027H,0,0.0,,0,0,0,False
E01034612,Hillingdon 027I,0,0.0,,0,0,0,False
E01034613,Hillingdon 027J,1,0.0,0.0,23,0,0,True
E01034614,Hillingdon 028F,0,0.0,,0,0,0,False
E01034615,Hillingdon 028G,1,0.0,0.0,1,0,0,True
E01034616,Hillingdon 030F,1,0.0,0.0,25,0,0,True
E01034617,Hillingdon 030G,0,0.0,,0,0,0,False
E01035484,Hammersmith and Fulham 001F,24,0.07534683641724538,0.003139451517385224,30,7,6,True
E01035485,Hammersmith and Fulham 001G,0,0.0,,0,0,0,False
E01035486,Hammersmith and Fulham 023G,0,0.0,,0,0,0,False
E01035487,Hammersmith and Fulham 023H,25,0.2978594392948817,0.011914377571795268,27,13,11,True
E01035488,Wandsworth 004H,1,0.02391705246875,0.02391705246875,2,1,1,True
E01035489,Wandsworth 004I,0,0.0,,0,0,0,False
E01035490,Wandsworth 010H,6,0.1372196502022891,0.022869941700381518,8,7,6,True
E01035491,Wandsworth 010I,2,0.032919753085648144,0.016459876542824072,4,3,1,True
E01035492,Wandsworth 010J,0,0.0,,0,0,0,False
E01035493,Wandsworth 010K,4,0.24613580243441358,0.061533950608603394,5,5,4,True
E01035494,Wandsworth 018E,1,0.07128523662345679,0.07128523662345679,3,3,1,True
E01035495,Wandsworth 018F,0,0.0,,0,0,0,False
E01035496,Wandsworth 038A,0,0.0,,0,0,0,False
E01035497,Wandsworth 038B,0,0.0,,0,0,0,False
E01035498,Wandsworth 038E,1,0.02681018518287037,0.02681018518287037,1,1,1,True
E01035499,Wandsworth 039C,1,0.020840663580246912,0.020840663580246912,1,1,1,True
E01035638,Hackney 002G,1,0.10877469135551698,0.10877469135551698,2,2,1,True
E01035639,Hackney 002H,3,0.0,0.0,11,0,0,True
E01035640,Hackney 020F,11,0.013542438270447531,0.0012311307518588664,15,1,1,True
E01035641,Hackney 020G,3,0.0,0.0,11,0,0,True
E01035642,Hackney 025G,3,0.006481867283950617,0.002160622427983539,5,1,1,True
E01035643,Hackney 025H,9,0.13896103393055556,0.01544011488117284,12,3,2,True
E01035644,Hackney 025I,1,0.0,0.0,1,0,0,True
E01035645,Hackney 025J,7,0.1890713734533179,0.027010196207616844,11,3,2,True
E01035646,Hackney 026E,5,0.0,0.0,5,0,0,True
E01035647,Hackney 026F,0,0.0,,0,0,0,False
E01035648,Hackney 026G,1,0.0,0.0,1,0,0,True
E01035649,Hackney 026H,8,0.1358965084800347,0.016987063560004338,21,3,3,True
E01035650,Hackney 031C,8,0.0,0.0,10,0,0,True
E01035651,Islington 007E,1,0.04606828703530093,0.04606828703530093,2,2,1,True
E01035652,Islington 007F,0,0.0,,0,0,0,False
E01035653,Islington 011J,2,8.217592554012346e-05,4.108796277006173e-05,2,1,1,True
E01035654,Islington 011K,1,0.022842592592013884,0.022842592592013884,2,2,1,True
E01035655,Islington 020F,4,0.1184878472191358,0.02962196180478395,6,6,4,True
E01035656,Islington 020G,0,0.0,,0,0,0,False
E01035657,Tower Hamlets 001E,1,0.08979706789853394,0.08979706789853394,1,1,1,True
E01035658,Tower Hamlets 001F,6,0.10578742283564814,0.01763123713927469,6,6,6,True
E01035659,Tower Hamlets 001G,9,0.2850868055486111,0.03167631172762345,9,9,9,True
E01035660,Tower Hamlets 002E,18,0.8881292438094136,0.04934051354496742,18,15,15,True
E01035661,Tower Hamlets 002F,13,0.3980528549293982,0.030619450379184475,13,10,10,True
E01035662,Tower Hamlets 004H,9,0.2544139660462963,0.028268218449588475,9,8,8,True
E01035663,Tower Hamlets 004I,29,0.27420601851003085,0.009455379948621754,29,21,21,True
E01035664,Tower Hamlets 006E,14,0.3015127314760802,0.021536623676862873,15,6,6,True
E01035665,Tower Hamlets 008F,1,0.0,0.0,1,0,0,True
E01035666,Tower Hamlets 008G,6,0.16872646604436728,0.028121077674061214,6,6,6,True
E01035667,Tower Hamlets 008H,8,0.34383989196875,0.04297998649609375,8,7,7,True
E01035668,Tower Hamlets 009E,9,0.1517665895028935,0.01686295438921039,12,7,7,True
E01035669,Tower Hamlets 009F,4,0.11168595678665123,0.02792148919666281,4,4,4,True
E01035670,Tower Hamlets 010G,36,0.3178290894988426,0.008828585819412295,37,25,24,True
E01035671,Tower Hamlets 012F,0,0.0,,0,0,0,False
E01035672,Tower Hamlets 012G,29,0.4537160493761574,0.015645381012970944,29,18,18,True
E01035673,Tower Hamlets 012H,4,0.06733024691010803,0.016832561727527007,4,4,4,True
E01035674,Tower Hamlets 014F,6,0.1962847222160494,0.032714120369341564,6,6,6,True
E01035675,Tower Hamlets 014G,12,0.29267592591666663,0.024389660493055552,12,12,12,True
E01035676,Tower Hamlets 014H,13,0.6452353394911265,0.04963348765316358,13,13,13,True
E01035677,Tower Hamlets 014I,5,0.0885455246886574,0.01770910493773148,5,3,3,True
E01035678,Tower Hamlets 018E,2,0.1071909722195216,0.0535954861097608,2,2,2,True
E01035679,Tower Hamlets 018F,5,0.11156134258757716,0.022312268517515433,5,4,4,True
E01035680,Tower Hamlets 019E,3,0.11763580246682098,0.039211934155606996,3,3,3,True
E01035681,Tower Hamlets 019F,9,0.16974189814506171,0.018860210905006856,9,6,6,True
E01035682,Tower Hamlets 019G,3,0.028475308641203703,0.0094917695470679,3,1,1,True
E01035683,Tower Hamlets 019H,10,0.24202083332754631,0.024202083332754632,10,10,10,True
E01035684,Tower Hamlets 020E,3,0.05271180555285494,0.017570601850951648,3,2,2,True
E01035685,Tower Hamlets 020F,4,0.08171489197453705,0.02042872299363426,4,4,4,True
E01035686,Tower Hamlets 021G,13,0.6696790123375771,0.05151377017981362,13,13,13,True
E01035687,Tower Hamlets 021H,10,0.5979810956689815,0.05979810956689815,10,9,9,True
E01035688,Tower Hamlets 021I,0,0.0,,0,0,0,False
E01035689,Tower Hamlets 021J,6,0.1832384259232253,0.030539737653870885,6,6,6,True
E01035690,Tower Hamlets 023E,5,0.07373186728240741,0.014746373456481481,5,2,2,True
E01035691,Tower Hamlets 023F,2,0.07390586419251544,0.03695293209625772,2,2,2,True
E01035692,Tower Hamlets 024E,18,0.27776273147357255,0.01543126285964292,19,15,15,True
E01035693,Tower Hamlets 024F,12,0.3469876543121142,0.02891563785934285,12,9,9,True
E01035694,Tower Hamlets 024G,29,0.5464189814633488,0.01884203384356375,29,24,24,True
E01035695,Tower Hamlets 024H,18,0.4570196759166667,0.025389981995370372,18,17,17,True
E01035696,Tower Hamlets 026E,2,0.07038425925733025,0.03519212962866512,2,2,2,True
E01035697,Tower Hamlets 026F,7,0.15571412036342594,0.022244874337632278,7,6,6,True
E01035698,Tower Hamlets 032F,1,0.08273244598591821,0.08273244598591821,4,4,1,True
E01035699,Tower Hamlets 032G,0,0.0,,0,0,0,False
E01035700,Tower Hamlets 034A,0,0.0,,0,0,0,False
E01035701,Tower Hamlets 034B,0,0.0,,0,0,0,False
E01035702,Tower Hamlets 034C,0,0.0,,0,0,0,False
E01035703,Tower Hamlets 036B,0,0.0,,0,0,0,False
E01035704,Tower Hamlets 036C,0,0.0,,0,0,0,False
E01035705,Tower Hamlets 036D,30,0.9314737654047067,0.031049125513490223,30,22,22,True
E01035706,Tower Hamlets 036E,4,0.0968773148128858,0.02421932870322145,4,4,4,True
E01035707,Camden 015F,16,0.24058140431076389,0.015036337769422743,21,18,15,True
E01035708,Camden 022F,3,0.0,0.0,9,0,0,True
E01035709,Camden 022G,1,0.00773341049382716,0.00773341049382716,1,1,1,True
E01035710,Camden 023F,2,0.055728780863040124,0.027864390431520062,5,4,2,True
E01035711,Camden 026E,9,0.39160223763927465,0.04351135973769718,16,13,8,True
E01035712,Camden 029E,3,0.05654783950578704,0.018849279835262345,5,4,2,True
E01035713,Kensington and Chelsea 016F,18,0.39086496911994595,0.021714720506663662,25,20,17,True
E01035714,Kensington and Chelsea 020F,13,0.2258074845613426,0.01736980650471866,15,13,11,True
E01035715,Westminster 007H,40,1.235127700588696,0.0308781925147174,48,35,30,True
E01035716,Westminster 013G,18,0.750601658929591,0.041700092162755054,23,18,14,True
E01035717,Westminster 014H,36,0.5888734567530864,0.016357596020919067,39,36,34,True
E01035718,Westminster 019G,16,0.5915275847893519,0.03697047404933449,20,13,11,True
E01035719,Westminster 021F,17,0.5360123456643519,0.031530137980255994,18,17,16,True
E01035720,Westminster 021G,13,0.20535841049074074,0.01579680080698006,14,10,9,True
E01035721,Westminster 023H,10,0.22794675924922841,0.02279467592492284,10,10,10,True
E01035722,Westminster 024G,22,0.47825038578858026,0.02173865389948092,22,16,16,True
