lsoa_code,e_i,u_i,B_i,london_income_decile,mismatch_category
E01000001,1,0.2439112653715277,51.734188753343034,10,Saturated / potentially underprovided
E01000002,1,0.0159715952928723,37.786226683113334,10,Apparently adequate
E01000003,0,,27.642857142857128,9,"Low-demand, no provision"
E01000005,0,,14.952272727272724,7,"Low-demand, no provision"
E01000006,0,,64.83506493506492,4,"Low-demand, no provision"
E01000007,0,,66.46850649350648,1,"Low-demand, no provision"
E01000008,0,,42.46948051948051,1,"Low-demand, no provision"
E01000009,1,0.212976176693287,61.57350625767598,2,Saturated / potentially underprovided
E01000011,0,,44.98246753246752,2,"Low-demand, no provision"
E01000012,1,0.0640728202142168,63.24012786137421,1,Saturated / potentially underprovided
E01000013,0,,67.09675324675324,3,"Low-demand, no provision"
E01000014,0,,77.65129870129869,4,True desert
E01000015,0,,87.70324675324675,2,True desert
E01000016,0,,77.39999999999999,3,True desert
E01000017,0,,70.61493506493505,2,True desert
E01000018,0,,78.02824675324675,3,True desert
E01000019,0,,65.33766233766231,2,"Low-demand, no provision"
E01000020,0,,84.81331168831167,4,True desert
E01000021,0,,67.09675324675324,2,"Low-demand, no provision"
E01000022,0,,62.824675324675326,3,"Low-demand, no provision"
E01000024,0,,63.57857142857142,3,"Low-demand, no provision"
E01000025,0,,75.89220779220778,3,True desert
E01000027,0,,87.20064935064934,2,True desert
E01000028,0,,64.33246753246752,2,"Low-demand, no provision"
E01000029,0,,97.88084415584412,7,True desert
E01000030,0,,99.5142857142857,2,True desert
E01000031,0,,86.82370129870128,6,True desert
E01000032,0,,86.57240259740257,4,True desert
E01000033,0,,64.96071428571427,2,"Low-demand, no provision"
E01000034,0,,70.36363636363635,4,True desert
E01000035,3,0.1097373799667866,79.34009749377476,4,Saturated / potentially underprovided
E01000036,0,,62.82467532467531,4,"Low-demand, no provision"
E01000037,0,,98.63474025974024,6,True desert
E01000038,0,,84.18506493506491,6,True desert
E01000039,0,,92.6035714285714,6,True desert
E01000040,0,,64.70941558441558,2,"Low-demand, no provision"
E01000041,0,,75.64090909090908,3,True desert
E01000042,0,,61.19123376623376,1,"Low-demand, no provision"
E01000043,0,,59.934740259740245,5,"Low-demand, no provision"
E01000044,0,,58.929545454545455,3,"Low-demand, no provision"
E01000045,0,,65.84025974025973,3,"Low-demand, no provision"
E01000046,0,,76.39480519480519,3,True desert
E01000049,1,0.1532857831761188,63.035680249605086,4,Saturated / potentially underprovided
E01000050,0,,56.79350649350648,3,"Low-demand, no provision"
E01000051,1,0.0,29.276298701298693,1,Apparently adequate
E01000052,0,,75.13831168831167,2,True desert
E01000053,1,0.1135201581768904,70.236368574564,3,Saturated / potentially underprovided
E01000054,0,,77.65129870129869,3,True desert
E01000055,0,,68.22759740259738,3,True desert
E01000056,0,,66.97110389610388,1,"Low-demand, no provision"
E01000057,2,0.0,54.40616883116882,3,Apparently adequate
E01000058,0,,79.53603896103894,3,True desert
E01000059,1,0.0750745563256173,79.56354532225004,3,Saturated / potentially underprovided
E01000060,0,,80.54123376623374,2,True desert
E01000061,0,,58.42694805194804,1,"Low-demand, no provision"
E01000062,1,0.118656925152199,104.7160946023559,3,Saturated / potentially underprovided
E01000063,0,,73.63051948051945,4,True desert
E01000064,0,,94.86525974025972,3,True desert
E01000065,1,0.1230733024664351,91.86484370243058,1,Saturated / potentially underprovided
E01000066,1,0.0813431712954282,105.5710422939493,6,Saturated / potentially underprovided
E01000067,0,,92.60357142857144,4,True desert
E01000068,0,,67.22240259740259,5,"Low-demand, no provision"
E01000069,1,0.0354682355955504,98.22996312256032,8,Saturated / potentially underprovided
E01000070,2,0.0491489519022472,92.01376940959298,6,Saturated / potentially underprovided
E01000071,0,,110.32012987012982,5,True desert
E01000072,0,,79.28474025974023,2,True desert
E01000073,0,,77.52564935064933,2,True desert
E01000074,0,,70.237987012987,3,True desert
E01000075,1,0.0190861625511831,85.27964471047629,4,Saturated / potentially underprovided
E01000076,0,,82.92857142857142,3,True desert
E01000077,0,,64.70941558441558,2,"Low-demand, no provision"
E01000078,0,,74.38441558441559,2,True desert
E01000079,1,0.2445590277734375,85.22602835806316,3,Saturated / potentially underprovided
E01000080,0,,72.87662337662334,4,True desert
E01000081,0,,82.425974025974,4,True desert
E01000082,0,,86.06980519480517,3,True desert
E01000083,1,0.2530785107972608,96.20103422973632,2,Saturated / potentially underprovided
E01000084,2,0.070754259900045,55.96846422397014,3,Saturated / potentially underprovided
E01000085,0,,56.66785714285713,2,"Low-demand, no provision"
E01000086,0,,53.77792207792207,2,"Low-demand, no provision"
E01000087,1,0.0088531378600823,63.38087083633957,2,Apparently adequate
E01000088,0,,73.12792207792207,4,True desert
E01000089,0,,72.12272727272726,2,True desert
E01000090,0,,66.21720779220779,2,"Low-demand, no provision"
E01000091,2,0.0421535493814621,72.67498379996667,1,Saturated / potentially underprovided
E01000093,0,,58.04999999999998,1,"Low-demand, no provision"
E01000094,0,,90.46753246753244,3,True desert
E01000095,0,,88.70844155844155,1,True desert
E01000096,2,0.0489269065061085,57.463485320970335,2,Saturated / potentially underprovided
E01000097,0,,75.26396103896103,2,True desert
E01000098,0,,75.3896103896104,2,True desert
E01000099,0,,121.125974025974,4,True desert
E01000100,0,,77.90259740259737,4,True desert
E01000101,1,0.0026021090533693,70.2947776109217,2,Apparently adequate
E01000102,0,,72.62532467532466,2,True desert
E01000103,0,,77.52564935064933,3,True desert
E01000104,0,,74.00746753246752,2,True desert
E01000105,0,,81.29512987012986,1,True desert
E01000106,0,,79.912987012987,1,True desert
E01000107,0,,79.78733766233766,4,True desert
E01000108,0,,78.9077922077922,3,True desert
E01000110,0,,80.03863636363634,6,True desert
E01000111,1,0.0337749807093942,84.95012339856694,4,Saturated / potentially underprovided
E01000112,0,,82.04902597402595,5,True desert
E01000113,3,0.0824387860066872,80.78859196417052,4,Saturated / potentially underprovided
E01000114,0,,102.65551948051947,3,True desert
E01000115,0,,93.86006493506493,10,True desert
E01000116,6,0.1034448945351723,110.08582477369436,8,Saturated / potentially underprovided
E01000117,4,0.0584270833274016,113.97300910041646,8,Saturated / potentially underprovided
E01000118,1,0.0,121.12597402597402,8,Apparently adequate
E01000119,1,0.0221902006153549,105.83252879669782,8,Saturated / potentially underprovided
E01000120,2,0.0040044367282021,92.72209156011472,9,Apparently adequate
E01000121,0,,70.74058441558441,4,True desert
E01000122,1,0.0183788580239197,90.08288412691586,8,Saturated / potentially underprovided
E01000123,2,0.0090532407405478,100.79557315338978,6,Apparently adequate
E01000124,4,0.0155549768514178,76.56229403405818,4,Apparently adequate
E01000126,2,0.0020381944444444,87.88200302353894,2,Apparently adequate
E01000127,0,,58.929545454545455,2,"Low-demand, no provision"
E01000128,0,,85.94415584415583,3,True desert
E01000129,0,,48.249350649350646,1,"Low-demand, no provision"
E01000130,0,,81.04383116883115,4,True desert
E01000131,3,0.1354884902180426,97.01790619668184,5,Saturated / potentially underprovided
E01000132,0,,65.33766233766232,2,"Low-demand, no provision"
E01000133,0,,67.725,2,"Low-demand, no provision"
E01000134,0,,69.10714285714285,4,True desert
E01000135,6,0.0664063785994727,90.17747003656208,8,Saturated / potentially underprovided
E01000136,6,0.0220631430029578,88.2256187555368,10,Saturated / potentially underprovided
E01000137,7,0.011499944885141,54.52345952911224,2,Apparently adequate
E01000138,3,0.0117824074067644,72.8453768262524,3,Apparently adequate
E01000139,8,0.0355163966041666,66.09687711259504,7,Saturated / potentially underprovided
E01000140,7,0.0499763833721064,80.60852781916172,6,Saturated / potentially underprovided
E01000141,6,0.0061567001021733,46.52364045511399,2,Apparently adequate
E01000142,7,0.0323312940909391,88.2039945951206,3,Saturated / potentially underprovided
E01000143,4,0.06482904127527,56.59531782006589,2,Saturated / potentially underprovided
E01000144,3,0.0318143004104938,59.1189393578054,5,Saturated / potentially underprovided
E01000145,10,0.0108810185183256,69.98611550188058,4,Apparently adequate
E01000146,5,0.0089314043206018,61.991300567481694,6,Apparently adequate
E01000147,3,0.0819369212890946,100.19122297180331,7,Saturated / potentially underprovided
E01000150,1,0.0189259259247685,106.5187809522599,3,Saturated / potentially underprovided
E01000151,0,,50.6366883116883,1,"Low-demand, no provision"
E01000152,0,,104.28896103896102,3,True desert
E01000153,0,,75.26396103896103,2,True desert
E01000154,0,,61.316883116883105,2,"Low-demand, no provision"
E01000156,11,0.0151221590904531,84.31017991897775,8,Apparently adequate
E01000157,11,0.006321934623562,67.14160344134353,6,Apparently adequate
E01000158,7,0.0101958223100198,71.58877329349463,6,Apparently adequate
E01000159,2,0.0277139274685571,109.24532314320146,7,Saturated / potentially underprovided
E01000160,4,0.0059820601850887,94.80074447036428,6,Apparently adequate
E01000161,10,0.0079804783949459,91.06285456325612,5,Apparently adequate
E01000162,3,0.0730453960807613,80.62681942642409,6,Saturated / potentially underprovided
E01000163,5,0.0097355709873456,69.39932249569488,2,Apparently adequate
E01000164,4,0.0152807677467206,70.29072242597644,2,Apparently adequate
E01000165,0,,92.22662337662337,5,True desert
E01000166,0,,104.16331168831168,6,True desert
E01000167,3,0.0025749742795781,77.59930300923935,4,Apparently adequate
E01000168,0,,103.66071428571426,9,True desert
E01000169,0,,101.52467532467531,8,True desert
E01000170,0,,103.15811688311686,6,True desert
E01000171,2,0.0738613040113811,109.5631401356339,2,Saturated / potentially underprovided
E01000172,0,,105.67110389610389,9,True desert
E01000173,6,0.0008514660493184,98.3414553819381,8,Apparently adequate
E01000174,4,0.0512013406588541,87.57087376220434,5,Saturated / potentially underprovided
E01000175,2,0.0254114583327546,116.98879377022614,9,Saturated / potentially underprovided
E01000176,3,0.0153554526739969,76.41967323075235,3,Apparently adequate
E01000177,2,0.0068541666664737,75.2737904829401,8,Apparently adequate
E01000178,11,0.0153543771032898,75.52654195190651,8,Apparently adequate
E01000179,10,0.003421990740625,83.0862729105694,8,Apparently adequate
E01000180,2,0.0139295910489969,67.39438560659862,4,Apparently adequate
E01000181,8,0.0379823977577883,73.94916868753042,9,Saturated / potentially underprovided
E01000182,13,0.023050866571136,68.51484587613466,10,Saturated / potentially underprovided
E01000183,16,0.0026786506558159,72.94584847025993,9,Apparently adequate
E01000184,2,0.0,72.49967532467531,3,Apparently adequate
E01000185,0,,51.01363636363636,2,"Low-demand, no provision"
E01000186,0,,105.29415584415582,8,True desert
E01000187,1,0.0,90.71883116883116,4,Apparently adequate
E01000188,0,,111.32532467532464,6,True desert
E01000189,6,0.0584403292157921,121.68799116135,3,Saturated / potentially underprovided
E01000190,3,0.0173422067890946,103.41316562602276,8,Saturated / potentially underprovided
E01000191,3,0.0196129115205118,100.0567998923182,7,Saturated / potentially underprovided
E01000192,1,0.0172829218088991,95.73788297541977,5,Saturated / potentially underprovided
E01000193,2,0.0126388888881172,90.97475446421636,4,Apparently adequate
E01000194,6,0.0956664416065136,81.63817771127285,2,Saturated / potentially underprovided
E01000195,1,0.0001983024683641,79.67748542111455,2,Apparently adequate
E01000196,7,0.1064599592076444,96.62305289879352,6,Saturated / potentially underprovided
E01000197,9,0.0334555469814814,83.75519687005922,7,Saturated / potentially underprovided
E01000198,2,0.0,124.89545454545453,6,Apparently adequate
E01000199,9,0.0032748199585905,102.99169782457376,8,Apparently adequate
E01000200,8,0.0111816165121527,119.3040003796106,8,Apparently adequate
E01000201,4,0.0052050540118634,107.48416132243666,10,Apparently adequate
E01000202,5,0.0174587962957561,93.45326009600016,8,Saturated / potentially underprovided
E01000203,0,,88.95974025974023,3,True desert
E01000204,14,0.037311315034419,101.01155719535652,9,Saturated / potentially underprovided
E01000205,15,0.0109477109048096,92.6011691699992,9,Apparently adequate
E01000206,3,0.0145842978386702,112.8214445091738,10,Apparently adequate
E01000207,11,0.0191555485390011,102.5730425405712,9,Saturated / potentially underprovided
E01000208,4,0.0157831790120563,97.76649258204284,10,Apparently adequate
E01000209,27,0.0138101708955475,87.38582850314664,9,Apparently adequate
E01000210,10,0.006422453703395,85.4844775838482,10,Apparently adequate
E01000211,27,0.0434836176788766,72.24328447499695,4,Saturated / potentially underprovided
E01000212,13,0.0131993114905923,77.1485483537002,8,Apparently adequate
E01000213,1,0.0,94.23701298701296,10,Apparently adequate
E01000214,7,0.0117119157843915,80.84892118696227,9,Apparently adequate
E01000215,6,0.0067119984566615,89.9363160257596,1,Apparently adequate
E01000216,12,0.0045443351336484,84.56763008337781,5,Apparently adequate
E01000217,4,0.0456057098754822,87.36748618993659,4,Saturated / potentially underprovided
E01000218,8,0.0569490740672501,76.36285477493986,2,Saturated / potentially underprovided
E01000219,3,0.0,76.14350649350648,2,Apparently adequate
E01000220,11,0.0085360900670945,67.54277527085377,1,Apparently adequate
E01000221,2,0.0,42.84642857142856,1,Apparently adequate
E01000222,1,0.013155864197145,81.9827304292617,3,Apparently adequate
E01000223,1,0.0,73.00227272727271,1,Apparently adequate
E01000224,2,0.0062972608022762,69.92165035115451,2,Apparently adequate
E01000225,3,0.0,95.36785714285712,5,Apparently adequate
E01000226,0,,75.51525974025972,1,True desert
E01000227,0,,105.41980519480518,8,True desert
E01000228,1,0.0,93.48311688311686,7,Apparently adequate
E01000229,0,,83.80811688311687,3,True desert
E01000230,5,0.0735043209801311,117.48494026072068,6,Saturated / potentially underprovided
E01000231,3,0.013425282921039,101.35963806960775,5,Apparently adequate
E01000232,1,0.0,115.4717532467532,6,Apparently adequate
E01000233,1,0.0129764660493827,111.87897512513528,8,Apparently adequate
E01000234,4,0.0241083622663966,102.8141620199608,7,Saturated / potentially underprovided
E01000235,0,,84.18506493506491,4,True desert
E01000236,3,0.0021360596706532,88.14242161194153,3,Apparently adequate
E01000237,5,0.04392168209402,88.8007911645945,6,Saturated / potentially underprovided
E01000238,13,0.0025392924974774,88.93369823855382,5,Apparently adequate
E01000239,2,0.104523244588831,97.98053569254854,3,Saturated / potentially underprovided
E01000240,2,0.0160691165108603,92.5596079107255,5,Apparently adequate
E01000241,1,0.0211577932094907,101.23486495193684,6,Saturated / potentially underprovided
E01000242,1,0.0022681327156635,93.69514899888163,6,Apparently adequate
E01000243,3,0.0637067258167438,82.06359245945552,4,Saturated / potentially underprovided
E01000244,4,0.0052487461419753,61.00717560961173,6,Apparently adequate
E01000245,7,0.0530453317844466,73.69915541367645,2,Saturated / potentially underprovided
E01000246,2,0.0738113425908564,109.6929664060726,9,Saturated / potentially underprovided
E01000247,0,,104.79155844155844,8,True desert
E01000248,26,0.0114228988600575,88.95924133155505,8,Apparently adequate
E01000249,3,0.0023657407407407,106.17298754058436,10,Apparently adequate
E01000250,1,0.0339614197527006,136.28249345683943,7,Saturated / potentially underprovided
E01000251,6,0.0107509002053755,110.3631688284962,6,Apparently adequate
E01000252,0,,102.2785714285714,7,True desert
E01000253,1,0.0147060185185185,155.9290172957251,10,Apparently adequate
E01000254,5,0.0197749999992283,106.73567744310104,10,Saturated / potentially underprovided
E01000255,5,0.0045329475306327,97.18856267358868,6,Apparently adequate
E01000256,0,,111.19967532467533,7,True desert
E01000257,1,0.0,91.5983766233766,4,Apparently adequate
E01000258,0,,114.84350649350644,8,True desert
E01000259,2,0.009442901234375,151.5688348439465,6,Apparently adequate
E01000260,0,,118.3616883116883,5,True desert
E01000261,0,,112.07922077922076,9,True desert
E01000263,0,,112.58181818181816,10,True desert
E01000264,11,0.0963209701084105,109.375102289926,5,Saturated / potentially underprovided
E01000265,2,0.0063003472220293,94.95717987518468,4,Apparently adequate
E01000266,2,0.0245216049376929,106.97502421530751,10,Saturated / potentially underprovided
E01000267,1,0.0071153549378858,102.12051603418703,8,Apparently adequate
E01000268,9,0.0532927383349408,106.93520328129306,3,Saturated / potentially underprovided
E01000269,3,0.0225747170775462,90.7110095290134,8,Saturated / potentially underprovided
E01000270,3,0.0287970678995627,99.40684863575112,7,Saturated / potentially underprovided
E01000271,2,0.0955275848646797,116.45387088956682,9,Saturated / potentially underprovided
E01000272,1,0.0,100.14253246753243,9,Apparently adequate
E01000273,5,0.0738282021514274,102.00391712982056,5,Saturated / potentially underprovided
E01000274,3,0.0322406121390174,101.81478466388724,5,Saturated / potentially underprovided
E01000275,3,0.0346838991759259,98.41557156450652,7,Saturated / potentially underprovided
E01000276,0,,95.49350649350647,10,True desert
E01000277,3,0.0199196244848251,65.48579388936543,5,Saturated / potentially underprovided
E01000278,0,,91.47272727272724,10,True desert
E01000279,0,,118.73863636363632,10,True desert
E01000280,0,,100.7707792207792,10,True desert
E01000281,0,,85.31590909090907,6,True desert
E01000282,1,0.0170177469128086,101.84673274027264,9,Saturated / potentially underprovided
E01000283,0,,94.86525974025972,10,True desert
E01000284,12,0.030497620882298,91.41383797815038,5,Saturated / potentially underprovided
E01000285,3,0.0553330761309156,93.48435059291502,7,Saturated / potentially underprovided
E01000286,2,0.0951064814785879,98.79638233199002,4,Saturated / potentially underprovided
E01000287,1,0.0234263117276234,84.22831773645343,5,Saturated / potentially underprovided
E01000288,1,0.0020015432091049,86.24207762890182,7,Apparently adequate
E01000289,1,0.0,63.70422077922077,1,Apparently adequate
E01000290,1,0.0080385802461419,112.72685980330472,6,Apparently adequate
E01000291,0,,76.52045454545453,6,True desert
E01000292,1,0.0,86.57240259740257,8,Apparently adequate
E01000293,3,0.0015879629629629,98.03627531114716,9,Apparently adequate
E01000294,4,0.0034347029319058,95.44325556371044,7,Apparently adequate
E01000295,9,0.0561437328522376,76.57007772797785,8,Saturated / potentially underprovided
E01000296,7,0.0107808090820656,71.50322515052257,7,Apparently adequate
E01000297,3,3.8580246913580246e-05,60.06270675505049,7,Apparently adequate
E01000298,11,0.0510085051860795,75.27336563603806,6,Saturated / potentially underprovided
E01000299,9,0.0257419624456447,81.8412203120795,5,Saturated / potentially underprovided
E01000300,1,0.0,78.53084415584414,7,Apparently adequate
E01000301,0,,79.78733766233763,9,True desert
E01000302,9,0.0139674211240997,68.5435392475858,5,Apparently adequate
E01000303,4,0.0051723572530864,75.52695387975739,9,Apparently adequate
E01000304,9,0.0096368741423182,66.85533468975703,7,Apparently adequate
E01000305,3,0.0285690586413323,61.51778033455749,2,Saturated / potentially underprovided
E01000306,3,0.0426139403275462,65.5018822900585,6,Saturated / potentially underprovided
E01000307,5,0.03385262345625,67.93922235070404,3,Saturated / potentially underprovided
E01000308,1,0.0,80.1642857142857,5,Apparently adequate
E01000309,4,0.0111490162034143,91.60320667019155,6,Apparently adequate
E01000310,11,0.0184470348302444,88.04143951485763,3,Saturated / potentially underprovided
E01000311,6,0.0108768647116126,84.71968643218955,7,Apparently adequate
E01000312,0,,74.38441558441556,4,True desert
E01000313,3,0.0116608796292438,62.79457910576608,3,Apparently adequate
E01000314,11,0.049330054007716,93.74367197097436,7,Saturated / potentially underprovided
E01000315,1,0.069279706787037,84.24014661434015,3,Saturated / potentially underprovided
E01000316,5,0.0140649691351851,97.98336915894104,5,Apparently adequate
E01000317,8,0.0049068769287229,71.7190292399234,6,Apparently adequate
E01000318,8,0.0080157214501832,98.79208625875071,7,Apparently adequate
E01000319,7,0.0094433421512345,74.45267356920577,9,Apparently adequate
E01000320,4,0.0605521797779224,105.1403195551721,7,Saturated / potentially underprovided
E01000321,11,0.0202995931517957,83.45818785710517,6,Saturated / potentially underprovided
E01000322,3,0.0023713991768261,85.14038522124929,5,Apparently adequate
E01000323,9,0.060202181920739,83.12535860638812,5,Saturated / potentially underprovided
E01000324,8,0.0009461323301986,97.21884299763352,8,Apparently adequate
E01000325,0,,114.46655844155842,10,True desert
E01000326,0,,85.19025974025972,9,True desert
E01000327,0,,110.1944805194805,9,True desert
E01000328,0,,103.0324675324675,9,True desert
E01000329,1,0.0,97.0012987012987,7,Apparently adequate
E01000330,0,,87.82889610389608,7,True desert
E01000331,0,,92.72922077922075,5,True desert
E01000332,1,0.0,93.48311688311686,8,Apparently adequate
E01000333,4,0.0220202546291956,97.72471400327288,4,Saturated / potentially underprovided
E01000334,0,,99.0116883116883,8,True desert
E01000335,1,0.1165821759224537,138.05306014567455,5,Saturated / potentially underprovided
E01000336,0,,72.75097402597402,3,True desert
E01000337,3,0.1286324588455504,91.6105103819173,5,Saturated / potentially underprovided
E01000338,0,,94.3626623376623,6,True desert
E01000339,0,,101.39902597402592,7,True desert
E01000340,2,5.922067901234568e-05,104.29513710204726,9,Apparently adequate
E01000341,2,0.0085878665123456,109.3666182615778,9,Apparently adequate
E01000342,0,,103.15811688311685,9,True desert
E01000343,0,,101.65032467532464,9,True desert
E01000344,1,0.0133360339506172,102.87861184163056,9,Apparently adequate
E01000345,0,,94.36266233766231,10,True desert
E01000346,3,0.0476724537024176,112.42001642978624,10,Saturated / potentially underprovided
E01000347,0,,92.72922077922075,8,True desert
E01000348,0,,113.08441558441557,10,True desert
E01000349,0,,121.50292207792204,10,True desert
E01000350,0,,101.02207792207793,10,True desert
E01000351,1,0.0,113.33571428571427,9,Apparently adequate
E01000352,0,,103.40941558441554,7,True desert
E01000353,1,0.0198761574066358,119.94538319796118,10,Saturated / potentially underprovided
E01000354,2,0.0173504050921103,91.27020429683174,7,Saturated / potentially underprovided
E01000355,1,0.0,104.28896103896103,10,Apparently adequate
E01000356,1,0.0004999999996141,97.17551152593651,10,Apparently adequate
E01000357,1,1.1574074074074074e-06,94.23712205762985,10,Apparently adequate
E01000358,0,,103.03246753246752,9,True desert
E01000359,0,,85.31590909090907,10,True desert
E01000360,3,0.012830889917181,90.73748061225244,6,Apparently adequate
E01000361,0,,104.16331168831168,9,True desert
E01000362,1,0.0058499228375771,113.11402874144068,8,Apparently adequate
E01000363,0,,103.91201298701296,9,True desert
E01000364,1,0.0016454475304783,116.54274865841468,9,Apparently adequate
E01000365,0,,90.71883116883116,8,True desert
E01000366,1,0.0018834876539351,90.51204093836698,8,Apparently adequate
E01000367,0,,109.31493506493504,4,True desert
E01000368,0,,88.08019480519478,4,True desert
E01000369,1,0.0049648919749228,109.98394509488018,9,Apparently adequate
E01000370,0,,102.90681818181817,9,True desert
E01000371,0,,104.54025974025969,8,True desert
E01000372,0,,88.70844155844155,4,True desert
E01000373,0,,57.79870129870128,3,"Low-demand, no provision"
E01000374,1,0.0,78.78214285714283,3,Apparently adequate
E01000375,0,,119.11558441558438,7,True desert
E01000376,0,,100.39383116883114,8,True desert
E01000377,3,0.0127809927969393,101.42245345366725,9,Apparently adequate
E01000379,0,,103.40941558441558,7,True desert
E01000380,0,,113.96396103896105,5,True desert
E01000381,0,,95.49350649350647,5,True desert
E01000382,0,,111.82792207792204,10,True desert
E01000383,1,0.0,116.72824675324672,8,Apparently adequate
E01000384,4,0.0066227816355131,98.90853210957202,7,Apparently adequate
E01000385,2,0.0,107.80714285714284,4,Apparently adequate
E01000386,1,0.0076049382712191,69.88590822508145,2,Apparently adequate
E01000387,0,,108.4353896103896,9,True desert
E01000388,0,,96.75,9,True desert
E01000389,0,,107.68149350649348,9,True desert
E01000390,2,0.0337102623451003,93.3873316975036,9,Saturated / potentially underprovided
E01000391,0,,105.79675324675324,8,True desert
E01000392,0,,86.32110389610388,5,True desert
E01000393,3,0.0041577289093364,97.65694733832622,9,Apparently adequate
E01000394,0,,92.3522727272727,9,True desert
E01000395,3,0.0023454218104423,101.0071292042189,10,Apparently adequate
E01000396,2,0.0073847415122492,91.51534352593144,9,Apparently adequate
E01000398,0,,93.60876623376625,7,True desert
E01000399,3,0.0056194058639403,97.167322091989,9,Apparently adequate
E01000400,1,0.0,87.32629870129868,8,Apparently adequate
E01000401,0,,89.21103896103895,5,True desert
E01000402,0,,82.80292207792206,4,True desert
E01000403,1,0.0573927469124228,112.40016237812368,3,Saturated / potentially underprovided
E01000404,0,,91.47272727272724,3,True desert
E01000405,0,,75.13831168831167,3,True desert
E01000406,1,0.0397372685177469,110.6540388020012,6,Saturated / potentially underprovided
E01000407,1,0.0664529320983796,117.24922861422522,8,Saturated / potentially underprovided
E01000408,0,,80.03863636363634,4,True desert
E01000409,0,,109.1892857142857,9,True desert
E01000410,2,0.026038676697145,102.87903258755598,9,Saturated / potentially underprovided
E01000411,0,,95.61915584415584,9,True desert
E01000412,1,0.0,106.29935064935064,9,Apparently adequate
E01000413,2,0.0075348186724537,89.88322796319159,9,Apparently adequate
E01000414,0,,94.23701298701292,6,True desert
E01000415,0,,100.7707792207792,10,True desert
E01000416,2,0.0707559799367284,66.59719782356471,5,Saturated / potentially underprovided
E01000417,0,,94.99090909090908,7,True desert
E01000418,0,,92.47792207792207,6,True desert
E01000419,1,0.0851209490725308,106.34889924903706,10,Saturated / potentially underprovided
E01000420,0,,101.52467532467531,8,True desert
E01000421,0,,104.91720779220776,10,True desert
E01000422,1,0.0,42.84642857142856,4,Apparently adequate
E01000423,0,,101.65032467532464,10,True desert
E01000424,1,0.01424537036902,115.5874198726816,10,Apparently adequate
E01000425,0,,115.72305194805192,10,True desert
E01000426,2,0.0132060185179398,107.57583316417016,9,Apparently adequate
E01000427,0,,124.64415584415582,8,True desert
E01000428,0,,100.14253246753243,5,True desert
E01000429,0,,66.97110389610388,2,"Low-demand, no provision"
E01000430,1,0.0,104.79155844155842,6,Apparently adequate
E01000431,1,0.0001157407407407,55.04078530844154,2,Apparently adequate
E01000433,0,,82.1746753246753,2,True desert
E01000434,1,0.0062131558641975,72.95012710757123,2,Apparently adequate
E01000435,1,0.0063603395059799,74.47818015195179,5,Apparently adequate
E01000436,0,,117.98474025974022,10,True desert
E01000437,0,,88.08019480519478,8,True desert
E01000438,1,0.0434386574070216,96.36393146303251,7,Saturated / potentially underprovided
E01000439,0,,72.49967532467531,5,True desert
E01000440,0,,97.12694805194803,10,True desert
E01000441,0,,89.21103896103897,3,True desert
E01000442,1,1.2731481095679012e-05,113.83976101862488,9,Apparently adequate
E01000443,0,,82.67727272727271,7,True desert
E01000444,0,,133.43961038961038,10,True desert
E01000445,1,0.0,109.94318181818178,10,Apparently adequate
E01000446,0,,102.40422077922076,10,True desert
E01000447,1,0.0044238040117669,119.64252841578605,8,Apparently adequate
E01000448,1,0.0,95.61915584415584,10,Apparently adequate
E01000449,2,0.0006933834876543,105.36716507316468,10,Apparently adequate
E01000450,1,0.0290725308634259,111.32927623097711,6,Saturated / potentially underprovided
E01000451,3,0.0024700360081018,108.32534980007026,9,Apparently adequate
E01000452,2,0.011704089505787,96.86541096451931,10,Apparently adequate
E01000453,1,0.0020933641975308,96.57479584460673,9,Apparently adequate
E01000454,0,,87.95454545454545,7,True desert
E01000455,2,0.0219888117280092,106.32532690742735,9,Saturated / potentially underprovided
E01000456,0,,84.93896103896103,10,True desert
E01000457,0,,105.67110389610389,7,True desert
E01000458,2,0.0244759837961033,103.49469266434735,10,Saturated / potentially underprovided
E01000459,0,,110.1944805194805,7,True desert
E01000460,1,0.0308456790123456,95.84856673881671,10,Saturated / potentially underprovided
E01000461,0,,113.08441558441554,10,True desert
E01000462,0,,93.48311688311686,8,True desert
E01000463,0,,80.6668831168831,10,True desert
E01000464,0,,56.91915584415583,3,"Low-demand, no provision"
E01000465,1,0.0,65.33766233766232,2,Apparently adequate
E01000466,0,,59.934740259740245,3,"Low-demand, no provision"
E01000467,1,0.2046871141944444,82.94974819152625,4,Saturated / potentially underprovided
E01000468,1,0.0,114.96915584415584,5,Apparently adequate
E01000469,0,,75.38961038961038,4,True desert
E01000470,0,,42.34383116883116,1,"Low-demand, no provision"
E01000471,0,,64.08116883116881,6,"Low-demand, no provision"
E01000472,0,,67.85064935064933,2,"Low-demand, no provision"
E01000473,2,0.0821402391877893,66.08152612562264,3,Saturated / potentially underprovided
E01000474,0,,68.98149350649349,5,True desert
E01000475,0,,77.27435064935064,4,True desert
E01000476,0,,71.87142857142855,5,True desert
E01000477,0,,62.82467532467531,1,"Low-demand, no provision"
E01000478,0,,69.4840909090909,4,True desert
E01000479,1,0.0,97.62954545454544,7,Apparently adequate
E01000480,0,,87.20064935064934,6,True desert
E01000481,1,0.0,59.934740259740245,2,Apparently adequate
E01000483,1,0.0283805298347479,55.950244728876136,1,Saturated / potentially underprovided
E01000484,0,,65.08636363636363,3,"Low-demand, no provision"
E01000485,0,,63.57857142857141,3,"Low-demand, no provision"
E01000486,0,,86.19545454545454,5,True desert
E01000487,2,0.000169174382716,75.52803498771192,3,Apparently adequate
E01000488,4,0.014811985596322,57.25219969258885,5,Apparently adequate
E01000489,6,0.0214314557608667,70.84489393034394,5,Saturated / potentially underprovided
E01000490,3,0.0167296167687114,48.034532465989834,5,Saturated / potentially underprovided
E01000491,11,0.0295446712489478,82.92079803984177,7,Saturated / potentially underprovided
E01000492,4,0.0054706790120563,57.98856270290538,8,Apparently adequate
E01000493,4,0.0009145447527006,71.43410115888298,8,Apparently adequate
E01000494,0,,59.18084415584415,5,"Low-demand, no provision"
E01000495,3,0.0571622299257973,48.08509267507292,3,Saturated / potentially underprovided
E01000497,3,0.003194915980667,70.71449305968008,2,Apparently adequate
E01000498,0,,65.08636363636363,1,"Low-demand, no provision"
E01000499,0,,59.934740259740245,1,"Low-demand, no provision"
E01000501,0,,69.86103896103894,1,True desert
E01000502,3,0.0135254843960048,70.42389689645239,1,Apparently adequate
E01000503,0,,84.43636363636362,2,True desert
E01000504,6,0.0018129501026877,56.51883884697834,4,Apparently adequate
E01000505,4,0.0081846064809992,60.17192704102911,5,Apparently adequate
E01000506,11,0.0082589085295314,40.53986468581076,1,Apparently adequate
E01000507,4,0.0047564621910686,57.82112464205132,5,Apparently adequate
E01000508,8,0.0099360291276765,62.941311903609,1,Apparently adequate
E01000509,1,0.0,50.3853896103896,1,Apparently adequate
E01000510,3,0.0559821244766589,58.77877642935157,1,Saturated / potentially underprovided
E01000511,21,0.0052888374483575,57.472819786394155,1,Apparently adequate
E01000512,10,0.0331639274680298,56.47012382130047,4,Saturated / potentially underprovided
E01000513,3,0.0101340663577031,78.69206749411275,5,Apparently adequate
E01000514,1,0.0,76.52045454545453,5,Apparently adequate
E01000515,0,,66.09155844155843,3,"Low-demand, no provision"
E01000516,4,0.0024976851850887,95.98394557628944,4,Apparently adequate
E01000517,0,,75.01266233766232,7,True desert
E01000518,2,0.0020013503082561,79.5693176181151,5,Apparently adequate
E01000519,3,0.0112224794232896,87.03572181257042,3,Apparently adequate
E01000520,2,0.0,72.37402597402595,3,Apparently adequate
E01000521,3,0.021567772633359,48.648185037484616,1,Saturated / potentially underprovided
E01000522,4,0.0244160879620949,58.823767824963674,1,Saturated / potentially underprovided
E01000523,5,0.029889660493287,54.47949114129537,1,Saturated / potentially underprovided
E01000524,3,0.0206287937233796,53.220158251929654,1,Saturated / potentially underprovided
E01000525,4,0.0164162808633294,46.99803281020515,1,Saturated / potentially underprovided
E01000526,3,0.0090785751026877,60.85923250359585,1,Apparently adequate
E01000527,9,0.0412904235242412,49.3257245135595,1,Saturated / potentially underprovided
E01000528,2,0.0213265817899305,50.818292633918965,1,Saturated / potentially underprovided
E01000530,21,0.0058419955169477,70.14278344386611,8,Apparently adequate
E01000531,21,0.0223627461782958,50.74138999822895,3,Saturated / potentially underprovided
E01000532,15,0.0075596965018004,47.60130732382141,6,Apparently adequate
E01000533,7,0.0158262511019161,53.097370070584304,1,Apparently adequate
E01000534,15,0.0041376543209104,70.90711525612728,6,Apparently adequate
E01000535,11,0.0115891379065831,64.69670881566637,2,Apparently adequate
E01000536,1,0.0169066358018904,80.75295214641868,8,Saturated / potentially underprovided
E01000538,1,0.0087079475297067,97.46575042489717,8,Apparently adequate
E01000539,1,0.0,80.91818181818181,8,Apparently adequate
E01000540,0,,86.82370129870128,9,True desert
E01000541,0,,64.58376623376623,5,"Low-demand, no provision"
E01000543,0,,72.49967532467531,6,True desert
E01000544,6,0.0052664609052211,36.882834788355055,2,Apparently adequate
E01000545,8,0.0097722318664158,44.02639715750295,2,Apparently adequate
E01000546,13,0.0104408683518815,45.70604603207275,2,Apparently adequate
E01000547,18,0.0113157578870027,48.795328619503785,6,Apparently adequate
E01000548,3,0.014555298353395,42.83268005048332,2,Apparently adequate
E01000549,4,0.0291948945462641,55.08932750152147,7,Saturated / potentially underprovided
E01000550,4,0.0067844007198752,46.426162873325694,2,Apparently adequate
E01000551,10,0.0044556327159722,68.27917612170287,2,Apparently adequate
E01000552,5,0.0162966306575102,36.010557302005424,3,Saturated / potentially underprovided
E01000553,11,0.0082464576316463,52.321116743416766,3,Apparently adequate
E01000554,5,0.0217268518513888,64.70317499997067,3,Saturated / potentially underprovided
E01000555,9,0.0048909893684842,60.101616536865954,6,Apparently adequate
E01000556,1,0.0,37.94610389610389,2,Apparently adequate
E01000557,9,0.0134407150203617,46.09641673053978,3,Apparently adequate
E01000558,6,0.0065054012341177,49.19556578506096,4,Apparently adequate
E01000559,1,0.0158271604934413,44.6733080807911,5,Apparently adequate
E01000560,10,0.0069991512340277,58.709358308049296,6,Apparently adequate
E01000561,4,0.0096166087960069,54.04136797380756,3,Apparently adequate
E01000562,0,,92.6035714285714,8,True desert
E01000563,0,,93.48311688311686,9,True desert
E01000564,0,,63.32727272727273,4,"Low-demand, no provision"
E01000565,0,,64.20681818181818,4,"Low-demand, no provision"
E01000566,0,,78.78214285714283,7,True desert
E01000567,3,0.0246574074066358,69.65241799237178,4,Saturated / potentially underprovided
E01000568,0,,64.58376623376623,9,"Low-demand, no provision"
E01000569,0,,87.57759740259738,8,True desert
E01000570,0,,62.447727272727256,3,"Low-demand, no provision"
E01000571,0,,81.92337662337661,5,True desert
E01000572,0,,71.11753246753246,6,True desert
E01000573,1,0.0,67.725,5,Apparently adequate
E01000574,1,0.0259610339504243,74.63966453258877,6,Saturated / potentially underprovided
E01000575,1,0.0,82.1746753246753,5,Apparently adequate
E01000576,2,7.69675925925926e-05,80.29611478794641,5,Apparently adequate
E01000577,2,0.0027276234560185,82.27282482181617,1,Apparently adequate
E01000578,3,0.0203169152938957,88.0748824520366,2,Saturated / potentially underprovided
E01000579,20,0.00945178433614,50.73478448546573,6,Apparently adequate
E01000580,35,0.0141096175040233,75.81621788135192,6,Apparently adequate
E01000581,20,0.0045547646602237,58.69306905013978,7,Apparently adequate
E01000582,37,0.0126724276355782,70.11013975705448,9,Apparently adequate
E01000583,14,0.0167517636679251,67.7097254045221,7,Saturated / potentially underprovided
E01000584,5,0.0122406249996141,58.12463139506711,8,Apparently adequate
E01000585,6,0.0137299382712834,51.4593014249476,6,Apparently adequate
E01000586,6,0.0179999035480645,59.09489440096512,4,Saturated / potentially underprovided
E01000587,2,0.0096380208333333,85.2501630681818,6,Apparently adequate
E01000589,0,,108.56103896103896,5,True desert
E01000590,4,0.0021793981478587,88.52400299983913,7,Apparently adequate
E01000591,2,0.0080251736110146,76.12128280995617,5,Apparently adequate
E01000592,1,0.0188680555555555,90.51021747159088,5,Saturated / potentially underprovided
E01000593,0,,92.72922077922075,4,True desert
E01000594,2,0.0150767746911651,74.35799902032316,6,Apparently adequate
E01000595,6,0.0634504565320537,46.50040704023079,1,Saturated / potentially underprovided
E01000596,4,0.036872202930652,58.62704355206917,1,Saturated / potentially underprovided
E01000599,1,0.0155340792177211,54.61331257964495,1,Apparently adequate
E01000601,0,,43.09772727272727,1,"Low-demand, no provision"
E01000602,0,,48.12370129870129,1,"Low-demand, no provision"
E01000603,0,,38.82564935064934,1,"Low-demand, no provision"
E01000604,0,,57.92435064935064,1,"Low-demand, no provision"
E01000605,1,0.0,51.89318181818181,1,Apparently adequate
E01000606,5,0.0184901234562885,63.60239345956461,4,Saturated / potentially underprovided
E01000607,3,0.0004030349792952,89.3726941220123,5,Apparently adequate
E01000608,2,0.0172673611109182,83.21015816759784,4,Saturated / potentially underprovided
E01000609,0,,81.6720779220779,5,True desert
E01000610,3,0.0,74.13311688311687,3,Apparently adequate
E01000611,0,,70.86623376623375,6,True desert
E01000612,0,,66.46850649350647,3,"Low-demand, no provision"
E01000613,1,0.0,61.316883116883105,3,Apparently adequate
E01000615,1,0.0,67.85064935064933,7,Apparently adequate
E01000616,12,0.0160136477617509,48.766675845198264,4,Apparently adequate
E01000617,1,0.0,69.86103896103894,3,Apparently adequate
E01000618,0,,64.83506493506492,3,"Low-demand, no provision"
E01000619,0,,70.237987012987,4,True desert
E01000620,1,0.0,62.699025974025965,6,Apparently adequate
E01000621,1,0.0185202546292438,61.94058177080986,4,Saturated / potentially underprovided
E01000622,0,,70.86623376623375,2,True desert
E01000623,0,,88.58279220779222,6,True desert
E01000624,1,0.0174540895055941,91.91871843090912,6,Saturated / potentially underprovided
E01000625,3,0.0273861882714763,75.77606915696201,3,Saturated / potentially underprovided
E01000626,0,,50.6366883116883,1,"Low-demand, no provision"
E01000627,2,0.0177273662547582,64.57777526753202,1,Saturated / potentially underprovided
E01000628,1,0.0223987268510802,61.40566587184216,1,Saturated / potentially underprovided
E01000629,0,,93.10616883116882,5,True desert
E01000630,1,0.0195380015418595,63.53972677661136,2,Saturated / potentially underprovided
E01000631,9,0.0023526234567472,73.80374436778182,5,Apparently adequate
E01000632,3,0.0179966563780864,69.96710850390284,5,Saturated / potentially underprovided
E01000633,4,0.0056168981479552,51.047464542739114,3,Apparently adequate
E01000634,5,0.0325683641972993,71.35784945434906,2,Saturated / potentially underprovided
E01000636,0,,65.96590909090908,4,"Low-demand, no provision"
E01000637,14,0.0235980489413029,36.78372703016923,2,Saturated / potentially underprovided
E01000638,7,0.0013772597000661,46.30264409657291,1,Apparently adequate
E01000639,14,0.0121905313047563,44.76774121313607,5,Apparently adequate
E01000640,18,0.0073799296978952,44.93470507842379,1,Apparently adequate
E01000641,9,0.0063502657747342,45.90035444360404,1,Apparently adequate
E01000642,10,0.014298919752662,45.115884223465955,2,Apparently adequate
E01000643,4,0.0177429751794463,67.90361304235411,1,Saturated / potentially underprovided
E01000644,23,0.0096818723157709,55.059788282601374,2,Apparently adequate
E01000645,0,,117.23084415584414,10,True desert
E01000646,0,,104.79155844155842,9,True desert
E01000647,0,,94.86525974025972,9,True desert
E01000648,0,,116.09999999999997,10,True desert
E01000649,0,,147.3866883116883,10,True desert
E01000650,0,,131.0522727272727,9,True desert
E01000651,0,,92.100974025974,9,True desert
E01000652,0,,117.98474025974024,10,True desert
E01000653,0,,110.9483766233766,9,True desert
E01000654,0,,106.04805194805192,8,True desert
E01000655,0,,106.17370129870127,9,True desert
E01000656,0,,126.27759740259738,10,True desert
E01000657,0,,118.86428571428569,7,True desert
E01000658,0,,106.42499999999998,9,True desert
E01000659,0,,115.72305194805192,9,True desert
E01000661,0,,135.19870129870128,3,True desert
E01000662,0,,109.4405844155844,7,True desert
E01000663,0,,98.13214285714284,7,True desert
E01000664,0,,107.1788961038961,7,True desert
E01000665,0,,126.90584415584416,8,True desert
E01000666,0,,168.11883116883112,10,True desert
E01000667,0,,141.98376623376618,10,True desert
E01000668,0,,121.6285714285714,8,True desert
E01000669,1,0.0210183899173096,106.09607619306654,9,Saturated / potentially underprovided
E01000670,0,,112.33051948051946,10,True desert
E01000671,0,,115.59740259740258,8,True desert
E01000672,0,,99.5142857142857,9,True desert
E01000673,0,,95.49350649350647,9,True desert
E01000674,0,,85.69285714285712,7,True desert
E01000676,0,,70.86623376623375,6,True desert
E01000677,1,1.1574074074074072e-05,90.34292874053028,9,Apparently adequate
E01000678,0,,99.26298701298698,9,True desert
E01000679,0,,99.51428571428566,9,True desert
E01000680,0,,142.988961038961,10,True desert
E01000681,0,,115.72305194805192,10,True desert
E01000682,0,,102.7811688311688,10,True desert
E01000683,0,,106.17370129870127,8,True desert
E01000684,0,,140.7272727272727,10,True desert
E01000685,1,0.0112170138881172,103.93406662938494,8,Apparently adequate
E01000686,0,,101.39902597402596,8,True desert
E01000687,0,,108.56103896103896,10,True desert
E01000688,0,,104.28896103896102,10,True desert
E01000689,0,,96.62435064935065,6,True desert
E01000690,0,,92.100974025974,10,True desert
E01000691,0,,91.0957792207792,7,True desert
E01000692,0,,105.79675324675324,9,True desert
E01000693,0,,103.15811688311686,10,True desert
E01000694,0,,154.29740259740254,10,True desert
E01000695,0,,113.96396103896105,10,True desert
E01000696,0,,123.76461038961038,10,True desert
E01000697,0,,121.00032467532466,10,True desert
E01000698,0,,93.60876623376622,10,True desert
E01000699,0,,66.21720779220779,6,"Low-demand, no provision"
E01000700,0,,74.63571428571427,7,True desert
E01000701,0,,72.62532467532468,8,True desert
E01000702,0,,75.26396103896103,8,True desert
E01000703,0,,84.93896103896101,8,True desert
E01000704,0,,74.88701298701297,9,True desert
E01000705,0,,63.45292207792206,6,"Low-demand, no provision"
E01000706,0,,73.12792207792205,7,True desert
E01000707,1,0.0219736368303755,77.55983560448915,10,Saturated / potentially underprovided
E01000708,1,0.0111753472222222,96.17951900872563,9,Apparently adequate
E01000709,0,,70.36363636363635,7,True desert
E01000710,0,,129.0418831168831,8,True desert
E01000711,0,,100.14253246753243,8,True desert
E01000712,0,,105.41980519480518,9,True desert
E01000713,0,,117.35649350649348,9,True desert
E01000714,0,,105.67110389610389,8,True desert
E01000715,0,,108.30974025974024,9,True desert
E01000716,0,,108.1840909090909,10,True desert
E01000717,0,,106.17370129870127,9,True desert
E01000718,0,,101.39902597402596,5,True desert
E01000719,0,,108.56103896103896,4,True desert
E01000720,0,,104.03766233766233,2,True desert
E01000721,0,,73.37922077922076,2,True desert
E01000722,0,,110.69707792207792,5,True desert
E01000723,0,,92.47792207792206,9,True desert
E01000724,0,,79.66168831168831,1,True desert
E01000725,0,,91.22142857142856,4,True desert
E01000726,0,,91.72402597402598,8,True desert
E01000727,0,,100.64512987012984,7,True desert
E01000728,0,,101.14772727272728,6,True desert
E01000729,0,,97.37824675324671,3,True desert
E01000730,0,,81.79772727272727,3,True desert
E01000731,0,,79.41038961038957,5,True desert
E01000732,0,,106.67629870129868,8,True desert
E01000733,0,,99.262987012987,6,True desert
E01000734,0,,89.21103896103895,8,True desert
E01000735,0,,86.44675324675323,4,True desert
E01000736,0,,101.14772727272724,6,True desert
E01000737,0,,86.06980519480517,5,True desert
E01000738,0,,107.30454545454543,7,True desert
E01000739,0,,78.15389610389607,2,True desert
E01000741,0,,63.452922077922075,6,"Low-demand, no provision"
E01000742,0,,82.92857142857142,6,True desert
E01000743,0,,68.10194805194804,2,"Low-demand, no provision"
E01000744,0,,53.40097402597401,1,"Low-demand, no provision"
E01000745,0,,80.1642857142857,6,True desert
E01000746,0,,76.14350649350648,7,True desert
E01000747,0,,164.0980519480519,8,True desert
E01000748,0,,157.56428571428566,10,True desert
E01000749,0,,130.92662337662335,9,True desert
E01000750,0,,85.19025974025972,3,True desert
E01000751,0,,135.45,10,True desert
E01000752,0,,122.75941558441556,9,True desert
E01000753,0,,140.60162337662337,10,True desert
E01000754,0,,112.58181818181816,9,True desert
E01000755,0,,112.58181818181816,10,True desert
E01000756,0,,128.7905844155844,10,True desert
E01000757,0,,112.58181818181816,10,True desert
E01000758,0,,93.35746753246752,10,True desert
E01000759,0,,124.64415584415582,10,True desert
E01000760,1,0.0849866897974537,112.47049525489676,9,Saturated / potentially underprovided
E01000761,0,,111.9535714285714,10,True desert
E01000762,0,,109.1892857142857,9,True desert
E01000763,0,,103.78636363636362,10,True desert
E01000764,0,,108.68668831168829,8,True desert
E01000765,0,,119.36688311688306,9,True desert
E01000766,0,,122.1311688311688,10,True desert
E01000767,0,,110.94837662337662,10,True desert
E01000768,0,,102.40422077922076,9,True desert
E01000769,0,,83.05422077922076,8,True desert
E01000770,0,,97.7551948051948,10,True desert
E01000771,0,,97.62954545454542,10,True desert
E01000772,0,,109.94318181818178,10,True desert
E01000773,0,,91.47272727272728,10,True desert
E01000774,0,,88.20584415584415,9,True desert
E01000775,1,0.0,155.67954545454543,8,Apparently adequate
E01000777,0,,95.87045454545452,10,True desert
E01000778,0,,100.2681818181818,8,True desert
E01000779,0,,85.81850649350646,8,True desert
E01000780,0,,81.6720779220779,5,True desert
E01000781,0,,66.97110389610388,2,"Low-demand, no provision"
E01000782,0,,64.70941558441558,3,"Low-demand, no provision"
E01000783,0,,72.87662337662336,3,True desert
E01000784,0,,96.87564935064933,8,True desert
E01000785,0,,76.39480519480519,4,True desert
E01000786,0,,111.9535714285714,9,True desert
E01000787,0,,90.97012987012984,6,True desert
E01000788,0,,94.7396103896104,7,True desert
E01000789,0,,73.37922077922076,1,True desert
E01000790,1,0.0369602623441358,130.68426376355907,8,Saturated / potentially underprovided
E01000791,0,,102.90681818181817,8,True desert
E01000792,0,,92.47792207792207,6,True desert
E01000793,0,,112.58181818181816,10,True desert
E01000794,0,,111.07402597402596,10,True desert
E01000795,0,,87.45194805194804,7,True desert
E01000796,0,,50.1340909090909,1,"Low-demand, no provision"
E01000797,0,,88.70844155844156,9,True desert
E01000798,0,,55.537012987012965,3,"Low-demand, no provision"
E01000799,1,0.0523369341554783,74.31070427182193,6,Saturated / potentially underprovided
E01000800,0,,67.97629870129869,5,"Low-demand, no provision"
E01000801,0,,70.61493506493505,6,True desert
E01000802,0,,77.65129870129869,7,True desert
E01000803,0,,68.98149350649349,6,True desert
E01000804,0,,86.82370129870128,10,True desert
E01000805,0,,69.35844155844154,6,True desert
E01000806,1,0.051683063267554,52.85731759539525,3,Saturated / potentially underprovided
E01000807,0,,98.88603896103892,9,True desert
E01000808,0,,107.43019480519476,10,True desert
E01000809,0,,101.02207792207793,10,True desert
E01000810,0,,106.55064935064932,10,True desert
E01000811,0,,83.93376623376622,10,True desert
E01000812,0,,100.51948051948052,9,True desert
E01000813,0,,100.64512987012984,10,True desert
E01000814,0,,112.7074675324675,10,True desert
E01000815,0,,112.20487012987012,10,True desert
E01000816,0,,89.71363636363635,8,True desert
E01000818,0,,112.58181818181816,10,True desert
E01000819,2,0.0239990676412358,88.13540027154329,4,Saturated / potentially underprovided
E01000820,0,,95.99610389610388,7,True desert
E01000822,0,,84.43636363636364,7,True desert
E01000823,0,,97.7551948051948,8,True desert
E01000824,0,,68.10194805194804,7,"Low-demand, no provision"
E01000825,0,,82.04902597402595,7,True desert
E01000826,0,,121.50292207792204,10,True desert
E01000827,1,0.0209373070981867,111.21885510173615,9,Saturated / potentially underprovided
E01000828,1,0.0117165637856224,108.81602906441256,9,Apparently adequate
E01000829,0,,88.95974025974022,9,True desert
E01000830,0,,123.01071428571429,10,True desert
E01000831,0,,106.80194805194802,9,True desert
E01000832,0,,105.29415584415582,10,True desert
E01000833,0,,106.67629870129868,10,True desert
E01000834,0,,92.3522727272727,10,True desert
E01000835,3,0.0151700654009222,105.23325410093489,8,Apparently adequate
E01000836,0,,92.22662337662337,10,True desert
E01000837,0,,94.73961038961038,9,True desert
E01000838,0,,100.01688311688312,10,True desert
E01000839,0,,105.54545454545448,10,True desert
E01000840,0,,110.4457792207792,9,True desert
E01000841,3,0.0275763996023769,114.39527631443576,10,Saturated / potentially underprovided
E01000842,4,0.0205326967581983,49.368269205677834,10,Saturated / potentially underprovided
E01000843,1,0.0061385030860339,38.68471877027736,6,Apparently adequate
E01000844,4,0.0295199170509741,52.64891318661748,9,Saturated / potentially underprovided
E01000845,3,0.0142698045264274,49.32018647860989,9,Apparently adequate
E01000846,0,,40.33344155844155,3,"Low-demand, no provision"
E01000847,4,0.0999523533926504,52.79557019852241,5,Saturated / potentially underprovided
E01000848,11,0.0213919402349712,48.25480000242568,10,Saturated / potentially underprovided
E01000849,2,0.0095576774689428,34.37642225321761,9,Apparently adequate
E01000850,6,0.0420743634246399,17.67635555750659,9,Saturated / potentially underprovided
E01000851,8,0.0310259452153742,19.432161077841705,9,Saturated / potentially underprovided
E01000853,0,,15.07792207792207,2,"Low-demand, no provision"
E01000855,7,0.0449452711625606,18.38153726999595,10,Saturated / potentially underprovided
E01000856,1,0.017022376540895,28.113404265809017,3,Saturated / potentially underprovided
E01000857,4,0.038784673995949,49.85964074529775,7,Saturated / potentially underprovided
E01000858,5,0.0235908950609567,42.313851796053946,3,Saturated / potentially underprovided
E01000859,3,0.0423077417682613,56.315075099888425,9,Saturated / potentially underprovided
E01000860,2,0.0404379822504822,36.21230885041215,5,Saturated / potentially underprovided
E01000861,3,0.0203388631679526,24.61534379507517,6,Saturated / potentially underprovided
E01000862,7,0.0375581734992559,59.96951495010958,9,Saturated / potentially underprovided
E01000863,1,0.0180642361097608,29.165557122526245,6,Saturated / potentially underprovided
E01000866,8,0.0295897472986593,46.442854662806674,4,Saturated / potentially underprovided
E01000867,3,0.017128536522055,27.34952959015699,4,Saturated / potentially underprovided
E01000868,1,0.0498369341543209,34.29694555669083,1,Saturated / potentially underprovided
E01000869,3,0.0092974537031893,46.2884129294948,5,Apparently adequate
E01000870,7,0.0259532076714065,39.57547878254289,4,Saturated / potentially underprovided
E01000871,3,0.0143375771601723,70.352873565995,7,Apparently adequate
E01000872,4,0.0120646701378761,40.692885957751486,3,Apparently adequate
E01000873,5,0.0340284722214506,58.72610275157953,8,Saturated / potentially underprovided
E01000874,1,0.0729043209826389,48.66631297776673,9,Saturated / potentially underprovided
E01000875,3,0.016480002571502,40.99813677904219,4,Saturated / potentially underprovided
E01000876,4,0.0452605131148726,47.01839709416011,3,Saturated / potentially underprovided
E01000877,3,0.0148415316351273,43.737363555447544,8,Apparently adequate
E01000878,15,0.0104184284975437,69.82713068366952,7,Apparently adequate
E01000879,5,0.0243743055544753,45.04918821017977,10,Saturated / potentially underprovided
E01000880,8,0.0110121768899016,51.956506621644245,10,Apparently adequate
E01000881,3,0.0207973251017875,37.70918118682828,8,Saturated / potentially underprovided
E01000882,3,0.0158173868305684,50.927081218398875,10,Apparently adequate
E01000883,2,0.0365609567891589,40.3753954499985,9,Saturated / potentially underprovided
E01000884,8,0.0169071662803819,74.8754029166875,9,Saturated / potentially underprovided
E01000885,8,0.0159470968359857,71.23042590043629,10,Apparently adequate
E01000886,3,0.0603503086401105,52.36030480239708,8,Saturated / potentially underprovided
E01000887,3,0.0299747942378472,40.37768719332942,8,Saturated / potentially underprovided
E01000888,4,0.0532021604924286,46.978629486770224,7,Saturated / potentially underprovided
E01000889,1,0.0259436728389274,41.25093001440674,2,Saturated / potentially underprovided
E01000890,1,0.0065368441356095,24.66178666970577,1,Apparently adequate
E01000891,0,,24.752922077922076,1,"Low-demand, no provision"
E01000892,3,0.0278331404313271,52.82094576847133,5,Saturated / potentially underprovided
E01000893,0,,57.673051948051935,10,"Low-demand, no provision"
E01000894,2,0.0248063271589506,54.72565605826895,10,Saturated / potentially underprovided
E01000895,1,0.0347297453682484,39.39397554273577,8,Saturated / potentially underprovided
E01000896,3,0.0314035493817515,63.24245088377922,10,Saturated / potentially underprovided
E01000897,8,0.0217104552458285,64.06025037139209,10,Saturated / potentially underprovided
E01000898,3,0.0162216435178755,34.73102437768364,7,Saturated / potentially underprovided
E01000899,9,0.0320399734215749,84.80754973800444,10,Saturated / potentially underprovided
E01000900,2,0.0350851658945794,43.9595292889631,4,Saturated / potentially underprovided
E01000901,4,0.0349937789343171,36.8031018385277,1,Saturated / potentially underprovided
E01000902,1,0.0458942901215277,27.72876300274467,1,Saturated / potentially underprovided
E01000903,1,0.1279301697496142,42.65883171546211,6,Saturated / potentially underprovided
E01000904,6,0.0430548482495498,43.51164257223868,3,Saturated / potentially underprovided
E01000905,1,0.0,32.2918831168831,1,Apparently adequate
E01000906,8,0.0116282069824218,40.802447165196526,8,Apparently adequate
E01000907,3,0.0076498199582047,33.29857348219676,3,Apparently adequate
E01000908,3,0.0278653549375,46.49422118503002,3,Saturated / potentially underprovided
E01000909,6,0.0470754886817451,69.72910827386777,8,Saturated / potentially underprovided
E01000910,6,0.035568029834555,53.0883278047912,9,Saturated / potentially underprovided
E01000911,3,0.0132629886824845,46.470280346215695,5,Apparently adequate
E01000912,4,0.005090663580054,36.49751788531947,3,Apparently adequate
E01000913,7,0.0297238205454144,99.49639550836912,10,Saturated / potentially underprovided
E01000914,9,0.0432593106982338,22.939849615921386,8,Saturated / potentially underprovided
E01000915,1,0.041003472220679,24.32906231733406,2,Saturated / potentially underprovided
E01000916,0,,25.758116883116863,5,"Low-demand, no provision"
E01000917,0,,22.616883116883113,1,"Low-demand, no provision"
E01000918,6,0.0629204603892425,24.173503080806896,6,Saturated / potentially underprovided
E01000919,1,0.002430941357253,20.026812699524612,5,Apparently adequate
E01000920,4,0.013184317129292,35.009136672235336,5,Apparently adequate
E01000921,4,0.0234782503849826,42.051996463626345,7,Saturated / potentially underprovided
E01000922,6,0.0562809606460905,34.24202233658101,4,Saturated / potentially underprovided
E01000923,2,0.0282170138883101,44.95979044234482,7,Saturated / potentially underprovided
E01000924,5,0.0120212962957175,41.45410090365594,7,Apparently adequate
E01000925,3,0.007418981480967,26.835286661241696,1,Apparently adequate
E01000926,4,0.0598478009239486,30.229405669924656,5,Saturated / potentially underprovided
E01000927,4,0.0392032696750096,38.78083916012204,7,Saturated / potentially underprovided
E01000928,4,0.0395160590265721,48.06614255270398,6,Saturated / potentially underprovided
E01000929,1,0.081574459875,42.94412462566023,2,Saturated / potentially underprovided
E01000930,1,0.0153320473244598,37.25213723241988,2,Apparently adequate
E01000931,4,0.0893084490725308,38.59759359775375,1,Saturated / potentially underprovided
E01000932,5,0.0157299382707561,41.22313571876062,6,Apparently adequate
E01000933,5,0.0389138888878086,45.819138287290016,4,Saturated / potentially underprovided
E01000934,0,,26.00941558441557,1,"Low-demand, no provision"
E01000935,0,,30.155844155844147,1,"Low-demand, no provision"
E01000937,0,,9.046753246753244,8,"Low-demand, no provision"
E01000938,3,0.0359920267483281,17.182667757925838,2,Saturated / potentially underprovided
E01000939,1,0.0,16.585714285714282,2,Apparently adequate
E01000941,3,0.022479938270769,19.271091044356535,2,Saturated / potentially underprovided
E01000942,1,0.0189560185182291,13.571303179108696,7,Saturated / potentially underprovided
E01000943,0,,11.811038961038957,9,"Low-demand, no provision"
E01000944,0,,23.873376623376615,2,"Low-demand, no provision"
E01000946,2,0.1799823494909818,48.03754118116077,5,Saturated / potentially underprovided
E01000947,1,0.0218157793194444,26.57683125503291,5,Saturated / potentially underprovided
E01000948,8,0.0151699218744212,43.751516428419656,5,Apparently adequate
E01000949,1,0.0570505401224922,28.157355361626525,4,Saturated / potentially underprovided
E01000951,3,0.0756338091547067,27.30084331066884,1,Saturated / potentially underprovided
E01000952,3,0.0593447145041152,29.815738510043097,2,Saturated / potentially underprovided
E01000954,0,,24.124675324675316,1,"Low-demand, no provision"
E01000955,2,0.0003227237652391,20.738833612347175,2,Apparently adequate
E01000956,5,0.0650927854912808,21.412514700526003,2,Saturated / potentially underprovided
E01000957,3,0.0056418467074331,28.17788864048641,3,Apparently adequate
E01000958,1,0.0613109567885802,41.3394400928331,6,Saturated / potentially underprovided
E01000959,2,0.0463087384239004,24.1901144953536,2,Saturated / potentially underprovided
E01000960,2,0.0375057870350115,41.45509324261385,6,Saturated / potentially underprovided
E01000961,3,0.1141563142980967,49.837514199180966,3,Saturated / potentially underprovided
E01000962,2,0.0147921489191743,43.48021932351189,10,Apparently adequate
E01000963,4,0.0073093171290509,54.80384077293251,9,Apparently adequate
E01000964,4,0.0111505111879822,42.56188572174217,6,Apparently adequate
E01000965,8,0.0177287004881446,45.39631737550771,6,Saturated / potentially underprovided
E01000966,1,0.0208381558634259,54.513751845986015,10,Saturated / potentially underprovided
E01000967,3,0.0217296810691872,63.03441844406614,9,Saturated / potentially underprovided
E01000968,3,0.0110243055552983,43.06471159698578,8,Apparently adequate
E01000969,8,0.0210275607630931,56.44823800218814,9,Saturated / potentially underprovided
E01000970,4,0.0132034625761959,39.4655907159955,8,Apparently adequate
E01000971,3,0.0109424511310442,45.47468598519534,9,Apparently adequate
E01000972,5,0.017380864197145,42.312804078266765,3,Saturated / potentially underprovided
E01000973,7,0.040669532626488,53.74213436719847,6,Saturated / potentially underprovided
E01000974,4,0.0123351658947241,39.05017166389164,3,Apparently adequate
E01000975,4,0.0233401813262442,83.57831903007035,5,Saturated / potentially underprovided
E01000976,0,,63.95551948051946,3,"Low-demand, no provision"
E01000977,1,0.0,64.70941558441558,3,Apparently adequate
E01000978,3,0.0471509773647119,67.36580625290695,6,Saturated / potentially underprovided
E01000979,0,,59.68344155844155,6,"Low-demand, no provision"
E01000980,1,0.0170733024675925,65.6864244091716,4,Saturated / potentially underprovided
E01000981,2,0.0482962962937885,86.27512554091915,6,Saturated / potentially underprovided
E01000982,0,,70.36363636363635,5,True desert
E01000983,2,0.0089351851847993,84.04986972399382,8,Apparently adequate
E01000984,2,0.0290841049359567,63.48814102844664,4,Saturated / potentially underprovided
E01000985,1,0.1170844907395833,95.58580074056653,9,Saturated / potentially underprovided
E01000986,1,0.0054778163576388,96.77462819373088,8,Apparently adequate
E01000987,1,0.0,74.00746753246752,9,Apparently adequate
E01000989,0,,113.21006493506492,8,True desert
E01000990,2,0.0605109953688271,66.22650140852105,1,Saturated / potentially underprovided
E01000991,0,,127.65974025974025,9,True desert
E01000992,0,,88.33149350649347,3,True desert
E01000993,1,0.1808568672785493,89.76620864294256,7,Saturated / potentially underprovided
E01000994,0,,70.11233766233767,5,True desert
E01000995,0,,57.54740259740258,5,"Low-demand, no provision"
E01000996,0,,58.175649350649344,6,"Low-demand, no provision"
E01000997,2,0.0717984182079475,59.12047034565025,4,Saturated / potentially underprovided
E01000998,2,0.0,46.364610389610384,2,Apparently adequate
E01000999,0,,54.40616883116882,5,"Low-demand, no provision"
E01001000,2,0.0106593364193672,46.98581505905492,3,Apparently adequate
E01001001,0,,49.25454545454545,3,"Low-demand, no provision"
E01001002,1,0.0433886959864969,58.20889378375576,4,Saturated / potentially underprovided
E01001003,1,0.0,56.29090909090908,3,Apparently adequate
E01001004,0,,83.55681818181816,3,True desert
E01001005,0,,53.400974025974016,3,"Low-demand, no provision"
E01001006,0,,74.51006493506492,3,True desert
E01001007,1,0.0,85.69285714285712,5,Apparently adequate
E01001008,0,,64.58376623376623,3,"Low-demand, no provision"
E01001009,1,0.3097453703661266,91.17103503758337,4,Saturated / potentially underprovided
E01001010,0,,70.86623376623375,2,True desert
E01001011,0,,57.421753246753234,1,"Low-demand, no provision"
E01001012,0,,59.05519480519479,2,"Low-demand, no provision"
E01001013,2,0.1337496141911651,66.3839847150854,1,Saturated / potentially underprovided
E01001015,0,,82.1746753246753,4,True desert
E01001016,0,,115.34610389610388,9,True desert
E01001017,0,,123.638961038961,10,True desert
E01001018,0,,123.26201298701294,10,True desert
E01001019,0,,108.937987012987,10,True desert
E01001020,0,,112.83311688311686,9,True desert
E01001021,0,,69.86103896103894,2,True desert
E01001022,1,0.0,116.72824675324672,10,Apparently adequate
E01001023,2,0.0609776234529321,146.10901978662594,6,Saturated / potentially underprovided
E01001024,0,,85.94415584415583,9,True desert
E01001025,0,,93.23181818181816,10,True desert
E01001026,1,0.0082611882710262,118.70605968495168,7,Apparently adequate
E01001027,1,0.0,180.30681818181816,9,Apparently adequate
E01001028,0,,126.15194805194804,10,True desert
E01001029,1,0.0579554398016975,104.8828856673278,7,Saturated / potentially underprovided
E01001030,0,,97.7551948051948,9,True desert
E01001031,0,,108.1840909090909,10,True desert
E01001032,1,0.1710652006018518,125.36633188417044,10,Saturated / potentially underprovided
E01001033,0,,81.29512987012986,7,True desert
E01001034,1,0.0,85.69285714285712,7,Apparently adequate
E01001035,2,0.0,78.65649350649349,6,Apparently adequate
E01001036,0,,103.0324675324675,9,True desert
E01001037,2,0.2892989969077932,81.64778920417896,4,Saturated / potentially underprovided
E01001038,2,0.0035770640430652,89.15185614148018,6,Apparently adequate
E01001039,0,,96.87564935064933,9,True desert
E01001040,0,,75.76655844155843,6,True desert
E01001041,1,0.0,71.36883116883115,4,Apparently adequate
E01001042,3,0.0377302597726337,64.80389624493783,2,Saturated / potentially underprovided
E01001044,2,0.0161070119589602,97.7976606620578,8,Apparently adequate
E01001046,1,0.0499718364162808,75.59490412245022,8,Saturated / potentially underprovided
E01001047,0,,61.81948051948051,4,"Low-demand, no provision"
E01001049,0,,93.73441558441556,10,True desert
E01001050,3,0.0013612397118698,57.499918017597906,5,Apparently adequate
E01001051,1,0.0,56.03961038961038,1,Apparently adequate
E01001052,0,,56.66785714285714,1,"Low-demand, no provision"
E01001053,0,,75.13831168831169,3,True desert
E01001054,0,,72.87662337662336,2,True desert
E01001055,0,,70.11233766233765,2,True desert
E01001056,2,0.0,61.81948051948051,1,Apparently adequate
E01001057,0,,54.90876623376622,1,"Low-demand, no provision"
E01001058,0,,83.05422077922076,7,True desert
E01001059,0,,89.8392857142857,6,True desert
E01001060,0,,99.0116883116883,5,True desert
E01001061,0,,95.49350649350647,6,True desert
E01001062,0,,101.52467532467531,9,True desert
E01001063,1,0.0599232253025793,103.613001368004,9,Saturated / potentially underprovided
E01001064,0,,116.47694805194804,9,True desert
E01001065,0,,90.8444805194805,8,True desert
E01001066,1,0.081233796292824,65.07517938967196,1,Saturated / potentially underprovided
E01001067,1,0.0550555555540123,127.1317965907231,10,Saturated / potentially underprovided
E01001068,0,,123.638961038961,7,True desert
E01001069,1,0.032157021601466,93.7657684419194,9,Saturated / potentially underprovided
E01001070,1,0.0,110.69707792207792,6,Apparently adequate
E01001071,0,,124.51850649350646,8,True desert
E01001072,0,,121.25162337662336,10,True desert
E01001073,1,0.0,77.52564935064933,8,Apparently adequate
E01001074,0,,106.80194805194806,5,True desert
E01001075,3,0.0333665766404963,93.22644064441172,7,Saturated / potentially underprovided
E01001076,1,0.0466678240687371,78.25031380168431,2,Saturated / potentially underprovided
E01001077,0,,83.68246753246751,6,True desert
E01001078,0,,68.85584415584414,2,True desert
E01001079,1,0.0,78.9077922077922,1,Apparently adequate
E01001080,0,,53.400974025974016,1,"Low-demand, no provision"
E01001081,0,,78.1538961038961,3,True desert
E01001082,0,,81.92337662337663,3,True desert
E01001083,0,,86.82370129870128,8,True desert
E01001084,1,0.0,105.41980519480518,9,Apparently adequate
E01001085,2,0.0,65.21201298701298,5,Apparently adequate
E01001086,1,0.0,80.1642857142857,6,Apparently adequate
E01001087,1,0.1628560956747685,112.50632725653384,2,Saturated / potentially underprovided
E01001088,0,,75.26396103896101,5,True desert
E01001089,3,0.0047692901233281,61.86181833963852,4,Apparently adequate
E01001090,1,0.0118487654313271,86.83534984661485,4,Apparently adequate
E01001091,1,0.0,84.1850649350649,7,Apparently adequate
E01001092,0,,107.93279220779218,6,True desert
E01001093,1,0.0,100.14253246753243,7,Apparently adequate
E01001094,0,,125.775,10,True desert
E01001095,0,,74.76136363636363,5,True desert
E01001096,0,,97.12694805194803,10,True desert
E01001097,4,0.0244014917660268,97.05139821244906,4,Saturated / potentially underprovided
E01001098,0,,102.2785714285714,10,True desert
E01001099,0,,85.19025974025972,6,True desert
E01001100,0,,86.4467532467532,9,True desert
E01001101,0,,107.55584415584414,10,True desert
E01001102,0,,106.17370129870127,9,True desert
E01001103,0,,114.46655844155842,10,True desert
E01001104,0,,114.08961038961036,9,True desert
E01001105,0,,112.4561688311688,7,True desert
E01001106,0,,104.03766233766233,8,True desert
E01001107,0,,120.12077922077918,9,True desert
E01001108,0,,125.90064935064932,10,True desert
E01001109,0,,73.63051948051947,3,True desert
E01001110,0,,64.45811688311687,2,"Low-demand, no provision"
E01001111,0,,63.95551948051946,5,"Low-demand, no provision"
E01001112,0,,76.26915584415583,3,True desert
E01001113,1,0.0,73.63051948051947,4,Apparently adequate
E01001114,0,,52.521428571428565,1,"Low-demand, no provision"
E01001115,0,,61.945129870129854,2,"Low-demand, no provision"
E01001116,2,0.0,52.14448051948051,4,Apparently adequate
E01001118,0,,69.4840909090909,2,True desert
E01001119,0,,104.03766233766233,9,True desert
E01001120,0,,86.44675324675323,9,True desert
E01001121,0,,108.05844155844154,10,True desert
E01001122,0,,92.22662337662337,10,True desert
E01001123,0,,112.83311688311686,10,True desert
E01001124,0,,117.98474025974024,10,True desert
E01001125,0,,100.51948051948052,8,True desert
E01001126,0,,103.53506493506492,9,True desert
E01001127,0,,113.33571428571426,9,True desert
E01001128,0,,67.22240259740259,1,"Low-demand, no provision"
E01001129,0,,103.91201298701296,10,True desert
E01001130,1,0.0,53.65227272727272,1,Apparently adequate
E01001131,0,,97.12694805194803,7,True desert
E01001132,0,,117.10519480519476,9,True desert
E01001133,0,,105.04285714285714,8,True desert
E01001134,0,,107.93279220779218,8,True desert
E01001135,0,,109.18928571428566,9,True desert
E01001136,2,0.0672550154307484,75.36414361236855,4,Saturated / potentially underprovided
E01001137,4,0.0,86.69805194805194,7,Apparently adequate
E01001138,3,0.0,65.58896103896103,7,Apparently adequate
E01001139,1,0.0,74.38441558441556,8,Apparently adequate
E01001140,0,,70.11233766233765,7,True desert
E01001141,0,,53.65227272727272,4,"Low-demand, no provision"
E01001142,1,0.0,87.82889610389607,7,Apparently adequate
E01001143,0,,71.74577922077921,3,True desert
E01001144,4,0.0608492959089023,62.51536680368619,4,Saturated / potentially underprovided
E01001145,0,,52.270129870129864,2,"Low-demand, no provision"
E01001146,1,0.0,73.63051948051947,6,Apparently adequate
E01001147,0,,70.11233766233765,3,True desert
E01001148,2,0.0,78.02824675324673,4,Apparently adequate
E01001149,1,0.0305613425918209,73.29097974155768,6,Saturated / potentially underprovided
E01001150,1,0.0195725308640046,81.47708641773352,7,Saturated / potentially underprovided
E01001151,1,0.0214513888881172,65.07076479297031,2,Saturated / potentially underprovided
E01001152,1,0.0,60.688636363636355,2,Apparently adequate
E01001153,1,0.0,65.71461038961039,5,Apparently adequate
E01001154,1,0.0,67.97629870129869,3,Apparently adequate
E01001155,0,,44.60551948051946,1,"Low-demand, no provision"
E01001156,3,0.0,72.37402597402595,5,Apparently adequate
E01001157,0,,89.21103896103895,5,True desert
E01001158,1,0.0451805555540123,73.14872577099588,6,Saturated / potentially underprovided
E01001159,1,0.0,100.51948051948052,7,Apparently adequate
E01001160,0,,107.80714285714284,5,True desert
E01001161,0,,70.11233766233765,1,True desert
E01001162,5,0.0021985339504629,77.69609212277841,4,Apparently adequate
E01001163,2,0.0081565393515624,96.6524256806067,7,Apparently adequate
E01001164,1,0.0222623456778549,89.1419403498269,6,Saturated / potentially underprovided
E01001165,3,0.033840727880144,76.12222985393338,6,Saturated / potentially underprovided
E01001166,2,0.136517457558449,69.25930006377695,2,Saturated / potentially underprovided
E01001167,2,0.0273005401211419,114.36456616812248,6,Saturated / potentially underprovided
E01001168,2,0.1139131944424189,89.15609311063332,6,Saturated / potentially underprovided
E01001169,1,0.0,81.6720779220779,3,Apparently adequate
E01001170,0,,72.87662337662336,3,True desert
E01001171,0,,69.7353896103896,5,True desert
E01001172,0,,86.94935064935065,2,True desert
E01001173,1,0.0,142.48636363636362,4,Apparently adequate
E01001174,1,0.0,66.71980519480519,3,Apparently adequate
E01001175,0,,53.65227272727272,4,"Low-demand, no provision"
E01001176,1,0.1744841820615355,79.39436805529351,2,Saturated / potentially underprovided
E01001177,2,0.0355059799373071,71.43074903098054,3,Saturated / potentially underprovided
E01001178,0,,40.58474025974025,1,"Low-demand, no provision"
E01001179,0,,65.33766233766232,4,"Low-demand, no provision"
E01001180,0,,64.70941558441558,2,"Low-demand, no provision"
E01001181,0,,65.96590909090908,1,"Low-demand, no provision"
E01001182,1,0.2897050540102238,79.24274465456386,6,Saturated / potentially underprovided
E01001183,3,0.0516096321937371,61.970877620798646,2,Saturated / potentially underprovided
E01001184,0,,60.93993506493504,6,"Low-demand, no provision"
E01001185,1,0.0,76.89740259740259,5,Apparently adequate
E01001186,1,0.0,72.12272727272726,2,Apparently adequate
E01001187,1,0.0,90.5931818181818,5,Apparently adequate
E01001188,2,0.0494763213722029,74.76803237739645,4,Saturated / potentially underprovided
E01001189,3,0.0256289223243955,56.960366778986064,8,Saturated / potentially underprovided
E01001190,0,,71.36883116883115,5,True desert
E01001191,3,0.0446922582289094,77.18376347842131,3,Saturated / potentially underprovided
E01001192,1,0.00927546296277,61.378366369035874,4,Apparently adequate
E01001193,1,0.0931543209861111,77.46772965357027,3,Saturated / potentially underprovided
E01001194,1,0.1196385030825617,82.58024646323454,7,Saturated / potentially underprovided
E01001195,2,0.0076069637345196,76.4695170646157,6,Apparently adequate
E01001196,0,,51.39058441558441,2,"Low-demand, no provision"
E01001197,2,0.0,67.22240259740259,7,Apparently adequate
E01001198,1,0.0,64.08116883116881,8,Apparently adequate
E01001199,5,0.0099610339503086,54.56740768171131,3,Apparently adequate
E01001200,3,0.0161728395055298,67.92653535349235,7,Saturated / potentially underprovided
E01001201,1,0.0138981481477623,61.53209602270385,8,Apparently adequate
E01001202,4,0.0357431520050154,67.02233406180505,2,Saturated / potentially underprovided
E01001203,3,0.0231432613160365,47.30908139726773,2,Saturated / potentially underprovided
E01001204,2,0.0,84.81331168831169,6,Apparently adequate
E01001205,1,0.0,67.47370129870129,1,Apparently adequate
E01001206,2,0.0017255979938271,47.82914494836759,1,Apparently adequate
E01001207,3,0.0587323816864712,77.02381200053007,7,Saturated / potentially underprovided
E01001208,2,0.0032975823043981,77.02491442173735,9,Apparently adequate
E01001209,3,0.0486752829201388,94.08047299543078,9,Saturated / potentially underprovided
E01001210,2,0.0048611111111111,64.0138940746753,1,Apparently adequate
E01001211,5,0.0227785108013117,80.70519420490506,8,Saturated / potentially underprovided
E01001212,1,0.0107597736621656,87.50390205474054,7,Apparently adequate
E01001213,0,,67.97629870129869,3,"Low-demand, no provision"
E01001214,0,,82.04902597402595,5,True desert
E01001215,0,,58.552597402597385,1,"Low-demand, no provision"
E01001216,2,0.0116898630397858,68.26245962567052,3,Apparently adequate
E01001217,0,,77.77694805194803,6,True desert
E01001218,1,0.0,84.31071428571427,2,Apparently adequate
E01001219,0,,74.00746753246752,1,True desert
E01001220,0,,47.74675324675324,1,"Low-demand, no provision"
E01001223,2,0.0187405478395061,68.73819542579815,9,Saturated / potentially underprovided
E01001224,3,0.0090409593618827,86.97474414717897,9,Apparently adequate
E01001225,2,0.029766010801601,78.15121606910799,6,Saturated / potentially underprovided
E01001226,1,0.0,66.09155844155843,8,Apparently adequate
E01001227,3,0.0154666923864454,78.97990018222407,7,Apparently adequate
E01001228,2,0.1223574459866898,80.38338604227398,7,Saturated / potentially underprovided
E01001229,2,0.0,58.80389610389609,3,Apparently adequate
E01001230,1,0.0063384773654835,65.87824940771763,7,Apparently adequate
E01001231,3,0.0495705375458461,98.51275880798411,8,Saturated / potentially underprovided
E01001232,2,0.0693640046278935,78.60346228173114,5,Saturated / potentially underprovided
E01001233,4,0.0241490644281925,59.70922051988365,5,Saturated / potentially underprovided
E01001234,5,0.0050578703700874,57.71218503109846,6,Apparently adequate
E01001235,1,0.0099764660486111,67.51233595323123,8,Apparently adequate
E01001236,2,0.017534143517554,59.19570953559052,7,Saturated / potentially underprovided
E01001237,1,0.0420378086408179,74.6308831844409,8,Saturated / potentially underprovided
E01001239,2,0.0343364197523148,48.60642361107484,1,Saturated / potentially underprovided
E01001240,2,0.0126044077918595,49.620903658449784,3,Apparently adequate
E01001241,3,0.0,57.04480519480518,6,Apparently adequate
E01001242,1,0.0,63.57857142857141,5,Apparently adequate
E01001243,2,0.0,67.725,3,Apparently adequate
E01001244,1,0.0258733281886574,75.14888512313411,3,Saturated / potentially underprovided
E01001245,4,0.0120224729938271,61.0367839556277,5,Apparently adequate
E01001246,3,8.037551376028806e-06,53.024452157358894,2,Apparently adequate
E01001247,1,0.0,78.15389610389609,3,Apparently adequate
E01001248,3,0.0061110682441379,71.80497096660824,6,Apparently adequate
E01001249,0,,62.0707792207792,2,"Low-demand, no provision"
E01001250,2,0.023578896604038,69.96494089099184,1,Saturated / potentially underprovided
E01001251,1,0.0096219135797325,77.38358608401538,6,Apparently adequate
E01001252,2,0.0230895061726466,88.18566502523589,3,Saturated / potentially underprovided
E01001253,3,0.0073762860080375,86.70468069457813,6,Apparently adequate
E01001254,0,,77.27435064935064,7,True desert
E01001255,1,0.052145061726466,74.69375924409104,8,Saturated / potentially underprovided
E01001257,1,0.0,86.06980519480517,1,Apparently adequate
E01001258,0,,90.0905844155844,4,True desert
E01001259,1,0.0139985853908179,68.4182376679657,4,Apparently adequate
E01001260,1,0.0,93.10616883116884,4,Apparently adequate
E01001261,2,0.0418586033937114,89.14893160668909,4,Saturated / potentially underprovided
E01001262,4,0.0261700424379822,68.46586532820716,2,Saturated / potentially underprovided
E01001263,1,0.0233198302469135,89.49131263528137,2,Saturated / potentially underprovided
E01001264,0,,88.08019480519478,3,True desert
E01001265,1,0.0,82.425974025974,4,Apparently adequate
E01001266,1,0.0,91.22142857142856,5,Apparently adequate
E01001267,0,,82.30032467532466,2,True desert
E01001268,1,0.015537680040895,101.06050684521249,6,Apparently adequate
E01001269,0,,98.88603896103892,5,True desert
E01001270,1,0.0,93.73441558441556,6,Apparently adequate
E01001271,1,0.0,85.56720779220777,3,Apparently adequate
E01001272,2,0.0208367091044077,76.57567936193935,5,Saturated / potentially underprovided
E01001273,2,0.00108404063786,88.80460511401213,8,Apparently adequate
E01001274,1,0.0,65.46331168831168,9,Apparently adequate
E01001275,2,0.0305728202151813,79.76633628465503,6,Saturated / potentially underprovided
E01001276,1,0.1151593364170524,87.29416596411939,2,Saturated / potentially underprovided
E01001277,1,0.0,80.54123376623374,4,Apparently adequate
E01001278,6,0.0054772698042052,85.65686977754744,4,Apparently adequate
E01001279,3,0.0,87.70324675324675,10,Apparently adequate
E01001280,2,0.0,85.56720779220777,6,Apparently adequate
E01001281,1,0.0,79.28474025974023,9,Apparently adequate
E01001282,2,0.0191070601844135,70.9397777563045,2,Saturated / potentially underprovided
E01001283,2,0.0,66.09155844155843,2,Apparently adequate
E01001284,2,0.0017010030864197,79.29374076704543,7,Apparently adequate
E01001285,3,0.0,72.24837662337661,3,Apparently adequate
E01001286,0,,66.71980519480519,3,"Low-demand, no provision"
E01001287,1,0.019751929011574,58.171550137492034,4,Saturated / potentially underprovided
E01001288,0,,62.69902597402596,5,"Low-demand, no provision"
E01001289,1,0.0352851080239197,61.39912953639001,5,Saturated / potentially underprovided
E01001290,2,0.0206548032404513,93.2338338431486,6,Saturated / potentially underprovided
E01001291,0,,84.43636363636362,4,True desert
E01001292,1,0.0,84.81331168831167,5,Apparently adequate
E01001293,0,,84.0594155844156,4,True desert
E01001294,0,,96.24740259740258,5,True desert
E01001295,0,,88.58279220779218,6,True desert
E01001296,0,,67.85064935064933,4,"Low-demand, no provision"
E01001297,2,0.0,71.49448051948049,3,Apparently adequate
E01001298,1,0.0033314043207947,82.19629651423381,4,Apparently adequate
E01001299,3,0.0062455311212062,87.618829622379,9,Apparently adequate
E01001300,0,,65.21201298701298,9,"Low-demand, no provision"
E01001301,2,0.0,65.21201298701298,6,Apparently adequate
E01001302,2,0.0,67.22240259740259,9,Apparently adequate
E01001303,5,0.0124855452672582,70.09720136888126,9,Apparently adequate
E01001304,6,0.0116655735591563,70.93023829474205,7,Apparently adequate
E01001305,5,0.0318098508220679,87.38156424309301,9,Saturated / potentially underprovided
E01001306,1,0.0,73.50487012987011,8,Apparently adequate
E01001307,3,0.0589569830230516,101.3896300492207,6,Saturated / potentially underprovided
E01001308,0,,101.775974025974,7,True desert
E01001309,2,0.0,95.99610389610388,4,Apparently adequate
E01001310,1,0.0,103.78636363636365,6,Apparently adequate
E01001311,1,0.0054066358022762,106.2424290696946,3,Apparently adequate
E01001312,2,0.0077365933638117,86.6090708299181,5,Apparently adequate
E01001313,0,,80.03863636363634,5,True desert
E01001314,0,,79.03344155844154,5,True desert
E01001315,0,,70.74058441558441,5,True desert
E01001316,5,0.0558769290111882,70.31523276281973,2,Saturated / potentially underprovided
E01001317,2,0.0093587962959104,98.16276465093648,2,Apparently adequate
E01001318,0,,76.89740259740259,1,True desert
E01001319,1,0.0,78.53084415584414,5,Apparently adequate
E01001320,0,,62.5733766233766,1,"Low-demand, no provision"
E01001321,1,0.0,109.56623376623376,4,Apparently adequate
E01001322,1,0.0,93.6087662337662,3,Apparently adequate
E01001323,2,0.0,91.47272727272724,3,Apparently adequate
E01001324,0,,68.35324675324674,2,True desert
E01001325,2,0.0072468171295331,105.04472406823932,4,Apparently adequate
E01001326,3,0.0102865226331018,85.0510365108886,2,Apparently adequate
E01001327,2,0.0134243827158564,85.31519746571246,3,Apparently adequate
E01001328,4,0.034985580629509,76.33657122273536,2,Saturated / potentially underprovided
E01001329,1,0.0,97.7551948051948,3,Apparently adequate
E01001330,1,0.0176412037031893,71.86066751890306,1,Saturated / potentially underprovided
E01001331,2,0.1542802854899691,71.64707675954587,1,Saturated / potentially underprovided
E01001332,2,0.0,58.42694805194804,1,Apparently adequate
E01001333,2,0.0171994598753858,61.7324481296646,1,Saturated / potentially underprovided
E01001334,1,0.0303164866239711,58.126910280922424,1,Saturated / potentially underprovided
E01001335,2,0.0003853523661908,103.44926464739744,5,Apparently adequate
E01001336,1,0.0225264274683641,85.82449413097777,4,Saturated / potentially underprovided
E01001337,0,,83.05422077922076,5,True desert
E01001338,0,,72.62532467532466,2,True desert
E01001339,1,0.0195055941356095,98.38096580084716,3,Saturated / potentially underprovided
E01001340,1,0.0,58.552597402597385,1,Apparently adequate
E01001341,3,0.0067419624483024,81.59022563523797,4,Apparently adequate
E01001342,0,,86.06980519480517,3,True desert
E01001343,0,,73.37922077922076,5,True desert
E01001344,1,0.0050532407406121,106.07880113635004,2,Apparently adequate
E01001345,1,0.0,80.28993506493504,4,Apparently adequate
E01001346,0,,99.0116883116883,3,True desert
E01001347,2,0.0284696180482253,90.975483927923,3,Saturated / potentially underprovided
E01001348,3,0.0071646090529835,75.17044999996159,2,Apparently adequate
E01001349,1,0.0,66.34285714285713,2,Apparently adequate
E01001350,1,0.0,66.34285714285713,7,Apparently adequate
E01001351,2,0.0257199074068287,56.96541981869079,3,Saturated / potentially underprovided
E01001352,4,0.0211769868822337,64.41173310050618,7,Saturated / potentially underprovided
E01001353,1,0.0288811728383487,49.513570233530146,4,Saturated / potentially underprovided
E01001354,4,0.0033951581788194,77.28455739283099,6,Apparently adequate
E01001355,2,0.0336444830241769,64.54874877285296,5,Saturated / potentially underprovided
E01001356,0,,37.06655844155843,1,"Low-demand, no provision"
E01001357,3,0.0124992712617026,80.02130198322642,5,Apparently adequate
E01001358,0,,51.64188311688311,3,"Low-demand, no provision"
E01001359,2,0.0195464891968557,71.35468235869642,3,Saturated / potentially underprovided
E01001360,1,0.0,68.60454545454544,5,Apparently adequate
E01001361,2,0.0,54.783116883116875,2,Apparently adequate
E01001362,1,0.0,70.9918831168831,2,Apparently adequate
E01001363,2,0.0191327160482253,60.18508107857521,2,Saturated / potentially underprovided
E01001364,0,,56.54220779220778,1,"Low-demand, no provision"
E01001365,1,0.0,85.06461038961038,3,Apparently adequate
E01001366,2,0.0,74.38441558441556,2,Apparently adequate
E01001367,1,0.0178875385796682,55.63515509162149,1,Saturated / potentially underprovided
E01001368,0,,66.34285714285713,3,"Low-demand, no provision"
E01001369,1,0.0,54.15487012987012,2,Apparently adequate
E01001370,1,0.0,79.03344155844154,4,Apparently adequate
E01001371,1,0.0,70.4892857142857,2,Apparently adequate
E01001372,2,0.0,66.34285714285713,2,Apparently adequate
E01001373,4,0.0043091724536072,57.66919348408198,3,Apparently adequate
E01001374,1,0.0118015046294367,80.4746838930447,8,Apparently adequate
E01001375,6,0.008013888888503,80.8067133928262,10,Apparently adequate
E01001376,4,0.0205926408175154,60.65600762801525,5,Saturated / potentially underprovided
E01001377,8,0.025836250963831,83.52438690639792,9,Saturated / potentially underprovided
E01001379,7,0.0091822824802873,80.64677063358378,10,Apparently adequate
E01001380,4,0.0146658307609632,84.90974043895848,9,Apparently adequate
E01001381,1,0.0300644290119598,68.33741726187915,5,Saturated / potentially underprovided
E01001382,5,0.0081871527775848,72.20649481532708,9,Apparently adequate
E01001383,3,0.0129649777087834,73.56691039083341,8,Apparently adequate
E01001384,1,0.0268499228383487,75.47847022109997,7,Saturated / potentially underprovided
E01001385,3,0.0019665637856867,72.13866476819473,8,Apparently adequate
E01001386,1,0.0100935570985725,80.71959331032006,9,Apparently adequate
E01001387,4,0.0211229584614197,67.35930424850613,6,Saturated / potentially underprovided
E01001388,3,0.0125461676950874,48.98192086224984,1,Apparently adequate
E01001389,2,0.0560275848746785,64.88500917027233,4,Saturated / potentially underprovided
E01001390,6,0.0071549639917052,69.09540850694002,7,Apparently adequate
E01001391,0,,56.66785714285713,4,"Low-demand, no provision"
E01001392,3,0.0123406635798611,77.08316789093381,8,Apparently adequate
E01001393,5,0.0171411779824074,71.82535823509924,4,Saturated / potentially underprovided
E01001394,7,0.0148304673718584,71.02462360915922,3,Apparently adequate
E01001395,0,,67.725,2,"Low-demand, no provision"
E01001396,0,,59.43214285714283,6,"Low-demand, no provision"
E01001397,0,,88.45714285714286,2,True desert
E01001398,0,,82.80292207792206,9,True desert
E01001399,0,,86.69805194805194,8,True desert
E01001400,0,,95.24220779220778,8,True desert
E01001401,0,,78.15389610389609,6,True desert
E01001402,0,,112.83311688311684,7,True desert
E01001403,1,0.0013140432094907,95.7448035465901,6,Apparently adequate
E01001404,0,,87.45194805194804,5,True desert
E01001405,0,,96.24740259740258,6,True desert
E01001406,2,0.0552129629621913,86.31402215902777,4,Saturated / potentially underprovided
E01001407,0,,97.88084415584412,5,True desert
E01001408,2,0.0172183641970486,89.98023015868748,7,Saturated / potentially underprovided
E01001409,0,,100.14253246753243,1,True desert
E01001410,0,,89.21103896103895,1,True desert
E01001411,1,8.101851851851852e-06,96.62513348552488,7,Apparently adequate
E01001412,0,,117.6077922077922,5,True desert
E01001413,0,,107.68149350649348,9,True desert
E01001414,0,,67.34805194805193,1,"Low-demand, no provision"
E01001415,1,0.0428843235552983,123.306511511741,6,Saturated / potentially underprovided
E01001416,0,,114.21525974025973,10,True desert
E01001417,0,,144.37110389610385,10,True desert
E01001418,1,0.0,99.63993506493505,6,Apparently adequate
E01001419,1,0.0778121141956018,112.6747583692067,5,Saturated / potentially underprovided
E01001420,5,0.0,85.81850649350648,4,Apparently adequate
E01001421,0,,71.4944805194805,4,True desert
E01001422,0,,144.24545454545452,10,True desert
E01001423,0,,64.83506493506492,2,"Low-demand, no provision"
E01001424,0,,39.328246753246745,1,"Low-demand, no provision"
E01001425,1,0.2296967592554012,63.50385631067737,1,Saturated / potentially underprovided
E01001426,0,,64.45811688311687,1,"Low-demand, no provision"
E01001427,0,,52.77272727272726,1,"Low-demand, no provision"
E01001428,0,,67.34805194805193,1,"Low-demand, no provision"
E01001429,0,,53.52662337662337,1,"Low-demand, no provision"
E01001430,2,0.0851637731462191,53.72194863694454,1,Saturated / potentially underprovided
E01001431,2,0.0048341049380787,57.068052263697545,1,Apparently adequate
E01001432,7,0.03382476694198,59.234131257073074,1,Saturated / potentially underprovided
E01001433,0,,75.51525974025972,1,True desert
E01001434,0,,82.42597402597401,2,True desert
E01001435,0,,78.53084415584414,2,True desert
E01001436,0,,94.11136363636363,2,True desert
E01001437,0,,93.10616883116882,1,True desert
E01001438,0,,76.39480519480519,1,True desert
E01001439,2,0.0593539737599826,74.80621206784208,1,Saturated / potentially underprovided
E01001440,0,,72.49967532467531,1,True desert
E01001441,0,,67.09675324675324,1,"Low-demand, no provision"
E01001442,0,,57.17045454545453,1,"Low-demand, no provision"
E01001444,0,,93.86006493506493,2,True desert
E01001445,0,,132.68571428571428,1,True desert
E01001446,0,,88.58279220779218,1,True desert
E01001447,0,,80.4155844155844,1,True desert
E01001448,0,,78.40519480519477,1,True desert
E01001449,0,,74.88701298701297,1,True desert
E01001450,0,,109.94318181818178,4,True desert
E01001451,0,,106.92759740259736,8,True desert
E01001452,0,,97.2525974025974,9,True desert
E01001453,0,,114.84350649350644,10,True desert
E01001454,1,0.0310895061712962,113.10214959398652,9,Saturated / potentially underprovided
E01001455,0,,93.73441558441556,8,True desert
E01001456,0,,91.47272727272724,10,True desert
E01001457,0,,105.04285714285712,6,True desert
E01001458,5,0.0502538580236882,56.87636128466789,1,Saturated / potentially underprovided
E01001459,0,,76.52045454545453,2,True desert
E01001460,0,,53.77792207792207,1,"Low-demand, no provision"
E01001461,1,0.1341192129396219,60.56307063254683,1,Saturated / potentially underprovided
E01001462,0,,57.92435064935064,1,"Low-demand, no provision"
E01001463,0,,80.6668831168831,2,True desert
E01001464,0,,61.19123376623376,2,"Low-demand, no provision"
E01001465,0,,71.24318181818181,2,True desert
E01001466,4,0.040341820987172,65.88201022724216,1,Saturated / potentially underprovided
E01001467,0,,72.75097402597402,1,True desert
E01001468,0,,88.33149350649349,6,True desert
E01001469,0,,98.5090909090909,6,True desert
E01001470,1,0.0,110.1944805194805,8,Apparently adequate
E01001471,0,,121.125974025974,7,True desert
E01001472,0,,97.12694805194803,7,True desert
E01001473,0,,97.0012987012987,7,True desert
E01001474,1,0.1338788580200617,138.48195024294102,8,Saturated / potentially underprovided
E01001475,0,,124.39285714285712,10,True desert
E01001476,0,,79.03344155844155,1,True desert
E01001477,0,,81.67207792207793,1,True desert
E01001478,0,,85.94415584415583,4,True desert
E01001479,0,,64.45811688311687,1,"Low-demand, no provision"
E01001480,0,,70.74058441558441,2,True desert
E01001481,0,,79.53603896103894,1,True desert
E01001482,1,0.0094921553488297,67.98733011958389,1,Apparently adequate
E01001483,0,,40.710389610389605,1,"Low-demand, no provision"
E01001484,0,,70.237987012987,2,True desert
E01001485,9,0.0140002572010888,57.20640477014051,1,Apparently adequate
E01001486,9,0.0297782493132287,71.94137839650193,1,Saturated / potentially underprovided
E01001487,0,,59.68344155844155,1,"Low-demand, no provision"
E01001488,0,,67.47370129870129,1,"Low-demand, no provision"
E01001489,0,,71.9970779220779,1,True desert
E01001491,0,,63.82987012987011,1,"Low-demand, no provision"
E01001492,4,0.0610721450597029,74.66089457056454,1,Saturated / potentially underprovided
E01001493,0,,86.82370129870128,4,True desert
E01001494,0,,85.81850649350648,6,True desert
E01001495,1,0.0242206790119598,86.61016236017659,6,Saturated / potentially underprovided
E01001496,0,,100.2681818181818,7,True desert
E01001497,0,,80.6668831168831,4,True desert
E01001498,0,,74.63571428571427,4,True desert
E01001499,0,,78.02824675324673,4,True desert
E01001500,0,,70.86623376623375,6,True desert
E01001501,0,,86.82370129870128,3,True desert
E01001502,0,,79.28474025974023,1,True desert
E01001503,0,,77.14870129870128,2,True desert
E01001504,0,,81.92337662337661,3,True desert
E01001505,0,,79.53603896103894,2,True desert
E01001507,0,,75.01266233766232,1,True desert
E01001508,0,,79.78733766233763,1,True desert
E01001509,0,,62.824675324675326,1,"Low-demand, no provision"
E01001511,0,,85.69285714285711,3,True desert
E01001512,1,0.0330737654287422,97.22398080145176,5,Saturated / potentially underprovided
E01001513,0,,84.31071428571427,1,True desert
E01001514,0,,82.55162337662335,3,True desert
E01001515,0,,76.14350649350648,1,True desert
E01001516,0,,102.15292207792206,2,True desert
E01001517,0,,68.98149350649349,1,True desert
E01001518,0,,78.02824675324673,5,True desert
E01001520,0,,90.71883116883116,7,True desert
E01001521,0,,96.37305194805194,8,True desert
E01001522,0,,94.8652597402597,5,True desert
E01001523,0,,105.04285714285714,8,True desert
E01001524,0,,85.69285714285712,5,True desert
E01001525,0,,97.0012987012987,6,True desert
E01001526,0,,104.16331168831168,8,True desert
E01001527,0,,93.8600649350649,6,True desert
E01001528,1,0.0403530092550154,64.83696130925932,2,Saturated / potentially underprovided
E01001529,0,,57.54740259740258,2,"Low-demand, no provision"
E01001530,3,0.0128162294230967,70.12009555632885,5,Apparently adequate
E01001531,1,0.0370964506161265,93.04169384459313,9,Saturated / potentially underprovided
E01001532,1,0.0014598765432098,101.92455438311688,9,Apparently adequate
E01001533,0,,107.55584415584414,10,True desert
E01001534,0,,90.0905844155844,8,True desert
E01001535,2,0.0383326581710069,89.23862379192559,9,Saturated / potentially underprovided
E01001536,0,,96.37305194805192,6,True desert
E01001537,0,,97.37824675324676,5,True desert
E01001538,0,,108.81233766233764,9,True desert
E01001539,0,,98.7603896103896,7,True desert
E01001540,2,0.0083356963733362,94.76915066343112,6,Apparently adequate
E01001541,2,0.0210439814807098,87.75276306811547,8,Saturated / potentially underprovided
E01001542,0,,74.88701298701297,4,True desert
E01001543,0,,100.39383116883114,7,True desert
E01001544,0,,103.78636363636362,8,True desert
E01001545,0,,76.52045454545453,1,True desert
E01001546,0,,86.69805194805194,1,True desert
E01001547,0,,95.36785714285712,2,True desert
E01001548,0,,84.93896103896103,1,True desert
E01001549,0,,84.43636363636362,1,True desert
E01001550,0,,84.18506493506491,1,True desert
E01001551,1,0.1669702931666666,99.1212442649084,1,Saturated / potentially underprovided
E01001552,0,,96.12175324675324,3,True desert
E01001553,0,,61.945129870129854,1,"Low-demand, no provision"
E01001554,0,,50.76233766233766,1,"Low-demand, no provision"
E01001555,6,0.0229535108016975,70.1792606296819,1,Saturated / potentially underprovided
E01001556,0,,85.44155844155841,4,True desert
E01001557,0,,65.58896103896103,1,"Low-demand, no provision"
E01001558,5,0.0285851080244598,52.08414351707882,1,Saturated / potentially underprovided
E01001559,7,0.0224931657845017,66.67883760627095,1,Saturated / potentially underprovided
E01001560,0,,68.2275974025974,2,True desert
E01001562,0,,67.34805194805193,1,"Low-demand, no provision"
E01001563,0,,81.42077922077921,6,True desert
E01001564,0,,92.22662337662337,8,True desert
E01001565,4,0.0461500771596257,92.40799874744314,6,Saturated / potentially underprovided
E01001566,1,0.1932423803978588,106.45039248763624,8,Saturated / potentially underprovided
E01001567,0,,103.03246753246752,10,True desert
E01001568,0,,127.78538961038956,10,True desert
E01001569,0,,96.49870129870128,6,True desert
E01001570,0,,96.62435064935065,6,True desert
E01001571,0,,74.00746753246752,7,True desert
E01001572,2,0.0474451195978973,76.20265268949987,6,Saturated / potentially underprovided
E01001573,0,,68.4788961038961,6,True desert
E01001574,0,,61.44253246753245,2,"Low-demand, no provision"
E01001575,0,,60.562987012986994,2,"Low-demand, no provision"
E01001576,0,,65.21201298701298,3,"Low-demand, no provision"
E01001577,0,,67.22240259740259,3,"Low-demand, no provision"
E01001578,0,,81.79772727272726,4,True desert
E01001579,0,,66.09155844155843,3,"Low-demand, no provision"
E01001580,0,,77.52564935064933,9,True desert
E01001581,3,0.0388778292141846,63.831284751292195,6,Saturated / potentially underprovided
E01001582,0,,65.58896103896103,6,"Low-demand, no provision"
E01001583,2,0.0,79.28474025974023,9,Apparently adequate
E01001584,0,,74.38441558441556,9,True desert
E01001585,0,,64.08116883116881,8,"Low-demand, no provision"
E01001586,0,,59.8090909090909,6,"Low-demand, no provision"
E01001587,1,0.065763117283179,89.18568745935099,9,Saturated / potentially underprovided
E01001588,1,0.0,59.8090909090909,4,Apparently adequate
E01001589,0,,63.82987012987011,3,"Low-demand, no provision"
E01001590,2,0.0,63.57857142857141,7,Apparently adequate
E01001591,1,0.0,63.45292207792206,3,Apparently adequate
E01001592,2,0.0,78.53084415584414,8,Apparently adequate
E01001593,0,,79.78733766233763,9,True desert
E01001594,0,,78.53084415584414,2,True desert
E01001595,2,0.0560881558626543,79.3526810255424,4,Saturated / potentially underprovided
E01001596,0,,116.35129870129867,10,True desert
E01001597,0,,89.71363636363637,8,True desert
E01001598,0,,98.0064935064935,8,True desert
E01001599,3,0.0021851208847415,93.81331270385851,6,Apparently adequate
E01001600,2,0.0377122878067451,86.9687127075543,8,Saturated / potentially underprovided
E01001601,0,,87.32629870129868,9,True desert
E01001602,0,,94.61396103896102,2,True desert
E01001603,0,,81.1694805194805,2,True desert
E01001604,1,0.0,72.87662337662339,8,Apparently adequate
E01001605,0,,95.8704545454545,10,True desert
E01001606,1,0.0138743569956275,91.34053334571092,10,Apparently adequate
E01001607,0,,82.425974025974,8,True desert
E01001608,0,,82.30032467532466,9,True desert
E01001609,0,,77.77694805194804,7,True desert
E01001610,1,0.0098146219133873,94.14685322757038,8,Apparently adequate
E01001611,0,,78.78214285714283,7,True desert
E01001613,0,,79.6616883116883,5,True desert
E01001614,0,,108.30974025974024,10,True desert
E01001615,1,0.0232131558626543,83.05368032206988,7,Saturated / potentially underprovided
E01001617,0,,88.45714285714283,8,True desert
E01001618,0,,96.62435064935065,6,True desert
E01001619,0,,99.7655844155844,7,True desert
E01001620,1,0.0194176954728652,69.68050928328289,2,Saturated / potentially underprovided
E01001621,1,0.1881051311531635,88.52579047190602,4,Saturated / potentially underprovided
E01001623,0,,75.26396103896103,5,True desert
E01001624,1,0.0576310442327031,81.59486151574234,5,Saturated / potentially underprovided
E01001625,4,0.0378096064777681,77.58806137519586,2,Saturated / potentially underprovided
E01001629,0,,65.08636363636363,3,"Low-demand, no provision"
E01001631,0,,57.04480519480518,1,"Low-demand, no provision"
E01001632,1,0.021290316357253,58.13098267886571,3,Saturated / potentially underprovided
E01001633,0,,63.327272727272714,3,"Low-demand, no provision"
E01001634,0,,45.48506493506493,2,"Low-demand, no provision"
E01001635,0,,67.09675324675324,4,"Low-demand, no provision"
E01001636,0,,51.51623376623376,4,"Low-demand, no provision"
E01001637,0,,59.8090909090909,4,"Low-demand, no provision"
E01001638,0,,47.36980519480519,2,"Low-demand, no provision"
E01001641,2,0.0222731802973894,58.572270348519766,8,Saturated / potentially underprovided
E01001642,0,,83.17987012987011,9,True desert
E01001644,0,,81.04383116883115,8,True desert
E01001645,0,,85.81850649350648,4,True desert
E01001646,1,0.0323836805553626,111.81720828934596,3,Saturated / potentially underprovided
E01001647,1,0.0269156378596965,78.45102010579062,8,Saturated / potentially underprovided
E01001648,0,,90.5931818181818,7,True desert
E01001649,0,,74.63571428571427,3,True desert
E01001650,0,,74.25876623376622,4,True desert
E01001651,0,,67.85064935064933,2,"Low-demand, no provision"
E01001652,1,0.0068495370362654,77.04458423289547,7,Apparently adequate
E01001653,0,,60.688636363636355,1,"Low-demand, no provision"
E01001654,0,,68.85584415584414,3,True desert
E01001655,0,,61.69383116883116,2,"Low-demand, no provision"
E01001656,0,,62.0707792207792,7,"Low-demand, no provision"
E01001657,0,,78.4051948051948,8,True desert
E01001658,1,0.015157600308449,76.7874437578768,6,Apparently adequate
E01001659,0,,85.44155844155843,8,True desert
E01001660,0,,72.37402597402595,3,True desert
E01001661,0,,75.26396103896103,4,True desert
E01001664,0,,67.97629870129869,8,"Low-demand, no provision"
E01001665,3,0.0070272633733281,64.27841943835804,7,Apparently adequate
E01001666,1,0.0,48.75194805194805,7,Apparently adequate
E01001669,0,,93.98571428571428,3,True desert
E01001671,0,,67.22240259740259,3,"Low-demand, no provision"
E01001672,0,,50.51103896103896,3,"Low-demand, no provision"
E01001673,0,,56.91915584415583,4,"Low-demand, no provision"
E01001674,0,,76.26915584415583,4,True desert
E01001675,1,0.0348993055552983,63.71686860793868,5,Saturated / potentially underprovided
E01001676,0,,59.93474025974024,3,"Low-demand, no provision"
E01001677,0,,64.58376623376623,4,"Low-demand, no provision"
E01001678,1,0.0067258230452674,86.77518992003367,6,Apparently adequate
E01001679,0,,71.49448051948052,8,True desert
E01001680,0,,90.21623376623376,8,True desert
E01001681,3,0.0019979423867026,62.06889267074719,7,Apparently adequate
E01001682,0,,73.37922077922076,7,True desert
E01001683,3,0.0808352623428497,63.96474321885311,5,Saturated / potentially underprovided
E01001684,0,,66.97110389610388,4,"Low-demand, no provision"
E01001685,0,,68.60454545454544,5,True desert
E01001686,1,0.0184328703697273,73.58012158409856,4,Saturated / potentially underprovided
E01001687,0,,44.47987012987012,4,"Low-demand, no provision"
E01001688,1,0.0549575617256944,98.88583051471798,4,Saturated / potentially underprovided
E01001690,2,0.0,62.19642857142856,2,Apparently adequate
E01001692,0,,45.61071428571428,2,"Low-demand, no provision"
E01001693,0,,45.73636363636363,1,"Low-demand, no provision"
E01001694,0,,68.7301948051948,3,True desert
E01001695,0,,47.74675324675324,4,"Low-demand, no provision"
E01001696,1,0.0409538966035879,55.849542357092936,4,Saturated / potentially underprovided
E01001697,1,0.044568287035751,71.92463118227074,3,Saturated / potentially underprovided
E01001698,0,,58.17564935064934,3,"Low-demand, no provision"
E01001699,0,,41.338636363636354,4,"Low-demand, no provision"
E01001700,1,0.0,62.32207792207791,4,Apparently adequate
E01001701,1,0.0390943930034722,71.41716005211428,5,Saturated / potentially underprovided
E01001702,0,,40.2077922077922,1,"Low-demand, no provision"
E01001703,1,0.0569816743821373,57.639132488920445,2,Saturated / potentially underprovided
E01001704,0,,63.95551948051946,5,"Low-demand, no provision"
E01001705,0,,59.8090909090909,2,"Low-demand, no provision"
E01001708,0,,67.97629870129869,7,"Low-demand, no provision"
E01001710,1,0.0558422067879372,44.44307236981235,1,Saturated / potentially underprovided
E01001712,1,0.0307213220159465,59.056315954155224,2,Saturated / potentially underprovided
E01001714,1,0.0,36.940909090909074,3,Apparently adequate
E01001715,14,5.456349178791888e-06,25.255657283452457,6,Apparently adequate
E01001716,7,0.0024111276454199,33.50331373443987,2,Apparently adequate
E01001717,0,,33.92532467532467,4,"Low-demand, no provision"
E01001718,11,0.0048646885519781,35.22670617435802,8,Apparently adequate
E01001719,1,0.0,33.92532467532466,3,Apparently adequate
E01001720,14,0.0025370921515928,41.8214206974043,8,Apparently adequate
E01001722,10,0.0065584490738811,45.024535923963214,1,Apparently adequate
E01001723,15,0.0,42.09253246753246,1,Apparently adequate
E01001724,7,0.018030588620701,45.026038605281286,4,Saturated / potentially underprovided
E01001725,9,0.0113956189984996,35.201493169162376,1,Apparently adequate
E01001726,1,0.0,29.2762987012987,1,Apparently adequate
E01001727,12,0.0,39.2025974025974,1,Apparently adequate
E01001728,8,0.0164791907760175,39.082304782492706,1,Saturated / potentially underprovided
E01001729,0,,19.97824675324675,1,"Low-demand, no provision"
E01001730,3,0.0,44.22857142857141,2,Apparently adequate
E01001731,7,0.0,47.11850649350649,4,Apparently adequate
E01001732,4,0.0392460937492766,35.648502938540524,1,Saturated / potentially underprovided
E01001733,15,0.015112872942001,41.453188829311735,6,Apparently adequate
E01001734,10,0.0071054398147376,38.21572765354144,4,Apparently adequate
E01001735,7,0.0274589671511243,36.53517322771372,4,Saturated / potentially underprovided
E01001736,15,0.0052881430039094,40.799358170010265,7,Apparently adequate
E01001737,16,0.0038006928368095,48.81111232645328,6,Apparently adequate
E01001738,12,0.0095165412806873,41.732037203078214,6,Apparently adequate
E01001739,14,0.0,49.8827922077922,7,Apparently adequate
E01001740,6,0.0051564187884837,33.72136610292052,2,Apparently adequate
E01001741,17,0.0044860373546886,42.66000019552512,8,Apparently adequate
E01001742,8,0.0310468991099537,48.063188517373305,5,Saturated / potentially underprovided
E01001744,9,0.0076047239366855,46.2107809349599,5,Apparently adequate
E01001745,5,0.0255579861106095,41.36428309758527,2,Saturated / potentially underprovided
E01001746,0,,33.04577922077922,1,"Low-demand, no provision"
E01001747,8,2.5752314766589506e-05,38.324038855348526,3,Apparently adequate
E01001749,19,0.0011810428849902,35.72656040954657,5,Apparently adequate
E01001750,15,0.0028579989711162,46.875145767492775,3,Apparently adequate
E01001751,24,0.0041605902776974,46.9360309151748,9,Apparently adequate
E01001753,1,0.0,31.914935064935054,1,Apparently adequate
E01001755,10,0.0176898533934799,30.945040756400303,2,Saturated / potentially underprovided
E01001756,14,0.0087768132714809,47.658808978168736,7,Apparently adequate
E01001757,1,0.0,31.286688311688295,2,Apparently adequate
E01001758,5,0.0,40.459090909090904,2,Apparently adequate
E01001759,11,0.0094104587540333,38.68368944773776,4,Apparently adequate
E01001760,2,0.0,33.42272727272726,4,Apparently adequate
E01001761,4,0.0011796874997106,40.255224837650694,2,Apparently adequate
E01001762,10,0.0056580632715277,31.969151504213805,6,Apparently adequate
E01001763,13,0.0018864850426608,38.017688653531145,4,Apparently adequate
E01001764,11,0.0042607323229868,43.155170443466425,3,Apparently adequate
E01001765,1,0.0,43.22337662337661,1,Apparently adequate
E01001767,15,0.0048385030862397,42.54871192662476,4,Apparently adequate
E01001768,18,0.0021332197358753,51.24837704784998,4,Apparently adequate
E01001769,16,0.007935751832417,41.41339657748068,6,Apparently adequate
E01001770,13,0.002775730056891,36.79145084394443,1,Apparently adequate
E01001772,2,0.01833844521576,38.1301621860236,2,Saturated / potentially underprovided
E01001773,8,0.0166266155475742,47.135496941571496,3,Saturated / potentially underprovided
E01001774,8,0.0,31.914935064935054,4,Apparently adequate
E01001775,8,0.0098219521601562,34.89295495410539,2,Apparently adequate
E01001776,9,0.0140581918721493,31.726522579018148,3,Apparently adequate
E01001777,11,0.0080919963520272,38.25316363040479,5,Apparently adequate
E01001780,10,0.0056160108024305,33.73678466889751,2,Apparently adequate
E01001781,6,0.0,29.527597402597394,1,Apparently adequate
E01001783,7,0.0531121307302965,27.12618535437924,2,Saturated / potentially underprovided
E01001784,5,0.0128632716044753,28.76202839645149,2,Apparently adequate
E01001785,20,0.0058140046295331,43.60105741172471,5,Apparently adequate
E01001786,5,0.040197608024074,48.35905697823608,2,Saturated / potentially underprovided
E01001787,8,0.0078399643129581,39.130041055985856,1,Apparently adequate
E01001788,8,0.0139315923993296,36.81855554828512,1,Apparently adequate
E01001789,20,0.0007479359567322,45.39334152230752,5,Apparently adequate
E01001790,2,0.0055646219130015,29.186513151024855,1,Apparently adequate
E01001791,13,0.0061922483378145,41.34176066068249,3,Apparently adequate
E01001792,13,0.0026817129629036,49.38663200757283,4,Apparently adequate
E01001793,10,0.0053642103907664,42.31832566756846,6,Apparently adequate
E01001794,17,0.0130577682458356,51.17060040164858,7,Apparently adequate
E01001795,14,0.0050078538358134,32.327317563383666,5,Apparently adequate
E01001796,15,0.0019008058983539,35.24869198933298,4,Apparently adequate
E01001798,6,0.00761040380652,42.033056858011975,1,Apparently adequate
E01001799,3,0.0,24.87857142857142,1,Apparently adequate
E01001800,0,,26.512012987012984,1,"Low-demand, no provision"
E01001801,3,0.0024450874485596,36.779319695466555,1,Apparently adequate
E01001802,11,0.0023048657874696,29.847532462714575,1,Apparently adequate
E01001803,9,0.0306015517828146,46.87697850502001,5,Saturated / potentially underprovided
E01001804,10,0.0005812564299897,30.424817204446175,1,Apparently adequate
E01001805,6,0.0,25.75811688311688,3,Apparently adequate
E01001806,10,0.0027362847221064,40.94777799055938,5,Apparently adequate
E01001807,13,0.00030653490027,38.083423567837826,1,Apparently adequate
E01001808,4,0.0375866126517168,29.985579348093925,1,Saturated / potentially underprovided
E01001809,2,0.0,37.317857142857136,1,Apparently adequate
E01001811,1,0.0,37.69480519480519,1,Apparently adequate
E01001812,15,0.0,33.54837662337662,1,Apparently adequate
E01001813,2,0.0,35.30746753246753,1,Apparently adequate
E01001814,4,0.0,31.789285714285704,1,Apparently adequate
E01001815,7,0.0025809634038249,43.082987282581115,2,Apparently adequate
E01001816,17,0.0040808823528503,40.49803758832711,5,Apparently adequate
E01001819,10,0.0040609953701967,47.3098545302272,5,Apparently adequate
E01001820,9,0.007593235596622,34.94254827290466,2,Apparently adequate
E01001821,6,0.0044059284977816,29.531490932760416,2,Apparently adequate
E01001822,1,0.0,35.30746753246753,1,Apparently adequate
E01001823,6,0.0,39.7051948051948,1,Apparently adequate
E01001824,4,0.0027968267746431,29.862182517838782,1,Apparently adequate
E01001825,4,0.0,33.04577922077922,1,Apparently adequate
E01001826,5,0.0059437885800925,30.714272669435218,1,Apparently adequate
E01001827,5,0.0,38.448701298701295,1,Apparently adequate
E01001828,6,0.0761729038055555,49.761116970250626,1,Saturated / potentially underprovided
E01001829,16,0.0053758801117621,51.54052920978142,9,Apparently adequate
E01001830,2,0.0,36.94090909090908,3,Apparently adequate
E01001831,7,0.0,38.57435064935064,5,Apparently adequate
E01001832,10,0.0139265110587705,37.71016548532605,6,Apparently adequate
E01001833,11,0.0,42.218181818181804,3,Apparently adequate
E01001834,9,0.0042039180381944,44.28832714758253,4,Apparently adequate
E01001835,12,0.000311278292181,33.181754117063484,7,Apparently adequate
E01001836,6,0.0128137860076838,45.55886324552615,4,Apparently adequate
E01001837,10,0.0041035879627829,41.50827309421605,8,Apparently adequate
E01001838,4,0.0,31.914935064935054,1,Apparently adequate
E01001839,3,0.0,36.06136363636363,4,Apparently adequate
E01001840,7,0.0050076609346891,38.26240367820213,2,Apparently adequate
E01001841,9,0.0051911865564557,43.57405885489779,3,Apparently adequate
E01001842,7,0.0187835096995149,34.434551853976814,2,Saturated / potentially underprovided
E01001843,9,1.033093278463649e-05,35.68478423771443,4,Apparently adequate
E01001844,20,0.0138914062492862,53.251025072507154,6,Apparently adequate
E01001845,8,0.0217947048607253,35.30665631974112,1,Saturated / potentially underprovided
E01001846,2,0.0343109567881944,32.88000652275613,2,Saturated / potentially underprovided
E01001847,12,0.0172918274174382,30.80511586615006,1,Saturated / potentially underprovided
E01001848,10,0.0105491898145447,41.901700334810215,3,Apparently adequate
E01001849,11,0.0177969977547699,60.106199974550336,3,Saturated / potentially underprovided
E01001850,3,0.0,36.56396103896103,1,Apparently adequate
E01001851,25,0.0058861728393055,49.79724411110118,8,Apparently adequate
E01001852,26,0.004929843304732,42.17377327463735,7,Apparently adequate
E01001853,27,0.0232512431408321,47.18550351040559,8,Saturated / potentially underprovided
E01001854,19,0.0046965968160737,39.63919514671936,5,Apparently adequate
E01001855,24,0.0016966467335069,45.184649422281254,8,Apparently adequate
E01001856,23,0.006067330917824,43.73845056641508,3,Apparently adequate
E01001857,6,0.0049565007712512,26.138331272819528,2,Apparently adequate
E01001858,16,0.0082226321371527,42.18527883965811,5,Apparently adequate
E01001859,25,0.0192251697527546,78.24770323513866,5,Saturated / potentially underprovided
E01001860,17,0.0017574437181712,38.51627272727053,2,Apparently adequate
E01001861,22,0.0289988776650533,41.11518697361281,3,Saturated / potentially underprovided
E01001862,23,0.0039346987385768,46.16860993465243,4,Apparently adequate
E01001863,18,0.0196730324071502,47.78922788993653,7,Saturated / potentially underprovided
E01001864,26,0.0062450439220382,46.14842327246996,6,Apparently adequate
E01001865,53,0.0059557637431574,56.62616444634208,8,Apparently adequate
E01001866,10,0.0059892168208526,32.99089377383891,8,Apparently adequate
E01001867,5,0.048568557093287,22.661336829336864,7,Saturated / potentially underprovided
E01001868,8,0.0158287037035108,25.400005181272217,2,Apparently adequate
E01001869,27,0.0024835962504858,51.51821787834924,9,Apparently adequate
E01001870,23,0.0111655260329945,34.05001418767469,8,Apparently adequate
E01001871,11,0.0151725589221029,42.22096080527422,8,Apparently adequate
E01001872,22,0.0108682747610567,38.99358729093712,7,Apparently adequate
E01001873,13,0.0135716850661948,37.18755022701957,6,Apparently adequate
E01001875,34,0.005241417786029,43.9551601239452,1,Apparently adequate
E01001876,18,0.0033319401576003,39.081082097632226,5,Apparently adequate
E01001877,29,0.0071096543740199,38.21588757964582,2,Apparently adequate
E01001878,38,0.0095290417882502,42.49363396838885,1,Apparently adequate
E01001879,23,0.0107293623631351,44.322123334042885,5,Apparently adequate
E01001880,4,0.0111011766970003,41.79754387032213,6,Apparently adequate
E01001881,30,0.0059683899175668,53.46689331100506,9,Apparently adequate
E01001882,19,0.0108251908705734,48.898668608363984,9,Apparently adequate
E01001883,24,0.021677445022706,49.42364640297339,7,Saturated / potentially underprovided
E01001884,23,0.0081409856411198,40.788467787234566,5,Apparently adequate
E01001885,1,0.0076369598765432,28.107182393127697,1,Apparently adequate
E01001886,16,0.009361858603178,40.71103753529123,5,Apparently adequate
E01001887,16,0.0074561873069902,36.710002565410214,5,Apparently adequate
E01001888,33,0.0041328056801853,49.079599014776655,9,Apparently adequate
E01001889,29,0.0084999401339067,39.78925185882859,8,Apparently adequate
E01001890,26,0.0091835529438657,34.236879690618345,8,Apparently adequate
E01001891,35,0.0058210097000606,69.63579696279604,10,Apparently adequate
E01001892,15,0.0071173096705761,35.68530534856774,4,Apparently adequate
E01001893,9,0.0265823581057098,33.150277517803815,3,Saturated / potentially underprovided
E01001894,17,0.0285807234928059,29.854555499378684,5,Saturated / potentially underprovided
E01001895,45,0.0073316958160322,47.97024734429378,6,Apparently adequate
E01001896,26,0.0082931060064547,40.54123969085692,6,Apparently adequate
E01001897,50,0.0056644598764274,44.73182456952948,7,Apparently adequate
E01001898,36,0.004476396390491,47.83427483369561,8,Apparently adequate
E01001899,11,0.0248002946123035,33.73655878958437,4,Saturated / potentially underprovided
E01001900,14,0.0144765487210923,34.16150965167428,3,Apparently adequate
E01001901,20,0.0073472608022762,61.2611041319327,9,Apparently adequate
E01001902,33,0.0067099466889964,51.482427595141914,7,Apparently adequate
E01001903,11,0.007802890010855,42.04108653251775,6,Apparently adequate
E01001904,25,0.0135465586417129,58.454323328312775,10,Apparently adequate
E01001905,34,0.008772486231871,57.038223531584514,9,Apparently adequate
E01001906,19,0.0036947084145142,51.32823046352652,8,Apparently adequate
E01001907,23,0.0099567230271571,47.84145322498025,9,Apparently adequate
E01001908,29,0.0026298957002713,29.479272108709463,8,Apparently adequate
E01001909,30,0.0067295974792566,47.56208999623426,7,Apparently adequate
E01001910,14,0.0043832947530037,35.588430678433205,7,Apparently adequate
E01001911,12,0.0064043852878407,35.28068204307922,2,Apparently adequate
E01001912,1,0.0273549382696759,29.560804121517357,1,Saturated / potentially underprovided
E01001913,28,0.0124392154411444,40.45352093749346,10,Apparently adequate
E01001914,19,0.0034381700778914,24.711945479463697,6,Apparently adequate
E01001915,36,0.0092385063011456,64.1659424613321,9,Apparently adequate
E01001916,22,0.0037063692479745,64.06644719762167,10,Apparently adequate
E01001917,17,0.0047878313361474,54.919158268273925,8,Apparently adequate
E01001918,21,0.0165239564958296,54.79427169782697,6,Saturated / potentially underprovided
E01001919,29,0.0166098517094508,70.38273861979484,10,Saturated / potentially underprovided
E01001920,11,0.0064552469134048,36.67352998736733,4,Apparently adequate
E01001921,22,0.005028432472795,51.775279668979984,9,Apparently adequate
E01001922,39,0.0097165505959329,66.22625949743077,9,Apparently adequate
E01001923,26,0.0045261677943227,48.46773530635672,8,Apparently adequate
E01001924,17,0.0096293346039624,65.07880565852572,10,Apparently adequate
E01001925,23,0.0079154086149188,66.61470013262016,9,Apparently adequate
E01001926,17,0.0077923247999954,60.78165657624906,10,Apparently adequate
E01001927,42,0.0066398962617822,70.70435996038964,10,Apparently adequate
E01001928,31,0.0067197705095828,51.3564362928593,7,Apparently adequate
E01001929,34,0.0075936592228122,51.654223511897776,9,Apparently adequate
E01001930,25,0.00325513888875,53.95297668343409,6,Apparently adequate
E01001931,8,0.0149006558640528,34.430834263387936,8,Apparently adequate
E01001932,18,0.0146235853906678,44.36540454093297,7,Apparently adequate
E01001933,36,0.0108133144716756,59.82078523440051,8,Apparently adequate
E01001934,9,0.0196992026742755,63.54977316614691,5,Saturated / potentially underprovided
E01001935,36,0.0043665230623499,71.93286081893628,7,Apparently adequate
E01001937,27,0.0048862120864388,65.02559951295055,9,Apparently adequate
E01001938,16,0.0108356240353491,44.326783080872175,3,Apparently adequate
E01001940,19,0.0085423367444972,35.22890774058229,4,Apparently adequate
E01001941,19,0.0170512914226364,31.564583083051417,5,Saturated / potentially underprovided
E01001942,37,0.0138946237902485,44.71571558824543,5,Apparently adequate
E01001943,24,0.0240866367662479,45.42256478417983,3,Saturated / potentially underprovided
E01001944,1,0.0446666666666666,31.634066883116873,1,Saturated / potentially underprovided
E01001945,28,0.0151882302681809,47.70659547810258,6,Apparently adequate
E01001946,30,0.0079671360595357,49.267011871367096,6,Apparently adequate
E01001947,9,0.0220741941010888,30.82151011302244,2,Saturated / potentially underprovided
E01001948,21,0.0064826940033436,66.01415420337383,8,Apparently adequate
E01001949,23,0.0117656837088197,53.01225138676805,10,Apparently adequate
E01001950,22,0.0075242178730008,52.4102321880443,10,Apparently adequate
E01001951,23,0.0053853873119904,50.1514303640347,8,Apparently adequate
E01001952,11,0.0023700547137345,46.726391345985,8,Apparently adequate
E01001953,8,0.0223373360329861,36.35305434404827,7,Saturated / potentially underprovided
E01001954,15,0.0066066679525141,45.02669281076421,5,Apparently adequate
E01001955,31,0.0230037771301118,52.187142685142014,2,Saturated / potentially underprovided
E01001956,34,0.0039307257624364,49.82658129664767,4,Apparently adequate
E01001957,13,0.0332556683274275,33.106115463926024,1,Saturated / potentially underprovided
E01001958,8,0.0321804832165557,35.276443631593345,1,Saturated / potentially underprovided
E01001959,15,0.0083338991768261,52.072261364080646,3,Apparently adequate
E01001960,29,0.0102308828222115,50.13926750084978,6,Apparently adequate
E01001961,17,0.0433173679183687,25.825153510626137,1,Saturated / potentially underprovided
E01001962,1,0.0167766203695987,76.90990790713857,7,Saturated / potentially underprovided
E01001963,1,0.0113877314812885,86.66870438986439,9,Apparently adequate
E01001964,0,,62.32207792207791,8,"Low-demand, no provision"
E01001965,1,0.0501167052447916,72.30667220178388,9,Saturated / potentially underprovided
E01001966,4,0.0334503279305073,73.8859943380784,10,Saturated / potentially underprovided
E01001967,3,0.0250656828695023,78.05209547984461,10,Saturated / potentially underprovided
E01001968,0,,70.86623376623375,8,True desert
E01001969,2,0.1172054398121141,66.11716102358204,3,Saturated / potentially underprovided
E01001970,0,,60.8142857142857,3,"Low-demand, no provision"
E01001971,0,,52.52142857142857,1,"Low-demand, no provision"
E01001972,3,0.0194901406026663,58.66900956534421,4,Saturated / potentially underprovided
E01001973,1,0.0048092206786265,100.4978863793806,4,Apparently adequate
E01001974,1,0.0142282021599151,70.34528748643172,5,Apparently adequate
E01001975,1,0.0020542052469135,59.42832121663057,3,Apparently adequate
E01001976,0,,43.34902597402597,3,"Low-demand, no provision"
E01001977,1,0.0148547453701774,38.25475192775245,1,Apparently adequate
E01001978,0,,39.7051948051948,1,"Low-demand, no provision"
E01001979,0,,50.51103896103896,1,"Low-demand, no provision"
E01001980,1,0.0162202932095871,50.30884346364007,3,Saturated / potentially underprovided
E01001981,0,,39.83084415584414,4,"Low-demand, no provision"
E01001982,0,,43.34902597402597,2,"Low-demand, no provision"
E01001983,1,0.0442085262339892,48.02070911455672,4,Saturated / potentially underprovided
E01001984,0,,57.42175324675323,7,"Low-demand, no provision"
E01001985,1,0.0280776427460455,71.30586310194194,10,Saturated / potentially underprovided
E01001986,1,0.0,60.3116883116883,8,Apparently adequate
E01001987,1,0.0126374742791923,74.68826051770449,10,Apparently adequate
E01001988,3,0.034485661007073,61.871646943323015,8,Saturated / potentially underprovided
E01001989,2,0.0216801697520254,79.20641858870741,9,Saturated / potentially underprovided
E01001990,2,0.0276532118039641,59.91351686273188,8,Saturated / potentially underprovided
E01001991,0,,49.75714285714285,8,"Low-demand, no provision"
E01001992,0,,87.20064935064936,10,True desert
E01001993,1,0.0444201388869598,79.65704233954442,10,Saturated / potentially underprovided
E01001994,1,0.0070067515430169,90.97488624581138,8,Apparently adequate
E01001995,0,,106.67629870129863,4,True desert
E01001996,1,0.0,64.96071428571427,8,Apparently adequate
E01001997,2,0.0417809606458333,59.559091056922576,8,Saturated / potentially underprovided
E01001998,2,0.0277641782398726,53.075677564382914,6,Saturated / potentially underprovided
E01001999,1,0.016755208332851,52.25164436381449,6,Saturated / potentially underprovided
E01002000,2,0.0246327160483217,50.98279642851863,6,Saturated / potentially underprovided
E01002001,0,,44.85681818181818,7,"Low-demand, no provision"
E01002002,2,0.0082000385799575,38.51062277235545,3,Apparently adequate
E01002003,1,0.0386931584353137,49.724737055783,2,Saturated / potentially underprovided
E01002004,0,,51.01363636363636,6,"Low-demand, no provision"
E01002005,2,0.0743720100246913,51.97274598494444,8,Saturated / potentially underprovided
E01002006,1,0.0125422453697916,50.1267586004854,8,Apparently adequate
E01002007,3,0.0198720421803948,60.74132716671663,10,Saturated / potentially underprovided
E01002008,2,0.0228638117279128,83.9249794563547,10,Saturated / potentially underprovided
E01002009,1,0.0219381751534529,64.33133992401865,10,Saturated / potentially underprovided
E01002010,1,0.0038605324072145,67.73418570919964,7,Apparently adequate
E01002011,3,0.0549953703663837,69.32860972646961,8,Saturated / potentially underprovided
E01002013,1,0.0396331018499228,58.78315087245585,9,Saturated / potentially underprovided
E01002014,2,0.0169631880137924,55.96797472320321,7,Saturated / potentially underprovided
E01002015,0,,49.00324675324675,3,"Low-demand, no provision"
E01002016,0,,61.19123376623375,6,"Low-demand, no provision"
E01002017,0,,50.887987012987,5,"Low-demand, no provision"
E01002018,1,0.0165613425920138,54.02990530638156,5,Saturated / potentially underprovided
E01002019,0,,66.46850649350648,9,"Low-demand, no provision"
E01002020,0,,62.0707792207792,8,"Low-demand, no provision"
E01002021,1,0.0128079989702932,67.19257638882915,10,Apparently adequate
E01002022,4,0.0484348636795589,82.33447488717313,9,Saturated / potentially underprovided
E01002023,0,,66.97110389610388,9,"Low-demand, no provision"
E01002024,0,,48.37499999999999,8,"Low-demand, no provision"
E01002025,2,0.0272309992271412,82.21816840859596,10,Saturated / potentially underprovided
E01002026,1,0.0,38.825649350649336,1,Apparently adequate
E01002027,1,0.0112314814814814,37.48287080627704,3,Apparently adequate
E01002028,1,0.0374675925912422,44.0607097131461,3,Saturated / potentially underprovided
E01002029,1,0.0,36.815259740259734,2,Apparently adequate
E01002030,4,0.0,38.82564935064934,2,Apparently adequate
E01002031,2,0.0407867798335905,38.578383999903195,2,Saturated / potentially underprovided
E01002032,0,,44.47987012987012,2,"Low-demand, no provision"
E01002033,3,0.0516116898130787,52.19305875431047,2,Saturated / potentially underprovided
E01002034,1,0.0241460262337962,52.37409624872044,1,Saturated / potentially underprovided
E01002036,1,0.017679976851466,46.92859397150546,1,Saturated / potentially underprovided
E01002037,0,,44.60551948051947,1,"Low-demand, no provision"
E01002038,0,,38.19740259740258,1,"Low-demand, no provision"
E01002039,0,,39.453896103896085,1,"Low-demand, no provision"
E01002040,0,,58.80389610389609,1,"Low-demand, no provision"
E01002041,0,,49.25454545454545,1,"Low-demand, no provision"
E01002042,1,0.0299701003082561,39.34218258476158,6,Saturated / potentially underprovided
E01002043,0,,44.98246753246752,2,"Low-demand, no provision"
E01002044,0,,32.7944805194805,6,"Low-demand, no provision"
E01002045,0,,48.75194805194805,1,"Low-demand, no provision"
E01002046,0,,35.55876623376623,2,"Low-demand, no provision"
E01002047,1,0.0239710648138503,33.70926043692711,7,Saturated / potentially underprovided
E01002048,0,,42.97207792207791,3,"Low-demand, no provision"
E01002049,0,,48.12370129870129,2,"Low-demand, no provision"
E01002050,3,0.0045064300410879,41.77735719771858,1,Apparently adequate
E01002051,0,,33.67402597402596,1,"Low-demand, no provision"
E01002052,3,0.0156566358021476,51.93995488589625,1,Apparently adequate
E01002053,1,0.0301493055543981,45.69146973412072,1,Saturated / potentially underprovided
E01002054,0,,33.79967532467532,1,"Low-demand, no provision"
E01002055,1,0.0,40.710389610389605,1,Apparently adequate
E01002056,0,,56.290909090909075,2,"Low-demand, no provision"
E01002057,2,0.0865746527725694,46.69237064709761,3,Saturated / potentially underprovided
E01002058,0,,38.32305194805194,4,"Low-demand, no provision"
E01002059,0,,58.30129870129869,6,"Low-demand, no provision"
E01002060,1,0.0458690200599922,60.844109377717345,8,Saturated / potentially underprovided
E01002061,4,0.065660759063585,58.78191666869792,9,Saturated / potentially underprovided
E01002062,1,0.0419903549378858,58.78550975489344,8,Saturated / potentially underprovided
E01002063,1,0.0070187114194637,42.13490531147327,6,Apparently adequate
E01002064,1,0.0208744212951388,40.91883439355479,5,Saturated / potentially underprovided
E01002065,1,0.0218789544741512,32.86999733041008,6,Saturated / potentially underprovided
E01002066,1,0.0038678626539351,42.12920525679296,2,Apparently adequate
E01002067,1,0.0329812885788966,52.69613182600435,1,Saturated / potentially underprovided
E01002068,2,0.0118263888883101,46.53153031653181,2,Apparently adequate
E01002069,1,0.0205939429006558,40.90759221847878,1,Saturated / potentially underprovided
E01002070,4,0.0320318608521251,70.4130543088722,4,Saturated / potentially underprovided
E01002071,2,0.0097414480447209,39.58448746841291,1,Apparently adequate
E01002072,1,0.0080486111111111,33.3117518465909,1,Apparently adequate
E01002073,0,,37.19220779220778,1,"Low-demand, no provision"
E01002074,1,0.0345932355959362,51.86839132729717,1,Saturated / potentially underprovided
E01002075,1,0.0170843942897376,50.3516215170489,1,Saturated / potentially underprovided
E01002076,1,0.0629878472202932,54.7611304280662,1,Saturated / potentially underprovided
E01002077,0,,54.65746753246752,2,"Low-demand, no provision"
E01002078,1,0.0255873842583912,71.390871431893,4,Saturated / potentially underprovided
E01002079,0,,45.233766233766225,3,"Low-demand, no provision"
E01002081,1,0.0206072530852623,42.95994393709052,1,Saturated / potentially underprovided
E01002082,0,,37.69480519480519,1,"Low-demand, no provision"
E01002083,0,,41.212987012987,6,"Low-demand, no provision"
E01002084,1,0.130269965275897,54.67680957022151,3,Saturated / potentially underprovided
E01002085,1,0.0302108410484182,48.28310555720136,4,Saturated / potentially underprovided
E01002086,0,,45.485064935064926,4,"Low-demand, no provision"
E01002087,0,,44.102922077922074,3,"Low-demand, no provision"
E01002088,0,,48.877597402597395,4,"Low-demand, no provision"
E01002089,0,,32.41753246753246,1,"Low-demand, no provision"
E01002090,1,0.0,66.71980519480519,2,Apparently adequate
E01002091,0,,63.95551948051946,1,"Low-demand, no provision"
E01002092,0,,40.459090909090904,1,"Low-demand, no provision"
E01002093,4,0.0610039544696662,66.92385787358437,1,Saturated / potentially underprovided
E01002094,0,,48.50064935064935,1,"Low-demand, no provision"
E01002095,1,0.0,48.75194805194805,1,Apparently adequate
E01002096,1,0.0,51.641883116883115,1,Apparently adequate
E01002097,1,0.0148993055555555,46.29028225446429,2,Apparently adequate
E01002098,1,0.0109652777777777,45.4757127840909,5,Apparently adequate
E01002099,1,0.0104266975303819,48.117634742491454,1,Apparently adequate
E01002100,1,0.024313914607896,50.9669337797043,2,Saturated / potentially underprovided
E01002101,3,0.0500009002040252,57.78618590583879,4,Saturated / potentially underprovided
E01002102,4,0.0010919174381751,41.63534784028503,3,Apparently adequate
E01002103,0,,48.12370129870129,4,"Low-demand, no provision"
E01002104,1,0.027272376542824,46.85462686010144,4,Saturated / potentially underprovided
E01002105,3,0.0200773533940972,42.80946706006954,2,Saturated / potentially underprovided
E01002106,0,,115.34610389610388,6,True desert
E01002107,0,,104.91720779220776,7,True desert
E01002108,0,,107.30454545454543,7,True desert
E01002109,0,,122.8850649350649,8,True desert
E01002110,0,,94.23701298701296,8,True desert
E01002111,0,,116.22564935064932,4,True desert
E01002112,0,,124.1415584415584,8,True desert
E01002113,0,,93.23181818181816,6,True desert
E01002114,0,,116.85389610389608,4,True desert
E01002115,0,,87.07499999999997,6,True desert
E01002116,0,,103.66071428571426,7,True desert
E01002118,0,,80.1642857142857,3,True desert
E01002119,0,,97.5038961038961,4,True desert
E01002120,0,,55.16006493506492,2,"Low-demand, no provision"
E01002121,0,,85.94415584415584,5,True desert
E01002122,0,,85.44155844155843,6,True desert
E01002123,0,,75.26396103896103,5,True desert
E01002124,0,,79.28474025974023,5,True desert
E01002125,0,,74.13311688311687,5,True desert
E01002127,0,,83.05422077922076,7,True desert
E01002128,0,,63.95551948051946,6,"Low-demand, no provision"
E01002129,3,0.0,87.45194805194802,5,Apparently adequate
E01002130,2,0.0288465470666473,88.55262188137428,2,Saturated / potentially underprovided
E01002131,0,,68.98149350649348,3,True desert
E01002132,0,,98.63474025974024,7,True desert
E01002133,1,0.0082332175923353,81.7110826653606,2,Apparently adequate
E01002134,0,,86.06980519480517,7,True desert
E01002135,0,,89.46233766233765,6,True desert
E01002136,0,,92.47792207792206,6,True desert
E01002137,0,,55.78831168831168,10,"Low-demand, no provision"
E01002138,0,,75.26396103896103,3,True desert
E01002139,0,,67.34805194805193,2,"Low-demand, no provision"
E01002140,0,,93.1061688311688,4,True desert
E01002141,0,,101.02207792207793,6,True desert
E01002142,0,,104.66590909090908,6,True desert
E01002143,0,,86.44675324675325,4,True desert
E01002144,0,,107.05324675324675,7,True desert
E01002145,0,,92.85487012987012,6,True desert
E01002146,0,,101.14772727272728,9,True desert
E01002147,0,,103.15811688311686,9,True desert
E01002148,0,,92.100974025974,8,True desert
E01002149,0,,99.89123376623374,10,True desert
E01002150,2,0.0080569058640046,121.2152427269113,7,Apparently adequate
E01002151,0,,68.10194805194804,2,"Low-demand, no provision"
E01002152,0,,112.07922077922076,9,True desert
E01002153,0,,104.28896103896102,9,True desert
E01002155,0,,103.91201298701296,8,True desert
E01002156,0,,101.65032467532464,10,True desert
E01002157,0,,85.31590909090907,8,True desert
E01002158,0,,89.71363636363635,10,True desert
E01002159,3,0.1040892489674639,107.23681912917718,6,Saturated / potentially underprovided
E01002160,9,0.0232275805891203,89.8689488662028,6,Saturated / potentially underprovided
E01002161,0,,95.87045454545452,6,True desert
E01002162,0,,92.72922077922075,5,True desert
E01002163,0,,96.62435064935065,9,True desert
E01002164,0,,91.3470779220779,6,True desert
E01002165,0,,71.24318181818181,6,True desert
E01002166,0,,78.65649350649349,6,True desert
E01002167,0,,75.01266233766232,5,True desert
E01002168,0,,69.60974025974025,3,True desert
E01002169,0,,72.12272727272726,5,True desert
E01002170,0,,68.7301948051948,4,True desert
E01002171,0,,80.1642857142857,6,True desert
E01002172,0,,80.03863636363634,5,True desert
E01002173,0,,109.06363636363636,7,True desert
E01002174,0,,86.06980519480517,8,True desert
E01002175,0,,73.12792207792207,7,True desert
E01002176,0,,85.94415584415583,8,True desert
E01002177,0,,82.67727272727271,6,True desert
E01002178,0,,96.75,7,True desert
E01002179,0,,87.07499999999997,3,True desert
E01002181,0,,98.50909090909089,4,True desert
E01002182,0,,85.1902597402597,5,True desert
E01002183,2,0.0234093364174382,88.98477724997909,4,Saturated / potentially underprovided
E01002184,1,0.042862654316358,87.53139024131414,3,Saturated / potentially underprovided
E01002185,0,,88.7084415584415,2,True desert
E01002186,0,,93.10616883116882,5,True desert
E01002187,0,,122.50811688311686,7,True desert
E01002188,0,,117.73344155844153,10,True desert
E01002189,0,,103.2837662337662,8,True desert
E01002190,0,,125.775,10,True desert
E01002191,0,,121.37727272727273,9,True desert
E01002192,0,,103.40941558441556,9,True desert
E01002193,0,,101.775974025974,7,True desert
E01002194,0,,115.34610389610388,10,True desert
E01002195,0,,100.01688311688308,8,True desert
E01002196,0,,114.08961038961036,9,True desert
E01002197,0,,79.912987012987,7,True desert
E01002198,0,,82.67727272727271,6,True desert
E01002199,0,,82.80292207792206,5,True desert
E01002200,0,,95.36785714285712,7,True desert
E01002201,0,,92.98051948051943,7,True desert
E01002202,0,,77.9025974025974,2,True desert
E01002203,0,,89.33668831168829,4,True desert
E01002204,0,,72.12272727272726,4,True desert
E01002206,2,0.0656840277754629,71.7717432628311,5,Saturated / potentially underprovided
E01002207,0,,92.85487012987012,6,True desert
E01002208,0,,83.05422077922076,10,True desert
E01002209,0,,88.08019480519478,8,True desert
E01002210,0,,86.69805194805194,6,True desert
E01002211,0,,67.59935064935064,3,"Low-demand, no provision"
E01002212,0,,79.6616883116883,2,True desert
E01002214,0,,92.100974025974,3,True desert
E01002215,0,,71.74577922077921,2,True desert
E01002216,0,,88.20584415584416,5,True desert
E01002217,1,0.0540104166651234,89.52654971577799,3,Saturated / potentially underprovided
E01002218,0,,85.44155844155843,4,True desert
E01002219,0,,64.08116883116881,3,"Low-demand, no provision"
E01002220,0,,84.05941558441556,5,True desert
E01002221,0,,67.22240259740258,4,"Low-demand, no provision"
E01002222,1,0.0,86.94935064935065,6,Apparently adequate
E01002223,0,,102.40422077922076,5,True desert
E01002224,0,,81.6720779220779,3,True desert
E01002225,0,,133.5652597402597,9,True desert
E01002226,0,,144.24545454545455,6,True desert
E01002227,0,,93.98571428571428,3,True desert
E01002228,0,,140.6016233766234,6,True desert
E01002229,0,,106.42499999999998,5,True desert
E01002230,0,,121.50292207792204,8,True desert
E01002231,0,,102.40422077922078,4,True desert
E01002232,0,,97.0012987012987,4,True desert
E01002233,0,,81.92337662337661,2,True desert
E01002234,0,,79.78733766233763,4,True desert
E01002235,0,,73.88181818181816,1,True desert
E01002236,0,,79.28474025974023,3,True desert
E01002237,0,,82.80292207792206,6,True desert
E01002238,2,0.013862268517554,85.86162545311093,7,Apparently adequate
E01002239,0,,99.38863636363637,8,True desert
E01002240,4,0.0432627314807098,84.1567528205546,7,Saturated / potentially underprovided
E01002241,0,,94.23701298701296,3,True desert
E01002242,0,,102.52987012987012,8,True desert
E01002243,1,0.0,82.1746753246753,2,Apparently adequate
E01002244,0,,94.8652597402597,7,True desert
E01002245,0,,83.17987012987011,6,True desert
E01002246,0,,103.03246753246752,7,True desert
E01002247,0,,109.94318181818178,3,True desert
E01002248,0,,79.53603896103894,4,True desert
E01002250,0,,107.1788961038961,6,True desert
E01002251,0,,73.12792207792207,4,True desert
E01002252,0,,111.70227272727271,9,True desert
E01002253,0,,115.34610389610388,10,True desert
E01002254,0,,115.97435064935064,10,True desert
E01002255,0,,103.15811688311686,9,True desert
E01002256,0,,102.90681818181817,9,True desert
E01002257,0,,123.38766233766232,10,True desert
E01002258,0,,109.31493506493504,6,True desert
E01002259,0,,99.13733766233764,9,True desert
E01002260,0,,104.41461038961036,7,True desert
E01002261,0,,90.84448051948048,8,True desert
E01002262,0,,106.80194805194805,7,True desert
E01002263,0,,104.66590909090908,9,True desert
E01002264,0,,80.28993506493504,3,True desert
E01002265,0,,97.0012987012987,9,True desert
E01002266,0,,92.22662337662337,8,True desert
E01002267,0,,92.6035714285714,5,True desert
E01002268,0,,97.2525974025974,8,True desert
E01002269,0,,131.3035714285714,9,True desert
E01002270,0,,133.313961038961,9,True desert
E01002271,0,,124.51850649350646,10,True desert
E01002272,0,,93.73441558441556,9,True desert
E01002273,0,,101.52467532467531,10,True desert
E01002274,0,,115.09480519480516,9,True desert
E01002275,0,,104.66590909090908,10,True desert
E01002276,0,,129.41883116883116,4,True desert
E01002277,0,,90.21623376623376,5,True desert
E01002278,0,,83.30551948051946,3,True desert
E01002279,0,,96.49870129870126,5,True desert
E01002280,0,,80.54123376623374,2,True desert
E01002281,0,,109.31493506493504,3,True desert
E01002282,0,,79.53603896103894,2,True desert
E01002283,1,0.0439313271523919,93.7860447661372,5,Saturated / potentially underprovided
E01002284,0,,101.65032467532464,4,True desert
E01002285,0,,93.10616883116882,10,True desert
E01002286,0,,112.7074675324675,10,True desert
E01002287,0,,97.62954545454544,9,True desert
E01002288,0,,105.79675324675324,9,True desert
E01002289,0,,100.39383116883114,9,True desert
E01002290,0,,98.63474025974024,10,True desert
E01002291,0,,98.13214285714282,8,True desert
E01002292,0,,100.2681818181818,7,True desert
E01002294,0,,108.56103896103896,9,True desert
E01002295,0,,118.98993506493504,7,True desert
E01002296,0,,119.6181818181818,8,True desert
E01002297,0,,79.6616883116883,2,True desert
E01002298,0,,103.40941558441556,8,True desert
E01002299,0,,105.29415584415582,6,True desert
E01002300,0,,125.27240259740256,8,True desert
E01002301,0,,115.09480519480516,8,True desert
E01002302,0,,110.32012987012985,8,True desert
E01002303,0,,113.33571428571427,5,True desert
E01002304,0,,105.54545454545452,8,True desert
E01002305,0,,111.57662337662336,7,True desert
E01002306,0,,85.81850649350649,3,True desert
E01002307,0,,117.85909090909088,5,True desert
E01002308,0,,106.17370129870127,5,True desert
E01002309,0,,96.62435064935065,5,True desert
E01002310,0,,86.19545454545455,4,True desert
E01002311,0,,99.89123376623374,4,True desert
E01002312,0,,102.7811688311688,5,True desert
E01002313,0,,124.76980519480516,5,True desert
E01002314,0,,85.69285714285712,2,True desert
E01002315,0,,91.72402597402596,5,True desert
E01002316,0,,80.54123376623374,1,True desert
E01002317,0,,113.33571428571426,10,True desert
E01002318,0,,110.06883116883112,9,True desert
E01002319,0,,101.775974025974,5,True desert
E01002320,0,,102.40422077922076,9,True desert
E01002321,0,,123.8902597402597,9,True desert
E01002322,0,,130.67532467532462,9,True desert
E01002323,0,,107.30454545454543,9,True desert
E01002324,0,,97.88084415584412,6,True desert
E01002325,0,,110.82272727272724,4,True desert
E01002326,0,,98.38344155844158,5,True desert
E01002327,0,,105.16850649350646,7,True desert
E01002328,0,,114.46655844155842,8,True desert
E01002329,0,,106.67629870129868,8,True desert
E01002330,0,,106.29935064935064,5,True desert
E01002331,0,,107.80714285714284,7,True desert
E01002332,0,,112.33051948051946,7,True desert
E01002333,0,,98.63474025974024,9,True desert
E01002334,0,,130.54967532467535,9,True desert
E01002335,0,,89.96493506493505,6,True desert
E01002336,0,,113.4613636363636,8,True desert
E01002337,0,,100.39383116883114,8,True desert
E01002338,0,,81.54642857142855,8,True desert
E01002339,0,,117.6077922077922,10,True desert
E01002340,0,,87.32629870129868,8,True desert
E01002341,0,,105.79675324675324,10,True desert
E01002342,0,,86.82370129870128,5,True desert
E01002343,0,,124.51850649350646,8,True desert
E01002344,0,,124.39285714285712,6,True desert
E01002345,0,,83.68246753246751,3,True desert
E01002346,0,,82.04902597402595,4,True desert
E01002347,0,,94.23701298701296,7,True desert
E01002348,0,,116.1,9,True desert
E01002349,0,,104.54025974025971,8,True desert
E01002350,0,,71.24318181818181,4,True desert
E01002351,0,,98.88603896103896,8,True desert
E01002352,0,,102.65551948051944,6,True desert
E01002353,0,,111.32532467532464,6,True desert
E01002354,0,,91.84967532467527,10,True desert
E01002355,0,,95.61915584415584,10,True desert
E01002356,0,,71.36883116883115,3,True desert
E01002358,0,,97.0012987012987,6,True desert
E01002359,0,,84.81331168831166,10,True desert
E01002360,0,,87.20064935064931,7,True desert
E01002361,0,,99.7655844155844,7,True desert
E01002362,0,,100.01688311688312,9,True desert
E01002363,0,,92.22662337662337,6,True desert
E01002364,0,,86.94935064935063,10,True desert
E01002365,0,,75.26396103896103,7,True desert
E01002366,0,,92.100974025974,9,True desert
E01002367,0,,115.97435064935064,8,True desert
E01002368,0,,119.3668831168831,2,True desert
E01002369,0,,120.74902597402594,6,True desert
E01002370,1,0.0,127.53409090909088,2,Apparently adequate
E01002371,1,0.0012775205760673,107.81905883010973,7,Apparently adequate
E01002372,0,,103.15811688311686,8,True desert
E01002373,0,,105.0428571428571,7,True desert
E01002374,0,,100.01688311688312,6,True desert
E01002375,0,,95.74480519480518,4,True desert
E01002376,0,,105.79675324675324,10,True desert
E01002377,0,,116.22564935064932,8,True desert
E01002378,0,,115.34610389610388,9,True desert
E01002379,1,0.0219236111107253,101.8244022523966,8,Saturated / potentially underprovided
E01002380,0,,124.51850649350646,5,True desert
E01002381,0,,103.15811688311686,7,True desert
E01002382,0,,110.32012987012985,8,True desert
E01002383,0,,109.31493506493504,9,True desert
E01002384,0,,105.54545454545452,10,True desert
E01002385,0,,120.12077922077918,10,True desert
E01002386,0,,122.88506493506492,8,True desert
E01002387,0,,114.34090909090908,10,True desert
E01002388,0,,117.35649350649348,10,True desert
E01002389,0,,122.00551948051948,10,True desert
E01002390,0,,102.90681818181814,10,True desert
E01002391,0,,119.11558441558437,10,True desert
E01002392,0,,79.53603896103894,2,True desert
E01002393,0,,105.4198051948052,4,True desert
E01002394,0,,87.20064935064934,4,True desert
E01002395,0,,74.25876623376622,5,True desert
E01002396,0,,84.31071428571427,3,True desert
E01002397,0,,77.9025974025974,2,True desert
E01002398,0,,90.34188311688308,5,True desert
E01002399,0,,84.43636363636362,5,True desert
E01002400,0,,105.29415584415582,3,True desert
E01002401,0,,102.27857142857144,3,True desert
E01002402,0,,81.04383116883115,3,True desert
E01002403,0,,108.30974025974024,2,True desert
E01002404,0,,89.21103896103895,2,True desert
E01002405,0,,94.11136363636362,3,True desert
E01002408,0,,84.93896103896103,2,True desert
E01002409,0,,101.90162337662336,4,True desert
E01002410,0,,110.82272727272724,6,True desert
E01002411,0,,109.31493506493504,6,True desert
E01002412,0,,125.39805194805191,7,True desert
E01002413,0,,78.4051948051948,2,True desert
E01002414,0,,68.10194805194804,9,"Low-demand, no provision"
E01002415,0,,109.31493506493504,9,True desert
E01002416,0,,110.6970779220779,9,True desert
E01002417,0,,113.4613636363636,9,True desert
E01002418,0,,111.450974025974,8,True desert
E01002419,0,,103.53506493506492,9,True desert
E01002420,0,,101.65032467532464,7,True desert
E01002421,0,,110.9483766233766,8,True desert
E01002422,0,,89.46233766233765,5,True desert
E01002423,0,,109.1892857142857,5,True desert
E01002424,0,,96.75,5,True desert
E01002425,0,,89.46233766233765,2,True desert
E01002426,0,,86.57240259740257,4,True desert
E01002427,0,,90.21623376623376,7,True desert
E01002428,0,,99.7655844155844,7,True desert
E01002429,0,,84.68766233766232,3,True desert
E01002430,0,,113.71266233766234,10,True desert
E01002431,0,,89.21103896103895,10,True desert
E01002432,0,,91.3470779220779,8,True desert
E01002433,0,,150.150974025974,7,True desert
E01002434,0,,101.14772727272724,10,True desert
E01002435,0,,107.68149350649348,10,True desert
E01002436,0,,115.09480519480516,8,True desert
E01002437,0,,105.41980519480516,10,True desert
E01002438,0,,115.22045454545452,8,True desert
E01002439,0,,100.51948051948052,7,True desert
E01002440,1,0.0,111.32532467532464,6,Apparently adequate
E01002441,0,,116.97954545454542,6,True desert
E01002442,0,,116.35129870129867,5,True desert
E01002443,0,,91.3470779220779,5,True desert
E01002444,0,,97.5038961038961,3,True desert
E01002445,0,,77.27435064935064,2,True desert
E01002446,0,,108.56103896103896,6,True desert
E01002447,0,,92.85487012987012,5,True desert
E01002448,0,,91.0957792207792,4,True desert
E01002449,0,,78.02824675324673,3,True desert
E01002450,0,,96.62435064935065,8,True desert
E01002451,0,,93.10616883116882,8,True desert
E01002452,0,,95.36785714285712,7,True desert
E01002453,0,,105.79675324675324,7,True desert
E01002454,0,,103.15811688311686,5,True desert
E01002455,0,,101.65032467532464,4,True desert
E01002456,0,,98.88603896103892,5,True desert
E01002457,0,,83.43116883116882,3,True desert
E01002458,0,,108.93798701298698,10,True desert
E01002459,0,,123.51331168831166,10,True desert
E01002460,0,,97.88084415584412,9,True desert
E01002461,0,,113.08441558441557,9,True desert
E01002462,0,,107.68149350649348,10,True desert
E01002463,0,,107.68149350649348,10,True desert
E01002464,0,,111.450974025974,8,True desert
E01002465,0,,94.11136363636362,7,True desert
E01002466,0,,109.06363636363636,9,True desert
E01002467,0,,95.8704545454545,9,True desert
E01002468,0,,109.81753246753244,9,True desert
E01002469,0,,111.07402597402596,10,True desert
E01002470,1,0.0088400573191688,97.73203564374076,7,Apparently adequate
E01002471,0,,104.41461038961036,10,True desert
E01002472,1,0.0506133294739583,101.38282186134154,8,Saturated / potentially underprovided
E01002473,0,,132.5600649350649,9,True desert
E01002474,0,,106.42499999999998,8,True desert
E01002475,0,,98.13214285714284,7,True desert
E01002476,0,,115.09480519480516,10,True desert
E01002477,0,,82.67727272727271,9,True desert
E01002478,0,,95.11655844155844,8,True desert
E01002479,0,,107.05324675324674,6,True desert
E01002480,0,,126.27759740259737,10,True desert
E01002481,0,,94.61396103896104,5,True desert
E01002482,0,,119.49253246753244,10,True desert
E01002483,0,,105.29415584415582,6,True desert
E01002484,0,,84.18506493506491,5,True desert
E01002485,0,,107.55584415584414,6,True desert
E01002486,0,,106.17370129870127,2,True desert
E01002487,0,,93.73441558441556,4,True desert
E01002488,0,,90.5931818181818,5,True desert
E01002489,0,,88.08019480519481,6,True desert
E01002490,0,,107.30454545454543,5,True desert
E01002491,0,,75.89220779220778,3,True desert
E01002492,0,,89.46233766233765,5,True desert
E01002493,0,,80.03863636363634,1,True desert
E01002494,0,,105.54545454545452,7,True desert
E01002495,0,,112.45616883116878,7,True desert
E01002496,0,,107.93279220779218,6,True desert
E01002497,0,,129.92142857142855,6,True desert
E01002498,0,,90.5931818181818,9,True desert
E01002499,0,,104.28896103896102,6,True desert
E01002501,0,,85.44155844155843,5,True desert
E01002502,0,,87.82889610389608,3,True desert
E01002503,1,0.0494167631159336,80.96114039548112,2,Saturated / potentially underprovided
E01002505,0,,77.90259740259737,2,True desert
E01002506,0,,58.80389610389609,1,"Low-demand, no provision"
E01002507,1,0.0595483217585841,95.0559328479508,3,Saturated / potentially underprovided
E01002508,0,,83.93376623376622,2,True desert
E01002509,0,,107.30454545454543,9,True desert
E01002511,0,,92.85487012987012,4,True desert
E01002512,0,,142.36071428571424,8,True desert
E01002513,0,,100.2681818181818,8,True desert
E01002514,0,,100.14253246753243,6,True desert
E01002516,0,,106.80194805194805,9,True desert
E01002518,0,,81.1694805194805,7,True desert
E01002519,0,,111.07402597402596,5,True desert
E01002520,0,,97.25259740259736,4,True desert
E01002521,0,,68.85584415584414,2,True desert
E01002523,0,,78.02824675324675,7,True desert
E01002525,0,,111.57662337662336,7,True desert
E01002526,1,0.0,142.10941558441556,5,Apparently adequate
E01002527,0,,91.97532467532466,3,True desert
E01002528,0,,97.37824675324671,2,True desert
E01002529,1,0.0302875192892554,113.79090788934536,4,Saturated / potentially underprovided
E01002530,0,,82.30032467532465,2,True desert
E01002531,0,,101.52467532467531,7,True desert
E01002533,0,,99.26298701298698,7,True desert
E01002534,0,,99.7655844155844,9,True desert
E01002535,0,,124.39285714285712,9,True desert
E01002536,0,,80.79253246753245,8,True desert
E01002537,0,,146.8840909090909,9,True desert
E01002538,0,,121.37727272727273,7,True desert
E01002539,0,,121.12597402597396,9,True desert
E01002540,0,,81.29512987012986,2,True desert
E01002541,0,,121.75422077922076,5,True desert
E01002542,0,,84.56201298701296,1,True desert
E01002543,0,,88.83409090909086,2,True desert
E01002544,0,,98.38344155844152,6,True desert
E01002545,0,,66.84545454545453,1,"Low-demand, no provision"
E01002546,0,,78.78214285714283,5,True desert
E01002547,0,,73.00227272727271,4,True desert
E01002548,0,,98.7603896103896,4,True desert
E01002549,0,,107.1788961038961,4,True desert
E01002550,0,,97.0012987012987,4,True desert
E01002551,0,,112.33051948051946,5,True desert
E01002552,0,,93.48311688311686,4,True desert
E01002553,0,,91.84967532467527,3,True desert
E01002555,0,,118.612987012987,6,True desert
E01002556,0,,97.5038961038961,6,True desert
E01002557,0,,109.56623376623376,5,True desert
E01002558,0,,105.54545454545452,2,True desert
E01002559,0,,128.66493506493504,3,True desert
E01002560,0,,94.1113636363636,4,True desert
E01002561,0,,66.34285714285713,3,"Low-demand, no provision"
E01002562,0,,62.0707792207792,4,"Low-demand, no provision"
E01002563,0,,93.48311688311684,7,True desert
E01002564,0,,76.14350649350648,4,True desert
E01002565,7,0.0306037257491732,97.63899544355752,4,Saturated / potentially underprovided
E01002567,9,0.0190581704382716,84.5090382770595,6,Saturated / potentially underprovided
E01002569,17,0.0101032588959808,88.84317299835102,9,Apparently adequate
E01002570,7,0.0257030423275738,58.38215131606795,8,Saturated / potentially underprovided
E01002571,5,0.0188291152250257,76.93714526715682,10,Saturated / potentially underprovided
E01002572,3,0.0145383444780949,58.38404656018323,3,Apparently adequate
E01002573,16,0.0193322482635272,73.00470800144527,10,Saturated / potentially underprovided
E01002574,9,0.0138609304571514,70.95676893130293,10,Apparently adequate
E01002575,8,0.031452353394483,75.55756864455086,10,Saturated / potentially underprovided
E01002576,5,0.0097903549379629,74.35138840050035,6,Apparently adequate
E01002577,5,0.0057876543209104,81.26013171716545,9,Apparently adequate
E01002578,5,0.015706031378305,79.50900645173401,9,Apparently adequate
E01002579,3,0.0180153034975565,106.93523609453618,8,Saturated / potentially underprovided
E01002580,6,0.0204272762340534,54.87645854750118,7,Saturated / potentially underprovided
E01002581,9,0.0384086791257573,90.68038648735693,8,Saturated / potentially underprovided
E01002582,17,0.0354173021055056,87.42687183596304,9,Saturated / potentially underprovided
E01002583,0,,80.54123376623374,5,True desert
E01002584,1,0.0,79.53603896103894,4,Apparently adequate
E01002585,0,,74.38441558441556,4,True desert
E01002586,0,,78.9077922077922,5,True desert
E01002587,0,,87.70324675324672,4,True desert
E01002588,0,,72.75097402597402,1,True desert
E01002589,0,,101.14772727272724,2,True desert
E01002590,0,,110.9483766233766,2,True desert
E01002591,1,0.1089101080239197,116.34375222642514,4,Saturated / potentially underprovided
E01002592,0,,95.74480519480518,4,True desert
E01002593,0,,93.98571428571428,5,True desert
E01002594,0,,104.79155844155842,5,True desert
E01002595,0,,95.11655844155842,4,True desert
E01002596,0,,97.12694805194803,5,True desert
E01002598,2,0.0281067386801054,95.33553675567214,5,Saturated / potentially underprovided
E01002599,0,,81.92337662337661,3,True desert
E01002600,3,0.0915940072008744,90.6614896753357,4,Saturated / potentially underprovided
E01002601,0,,104.66590909090908,5,True desert
E01002602,0,,105.54545454545452,7,True desert
E01002603,0,,96.49870129870128,4,True desert
E01002604,0,,68.60454545454544,1,True desert
E01002605,0,,104.54025974025971,2,True desert
E01002606,0,,70.11233766233765,2,True desert
E01002607,1,0.0,111.7022727272727,5,Apparently adequate
E01002608,0,,92.35227272727272,2,True desert
E01002609,0,,109.1892857142857,7,True desert
E01002610,0,,85.94415584415583,3,True desert
E01002611,0,,109.06363636363636,6,True desert
E01002612,2,0.08075781249103,96.4155273175845,4,Saturated / potentially underprovided
E01002613,0,,101.52467532467531,5,True desert
E01002614,0,,108.30974025974024,6,True desert
E01002615,0,,71.62012987012986,2,True desert
E01002616,0,,91.5983766233766,6,True desert
E01002617,0,,113.83831168831166,8,True desert
E01002618,0,,97.88084415584412,7,True desert
E01002619,0,,97.7551948051948,6,True desert
E01002620,0,,106.55064935064934,2,True desert
E01002621,2,0.0,89.46233766233763,4,Apparently adequate
E01002622,0,,81.54642857142855,6,True desert
E01002623,1,0.0147240226332304,74.58715750131498,5,Apparently adequate
E01002624,0,,62.0707792207792,5,"Low-demand, no provision"
E01002625,0,,90.3418831168831,5,True desert
E01002626,0,,87.32629870129868,5,True desert
E01002627,0,,74.76136363636363,1,True desert
E01002628,0,,101.65032467532464,5,True desert
E01002629,1,0.0403605324068287,117.64856280431766,4,Saturated / potentially underprovided
E01002630,0,,70.61493506493505,6,True desert
E01002631,0,,90.3418831168831,3,True desert
E01002632,0,,100.51948051948052,5,True desert
E01002633,2,0.2395264274664351,109.02198350670687,1,Saturated / potentially underprovided
E01002634,1,0.0163163580241769,68.57462636630729,1,Saturated / potentially underprovided
E01002635,0,,95.49350649350647,6,True desert
E01002636,1,0.0037044753082561,100.7657376374973,5,Apparently adequate
E01002637,0,,79.15909090909089,2,True desert
E01002638,0,,90.8444805194805,2,True desert
E01002639,0,,71.62012987012986,5,True desert
E01002640,1,0.0203431069956275,70.25658596078073,7,Saturated / potentially underprovided
E01002641,3,0.0282233153281035,77.25896395231221,4,Saturated / potentially underprovided
E01002643,2,0.0742361111095678,107.84667877419568,4,Saturated / potentially underprovided
E01002645,0,,68.98149350649349,4,True desert
E01002646,0,,76.64610389610388,2,True desert
E01002647,0,,94.61396103896104,2,True desert
E01002649,2,0.0174774305551697,71.72125731024065,3,Saturated / potentially underprovided
E01002650,0,,108.68668831168829,3,True desert
E01002651,1,0.1086755401215277,77.31392074188388,4,Saturated / potentially underprovided
E01002652,0,,87.95454545454544,5,True desert
E01002653,0,,100.51948051948052,7,True desert
E01002654,0,,102.02727272727272,6,True desert
E01002655,0,,94.61396103896102,7,True desert
E01002656,1,0.0104167952671039,83.41154673630471,7,Apparently adequate
E01002657,1,0.0020098379629629,99.08478387614986,8,Apparently adequate
E01002658,2,0.0781871141963734,82.09694753102656,9,Saturated / potentially underprovided
E01002659,0,,75.26396103896103,8,True desert
E01002660,3,0.0394683641967592,71.31225464009857,4,Saturated / potentially underprovided
E01002661,1,0.0149417920517457,80.34186958445976,6,Apparently adequate
E01002662,0,,84.18506493506491,6,True desert
E01002663,5,0.028935648147608,72.27036869179105,4,Saturated / potentially underprovided
E01002665,1,0.0395553626531635,66.61592270352429,3,Saturated / potentially underprovided
E01002666,0,,71.9970779220779,6,True desert
E01002667,0,,98.13214285714284,5,True desert
E01002668,1,0.0181783693410493,105.8009639380628,6,Saturated / potentially underprovided
E01002669,1,0.0,85.69285714285712,2,Apparently adequate
E01002670,0,,98.5090909090909,7,True desert
E01002671,4,0.0085645254628665,94.5372063734352,7,Apparently adequate
E01002672,0,,61.5681818181818,3,"Low-demand, no provision"
E01002673,0,,51.01363636363636,1,"Low-demand, no provision"
E01002674,0,,99.0116883116883,8,True desert
E01002675,3,0.0622295524682356,138.6737231950033,8,Saturated / potentially underprovided
E01002676,1,0.0119674639913837,97.78069908643754,9,Apparently adequate
E01002677,0,,88.08019480519478,6,True desert
E01002678,1,0.0861192129598765,120.50316349735776,8,Saturated / potentially underprovided
E01002679,4,0.0131354166664737,93.81995792408924,8,Apparently adequate
E01002680,2,0.0391311728386381,109.28387349828532,7,Saturated / potentially underprovided
E01002681,0,,108.1840909090909,5,True desert
E01002682,1,0.0267486496903935,104.62735420320703,6,Saturated / potentially underprovided
E01002686,1,0.0430033436206275,81.64582764619378,2,Saturated / potentially underprovided
E01002687,6,0.0229940843618184,66.96858059987673,8,Saturated / potentially underprovided
E01002689,8,0.0352083333326822,67.24787276781484,6,Saturated / potentially underprovided
E01002690,6,0.0255604423863168,70.1003859788008,9,Saturated / potentially underprovided
E01002691,0,,62.82467532467531,9,"Low-demand, no provision"
E01002692,10,0.0385341499460037,72.9445481364509,8,Saturated / potentially underprovided
E01002693,3,0.0342053755129886,70.43140075823096,8,Saturated / potentially underprovided
E01002694,1,0.0630777391957947,31.122981435397392,2,Saturated / potentially underprovided
E01002695,0,,24.375974025974024,4,"Low-demand, no provision"
E01002696,4,0.0156651234563561,40.19956392043735,7,Apparently adequate
E01002697,5,0.0236164351846257,31.896951617947927,5,Saturated / potentially underprovided
E01002698,5,0.0128684799376543,55.23355979005472,6,Apparently adequate
E01002699,1,0.0054911265432098,45.73482918244948,5,Apparently adequate
E01002700,20,0.0220862364961709,50.85609088165947,9,Saturated / potentially underprovided
E01002701,3,0.0343727494842464,21.964636667051348,2,Saturated / potentially underprovided
E01002702,1,0.0436308834861111,36.323437363255714,3,Saturated / potentially underprovided
E01002703,6,0.0018251028805941,36.882451376861496,3,Apparently adequate
E01002704,2,0.0422915702147633,32.21696171025514,3,Saturated / potentially underprovided
E01002706,2,0.1250750707107445,35.62396792077748,3,Saturated / potentially underprovided
E01002707,2,0.0247172067892554,28.326111359102978,4,Saturated / potentially underprovided
E01002708,2,0.053615837180652,43.42265581440365,4,Saturated / potentially underprovided
E01002709,2,0.0591549961412037,33.6697807880459,3,Saturated / potentially underprovided
E01002710,2,0.1151358024673996,36.14995108219478,3,Saturated / potentially underprovided
E01002711,7,0.023866291886574,33.577163163827,6,Saturated / potentially underprovided
E01002712,4,0.0231274434148984,26.48239157270212,6,Saturated / potentially underprovided
E01002713,2,0.0243323688258101,45.3047573412101,4,Saturated / potentially underprovided
E01002714,4,0.0255395447526041,42.78098145064726,8,Saturated / potentially underprovided
E01002715,1,0.0654286265410879,30.12084339482637,2,Saturated / potentially underprovided
E01002716,5,0.0129908950613425,42.38478884332798,1,Apparently adequate
E01002717,4,0.0030473572529899,37.55761023459685,5,Apparently adequate
E01002718,3,0.0164751800407021,45.08496455212349,7,Saturated / potentially underprovided
E01002719,3,0.0207028034969778,47.58098909665116,8,Saturated / potentially underprovided
E01002720,6,0.0220612461416538,40.83798354469765,1,Saturated / potentially underprovided
E01002721,4,0.0142391493049286,39.25105507810073,5,Apparently adequate
E01002722,3,0.0091521990739454,27.00825484476115,3,Apparently adequate
E01002723,10,0.037332407402199,29.06585197766791,3,Saturated / potentially underprovided
E01002724,4,0.0491834972985307,35.85754924014043,8,Saturated / potentially underprovided
E01002725,1,0.1927293595322145,25.47716381935857,2,Saturated / potentially underprovided
E01002726,1,0.0398452932087191,33.70921855380447,5,Saturated / potentially underprovided
E01002727,3,0.0219888974618055,33.77241947161039,6,Saturated / potentially underprovided
E01002728,3,0.0027739197529578,16.001732266863023,5,Apparently adequate
E01002729,5,0.0319506687234825,36.0465729367807,5,Saturated / potentially underprovided
E01002730,1,0.0780077160486111,37.11356564752032,4,Saturated / potentially underprovided
E01002732,6,0.0364081307838702,39.067202592210165,1,Saturated / potentially underprovided
E01002733,2,0.0755611496886574,36.75904833143727,8,Saturated / potentially underprovided
E01002734,2,0.0304779128078703,34.82981888215508,2,Saturated / potentially underprovided
E01002735,1,0.0430154320974151,56.353311056925584,6,Saturated / potentially underprovided
E01002736,1,0.0553944187229938,30.23499413326041,1,Saturated / potentially underprovided
E01002737,1,0.0632106481462191,38.20723407731161,1,Saturated / potentially underprovided
E01002738,2,0.0684322916651234,55.17585552447387,6,Saturated / potentially underprovided
E01002739,3,0.0193923611103395,51.746739245090694,7,Saturated / potentially underprovided
E01002740,8,0.0224283613033974,58.70962907524594,9,Saturated / potentially underprovided
E01002741,2,0.0218899498451003,35.30994737411195,1,Saturated / potentially underprovided
E01002742,12,0.0120349954986818,58.494308408660814,9,Apparently adequate
E01002743,10,0.0095827546291087,40.21253336205988,5,Apparently adequate
E01002744,0,,38.57435064935064,7,"Low-demand, no provision"
E01002745,1,0.0,40.836038961038945,8,Apparently adequate
E01002747,5,0.0063467206784722,41.3481075179026,8,Apparently adequate
E01002748,2,0.1124522569328703,38.858535231941474,2,Saturated / potentially underprovided
E01002749,2,0.1018925539929591,37.658966819322984,5,Saturated / potentially underprovided
E01002751,4,0.0215353491506558,34.39920788068486,1,Saturated / potentially underprovided
E01002752,3,0.0500734953690843,41.561431640574085,5,Saturated / potentially underprovided
E01002753,0,,32.41753246753245,3,"Low-demand, no provision"
E01002754,9,0.0183893532802997,52.33562402768365,6,Saturated / potentially underprovided
E01002755,1,0.0279436728385416,34.87332284899324,1,Saturated / potentially underprovided
E01002756,10,0.0133522376539351,41.63594555937266,5,Apparently adequate
E01002757,7,0.014199955907738,46.38581798338026,4,Apparently adequate
E01002758,6,0.0041522633743141,34.066191558435726,1,Apparently adequate
E01002759,0,,46.615909090909085,6,"Low-demand, no provision"
E01002760,3,0.0162226080245627,38.30631324404275,2,Saturated / potentially underprovided
E01002762,8,0.0285414617077787,45.490919506389744,7,Saturated / potentially underprovided
E01002763,2,0.0302613811702353,23.30130123776577,4,Saturated / potentially underprovided
E01002764,1,0.0340827546284722,40.278866257395386,3,Saturated / potentially underprovided
E01002765,1,0.0536996527762345,48.5895805143363,3,Saturated / potentially underprovided
E01002766,1,0.1480970292926312,51.78849499049125,3,Saturated / potentially underprovided
E01002767,1,0.1087327031796553,44.30107105503488,4,Saturated / potentially underprovided
E01002768,2,0.003996913580054,39.23313523628393,4,Apparently adequate
E01002769,19,0.0066358024688007,56.4114781745844,7,Apparently adequate
E01002770,3,0.0225736025365655,41.11542692796372,7,Saturated / potentially underprovided
E01002771,1,0.0174016203692129,35.28269541392089,5,Saturated / potentially underprovided
E01002772,1,0.0488936149682677,36.243020445778534,5,Saturated / potentially underprovided
E01002773,1,0.0610054012326388,31.32894032957867,3,Saturated / potentially underprovided
E01002774,0,,50.00844155844154,5,"Low-demand, no provision"
E01002775,9,0.0188645833326688,28.80442649145848,7,Saturated / potentially underprovided
E01002776,4,0.016486786264998,39.59348043773109,4,Saturated / potentially underprovided
E01002777,20,0.0050106192127411,39.90414241713132,5,Apparently adequate
E01002778,1,0.0386884645052083,34.06324861502518,2,Saturated / potentially underprovided
E01002779,2,0.0103469007197145,40.87771710593717,6,Apparently adequate
E01002780,0,,34.55357142857142,5,"Low-demand, no provision"
E01002781,2,0.0107306616505594,30.098443362314164,5,Apparently adequate
E01002782,2,0.0090630787035108,30.048784582989377,1,Apparently adequate
E01002783,0,,32.92012987012986,2,"Low-demand, no provision"
E01002784,5,0.0175768132708333,38.61307547864136,2,Saturated / potentially underprovided
E01002785,25,0.0094823148144135,53.526816481039305,8,Apparently adequate
E01002786,5,0.0118642361107253,40.04912652697335,2,Apparently adequate
E01002787,1,0.0157798996909722,29.738275758128125,4,Apparently adequate
E01002788,7,0.004930031966132,49.87617835600738,7,Apparently adequate
E01002789,14,0.0126702904536761,62.09378583568813,8,Apparently adequate
E01002790,2,0.0111114004623842,35.19160097992438,2,Apparently adequate
E01002791,2,0.0081599151234567,42.56267859848483,7,Apparently adequate
E01002792,13,0.0141128027061669,44.21564745539235,7,Apparently adequate
E01002793,6,0.0503965727867476,34.97513653316391,3,Saturated / potentially underprovided
E01002794,8,0.0043172743053144,42.779024729849695,7,Apparently adequate
E01002795,5,0.0182455246911265,42.09288147410657,5,Saturated / potentially underprovided
E01002796,9,0.0148319401573859,28.81793219157314,5,Apparently adequate
E01002797,1,0.0222037037033179,32.623564826827504,3,Saturated / potentially underprovided
E01002798,3,0.007741126542824,59.38572652302019,7,Apparently adequate
E01002799,3,0.0095695730450102,35.8990484446307,3,Apparently adequate
E01002800,2,0.0361423611100501,31.50612879461059,5,Saturated / potentially underprovided
E01002801,0,,38.07175324675324,7,"Low-demand, no provision"
E01002802,14,0.0199245342808641,44.9816522607499,6,Saturated / potentially underprovided
E01002804,0,,34.17662337662337,2,"Low-demand, no provision"
E01002805,1,0.0108850308636188,31.1191766887448,5,Apparently adequate
E01002806,6,0.0154449588471257,48.7393798851318,5,Apparently adequate
E01002807,5,0.0112538194439429,35.069494468326745,1,Apparently adequate
E01002808,1,0.023160879628858,48.338372050829335,4,Saturated / potentially underprovided
E01002809,4,0.0429886188262924,42.06732050354994,5,Saturated / potentially underprovided
E01002810,12,0.0124997427980002,33.58606289681366,4,Apparently adequate
E01002811,0,,41.338636363636354,2,"Low-demand, no provision"
E01002812,2,0.0182731481474729,42.98964090906239,10,Saturated / potentially underprovided
E01002813,17,0.0143971722942084,64.49392307564818,10,Apparently adequate
E01002814,1,0.0,64.08116883116881,4,Apparently adequate
E01002815,2,0.0133315972214506,30.17589635245266,8,Apparently adequate
E01002816,4,0.0206786747678915,31.548912725731423,10,Saturated / potentially underprovided
E01002817,9,0.0112938528803583,56.291308257032945,10,Apparently adequate
E01002818,12,0.031688866382925,41.48193156261734,10,Saturated / potentially underprovided
E01002819,7,0.019126984125744,41.74516187378964,10,Saturated / potentially underprovided
E01002821,8,0.033552035107036,42.9853620263331,10,Saturated / potentially underprovided
E01002823,9,0.0093304612480066,38.68062369915858,4,Apparently adequate
E01002824,9,0.0222919881681027,47.39816973583428,10,Saturated / potentially underprovided
E01002825,8,0.0391186583705873,70.63544030749179,10,Saturated / potentially underprovided
E01002826,4,0.0076409143516589,39.24892223856121,10,Apparently adequate
E01002827,11,0.0161715418061167,64.60673495440173,10,Apparently adequate
E01002828,6,0.0079614197526363,45.593891233745865,9,Apparently adequate
E01002829,7,0.0196687334650848,38.94869712814943,4,Saturated / potentially underprovided
E01002830,10,0.0103236882711419,38.7186871899624,4,Apparently adequate
E01002831,9,0.0111889789089934,42.81761540270518,2,Apparently adequate
E01002832,6,0.0322328960895061,40.98500822356424,4,Saturated / potentially underprovided
E01002833,9,0.0138499228391632,35.28691489559593,8,Apparently adequate
E01002834,10,0.0094693865737654,34.627094208086,9,Apparently adequate
E01002835,10,0.016128192514728,39.57951274545191,10,Apparently adequate
E01002836,6,0.0183736175405735,37.61964722614654,9,Saturated / potentially underprovided
E01002837,5,0.0293514660486882,40.35325110928013,10,Saturated / potentially underprovided
E01002839,4,0.0187432484561149,32.25711576702407,8,Saturated / potentially underprovided
E01002840,5,0.0066983796294753,27.195564505542364,1,Apparently adequate
E01002841,17,0.0275544662303013,44.156150592027686,5,Saturated / potentially underprovided
E01002842,0,,18.21915584415584,1,"Low-demand, no provision"
E01002843,3,0.0371093749992283,32.31740564120972,1,Saturated / potentially underprovided
E01002844,8,0.0084327739192708,47.89597297582936,9,Apparently adequate
E01002845,3,0.0063168724278549,35.65694336218879,6,Apparently adequate
E01002846,6,0.0057357681752722,27.295929978346532,6,Apparently adequate
E01002847,8,0.0114156539350887,31.770930038383053,8,Apparently adequate
E01002848,9,0.0056179483878386,25.52375892768535,6,Apparently adequate
E01002849,8,0.0400314911252893,38.02767092079762,9,Saturated / potentially underprovided
E01002850,3,0.0268697916657021,34.19176346892079,8,Saturated / potentially underprovided
E01002851,8,0.0252433931320891,25.248948654498435,2,Saturated / potentially underprovided
E01002852,3,0.0509073431054526,43.97125980952686,2,Saturated / potentially underprovided
E01002853,2,0.0183167438263888,31.22000437858383,3,Saturated / potentially underprovided
E01002854,4,0.0375097415118634,23.856323832341452,1,Saturated / potentially underprovided
E01002855,2,0.0383260030853587,36.66066164205307,1,Saturated / potentially underprovided
E01002856,9,0.0275076731813914,33.567474699841426,3,Saturated / potentially underprovided
E01002857,3,0.0347038323041409,28.47216035690677,1,Saturated / potentially underprovided
E01002858,6,0.0123191229419367,26.965814974885788,6,Apparently adequate
E01002859,14,0.01861331569596,44.53985938463282,10,Saturated / potentially underprovided
E01002860,17,0.0225749024138185,53.19315120614842,10,Saturated / potentially underprovided
E01002861,6,0.0213974086929012,42.86486566650227,9,Saturated / potentially underprovided
E01002862,3,0.0295651363162294,26.390294929186258,4,Saturated / potentially underprovided
E01002863,11,0.0192602237647131,46.36111746366678,10,Saturated / potentially underprovided
E01002864,11,0.0216637380746527,60.33455107740212,10,Saturated / potentially underprovided
E01002865,14,0.0026882164901895,57.324141104115256,10,Apparently adequate
E01002866,11,0.0399849712393144,52.269374528521375,8,Saturated / potentially underprovided
E01002867,7,0.0247783840376433,50.21746802039007,5,Saturated / potentially underprovided
E01002868,13,0.0106119420698747,65.5230908882524,10,Apparently adequate
E01002869,8,0.0108047598378906,46.230534061312966,7,Apparently adequate
E01002870,7,0.0352199900782352,35.51039843238817,2,Saturated / potentially underprovided
E01002871,19,0.0178549890346816,73.53837059576054,10,Saturated / potentially underprovided
E01002872,7,0.008649029981757,39.79513403419581,2,Apparently adequate
E01002873,11,0.016247650111795,51.58710636353211,8,Saturated / potentially underprovided
E01002874,11,0.0259788860817901,40.60777795707811,6,Saturated / potentially underprovided
E01002875,21,0.0196110376242926,59.95710152284459,9,Saturated / potentially underprovided
E01002876,10,0.0315724729931134,73.10365601794183,8,Saturated / potentially underprovided
E01002877,7,0.016658895502177,61.18867189478085,3,Saturated / potentially underprovided
E01002878,6,0.0076262860079089,38.10888414876728,4,Apparently adequate
E01002879,4,0.0183547935948109,39.66624174921086,4,Saturated / potentially underprovided
E01002880,3,0.0235641718097993,24.69315331888159,1,Saturated / potentially underprovided
E01002881,9,0.0149404578185013,34.04960472919737,2,Apparently adequate
E01002882,10,0.0212305748449266,38.23845366057337,7,Saturated / potentially underprovided
E01002883,9,0.0159818029830461,50.04172189601948,10,Apparently adequate
E01002884,4,0.0099166184409239,26.26734103463765,9,Apparently adequate
E01002885,4,0.0167693865734953,29.895000684844984,8,Saturated / potentially underprovided
E01002886,9,0.0097962534289051,51.640259117316035,9,Apparently adequate
E01002887,6,0.0286305298340406,30.243741402828256,10,Saturated / potentially underprovided
E01002888,5,0.0156453703700617,40.70924282736856,10,Apparently adequate
E01002889,9,0.0094715792174211,47.56479316036631,10,Apparently adequate
E01002890,13,0.020125148384786,64.34538736276164,10,Saturated / potentially underprovided
E01002891,10,0.0114813753851562,42.829996589726186,10,Apparently adequate
E01002892,11,0.022468504488724,40.34036614560413,10,Saturated / potentially underprovided
E01002893,6,0.03719457304411,42.354917995007426,6,Saturated / potentially underprovided
E01002894,3,0.0079616769547325,31.535782817009373,8,Apparently adequate
E01002896,8,0.0284520238545283,60.86465894549735,10,Saturated / potentially underprovided
E01002897,2,0.0192759452154706,42.77583445670819,8,Saturated / potentially underprovided
E01002898,13,0.0121741156214981,56.84902210624912,10,Apparently adequate
E01002899,9,0.0078286501195451,38.49643669781306,4,Apparently adequate
E01002900,5,0.0086768287027391,69.32655493222533,10,Apparently adequate
E01002901,9,0.0205039437576731,36.03140986097911,9,Saturated / potentially underprovided
E01002902,7,0.0059708994705136,42.470262337646034,8,Apparently adequate
E01002903,12,0.0049383037548868,68.69079584834701,10,Apparently adequate
E01002904,3,0.0613101851840277,36.27199848480892,1,Saturated / potentially underprovided
E01002905,9,0.0255819830238983,44.45798002059602,2,Saturated / potentially underprovided
E01002906,10,0.0233455246906828,53.104655375596266,4,Saturated / potentially underprovided
E01002907,1,0.0241741898139467,31.785645009780943,1,Saturated / potentially underprovided
E01002908,7,0.005272431657738,49.89317216407795,6,Apparently adequate
E01002909,15,0.0266423739703317,65.14345855743237,6,Saturated / potentially underprovided
E01002910,14,0.0169085280712999,51.49288017744415,8,Saturated / potentially underprovided
E01002911,11,0.0071893062564709,62.01081433292679,10,Apparently adequate
E01002912,10,0.0272170621132233,44.01258247918692,9,Saturated / potentially underprovided
E01002913,4,0.0335117187485532,64.15087771652951,7,Saturated / potentially underprovided
E01002914,15,0.0152606095674125,49.113231987823575,10,Apparently adequate
E01002915,0,,93.86006493506493,8,True desert
E01002916,0,,92.47792207792206,10,True desert
E01002917,0,,95.74480519480518,10,True desert
E01002918,0,,102.40422077922076,6,True desert
E01002919,2,0.0,101.52467532467531,4,Apparently adequate
E01002920,0,,100.14253246753243,10,True desert
E01002921,5,0.0229866512342592,74.29473768441119,7,Saturated / potentially underprovided
E01002922,1,0.0025474537037037,101.15345755208332,8,Apparently adequate
E01002923,1,0.0821755401219135,75.7378822250453,3,Saturated / potentially underprovided
E01002924,0,,97.7551948051948,10,True desert
E01002925,8,0.0176349344132908,86.30898887730905,8,Saturated / potentially underprovided
E01002926,1,0.0163861882708333,96.54744801129031,10,Saturated / potentially underprovided
E01002927,2,0.0137708333329475,85.4717430803246,8,Apparently adequate
E01002928,3,0.0428244598759002,86.873033356954,6,Saturated / potentially underprovided
E01002929,3,0.0239587191354166,98.68202683189824,10,Saturated / potentially underprovided
E01002930,9,0.019650684440372,85.32688529513972,7,Saturated / potentially underprovided
E01002931,7,0.0141370701057649,95.69667391049646,9,Apparently adequate
E01002932,0,,77.9025974025974,4,True desert
E01002933,11,0.0115316884116863,89.09590816692891,6,Apparently adequate
E01002934,4,0.02829938271576,100.7800167748634,9,Saturated / potentially underprovided
E01002935,7,0.0233676146380437,84.73782885194291,8,Saturated / potentially underprovided
E01002937,25,0.0097147839504243,83.48046456942848,10,Apparently adequate
E01002938,9,0.0087586162550154,100.13239342456032,9,Apparently adequate
E01002939,4,0.0159908371890914,98.16945490908608,6,Apparently adequate
E01002940,5,0.0199791666665123,97.91402605517996,7,Saturated / potentially underprovided
E01002941,2,0.0519666280861625,110.36940130938406,9,Saturated / potentially underprovided
E01002942,0,,90.46753246753244,9,True desert
E01002943,6,0.0246712319954346,92.82822722402274,7,Saturated / potentially underprovided
E01002944,3,0.0023140432098765,84.37987281295091,7,Apparently adequate
E01002945,0,,104.03766233766233,9,True desert
E01002946,0,,108.68668831168829,9,True desert
E01002947,0,,115.09480519480516,9,True desert
E01002948,0,,144.37110389610385,7,True desert
E01002949,1,0.0,122.38246753246749,8,Apparently adequate
E01002950,7,0.003191192680776,99.95790529642726,5,Apparently adequate
E01002951,2,0.0118630401230709,77.80963956977548,9,Apparently adequate
E01002952,0,,101.39902597402596,10,True desert
E01002953,0,,87.45194805194804,10,True desert
E01002954,0,,51.51623376623376,5,"Low-demand, no provision"
E01002955,0,,85.94415584415583,7,True desert
E01002956,4,0.0055260416665702,83.134150781242,9,Apparently adequate
E01002957,0,,61.316883116883105,4,"Low-demand, no provision"
E01002958,11,0.0258048014866547,92.6731374766448,9,Saturated / potentially underprovided
E01002959,0,,94.86525974025972,10,True desert
E01002960,6,0.0323061985564879,89.1098106181866,10,Saturated / potentially underprovided
E01002961,4,0.0014666280864197,105.07108231590458,9,Apparently adequate
E01002962,0,,82.80292207792208,5,True desert
E01002963,2,0.0331003086415895,81.51966448409654,7,Saturated / potentially underprovided
E01002964,7,0.0215777116397156,81.63732640302158,6,Saturated / potentially underprovided
E01002965,4,0.0099449266973861,108.6254791418495,8,Apparently adequate
E01002966,8,0.0301497878077739,96.43105067266178,9,Saturated / potentially underprovided
E01002967,6,0.0108183942040037,97.28864493981273,10,Apparently adequate
E01002968,1,0.0039027777777777,97.50601294642856,8,Apparently adequate
E01002969,5,0.0060649691358024,55.115374796176035,2,Apparently adequate
E01002970,5,0.0,75.51525974025972,4,Apparently adequate
E01002971,6,0.0229195601846707,82.90132013490147,7,Saturated / potentially underprovided
E01002972,2,0.0,71.11753246753246,6,Apparently adequate
E01002973,1,0.0079857253082561,66.23938921692088,3,Apparently adequate
E01002974,10,0.0077641975307098,81.03994689753448,7,Apparently adequate
E01002975,1,0.0145237268512731,89.99681873303847,7,Apparently adequate
E01002976,0,,103.91201298701296,9,True desert
E01002977,2,0.0,91.72402597402596,5,Apparently adequate
E01002978,1,0.0130449459868827,123.34249801296066,9,Apparently adequate
E01002979,0,,99.5142857142857,8,True desert
E01002980,0,,91.22142857142856,9,True desert
E01002981,0,,101.02207792207788,8,True desert
E01002982,0,,90.71883116883116,8,True desert
E01002983,0,,112.20487012987012,10,True desert
E01002984,3,0.0127316100823045,78.63992475874818,6,Apparently adequate
E01002985,4,0.0070442708331404,78.83096777342237,5,Apparently adequate
E01002986,2,0.0488952546253858,84.34752489143361,7,Saturated / potentially underprovided
E01002987,3,0.0164293552806927,77.90534996789386,7,Saturated / potentially underprovided
E01002988,2,0.0,65.33766233766232,9,Apparently adequate
E01002989,8,0.0026184413580246,98.26311776244587,10,Apparently adequate
E01002990,6,0.013549125513921,83.67012568313116,9,Apparently adequate
E01002991,4,0.1284077932086227,92.4429766277833,10,Saturated / potentially underprovided
E01002992,4,0.0053529128086419,59.87659987655571,9,Apparently adequate
E01002993,3,0.0167438271602366,74.35236336578205,8,Saturated / potentially underprovided
E01002994,0,,90.84448051948053,9,True desert
E01002995,0,,92.3522727272727,10,True desert
E01002996,4,0.0112269483023726,86.65492641988257,9,Apparently adequate
E01002997,1,0.0138848379625771,92.105841411288,10,Apparently adequate
E01002998,5,0.0229641203699074,78.40621425185842,6,Saturated / potentially underprovided
E01002999,2,0.0066552854938271,67.79627246121932,7,Apparently adequate
E01003000,2,0.0440418595671296,112.42398672148524,6,Saturated / potentially underprovided
E01003001,0,,110.4457792207792,7,True desert
E01003002,1,0.0034706790119598,101.49877856688016,5,Apparently adequate
E01003003,3,0.0134107081615226,86.84205904152704,6,Apparently adequate
E01003004,4,0.0189174864950327,99.09237210056789,7,Saturated / potentially underprovided
E01003005,0,,106.29935064935064,9,True desert
E01003006,1,0.0,83.93376623376622,9,Apparently adequate
E01003007,2,0.0072336033948688,90.86882222107748,9,Apparently adequate
E01003008,6,0.006635223765432,79.17839694151331,10,Apparently adequate
E01003009,4,0.0198092206786265,111.48037873710608,8,Saturated / potentially underprovided
E01003010,1,0.0,83.80811688311687,10,Apparently adequate
E01003011,12,0.0307833504795739,88.33077039788178,10,Saturated / potentially underprovided
E01003013,3,0.0004245113166152,23.506403071257175,10,Apparently adequate
E01003014,6,0.0363338477354681,27.34508175501996,5,Saturated / potentially underprovided
E01003015,2,0.0393809799378858,36.567312657814696,4,Saturated / potentially underprovided
E01003016,2,0.0378501157391975,21.12564128446534,8,Saturated / potentially underprovided
E01003017,6,0.038121656377572,34.56641768500061,6,Saturated / potentially underprovided
E01003018,14,0.007895461309386,49.516791402257255,8,Apparently adequate
E01003019,4,0.017108989197145,61.21576125144232,8,Saturated / potentially underprovided
E01003020,7,0.0080723655200617,39.89904601257243,5,Apparently adequate
E01003021,5,0.0089269290121656,40.947037355016136,6,Apparently adequate
E01003022,7,0.0289280478387621,51.71365643033778,6,Saturated / potentially underprovided
E01003023,6,0.1164350565824331,66.3521277735295,6,Saturated / potentially underprovided
E01003024,0,,39.95649350649349,4,"Low-demand, no provision"
E01003025,2,0.0121523919751157,60.66309071630335,6,Apparently adequate
E01003026,5,0.0069912808640046,49.97848121729742,9,Apparently adequate
E01003027,5,0.0549694058625385,62.964204880740624,10,Saturated / potentially underprovided
E01003028,8,0.0207869164733796,56.56319502394878,8,Saturated / potentially underprovided
E01003029,4,0.0222183641963734,54.073692020591714,7,Saturated / potentially underprovided
E01003030,3,0.0102182355960648,55.46983694343208,8,Apparently adequate
E01003031,2,0.011684510030189,35.974252994485816,6,Apparently adequate
E01003032,0,,47.36980519480519,4,"Low-demand, no provision"
E01003033,6,0.0496916795250128,64.62760817802861,8,Saturated / potentially underprovided
E01003034,3,0.040597222221965,47.20088185875456,5,Saturated / potentially underprovided
E01003035,1,0.0551134259255401,39.772295048686736,7,Saturated / potentially underprovided
E01003036,8,0.0221727671675588,50.60352571174514,8,Saturated / potentially underprovided
E01003037,2,0.0499951774673996,31.92735336056228,4,Saturated / potentially underprovided
E01003038,7,0.0103387345675705,61.443028472202094,10,Apparently adequate
E01003039,6,0.0322695794744941,69.00252925341775,10,Saturated / potentially underprovided
E01003040,4,0.0099826388886959,41.3705940543752,8,Apparently adequate
E01003041,1,0.040850694443287,28.379740411900254,4,Saturated / potentially underprovided
E01003042,1,0.0,24.501623376623368,5,Apparently adequate
E01003043,5,0.0368678240734953,48.07397268869069,7,Saturated / potentially underprovided
E01003044,1,0.0380540123441358,34.30330371116832,2,Saturated / potentially underprovided
E01003045,1,0.1277793209861111,49.171544557111645,2,Saturated / potentially underprovided
E01003046,3,0.0861893004095936,39.30594632027651,2,Saturated / potentially underprovided
E01003047,5,0.0415989969125,31.802925736574142,4,Saturated / potentially underprovided
E01003048,4,0.0392355324063464,39.0432016757583,2,Saturated / potentially underprovided
E01003049,3,0.0251057098752572,38.12594457065923,2,Saturated / potentially underprovided
E01003050,1,0.0388885030837191,35.636236766005844,6,Saturated / potentially underprovided
E01003051,7,0.0255278604493496,43.682492401276455,5,Saturated / potentially underprovided
E01003052,3,0.0514675925896347,48.61876904748227,3,Saturated / potentially underprovided
E01003053,6,0.0190486432608989,46.09540811010014,8,Saturated / potentially underprovided
E01003054,5,0.026898225308179,48.90202707812549,9,Saturated / potentially underprovided
E01003055,2,0.0106479552463348,37.4612414969798,5,Apparently adequate
E01003056,3,0.0536499485586419,42.89449991878928,7,Saturated / potentially underprovided
E01003057,2,0.1117334104897762,43.44314872932401,4,Saturated / potentially underprovided
E01003058,6,0.1026081854413258,52.3688769530746,7,Saturated / potentially underprovided
E01003059,2,0.0566554783942901,42.88408813466384,5,Saturated / potentially underprovided
E01003060,1,0.0944510030829475,31.90395742233745,2,Saturated / potentially underprovided
E01003061,2,0.0122391975308641,22.384946825396817,5,Apparently adequate
E01003062,8,0.018855951002797,60.93684819679454,5,Saturated / potentially underprovided
E01003063,1,0.0339135802445987,41.18165068533347,2,Saturated / potentially underprovided
E01003064,6,0.0351368312753343,61.65046430372881,8,Saturated / potentially underprovided
E01003065,4,0.0538766878851273,52.70273075590734,2,Saturated / potentially underprovided
E01003066,2,0.1015028935161072,67.54072417463568,3,Saturated / potentially underprovided
E01003067,10,0.0108517939810956,58.42592089756968,7,Apparently adequate
E01003068,2,0.0813535879610339,59.64753412969607,5,Saturated / potentially underprovided
E01003069,3,0.0012737911521347,52.08509229571841,4,Apparently adequate
E01003070,3,0.0623514660484825,52.592606116928735,2,Saturated / potentially underprovided
E01003071,7,0.0183523203259204,68.07222373960447,8,Saturated / potentially underprovided
E01003072,5,0.0097498842586033,65.08657606225478,9,Apparently adequate
E01003073,11,0.0195388432937184,45.861372916549186,3,Saturated / potentially underprovided
E01003074,5,0.0082524691351466,64.7366829671296,7,Apparently adequate
E01003075,3,0.012663708847608,34.73666672190213,1,Apparently adequate
E01003076,7,0.0506942790989858,60.20068857829746,7,Saturated / potentially underprovided
E01003077,9,0.0490456247137059,44.94785842746545,6,Saturated / potentially underprovided
E01003078,8,0.0164856770831163,61.05052579899263,9,Saturated / potentially underprovided
E01003079,3,0.0091715749311556,56.299978369243696,5,Apparently adequate
E01003080,5,0.0428145640424961,67.34889202928741,6,Saturated / potentially underprovided
E01003081,7,0.0304357087732583,55.02627051963689,4,Saturated / potentially underprovided
E01003082,3,0.0710288065821759,52.48388888878175,3,Saturated / potentially underprovided
E01003083,2,0.0451385030860339,63.82199348617771,8,Saturated / potentially underprovided
E01003084,4,0.0080153356479552,57.24872551067626,7,Apparently adequate
E01003085,8,0.0307780189037422,78.35753618702195,7,Saturated / potentially underprovided
E01003086,1,0.0511616512334104,59.0387671705248,2,Saturated / potentially underprovided
E01003087,0,,41.589935064935055,1,"Low-demand, no provision"
E01003088,3,0.0302118055551697,36.633060765002504,4,Saturated / potentially underprovided
E01003089,3,0.0233600180037937,38.18960295757728,4,Saturated / potentially underprovided
E01003090,3,0.0170138888883744,60.44331473211226,7,Saturated / potentially underprovided
E01003091,3,0.0389131944437371,40.85863446628711,5,Saturated / potentially underprovided
E01003092,6,0.056876800410751,49.26727284823843,4,Saturated / potentially underprovided
E01003093,1,0.0638908179000771,43.71244127092103,2,Saturated / potentially underprovided
E01003094,3,0.0690046296280864,37.340887039989376,6,Saturated / potentially underprovided
E01003095,5,0.0335033950609567,54.15121571153964,8,Saturated / potentially underprovided
E01003096,8,0.0285156732247299,46.39440520393876,8,Saturated / potentially underprovided
E01003097,4,0.0311375385795717,32.13131701386785,4,Saturated / potentially underprovided
E01003098,4,0.0161746720674189,39.83668655977546,6,Saturated / potentially underprovided
E01003099,1,0.0274934413568672,36.149087436827955,5,Saturated / potentially underprovided
E01003100,4,0.1125248842558834,39.839588347078774,9,Saturated / potentially underprovided
E01003101,4,0.0511784336339216,29.982134485813752,3,Saturated / potentially underprovided
E01003102,3,0.0588173868175797,35.92072361966522,6,Saturated / potentially underprovided
E01003104,3,0.0355949074067644,35.13289346588726,6,Saturated / potentially underprovided
E01003105,7,0.0358748897701352,33.71066487867855,3,Saturated / potentially underprovided
E01003106,4,0.068635030863233,55.58914525157319,5,Saturated / potentially underprovided
E01003107,6,0.0591105967070473,49.63755641079836,7,Saturated / potentially underprovided
E01003108,0,,28.01980519480519,3,"Low-demand, no provision"
E01003110,9,0.0267886231130401,53.154313384297254,7,Saturated / potentially underprovided
E01003111,0,,35.55876623376622,2,"Low-demand, no provision"
E01003112,4,0.0569114101071084,39.5744692474066,3,Saturated / potentially underprovided
E01003113,3,0.0618778292156635,63.77679614132749,4,Saturated / potentially underprovided
E01003114,7,0.0479589947080577,79.26857104971265,6,Saturated / potentially underprovided
E01003115,1,0.1713433641871141,58.28269910662454,6,Saturated / potentially underprovided
E01003116,1,0.0231512345667438,82.2773044732114,8,Saturated / potentially underprovided
E01003117,6,0.0403823302451131,58.56406717161582,6,Saturated / potentially underprovided
E01003118,4,0.0053663676695601,62.9091683686635,5,Apparently adequate
E01003119,10,0.0188092399677662,60.03796541619138,6,Saturated / potentially underprovided
E01003120,5,0.0636080246891975,53.991229689645,3,Saturated / potentially underprovided
E01003121,0,,30.7840909090909,2,"Low-demand, no provision"
E01003122,2,0.0353225308634259,43.70943484845227,5,Saturated / potentially underprovided
E01003123,4,0.0292457079458912,46.6859838051937,8,Saturated / potentially underprovided
E01003124,2,0.0,27.89415584415584,5,Apparently adequate
E01003125,1,0.0252361111107253,32.59152366070201,2,Saturated / potentially underprovided
E01003126,2,0.0331203703699845,29.46707513527037,5,Saturated / potentially underprovided
E01003127,8,0.0215280791847993,49.031357811105714,7,Saturated / potentially underprovided
E01003128,0,,31.914935064935054,3,"Low-demand, no provision"
E01003129,4,0.0237559799379822,40.77706489052328,6,Saturated / potentially underprovided
E01003130,3,0.0804694573027906,59.32724485376318,6,Saturated / potentially underprovided
E01003131,2,0.1033572530852623,80.68622322772919,8,Saturated / potentially underprovided
E01003132,0,,38.19740259740259,3,"Low-demand, no provision"
E01003133,4,0.0469040316345486,60.64123622461846,5,Saturated / potentially underprovided
E01003134,3,0.0297364969130658,60.16436081233465,7,Saturated / potentially underprovided
E01003135,3,0.0580658436198559,58.894761784425874,6,Saturated / potentially underprovided
E01003136,4,0.0361038773130787,48.55929571234421,7,Saturated / potentially underprovided
E01003137,1,0.3869818672253086,53.32765151966085,2,Saturated / potentially underprovided
E01003138,4,0.1047752700592206,58.85726120567446,9,Saturated / potentially underprovided
E01003139,2,0.0434868827152777,61.09886733851901,5,Saturated / potentially underprovided
E01003140,1,0.0460613425918209,62.03823022181569,6,Saturated / potentially underprovided
E01003141,9,0.0407008744816958,66.0355114949124,4,Saturated / potentially underprovided
E01003142,1,0.072873456787037,59.98860466252582,6,Saturated / potentially underprovided
E01003143,2,0.1383505015416666,57.49926653468936,3,Saturated / potentially underprovided
E01003144,5,0.045192438270679,76.82673443580855,9,Saturated / potentially underprovided
E01003145,2,0.0784488811711034,53.254015839673464,5,Saturated / potentially underprovided
E01003146,1,0.0460077160482253,49.94347231235454,5,Saturated / potentially underprovided
E01003147,4,0.0392004243814621,69.59639959012614,6,Saturated / potentially underprovided
E01003148,2,0.0485497685177469,67.98279232949541,6,Saturated / potentially underprovided
E01003149,2,0.0450223765418595,80.35950641223383,8,Saturated / potentially underprovided
E01003150,1,0.1261315586373456,63.24947149257006,3,Saturated / potentially underprovided
E01003151,3,0.0966795910466177,54.70544015870495,2,Saturated / potentially underprovided
E01003152,1,0.0106489197527006,72.76376902729905,8,Apparently adequate
E01003153,1,0.1252380401207561,61.078505356996246,7,Saturated / potentially underprovided
E01003154,2,0.0184207175914351,68.4606874914671,4,Saturated / potentially underprovided
E01003155,3,0.0564906121383744,66.10818497239619,7,Saturated / potentially underprovided
E01003156,3,0.0155452353389274,55.76233592704027,8,Apparently adequate
E01003157,3,0.0,54.15487012987012,8,Apparently adequate
E01003158,3,0.0458325617273662,63.60156021819138,9,Saturated / potentially underprovided
E01003159,1,0.0,50.76233766233765,6,Apparently adequate
E01003160,0,,33.674025974025966,5,"Low-demand, no provision"
E01003161,5,0.0175879629625771,45.262180438294514,8,Saturated / potentially underprovided
E01003162,1,0.008912037037037,40.94643296807357,4,Apparently adequate
E01003163,3,0.0131152263369341,65.0489051346471,8,Apparently adequate
E01003164,4,0.0248196373451003,62.83874591897605,5,Saturated / potentially underprovided
E01003165,3,0.012880144031893,64.52474031829664,6,Apparently adequate
E01003166,3,0.0698299897107767,83.61138186468827,6,Saturated / potentially underprovided
E01003167,4,0.0353254243814621,81.4350675199681,9,Saturated / potentially underprovided
E01003168,0,,49.3801948051948,2,"Low-demand, no provision"
E01003169,4,0.0520789930546874,72.44178718541099,6,Saturated / potentially underprovided
E01003170,6,0.1297270447517361,84.88578281127117,9,Saturated / potentially underprovided
E01003171,7,0.0196755952378196,47.91746957906867,6,Saturated / potentially underprovided
E01003172,1,0.0,46.11331168831168,4,Apparently adequate
E01003173,7,0.0327089395933642,50.865609406516775,8,Saturated / potentially underprovided
E01003174,3,0.0784800668695987,52.84902483526898,2,Saturated / potentially underprovided
E01003175,1,0.0556774691354166,50.40517162696569,3,Saturated / potentially underprovided
E01003176,3,0.0766401748946759,36.79592576951725,3,Saturated / potentially underprovided
E01003177,7,0.0078259479709821,36.47021066787459,6,Apparently adequate
E01003178,9,0.0048357553154792,45.957533499928864,7,Apparently adequate
E01003179,2,0.0,36.06136363636362,2,Apparently adequate
E01003180,4,0.0238645833326903,42.582461536093376,5,Saturated / potentially underprovided
E01003181,2,0.0319438657397762,34.231052232110855,4,Saturated / potentially underprovided
E01003182,6,0.0628554526736754,48.74469057383766,4,Saturated / potentially underprovided
E01003183,2,0.0950501543186728,45.4054724701421,3,Saturated / potentially underprovided
E01003184,0,,25.50681818181817,3,"Low-demand, no provision"
E01003185,2,0.0541034915105131,39.46933092920175,6,Saturated / potentially underprovided
E01003186,5,0.0323342978391589,68.74743111356814,7,Saturated / potentially underprovided
E01003187,2,0.201038001537037,67.60752095924848,3,Saturated / potentially underprovided
E01003188,2,0.1112862654290123,37.98001215718166,3,Saturated / potentially underprovided
E01003189,0,,60.93993506493505,1,"Low-demand, no provision"
E01003190,1,0.0318763503078703,78.7003381735297,2,Saturated / potentially underprovided
E01003191,0,,67.09675324675324,3,"Low-demand, no provision"
E01003192,2,0.046509259257716,56.6735730248082,1,Saturated / potentially underprovided
E01003193,1,0.0601932870347222,79.12828325875579,5,Saturated / potentially underprovided
E01003194,0,,63.57857142857141,2,"Low-demand, no provision"
E01003195,1,0.0956358024656635,77.78124882731481,6,Saturated / potentially underprovided
E01003196,0,,63.70422077922077,2,"Low-demand, no provision"
E01003197,0,,62.32207792207791,1,"Low-demand, no provision"
E01003198,2,0.0194749228385416,52.519508443763435,7,Saturated / potentially underprovided
E01003199,2,0.0051597222216435,75.52600450482663,8,Apparently adequate
E01003200,1,0.0869984567881944,68.29032512614141,9,Saturated / potentially underprovided
E01003201,1,0.1178665123410493,61.942507812243456,5,Saturated / potentially underprovided
E01003202,1,0.0001956018518518,73.14222603490259,9,Apparently adequate
E01003203,1,0.0124120370366512,51.26519276242633,4,Apparently adequate
E01003204,1,0.0407349537017746,56.62240159959741,5,Saturated / potentially underprovided
E01003205,0,,31.161038961038955,3,"Low-demand, no provision"
E01003206,0,,60.3116883116883,8,"Low-demand, no provision"
E01003207,0,,45.35941558441557,4,"Low-demand, no provision"
E01003209,1,0.1457939814799382,46.06984632028426,5,Saturated / potentially underprovided
E01003210,1,0.1601865354625771,57.72756718594509,7,Saturated / potentially underprovided
E01003211,0,,48.626298701298694,6,"Low-demand, no provision"
E01003212,0,,64.3324675324675,7,"Low-demand, no provision"
E01003213,2,0.0486280864180169,66.27499737994076,7,Saturated / potentially underprovided
E01003214,0,,57.79870129870129,5,"Low-demand, no provision"
E01003215,0,,32.41753246753246,7,"Low-demand, no provision"
E01003216,1,0.1973846450586419,83.95143654604982,5,Saturated / potentially underprovided
E01003217,0,,76.01785714285712,7,True desert
E01003218,0,,71.36883116883115,6,True desert
E01003219,1,0.0164432870364583,85.95249043893914,6,Saturated / potentially underprovided
E01003220,0,,60.18603896103895,5,"Low-demand, no provision"
E01003221,0,,78.15389610389609,5,True desert
E01003222,1,0.0323919753074845,76.53443497466166,6,Saturated / potentially underprovided
E01003223,0,,86.82370129870127,6,True desert
E01003224,0,,66.34285714285713,5,"Low-demand, no provision"
E01003225,0,,67.09675324675324,9,"Low-demand, no provision"
E01003226,2,0.1358381558599536,71.92953267018576,8,Saturated / potentially underprovided
E01003227,0,,67.22240259740259,9,"Low-demand, no provision"
E01003228,3,0.0400713734556327,59.06930030206268,8,Saturated / potentially underprovided
E01003229,1,0.1326666666612654,55.93130064908393,3,Saturated / potentially underprovided
E01003230,0,,76.89740259740259,5,True desert
E01003231,0,,47.62110389610389,7,"Low-demand, no provision"
E01003232,3,0.1103105709846965,77.14892065162528,9,Saturated / potentially underprovided
E01003233,2,0.1259782021577932,73.85174043204688,8,Saturated / potentially underprovided
E01003235,10,0.031840462960108,70.39999569055195,5,Saturated / potentially underprovided
E01003236,1,0.113718364197145,67.17023484846158,3,Saturated / potentially underprovided
E01003237,0,,68.35324675324674,3,True desert
E01003238,0,,60.8142857142857,3,"Low-demand, no provision"
E01003239,0,,63.327272727272714,3,"Low-demand, no provision"
E01003240,0,,77.52564935064933,3,True desert
E01003241,0,,68.2275974025974,4,True desert
E01003243,0,,63.327272727272714,3,"Low-demand, no provision"
E01003244,0,,41.96688311688311,3,"Low-demand, no provision"
E01003245,0,,45.73636363636363,2,"Low-demand, no provision"
E01003246,2,0.1232455632671682,68.7327818387662,4,Saturated / potentially underprovided
E01003247,1,0.0463630401224922,53.24730879662298,7,Saturated / potentially underprovided
E01003248,2,0.2155507330212191,55.28940402333593,3,Saturated / potentially underprovided
E01003249,1,0.0655991512328317,61.85803072906587,5,Saturated / potentially underprovided
E01003251,0,,38.7,2,"Low-demand, no provision"
E01003252,0,,38.32305194805194,1,"Low-demand, no provision"
E01003253,0,,33.674025974025966,3,"Low-demand, no provision"
E01003254,3,0.0184571759250257,66.67157954877763,8,Saturated / potentially underprovided
E01003255,1,0.0271211419747299,63.62515253198073,6,Saturated / potentially underprovided
E01003256,2,0.2931259645021219,90.82656470085634,3,Saturated / potentially underprovided
E01003257,0,,54.90876623376622,5,"Low-demand, no provision"
E01003258,0,,49.50584415584415,2,"Low-demand, no provision"
E01003259,0,,59.43214285714284,5,"Low-demand, no provision"
E01003260,1,0.0533051697507716,73.5849935018224,8,Saturated / potentially underprovided
E01003261,0,,64.08116883116881,8,"Low-demand, no provision"
E01003262,0,,56.41655844155843,7,"Low-demand, no provision"
E01003263,0,,76.14350649350648,4,True desert
E01003264,0,,72.62532467532466,5,True desert
E01003265,1,0.0635814043190586,61.07270895664426,3,Saturated / potentially underprovided
E01003266,0,,67.85064935064933,3,"Low-demand, no provision"
E01003267,0,,74.88701298701297,3,True desert
E01003268,1,0.0394475308626543,79.27778572318675,6,Saturated / potentially underprovided
E01003269,1,0.035444444441358,76.24031233743507,5,Saturated / potentially underprovided
E01003270,0,,86.19545454545454,8,True desert
E01003271,2,0.0239699074070216,97.26783238632696,9,Saturated / potentially underprovided
E01003272,2,0.0349212962953317,65.40870599290439,7,Saturated / potentially underprovided
E01003273,3,0.0370567772621527,58.76778530292348,7,Saturated / potentially underprovided
E01003274,2,0.0536062885781249,58.38176118596195,6,Saturated / potentially underprovided
E01003275,0,,60.43733766233765,5,"Low-demand, no provision"
E01003276,0,,68.85584415584414,8,True desert
E01003277,0,,59.934740259740245,7,"Low-demand, no provision"
E01003278,0,,57.547402597402595,6,"Low-demand, no provision"
E01003279,4,0.051432146989728,52.84470660844477,7,Saturated / potentially underprovided
E01003280,0,,68.98149350649349,4,True desert
E01003281,0,,66.84545454545453,8,"Low-demand, no provision"
E01003282,1,0.013755401234182,72.22316036929068,7,Apparently adequate
E01003283,5,0.0323078703699459,86.64548747290809,7,Saturated / potentially underprovided
E01003284,3,0.1009730795593278,74.56340181315547,7,Saturated / potentially underprovided
E01003285,1,0.0201350308634259,73.83127922072335,7,Saturated / potentially underprovided
E01003286,1,0.0635177469124228,63.340768979909406,3,Saturated / potentially underprovided
E01003287,3,0.0064192386827417,84.34610118894071,9,Apparently adequate
E01003288,1,0.0035644290119598,53.59131800705911,3,Apparently adequate
E01003290,0,,51.39058441558441,2,"Low-demand, no provision"
E01003291,2,0.018280478394483,47.21217764810629,1,Saturated / potentially underprovided
E01003292,0,,52.64707792207792,6,"Low-demand, no provision"
E01003293,2,0.0178921682094907,45.275711448170064,5,Saturated / potentially underprovided
E01003295,3,0.0334373713984053,60.51044234828935,4,Saturated / potentially underprovided
E01003297,1,0.1779313271554784,47.51002434368298,6,Saturated / potentially underprovided
E01003298,1,0.0,38.32305194805194,3,Apparently adequate
E01003299,0,,47.244155844155834,5,"Low-demand, no provision"
E01003300,0,,42.59512987012985,2,"Low-demand, no provision"
E01003301,0,,58.42694805194804,7,"Low-demand, no provision"
E01003302,0,,48.374999999999986,3,"Low-demand, no provision"
E01003303,1,0.0729872685061728,38.423743759704,2,Saturated / potentially underprovided
E01003304,0,,49.8827922077922,5,"Low-demand, no provision"
E01003305,2,0.1035684799347994,65.03278890052138,4,Saturated / potentially underprovided
E01003307,0,,65.46331168831168,7,"Low-demand, no provision"
E01003308,1,0.0935297067893518,68.01364229905913,6,Saturated / potentially underprovided
E01003309,1,0.0377899305553626,55.28859549511958,3,Saturated / potentially underprovided
E01003310,1,0.0334015376949955,48.43264459993839,4,Saturated / potentially underprovided
E01003311,1,0.0345690586412037,80.07564513882917,8,Saturated / potentially underprovided
E01003312,1,0.0058665123452932,78.48600042610624,7,Apparently adequate
E01003313,0,,47.369805194805195,2,"Low-demand, no provision"
E01003314,2,0.0725779320968364,69.40589115472727,7,Saturated / potentially underprovided
E01003315,1,0.0813722993804012,48.77866807461599,5,Saturated / potentially underprovided
E01003316,1,0.0151238425922067,61.2238327921845,7,Apparently adequate
E01003318,0,,44.98246753246752,1,"Low-demand, no provision"
E01003319,0,,47.87240259740259,2,"Low-demand, no provision"
E01003320,1,0.0113993055555555,50.07017640016233,3,Apparently adequate
E01003321,1,0.0046720679012345,57.43755879103533,3,Apparently adequate
E01003322,0,,50.3853896103896,6,"Low-demand, no provision"
E01003323,0,,53.65227272727272,5,"Low-demand, no provision"
E01003324,0,,39.07694805194804,6,"Low-demand, no provision"
E01003325,0,,50.385389610389595,3,"Low-demand, no provision"
E01003326,2,0.0671844135794753,64.36369372289717,6,Saturated / potentially underprovided
E01003327,0,,68.10194805194804,7,"Low-demand, no provision"
E01003328,1,0.0085185185181327,64.37360606058141,6,Apparently adequate
E01003329,0,,62.447727272727256,6,"Low-demand, no provision"
E01003330,1,0.1167395833317901,72.40388340087395,2,Saturated / potentially underprovided
E01003331,0,,53.02402597402597,5,"Low-demand, no provision"
E01003332,2,0.1013457754613233,60.88868787193315,4,Saturated / potentially underprovided
E01003333,1,0.0394374999992283,58.64148646505384,6,Saturated / potentially underprovided
E01003334,0,,56.16525974025973,3,"Low-demand, no provision"
E01003335,0,,52.77272727272726,2,"Low-demand, no provision"
E01003336,1,0.0198368055540123,43.18379751413919,2,Saturated / potentially underprovided
E01003337,2,0.027294367283179,41.43431732613229,1,Saturated / potentially underprovided
E01003338,1,0.0228935185173611,44.98406723479758,2,Saturated / potentially underprovided
E01003339,2,0.0138584104936342,47.389322145553734,4,Apparently adequate
E01003340,2,0.0184035493821373,51.82450659493807,8,Saturated / potentially underprovided
E01003341,3,0.0776009516451903,54.29534379316952,8,Saturated / potentially underprovided
E01003342,2,0.0233751929007523,52.2060899542052,7,Saturated / potentially underprovided
E01003343,0,,47.74675324675324,7,"Low-demand, no provision"
E01003344,0,,56.16525974025973,6,"Low-demand, no provision"
E01003345,1,0.0263287037017746,66.41313061405265,7,Saturated / potentially underprovided
E01003346,1,0.0730848765397376,83.05676944417569,3,Saturated / potentially underprovided
E01003347,0,,51.51623376623376,1,"Low-demand, no provision"
E01003348,2,0.0537884516392746,79.17988513281517,3,Saturated / potentially underprovided
E01003349,0,,59.18084415584415,3,"Low-demand, no provision"
E01003350,0,,55.537012987012965,2,"Low-demand, no provision"
E01003351,0,,70.11233766233764,1,True desert
E01003352,0,,85.81850649350648,3,True desert
E01003353,1,0.0,91.09577922077922,6,Apparently adequate
E01003354,1,0.0466851851832561,91.2716278136846,5,Saturated / potentially underprovided
E01003355,9,0.0217739626189771,60.98298658390695,9,Saturated / potentially underprovided
E01003356,15,0.0102734310694701,72.22897413694496,9,Apparently adequate
E01003357,6,0.0443119212920846,57.997964735290985,1,Saturated / potentially underprovided
E01003358,10,0.0368008230441872,67.61186873730328,9,Saturated / potentially underprovided
E01003359,16,0.0118257860721812,64.83897902502154,6,Apparently adequate
E01003360,13,0.0124150344250356,66.02162237317262,10,Apparently adequate
E01003361,6,0.0400689943406635,81.80818009966161,8,Saturated / potentially underprovided
E01003362,1,0.037224151232253,82.10572088049858,10,Saturated / potentially underprovided
E01003363,6,0.002524562757073,99.00971641187398,10,Apparently adequate
E01003364,6,0.0136893647115483,101.64078952805474,10,Apparently adequate
E01003365,4,0.0114525462961033,79.81148735117523,9,Apparently adequate
E01003366,3,0.0039632201643518,72.91315482652051,7,Apparently adequate
E01003368,6,0.004412487139789,64.363926164539,7,Apparently adequate
E01003369,5,0.0199120370365354,56.51471676133582,7,Saturated / potentially underprovided
E01003370,5,0.0383101337384516,59.88251428128646,7,Saturated / potentially underprovided
E01003371,9,0.045981352879801,59.40494875686567,8,Saturated / potentially underprovided
E01003372,7,0.0082358906521715,55.86772556816043,5,Apparently adequate
E01003373,2,0.1265709876419753,59.73532931031219,2,Saturated / potentially underprovided
E01003374,3,0.0088663837439557,61.22672510253374,3,Apparently adequate
E01003375,3,0.0024309199245541,79.8553394970288,4,Apparently adequate
E01003376,1,0.077295524689429,70.11724826376332,3,Saturated / potentially underprovided
E01003377,1,0.0,51.76753246753246,2,Apparently adequate
E01003378,3,0.0750516975275848,95.2310811347203,5,Saturated / potentially underprovided
E01003379,2,0.0108204089506172,56.772990819466976,2,Apparently adequate
E01003380,6,0.0101984310695087,76.03153535763506,10,Apparently adequate
E01003381,12,0.0114363425920781,71.54959797412485,9,Apparently adequate
E01003382,4,0.022459297838831,81.45083389582462,10,Saturated / potentially underprovided
E01003383,11,0.0060967838099396,61.437888081993826,10,Apparently adequate
E01003384,7,0.0070257936507017,59.7231686920168,10,Apparently adequate
E01003385,10,0.0106935828185442,70.73509675934496,10,Apparently adequate
E01003386,2,0.0311332947525077,90.82242147192322,4,Saturated / potentially underprovided
E01003387,6,0.0351213348757716,82.58957546722286,4,Saturated / potentially underprovided
E01003388,6,0.0254842463988876,62.87949767464554,4,Saturated / potentially underprovided
E01003389,7,0.0333457065685626,66.73735755169002,4,Saturated / potentially underprovided
E01003390,1,0.1434853395007716,52.01150491948736,1,Saturated / potentially underprovided
E01003391,1,0.0401259645052083,46.6567412759984,2,Saturated / potentially underprovided
E01003392,8,0.049050298995515,60.50193239008775,6,Saturated / potentially underprovided
E01003393,7,0.0055109126981922,45.23036198398822,5,Apparently adequate
E01003394,10,0.0098855195469264,74.73906979937824,6,Apparently adequate
E01003395,8,0.0139025366507523,75.80073623437839,6,Apparently adequate
E01003396,9,0.0166277434839248,53.90569587640704,8,Saturated / potentially underprovided
E01003397,13,0.0230674263999584,60.54599392269649,7,Saturated / potentially underprovided
E01003398,9,0.0085403806582647,74.63951947674896,6,Apparently adequate
E01003399,14,0.0145947282842124,61.31940418374066,9,Apparently adequate
E01003400,6,0.0058055769886831,58.26063492656491,9,Apparently adequate
E01003401,6,0.0227786458324545,56.28802504560908,9,Saturated / potentially underprovided
E01003402,7,0.0111290509253472,68.98690580860499,10,Apparently adequate
E01003403,12,0.0092698688266782,77.99067374353686,10,Apparently adequate
E01003404,6,0.0803242669733153,80.3592892404722,9,Saturated / potentially underprovided
E01003405,5,0.1035483796280478,101.08324009928693,4,Saturated / potentially underprovided
E01003406,3,0.0521140260623285,69.27146075231411,5,Saturated / potentially underprovided
E01003407,2,0.1050815972204861,83.3116710631808,5,Saturated / potentially underprovided
E01003408,5,0.0641897376524948,81.96714144579187,7,Saturated / potentially underprovided
E01003409,3,0.0495634002048611,76.48863662661788,4,Saturated / potentially underprovided
E01003410,4,0.0214890528545042,62.249476550495494,4,Saturated / potentially underprovided
E01003411,6,0.0785315715001929,82.8007596760458,5,Saturated / potentially underprovided
E01003412,4,0.0417305169735725,80.76083477676383,4,Saturated / potentially underprovided
E01003413,4,0.0263525270049189,87.04835677495453,6,Saturated / potentially underprovided
E01003414,5,0.0292989969107253,79.27975010913254,6,Saturated / potentially underprovided
E01003415,9,0.0509201817544152,106.69433024476577,5,Saturated / potentially underprovided
E01003416,6,0.041847286521412,84.82801789762776,7,Saturated / potentially underprovided
E01003417,3,0.0074016203701131,94.04846406585796,8,Apparently adequate
E01003418,4,0.0019714506169463,94.6745907286838,9,Apparently adequate
E01003419,1,0.0,104.54025974025971,8,Apparently adequate
E01003420,4,0.0061269290121527,91.52749739807044,8,Apparently adequate
E01003421,3,0.0052693544236754,82.73399425522251,8,Apparently adequate
E01003422,2,0.0,83.17987012987011,9,Apparently adequate
E01003423,9,0.0148423353902606,67.58256864022609,9,Apparently adequate
E01003424,7,0.0102345127861,83.90424026372527,10,Apparently adequate
E01003425,3,0.1032913451628086,90.9398637594716,10,Saturated / potentially underprovided
E01003426,4,0.0074844714503761,81.14404233093519,9,Apparently adequate
E01003427,10,0.0272939943390817,70.60611635313177,5,Saturated / potentially underprovided
E01003428,1,0.005545138888503,70.6274664062229,9,Apparently adequate
E01003429,2,0.0612741126535493,90.81026252191717,6,Saturated / potentially underprovided
E01003430,0,,60.18603896103895,3,"Low-demand, no provision"
E01003431,1,0.0605933641959876,78.89161756842775,3,Saturated / potentially underprovided
E01003432,4,0.0520239197517843,76.00702037102785,2,Saturated / potentially underprovided
E01003433,5,0.0304036522615997,70.43143509848379,4,Saturated / potentially underprovided
E01003434,10,0.043046489196412,78.50381032470384,6,Saturated / potentially underprovided
E01003435,2,0.0,97.5038961038961,5,Apparently adequate
E01003436,6,0.1008723958317901,84.79255173232835,5,Saturated / potentially underprovided
E01003437,8,0.0185714216813512,109.16936057878328,7,Saturated / potentially underprovided
E01003438,4,0.0093658371905864,79.13952509463647,4,Apparently adequate
E01003439,4,0.0023682966819058,61.08425891094491,4,Apparently adequate
E01003440,1,0.0,72.12272727272727,4,Apparently adequate
E01003441,4,0.0507785493817033,82.78258578861069,5,Saturated / potentially underprovided
E01003442,6,0.0106983667692901,94.35623996078196,10,Apparently adequate
E01003443,12,0.0079640560696051,86.12201980366143,10,Apparently adequate
E01003444,8,0.0060190007711226,79.38273826993849,9,Apparently adequate
E01003445,10,0.0086695601850308,93.53314233967724,9,Apparently adequate
E01003446,7,0.01310543430291,77.01410417549084,7,Apparently adequate
E01003447,2,0.0593267746896219,61.76012671346299,4,Saturated / potentially underprovided
E01003448,3,0.0088886316869855,99.7650005403485,6,Apparently adequate
E01003449,13,0.0240044367267331,80.5445983280168,5,Saturated / potentially underprovided
E01003450,4,0.0142123842590663,78.75490879665709,3,Apparently adequate
E01003451,3,0.0001755401234567,98.90339742852628,7,Apparently adequate
E01003452,8,0.053312861689003,94.76122320491208,4,Saturated / potentially underprovided
E01003453,5,0.0454699845665123,77.50394856365965,4,Saturated / potentially underprovided
E01003454,7,0.01644885361541,58.23855912182422,9,Saturated / potentially underprovided
E01003455,10,0.0107346707812114,66.92802771790821,8,Apparently adequate
E01003456,9,0.0228896676358667,56.67971133325013,8,Saturated / potentially underprovided
E01003457,12,0.0185868323464077,70.51961050943213,10,Saturated / potentially underprovided
E01003458,5,0.0113745370366126,66.5891622131755,10,Apparently adequate
E01003459,5,0.0086342592587962,78.82869710494215,6,Apparently adequate
E01003460,10,0.0133238811725115,91.03629368176615,9,Apparently adequate
E01003461,3,0.009733796296039,85.00450520831166,10,Apparently adequate
E01003462,6,0.0056385459530178,89.33498601287636,10,Apparently adequate
E01003463,1,0.025977237654128,98.36090412719108,10,Saturated / potentially underprovided
E01003464,3,0.0088867026747256,94.4406395070336,10,Apparently adequate
E01003465,3,0.0874961419740869,100.97931302973863,10,Saturated / potentially underprovided
E01003466,5,0.0188702546293595,90.76645359609334,9,Saturated / potentially underprovided
E01003467,2,0.0026660879629629,93.60636675290851,8,Apparently adequate
E01003468,7,0.0147551256609898,93.84244543904904,10,Apparently adequate
E01003469,3,0.0333203446493055,81.27735497903574,6,Saturated / potentially underprovided
E01003470,6,0.0196248392480709,99.16116399308072,7,Saturated / potentially underprovided
E01003471,3,0.0029860253771862,81.28583010536566,9,Apparently adequate
E01003472,8,0.0104402247294319,57.00555999014942,10,Apparently adequate
E01003473,14,0.0230327013514109,57.58744078879941,10,Saturated / potentially underprovided
E01003474,9,0.0085374228392489,83.7632897805973,10,Apparently adequate
E01003476,8,0.0201450617278404,58.322156881281416,6,Saturated / potentially underprovided
E01003477,10,0.0185669367279321,66.67876485442946,9,Saturated / potentially underprovided
E01003478,14,0.0184488260574707,79.21184143783934,10,Saturated / potentially underprovided
E01003479,0,,53.52662337662337,2,"Low-demand, no provision"
E01003480,0,,61.0655844155844,4,"Low-demand, no provision"
E01003481,0,,45.35941558441558,3,"Low-demand, no provision"
E01003483,0,,59.306493506493496,2,"Low-demand, no provision"
E01003484,0,,59.68344155844155,4,"Low-demand, no provision"
E01003485,1,0.0,55.411363636363625,4,Apparently adequate
E01003486,1,0.0326151620354938,41.25968101657794,1,Saturated / potentially underprovided
E01003487,0,,42.09253246753246,1,"Low-demand, no provision"
E01003488,1,0.0,52.89837662337661,1,Apparently adequate
E01003489,0,,59.934740259740245,2,"Low-demand, no provision"
E01003490,0,,47.36980519480518,1,"Low-demand, no provision"
E01003491,0,,38.9512987012987,2,"Low-demand, no provision"
E01003492,1,0.0,56.66785714285713,3,Apparently adequate
E01003494,3,0.0308599537034465,61.91385045317717,3,Saturated / potentially underprovided
E01003495,3,0.0499147376529063,75.32695096828775,3,Saturated / potentially underprovided
E01003496,0,,29.401948051948043,2,"Low-demand, no provision"
E01003497,2,0.0294660493817515,46.9546818451941,3,Saturated / potentially underprovided
E01003498,2,0.0037212577158564,47.79831429641486,2,Apparently adequate
E01003499,2,0.0,53.65227272727272,1,Apparently adequate
E01003500,0,,56.03961038961038,3,"Low-demand, no provision"
E01003501,1,0.0155972222222222,63.932174878246755,2,Apparently adequate
E01003502,2,0.0190731095673225,48.65743230291247,2,Saturated / potentially underprovided
E01003503,1,0.0,57.79870129870128,3,Apparently adequate
E01003506,0,,41.84123376623376,1,"Low-demand, no provision"
E01003507,2,0.0064268904317129,57.032055251714226,2,Apparently adequate
E01003508,2,0.0438104745355902,71.47898903788116,3,Saturated / potentially underprovided
E01003509,0,,52.01883116883116,1,"Low-demand, no provision"
E01003511,2,0.0380896990727237,57.78283639569051,3,Saturated / potentially underprovided
E01003512,2,0.0160410879625771,57.193876515129794,2,Apparently adequate
E01003513,0,,56.41655844155843,3,"Low-demand, no provision"
E01003514,1,0.0,50.76233766233766,2,Apparently adequate
E01003515,0,,51.26493506493506,1,"Low-demand, no provision"
E01003516,1,0.0,56.54220779220778,2,Apparently adequate
E01003517,2,0.0328036265426311,53.076381954560794,1,Saturated / potentially underprovided
E01003518,0,,60.562987012986994,4,"Low-demand, no provision"
E01003519,0,,49.75714285714285,4,"Low-demand, no provision"
E01003520,2,0.1012390046267361,45.5237187617175,2,Saturated / potentially underprovided
E01003521,0,,44.102922077922074,1,"Low-demand, no provision"
E01003522,2,0.0,39.328246753246745,1,Apparently adequate
E01003523,2,0.0,60.3116883116883,2,Apparently adequate
E01003524,0,,42.972077922077915,1,"Low-demand, no provision"
E01003525,1,0.0,46.615909090909085,1,Apparently adequate
E01003526,2,0.0178456790117669,51.15665945163036,3,Saturated / potentially underprovided
E01003527,2,0.083794945986304,63.050474745705166,4,Saturated / potentially underprovided
E01003528,0,,37.317857142857136,1,"Low-demand, no provision"
E01003529,3,0.0342384259248971,66.53510995664375,3,Saturated / potentially underprovided
E01003530,3,0.0163351337444058,49.93142319246825,4,Saturated / potentially underprovided
E01003531,2,0.0825130529812885,53.99877368408836,4,Saturated / potentially underprovided
E01003532,3,0.0531553497925668,59.01841548210928,5,Saturated / potentially underprovided
E01003533,0,,59.18084415584415,5,"Low-demand, no provision"
E01003534,2,0.0,56.66785714285713,2,Apparently adequate
E01003535,0,,50.88798701298701,1,"Low-demand, no provision"
E01003536,2,0.0,61.69383116883116,2,Apparently adequate
E01003537,1,0.1123931327160493,70.72436624503965,1,Saturated / potentially underprovided
E01003538,3,0.0472737268513374,56.18861561313527,2,Saturated / potentially underprovided
E01003539,2,0.0341117862642746,75.36257517690876,3,Saturated / potentially underprovided
E01003540,1,0.0463757716037808,56.403391145770925,1,Saturated / potentially underprovided
E01003541,1,0.0,66.09155844155845,2,Apparently adequate
E01003542,3,0.0,60.3116883116883,1,Apparently adequate
E01003543,5,0.0171253858018518,71.44083963852987,5,Saturated / potentially underprovided
E01003544,2,0.0250885416660879,51.64948555699194,3,Saturated / potentially underprovided
E01003545,3,0.027313143003215,53.310547714073635,4,Saturated / potentially underprovided
E01003546,0,,49.8827922077922,2,"Low-demand, no provision"
E01003547,4,0.0588682002305169,73.97363259090933,6,Saturated / potentially underprovided
E01003548,3,0.0283652906360596,58.404470811435736,3,Saturated / potentially underprovided
E01003549,1,0.0424031635802469,51.212116721906554,3,Saturated / potentially underprovided
E01003550,0,,44.85681818181818,3,"Low-demand, no provision"
E01003551,1,0.0,40.83603896103895,3,Apparently adequate
E01003552,1,0.0,45.10811688311688,2,Apparently adequate
E01003553,1,0.0385239197515432,48.5422264880231,1,Saturated / potentially underprovided
E01003554,1,0.0002735339498456,43.36088340432261,5,Apparently adequate
E01003555,1,0.0,63.57857142857141,5,Apparently adequate
E01003556,1,0.0,41.96688311688311,1,Apparently adequate
E01003557,1,0.0,50.259740259740255,2,Apparently adequate
E01003558,0,,39.07694805194805,2,"Low-demand, no provision"
E01003559,2,0.0313172260801504,54.55500704336384,4,Saturated / potentially underprovided
E01003560,1,0.0676234567885802,49.76823800497856,3,Saturated / potentially underprovided
E01003561,1,0.0,42.59512987012986,3,Apparently adequate
E01003562,3,0.0744030992769418,59.80413692959031,4,Saturated / potentially underprovided
E01003563,1,0.0,63.20162337662337,4,Apparently adequate
E01003564,0,,54.783116883116875,2,"Low-demand, no provision"
E01003565,0,,43.72597402597402,2,"Low-demand, no provision"
E01003566,2,0.0,39.7051948051948,1,Apparently adequate
E01003567,2,0.0,39.2025974025974,2,Apparently adequate
E01003568,2,0.0,64.20681818181818,5,Apparently adequate
E01003569,1,0.0,48.50064935064935,3,Apparently adequate
E01003570,0,,45.98766233766233,2,"Low-demand, no provision"
E01003571,1,0.0,52.89837662337661,3,Apparently adequate
E01003572,0,,45.10811688311688,2,"Low-demand, no provision"
E01003573,1,0.1310015432071759,69.775818258311,4,Saturated / potentially underprovided
E01003574,1,0.0,68.47889610389609,3,Apparently adequate
E01003575,1,0.0,46.49025974025973,1,Apparently adequate
E01003576,2,0.0622468171281828,39.10689248083822,1,Saturated / potentially underprovided
E01003577,1,0.0,61.44253246753245,1,Apparently adequate
E01003578,2,0.0,44.85681818181818,1,Apparently adequate
E01003579,1,0.0,48.626298701298694,2,Apparently adequate
E01003580,2,0.0103425925923996,57.12700081167739,1,Apparently adequate
E01003581,2,0.0744573688258102,50.086807027241335,1,Saturated / potentially underprovided
E01003582,0,,40.961688311688306,1,"Low-demand, no provision"
E01003583,3,0.1461833204701646,56.16670407745517,2,Saturated / potentially underprovided
E01003584,3,0.0977291023638117,69.79204814385918,5,Saturated / potentially underprovided
E01003585,0,,45.485064935064926,2,"Low-demand, no provision"
E01003586,0,,46.867207792207786,2,"Low-demand, no provision"
E01003587,0,,57.17045454545453,1,"Low-demand, no provision"
E01003588,1,0.0,42.09253246753246,2,Apparently adequate
E01003589,0,,46.74155844155843,1,"Low-demand, no provision"
E01003590,0,,45.73636363636363,1,"Low-demand, no provision"
E01003591,3,0.0567969392991255,48.466834954772054,1,Saturated / potentially underprovided
E01003592,2,0.0,47.495454545454535,2,Apparently adequate
E01003593,1,0.0,39.7051948051948,2,Apparently adequate
E01003594,2,0.0,47.11850649350649,3,Apparently adequate
E01003595,1,0.0,43.60032467532467,3,Apparently adequate
E01003596,1,0.0512623456782407,45.439108297224934,1,Saturated / potentially underprovided
E01003597,2,0.0,58.30129870129869,6,Apparently adequate
E01003598,1,0.0,47.62110389610389,2,Apparently adequate
E01003599,1,0.0,38.9512987012987,2,Apparently adequate
E01003600,2,0.0262284915111882,39.45715273433049,1,Saturated / potentially underprovided
E01003601,3,0.0,61.8194805194805,1,Apparently adequate
E01003602,2,0.0,51.76753246753246,4,Apparently adequate
E01003603,3,0.1195428240716306,65.5521402528331,3,Saturated / potentially underprovided
E01003604,1,0.0,58.80389610389609,1,Apparently adequate
E01003605,3,0.0,50.1340909090909,1,Apparently adequate
E01003607,4,0.032932195213831,46.98298797282026,2,Saturated / potentially underprovided
E01003608,2,0.0672154706766975,59.53814931669985,4,Saturated / potentially underprovided
E01003611,2,0.0,49.3801948051948,1,Apparently adequate
E01003615,2,0.1104922839486882,44.23184509822762,3,Saturated / potentially underprovided
E01003616,1,0.0008020833317901,44.01254616470485,4,Apparently adequate
E01003618,2,0.1029114583316936,52.106120819727714,4,Saturated / potentially underprovided
E01003619,1,0.1515175540044367,53.24497531529085,3,Saturated / potentially underprovided
E01003621,1,0.0757750771570216,46.90414264166859,1,Saturated / potentially underprovided
E01003622,1,0.0,44.60551948051947,1,Apparently adequate
E01003623,1,0.0,45.73636363636363,2,Apparently adequate
E01003624,0,,47.36980519480519,2,"Low-demand, no provision"
E01003625,0,,47.244155844155834,1,"Low-demand, no provision"
E01003626,2,0.0075659722216435,45.322803632279154,3,Apparently adequate
E01003627,1,0.0,43.223376623376616,2,Apparently adequate
E01003628,1,0.0,48.37499999999999,2,Apparently adequate
E01003629,2,0.0,40.08214285714285,2,Apparently adequate
E01003630,0,,45.23376623376623,1,"Low-demand, no provision"
E01003631,0,,48.877597402597395,4,"Low-demand, no provision"
E01003632,1,0.0,56.29090909090908,5,Apparently adequate
E01003633,1,0.0,43.60032467532467,1,Apparently adequate
E01003634,1,0.0,46.11331168831168,3,Apparently adequate
E01003635,6,0.0231544174374035,49.88077100802945,4,Saturated / potentially underprovided
E01003636,0,,53.52662337662337,3,"Low-demand, no provision"
E01003637,1,0.0002704475304783,55.300666170613574,5,Apparently adequate
E01003638,6,0.0058465149175025,90.74368432274892,6,Apparently adequate
E01003639,1,0.0037407407407407,96.85967792207788,5,Apparently adequate
E01003640,1,0.0,99.89123376623374,7,Apparently adequate
E01003641,1,0.0,90.21623376623376,7,Apparently adequate
E01003642,1,0.0141585648132716,80.91701185390822,5,Apparently adequate
E01003643,1,0.0,104.16331168831168,6,Apparently adequate
E01003644,0,,77.39999999999999,7,True desert
E01003645,1,0.0,98.7603896103896,4,Apparently adequate
E01003646,7,0.0,82.1746753246753,5,Apparently adequate
E01003647,0,,82.92857142857143,7,True desert
E01003648,0,,87.3262987012987,9,True desert
E01003649,1,0.0,91.5983766233766,7,Apparently adequate
E01003650,3,8.101851851851852e-06,77.02367597740799,5,Apparently adequate
E01003651,0,,81.54642857142855,8,True desert
E01003652,0,,79.91298701298702,8,True desert
E01003653,0,,68.85584415584414,5,True desert
E01003654,1,0.0,89.3366883116883,7,Apparently adequate
E01003655,0,,88.58279220779218,8,True desert
E01003656,4,9.1820987654321e-05,82.18222068452383,4,Apparently adequate
E01003657,3,0.0098515303494084,138.9414719995185,7,Apparently adequate
E01003658,2,0.0,74.00746753246752,4,Apparently adequate
E01003659,1,0.0,102.40422077922076,8,Apparently adequate
E01003660,0,,105.92240259740257,9,True desert
E01003661,0,,102.02727272727272,4,True desert
E01003662,0,,81.1694805194805,3,True desert
E01003663,1,0.0,97.7551948051948,7,Apparently adequate
E01003664,0,,95.24220779220778,5,True desert
E01003665,0,,87.07499999999997,7,True desert
E01003666,2,0.0,113.33571428571426,3,Apparently adequate
E01003668,7,0.0562006172830687,92.6322233585085,8,Saturated / potentially underprovided
E01003669,7,0.0081017416222442,90.31380573622316,10,Apparently adequate
E01003670,4,0.0085339506172839,83.38283648989896,8,Apparently adequate
E01003671,5,0.0011923611110339,96.9911601075412,10,Apparently adequate
E01003672,1,0.0692199074054784,74.15942646090515,6,Saturated / potentially underprovided
E01003673,3,0.0035412808641975,98.47965633680556,9,Apparently adequate
E01003674,6,0.0264068930034722,110.52502718397356,7,Saturated / potentially underprovided
E01003675,0,,76.39480519480519,7,True desert
E01003676,0,,91.72402597402596,8,True desert
E01003677,1,0.0,96.62435064935065,8,Apparently adequate
E01003678,0,,93.10616883116882,8,True desert
E01003679,0,,107.93279220779218,8,True desert
E01003680,0,,89.58798701298699,8,True desert
E01003681,1,0.0,92.72922077922075,6,Apparently adequate
E01003682,0,,100.64512987012984,9,True desert
E01003683,3,3.8580246913580246e-05,74.88990214646462,2,Apparently adequate
E01003684,2,0.0,68.7301948051948,2,Apparently adequate
E01003685,4,0.0,62.699025974025965,1,Apparently adequate
E01003686,1,0.0,74.51006493506492,3,Apparently adequate
E01003688,1,0.0,63.075974025974006,2,Apparently adequate
E01003689,0,,53.65227272727272,2,"Low-demand, no provision"
E01003690,1,0.0,75.38961038961038,6,Apparently adequate
E01003691,1,0.0,63.57857142857141,5,Apparently adequate
E01003692,5,0.0061297839503086,68.14013961803464,5,Apparently adequate
E01003693,0,,81.04383116883115,7,True desert
E01003694,3,0.0018806584360853,70.87362329243918,7,Apparently adequate
E01003695,3,0.0247116769539609,62.31710869704301,4,Saturated / potentially underprovided
E01003696,0,,78.02824675324673,6,True desert
E01003697,1,0.0,86.94935064935063,6,Apparently adequate
E01003698,1,0.0,89.8392857142857,8,Apparently adequate
E01003699,0,,82.04902597402595,8,True desert
E01003700,1,0.0,131.93181818181813,6,Apparently adequate
E01003701,1,0.0,87.82889610389608,6,Apparently adequate
E01003702,3,0.0026634516459619,113.51159446885566,7,Apparently adequate
E01003703,1,0.0,167.61623376623373,7,Apparently adequate
E01003704,1,0.0,90.5931818181818,4,Apparently adequate
E01003705,0,,118.4873376623376,7,True desert
E01003706,1,0.0,87.70324675324675,4,Apparently adequate
E01003707,0,,88.8340909090909,7,True desert
E01003708,3,0.0,93.23181818181818,3,Apparently adequate
E01003709,0,,98.50909090909089,8,True desert
E01003710,0,,94.61396103896102,8,True desert
E01003711,1,0.0048935185169753,97.72850478881097,6,Apparently adequate
E01003712,0,,55.78831168831168,1,"Low-demand, no provision"
E01003713,0,,74.00746753246752,5,True desert
E01003714,11,0.016755997474046,92.36667040559594,2,Saturated / potentially underprovided
E01003715,2,0.0,85.44155844155841,4,Apparently adequate
E01003716,2,0.0,85.94415584415582,4,Apparently adequate
E01003718,2,0.0,70.9918831168831,3,Apparently adequate
E01003719,5,0.0123191435173611,95.90672124677889,3,Apparently adequate
E01003720,3,0.0534395576126543,91.72824947912184,3,Saturated / potentially underprovided
E01003721,0,,81.79772727272726,5,True desert
E01003722,2,0.0033414351847993,117.6225634232502,5,Apparently adequate
E01003723,1,0.0396732253082561,101.50282440810624,4,Saturated / potentially underprovided
E01003724,1,0.0,86.82370129870128,7,Apparently adequate
E01003725,0,,90.97012987012984,5,True desert
E01003726,5,0.0050716049375771,139.2941137517075,5,Apparently adequate
E01003727,0,,85.56720779220777,3,True desert
E01003729,0,,50.6366883116883,1,"Low-demand, no provision"
E01003730,1,0.0,58.30129870129869,2,Apparently adequate
E01003731,4,2.8935185185185183e-05,50.38684752096861,2,Apparently adequate
E01003732,1,0.0,51.139285714285705,1,Apparently adequate
E01003733,0,,57.79870129870129,2,"Low-demand, no provision"
E01003734,1,0.0,56.03961038961038,1,Apparently adequate
E01003735,1,0.0,56.54220779220778,1,Apparently adequate
E01003736,0,,58.04999999999998,3,"Low-demand, no provision"
E01003737,0,,129.67012987012984,8,True desert
E01003738,1,0.0,113.21006493506492,7,Apparently adequate
E01003739,2,0.0,105.16850649350646,3,Apparently adequate
E01003740,4,0.0,97.7551948051948,6,Apparently adequate
E01003741,0,,89.21103896103895,5,True desert
E01003742,2,0.0,87.45194805194804,4,Apparently adequate
E01003743,6,1.974022633744856e-05,70.741980850732,2,Apparently adequate
E01003744,1,0.0,103.1581168831169,10,Apparently adequate
E01003745,0,,104.28896103896102,10,True desert
E01003746,0,,111.57662337662336,10,True desert
E01003747,1,0.0,93.86006493506493,10,Apparently adequate
E01003748,0,,98.13214285714284,10,True desert
E01003749,0,,90.0905844155844,9,True desert
E01003750,10,0.0005462384259066,109.37464708299298,7,Apparently adequate
E01003751,2,0.0,91.8496753246753,4,Apparently adequate
E01003752,1,0.0,116.85389610389608,8,Apparently adequate
E01003753,0,,86.44675324675323,5,True desert
E01003754,1,0.0,79.912987012987,7,Apparently adequate
E01003755,0,,103.15811688311686,5,True desert
E01003756,0,,103.15811688311686,4,True desert
E01003757,1,0.0,85.56720779220777,3,Apparently adequate
E01003759,7,0.0367971230148258,90.9304739128256,10,Saturated / potentially underprovided
E01003760,4,2.3148148148148148e-06,93.2320339962121,7,Apparently adequate
E01003761,0,,66.21720779220779,1,"Low-demand, no provision"
E01003762,4,0.0049114101079764,90.02799035795583,8,Apparently adequate
E01003763,4,0.0,115.47175324675322,9,Apparently adequate
E01003764,9,0.0131071673515946,91.52600929775429,7,Apparently adequate
E01003765,4,0.0145320216031057,87.83047462218079,8,Apparently adequate
E01003766,1,0.0945098379600694,97.22978644623912,6,Saturated / potentially underprovided
E01003767,2,0.020452739197145,73.72605382787164,3,Saturated / potentially underprovided
E01003768,0,,68.7301948051948,2,True desert
E01003769,0,,59.18084415584415,2,"Low-demand, no provision"
E01003770,0,,114.34090909090908,5,True desert
E01003771,0,,67.22240259740259,4,"Low-demand, no provision"
E01003772,0,,73.63051948051947,5,True desert
E01003773,0,,77.14870129870128,5,True desert
E01003774,8,0.0177313609177999,97.82612274562312,10,Saturated / potentially underprovided
E01003775,8,0.0225992476843171,96.49518751598272,9,Saturated / potentially underprovided
E01003776,0,,69.60974025974025,4,True desert
E01003777,4,0.0265822723757716,94.42023780769416,9,Saturated / potentially underprovided
E01003778,10,0.0349891396584104,98.18451356204304,9,Saturated / potentially underprovided
E01003779,6,0.0005091306583719,76.68512677744215,8,Apparently adequate
E01003780,9,0.0045813828873242,105.65032368944128,10,Apparently adequate
E01003781,1,0.0,69.2327922077922,1,Apparently adequate
E01003782,1,0.0,57.92435064935064,2,Apparently adequate
E01003783,1,0.0,64.83506493506492,1,Apparently adequate
E01003784,0,,77.65129870129869,4,True desert
E01003785,0,,58.92954545454544,2,"Low-demand, no provision"
E01003786,1,0.0,72.12272727272726,5,Apparently adequate
E01003787,1,0.0,70.9918831168831,5,Apparently adequate
E01003788,0,,62.82467532467531,1,"Low-demand, no provision"
E01003789,3,0.0281607510277777,81.25908262903722,10,Saturated / potentially underprovided
E01003790,3,0.036935956788323,75.95926217744746,7,Saturated / potentially underprovided
E01003791,2,0.023217978394483,81.89697169345114,10,Saturated / potentially underprovided
E01003792,2,0.0034988425923996,73.383785166382,9,Apparently adequate
E01003793,4,0.029602623455054,68.69488646498156,5,Saturated / potentially underprovided
E01003794,1,0.1294043209849537,91.105526352596,8,Saturated / potentially underprovided
E01003795,1,0.047107638888503,70.12595447440594,10,Saturated / potentially underprovided
E01003796,1,0.0097800925918209,79.67951772180058,9,Apparently adequate
E01003797,14,0.0160306850743772,85.91759998646317,10,Apparently adequate
E01003798,16,0.011618983892349,78.42641862169843,9,Apparently adequate
E01003799,19,0.0097929865169346,83.86756964348618,10,Apparently adequate
E01003800,13,0.0289492372973943,76.79636128943194,7,Saturated / potentially underprovided
E01003801,12,0.0184893261311728,62.7065360111215,10,Saturated / potentially underprovided
E01003802,6,0.0158611111105967,78.88293457788211,10,Apparently adequate
E01003803,9,0.0079457161632373,62.690623739224186,4,Apparently adequate
E01003804,7,0.0227937518357859,92.14408683949414,9,Saturated / potentially underprovided
E01003805,10,0.0104368441352237,106.26613380371346,10,Apparently adequate
E01003806,6,0.0122021604934413,88.77341584592574,10,Apparently adequate
E01003807,18,0.0035832261658521,82.59522535215942,9,Apparently adequate
E01003808,23,0.0130301261399959,91.13718951700768,10,Apparently adequate
E01003809,11,0.0267122615034371,101.26949723488202,10,Saturated / potentially underprovided
E01003810,11,0.0149011293487303,97.29903258935788,9,Apparently adequate
E01003811,13,0.0163882359919871,99.22952148524496,9,Saturated / potentially underprovided
E01003812,17,0.0125844226575662,96.6952371402738,9,Apparently adequate
E01003813,4,0.0314477237650463,109.90142473841486,10,Saturated / potentially underprovided
E01003814,11,0.0261539702572951,110.36885650489435,9,Saturated / potentially underprovided
E01003815,7,0.0735738536145833,116.41339909222472,8,Saturated / potentially underprovided
E01003816,8,0.0070278018900945,101.22591151466662,9,Apparently adequate
E01003817,17,0.0172292120545343,109.1533182225972,8,Saturated / potentially underprovided
E01003818,7,0.048035163138503,90.99429195487303,9,Saturated / potentially underprovided
E01003819,9,0.0455103737988254,80.79113523246409,5,Saturated / potentially underprovided
E01003820,19,0.027243532731583,105.45221848556464,7,Saturated / potentially underprovided
E01003821,3,0.0187424125508616,78.7226584088207,10,Saturated / potentially underprovided
E01003822,3,0.0018143004112654,107.37335081917634,10,Apparently adequate
E01003823,6,0.0115932998969907,127.36025333579728,10,Apparently adequate
E01003824,8,0.0105901331014178,107.93299489730886,10,Apparently adequate
E01003825,6,0.0016785622426697,108.23982437844327,10,Apparently adequate
E01003826,6,0.0046703317899091,91.39499055959448,5,Apparently adequate
E01003827,13,0.005458541072976,110.922316830202,8,Apparently adequate
E01003828,1,0.012942129628858,106.78416197908533,10,Apparently adequate
E01003829,9,0.0166724965703017,94.91396958971464,4,Saturated / potentially underprovided
E01003830,4,0.0419772376528742,127.51974545662308,8,Saturated / potentially underprovided
E01003831,2,0.0161049382712191,111.4584641233343,9,Apparently adequate
E01003832,2,0.0,78.27954545454546,3,Apparently adequate
E01003833,3,0.0263081275712448,85.49713171440182,7,Saturated / potentially underprovided
E01003834,7,0.0151214726628086,83.79992549278343,8,Apparently adequate
E01003835,12,0.0067884516459297,98.9248104790306,10,Apparently adequate
E01003836,5,0.0187783950612654,72.70902327558022,7,Saturated / potentially underprovided
E01003837,6,0.0378027263366126,131.572831814318,9,Saturated / potentially underprovided
E01003838,7,0.0181081349199184,102.59555008689438,9,Saturated / potentially underprovided
E01003839,4,0.0042384259258294,114.32080693992404,8,Apparently adequate
E01003840,2,7.638888888888889e-05,98.01398011363636,5,Apparently adequate
E01003841,6,0.039492219648984,99.91781463901944,2,Saturated / potentially underprovided
E01003842,7,0.0042488609640836,92.36611504199657,6,Apparently adequate
E01003843,3,0.0581556069940843,132.82360833987138,5,Saturated / potentially underprovided
E01003844,8,0.0035728202159047,90.03416705727868,9,Apparently adequate
E01003845,1,0.0765721450597993,124.17840249571904,9,Saturated / potentially underprovided
E01003846,23,0.0102185850552648,92.91518235350505,10,Apparently adequate
E01003847,7,0.0068910383593474,85.77730908797263,9,Apparently adequate
E01003848,21,0.0162377829210758,93.46880003149803,9,Saturated / potentially underprovided
E01003849,15,0.0086856824413837,82.1279742532209,10,Apparently adequate
E01003851,15,0.013176748970859,93.56917544188828,10,Apparently adequate
E01003852,9,0.0198265174891832,72.91196708788006,9,Saturated / potentially underprovided
E01003853,15,0.0128619341558899,75.97747026150734,8,Apparently adequate
E01003854,15,0.0157355109735339,69.30119351022383,7,Apparently adequate
E01003855,4,0.0220240162035108,86.0391581692884,5,Saturated / potentially underprovided
E01003856,11,0.018198074494248,73.69109389014992,9,Saturated / potentially underprovided
E01003857,19,0.0083627220052658,82.6084790478106,10,Apparently adequate
E01003858,27,0.0070676368881101,83.13506827517335,10,Apparently adequate
E01003859,22,0.0120941591838757,83.16850892893522,10,Apparently adequate
E01003860,18,0.0057062328530521,80.11625645466205,10,Apparently adequate
E01003861,18,0.0105836584073181,86.21886352943706,9,Apparently adequate
E01003862,5,0.0084250385785493,85.40115915998429,7,Apparently adequate
E01003863,11,0.0091200664044262,63.39764053547287,6,Apparently adequate
E01003864,17,0.0103342978390522,76.93039616812018,9,Apparently adequate
E01003865,12,0.0224272119320023,68.08767709070551,8,Saturated / potentially underprovided
E01003866,20,0.0239141589501929,88.25674634623867,10,Saturated / potentially underprovided
E01003867,9,0.0161380458385059,80.81959520360537,8,Apparently adequate
E01003868,21,0.0071687059080687,76.30970661669247,10,Apparently adequate
E01003869,7,0.0126294642853284,89.57430918363931,10,Apparently adequate
E01003870,10,0.0114461419750771,105.60975484440222,10,Apparently adequate
E01003871,13,0.0223231590293061,94.02850447482398,9,Saturated / potentially underprovided
E01003872,6,0.0076815843618184,86.60434312767798,10,Apparently adequate
E01003873,11,0.0049871632994177,76.52324659457986,10,Apparently adequate
E01003874,6,0.0115455889913837,70.66762580339415,10,Apparently adequate
E01003875,2,0.0007986111097608,87.52178814923255,9,Apparently adequate
E01003876,4,0.0022614776234567,79.7159079334077,10,Apparently adequate
E01003877,8,0.0174062982247781,75.67917290535372,10,Saturated / potentially underprovided
E01003878,14,0.0169441964281856,66.7003132783258,6,Saturated / potentially underprovided
E01003879,7,0.0072663139329254,72.7733560090663,10,Apparently adequate
E01003880,10,0.0216192901224151,93.96376590358383,10,Saturated / potentially underprovided
E01003881,6,0.0092300668720421,72.91523397100687,10,Apparently adequate
E01003882,12,0.0079482703187049,100.43190020336937,10,Apparently adequate
E01003883,23,0.0113239063335765,100.13288739605916,10,Apparently adequate
E01003884,14,0.0088291170633267,97.22394090545131,9,Apparently adequate
E01003885,5,0.0182506172834876,90.45536790399925,9,Saturated / potentially underprovided
E01003886,16,0.0105420685440457,84.94557570527888,9,Apparently adequate
E01003887,17,0.0071124273781771,98.07084246149338,10,Apparently adequate
E01003888,17,0.0147909934031938,95.50336419507464,7,Apparently adequate
E01003889,11,0.0101623877662037,107.88731086223784,10,Apparently adequate
E01003890,6,0.00303620113143,99.06024601706513,9,Apparently adequate
E01003891,5,0.0211557098762345,113.29556829045994,10,Saturated / potentially underprovided
E01003892,15,0.0085266803838305,104.54459606478812,10,Apparently adequate
E01003893,10,0.0135614583330632,83.5437904382894,10,Apparently adequate
E01003894,19,0.0100087211658341,85.15455671629229,10,Apparently adequate
E01003895,14,0.0065437059079034,88.53009413326329,9,Apparently adequate
E01003896,9,0.0103842806925154,90.39133968803196,9,Apparently adequate
E01003897,8,0.019947145061005,79.96915459951036,9,Saturated / potentially underprovided
E01003898,7,0.0060408399468694,90.38199046022676,9,Apparently adequate
E01003899,5,0.004421990740625,78.4994919088113,9,Apparently adequate
E01003900,6,0.0058268389916409,85.18112371068233,6,Apparently adequate
E01003901,1,0.0021574074074074,101.49186455627704,10,Apparently adequate
E01003902,4,0.0025751350306712,71.93053429015345,10,Apparently adequate
E01003903,7,0.0081710758376322,93.36024223354984,7,Apparently adequate
E01003904,12,0.0045033436207883,80.65150823182324,8,Apparently adequate
E01003905,8,0.0042729873968942,74.57607300599203,9,Apparently adequate
E01003906,13,0.0084107905980235,88.1874880744022,8,Apparently adequate
E01003907,4,0.0324378858019868,91.45623070544966,5,Saturated / potentially underprovided
E01003908,3,0.031684927982253,115.50081227664172,9,Saturated / potentially underprovided
E01003909,2,0.0160798611095679,97.02902881478768,8,Apparently adequate
E01003910,5,0.0112192129628086,102.79076131559574,10,Apparently adequate
E01003911,2,0.1061751543190586,43.78190980106,5,Saturated / potentially underprovided
E01003912,3,0.0944966563760288,40.01913310100624,3,Saturated / potentially underprovided
E01003913,12,0.0529524016179912,58.345528417836896,7,Saturated / potentially underprovided
E01003914,33,0.0224409254574915,52.543836689671465,7,Saturated / potentially underprovided
E01003915,13,0.0446932276808078,53.031070377090565,5,Saturated / potentially underprovided
E01003916,10,0.0515668981465663,55.0976670311671,7,Saturated / potentially underprovided
E01003917,6,0.080709555039384,49.427725194573995,4,Saturated / potentially underprovided
E01003918,3,0.0831612654288837,30.758263180825008,3,Saturated / potentially underprovided
E01003919,20,0.0583773726835841,39.49637559703845,6,Saturated / potentially underprovided
E01003920,9,0.068497085044453,43.23042069991216,3,Saturated / potentially underprovided
E01003921,2,0.0293034336410108,34.014134019290815,5,Saturated / potentially underprovided
E01003922,8,0.0429415991497395,43.50691831985555,3,Saturated / potentially underprovided
E01003923,8,0.0309391075094682,40.804101266539504,5,Saturated / potentially underprovided
E01003924,6,0.0594333204710005,41.26630371977465,3,Saturated / potentially underprovided
E01003925,8,0.0996860411813753,46.979444577482255,4,Saturated / potentially underprovided
E01003926,5,0.0634121141957561,28.46042986534752,4,Saturated / potentially underprovided
E01003929,6,0.0044279192383616,36.22104044217063,6,Apparently adequate
E01003930,6,0.0539311342550797,27.41213286819486,7,Saturated / potentially underprovided
E01003932,4,0.0261675347188464,27.334704291712015,3,Saturated / potentially underprovided
E01003933,5,0.0256537037028549,45.105452651477805,7,Saturated / potentially underprovided
E01003934,18,0.0476309585036865,47.519928025868346,8,Saturated / potentially underprovided
E01003935,1,0.0,21.73733766233766,6,Apparently adequate
E01003936,4,0.0967246334846643,29.903194154353436,10,Saturated / potentially underprovided
E01003937,4,0.0574180169722222,24.978410793126944,6,Saturated / potentially underprovided
E01003938,6,0.1013440071979809,37.22506986406864,6,Saturated / potentially underprovided
E01003939,3,0.0768395061701388,31.25526666658827,7,Saturated / potentially underprovided
E01003940,10,0.1134140817861111,31.05774591641946,4,Saturated / potentially underprovided
E01003941,6,0.041162840790895,40.29300193860762,6,Saturated / potentially underprovided
E01003942,6,0.0938670910461677,37.10979621539416,4,Saturated / potentially underprovided
E01003943,16,0.0752524594876302,23.913544877416612,3,Saturated / potentially underprovided
E01003945,10,0.0269672260794946,84.64877390235502,8,Saturated / potentially underprovided
E01003946,13,0.1066453881743827,100.11547758471102,8,Saturated / potentially underprovided
E01003947,1,7.716049382716049e-07,40.71042102272726,2,Apparently adequate
E01003948,8,0.0304097222217399,72.11496406246623,7,Saturated / potentially underprovided
E01003949,6,0.0277835005136316,75.15967173853483,7,Saturated / potentially underprovided
E01003950,15,0.014333796295679,64.36244333735262,4,Apparently adequate
E01003951,15,0.0351149176942644,75.69580304284086,9,Saturated / potentially underprovided
E01003952,28,0.0064957837299382,63.99156407842984,8,Apparently adequate
E01003953,31,0.0081211793107452,69.41503481282648,9,Apparently adequate
E01003954,21,0.0090496031740152,59.08247517389877,9,Apparently adequate
E01003955,25,0.0076497222218672,69.25596170370936,7,Apparently adequate
E01003956,24,0.0076618441354488,73.3083806496631,9,Apparently adequate
E01003957,14,0.0132005070539847,71.16516405600963,9,Apparently adequate
E01003958,11,0.0050995370368616,73.3745505208205,8,Apparently adequate
E01003960,11,0.0146004489334666,38.62761793583999,5,Apparently adequate
E01003961,11,0.0725965207617845,38.67929317028916,2,Saturated / potentially underprovided
E01003963,4,0.122773726848476,34.1403411085283,2,Saturated / potentially underprovided
E01003966,16,0.0971566116871021,42.18424684065259,3,Saturated / potentially underprovided
E01003969,8,0.0219130979930555,50.33386513569431,6,Saturated / potentially underprovided
E01003971,2,0.1320158178971836,26.740565859392035,2,Saturated / potentially underprovided
E01003972,16,0.0452473958318745,28.63095512881555,4,Saturated / potentially underprovided
E01003973,6,0.0272104552456275,28.6531685233678,3,Saturated / potentially underprovided
E01003975,5,0.0284009259248456,38.3777188392454,4,Saturated / potentially underprovided
E01003976,6,0.0956046167660751,53.275197353389046,4,Saturated / potentially underprovided
E01003977,6,0.0770412165621785,45.470721906497786,4,Saturated / potentially underprovided
E01003979,2,0.0346394675906635,39.52054028672284,5,Saturated / potentially underprovided
E01003980,6,0.0329162165628215,35.042018009301685,3,Saturated / potentially underprovided
E01003981,4,0.1143410493787615,27.443180934246037,5,Saturated / potentially underprovided
E01003983,11,0.05422253787742,40.53348746120771,2,Saturated / potentially underprovided
E01003984,19,0.0307285371986882,61.646936783910625,5,Saturated / potentially underprovided
E01003986,3,0.0569647633730709,32.936120171913586,2,Saturated / potentially underprovided
E01003987,7,0.0648170193979828,60.2071051714801,2,Saturated / potentially underprovided
E01003988,20,0.0444119020047646,41.599807703260545,2,Saturated / potentially underprovided
E01003989,7,0.0538333333317901,50.449533603822225,4,Saturated / potentially underprovided
E01003990,14,0.0574434064509387,64.04193129185693,3,Saturated / potentially underprovided
E01003991,9,0.0728347050729166,29.117012554043907,2,Saturated / potentially underprovided
E01003992,14,0.0567450947961033,32.663716400902146,2,Saturated / potentially underprovided
E01003993,3,0.0545122170763888,42.00211177880333,3,Saturated / potentially underprovided
E01003994,16,0.0694339072125289,37.3558819290153,5,Saturated / potentially underprovided
E01003995,10,0.0433950231461034,28.580215754137697,3,Saturated / potentially underprovided
E01003997,10,0.0260488811714891,29.781068776002463,5,Saturated / potentially underprovided
E01003998,12,0.0707955568402456,41.84342234890305,6,Saturated / potentially underprovided
E01003999,16,0.031377604165895,34.34186045299784,4,Saturated / potentially underprovided
E01004000,10,0.0247261574065586,60.00037814253687,4,Saturated / potentially underprovided
E01004001,11,0.0363236531973555,57.68453358045707,3,Saturated / potentially underprovided
E01004002,27,0.0318468792859224,68.71497188647257,8,Saturated / potentially underprovided
E01004003,17,0.0248659676824391,44.2981677096194,3,Saturated / potentially underprovided
E01004004,17,0.0249448756348946,77.27019484494238,4,Saturated / potentially underprovided
E01004005,11,0.0203230920306186,55.25546453942567,2,Saturated / potentially underprovided
E01004006,33,0.0155679596889964,60.99540733474955,6,Apparently adequate
E01004007,5,0.0550516975289351,40.96306725506578,2,Saturated / potentially underprovided
E01004008,9,0.0504072359378858,48.96568821891357,2,Saturated / potentially underprovided
E01004010,7,0.0711893738956679,37.41720129218808,3,Saturated / potentially underprovided
E01004011,10,0.047361496912037,58.69373022402966,3,Saturated / potentially underprovided
E01004012,13,0.0510218720307454,60.48357880842904,4,Saturated / potentially underprovided
E01004013,7,0.0306660052898478,48.563442862886085,3,Saturated / potentially underprovided
E01004014,3,0.1869952417665895,56.52602373234771,3,Saturated / potentially underprovided
E01004015,12,0.0109520640429848,61.8614040773108,8,Apparently adequate
E01004016,42,0.0235139440027189,97.35312387048458,8,Saturated / potentially underprovided
E01004017,14,0.0184014825833057,73.06600792753608,9,Saturated / potentially underprovided
E01004018,23,0.0340939848353629,80.81847385248686,9,Saturated / potentially underprovided
E01004019,17,0.0227136437901007,76.33096331401973,6,Saturated / potentially underprovided
E01004020,10,0.0206358796287037,47.83435385074122,3,Saturated / potentially underprovided
E01004021,21,0.0281233465599279,82.16040764139225,8,Saturated / potentially underprovided
E01004023,6,0.0710869341534207,42.39313399609504,4,Saturated / potentially underprovided
E01004024,6,0.0597753343602109,39.94802477896767,3,Saturated / potentially underprovided
E01004028,15,0.030132613167271,49.70322966803953,4,Saturated / potentially underprovided
E01004029,7,0.0467730379175485,49.98001394680345,8,Saturated / potentially underprovided
E01004030,5,0.0658171296260802,43.12199214000789,5,Saturated / potentially underprovided
E01004031,4,0.0097862654316165,47.19898373915494,6,Apparently adequate
E01004032,1,0.056390046294753,46.85535734232873,10,Saturated / potentially underprovided
E01004033,6,0.0354117155328575,53.86090722053355,4,Saturated / potentially underprovided
E01004034,6,0.0858769933107638,43.38783703207222,3,Saturated / potentially underprovided
E01004035,9,0.0337314386129115,34.939786998025944,4,Saturated / potentially underprovided
E01004036,5,0.0834009259227623,41.2469727190354,3,Saturated / potentially underprovided
E01004037,2,0.0642550154292052,46.803033064898,4,Saturated / potentially underprovided
E01004038,8,0.0770090663562885,66.44481550708534,4,Saturated / potentially underprovided
E01004039,5,0.0785054012320216,39.56994297429329,5,Saturated / potentially underprovided
E01004040,1,0.0759309413545524,38.12358680317782,2,Saturated / potentially underprovided
E01004041,1,0.1073823302438271,39.93371689540636,4,Saturated / potentially underprovided
E01004042,11,0.0696886924780092,44.6226889494625,2,Saturated / potentially underprovided
E01004043,12,0.0170451710384194,42.93779794820381,6,Saturated / potentially underprovided
E01004044,3,0.1291552211904578,41.57014275519714,3,Saturated / potentially underprovided
E01004045,10,0.0701953317881173,42.895722173778694,3,Saturated / potentially underprovided
E01004046,6,0.0111424897118055,56.791080569076456,8,Apparently adequate
E01004047,14,0.0296972277329144,34.93281276812085,4,Saturated / potentially underprovided
E01004048,14,0.0094475308639495,47.56366003786709,7,Apparently adequate
E01004049,3,0.023794367283822,33.9607217261862,4,Saturated / potentially underprovided
E01004050,10,0.0372229552460262,53.04284105774231,9,Saturated / potentially underprovided
E01004051,6,0.0048598894025848,43.81221743116354,10,Apparently adequate
E01004052,23,0.0228140096611815,58.21771001549072,8,Saturated / potentially underprovided
E01004053,1,0.1022345678962191,74.23335093761314,9,Saturated / potentially underprovided
E01004054,2,0.0130345293209876,56.00633754960317,9,Apparently adequate
E01004055,4,0.061558641973476,45.48399652769924,3,Saturated / potentially underprovided
E01004056,5,0.075973842590895,82.87478917262355,7,Saturated / potentially underprovided
E01004057,3,0.0359848251018518,71.0732680239193,6,Saturated / potentially underprovided
E01004058,3,0.0159960133721707,48.63817018950858,10,Apparently adequate
E01004059,2,0.105811342589699,60.30190307749371,9,Saturated / potentially underprovided
E01004060,5,0.0796237654296296,53.17637782816121,5,Saturated / potentially underprovided
E01004061,25,0.0177937499994753,53.83963711239107,8,Saturated / potentially underprovided
E01004062,3,0.0401598508216306,50.31773278349637,4,Saturated / potentially underprovided
E01004063,4,0.0331259645040509,64.90580328945903,6,Saturated / potentially underprovided
E01004064,11,0.0264902321820812,56.4922900312519,4,Saturated / potentially underprovided
E01004065,0,,51.01363636363636,7,"Low-demand, no provision"
E01004066,21,0.0437393996165858,59.40876554746209,5,Saturated / potentially underprovided
E01004067,13,0.0173032704172008,41.28698899526639,3,Saturated / potentially underprovided
E01004068,23,0.0278270598490841,58.89048600834011,4,Saturated / potentially underprovided
E01004069,2,0.0076541280862911,74.06748582081033,10,Apparently adequate
E01004070,41,0.010113628236606,79.19815579727322,8,Apparently adequate
E01004071,23,0.0072849906062634,57.96663488473951,7,Apparently adequate
E01004072,24,0.0058641107247878,74.69422786124717,10,Apparently adequate
E01004073,26,0.0043342533236437,70.54241624164409,9,Apparently adequate
E01004074,31,0.0247258188960822,79.57129065003258,10,Saturated / potentially underprovided
E01004075,28,0.0130668127201003,85.41238659958358,10,Apparently adequate
E01004076,4,0.0244222608020833,93.70669807445962,6,Saturated / potentially underprovided
E01004077,2,2.8935185185185183e-05,98.26063531520562,7,Apparently adequate
E01004078,2,0.0210461033942901,107.25359997511735,6,Saturated / potentially underprovided
E01004079,3,0.0020762602880015,96.82496795145782,10,Apparently adequate
E01004080,0,,92.3522727272727,10,True desert
E01004081,0,,93.73441558441556,8,True desert
E01004082,0,,86.94935064935063,9,True desert
E01004083,0,,77.27435064935062,1,True desert
E01004084,0,,113.71266233766232,10,True desert
E01004085,0,,121.00032467532466,10,True desert
E01004086,0,,111.57662337662332,7,True desert
E01004087,2,3.260030825617284e-05,112.58548838379494,10,Apparently adequate
E01004088,0,,80.6668831168831,1,True desert
E01004089,0,,63.45292207792206,2,"Low-demand, no provision"
E01004090,0,,51.51623376623376,1,"Low-demand, no provision"
E01004091,0,,99.38863636363634,10,True desert
E01004092,3,0.0698123713971193,111.1663570302846,10,Saturated / potentially underprovided
E01004093,0,,103.40941558441556,10,True desert
E01004094,0,,113.58701298701295,9,True desert
E01004095,0,,105.04285714285712,10,True desert
E01004096,2,0.0232077546290509,80.73906488767078,6,Saturated / potentially underprovided
E01004097,0,,103.40941558441556,9,True desert
E01004098,3,0.0229980709875257,82.77914390781787,10,Saturated / potentially underprovided
E01004099,6,0.0196024948531378,82.37626766939921,7,Saturated / potentially underprovided
E01004100,1,0.0247608024672067,97.08543916828764,9,Saturated / potentially underprovided
E01004101,0,,89.71363636363637,9,True desert
E01004102,5,0.0172415123449845,89.72664630675692,9,Saturated / potentially underprovided
E01004103,3,0.0132490997938528,95.86751085065794,8,Apparently adequate
E01004104,1,0.0,99.7655844155844,10,Apparently adequate
E01004105,0,,121.87987012987011,9,True desert
E01004106,0,,124.39285714285712,10,True desert
E01004107,2,0.0092515432094907,97.2646514023798,7,Apparently adequate
E01004108,0,,138.08863636363634,9,True desert
E01004109,0,,105.79675324675324,6,True desert
E01004110,0,,113.96396103896105,7,True desert
E01004111,0,,96.49870129870128,9,True desert
E01004112,0,,116.47694805194804,10,True desert
E01004114,0,,147.13538961038958,10,True desert
E01004115,1,0.0035231481481481,114.9959331168831,9,Apparently adequate
E01004116,0,,105.29415584415582,9,True desert
E01004117,0,,97.5038961038961,10,True desert
E01004118,6,0.0141999099779771,104.36808573612004,8,Apparently adequate
E01004119,2,0.0549558256126543,99.81354938234064,10,Saturated / potentially underprovided
E01004120,0,,106.42499999999995,10,True desert
E01004121,3,0.0373588605918852,87.33012303989283,8,Saturated / potentially underprovided
E01004122,0,,90.71883116883116,10,True desert
E01004123,1,0.0,99.01168831168827,4,Apparently adequate
E01004124,1,1.5817900848765434e-05,99.39020848323186,4,Apparently adequate
E01004125,2,0.0060925925923996,78.75647083331825,3,Apparently adequate
E01004126,0,,76.77175324675324,4,True desert
E01004127,0,,103.66071428571423,6,True desert
E01004128,0,,74.13311688311687,4,True desert
E01004129,0,,82.30032467532466,2,True desert
E01004130,3,0.0484953060639789,121.59856227966212,8,Saturated / potentially underprovided
E01004131,1,0.0,110.57142857142858,8,Apparently adequate
E01004132,0,,100.39383116883114,10,True desert
E01004133,0,,101.39902597402596,10,True desert
E01004134,0,,91.34707792207791,8,True desert
E01004135,0,,92.47792207792206,9,True desert
E01004136,0,,106.17370129870126,9,True desert
E01004137,1,0.0,109.31493506493504,8,Apparently adequate
E01004138,2,0.0,88.8340909090909,7,Apparently adequate
E01004139,2,0.0408491512330247,77.5537378459799,8,Saturated / potentially underprovided
E01004140,3,0.0380642361095036,74.60715959809873,3,Saturated / potentially underprovided
E01004141,3,0.0102677469129372,76.9253287472454,3,Apparently adequate
E01004143,5,0.0237203703689814,76.02021167197478,8,Saturated / potentially underprovided
E01004144,0,,109.06363636363636,9,True desert
E01004145,0,,128.16233766233765,8,True desert
E01004146,4,0.0046182484567901,96.06074886307265,8,Apparently adequate
E01004147,0,,99.63993506493505,9,True desert
E01004148,1,0.0140713734567901,81.29230731646824,3,Apparently adequate
E01004149,1,0.0020096450617283,106.26117089195526,8,Apparently adequate
E01004150,2,0.0416442901222993,82.45561505672654,5,Saturated / potentially underprovided
E01004151,1,0.0,97.37824675324671,7,Apparently adequate
E01004152,1,0.0650181327141203,89.92625833317044,6,Saturated / potentially underprovided
E01004153,1,0.0619363425902777,99.80684568430624,8,Saturated / potentially underprovided
E01004154,1,0.0133329475304783,99.31320894206172,10,Apparently adequate
E01004155,4,0.0168307291657503,98.76166540930627,8,Saturated / potentially underprovided
E01004156,1,0.0254832175920138,93.15949018359188,8,Saturated / potentially underprovided
E01004157,0,,86.82370129870127,10,True desert
E01004158,2,0.0452820216041666,94.95810224898293,9,Saturated / potentially underprovided
E01004159,0,,96.74999999999996,8,True desert
E01004160,3,0.004829603909465,97.59603273997412,8,Apparently adequate
E01004161,1,0.0,95.61915584415584,9,Apparently adequate
E01004162,3,0.0021966949584619,82.98481483939655,7,Apparently adequate
E01004163,0,,110.32012987012985,9,True desert
E01004164,0,,90.21623376623376,9,True desert
E01004165,2,0.0056452546296296,92.87362482244316,6,Apparently adequate
E01004166,2,0.0094197530862268,93.0953753968076,8,Apparently adequate
E01004167,0,,76.77175324675325,3,True desert
E01004168,0,,101.65032467532464,9,True desert
E01004169,0,,89.71363636363637,5,True desert
E01004170,1,0.0036381172839506,121.0622186147186,7,Apparently adequate
E01004171,0,,91.5983766233766,9,True desert
E01004172,5,0.0052001543209876,93.21142703733764,3,Apparently adequate
E01004173,1,0.0,86.69805194805191,8,Apparently adequate
E01004174,2,0.0476091820979938,93.58993497355117,7,Saturated / potentially underprovided
E01004175,1,0.025379629628858,106.4204231059805,9,Saturated / potentially underprovided
E01004176,0,,84.93896103896103,7,True desert
E01004177,3,0.0412211934148662,90.66433541659946,5,Saturated / potentially underprovided
E01004178,0,,116.97954545454544,6,True desert
E01004179,4,0.0085534336418788,106.19478241904646,9,Apparently adequate
E01004180,2,0.065017939814429,137.43192050691718,10,Saturated / potentially underprovided
E01004181,4,0.0159901620368441,102.50977881322456,7,Apparently adequate
E01004182,4,0.0098674768517071,82.85864283852976,4,Apparently adequate
E01004183,0,,85.56720779220777,4,True desert
E01004184,0,,82.80292207792206,4,True desert
E01004185,0,,96.74999999999996,3,True desert
E01004186,4,0.0621048418197337,103.82626571562868,7,Saturated / potentially underprovided
E01004187,0,,95.36785714285712,6,True desert
E01004189,0,,104.28896103896102,4,True desert
E01004190,0,,93.86006493506493,10,True desert
E01004191,2,0.0454002700609567,116.7735860755135,8,Saturated / potentially underprovided
E01004192,1,0.0172307098757716,108.13096392037252,7,Saturated / potentially underprovided
E01004193,0,,161.8363636363636,7,True desert
E01004194,0,,95.2422077922078,7,True desert
E01004195,2,0.0126741898142361,90.97792587420396,7,Apparently adequate
E01004196,0,,100.89642857142854,9,True desert
E01004198,9,0.0357743627107481,28.241329612365544,1,Saturated / potentially underprovided
E01004199,18,0.030424875685378,30.943859748950533,1,Saturated / potentially underprovided
E01004200,20,0.0500184413569637,26.12295879461645,6,Saturated / potentially underprovided
E01004201,20,0.0246019290119984,36.69106161051244,3,Saturated / potentially underprovided
E01004202,16,0.0434589843744454,39.07076325713222,4,Saturated / potentially underprovided
E01004203,22,0.0144647341466049,31.866708775546755,3,Apparently adequate
E01004204,16,0.0092316261571903,35.6334128732844,1,Apparently adequate
E01004205,12,0.0339691679519032,36.8965854906681,1,Saturated / potentially underprovided
E01004206,6,0.0035787037033822,27.111287675857103,1,Apparently adequate
E01004207,28,0.0084213651894014,27.875647737735587,1,Apparently adequate
E01004208,6,0.0352493998623542,27.316467119095293,4,Saturated / potentially underprovided
E01004209,20,0.031137538579456,27.467093576367812,1,Saturated / potentially underprovided
E01004211,31,0.0217571435677518,29.01458548400087,4,Saturated / potentially underprovided
E01004212,15,0.0203233796290895,28.204653422604103,2,Saturated / potentially underprovided
E01004214,3,0.0153843878598251,35.97823369632926,1,Apparently adequate
E01004216,14,0.0314509204138007,48.2116234761209,4,Saturated / potentially underprovided
E01004217,45,0.0194726680377914,56.10608248974476,5,Saturated / potentially underprovided
E01004218,29,0.0134001569812686,57.93654761105411,6,Apparently adequate
E01004219,25,0.0105880864194444,37.078083155111315,2,Apparently adequate
E01004221,11,0.0251956369241722,50.88199059688752,3,Saturated / potentially underprovided
E01004222,12,0.0061494984566293,63.84312572430886,1,Apparently adequate
E01004223,9,0.0123198445356081,59.9099429553302,2,Apparently adequate
E01004226,25,0.0173735956787037,49.3432800226221,2,Saturated / potentially underprovided
E01004228,41,0.0031760294338489,51.17565717425493,6,Apparently adequate
E01004229,32,0.0083093050730131,36.86778214591153,3,Apparently adequate
E01004230,35,0.0103425705464616,50.017861841488106,3,Apparently adequate
E01004231,42,0.0160386261755033,34.98009865012921,2,Apparently adequate
E01004232,63,0.0060832537231346,51.70320637956458,7,Apparently adequate
E01004233,6,0.0145722093620113,48.31504859212801,2,Apparently adequate
E01004234,46,0.0084698990201204,69.81918696667319,7,Apparently adequate
E01004235,0,,26.00941558441558,1,"Low-demand, no provision"
E01004236,17,0.0332756445163171,35.44370296064721,1,Saturated / potentially underprovided
E01004237,1,0.0067060185185185,30.73754567775973,1,Apparently adequate
E01004239,11,0.0372247825464716,40.010272464144066,2,Saturated / potentially underprovided
E01004240,32,0.0429018373832224,40.22926116807248,1,Saturated / potentially underprovided
E01004241,28,0.0222585289897486,37.12092878500014,1,Saturated / potentially underprovided
E01004243,4,0.1368999807052469,30.427208542050064,1,Saturated / potentially underprovided
E01004244,29,0.0247813431240421,35.92490777958837,1,Saturated / potentially underprovided
E01004245,15,0.0322579475299125,53.178041732003635,2,Saturated / potentially underprovided
E01004247,10,0.0206253472215277,42.44774191657012,1,Saturated / potentially underprovided
E01004248,12,0.0170188721702674,35.01384648285415,1,Saturated / potentially underprovided
E01004249,5,0.0777901234550154,55.3882643216981,1,Saturated / potentially underprovided
E01004251,23,0.0518869766490036,53.79274863798957,1,Saturated / potentially underprovided
E01004255,9,0.0549059070625428,36.18567012567035,1,Saturated / potentially underprovided
E01004256,23,0.0219711990065083,35.18434480527665,1,Saturated / potentially underprovided
E01004257,39,0.0097223706075003,42.50177166799004,1,Apparently adequate
E01004258,3,0.0952854938243312,50.920107097631806,6,Saturated / potentially underprovided
E01004259,23,0.0154568572191525,32.28064816467026,3,Apparently adequate
E01004260,5,0.052237962961574,37.01964469692081,1,Saturated / potentially underprovided
E01004263,40,0.0404857638883294,33.07629922989292,1,Saturated / potentially underprovided
E01004264,5,0.005285185185108,25.515313008656044,1,Apparently adequate
E01004266,39,0.0244819365299244,36.944215652091614,2,Saturated / potentially underprovided
E01004267,11,2.1710157126823794e-05,49.25561477846647,2,Apparently adequate
E01004268,0,,32.2918831168831,1,"Low-demand, no provision"
E01004270,12,0.0220411040373424,49.69807600992491,5,Saturated / potentially underprovided
E01004271,16,0.0268222415118152,47.60821316708173,1,Saturated / potentially underprovided
E01004272,7,0.0217995480593584,49.55794158707892,1,Saturated / potentially underprovided
E01004274,5,0.0606101080227623,56.90414277293942,2,Saturated / potentially underprovided
E01004275,31,0.0218264511146331,61.62807842826435,3,Saturated / potentially underprovided
E01004276,3,0.004952417695216,67.0502295386733,9,Apparently adequate
E01004277,0,,40.2077922077922,9,"Low-demand, no provision"
E01004280,15,0.0169986882708976,47.53610362280242,2,Saturated / potentially underprovided
E01004281,2,0.0397461419735725,50.68964990070901,7,Saturated / potentially underprovided
E01004283,15,0.0217604681062757,45.44777292520245,1,Saturated / potentially underprovided
E01004286,35,0.0292174933856922,60.00471651048114,2,Saturated / potentially underprovided
E01004287,9,0.0050189043207733,42.808910751478955,1,Apparently adequate
E01004288,23,0.0580296732410091,42.27515576853182,1,Saturated / potentially underprovided
E01004289,44,0.0265776822033661,44.63013142934906,2,Saturated / potentially underprovided
E01004290,20,0.0352541087955825,37.852990899426,2,Saturated / potentially underprovided
E01004291,13,0.0665261158584104,61.509816083856165,8,Saturated / potentially underprovided
E01004292,2,0.0255119598759645,46.25891335111928,9,Saturated / potentially underprovided
E01004293,18,0.0343579068065843,60.82427488609781,9,Saturated / potentially underprovided
E01004295,8,0.023754774305025,34.34531073836491,1,Saturated / potentially underprovided
E01004296,8,0.0409786361875,48.1337706010646,2,Saturated / potentially underprovided
E01004297,3,0.0205295781890432,67.32016137940221,9,Saturated / potentially underprovided
E01004298,9,0.0263359053487654,30.04731653285828,1,Saturated / potentially underprovided
E01004300,4,0.011685570987172,31.27093822374049,1,Apparently adequate
E01004301,9,0.022790337791238,26.987717776718796,1,Saturated / potentially underprovided
E01004302,6,0.0403876671797196,25.88335889133544,1,Saturated / potentially underprovided
E01004303,7,0.0178839836858465,60.36712986882838,2,Saturated / potentially underprovided
E01004304,14,0.0139276620366604,28.41005557189149,1,Apparently adequate
E01004305,21,0.0107370664312353,36.4485568933282,1,Apparently adequate
E01004306,19,0.0398260436966171,35.92970347415989,3,Saturated / potentially underprovided
E01004307,19,0.0242892300191073,27.670774475240183,9,Saturated / potentially underprovided
E01004308,6,0.0501611368301826,25.20284439970019,2,Saturated / potentially underprovided
E01004309,10,0.0142244984565586,32.49634565915112,1,Apparently adequate
E01004310,8,0.0467806471827256,28.672953272797983,3,Saturated / potentially underprovided
E01004311,11,0.0482300785619037,36.08838346446335,1,Saturated / potentially underprovided
E01004312,5,0.0085019290119598,24.58321682674023,1,Apparently adequate
E01004313,19,0.0425272904472262,33.403183655124835,1,Saturated / potentially underprovided
E01004315,11,0.0245542227830387,31.926174053839247,4,Saturated / potentially underprovided
E01004316,19,0.0384500284267584,17.092954899724468,2,Saturated / potentially underprovided
E01004319,27,0.0314677211926297,36.41851307679704,1,Saturated / potentially underprovided
E01004321,28,0.0454562114190365,33.36566710067156,2,Saturated / potentially underprovided
E01004322,9,0.020467121055727,21.284691165864285,1,Saturated / potentially underprovided
E01004323,16,0.048121141974754,29.631541700471328,2,Saturated / potentially underprovided
E01004324,19,0.0123878736189083,27.349263968980924,1,Apparently adequate
E01004326,20,0.0600516203695794,28.237297123896663,2,Saturated / potentially underprovided
E01004327,6,0.0105639146087319,48.25114587089613,4,Apparently adequate
E01004328,13,0.0095658089978038,51.75532564205105,5,Apparently adequate
E01004329,20,0.0029095679011766,52.42221336219033,4,Apparently adequate
E01004330,16,0.007305073302228,56.82868553643344,7,Apparently adequate
E01004331,16,0.0159851707173032,52.5950453116395,3,Apparently adequate
E01004332,18,0.008451838991448,52.458485954393446,3,Apparently adequate
E01004333,9,0.036318887173954,48.56937262417125,3,Saturated / potentially underprovided
E01004334,7,0.020192019400022,34.73853195409612,1,Saturated / potentially underprovided
E01004335,8,0.001574556327064,48.954557932839336,1,Apparently adequate
E01004336,12,0.0064950703015662,37.43377379648863,4,Apparently adequate
E01004337,12,0.0117076260287101,48.55999519036633,2,Apparently adequate
E01004338,10,0.0040372685183256,45.66870035578126,6,Apparently adequate
E01004339,11,0.0082386714362724,60.428522892358565,5,Apparently adequate
E01004340,11,0.0024371141974607,51.89369585587659,2,Apparently adequate
E01004341,3,0.0037417695471965,54.231385672191195,2,Apparently adequate
E01004342,9,0.0001961162551011,72.26254570443713,4,Apparently adequate
E01004343,8,0.0019238522374131,85.73182645636801,7,Apparently adequate
E01004344,12,0.0058482510286136,70.0168354948158,4,Apparently adequate
E01004345,11,0.0078355429290474,64.20337793589786,5,Apparently adequate
E01004346,11,0.0013517115598695,70.71038608896176,6,Apparently adequate
E01004347,8,0.00149295910489,70.34284945520719,6,Apparently adequate
E01004348,16,0.0022087914736689,98.47482318144228,5,Apparently adequate
E01004349,5,2.0138888811728396e-05,84.5637159719902,5,Apparently adequate
E01004350,3,0.0102083333327546,99.51470454539752,5,Apparently adequate
E01004351,2,0.0,104.54025974025969,8,Apparently adequate
E01004352,5,0.0,118.86428571428569,9,Apparently adequate
E01004353,3,7.27880658436214e-05,117.36503565867,8,Apparently adequate
E01004354,7,0.0047673059962797,101.2511843608082,7,Apparently adequate
E01004355,2,0.004304012345679,93.50689893127704,4,Apparently adequate
E01004356,3,0.0,97.88084415584416,6,Apparently adequate
E01004357,0,,95.24220779220778,7,True desert
E01004358,4,0.000816743827064,113.428280530743,7,Apparently adequate
E01004359,6,0.0,101.02207792207793,8,Apparently adequate
E01004360,3,0.003889403292181,85.52159901695524,9,Apparently adequate
E01004361,7,0.0013912588182319,93.1098794481705,8,Apparently adequate
E01004362,8,0.0,61.81948051948051,7,Apparently adequate
E01004363,17,0.0101166825524237,60.54108100081002,7,Apparently adequate
E01004364,19,0.0061825860946637,64.85663474024663,2,Apparently adequate
E01004365,8,2.618634259259259e-05,61.06718349989852,3,Apparently adequate
E01004366,13,0.0153078406929012,72.46133386680218,7,Apparently adequate
E01004367,11,0.0041213524128787,47.69120005164621,5,Apparently adequate
E01004368,8,0.0100033275461516,83.88503935376569,7,Apparently adequate
E01004369,12,0.0041689814812885,51.10013808846419,5,Apparently adequate
E01004370,13,0.0056348824784247,62.54689813700629,6,Apparently adequate
E01004371,14,0.0018149112654045,52.742627696889315,8,Apparently adequate
E01004372,6,0.0016978523661908,50.21921119396772,7,Apparently adequate
E01004373,7,0.0065535714283509,48.05966500462768,5,Apparently adequate
E01004374,14,0.002119536761388,55.528810058589535,7,Apparently adequate
E01004375,12,0.0100270704730581,56.855342003356135,6,Apparently adequate
E01004376,8,0.0626447723759162,49.00206960252565,6,Saturated / potentially underprovided
E01004377,14,0.0047060185184358,95.05921609171294,8,Apparently adequate
E01004378,10,0.001329359567824,74.10585006752223,6,Apparently adequate
E01004379,5,0.0,92.72922077922075,9,Apparently adequate
E01004380,4,0.0076590470676601,87.99513493329647,7,Apparently adequate
E01004381,20,0.0056791666665702,92.62403080762094,7,Apparently adequate
E01004382,6,6.558641911008231e-06,64.20723929134687,2,Apparently adequate
E01004383,8,0.0,90.59318181818182,8,Apparently adequate
E01004384,5,0.0068950617281635,92.10343737371618,3,Apparently adequate
E01004385,12,0.0065697980963541,74.36720681026425,5,Apparently adequate
E01004386,10,0.0013159336418595,116.12696519896294,10,Apparently adequate
E01004387,5,0.0179244598762345,88.12416615414894,10,Saturated / potentially underprovided
E01004388,4,0.0,77.52564935064933,6,Apparently adequate
E01004389,6,0.0,96.24740259740258,3,Apparently adequate
E01004390,2,0.0,87.075,4,Apparently adequate
E01004391,8,0.013319251542824,61.11499485928407,4,Apparently adequate
E01004392,10,0.0070264660489197,64.91102965297338,4,Apparently adequate
E01004393,3,0.0044318415636574,41.143224024465624,3,Apparently adequate
E01004394,5,0.0030273148145833,57.84764643261651,3,Apparently adequate
E01004395,17,0.0035281635801107,55.60686399146971,7,Apparently adequate
E01004396,5,0.0073973765430555,54.55547409586104,6,Apparently adequate
E01004397,15,0.0013122427983024,67.0589862448859,5,Apparently adequate
E01004398,6,0.0054340277774562,74.91495469762214,2,Apparently adequate
E01004399,3,3.6008230452674896e-06,67.0969948502886,2,Apparently adequate
E01004400,8,6.992669753086419e-06,63.955966700346075,3,Apparently adequate
E01004401,13,0.0043585292020269,72.3108792886619,4,Apparently adequate
E01004402,10,0.0029241126540702,61.62219735421888,3,Apparently adequate
E01004403,5,0.0057908950617283,91.2441744002525,3,Apparently adequate
E01004404,9,0.0047755701302726,83.95584962690786,2,Apparently adequate
E01004405,13,0.0084344432572412,55.118472840954624,5,Apparently adequate
E01004406,6,0.0005530478395061,45.88737687421085,5,Apparently adequate
E01004407,2,0.0018028549382716,38.392142851506115,1,Apparently adequate
E01004408,8,0.0088130063654755,51.20970646728225,6,Apparently adequate
E01004409,15,0.0029862139916666,47.007163303867216,4,Apparently adequate
E01004410,10,0.0048136574071566,55.551840773795654,4,Apparently adequate
E01004411,7,0.0043097993825507,51.35968577628122,6,Apparently adequate
E01004412,10,0.0021133101850694,57.16535856262866,7,Apparently adequate
E01004413,0,,81.04383116883115,4,True desert
E01004414,4,0.0005753279320987,87.37653996014835,6,Apparently adequate
E01004415,2,0.0095489969135802,87.90647890624997,4,Apparently adequate
E01004416,5,0.004104629629591,99.16576443181434,7,Apparently adequate
E01004417,2,0.0012638888888888,88.94636732954544,7,Apparently adequate
E01004418,11,0.0060644290122053,88.10870552510494,6,Apparently adequate
E01004419,9,0.0045872556583076,117.26370906364988,4,Apparently adequate
E01004420,13,0.0025361170463556,57.94528557032214,2,Apparently adequate
E01004421,13,0.006791785375,67.04644905787863,4,Apparently adequate
E01004422,10,0.005006018518287,75.00934205355414,5,Apparently adequate
E01004423,9,0.0159003343618398,52.08006467350553,3,Apparently adequate
E01004424,8,0.0103843074845196,63.984882599428744,3,Apparently adequate
E01004425,13,0.0017438568374732,55.25625619145741,4,Apparently adequate
E01004426,15,0.0026470164608539,61.1012440761753,6,Apparently adequate
E01004427,9,0.003592721193287,53.59282883709929,4,Apparently adequate
E01004428,7,5.566578428130512e-06,58.92987349048195,1,Apparently adequate
E01004429,6,0.0087350823043338,53.99418283729125,5,Apparently adequate
E01004430,7,0.0079585537911706,64.33786358478211,5,Apparently adequate
E01004432,13,0.0068335707499703,57.18160893826876,5,Apparently adequate
E01004434,6,0.0004915123456147,63.861243299057925,4,Apparently adequate
E01004435,8,0.0066565393514178,58.309926368853354,3,Apparently adequate
E01004436,16,0.0039682195215567,53.36058490386309,6,Apparently adequate
E01004437,6,0.0027579732509645,54.93420725408498,4,Apparently adequate
E01004438,21,0.0064594815546002,63.60987309704545,7,Apparently adequate
E01004439,8,0.0013410011572627,53.5984026405158,6,Apparently adequate
E01004440,14,0.0118487723206983,55.94078212687289,6,Apparently adequate
E01004441,7,0.0026210868605599,58.58009015778961,8,Apparently adequate
E01004442,13,0.0056466939693435,59.515020271639614,7,Apparently adequate
E01004443,15,0.0004139789094393,56.06280960640488,5,Apparently adequate
E01004444,13,0.00011277302941,65.72202122530051,2,Apparently adequate
E01004445,10,0.0005947530864197,55.695767877885984,6,Apparently adequate
E01004446,12,0.0004788451645769,62.854758616670665,6,Apparently adequate
E01004447,19,0.0066594785573068,57.930638291028686,6,Apparently adequate
E01004448,9,0.005059456446995,63.64767430554334,5,Apparently adequate
E01004449,3,0.012996270576003,58.42258653611269,1,Apparently adequate
E01004450,3,0.0017899948558384,99.56654151145604,8,Apparently adequate
E01004451,7,0.0050857721559055,102.54616019005203,7,Apparently adequate
E01004452,4,0.0004541859567901,87.49166749864716,4,Apparently adequate
E01004453,2,0.0,93.10616883116882,5,Apparently adequate
E01004454,7,0.0,89.8392857142857,5,Apparently adequate
E01004455,5,0.000897222222145,73.69658241882547,4,Apparently adequate
E01004456,2,0.0031552854938271,59.87175985581258,1,Apparently adequate
E01004457,9,0.0036652091904578,57.25388633907307,5,Apparently adequate
E01004458,7,0.0,60.562987012986994,4,Apparently adequate
E01004459,1,0.0,50.51103896103894,1,Apparently adequate
E01004460,15,0.0169232253079732,67.46559226186038,5,Saturated / potentially underprovided
E01004462,10,0.005167611882581,66.68569127975293,5,Apparently adequate
E01004463,16,0.0044365113808352,64.74408605225602,6,Apparently adequate
E01004464,4,0.0022563657406442,44.202434400361,2,Apparently adequate
E01004465,14,0.0022554012345127,56.41786767676456,8,Apparently adequate
E01004466,11,0.0055549242422138,60.89940981772631,8,Apparently adequate
E01004467,5,1.7438271450617285e-05,66.97227175639297,2,Apparently adequate
E01004468,10,0.0024298611111111,78.09188989448049,8,Apparently adequate
E01004469,10,0.0028378086418209,57.71071111380783,1,Apparently adequate
E01004470,11,0.001171997755331,48.68328861422667,5,Apparently adequate
E01004471,6,0.0064938914609053,57.03585205646494,4,Apparently adequate
E01004472,9,0.0350570130310785,68.79869379180566,9,Saturated / potentially underprovided
E01004473,10,0.0318672453692901,57.43647805628456,9,Saturated / potentially underprovided
E01004474,7,0.0297640909742614,51.367508173115105,8,Saturated / potentially underprovided
E01004475,12,0.0050289914478121,47.60802754001439,8,Apparently adequate
E01004476,2,0.0,52.14448051948051,8,Apparently adequate
E01004477,19,0.0176289324772105,75.56786900954225,10,Saturated / potentially underprovided
E01004478,34,0.0163197508165282,68.83025512404937,10,Saturated / potentially underprovided
E01004479,16,0.01668002507663,75.1141687617979,10,Saturated / potentially underprovided
E01004480,7,0.016560901675044,56.32902578122555,10,Saturated / potentially underprovided
E01004481,5,0.0763700360065329,51.12268411923755,8,Saturated / potentially underprovided
E01004482,10,0.0167996913574845,48.42112374366114,8,Saturated / potentially underprovided
E01004483,3,0.0228719135792181,75.44311355060954,7,Saturated / potentially underprovided
E01004484,5,0.0146063271602623,51.37630434748105,8,Apparently adequate
E01004485,10,0.0242552854927469,53.15186575830883,8,Saturated / potentially underprovided
E01004486,7,0.0730700874475951,57.302987867838695,8,Saturated / potentially underprovided
E01004487,5,0.0195645833329475,57.64843252838726,8,Saturated / potentially underprovided
E01004488,9,0.0065336934153377,51.22047351865355,9,Apparently adequate
E01004489,16,0.0120020576127748,51.753062367704715,7,Apparently adequate
E01004490,8,0.0130191454471209,62.36974693218749,10,Apparently adequate
E01004491,3,0.0264618055538837,68.35635744712889,7,Saturated / potentially underprovided
E01004492,10,0.0065606481478009,61.33974053704591,7,Apparently adequate
E01004493,8,0.0641355372285397,74.74273804391612,7,Saturated / potentially underprovided
E01004494,6,0.0517997363673161,66.47545080551886,7,Saturated / potentially underprovided
E01004495,5,0.0126179166664197,46.31346126135234,4,Apparently adequate
E01004496,4,0.0226819058631365,69.77512934415108,8,Saturated / potentially underprovided
E01004497,2,0.0248456790119598,60.65123241339707,8,Saturated / potentially underprovided
E01004498,13,0.0138726258307217,69.04670089561597,9,Apparently adequate
E01004499,7,0.019137400792824,58.64871030549507,8,Saturated / potentially underprovided
E01004500,8,0.0191811824842544,65.56644033187015,7,Saturated / potentially underprovided
E01004501,4,0.0150460310568576,55.35230561176873,6,Apparently adequate
E01004502,10,0.0571991898134259,72.79434265547793,10,Saturated / potentially underprovided
E01004503,3,0.0066069958843878,65.38990945764688,7,Apparently adequate
E01004504,4,0.0547131558631365,77.26150549967424,9,Saturated / potentially underprovided
E01004505,8,0.0223535397366415,68.33968706985021,9,Saturated / potentially underprovided
E01004506,3,0.0170215192040895,81.27322745608471,10,Saturated / potentially underprovided
E01004507,5,0.0246068415608024,74.2836633485992,9,Saturated / potentially underprovided
E01004508,5,0.020427109052572,69.62128997513524,9,Saturated / potentially underprovided
E01004510,3,0.0301889146081532,66.01570976500362,9,Saturated / potentially underprovided
E01004511,7,0.0161188455313969,59.24104832934476,10,Apparently adequate
E01004512,16,0.0290718918784239,63.61668977312318,9,Saturated / potentially underprovided
E01004513,6,0.0259040637854295,55.94441387833544,5,Saturated / potentially underprovided
E01004514,12,0.031791666665895,78.82352337656442,9,Saturated / potentially underprovided
E01004515,4,0.0260144675924961,50.27804012783617,8,Saturated / potentially underprovided
E01004516,22,0.0253681607736567,69.57189553197361,9,Saturated / potentially underprovided
E01004517,8,0.0394805651996045,74.44773307707166,6,Saturated / potentially underprovided
E01004518,15,0.043783230452289,76.59200011300678,8,Saturated / potentially underprovided
E01004519,5,0.0685016975295524,64.84591097529918,5,Saturated / potentially underprovided
E01004520,5,0.0163179783946759,50.69677853330506,6,Saturated / potentially underprovided
E01004521,18,0.0251862997248371,74.32567387735595,5,Saturated / potentially underprovided
E01004522,2,0.0157837577156635,61.646531096093995,5,Apparently adequate
E01004523,4,0.0217613811722608,65.347279918005,5,Saturated / potentially underprovided
E01004524,3,0.0280587705744598,54.3826400368133,1,Saturated / potentially underprovided
E01004525,0,,41.33863636363635,5,"Low-demand, no provision"
E01004526,2,0.0884209104915123,52.37884278375404,4,Saturated / potentially underprovided
E01004527,0,,45.98766233766233,7,"Low-demand, no provision"
E01004528,2,0.0487244727352109,51.127361015593614,2,Saturated / potentially underprovided
E01004529,13,0.0135094076443791,66.47502905060766,6,Apparently adequate
E01004530,8,0.0216932870362172,57.64041903742668,7,Saturated / potentially underprovided
E01004531,4,0.0243419174374035,54.95827192032905,5,Saturated / potentially underprovided
E01004532,5,0.0307466049374999,52.45261984573994,7,Saturated / potentially underprovided
E01004533,3,0.011287165637217,49.81048966747673,4,Apparently adequate
E01004534,10,0.0192624871393775,76.457592781232,10,Saturated / potentially underprovided
E01004535,3,0.0263896604916409,37.01301077959287,1,Saturated / potentially underprovided
E01004536,6,0.0942448088118955,47.98441123784449,5,Saturated / potentially underprovided
E01004537,2,0.0706658950596064,47.892136913685725,3,Saturated / potentially underprovided
E01004538,5,0.0567879629614969,70.11033285704558,4,Saturated / potentially underprovided
E01004539,2,0.0437447916618441,46.163341071215264,2,Saturated / potentially underprovided
E01004540,11,0.0276707585101828,66.499974196387,6,Saturated / potentially underprovided
E01004541,4,0.0307173996901041,37.68711084444819,2,Saturated / potentially underprovided
E01004542,23,0.023104233762463,63.24777224847661,10,Saturated / potentially underprovided
E01004543,13,0.011473112535286,81.3382014651752,10,Apparently adequate
E01004544,14,0.014979635140625,59.81228854445741,10,Apparently adequate
E01004545,3,0.0010825617282664,51.320432521638416,10,Apparently adequate
E01004546,12,0.0086615226334876,55.004146759245224,9,Apparently adequate
E01004547,7,0.0417624007929894,58.379959058984255,7,Saturated / potentially underprovided
E01004548,12,0.023267859436648,59.4006992402974,7,Saturated / potentially underprovided
E01004549,6,0.016191615225823,63.96959211080815,8,Saturated / potentially underprovided
E01004550,8,0.0084384162807677,51.31740103109289,7,Apparently adequate
E01004551,3,0.015816572358539,36.88700418905716,7,Apparently adequate
E01004552,13,0.0223366126513087,55.62141835019234,10,Saturated / potentially underprovided
E01004553,10,0.0056402391972608,61.41000891840881,10,Apparently adequate
E01004554,18,0.0110690264911372,62.12264148709813,10,Apparently adequate
E01004555,27,0.0122031035661436,69.5689164905238,10,Apparently adequate
E01004556,18,0.0289420438950188,64.77223573528359,10,Saturated / potentially underprovided
E01004557,16,0.0178579402967906,59.72611938048657,10,Saturated / potentially underprovided
E01004558,8,0.0478954555677887,68.5987068245995,9,Saturated / potentially underprovided
E01004559,13,0.0215142153365384,63.79124112455015,10,Saturated / potentially underprovided
E01004560,9,0.0476807984672639,72.00730537231708,8,Saturated / potentially underprovided
E01004563,4,0.0914331597152777,47.17542652161541,2,Saturated / potentially underprovided
E01004564,9,0.0230552126194272,57.3316155222527,7,Saturated / potentially underprovided
E01004565,10,0.0392717592573688,55.49812422203107,7,Saturated / potentially underprovided
E01004566,2,0.0419264403277392,58.781903912554846,9,Saturated / potentially underprovided
E01004567,2,0.0557550154309413,51.20480380360548,1,Saturated / potentially underprovided
E01004568,0,,29.276298701298693,2,"Low-demand, no provision"
E01004569,10,0.0807162358519868,71.29042896728161,2,Saturated / potentially underprovided
E01004570,2,0.0059837962961033,49.5492746212026,1,Apparently adequate
E01004571,2,0.0,51.51623376623376,1,Apparently adequate
E01004572,5,0.1120091049354166,74.75192374394588,5,Saturated / potentially underprovided
E01004573,7,0.0661260526877149,72.6052610569672,3,Saturated / potentially underprovided
E01004574,2,0.0821516203688271,47.4541052928165,1,Saturated / potentially underprovided
E01004575,5,0.0124765432094135,52.28619530300639,3,Apparently adequate
E01004576,3,0.1146703532204646,71.98960952010012,1,Saturated / potentially underprovided
E01004577,8,0.0033232783563368,63.41165996367625,8,Apparently adequate
E01004579,12,0.0213988876025109,68.78922534193636,8,Saturated / potentially underprovided
E01004580,10,0.0215633294747106,50.95843129128734,7,Saturated / potentially underprovided
E01004581,3,0.0311787551430041,55.97291850643765,7,Saturated / potentially underprovided
E01004582,4,0.1403512731458333,98.86623391822464,9,Saturated / potentially underprovided
E01004583,0,,62.699025974025965,7,"Low-demand, no provision"
E01004584,1,0.0684193672827932,39.33413651804,3,Saturated / potentially underprovided
E01004585,9,0.0032328532235082,60.00244492143145,9,Apparently adequate
E01004586,43,0.0029977315412135,59.35825243900577,10,Apparently adequate
E01004587,57,0.0030570040068496,64.02499829861382,10,Apparently adequate
E01004588,6,0.0147408693411136,67.44831006302621,10,Apparently adequate
E01004589,43,0.005254321585672,56.08144141864377,10,Apparently adequate
E01004590,6,0.0253626543200231,62.099025117185434,5,Saturated / potentially underprovided
E01004591,29,0.0100531498328699,54.57238463106748,6,Apparently adequate
E01004592,4,0.0201362847214506,56.142604246102,4,Saturated / potentially underprovided
E01004593,14,0.0354758873452656,71.16845945332206,9,Saturated / potentially underprovided
E01004594,12,0.0120498649688143,73.62761343933673,10,Apparently adequate
E01004595,7,0.0142763999113756,74.55425505127786,9,Apparently adequate
E01004596,22,0.0240129010001519,70.3806061687731,10,Saturated / potentially underprovided
E01004597,9,0.0126595078871742,73.03576550748087,8,Apparently adequate
E01004598,8,0.0186711516197916,79.99710545390812,10,Saturated / potentially underprovided
E01004599,19,0.0126867080891406,67.31177303251076,10,Apparently adequate
E01004601,3,0.0591845421800411,83.57791376404819,5,Saturated / potentially underprovided
E01004602,38,0.0026598592833363,67.40120472899946,10,Apparently adequate
E01004604,17,0.0378975013604756,86.33217937128106,10,Saturated / potentially underprovided
E01004605,20,0.0170830054007523,76.80528733024178,8,Saturated / potentially underprovided
E01004606,17,0.018473470406318,73.19914328020265,10,Saturated / potentially underprovided
E01004607,6,0.0268043338465149,73.28182514571606,10,Saturated / potentially underprovided
E01004608,6,0.0085515260629501,52.59039540368184,7,Apparently adequate
E01004609,8,0.0054453607251157,71.88379375576383,10,Apparently adequate
E01004610,15,0.0559374999993312,65.01215198859516,7,Saturated / potentially underprovided
E01004611,12,0.0074008594819744,49.492492160465545,7,Apparently adequate
E01004612,5,0.0783216820973765,50.53792634170077,5,Saturated / potentially underprovided
E01004613,4,0.0615296103382523,41.214576426324406,4,Saturated / potentially underprovided
E01004614,7,0.028609200469393,60.48622855591381,6,Saturated / potentially underprovided
E01004615,4,0.0097780992795781,49.48240536502166,1,Apparently adequate
E01004616,0,,43.72597402597402,5,"Low-demand, no provision"
E01004617,2,0.1763354552453703,49.95835570091748,6,Saturated / potentially underprovided
E01004618,11,0.054333578842803,60.939111592725894,10,Saturated / potentially underprovided
E01004619,7,0.0098570601847718,78.16293645830135,10,Apparently adequate
E01004620,16,0.0345976803619309,76.17796465838941,8,Saturated / potentially underprovided
E01004621,3,0.0186499485594135,80.63540388255538,8,Saturated / potentially underprovided
E01004622,7,0.0306458333305776,43.252993222286946,8,Saturated / potentially underprovided
E01004623,12,0.0322055684146733,73.40791302489832,9,Saturated / potentially underprovided
E01004624,12,0.0147450917348894,64.77104742036113,8,Apparently adequate
E01004625,14,0.0281063988087797,79.317073464982,10,Saturated / potentially underprovided
E01004626,8,0.0193935988937435,88.37943919240139,9,Saturated / potentially underprovided
E01004627,13,0.0385901590684947,64.07460592718121,9,Saturated / potentially underprovided
E01004628,9,0.0340079732502429,77.82353581268134,5,Saturated / potentially underprovided
E01004629,5,0.0314419753074074,74.52000829716908,9,Saturated / potentially underprovided
E01004630,7,0.0248021108897982,54.72543090538946,1,Saturated / potentially underprovided
E01004631,6,0.0628313400187757,67.43975420018486,3,Saturated / potentially underprovided
E01004632,13,0.0090852920225546,60.73284670068084,8,Apparently adequate
E01004633,4,0.0049415509255401,45.20475068653567,1,Apparently adequate
E01004634,0,,60.688636363636355,6,"Low-demand, no provision"
E01004635,7,0.0408698192229938,64.73838536345869,5,Saturated / potentially underprovided
E01004636,0,,61.316883116883105,4,"Low-demand, no provision"
E01004637,4,0.0896421682081404,62.70607654098051,5,Saturated / potentially underprovided
E01004638,3,5.1440329218107e-06,87.95499789562288,10,Apparently adequate
E01004639,0,,74.88701298701297,9,True desert
E01004640,6,0.0203518518511445,76.28289583328043,10,Saturated / potentially underprovided
E01004641,3,0.1422060185159465,99.88814139587896,6,Saturated / potentially underprovided
E01004642,9,0.013546960732896,76.02885592882062,5,Apparently adequate
E01004643,2,0.0101168981469907,78.81765057823759,4,Apparently adequate
E01004644,9,0.0380401234549682,117.64701884899982,7,Saturated / potentially underprovided
E01004645,5,0.0096209876537808,62.16052853532025,2,Apparently adequate
E01004646,55,0.0157036604464985,68.27804038219001,8,Apparently adequate
E01004647,41,0.0155229897490151,50.27432286719166,7,Apparently adequate
E01004648,31,0.0105083735724966,79.10213616126704,9,Apparently adequate
E01004649,19,0.0085485705001015,50.055771827759095,10,Apparently adequate
E01004650,38,0.01232781026596,66.39752930619079,10,Apparently adequate
E01004651,14,0.0143155037474922,41.93041976741621,10,Apparently adequate
E01004652,7,0.0308029651670524,25.64490519769173,7,Saturated / potentially underprovided
E01004653,38,0.0104976496503411,53.072780127706835,9,Apparently adequate
E01004654,31,0.0133737679207984,65.70215404663637,9,Apparently adequate
E01004656,31,0.014086419752601,46.89030245308,6,Apparently adequate
E01004657,25,0.0194333333307947,31.638510681739387,10,Saturated / potentially underprovided
E01004658,8,0.0690777874212962,27.26877274597547,7,Saturated / potentially underprovided
E01004659,20,0.0247344907398823,36.05202253784858,8,Saturated / potentially underprovided
E01004660,11,0.0168251613344556,30.407694256451737,10,Saturated / potentially underprovided
E01004661,14,0.0149969135797922,34.68916724385169,7,Apparently adequate
E01004662,8,0.0456477141189477,26.1456063011177,9,Saturated / potentially underprovided
E01004663,19,0.0067635030860745,37.317258223968075,8,Apparently adequate
E01004665,12,0.0111905542691615,28.841584091555696,1,Apparently adequate
E01004668,16,0.0150883969902102,38.26355938005305,4,Apparently adequate
E01004669,12,0.0103130465531121,29.451281354456036,2,Apparently adequate
E01004670,9,0.0669289051730967,48.66338945702005,1,Saturated / potentially underprovided
E01004674,28,0.0124604552465415,45.924614552314466,2,Apparently adequate
E01004675,33,0.0262124836319327,51.70611581084048,1,Saturated / potentially underprovided
E01004676,29,0.015193247125878,40.43600401433621,5,Apparently adequate
E01004677,39,0.0113099873367758,40.91668271493019,4,Apparently adequate
E01004678,31,0.0101891801072033,52.80271963760352,4,Apparently adequate
E01004679,27,0.0279989426148834,41.20440047488155,1,Saturated / potentially underprovided
E01004680,14,0.0060502002494029,38.04927586897798,9,Apparently adequate
E01004681,6,0.077752572014982,43.19863255615765,9,Saturated / potentially underprovided
E01004682,6,0.0117125771600437,23.517390247328994,7,Apparently adequate
E01004683,36,0.0120135673860114,55.56841639699832,10,Apparently adequate
E01004684,14,0.0038977761242421,26.236933567174344,6,Apparently adequate
E01004686,17,0.0102843931547408,25.515257172184345,4,Apparently adequate
E01004687,24,0.0136129195586419,65.97237906890996,10,Apparently adequate
E01004690,35,0.0204859413556922,48.72489043369093,10,Saturated / potentially underprovided
E01004691,28,0.0358330205532958,47.245083948164776,10,Saturated / potentially underprovided
E01004692,16,0.0160966555741705,34.85442459677489,10,Apparently adequate
E01004693,23,0.0062283950613425,36.28596805554163,9,Apparently adequate
E01004694,31,0.0171893398211535,28.88487468812913,8,Saturated / potentially underprovided
E01004695,3,0.0441628086415895,17.31818601189836,8,Saturated / potentially underprovided
E01004696,5,0.0143387345672839,29.823534780825995,2,Apparently adequate
E01004697,23,0.0101008957324208,29.95277110682904,8,Apparently adequate
E01004698,27,0.0212058899170453,25.149515961684315,6,Saturated / potentially underprovided
E01004699,26,0.0276494391018963,37.7040575377502,7,Saturated / potentially underprovided
E01004700,22,0.0106474554570444,32.000773521426225,9,Apparently adequate
E01004701,22,0.005466606165575,44.0913429313445,8,Apparently adequate
E01004702,20,0.0022935088733024,55.53845009054542,1,Apparently adequate
E01004703,63,0.0168459423368974,71.03791399497234,9,Saturated / potentially underprovided
E01004705,20,0.021619386573206,42.232352323590995,10,Saturated / potentially underprovided
E01004706,29,0.0085834397612813,38.5252677016348,9,Apparently adequate
E01004707,57,0.0061707830208265,56.63826807695415,10,Apparently adequate
E01004708,21,0.0141892636678608,33.13237782800654,5,Apparently adequate
E01004709,23,0.026981934377558,43.09923080317349,4,Saturated / potentially underprovided
E01004710,20,0.0242817901223186,37.96660083419302,2,Saturated / potentially underprovided
E01004711,10,0.0206335262339506,37.44664642809783,2,Saturated / potentially underprovided
E01004712,9,0.0170205332640603,36.80293524528541,9,Saturated / potentially underprovided
E01004713,30,0.012021223422115,39.41954096556855,10,Apparently adequate
E01004714,50,0.0087086795474607,40.938179757179256,9,Apparently adequate
E01004715,20,0.0138548128853298,31.847549722940137,7,Apparently adequate
E01004716,18,0.016965031292031,40.50657567333606,10,Saturated / potentially underprovided
E01004717,10,0.0235763503079861,29.837915271445517,9,Saturated / potentially underprovided
E01004718,38,0.0070129683774095,40.74282923421509,3,Apparently adequate
E01004719,46,0.006970309983595,54.27929603065141,3,Apparently adequate
E01004720,55,0.0085710952110853,61.71570965692792,4,Apparently adequate
E01004721,42,0.0106320148684536,45.46072179609244,1,Apparently adequate
E01004722,35,0.0077909501760251,62.04785645515571,1,Apparently adequate
E01004723,30,0.0100161736964484,47.84426939160328,2,Apparently adequate
E01004724,21,0.0114322714574625,49.309293556158025,8,Apparently adequate
E01004725,17,0.0323670967173089,37.61771404694271,3,Saturated / potentially underprovided
E01004726,21,0.0187472258958057,57.090197624697346,9,Saturated / potentially underprovided
E01004727,8,0.0384214650790171,44.36217414775878,10,Saturated / potentially underprovided
E01004728,12,0.0404132748162937,32.15890408735739,6,Saturated / potentially underprovided
E01004729,6,0.007248649690715,35.4368388573006,3,Apparently adequate
E01004730,24,0.0134653742279449,50.80916520475962,9,Apparently adequate
E01004731,17,0.0121422362923588,41.45905481010277,10,Apparently adequate
E01004732,7,0.0092004519395943,20.796082559643548,1,Apparently adequate
E01004733,15,0.0436880744108753,60.71723144838149,8,Saturated / potentially underprovided
E01004734,3,0.0042159207813786,25.48817382829982,6,Apparently adequate
E01004735,15,0.01824148662509,28.658869478102524,7,Saturated / potentially underprovided
E01004736,14,0.054521614116448,36.569987872404546,10,Saturated / potentially underprovided
E01004737,4,0.0090114776232638,35.752421623031566,6,Apparently adequate
E01004740,14,0.0720535714275793,25.458835836015396,2,Saturated / potentially underprovided
E01004741,10,0.0118822145052854,28.35274253052618,5,Apparently adequate
E01004742,10,0.0452222029277006,39.26811583356266,8,Saturated / potentially underprovided
E01004743,7,0.0136319847198374,31.713187968687553,5,Apparently adequate
E01004744,15,0.0188138117276234,34.30756275881239,6,Saturated / potentially underprovided
E01004746,12,0.0037745627570891,22.954499205595063,2,Apparently adequate
E01004747,22,0.0201957070702861,46.2754810544378,6,Saturated / potentially underprovided
E01004748,13,0.0134960974591667,29.544069355283703,9,Apparently adequate
E01004749,33,0.0532922687509235,60.08485228409081,7,Saturated / potentially underprovided
E01004750,6,0.004847029320859,36.74118763020362,4,Apparently adequate
E01004751,17,0.0133511483292483,46.21966969754582,9,Apparently adequate
E01004752,11,0.0360155548531846,31.892797023832685,4,Saturated / potentially underprovided
E01004753,14,0.045072301218952,47.27255617072219,7,Saturated / potentially underprovided
E01004754,10,0.0508845293199074,31.558267133242257,1,Saturated / potentially underprovided
E01004755,7,0.0355034722214506,53.215128601827224,4,Saturated / potentially underprovided
E01004756,19,0.0216098927869355,37.86756279546118,4,Saturated / potentially underprovided
E01004757,24,0.0129338831013213,33.218640496888035,1,Apparently adequate
E01004760,18,0.0277548439636845,36.029147327042494,5,Saturated / potentially underprovided
E01004761,26,0.0122104700850397,44.76862307690403,9,Apparently adequate
E01004762,23,0.0153721064808272,55.497667943348965,9,Apparently adequate
E01004763,14,0.0147400104710923,34.425384316274155,8,Apparently adequate
E01004765,20,0.017650662293512,40.022416355284214,7,Saturated / potentially underprovided
E01032512,8,0.0832956211409143,49.95434862825418,1,Saturated / potentially underprovided
E01032513,15,0.0065236111108796,24.914400515416336,1,Apparently adequate
E01032562,0,,72.62532467532466,3,True desert
E01032563,0,,97.37824675324671,10,True desert
E01032564,0,,50.88798701298701,2,"Low-demand, no provision"
E01032565,0,,59.43214285714284,3,"Low-demand, no provision"
E01032566,0,,95.2422077922078,5,True desert
E01032567,0,,85.44155844155844,6,True desert
E01032568,0,,82.425974025974,4,True desert
E01032569,1,0.0,69.7353896103896,1,Apparently adequate
E01032570,1,0.0264963991735468,139.29689448005698,8,Saturated / potentially underprovided
E01032572,2,0.0083022762341821,69.17411934182958,8,Apparently adequate
E01032573,3,0.0176288580241126,71.47620251393842,9,Saturated / potentially underprovided
E01032574,7,0.0240776565246913,70.12770744347573,1,Saturated / potentially underprovided
E01032575,0,,48.626298701298694,1,"Low-demand, no provision"
E01032576,0,,95.6191558441558,7,True desert
E01032577,0,,109.69188311688308,8,True desert
E01032579,1,0.0371222442652943,44.958239104896336,4,Saturated / potentially underprovided
E01032580,0,,60.8142857142857,2,"Low-demand, no provision"
E01032581,0,,81.42077922077921,3,True desert
E01032582,10,0.0141961419746913,41.54318625448408,7,Apparently adequate
E01032583,18,0.0353260030836762,34.473330599430646,6,Saturated / potentially underprovided
E01032584,7,0.0341795451196355,21.700646045953544,6,Saturated / potentially underprovided
E01032623,0,,137.5860389610389,10,True desert
E01032637,0,,27.01461038961038,10,"Low-demand, no provision"
E01032638,1,0.0003317901234567,35.19349116161615,10,Apparently adequate
E01032639,4,0.0202270447526041,26.791890928806765,7,Saturated / potentially underprovided
E01032640,2,0.0082562692895447,30.658192416897077,10,Apparently adequate
E01032646,3,0.0518852880648148,30.266633079275344,9,Saturated / potentially underprovided
E01032719,3,0.0742328960877057,20.38147654177832,6,Saturated / potentially underprovided
E01032739,13,0.004602170880557,23.099652709068792,10,Apparently adequate
E01032740,0,,22.365584415584404,10,"Low-demand, no provision"
E01032741,0,,47.244155844155834,6,"Low-demand, no provision"
E01032742,0,,81.29512987012986,4,True desert
E01032743,1,0.0,95.49350649350647,1,Apparently adequate
E01032744,2,0.0,65.21201298701298,2,Apparently adequate
E01032764,27,0.0124073216731538,47.575912637769115,4,Apparently adequate
E01032765,16,0.0203483314038387,42.308014741423435,3,Saturated / potentially underprovided
E01032767,12,0.0130374549894225,22.402599718908935,9,Apparently adequate
E01032768,1,0.0061998456786265,35.52636838247194,9,Apparently adequate
E01032769,2,0.0119669174379822,37.38297790008399,5,Apparently adequate
E01032770,15,0.0153003086414866,30.48966605427825,7,Apparently adequate
E01032771,3,0.0050465534978137,24.87783902341552,8,Apparently adequate
E01032772,17,0.014083968772263,36.569250755703386,4,Apparently adequate
E01032774,10,0.0138399305552469,30.700587273732523,3,Apparently adequate
E01032775,0,,36.06136363636363,8,"Low-demand, no provision"
E01032776,0,,36.815259740259734,8,"Low-demand, no provision"
E01032777,5,0.0526217592581018,29.229734157164824,3,Saturated / potentially underprovided
E01032779,2,0.0483711419739583,27.794429331223206,7,Saturated / potentially underprovided
E01032780,2,0.0143944830244984,44.610302833009186,5,Apparently adequate
E01032781,1,0.0199675925925925,35.627997862554096,8,Saturated / potentially underprovided
E01032782,5,0.0203216049378858,31.02506480157556,5,Saturated / potentially underprovided
E01032783,1,0.181856867279321,40.24337749014719,4,Saturated / potentially underprovided
E01032784,11,0.0252219241015537,36.584445205894006,6,Saturated / potentially underprovided
E01032785,0,,44.98246753246752,4,"Low-demand, no provision"
E01032786,1,0.0083657407407407,35.222739150432886,1,Apparently adequate
E01032787,16,0.0249822289731867,43.65925115768807,1,Saturated / potentially underprovided
E01032788,18,0.016415616426376,45.46545854100476,6,Saturated / potentially underprovided
E01032789,0,,31.789285714285704,6,"Low-demand, no provision"
E01032790,0,,37.82045454545454,5,"Low-demand, no provision"
E01032803,0,,22.114285714285707,8,"Low-demand, no provision"
E01032834,1,0.0864197530833333,39.723809523696666,10,Saturated / potentially underprovided
E01033000,0,,58.42694805194804,2,"Low-demand, no provision"
E01033030,0,,46.11331168831168,7,"Low-demand, no provision"
E01033081,0,,70.36363636363635,5,True desert
E01033082,1,0.0019473646720857,55.896951875608806,3,Apparently adequate
E01033083,0,,32.543181818181814,3,"Low-demand, no provision"
E01033084,0,,50.3853896103896,2,"Low-demand, no provision"
E01033086,1,0.0487633101844135,36.502070807941216,1,Saturated / potentially underprovided
E01033098,0,,39.07694805194804,10,"Low-demand, no provision"
E01033099,2,0.0210059156371527,57.601639908720294,7,Saturated / potentially underprovided
E01033100,3,4.848251003086419e-05,30.031650744415668,6,Apparently adequate
E01033132,2,0.0884925510417853,48.005702160994474,8,Saturated / potentially underprovided
E01033133,0,,42.46948051948051,8,"Low-demand, no provision"
E01033135,22,0.0046796962679573,43.42564889764955,10,Apparently adequate
E01033146,1,0.2255424382700617,73.14459049188119,1,Saturated / potentially underprovided
E01033148,0,,89.21103896103895,3,True desert
E01033150,0,,65.46331168831168,1,"Low-demand, no provision"
E01033151,0,,48.12370129870129,1,"Low-demand, no provision"
E01033208,2,0.0119557291648662,32.550804545396616,7,Apparently adequate
E01033320,1,0.0852916666643518,62.45571647713949,6,Saturated / potentially underprovided
E01033322,0,,38.32305194805194,6,"Low-demand, no provision"
E01033324,4,0.07373967978125,55.180109654160894,4,Saturated / potentially underprovided
E01033325,0,,28.01980519480519,9,"Low-demand, no provision"
E01033327,0,,55.03441558441558,6,"Low-demand, no provision"
E01033341,2,0.0263274305547453,33.78683230313891,3,Saturated / potentially underprovided
E01033455,0,,23.370779220779216,1,"Low-demand, no provision"
E01033456,3,0.007184799382716,73.02057094719515,1,Apparently adequate
E01033457,0,,61.69383116883116,5,"Low-demand, no provision"
E01033463,0,,157.56428571428566,7,True desert
E01033485,14,0.0156317102050264,41.98482994754368,1,Apparently adequate
E01033486,0,,19.224350649350647,3,"Low-demand, no provision"
E01033487,2,0.0203773148142361,18.718623065465565,9,Saturated / potentially underprovided
E01033488,5,0.0087584876537808,22.814972808429335,7,Apparently adequate
E01033489,2,0.0517414158935185,22.597757038826412,10,Saturated / potentially underprovided
E01033490,1,0.0167214506172839,20.312312019751072,6,Saturated / potentially underprovided
E01033491,2,0.0,37.56915584415583,5,Apparently adequate
E01033493,0,,34.17662337662337,10,"Low-demand, no provision"
E01033494,2,0.0241902970669367,43.110763332221744,9,Saturated / potentially underprovided
E01033569,1,0.0462982253082561,67.17947991632623,8,Saturated / potentially underprovided
E01033570,0,,90.46753246753244,8,True desert
E01033571,6,0.0137145061722608,84.70275868050717,7,Apparently adequate
E01033579,0,,32.2918831168831,8,"Low-demand, no provision"
E01033580,1,0.1105722736592078,54.42164716343644,8,Saturated / potentially underprovided
E01033581,2,0.0918707561714892,68.87081145599345,2,Saturated / potentially underprovided
E01033582,2,0.0,51.26493506493506,7,Apparently adequate
E01033584,0,,44.60551948051947,2,"Low-demand, no provision"
E01033586,0,,49.38019480519479,4,"Low-demand, no provision"
E01033587,0,,73.75616883116882,2,True desert
E01033589,0,,30.155844155844147,2,"Low-demand, no provision"
E01033590,0,,46.867207792207786,3,"Low-demand, no provision"
E01033591,9,2.5848765367798355e-05,84.56419881064569,2,Apparently adequate
E01033592,0,,92.100974025974,4,True desert
E01033593,3,0.0484139017433127,31.747538757757635,6,Saturated / potentially underprovided
E01033594,21,0.0089099243087154,31.058374829003508,5,Apparently adequate
E01033597,1,0.0596466049367283,26.09620593430542,3,Saturated / potentially underprovided
E01033598,7,0.0067998374116925,19.608080599720896,1,Apparently adequate
E01033599,1,0.0271288580243055,21.165524143209932,1,Saturated / potentially underprovided
E01033601,4,0.0454844232237654,35.20566962307663,3,Saturated / potentially underprovided
E01033602,2,0.0029753086415895,22.180082539673997,1,Apparently adequate
E01033603,3,0.0038611111108539,21.69513344155288,2,Apparently adequate
E01033604,5,0.0344503086412037,19.62667944352793,1,Saturated / potentially underprovided
E01033605,15,0.0239755144023405,32.29412647483771,1,Saturated / potentially underprovided
E01033699,5,0.0031047325102109,19.53611603234577,5,Apparently adequate
E01033700,5,0.0,28.27110389610389,6,Apparently adequate
E01033702,7,0.0673300540110505,39.696361151647345,1,Saturated / potentially underprovided
E01033703,8,0.0106989293978587,27.684618791421993,4,Apparently adequate
E01033704,6,0.0488919431576646,39.66957005928794,7,Saturated / potentially underprovided
E01033705,3,0.0,32.66883116883116,2,Apparently adequate
E01033706,11,0.0181785914699424,17.39895312540454,7,Saturated / potentially underprovided
E01033708,16,0.0254536916469063,19.713681342891224,9,Saturated / potentially underprovided
E01033709,4,0.0,22.742532467532456,5,Apparently adequate
E01033710,2,0.0318842592590663,22.81938333332906,3,Saturated / potentially underprovided
E01033711,5,0.0080638374483281,17.732759322386492,9,Apparently adequate
E01033712,9,0.0113319187239797,28.59146974769173,4,Apparently adequate
E01033713,7,0.030262786595238,28.608858879587952,6,Saturated / potentially underprovided
E01033727,0,,61.56818181818181,6,"Low-demand, no provision"
E01033728,0,,58.30129870129869,9,"Low-demand, no provision"
E01033729,0,,78.53084415584414,4,True desert
E01033732,0,,25.38116883116883,4,"Low-demand, no provision"
E01033734,4,0.0217028356473283,42.62093088808809,7,Saturated / potentially underprovided
E01033735,1,0.0,19.09870129870129,2,Apparently adequate
E01033736,0,,55.91396103896102,10,"Low-demand, no provision"
E01033737,0,,46.49025974025973,4,"Low-demand, no provision"
E01033738,0,,60.93993506493504,6,"Low-demand, no provision"
E01033739,0,,55.28571428571428,4,"Low-demand, no provision"
E01033740,0,,59.68344155844155,4,"Low-demand, no provision"
E01033741,1,0.0166772119341563,68.47122968374217,6,Saturated / potentially underprovided
E01033742,0,,50.76233766233766,7,"Low-demand, no provision"
E01033743,0,,71.24318181818181,5,True desert
E01033744,0,,58.04999999999998,3,"Low-demand, no provision"
E01033745,0,,71.4944805194805,4,True desert
E01033746,1,0.0361950231475694,53.2506678080736,7,Saturated / potentially underprovided
E01033784,0,,96.49870129870126,8,True desert
E01033785,1,0.0,71.74577922077921,8,Apparently adequate
E01033786,0,,39.83084415584415,6,"Low-demand, no provision"
E01033787,0,,41.84123376623376,5,"Low-demand, no provision"
E01033788,0,,75.13831168831167,7,True desert
E01033789,1,0.087569444441358,94.42680458577094,6,Saturated / potentially underprovided
E01033790,3,0.0077118055554269,65.46167868302736,3,Apparently adequate
E01033791,2,0.0,63.70422077922077,3,Apparently adequate
E01033792,0,,85.81850649350649,8,True desert
E01033862,1,0.0,26.009415584415574,9,Apparently adequate
E01033863,2,0.0734322916657021,28.189098716492527,3,Saturated / potentially underprovided
E01033864,4,0.0142217881942033,21.919045165376275,3,Apparently adequate
E01033865,3,0.0265415380653292,20.508500149926576,9,Saturated / potentially underprovided
E01033866,1,0.0326593364193672,13.234803456434442,10,Saturated / potentially underprovided
E01033867,6,0.0258810442374614,21.13981107651402,7,Saturated / potentially underprovided
E01033868,7,0.0274343584647266,15.233382277159148,10,Saturated / potentially underprovided
E01033869,4,0.0665706982993827,34.03953457838725,3,Saturated / potentially underprovided
E01033870,0,,33.674025974025966,7,"Low-demand, no provision"
E01033871,21,0.0644174015269878,35.57573251558154,4,Saturated / potentially underprovided
E01033872,5,0.0585530864183641,33.51763999995601,5,Saturated / potentially underprovided
E01033873,3,0.0643779578173868,27.14889504678302,4,Saturated / potentially underprovided
E01033874,0,,8.669805194805193,10,"Low-demand, no provision"
E01033875,3,0.020877443414609,19.36916076649984,5,Saturated / potentially underprovided
E01033876,7,0.0085580908285934,16.34748232741423,8,Apparently adequate
E01033877,13,0.0318802528473112,30.079979422611345,5,Saturated / potentially underprovided
E01033878,15,0.038150694443287,22.30574626823811,3,Saturated / potentially underprovided
E01033879,8,0.0361730806315104,51.81740094719122,2,Saturated / potentially underprovided
E01033880,11,0.0993023989882155,35.08416468043623,9,Saturated / potentially underprovided
E01033881,9,0.0513047839484739,40.421303611930576,1,Saturated / potentially underprovided
E01033882,22,0.0393800505041386,39.83221566923896,4,Saturated / potentially underprovided
E01033883,7,0.0115698853612764,38.3851359680889,3,Apparently adequate
E01033884,0,,16.58571428571428,8,"Low-demand, no provision"
E01033885,1,0.0648074845671296,24.082626420437084,4,Saturated / potentially underprovided
E01033911,2,0.0032771026232638,112.32045477118372,7,Apparently adequate
E01033912,0,,88.20584415584415,7,True desert
E01033913,3,0.0947592592555298,52.271200216272135,1,Saturated / potentially underprovided
E01033914,2,0.04607928240625,65.4567129159178,2,Saturated / potentially underprovided
E01033915,0,,43.47467532467532,2,"Low-demand, no provision"
E01033916,6,0.0085850158604573,52.33868560714049,1,Apparently adequate
E01033917,0,,52.89837662337661,6,"Low-demand, no provision"
E01033918,5,0.0015466435185185,44.17113357650162,8,Apparently adequate
E01033919,0,,46.867207792207786,8,"Low-demand, no provision"
E01033920,5,0.0,54.02922077922077,9,Apparently adequate
E01033921,0,,48.626298701298694,4,"Low-demand, no provision"
E01033922,10,0.0027563187209647,50.52426780303582,2,Apparently adequate
E01033923,0,,55.28571428571428,2,"Low-demand, no provision"
E01033924,0,,48.877597402597395,1,"Low-demand, no provision"
E01033925,3,0.0730634001994598,70.11145410913612,6,Saturated / potentially underprovided
E01033926,0,,88.33149350649349,1,True desert
E01033927,2,0.0848465952920524,59.022347019378074,3,Saturated / potentially underprovided
E01033928,0,,52.270129870129864,5,"Low-demand, no provision"
E01033929,0,,49.6314935064935,5,"Low-demand, no provision"
E01033930,3,0.0025523405349794,80.36889227017195,4,Apparently adequate
E01033931,1,0.0709770447330247,36.46781153261864,3,Saturated / potentially underprovided
E01033932,1,0.0,52.89837662337661,2,Apparently adequate
E01033933,1,0.0,51.76753246753246,1,Apparently adequate
E01033934,1,0.0,56.290909090909075,1,Apparently adequate
E01033935,3,0.01233307613143,49.22601054517146,3,Apparently adequate
E01033936,3,0.0403500514391718,24.575229981333884,5,Saturated / potentially underprovided
E01033937,2,0.0,27.76850649350649,1,Apparently adequate
E01033938,3,0.0259595336070816,32.09887614836986,3,Saturated / potentially underprovided
E01033939,1,0.0144149305553626,67.80902713066891,2,Apparently adequate
E01033940,0,,28.14545454545454,9,"Low-demand, no provision"
E01033941,0,,29.401948051948043,2,"Low-demand, no provision"
E01033942,0,,21.611688311688305,6,"Low-demand, no provision"
E01033943,0,,40.2077922077922,6,"Low-demand, no provision"
E01033944,0,,36.68961038961038,4,"Low-demand, no provision"
E01033945,0,,33.674025974025966,4,"Low-demand, no provision"
E01033946,0,,35.30746753246753,7,"Low-demand, no provision"
E01034026,0,,15.706168831168826,9,"Low-demand, no provision"
E01034027,1,0.0501313657397762,57.397521027747594,1,Saturated / potentially underprovided
E01034028,1,0.0,39.579545454545446,3,Apparently adequate
E01034029,2,0.0267347608016975,47.3461400460728,3,Saturated / potentially underprovided
E01034030,3,0.0351874356974665,55.93037051117382,5,Saturated / potentially underprovided
E01034031,0,,36.815259740259734,9,"Low-demand, no provision"
E01034032,2,0.0078694058641975,73.57675724037246,5,Apparently adequate
E01034033,0,,77.77694805194804,7,True desert
E01034034,0,,66.59415584415584,6,"Low-demand, no provision"
E01034035,10,0.0210077932094135,78.51284732950984,8,Saturated / potentially underprovided
E01034036,0,,32.5431818181818,3,"Low-demand, no provision"
E01034037,1,0.0085636574074074,55.12553535917207,6,Apparently adequate
E01034038,0,,47.62110389610389,4,"Low-demand, no provision"
E01034039,0,,48.75194805194805,2,"Low-demand, no provision"
E01034040,1,0.0334510030848765,41.16322584657453,4,Saturated / potentially underprovided
E01034041,1,0.0717546296296296,56.29008422619047,5,Saturated / potentially underprovided
E01034042,1,0.0945621302597415,50.33635365397736,4,Saturated / potentially underprovided
E01034043,0,,53.27532467532466,2,"Low-demand, no provision"
E01034044,0,,54.90876623376622,6,"Low-demand, no provision"
E01034045,0,,65.46331168831168,6,"Low-demand, no provision"
E01034046,0,,58.17564935064934,1,"Low-demand, no provision"
E01034139,2,0.0,56.29090909090908,2,Apparently adequate
E01034140,1,0.0657388117272376,37.09290093452861,3,Saturated / potentially underprovided
E01034141,2,0.06489689428478,32.64807919919584,6,Saturated / potentially underprovided
E01034142,0,,39.202597402597384,3,"Low-demand, no provision"
E01034143,1,0.0,21.611688311688308,3,Apparently adequate
E01034144,1,0.1480736882696759,51.21042326718487,5,Saturated / potentially underprovided
E01034145,1,0.0,30.407142857142848,2,Apparently adequate
E01034146,0,,46.99285714285713,5,"Low-demand, no provision"
E01034147,0,,17.088311688311684,8,"Low-demand, no provision"
E01034148,0,,27.26590909090909,6,"Low-demand, no provision"
E01034149,0,,64.20681818181816,3,"Low-demand, no provision"
E01034150,1,0.0645069444430941,34.77619764605978,1,Saturated / potentially underprovided
E01034151,0,,34.30227272727271,6,"Low-demand, no provision"
E01034152,1,0.0186614583327546,48.12580068990773,3,Saturated / potentially underprovided
E01034153,1,0.0392717151642416,74.69394284273284,6,Saturated / potentially underprovided
E01034154,4,0.0021829346707175,74.04309736426288,8,Apparently adequate
E01034155,0,,73.63051948051947,4,True desert
E01034156,4,0.0364298321722608,44.40731677346646,5,Saturated / potentially underprovided
E01034173,0,,53.02402597402597,2,"Low-demand, no provision"
E01034174,0,,48.24935064935064,7,"Low-demand, no provision"
E01034175,0,,40.4590909090909,7,"Low-demand, no provision"
E01034176,0,,78.15389610389609,4,True desert
E01034177,0,,55.411363636363625,5,"Low-demand, no provision"
E01034178,1,0.0046679269544753,35.093572593936415,8,Apparently adequate
E01034179,1,0.0287120627568158,31.926479664565335,5,Saturated / potentially underprovided
E01034180,0,,28.14545454545454,1,"Low-demand, no provision"
E01034181,1,0.0290025720153034,26.11728800802737,9,Saturated / potentially underprovided
E01034182,1,0.0486038910887896,32.28031751090375,5,Saturated / potentially underprovided
E01034183,0,,43.47467532467531,7,"Low-demand, no provision"
E01034184,0,,32.543181818181814,7,"Low-demand, no provision"
E01034185,0,,39.7051948051948,6,"Low-demand, no provision"
E01034186,0,,28.899350649350644,10,"Low-demand, no provision"
E01034187,0,,29.527597402597394,4,"Low-demand, no provision"
E01034188,0,,22.993831168831164,8,"Low-demand, no provision"
E01034189,1,0.0,27.01461038961038,8,Apparently adequate
E01034190,0,,49.25454545454544,3,"Low-demand, no provision"
E01034191,0,,43.34902597402597,7,"Low-demand, no provision"
E01034192,2,0.0355050636563625,81.70941839311288,5,Saturated / potentially underprovided
E01034193,0,,27.64285714285714,6,"Low-demand, no provision"
E01034194,0,,30.65844155844155,8,"Low-demand, no provision"
E01034195,1,0.031322145060378,23.325292410683737,4,Saturated / potentially underprovided
E01034196,0,,31.0353896103896,7,"Low-demand, no provision"
E01034198,0,,73.00227272727271,4,True desert
E01034199,2,0.0789230324058642,33.89149460560628,2,Saturated / potentially underprovided
E01034200,1,0.10946874999402,24.39570490043668,7,Saturated / potentially underprovided
E01034201,1,0.0,34.17662337662337,1,Apparently adequate
E01034202,2,0.1619699074056713,44.676233887920255,4,Saturated / potentially underprovided
E01034203,0,,24.250324675324674,7,"Low-demand, no provision"
E01034204,2,0.0,48.24935064935064,1,Apparently adequate
E01034205,2,0.0555026041526813,57.02798323280769,3,Saturated / potentially underprovided
E01034206,0,,45.485064935064926,2,"Low-demand, no provision"
E01034207,0,,46.11331168831168,6,"Low-demand, no provision"
E01034208,4,0.0424982156627604,45.71523912404526,1,Saturated / potentially underprovided
E01034209,1,0.0,23.747727272727268,8,Apparently adequate
E01034210,0,,33.92532467532467,7,"Low-demand, no provision"
E01034211,0,,23.245129870129865,5,"Low-demand, no provision"
E01034212,0,,38.7,9,"Low-demand, no provision"
E01034213,1,0.0,38.07175324675323,7,Apparently adequate
E01034214,0,,25.50681818181818,9,"Low-demand, no provision"
E01034215,0,,24.501623376623375,5,"Low-demand, no provision"
E01034216,1,0.2744695215972222,35.87052398968181,7,Saturated / potentially underprovided
E01034217,0,,27.768506493506493,8,"Low-demand, no provision"
E01034218,1,0.0,40.082142857142856,1,Apparently adequate
E01034219,0,,30.40714285714285,8,"Low-demand, no provision"
E01034220,2,0.0886651234521604,13.131846320290473,8,Saturated / potentially underprovided
E01034221,1,0.0,32.0405844155844,5,Apparently adequate
E01034222,0,,27.51720779220779,4,"Low-demand, no provision"
E01034223,0,,23.99902597402596,7,"Low-demand, no provision"
E01034224,1,0.0,45.73636363636363,1,Apparently adequate
E01034225,1,0.0,45.23376623376622,3,Apparently adequate
E01034226,0,,36.31266233766233,7,"Low-demand, no provision"
E01034227,0,,33.422727272727265,5,"Low-demand, no provision"
E01034228,0,,31.0353896103896,10,"Low-demand, no provision"
E01034229,0,,41.21298701298701,6,"Low-demand, no provision"
E01034230,0,,21.611688311688305,10,"Low-demand, no provision"
E01034231,0,,31.412337662337652,10,"Low-demand, no provision"
E01034383,0,,43.47467532467532,5,"Low-demand, no provision"
E01034384,0,,49.8827922077922,7,"Low-demand, no provision"
E01034385,0,,77.77694805194804,9,True desert
E01034386,1,0.0084376929004629,34.46499522905009,5,Apparently adequate
E01034387,1,0.0671358024668209,31.1077015872341,9,Saturated / potentially underprovided
E01034388,0,,28.39675324675324,9,"Low-demand, no provision"
E01034389,3,0.009258616254501,36.52205465365637,4,Apparently adequate
E01034390,1,0.0011184413578317,37.862754505990175,6,Apparently adequate
E01034391,1,0.0,58.17564935064934,7,Apparently adequate
E01034392,0,,33.04577922077922,6,"Low-demand, no provision"
E01034393,0,,16.33441558441558,9,"Low-demand, no provision"
E01034394,0,,14.952272727272724,10,"Low-demand, no provision"
E01034395,0,,36.06136363636363,3,"Low-demand, no provision"
E01034469,0,,69.4840909090909,6,True desert
E01034470,0,,66.46850649350648,4,"Low-demand, no provision"
E01034471,0,,82.1746753246753,3,True desert
E01034472,0,,57.79870129870129,3,"Low-demand, no provision"
E01034473,0,,22.99383116883116,1,"Low-demand, no provision"
E01034474,1,0.1852980324031636,37.828709736742255,4,Saturated / potentially underprovided
E01034475,1,0.0755857767471707,70.95199356837868,2,Saturated / potentially underprovided
E01034476,0,,64.70941558441558,3,"Low-demand, no provision"
E01034477,0,,58.30129870129869,2,"Low-demand, no provision"
E01034478,0,,50.6366883116883,7,"Low-demand, no provision"
E01034479,1,0.0,60.8142857142857,1,Apparently adequate
E01034480,0,,42.46948051948051,2,"Low-demand, no provision"
E01034481,1,0.0,53.400974025974016,3,Apparently adequate
E01034482,0,,12.062337662337656,8,"Low-demand, no provision"
E01034483,1,0.0,28.27110389610389,3,Apparently adequate
E01034484,9,0.0024653635114454,50.25768966749766,2,Apparently adequate
E01034485,10,0.0013589120369212,56.493223581906335,7,Apparently adequate
E01034486,0,,23.119480519480515,8,"Low-demand, no provision"
E01034487,1,0.0,31.0353896103896,2,Apparently adequate
E01034488,5,0.0197693672836419,49.972009936402614,1,Saturated / potentially underprovided
E01034576,0,,47.369805194805195,8,"Low-demand, no provision"
E01034577,0,,46.99285714285713,6,"Low-demand, no provision"
E01034578,4,0.0244866898137538,39.004004459172265,5,Saturated / potentially underprovided
E01034579,3,0.004747427983539,72.08638714075276,7,Apparently adequate
E01034580,6,0.0377960069434156,40.55390065184696,7,Saturated / potentially underprovided
E01034581,5,0.0205553240735339,51.677541849945584,9,Saturated / potentially underprovided
E01034589,0,,108.81233766233764,7,True desert
E01034590,0,,62.0707792207792,6,"Low-demand, no provision"
E01034591,0,,59.43214285714286,3,"Low-demand, no provision"
E01034592,0,,42.46948051948051,4,"Low-demand, no provision"
E01034593,0,,77.9025974025974,7,True desert
E01034594,0,,81.42077922077921,8,True desert
E01034595,0,,46.49025974025973,5,"Low-demand, no provision"
E01034596,0,,31.286688311688295,7,"Low-demand, no provision"
E01034597,0,,44.98246753246752,5,"Low-demand, no provision"
E01034598,0,,28.648051948051933,8,"Low-demand, no provision"
E01034599,0,,74.00746753246752,4,True desert
E01034600,0,,63.45292207792206,2,"Low-demand, no provision"
E01034601,0,,82.6772727272727,6,True desert
E01034602,0,,59.55779220779219,6,"Low-demand, no provision"
E01034603,0,,80.1642857142857,10,True desert
E01034604,0,,61.44253246753245,7,"Low-demand, no provision"
E01034605,0,,86.19545454545454,6,True desert
E01034606,0,,65.96590909090908,9,"Low-demand, no provision"
E01034607,1,0.0,76.52045454545453,5,Apparently adequate
E01034608,0,,111.57662337662336,4,True desert
E01034609,1,6.26929012345679e-05,68.60884647253788,5,Apparently adequate
E01034610,0,,83.30551948051948,3,True desert
E01034611,0,,57.17045454545454,2,"Low-demand, no provision"
E01034612,0,,85.19025974025972,3,True desert
E01034613,1,0.0,36.18701298701298,6,Apparently adequate
E01034614,0,,83.43116883116882,3,True desert
E01034615,1,0.0,114.96915584415584,4,Apparently adequate
E01034616,1,0.0,43.47467532467532,3,Apparently adequate
E01034617,0,,88.70844155844155,3,True desert
E01035484,24,0.0031394515173852,33.90578776666049,7,Apparently adequate
E01035485,0,,19.852597402597404,1,"Low-demand, no provision"
E01035486,0,,64.58376623376623,7,"Low-demand, no provision"
E01035487,25,0.0119143775717952,45.13696648139645,5,Apparently adequate
E01035488,1,0.02391705246875,62.39743868932532,9,Saturated / potentially underprovided
E01035489,0,,40.08214285714285,9,"Low-demand, no provision"
E01035490,6,0.0228699417003815,81.86911531105073,10,Saturated / potentially underprovided
E01035491,2,0.016459876542824,37.29351684702768,10,Saturated / potentially underprovided
E01035492,0,,50.51103896103894,7,"Low-demand, no provision"
E01035493,4,0.0615339506086033,42.01503124965641,6,Saturated / potentially underprovided
E01035494,1,0.0712852366234567,50.47736037823998,9,Saturated / potentially underprovided
E01035495,0,,28.14545454545454,1,"Low-demand, no provision"
E01035496,0,,36.06136363636362,10,"Low-demand, no provision"
E01035497,0,,21.862987012987,6,"Low-demand, no provision"
E01035498,1,0.0268101851828703,24.64244430459812,8,Saturated / potentially underprovided
E01035499,1,0.0208406635802469,37.069442317144656,2,Saturated / potentially underprovided
E01035638,1,0.1087746913555169,36.361690016151506,4,Saturated / potentially underprovided
E01035639,3,0.0,32.16623376623375,5,Apparently adequate
E01035640,11,0.0012311307518588,33.967091185799255,4,Apparently adequate
E01035641,3,0.0,14.700974025974018,7,Apparently adequate
E01035642,3,0.0021606224279835,34.88007031287577,6,Apparently adequate
E01035643,9,0.0154401148811728,32.79047350193719,5,Apparently adequate
E01035644,1,0.0,17.21396103896103,9,Apparently adequate
E01035645,7,0.0270101962076168,25.29246019569485,3,Saturated / potentially underprovided
E01035646,5,0.0,34.17662337662336,6,Apparently adequate
E01035647,0,,20.3551948051948,10,"Low-demand, no provision"
E01035648,1,0.0,28.89935064935064,2,Apparently adequate
E01035649,8,0.0169870635600043,26.32345541595151,5,Saturated / potentially underprovided
E01035650,8,0.0,46.86720779220778,3,Apparently adequate
E01035651,1,0.0460682870353009,30.09925642919787,4,Saturated / potentially underprovided
E01035652,0,,25.381168831168825,7,"Low-demand, no provision"
E01035653,2,4.108796277006173e-05,18.848176998778825,9,Apparently adequate
E01035654,1,0.0228425925920138,16.579016477263337,3,Saturated / potentially underprovided
E01035655,4,0.0296219618047839,40.622597907335624,6,Saturated / potentially underprovided
E01035656,0,,23.119480519480515,6,"Low-demand, no provision"
E01035657,1,0.0897970678985339,19.444385736784415,9,Saturated / potentially underprovided
E01035658,6,0.0176312371392746,19.94689384693905,7,Saturated / potentially underprovided
E01035659,9,0.0316763117276234,39.40735542926343,1,Saturated / potentially underprovided
E01035660,18,0.0493405135449674,24.65575442361549,2,Saturated / potentially underprovided
E01035661,13,0.0306194503791844,29.78423288254908,1,Saturated / potentially underprovided
E01035662,9,0.0282682184495884,32.4295097193304,9,Saturated / potentially underprovided
E01035663,29,0.0094553799486217,25.113807774007498,4,Apparently adequate
E01035664,14,0.0215366236768628,60.45539972530763,3,Saturated / potentially underprovided
E01035665,1,0.0,24.12467532467532,7,Apparently adequate
E01035666,6,0.0281210776740612,29.324483296294993,1,Saturated / potentially underprovided
E01035667,8,0.0429799864960937,34.8592356395717,1,Saturated / potentially underprovided
E01035668,9,0.0168629543892103,35.519551237310885,3,Saturated / potentially underprovided
E01035669,4,0.0279214891966628,18.9861771425029,4,Saturated / potentially underprovided
E01035670,36,0.0088285858194122,46.647185674693944,5,Apparently adequate
E01035671,0,,29.025,4,"Low-demand, no provision"
E01035672,29,0.0156453810129709,51.556533776174,1,Apparently adequate
E01035673,4,0.016832561727527,17.50371610072459,2,Saturated / potentially underprovided
E01035674,6,0.0327141203693415,25.432932291641325,4,Saturated / potentially underprovided
E01035675,12,0.0243896604930555,25.227923547960796,2,Saturated / potentially underprovided
E01035676,13,0.0496334876531635,35.34538532644009,1,Saturated / potentially underprovided
E01035677,5,0.0177091049377314,25.319148660700833,1,Saturated / potentially underprovided
E01035678,2,0.0535954861097608,43.55420067466007,2,Saturated / potentially underprovided
E01035679,5,0.0223122685175154,28.259631994019887,3,Saturated / potentially underprovided
E01035680,3,0.0392119341556069,38.12828097640266,4,Saturated / potentially underprovided
E01035681,9,0.0188602109050068,42.2463108878826,1,Saturated / potentially underprovided
E01035682,3,0.0094917695470679,21.436295520677557,1,Apparently adequate
E01035683,10,0.0242020833327546,40.15138193179549,2,Saturated / potentially underprovided
E01035684,3,0.0175706018509516,34.26569887713418,1,Saturated / potentially underprovided
E01035685,4,0.0204287229936342,30.3872409234588,1,Saturated / potentially underprovided
E01035686,13,0.0515137701798136,16.647374825164956,2,Saturated / potentially underprovided
E01035687,10,0.0597981095668981,19.441789865827552,4,Saturated / potentially underprovided
E01035688,0,,12.313636363636355,7,"Low-demand, no provision"
E01035689,6,0.0305397376538708,22.660163549548177,5,Saturated / potentially underprovided
E01035690,5,0.0147463734564814,31.6205512788504,6,Apparently adequate
E01035691,2,0.0369529320962577,34.657795044108084,7,Saturated / potentially underprovided
E01035692,18,0.0154312628596429,26.028008876702295,2,Apparently adequate
E01035693,12,0.0289156378593428,29.21786348001747,4,Saturated / potentially underprovided
E01035694,29,0.0188420338435637,40.58133826944627,1,Saturated / potentially underprovided
E01035695,18,0.0253899819953703,35.81740474121879,1,Saturated / potentially underprovided
E01035696,2,0.0351921296286651,21.461751116051424,7,Saturated / potentially underprovided
E01035697,7,0.0222448743376322,24.78977010037405,5,Saturated / potentially underprovided
E01035698,1,0.0827324459859182,14.556775277867164,7,Saturated / potentially underprovided
E01035699,0,,20.6064935064935,3,"Low-demand, no provision"
E01035700,0,,15.329220779220776,10,"Low-demand, no provision"
E01035701,0,,17.213961038961035,10,"Low-demand, no provision"
E01035702,0,,26.260714285714275,1,"Low-demand, no provision"
E01035703,0,,12.439285714285711,10,"Low-demand, no provision"
E01035704,0,,18.47045454545454,3,"Low-demand, no provision"
E01035705,30,0.0310491255134902,36.533284176554936,1,Saturated / potentially underprovided
E01035706,4,0.0242193287032214,21.234261439722136,7,Saturated / potentially underprovided
E01035707,16,0.0150363377694227,66.32010149763589,7,Apparently adequate
E01035708,3,0.0,21.73733766233766,6,Apparently adequate
E01035709,1,0.0077334104938271,25.957314974522003,1,Apparently adequate
E01035710,2,0.02786439043152,32.54592428975439,4,Saturated / potentially underprovided
E01035711,9,0.0435113597376971,25.04325622653614,8,Saturated / potentially underprovided
E01035712,3,0.0188492798352623,30.08417134890193,5,Saturated / potentially underprovided
E01035713,18,0.0217147205066636,68.16860711686944,10,Saturated / potentially underprovided
E01035714,13,0.0173698065047186,84.36902466799843,10,Saturated / potentially underprovided
E01035715,40,0.0308781925147174,82.51008478588817,9,Saturated / potentially underprovided
E01035716,18,0.041700092162755,35.73268066139194,6,Saturated / potentially underprovided
E01035717,36,0.016357596020919,48.910889363576814,7,Saturated / potentially underprovided
E01035718,16,0.0369704740493344,63.062618686114504,10,Saturated / potentially underprovided
E01035719,17,0.0315301379802559,30.458606622926737,8,Saturated / potentially underprovided
E01035720,13,0.01579680080698,31.142746852792687,7,Apparently adequate
E01035721,10,0.0227946759249228,61.686473701238185,5,Saturated / potentially underprovided
E01035722,22,0.0217386538994809,53.27803133426172,9,Saturated / potentially underprovided
