lsoa_code,ej,xj_A_p2000,slack_A_p2000,xj_A_p5000,slack_A_p5000,xj_A_p8000,slack_A_p8000,xj_B_p2000,slack_B_p2000,xj_B_p5000,slack_B_p5000,xj_B_p8000,slack_B_p8000,xj_C_p2000,slack_C_p2000,xj_C_p5000,slack_C_p5000,xj_C_p8000,slack_C_p8000,xj_D_p2000,slack_D_p2000,xj_D_p5000,slack_D_p5000,xj_D_p8000,slack_D_p8000
E01000001,1,0,0.0,0,0.0,0,0.0,0,0.0,0,0.0,0,0.0,0,0.0,0,0.0,0,0.0,0,0.0,0,0.0,0,0.0
E01000002,1,0,0.0,0,0.0,0,0.0,0,0.0,0,0.0,0,0.0,0,0.0,0,0.0,0,0.0,0,0.0,0,0.0,0,0.0
E01000003,0,0,0.0,0,0.0,0,0.0,0,0.0,0,0.0,0,0.0,0,0.0,0,0.0,0,0.0,0,0.0,0,0.0,0,0.0
E01000005,0,0,0.0,0,0.0,0,0.0,0,0.0,0,0.0,0,0.0,0,0.0,0,0.0,0,0.0,0,0.0,0,0.0,0,0.0
E01000006,0,0,64.835065,0,64.835065,0,64.835065,0,65.436997,0,65.436997,4,1.1383741,0,66.557541,0,66.557541,0,66.557541,0,67.57924,0,67.57924,0,67.57924
E01000007,0,0,66.468506,0,66.468506,4,2.1698834,0,68.013114,0,68.013114,4,3.7144912,0,70.888522,0,70.888522,4,6.5898987,0,73.510286,0,73.510286,4,9.2116627
E01000008,0,0,42.469481,0,42.469481,0,42.469481,0,43.555856,0,43.555856,0,43.555856,0,45.578228,0,45.578228,0,45.578228,0,47.422204,0,47.422204,0,47.422204
E01000009,1,0,45.49885,0,45.49885,0,45.49885,0,46.431008,0,46.431008,2,14.281696,0,48.166292,0,48.166292,0,48.166292,0,49.748503,0,49.748503,0,49.748503
E01000011,0,0,44.982468,0,44.982468,0,44.982468,0,45.742464,0,45.742464,2,13.593153,0,47.157258,0,47.157258,0,47.157258,0,48.44725,0,48.44725,0,48.44725
E01000012,1,0,47.165472,0,47.165472,0,47.165472,0,48.684427,0,48.684427,0,48.684427,0,51.512079,0,51.512079,0,51.512079,0,54.0903,0,54.0903,0,54.0903
E01000013,0,4,2.7981301,4,2.7981301,4,2.7981301,4,3.7091454,4,3.7091454,4,3.7091454,4,5.4050711,4,5.4050711,4,5.4050711,4,6.9513969,4,6.9513969,4,6.9513969
E01000014,0,0,77.651299,0,77.651299,4,13.352676,0,78.114589,0,78.114589,4,13.815966,0,78.977039,4,14.678416,4,14.678416,0,79.763412,4,15.464789,4,15.464789
E01000015,0,0,87.703247,5,7.3299678,5,7.3299678,0,89.133679,5,8.7604002,5,8.7604002,0,91.79654,5,11.423261,5,11.423261,0,94.224507,5,13.851228,5,13.851228
E01000016,0,0,77.4,0,77.4,4,13.101377,0,78.15635,0,78.15635,4,13.857727,4,15.265731,4,15.265731,4,15.265731,0,80.848156,5,0.47487724,5,0.47487724
E01000017,0,0,70.614935,0,70.614935,4,6.3163119,0,71.663298,4,7.3646749,4,7.3646749,4,9.3162841,4,9.3162841,4,9.3162841,0,75.394362,4,11.095739,4,11.095739
E01000018,0,0,78.028247,4,13.729624,4,13.729624,0,79.049615,0,79.049615,4,14.750992,0,80.950972,5,0.57769345,5,0.57769345,0,82.684608,5,2.3113292,5,2.3113292
E01000019,0,0,65.337662,0,65.337662,4,1.0390392,0,66.396938,0,66.396938,4,2.0983151,0,68.368863,4,4.0702396,4,4.0702396,0,70.166841,4,5.8682178,4,5.8682178
E01000020,0,0,84.813312,0,84.813312,5,4.4400328,0,85.517961,0,85.517961,5,5.1446823,0,86.829721,0,86.829721,5,6.4564421,0,88.025769,5,7.6524898,5,7.6524898
E01000021,0,0,67.096753,0,67.096753,4,2.7981301,0,68.472633,4,4.1740103,4,4.1740103,0,71.033941,0,71.033941,4,6.7353181,0,73.369313,4,9.0706895,4,9.0706895
E01000022,0,0,62.824675,0,62.824675,3,14.600708,0,63.677686,0,63.677686,3,15.453719,0,65.265631,0,65.265631,4,0.96700819,0,66.713502,0,66.713502,4,2.4148788
E01000024,0,0,63.578571,0,63.578571,3,15.354604,0,64.342553,0,64.342553,4,0.04392963,0,65.764763,0,65.764763,4,1.4661403,0,67.061519,0,67.061519,4,2.7628958
E01000025,0,0,75.892208,0,75.892208,4,11.593585,0,76.848588,0,76.848588,4,12.549965,0,78.628964,0,78.628964,4,14.330341,0,80.25229,0,80.25229,4,15.953667
E01000027,0,5,6.8273704,5,6.8273704,5,6.8273704,0,88.512265,5,8.1389865,5,8.1389865,0,90.953941,5,10.580662,5,10.580662,0,93.180232,5,12.806953,5,12.806953
E01000028,0,0,64.332468,4,0.0338444,4,0.0338444,0,65.563776,4,1.2651532,4,1.2651532,0,67.855954,4,3.5573304,4,3.5573304,0,69.945935,4,5.6473115,4,5.6473115
E01000029,0,0,97.880844,6,1.4329095,6,1.4329095,0,97.385527,6,0.93759274,6,0.93759274,0,96.463457,6,0.015522153,6,0.015522153,0,95.622723,5,15.249444,5,15.249444
E01000030,0,0,99.514286,6,3.066351,6,3.066351,0,101.1762,6,4.7282634,6,4.7282634,0,104.26998,6,7.8220425,6,7.8220425,0,107.09085,6,10.642915,6,10.642915
E01000031,0,5,6.4504224,5,6.4504224,5,6.4504224,5,6.434678,5,6.434678,5,6.434678,0,86.778648,5,6.4053687,5,6.4053687,0,86.751924,5,6.3786449,5,6.3786449
E01000032,0,0,86.572403,5,6.1991237,5,6.1991237,0,87.190293,5,6.8170139,5,6.8170139,0,88.340544,5,7.9672646,5,7.9672646,5,9.0160501,5,9.0160501,5,9.0160501
E01000033,0,0,64.960714,4,0.66209115,4,0.66209115,0,66.330827,4,2.0322036,4,2.0322036,0,68.881398,4,4.5827745,4,4.5827745,0,71.206979,4,6.908356,4,6.908356
E01000034,0,0,70.363636,4,6.0650132,4,6.0650132,0,70.975699,4,6.6770761,4,6.6770761,0,72.115102,4,7.8164786,4,7.8164786,4,8.8553729,4,8.8553729,4,8.8553729
E01000035,3,0,34.384429,2,2.2351179,2,2.2351179,0,35.119126,2,2.9698147,2,2.9698147,0,36.486821,2,4.3375099,2,4.3375099,2,5.5845588,2,5.5845588,2,5.5845588
E01000036,0,0,62.824675,3,14.600708,3,14.600708,0,63.168853,0,63.168853,3,14.944886,0,63.809566,3,15.585599,0,63.809566,0,64.393761,4,0.095138267,4,0.095138267
E01000037,0,6,2.1868056,6,2.1868056,6,2.1868056,6,1.9667963,6,1.9667963,6,1.9667963,0,98.005167,6,1.5572319,6,1.5572319,0,97.63173,6,1.1837958,6,1.1837958
E01000038,0,0,84.185065,5,3.811786,5,3.811786,0,84.013716,5,3.6404372,5,3.6404372,0,83.694737,5,3.321458,5,3.321458,0,83.403895,5,3.0306164,5,3.0306164
E01000039,0,0,92.603571,5,12.230293,5,12.230293,5,11.987591,5,11.987591,5,11.987591,5,11.535782,5,11.535782,5,11.535782,5,11.123828,5,11.123828,5,11.123828
E01000040,0,0,64.709416,0,64.709416,4,0.41079245,0,66.04897,0,66.04897,4,1.7503469,4,4.2440317,4,4.2440317,4,4.2440317,0,70.816368,0,70.816368,4,6.5177452
E01000041,0,0,75.640909,0,75.640909,4,11.342286,0,76.527692,4,12.229069,4,12.229069,0,78.178508,4,13.879884,4,13.879884,0,79.683702,4,15.385079,4,15.385079
E01000042,0,0,61.191234,0,61.191234,0,61.191234,0,62.756514,3,14.532547,0,62.756514,0,65.670406,4,1.3717826,4,1.3717826,0,68.327259,4,4.0286357,4,4.0286357
E01000043,0,0,59.93474,0,59.93474,0,59.93474,0,60.24554,0,60.24554,3,12.021573,0,60.824118,0,60.824118,3,12.600151,0,61.351659,0,61.351659,3,13.127692
E01000044,0,0,58.929545,0,58.929545,0,58.929545,0,59.706668,0,59.706668,3,11.4827,0,61.153341,0,61.153341,0,61.153341,0,62.472401,0,62.472401,3,14.248434
E01000045,0,0,65.84026,0,65.84026,4,1.5416366,0,66.766339,0,66.766339,4,2.4677156,0,68.490307,4,4.1916836,4,4.1916836,0,70.062201,0,70.062201,4,5.763578
E01000046,0,0,76.394805,0,76.394805,4,12.096182,0,77.394792,0,77.394792,4,13.096169,0,79.256347,0,79.256347,4,14.957723,0,80.95369,0,80.95369,5,0.58041146
E01000049,1,0,46.961024,0,46.961024,0,46.961024,0,47.460136,0,47.460136,2,15.310824,0,48.38927,0,48.38927,0,48.38927,0,49.236444,0,49.236444,3,1.0124769
E01000050,0,0,56.793506,0,56.793506,0,56.793506,0,57.57017,0,57.57017,3,9.3462027,0,59.01599,0,59.01599,0,59.01599,0,60.334271,0,60.334271,0,60.334271
E01000051,1,0,13.201643,0,13.201643,0,13.201643,0,14.05338,0,14.05338,0,14.05338,0,15.638956,0,15.638956,0,15.638956,0,17.084666,0,17.084666,0,17.084666
E01000052,0,0,75.138312,0,75.138312,4,10.839689,0,76.334483,0,76.334483,4,12.03586,0,78.561248,0,78.561248,4,14.262625,0,80.591587,0,80.591587,5,0.21830834
E01000053,1,0,54.161713,0,54.161713,3,5.9377454,0,55.170187,0,55.170187,3,6.9462193,0,57.047539,3,8.8235719,3,8.8235719,0,58.759288,3,10.535321,3,10.535321
E01000054,0,0,77.651299,0,77.651299,4,13.352676,0,78.538919,0,78.538919,4,14.240296,0,80.191292,0,80.191292,4,15.892669,0,81.697908,5,1.3246289,5,1.3246289
E01000055,0,0,68.227597,0,68.227597,4,3.9289743,0,69.11402,0,69.11402,4,4.8153973,0,70.764166,4,6.4655426,4,6.4655426,0,72.268749,0,72.268749,4,7.9701264
E01000056,0,0,66.971104,0,66.971104,4,2.6724808,0,68.468575,0,68.468575,4,4.1699519,0,71.256234,0,71.256234,4,6.9576107,0,73.79799,4,9.4993664,4,9.4993664
E01000057,2,0,22.256857,0,22.256857,1,6.1822015,0,22.788512,0,22.788512,1,6.7138565,0,23.778229,0,23.778229,1,7.7035737,0,24.680642,0,24.680642,1,8.6059866
E01000058,0,0,79.536039,0,79.536039,4,15.237416,0,80.530577,5,0.15729781,5,0.15729781,0,82.381986,5,2.0087072,5,2.0087072,0,84.07008,5,3.6968012,5,3.6968012
E01000059,1,0,63.48889,0,63.48889,0,63.48889,0,64.522591,0,64.522591,0,64.522591,0,66.446906,4,2.1482831,4,2.1482831,0,68.201475,4,3.9028519,4,3.9028519
E01000060,0,0,80.541234,0,80.541234,5,0.16795485,0,81.79198,5,1.4187008,5,1.4187008,5,3.7470617,0,84.120341,5,3.7470617,5,5.8700348,5,5.8700348,5,5.8700348
E01000061,0,3,10.202981,0,58.426948,3,10.202981,0,60.947766,3,12.723799,3,12.723799,0,65.640466,0,65.640466,4,1.3418426,0,69.919216,0,69.919216,4,5.6205925
E01000062,1,0,88.641439,5,8.2681599,5,8.2681599,0,89.746467,5,9.3731884,5,9.3731884,5,11.430285,5,11.430285,5,11.430285,5,13.305922,5,13.305922,5,13.305922
E01000063,0,0,73.630519,4,9.3318963,4,9.3318963,0,74.191965,4,9.8933417,4,9.8933417,0,75.237139,4,10.938516,4,10.938516,4,11.891494,4,11.891494,4,11.891494
E01000064,0,0,94.86526,5,14.491981,5,14.491981,0,96.134792,0,96.134792,5,15.761513,6,2.0501889,6,2.0501889,6,2.0501889,6,4.2050482,6,4.2050482,6,4.2050482
E01000065,1,0,75.790188,4,11.491565,4,11.491565,0,77.790496,4,13.491873,4,13.491873,0,81.514226,5,1.1409467,5,1.1409467,0,84.90948,5,4.5362009,5,4.5362009
E01000066,1,0,89.496387,5,9.1231076,5,9.1231076,0,89.600864,5,9.2275849,5,9.2275849,0,89.795356,5,9.4220774,5,9.4220774,0,89.972692,5,9.5994136,5,9.5994136
E01000067,0,5,12.230293,5,12.230293,5,12.230293,0,93.165107,0,93.165107,5,12.791829,0,94.210451,5,13.837172,5,13.837172,0,95.163582,5,14.790304,5,14.790304
E01000068,0,0,67.222403,0,67.222403,4,2.9237795,0,67.361085,0,67.361085,0,67.361085,0,67.619252,0,67.619252,4,3.3206292,0,67.854647,0,67.854647,0,67.854647
E01000069,1,5,3.4643801,5,3.4643801,5,3.4643801,0,83.098072,5,2.7247934,5,2.7247934,5,1.3479953,5,1.3479953,5,1.3479953,0,80.465925,5,0.092646351,5,0.092646351
E01000070,2,0,59.864458,0,59.864458,3,11.64049,0,59.766963,0,59.766963,3,11.542996,0,59.585468,0,59.585468,3,11.361501,0,59.419984,0,59.419984,3,11.196017
E01000071,0,6,13.872195,6,13.872195,6,13.872195,6,14.175146,0,110.62308,6,14.175146,6,14.739112,6,14.739112,6,14.739112,6,15.25333,6,15.25333,6,15.25333
E01000072,0,0,79.28474,4,14.986117,4,14.986117,0,80.902809,5,0.52953058,5,0.52953058,0,83.914971,5,3.5416922,5,3.5416922,0,86.661426,5,6.288147,5,6.288147
E01000073,0,0,77.525649,0,77.525649,4,13.227026,0,78.790086,0,78.790086,4,14.491463,0,81.143933,0,81.143933,5,0.77065423,0,83.290144,0,83.290144,5,2.9168653
E01000074,0,0,70.237987,0,70.237987,4,5.9393639,0,71.212215,0,71.212215,4,6.9135914,0,73.025815,4,8.7271917,4,8.7271917,0,74.679435,4,10.380812,4,10.380812
E01000075,1,0,69.204989,0,69.204989,4,4.9063658,0,69.680505,0,69.680505,4,5.381882,0,70.565716,4,6.2670924,4,6.2670924,0,71.37284,4,7.0742171,4,7.0742171
E01000076,0,0,82.928571,0,82.928571,5,2.5552925,0,83.8927,5,3.5194208,5,3.5194208,0,85.687499,5,5.3142205,5,5.3142205,0,87.323977,5,6.9506985,5,6.9506985
E01000077,0,0,64.709416,0,64.709416,4,0.41079245,0,65.707991,0,65.707991,4,1.4093675,0,67.566916,4,3.2682927,4,3.2682927,0,69.261863,4,4.9632396,4,4.9632396
E01000078,0,0,74.384416,0,74.384416,4,10.085792,0,75.510517,4,11.211893,4,11.211893,4,13.308218,4,13.308218,4,13.308218,0,79.518246,0,79.518246,4,15.219623
E01000079,1,0,69.151373,0,69.151373,4,4.8527494,0,70.158844,0,70.158844,4,5.8602209,0,72.03433,4,7.7357073,4,7.7357073,0,73.744378,0,73.744378,4,9.4457546
E01000080,0,0,72.876623,0,72.876623,4,8.5780002,0,73.567437,4,9.2688137,4,9.2688137,0,74.85344,4,10.554817,4,10.554817,0,76.026002,4,11.727379,4,11.727379
E01000081,0,0,82.425974,5,2.0526951,5,2.0526951,0,83.102746,5,2.7294668,5,2.7294668,0,84.362609,5,3.9893299,5,3.9893299,0,85.511338,0,85.511338,5,5.1380588
E01000082,0,0,86.069805,5,5.6965263,5,5.6965263,0,87.30562,5,6.9323412,5,6.9323412,0,89.606186,5,9.2329068,5,9.2329068,0,91.703815,5,11.330536,5,11.330536
E01000083,1,0,80.126378,0,80.126378,0,80.126378,0,81.779896,0,81.779896,5,1.406617,0,84.858047,0,84.858047,5,4.4847682,0,87.66467,5,7.2913915,5,7.2913915
E01000084,2,0,23.819153,1,7.7444969,0,23.819153,0,24.453458,0,24.453458,1,8.3788023,0,25.634267,0,25.634267,1,9.5596111,0,26.710915,1,10.636259,1,10.636259
E01000085,0,0,56.667857,0,56.667857,3,8.4438898,0,57.658462,0,57.658462,3,9.4344944,0,59.502549,3,11.278582,3,11.278582,0,61.183967,3,12.96,3,12.96
E01000086,0,0,53.777922,0,53.777922,0,53.777922,0,54.770485,0,54.770485,3,6.5465179,0,56.618219,3,8.3942514,3,8.3942514,0,58.302961,3,10.078994,3,10.078994
E01000087,1,0,47.584313,0,47.584313,0,47.584313,0,48.808943,0,48.808943,3,0.58497562,0,51.088687,3,2.8647199,3,2.8647199,0,53.167332,3,4.9433648,3,4.9433648
E01000088,0,0,73.127922,0,73.127922,4,8.8292989,0,73.76403,0,73.76403,4,9.4654071,0,74.948195,4,10.649572,4,10.649572,0,76.027903,4,11.72928,4,11.72928
E01000089,0,0,72.122727,0,72.122727,4,7.8241041,0,73.552405,0,73.552405,4,9.2537816,0,76.213861,4,11.915237,4,11.915237,0,78.640546,4,14.341923,4,14.341923
E01000090,0,0,66.217208,0,66.217208,4,1.9185847,0,67.549206,4,3.2505827,4,3.2505827,0,70.028824,4,5.7302005,4,5.7302005,0,72.289711,4,7.9910879,4,7.9910879
E01000091,2,0,40.525672,0,40.525672,2,8.3763607,0,42.3067,0,42.3067,2,10.157388,0,45.622221,0,45.622221,2,13.472909,0,48.645276,0,48.645276,3,0.42130825
E01000093,0,0,58.05,0,58.05,0,58.05,0,59.314008,0,59.314008,0,59.314008,0,61.667057,0,61.667057,0,61.667057,0,63.812541,0,63.812541,3,15.588573
E01000094,0,0,90.467532,5,10.094254,5,10.094254,0,91.581104,5,11.207825,5,11.207825,0,93.654105,5,13.280826,5,13.280826,0,95.544243,5,15.170965,5,15.170965
E01000095,0,0,88.708442,5,8.3351626,5,8.3351626,0,91.107461,5,10.734182,5,10.734182,0,95.573421,5,15.200142,5,15.200142,0,99.645433,6,3.1974983,6,3.1974983
E01000096,2,0,25.314174,0,25.314174,1,9.239518,0,26.262613,0,26.262613,1,10.187957,0,28.028206,0,28.028206,1,11.953551,0,29.638054,1,13.563398,0,29.638054
E01000097,0,0,75.263961,4,10.965338,4,10.965338,4,12.200231,4,12.200231,4,12.200231,4,14.49908,4,14.49908,4,14.49908,0,80.893768,5,0.52048948,5,0.52048948
E01000098,0,0,75.38961,0,75.38961,4,11.090987,0,76.810481,0,76.810481,4,12.511857,0,79.455541,0,79.455541,4,15.156918,0,81.867277,5,1.4939979,5,1.4939979
E01000099,0,7,8.6033835,7,8.6033835,7,8.6033835,7,9.7279238,7,9.7279238,7,9.7279238,7,11.821343,7,11.821343,7,11.821343,0,126.25269,7,13.730099,7,13.730099
E01000100,0,0,77.902597,0,77.902597,4,13.603974,0,78.610646,0,78.610646,4,14.312023,0,79.928733,0,79.928733,4,15.63011,5,0.75727071,0,81.13055,5,0.75727071
E01000101,1,0,54.585002,0,54.585002,3,6.3610344,0,55.751245,3,7.5272774,3,7.5272774,0,57.922297,0,57.922297,3,9.6983295,0,59.901838,0,59.901838,3,11.67787
E01000102,0,0,72.625325,4,8.3267015,4,8.3267015,0,74.150008,4,9.8513845,4,9.8513845,4,12.6897,4,12.6897,4,12.6897,0,79.576268,3,31.3523,4,15.277644
E01000103,0,0,77.525649,4,13.227026,4,13.227026,0,78.442093,0,78.442093,4,14.14347,0,80.148125,4,15.849502,0,80.148125,0,81.703665,5,1.3303864,5,1.3303864
E01000104,0,0,74.007468,0,74.007468,4,9.7088444,0,75.40951,0,75.40951,4,11.110887,0,78.019522,4,13.720898,4,13.720898,0,80.3993,5,0.026021417,5,0.026021417
E01000105,0,0,81.29513,0,81.29513,5,0.92185095,0,83.065288,0,83.065288,5,2.6920093,0,86.360576,5,5.9872968,5,5.9872968,0,89.365181,5,8.9919024,5,8.9919024
E01000106,0,0,79.912987,4,15.614364,4,15.614364,0,82.456246,5,2.0829669,5,2.0829669,0,87.19072,5,6.817441,5,6.817441,0,91.50756,5,11.134281,5,11.134281
E01000107,0,0,79.787338,0,79.787338,0,79.787338,0,80.325658,0,80.325658,4,16.027035,0,81.327783,5,0.95450438,5,0.95450438,0,82.24151,5,1.8682308,5,1.8682308
E01000108,0,4,14.609169,4,14.609169,4,14.609169,4,15.418753,4,15.418753,4,15.418753,5,0.85119978,5,0.85119978,5,0.85119978,5,2.225359,5,2.225359,5,2.225359
E01000110,0,4,15.740013,4,15.740013,0,80.038636,0,79.977261,0,79.977261,4,15.678638,0,79.863005,4,15.564382,4,15.564382,4,15.460205,4,15.460205,4,15.460205
E01000111,1,4,4.5768445,4,4.5768445,4,4.5768445,4,5.3074993,4,5.3074993,4,5.3074993,4,6.6676701,4,6.6676701,4,6.6676701,4,7.9078583,4,7.9078583,4,7.9078583
E01000112,0,0,82.049026,5,1.6757471,5,1.6757471,5,2.037172,5,2.037172,5,2.037172,0,83.083271,5,2.7099926,5,2.7099926,0,83.696742,5,3.3234627,5,3.3234627
E01000113,3,0,32.564625,2,0.41531305,2,0.41531305,0,33.259486,2,1.1101746,2,1.1101746,0,34.553025,2,2.4037134,2,2.4037134,0,35.732459,2,3.5831474,2,3.5831474
E01000114,0,6,6.2075848,6,6.2075848,6,6.2075848,6,7.4811968,6,7.4811968,6,7.4811968,6,9.8521247,6,9.8521247,6,9.8521247,6,12.01391,6,12.01391,6,12.01391
E01000115,0,0,93.860065,5,13.486786,5,13.486786,0,92.166949,5,11.79367,5,11.79367,5,8.6418028,5,8.6418028,5,8.6418028,0,86.141245,0,86.141245,5,5.7679662
E01000116,6,0,13.63789,0,13.63789,0,13.63789,0,12.393302,0,12.393302,0,12.393302,0,10.076406,0,10.076406,0,10.076406,0,7.9638856,0,7.9638856,0,7.9638856
E01000117,4,0,49.674386,3,1.4504186,0,49.674386,0,48.44146,3,0.21749216,3,0.21749216,0,46.146271,0,46.146271,2,13.996959,0,44.053544,0,44.053544,0,44.053544
E01000118,1,0,105.05132,6,8.6033835,6,8.6033835,0,104.00105,6,7.5531104,6,7.5531104,0,102.04588,6,5.5979454,6,5.5979454,0,100.26318,6,3.8152482,6,3.8152482
E01000119,1,0,89.757873,0,89.757873,5,9.3845941,0,88.540717,5,8.167438,5,8.167438,0,86.274886,0,86.274886,5,5.9016072,0,84.208927,0,84.208927,5,3.8356485
E01000120,2,0,60.57278,0,60.57278,3,12.348813,0,59.424973,0,59.424973,3,11.201005,0,57.28824,0,57.28824,3,9.0642724,0,55.339991,0,55.339991,3,7.1160237
E01000121,0,0,70.740584,0,70.740584,0,70.740584,0,71.34212,0,71.34212,4,7.0434971,0,45.502683,0,45.502683,3,0.0,0,0.0,0,0.0,0,0.0
E01000122,1,0,74.008228,0,74.008228,4,9.7096052,0,73.042529,0,73.042529,4,8.7439055,0,71.244804,0,71.244804,4,6.9461804,0,69.605658,0,69.605658,4,5.3070351
E01000123,2,0,0.0,0,0.0,0,0.0,0,0.0,0,0.0,0,0.0,0,0.0,0,0.0,0,0.0,0,0.0,0,0.0,0,0.0
E01000124,4,0,0.0,0,0.0,0,0.0,0,0.0,0,0.0,0,0.0,0,0.0,0,0.0,0,0.0,0,0.0,0,0.0,0,0.0
E01000126,2,0,0.0,0,0.0,0,0.0,0,0.0,0,0.0,0,0.0,0,0.0,0,0.0,0,0.0,0,0.0,0,0.0,0,0.0
E01000127,0,0,58.929545,0,58.929545,3,10.705578,0,59.844678,0,59.844678,3,11.620711,0,61.548268,0,61.548268,3,13.324301,0,63.101582,0,63.101582,3,14.877615
E01000128,0,0,85.944156,0,85.944156,5,5.5708769,0,87.16978,0,87.16978,5,6.7965012,0,89.451375,5,9.078096,5,9.078096,0,91.531707,5,11.158428,5,11.158428
E01000129,0,0,48.249351,3,0.0253833,3,0.0253833,0,49.671905,0,49.671905,0,49.671905,0,52.320102,0,52.320102,3,4.0961345,0,54.734697,0,54.734697,3,6.5107298
E01000130,0,0,81.043831,0,81.043831,5,0.67055225,0,81.598537,0,81.598537,5,1.2252585,0,82.631166,5,2.2578873,5,2.2578873,0,83.572705,0,83.572705,5,3.1994265
E01000131,3,0,0.0,0,0.0,0,0.0,0,0.0,0,0.0,0,0.0,0,0.0,0,0.0,0,0.0,0,0.0,0,0.0,0,0.0
E01000132,0,0,65.337662,0,65.337662,4,1.0390392,0,66.447944,0,66.447944,0,66.447944,0,68.51482,0,68.51482,4,4.2161969,0,70.399374,0,70.399374,0,70.399374
E01000133,0,0,67.725,4,3.4263769,4,3.4263769,0,68.789937,0,68.789937,4,4.4913136,0,70.772399,0,70.772399,4,6.4737761,0,72.579986,0,72.579986,4,8.2813629
E01000134,0,0,69.107143,4,4.8085197,4,4.8085197,0,69.701532,0,69.701532,4,5.4029093,0,70.808035,0,70.808035,4,6.5094117,0,71.816931,0,71.816931,4,7.518308
E01000135,6,0,0.0,0,0.0,0,0.0,0,0.0,0,0.0,0,0.0,0,0.0,0,0.0,0,0.0,0,0.0,0,0.0,0,0.0
E01000136,6,0,0.0,0,0.0,0,0.0,0,0.0,0,0.0,0,0.0,0,0.0,0,0.0,0,0.0,0,0.0,0,0.0,0,0.0
E01000137,7,0,0.0,0,0.0,0,0.0,0,0.0,0,0.0,0,0.0,0,0.0,0,0.0,0,0.0,0,0.0,0,0.0,0,0.0
E01000138,3,0,0.0,0,0.0,0,0.0,0,0.0,0,0.0,0,0.0,0,0.0,0,0.0,0,0.0,0,0.0,0,0.0,0,0.0
E01000139,8,0,0.0,0,0.0,0,0.0,0,0.0,0,0.0,0,0.0,0,0.0,0,0.0,0,0.0,0,0.0,0,0.0,0,0.0
E01000140,7,0,0.0,0,0.0,0,0.0,0,0.0,0,0.0,0,0.0,0,0.0,0,0.0,0,0.0,0,0.0,0,0.0,0,0.0
E01000141,6,0,0.0,0,0.0,0,0.0,0,0.0,0,0.0,0,0.0,0,0.0,0,0.0,0,0.0,0,0.0,0,0.0,0,0.0
E01000142,7,0,0.0,0,0.0,0,0.0,0,0.0,0,0.0,0,0.0,0,0.0,0,0.0,0,0.0,0,0.0,0,0.0,0,0.0
E01000143,4,0,0.0,0,0.0,0,0.0,0,0.0,0,0.0,0,0.0,0,0.0,0,0.0,0,0.0,0,0.0,0,0.0,0,0.0
E01000144,3,0,0.0,0,0.0,0,0.0,0,0.0,0,0.0,0,0.0,0,0.0,0,0.0,0,0.0,0,0.0,0,0.0,0,0.0
E01000145,10,0,0.0,0,0.0,0,0.0,0,0.0,0,0.0,0,0.0,0,0.0,0,0.0,0,0.0,0,0.0,0,0.0,0,0.0
E01000146,5,0,0.0,0,0.0,0,0.0,0,0.0,0,0.0,0,0.0,0,0.0,0,0.0,0,0.0,0,0.0,0,0.0,0,0.0
E01000147,3,0,0.0,0,0.0,0,0.0,0,0.0,0,0.0,0,0.0,0,0.0,0,0.0,0,0.0,0,0.0,0,0.0,0,0.0
E01000150,1,0,0.0,0,0.0,0,0.0,0,0.0,0,0.0,0,0.0,0,0.0,0,0.0,0,0.0,0,0.0,0,0.0,0,0.0
E01000151,0,0,0.0,0,0.0,0,0.0,0,0.0,0,0.0,0,0.0,0,0.0,0,0.0,0,0.0,0,0.0,0,0.0,0,0.0
E01000152,0,0,23.915682,0,23.915682,1,7.8410263,0,24.944967,0,24.944967,1,8.8703108,0,26.86106,0,26.86106,1,10.786404,0,34.523055,0,34.523055,2,2.3737431
E01000153,0,0,54.565809,0,54.565809,3,6.3418415,0,61.723178,0,61.723178,3,13.499211,0,79.281082,0,79.281082,4,14.982459,0,81.663866,0,81.663866,5,1.2905874
E01000154,0,0,0.0,0,0.0,0,0.0,0,0.0,0,0.0,0,0.0,0,0.0,0,0.0,0,0.0,0,0.0,0,0.0,0,0.0
E01000156,11,0,0.0,0,0.0,0,0.0,0,0.0,0,0.0,0,0.0,0,0.0,0,0.0,0,0.0,0,0.0,0,0.0,0,0.0
E01000157,11,0,0.0,0,0.0,0,0.0,0,0.0,0,0.0,0,0.0,0,0.0,0,0.0,0,0.0,0,0.0,0,0.0,0,0.0
E01000158,7,0,0.0,0,0.0,0,0.0,0,0.0,0,0.0,0,0.0,0,0.0,0,0.0,0,0.0,0,0.0,0,0.0,0,0.0
E01000159,2,0,0.0,0,0.0,0,0.0,0,0.0,0,0.0,0,0.0,0,0.0,0,0.0,0,0.0,0,0.0,0,0.0,0,0.0
E01000160,4,0,0.0,0,0.0,0,0.0,0,0.0,0,0.0,0,0.0,0,0.0,0,0.0,0,0.0,0,0.0,0,0.0,0,0.0
E01000161,10,0,0.0,0,0.0,0,0.0,0,0.0,0,0.0,0,0.0,0,0.0,0,0.0,0,0.0,0,0.0,0,0.0,0,0.0
E01000162,3,0,0.0,0,0.0,0,0.0,0,0.0,0,0.0,0,0.0,0,0.0,0,0.0,0,0.0,0,0.0,0,0.0,0,0.0
E01000163,5,0,0.0,0,0.0,0,0.0,0,0.0,0,0.0,0,0.0,0,0.0,0,0.0,0,0.0,0,0.0,0,0.0,0,0.0
E01000164,4,0,0.0,0,0.0,0,0.0,0,0.0,0,0.0,0,0.0,0,0.0,0,0.0,0,0.0,0,0.0,0,0.0,0,0.0
E01000165,0,0,0.0,0,0.0,0,0.0,0,0.0,0,0.0,0,0.0,0,0.0,0,0.0,0,0.0,0,0.0,0,0.0,0,0.0
E01000166,0,0,104.16331,6,7.715377,6,7.715377,0,104.04278,6,7.5948444,6,7.5948444,0,103.8184,6,7.3704635,6,7.3704635,6,7.1658756,6,7.1658756,6,7.1658756
E01000167,3,0,29.375336,1,13.30068,1,13.30068,0,30.080627,0,30.080627,1,14.005972,0,31.393583,1,15.318927,1,15.318927,2,0.44140909,2,0.44140909,2,0.44140909
E01000168,0,0,103.66071,6,7.2127796,6,7.2127796,0,102.08415,6,5.6362176,6,5.6362176,6,2.7013248,0,99.14926,6,2.7013248,6,0.025322939,6,0.025322939,6,0.025322939
E01000169,0,0,101.52468,6,5.0767406,6,5.0767406,0,100.77315,6,4.3252187,6,4.3252187,0,99.374137,6,2.9262021,6,2.9262021,6,1.6505946,6,1.6505946,6,1.6505946
E01000170,0,0,103.15812,6,6.7101822,6,6.7101822,0,103.24007,6,6.7921389,6,6.7921389,0,103.39264,6,6.9447077,6,6.9447077,6,7.0838183,6,7.0838183,6,7.0838183
E01000171,2,0,77.413829,4,13.115205,4,13.115205,0,79.436003,0,79.436003,4,15.13738,0,83.200438,0,83.200438,5,2.827159,0,86.632807,0,86.632807,0,86.632807
E01000172,0,0,105.6711,6,9.2231692,6,9.2231692,0,104.25989,6,7.8119505,6,7.8119505,0,101.19606,6,4.7481228,6,4.7481228,0,97.418496,6,0.9705614,6,0.9705614
E01000173,6,0,1.8935207,0,1.8935207,0,1.8935207,0,1.0791954,0,1.0791954,0,1.0791954,0,0.0,0,0.0,0,0.0,0,0.0,0,0.0,0,0.0
E01000174,4,0,23.272251,1,7.1975948,1,7.1975948,0,23.743452,0,23.743452,1,7.6687963,0,24.62063,0,24.62063,0,24.62063,0,25.420431,0,25.420431,0,25.420431
E01000175,2,0,84.839482,5,4.4662033,5,4.4662033,0,83.265702,0,83.265702,5,2.892423,0,80.335987,0,80.335987,0,80.335987,0,77.664707,0,77.664707,0,77.664707
E01000176,3,0,0.0,0,0.0,0,0.0,0,0.0,0,0.0,0,0.0,0,0.0,0,0.0,0,0.0,0,0.0,0,0.0,0,0.0
E01000177,2,0,0.0,0,0.0,0,0.0,0,0.0,0,0.0,0,0.0,0,0.0,0,0.0,0,0.0,0,0.0,0,0.0,0,0.0
E01000178,11,0,0.0,0,0.0,0,0.0,0,0.0,0,0.0,0,0.0,0,0.0,0,0.0,0,0.0,0,0.0,0,0.0,0,0.0
E01000179,10,0,0.0,0,0.0,0,0.0,0,0.0,0,0.0,0,0.0,0,0.0,0,0.0,0,0.0,0,0.0,0,0.0,0,0.0
E01000180,2,0,0.0,0,0.0,0,0.0,0,0.0,0,0.0,0,0.0,0,0.0,0,0.0,0,0.0,0,0.0,0,0.0,0,0.0
E01000181,8,0,0.0,0,0.0,0,0.0,0,0.0,0,0.0,0,0.0,0,0.0,0,0.0,0,0.0,0,0.0,0,0.0,0,0.0
E01000182,13,0,0.0,0,0.0,0,0.0,0,0.0,0,0.0,0,0.0,0,0.0,0,0.0,0,0.0,0,0.0,0,0.0,0,0.0
E01000183,16,0,0.0,0,0.0,0,0.0,0,0.0,0,0.0,0,0.0,0,0.0,0,0.0,0,0.0,0,0.0,0,0.0,0,0.0
E01000184,2,0,0.0,0,0.0,0,0.0,0,0.0,0,0.0,0,0.0,0,0.0,0,0.0,0,0.0,0,0.0,0,0.0,0,0.0
E01000185,0,0,0.0,0,0.0,0,0.0,0,0.0,0,0.0,0,0.0,0,0.0,0,0.0,0,0.0,0,0.0,0,0.0,0,0.0
E01000186,0,0,105.29416,6,8.8462211,6,8.8462211,0,104.09347,6,7.6455315,6,7.6455315,0,101.85829,0,101.85829,6,5.4103543,0,99.82028,6,3.3723452,6,3.3723452
E01000187,1,0,74.644175,0,74.644175,4,10.345552,0,75.265102,4,10.966479,4,10.966479,0,76.421006,0,76.421006,4,12.122383,0,77.474946,0,77.474946,4,13.176323
E01000188,0,0,111.32532,0,111.32532,6,14.87739,0,111.15305,6,14.705117,6,14.705117,0,110.83235,0,110.83235,6,14.384417,0,110.53994,0,110.53994,6,14.092006
E01000189,6,0,25.240056,0,25.240056,1,9.1654007,0,26.726049,1,10.651393,1,10.651393,0,29.492339,0,29.492339,0,29.492339,0,32.014612,0,32.014612,0,32.014612
E01000190,3,0,55.189198,0,55.189198,3,6.9652309,0,54.322785,3,6.0988177,3,6.0988177,0,52.709889,0,52.709889,3,4.4859221,0,51.23927,0,51.23927,0,51.23927
E01000191,3,0,51.832833,0,51.832833,3,3.6088652,0,51.414378,3,3.1904104,3,3.1904104,0,50.635392,0,50.635392,3,2.4114242,0,49.925121,0,49.925121,3,1.7011534
E01000192,1,0,80.476487,5,0.10320795,5,0.10320795,0,80.70394,0,80.70394,5,0.33066107,0,81.127362,5,0.75408273,5,0.75408273,0,81.513433,0,81.513433,5,1.1401538
E01000193,2,0,58.825443,0,58.825443,3,10.601476,0,59.394857,3,11.17089,3,11.17089,0,60.454865,0,60.454865,3,12.230898,0,61.421369,0,61.421369,3,13.197402
E01000194,6,0,0.0,0,0.0,0,0.0,0,0.0,0,0.0,0,0.0,0,0.0,0,0.0,0,0.0,0,0.0,0,0.0,0,0.0
E01000195,1,0,63.60283,0,63.60283,3,15.378862,0,64.972338,4,0.67371476,4,0.67371476,0,67.521784,0,67.521784,4,3.2231609,0,69.84634,4,5.5477168,4,5.5477168
E01000196,7,0,0.0,0,0.0,0,0.0,0,0.0,0,0.0,0,0.0,0,0.0,0,0.0,0,0.0,0,0.0,0,0.0,0,0.0
E01000197,9,0,0.0,0,0.0,0,0.0,0,0.0,0,0.0,0,0.0,0,0.0,0,0.0,0,0.0,0,0.0,0,0.0,0,0.0
E01000198,2,0,0.0,0,0.0,0,0.0,0,0.0,0,0.0,0,0.0,0,0.0,0,0.0,0,0.0,0,0.0,0,0.0,0,0.0
E01000199,9,0,0.0,0,0.0,0,0.0,0,0.0,0,0.0,0,0.0,0,0.0,0,0.0,0,0.0,0,0.0,0,0.0,0,0.0
E01000200,8,0,0.0,0,0.0,0,0.0,0,0.0,0,0.0,0,0.0,0,0.0,0,0.0,0,0.0,0,0.0,0,0.0,0,0.0
E01000201,4,0,0.0,0,0.0,0,0.0,0,0.0,0,0.0,0,0.0,0,0.0,0,0.0,0,0.0,0,0.0,0,0.0,0,0.0
E01000202,5,0,0.0,0,0.0,0,0.0,0,0.0,0,0.0,0,0.0,0,0.0,0,0.0,0,0.0,0,0.0,0,0.0,0,0.0
E01000203,0,0,0.0,0,0.0,0,0.0,0,0.0,0,0.0,0,0.0,0,0.0,0,0.0,0,0.0,0,0.0,0,0.0,0,0.0
E01000204,14,0,0.0,0,0.0,0,0.0,0,0.0,0,0.0,0,0.0,0,0.0,0,0.0,0,0.0,0,0.0,0,0.0,0,0.0
E01000205,15,0,0.0,0,0.0,0,0.0,0,0.0,0,0.0,0,0.0,0,0.0,0,0.0,0,0.0,0,0.0,0,0.0,0,0.0
E01000206,3,0,0.0,0,0.0,0,0.0,0,0.0,0,0.0,0,0.0,0,0.0,0,0.0,0,0.0,0,0.0,0,0.0,0,0.0
E01000207,11,0,0.0,0,0.0,0,0.0,0,0.0,0,0.0,0,0.0,0,0.0,0,0.0,0,0.0,0,0.0,0,0.0,0,0.0
E01000208,4,0,0.0,0,0.0,0,0.0,0,0.0,0,0.0,0,0.0,0,0.0,0,0.0,0,0.0,0,0.0,0,0.0,0,0.0
E01000209,27,0,0.0,0,0.0,0,0.0,0,0.0,0,0.0,0,0.0,0,0.0,0,0.0,0,0.0,0,0.0,0,0.0,0,0.0
E01000210,10,0,0.0,0,0.0,0,0.0,0,0.0,0,0.0,0,0.0,0,0.0,0,0.0,0,0.0,0,0.0,0,0.0,0,0.0
E01000211,27,0,0.0,0,0.0,0,0.0,0,0.0,0,0.0,0,0.0,0,0.0,0,0.0,0,0.0,0,0.0,0,0.0,0,0.0
E01000212,13,0,0.0,0,0.0,0,0.0,0,0.0,0,0.0,0,0.0,0,0.0,0,0.0,0,0.0,0,0.0,0,0.0,0,0.0
E01000213,1,0,0.0,0,0.0,0,0.0,0,0.0,0,0.0,0,0.0,0,0.0,0,0.0,0,0.0,0,0.0,0,0.0,0,0.0
E01000214,7,0,0.0,0,0.0,0,0.0,0,0.0,0,0.0,0,0.0,0,0.0,0,0.0,0,0.0,0,0.0,0,0.0,0,0.0
E01000215,6,0,0.0,0,0.0,0,0.0,0,0.0,0,0.0,0,0.0,0,0.0,0,0.0,0,0.0,0,0.0,0,0.0,0,0.0
E01000216,12,0,0.0,0,0.0,0,0.0,0,0.0,0,0.0,0,0.0,0,0.0,0,0.0,0,0.0,0,0.0,0,0.0,0,0.0
E01000217,4,0,0.0,0,0.0,0,0.0,0,0.0,0,0.0,0,0.0,0,0.0,0,0.0,0,0.0,0,0.0,0,0.0,0,0.0
E01000218,8,0,0.0,0,0.0,0,0.0,0,0.0,0,0.0,0,0.0,0,0.0,0,0.0,0,0.0,0,0.0,0,0.0,0,0.0
E01000219,3,0,0.0,0,0.0,0,0.0,0,0.0,0,0.0,0,0.0,0,0.0,0,0.0,0,0.0,0,0.0,0,0.0,0,0.0
E01000220,11,0,0.0,0,0.0,0,0.0,0,0.0,0,0.0,0,0.0,0,0.0,0,0.0,0,0.0,0,0.0,0,0.0,0,0.0
E01000221,2,0,0.0,0,0.0,0,0.0,0,0.0,0,0.0,0,0.0,0,0.0,0,0.0,0,0.0,0,0.0,0,0.0,0,0.0
E01000222,1,0,0.0,0,0.0,0,0.0,0,0.0,0,0.0,0,0.0,0,0.0,0,0.0,0,0.0,0,0.0,0,0.0,0,0.0
E01000223,1,0,0.0,0,0.0,0,0.0,0,0.0,0,0.0,0,0.0,0,0.0,0,0.0,0,0.0,0,0.0,0,0.0,0,0.0
E01000224,2,0,0.0,0,0.0,0,0.0,0,0.0,0,0.0,0,0.0,0,0.0,0,0.0,0,0.0,0,0.0,0,0.0,0,0.0
E01000225,3,0,0.0,0,0.0,0,0.0,0,0.0,0,0.0,0,0.0,0,0.0,0,0.0,0,0.0,0,0.0,0,0.0,0,0.0
E01000226,0,0,75.51526,4,11.216637,4,11.216637,0,77.137458,0,77.137458,4,12.838835,0,80.157306,0,80.157306,4,15.858683,0,82.910769,5,2.5374899,5,2.5374899
E01000227,0,6,8.9718705,6,8.9718705,6,8.9718705,0,104.56744,6,8.1195063,6,8.1195063,6,6.5327641,6,6.5327641,6,6.5327641,0,101.53393,6,5.0859906,6,5.0859906
E01000228,1,0,77.408461,0,77.408461,4,13.109838,0,76.807688,4,12.509065,4,12.509065,0,75.689301,0,75.689301,4,11.390678,0,74.669569,0,74.669569,4,10.370946
E01000229,0,0,83.808117,0,83.808117,5,3.434838,0,84.708868,5,4.3355888,5,4.3355888,0,86.385686,0,86.385686,5,6.0124066,0,87.914589,5,7.54131,5,7.54131
E01000230,5,0,37.111661,0,37.111661,2,4.9623498,0,37.170607,2,5.0212958,2,5.0212958,0,37.28034,0,37.28034,2,5.1310284,0,37.380393,0,37.380393,2,5.2310814
E01000231,3,0,53.135671,0,53.135671,3,4.9117034,0,53.483251,3,5.2592832,3,5.2592832,0,54.130297,0,54.130297,3,5.90633,0,54.720267,0,54.720267,3,6.4962999
E01000232,1,0,99.397097,0,99.397097,6,2.9491628,0,99.286015,6,2.8380804,6,2.8380804,0,99.079227,0,99.079227,6,2.6312918,0,98.890679,6,2.4427444,6,2.4427444
E01000233,1,0,95.804319,5,15.43104,5,15.43104,0,94.89973,5,14.526451,0,94.89973,0,93.215767,0,93.215767,5,12.842488,0,91.680348,5,11.307069,5,11.307069
E01000234,4,0,38.515539,0,38.515539,2,6.3662273,0,38.125683,2,5.9763717,2,5.9763717,0,37.399937,0,37.399937,2,5.2506252,0,36.738209,2,4.5888978,2,4.5888978
E01000235,0,0,84.185065,0,84.185065,5,3.811786,0,84.87628,0,84.87628,5,4.503001,0,86.16303,0,86.16303,5,5.7897514,0,87.336275,5,6.9629959,5,6.9629959
E01000236,3,0,0.0,0,0.0,0,0.0,0,0.0,0,0.0,0,0.0,0,0.0,0,0.0,0,0.0,0,0.0,0,0.0,0,0.0
E01000237,5,0,0.0,0,0.0,0,0.0,0,0.0,0,0.0,0,0.0,0,0.0,0,0.0,0,0.0,0,0.0,0,0.0,0,0.0
E01000238,13,0,0.0,0,0.0,0,0.0,0,0.0,0,0.0,0,0.0,0,0.0,0,0.0,0,0.0,0,0.0,0,0.0,0,0.0
E01000239,2,0,0.0,0,0.0,0,0.0,0,0.0,0,0.0,0,0.0,0,0.0,0,0.0,0,0.0,0,0.0,0,0.0,0,0.0
E01000240,2,0,0.0,0,0.0,0,0.0,0,0.0,0,0.0,0,0.0,0,0.0,0,0.0,0,0.0,0,0.0,0,0.0,0,0.0
E01000241,1,0,0.0,0,0.0,0,0.0,0,0.0,0,0.0,0,0.0,0,0.0,0,0.0,0,0.0,0,0.0,0,0.0,0,0.0
E01000242,1,0,0.0,0,0.0,0,0.0,0,0.0,0,0.0,0,0.0,0,0.0,0,0.0,0,0.0,0,0.0,0,0.0,0,0.0
E01000243,3,0,0.0,0,0.0,0,0.0,0,0.0,0,0.0,0,0.0,0,0.0,0,0.0,0,0.0,0,0.0,0,0.0,0,0.0
E01000244,4,0,0.0,0,0.0,0,0.0,0,0.0,0,0.0,0,0.0,0,0.0,0,0.0,0,0.0,0,0.0,0,0.0,0,0.0
E01000245,7,0,0.0,0,0.0,0,0.0,0,0.0,0,0.0,0,0.0,0,0.0,0,0.0,0,0.0,0,0.0,0,0.0,0,0.0
E01000246,2,0,77.543655,4,13.245032,4,13.245032,0,76.153653,4,11.85503,4,11.85503,0,73.566056,0,73.566056,4,9.2674329,0,71.206715,0,71.206715,4,6.9080915
E01000247,0,0,104.79156,6,8.3436237,6,8.3436237,0,103.87269,6,7.4247593,6,7.4247593,0,102.16216,0,102.16216,6,5.7142217,0,100.60251,6,4.1545729,6,4.1545729
E01000248,26,0,0.0,0,0.0,0,0.0,0,0.0,0,0.0,0,0.0,0,0.0,0,0.0,0,0.0,0,0.0,0,0.0,0,0.0
E01000249,3,0,0.0,0,0.0,0,0.0,0,0.0,0,0.0,0,0.0,0,0.0,0,0.0,0,0.0,0,0.0,0,0.0,0,0.0
E01000250,1,0,0.0,0,0.0,0,0.0,0,0.0,0,0.0,0,0.0,0,0.0,0,0.0,0,0.0,0,0.0,0,0.0,0,0.0
E01000251,6,0,0.0,0,0.0,0,0.0,0,0.0,0,0.0,0,0.0,0,0.0,0,0.0,0,0.0,0,0.0,0,0.0,0,0.0
E01000252,0,0,102.27857,6,5.8306367,6,5.8306367,0,101.86081,6,5.4128706,6,5.4128706,0,101.0831,0,101.0831,6,4.6351663,0,100.374,6,3.9260645,6,3.9260645
E01000253,1,0,139.85436,0,139.85436,8,11.257115,0,136.87423,8,8.2769809,8,8.2769809,0,131.32648,0,131.32648,8,2.7292291,0,126.2681,7,13.745508,7,13.745508
E01000254,5,0,26.362399,1,10.287743,1,10.287743,0,24.614085,1,8.5394291,0,24.614085,0,21.359463,0,21.359463,1,5.2848072,0,18.391936,0,18.391936,0,18.391936
E01000255,5,0,0.0,0,0.0,0,0.0,0,0.0,0,0.0,0,0.0,0,0.0,0,0.0,0,0.0,0,0.0,0,0.0,0,0.0
E01000256,0,0,0.0,0,0.0,0,0.0,0,0.0,0,0.0,0,0.0,0,0.0,0,0.0,0,0.0,0,0.0,0,0.0,0,0.0
E01000257,1,0,0.0,0,0.0,0,0.0,0,0.0,0,0.0,0,0.0,0,0.0,0,0.0,0,0.0,0,0.0,0,0.0,0,0.0
E01000258,0,0,65.296624,0,65.296624,4,0.99800085,0,63.306387,3,15.08242,3,15.08242,0,59.601406,0,59.601406,3,11.377439,0,56.223246,0,56.223246,3,7.999279
E01000259,2,0,0.0,0,0.0,0,0.0,0,0.0,0,0.0,0,0.0,0,0.0,0,0.0,0,0.0,0,0.0,0,0.0,0,0.0
E01000260,0,0,0.0,0,0.0,0,0.0,0,0.0,0,0.0,0,0.0,0,0.0,0,0.0,0,0.0,0,0.0,0,0.0,0,0.0
E01000261,0,0,112.07922,0,112.07922,6,15.631286,0,110.47305,6,14.02512,6,14.02512,0,107.48305,0,107.48305,6,11.035116,0,104.7568,6,8.3088649,6,8.3088649
E01000263,0,0,45.135707,0,45.135707,2,12.986395,0,43.052742,2,10.903431,2,10.903431,0,39.175142,0,39.175142,2,7.0258308,0,35.639591,2,3.4902791,2,3.4902791
E01000264,11,0,0.0,0,0.0,0,0.0,0,0.0,0,0.0,0,0.0,0,0.0,0,0.0,0,0.0,0,0.0,0,0.0,0,0.0
E01000265,2,0,0.0,0,0.0,0,0.0,0,0.0,0,0.0,0,0.0,0,0.0,0,0.0,0,0.0,0,0.0,0,0.0,0,0.0
E01000266,2,0,0.0,0,0.0,0,0.0,0,0.0,0,0.0,0,0.0,0,0.0,0,0.0,0,0.0,0,0.0,0,0.0,0,0.0
E01000267,1,0,86.04586,5,5.6725813,5,5.6725813,0,85.030836,0,85.030836,5,4.6575572,0,83.14129,0,83.14129,5,2.7680108,0,81.418423,0,81.418423,5,1.0451439
E01000268,9,0,0.0,0,0.0,0,0.0,0,0.0,0,0.0,0,0.0,0,0.0,0,0.0,0,0.0,0,0.0,0,0.0,0,0.0
E01000269,3,0,42.487042,2,10.337731,2,10.337731,0,41.434944,2,9.285632,0,41.434944,0,39.47638,0,39.47638,2,7.3270686,0,37.690584,0,37.690584,0,37.690584
E01000270,3,0,27.361417,1,11.286761,1,11.286761,0,27.979168,0,27.979168,1,11.904512,0,29.12916,0,29.12916,0,29.12916,0,30.17771,0,30.17771,0,30.17771
E01000271,2,0,84.304559,5,3.9312804,5,3.9312804,0,82.817521,0,82.817521,5,2.4442422,0,80.049284,0,80.049284,0,80.049284,0,77.525236,0,77.525236,0,77.525236
E01000272,1,0,84.067877,5,3.6945978,5,3.6945978,0,82.613227,0,82.613227,5,2.2399476,0,74.500955,0,74.500955,0,74.500955,0,70.087576,0,70.087576,0,70.087576
E01000273,5,0,0.0,0,0.0,0,0.0,0,0.0,0,0.0,0,0.0,0,0.0,0,0.0,0,0.0,0,0.0,0,0.0,0,0.0
E01000274,3,0,0.0,0,0.0,0,0.0,0,0.0,0,0.0,0,0.0,0,0.0,0,0.0,0,0.0,0,0.0,0,0.0,0,0.0
E01000275,3,0,0.0,0,0.0,0,0.0,0,0.0,0,0.0,0,0.0,0,0.0,0,0.0,0,0.0,0,0.0,0,0.0,0,0.0
E01000276,0,0,0.0,0,0.0,0,0.0,0,0.0,0,0.0,0,0.0,0,0.0,0,0.0,0,0.0,0,0.0,0,0.0,0,0.0
E01000277,3,0,0.0,0,0.0,0,0.0,0,0.0,0,0.0,0,0.0,0,0.0,0,0.0,0,0.0,0,0.0,0,0.0,0,0.0
E01000278,0,0,0.0,0,0.0,0,0.0,0,0.0,0,0.0,0,0.0,0,0.0,0,0.0,0,0.0,0,0.0,0,0.0,0,0.0
E01000279,0,0,111.43606,0,111.43606,6,14.988129,0,90.688962,5,10.315683,5,10.315683,0,79.631225,0,79.631225,0,79.631225,0,75.503978,4,11.205354,4,11.205354
E01000280,0,0,14.163484,0,14.163484,0,14.163484,0,3.5224605,0,3.5224605,0,3.5224605,0,0.0,0,0.0,0,0.0,0,0.0,0,0.0,0,0.0
E01000281,0,0,0.0,0,0.0,0,0.0,0,0.0,0,0.0,0,0.0,0,0.0,0,0.0,0,0.0,0,0.0,0,0.0,0,0.0
E01000282,1,0,0.0,0,0.0,0,0.0,0,0.0,0,0.0,0,0.0,0,0.0,0,0.0,0,0.0,0,0.0,0,0.0,0,0.0
E01000283,0,0,0.0,0,0.0,0,0.0,0,0.0,0,0.0,0,0.0,0,0.0,0,0.0,0,0.0,0,0.0,0,0.0,0,0.0
E01000284,12,0,0.0,0,0.0,0,0.0,0,0.0,0,0.0,0,0.0,0,0.0,0,0.0,0,0.0,0,0.0,0,0.0,0,0.0
E01000285,3,0,45.260383,2,13.111072,2,13.111072,0,38.985119,2,6.8358074,0,38.985119,0,26.130924,0,26.130924,1,10.056268,0,14.410615,0,14.410615,0,14.410615
E01000286,2,0,66.647071,4,2.3484476,4,2.3484476,0,67.188315,4,2.889692,0,67.188315,0,68.195884,0,68.195884,4,3.8972604,0,69.114573,0,69.114573,0,69.114573
E01000287,1,0,68.153662,0,68.153662,4,3.8550388,0,68.417838,4,4.119215,0,68.417838,0,68.909623,0,68.909623,4,4.6109995,0,69.358026,0,69.358026,0,69.358026
E01000288,1,0,70.167422,4,5.8687987,4,5.8687987,0,69.579521,4,5.2808977,0,69.579521,0,68.485097,0,68.485097,4,4.1864743,0,67.487215,0,67.487215,0,67.487215
E01000289,1,0,47.629565,2,15.480253,2,15.480253,0,49.265344,3,1.0413771,0,49.265344,0,52.310475,0,52.310475,3,4.0865077,0,55.086991,0,55.086991,0,55.086991
E01000290,1,0,96.652204,0,96.652204,6,0.20426932,0,96.378762,0,96.378762,0,96.378762,0,95.869727,0,95.869727,5,15.496448,0,95.405595,0,95.405595,5,15.032316
E01000291,0,0,76.520455,4,12.221831,4,12.221831,0,76.499112,4,12.200488,0,76.499112,0,76.45938,0,76.45938,4,12.160757,0,76.423153,0,76.423153,0,76.423153
E01000292,1,0,0.0,0,0.0,0,0.0,0,0.0,0,0.0,0,0.0,0,0.0,0,0.0,0,0.0,0,0.0,0,0.0,0,0.0
E01000293,3,0,0.62973604,0,0.62973604,0,0.62973604,0,0.0,0,0.0,0,0.0,0,0.0,0,0.0,0,0.0,0,0.0,0,0.0,0,0.0
E01000294,4,0,0.0,0,0.0,0,0.0,0,0.0,0,0.0,0,0.0,0,0.0,0,0.0,0,0.0,0,0.0,0,0.0,0,0.0
E01000295,9,0,0.0,0,0.0,0,0.0,0,0.0,0,0.0,0,0.0,0,0.0,0,0.0,0,0.0,0,0.0,0,0.0,0,0.0
E01000296,7,0,0.0,0,0.0,0,0.0,0,0.0,0,0.0,0,0.0,0,0.0,0,0.0,0,0.0,0,0.0,0,0.0,0,0.0
E01000297,3,0,0.0,0,0.0,0,0.0,0,0.0,0,0.0,0,0.0,0,0.0,0,0.0,0,0.0,0,0.0,0,0.0,0,0.0
E01000298,11,0,0.0,0,0.0,0,0.0,0,0.0,0,0.0,0,0.0,0,0.0,0,0.0,0,0.0,0,0.0,0,0.0,0,0.0
E01000299,9,0,0.0,0,0.0,0,0.0,0,0.0,0,0.0,0,0.0,0,0.0,0,0.0,0,0.0,0,0.0,0,0.0,0,0.0
E01000300,1,0,0.0,0,0.0,0,0.0,0,0.0,0,0.0,0,0.0,0,0.0,0,0.0,0,0.0,0,0.0,0,0.0,0,0.0
E01000301,0,0,0.0,0,0.0,0,0.0,0,0.0,0,0.0,0,0.0,0,0.0,0,0.0,0,0.0,0,0.0,0,0.0,0,0.0
E01000302,9,0,0.0,0,0.0,0,0.0,0,0.0,0,0.0,0,0.0,0,0.0,0,0.0,0,0.0,0,0.0,0,0.0,0,0.0
E01000303,4,0,0.0,0,0.0,0,0.0,0,0.0,0,0.0,0,0.0,0,0.0,0,0.0,0,0.0,0,0.0,0,0.0,0,0.0
E01000304,9,0,0.0,0,0.0,0,0.0,0,0.0,0,0.0,0,0.0,0,0.0,0,0.0,0,0.0,0,0.0,0,0.0,0,0.0
E01000305,3,0,0.0,0,0.0,0,0.0,0,0.0,0,0.0,0,0.0,0,0.0,0,0.0,0,0.0,0,0.0,0,0.0,0,0.0
E01000306,3,0,0.0,0,0.0,0,0.0,0,0.0,0,0.0,0,0.0,0,0.0,0,0.0,0,0.0,0,0.0,0,0.0,0,0.0
E01000307,5,0,0.0,0,0.0,0,0.0,0,0.0,0,0.0,0,0.0,0,0.0,0,0.0,0,0.0,0,0.0,0,0.0,0,0.0
E01000308,1,0,0.0,0,0.0,0,0.0,0,0.0,0,0.0,0,0.0,0,0.0,0,0.0,0,0.0,0,0.0,0,0.0,0,0.0
E01000309,4,0,0.0,0,0.0,0,0.0,0,0.0,0,0.0,0,0.0,0,0.0,0,0.0,0,0.0,0,0.0,0,0.0,0,0.0
E01000310,11,0,0.0,0,0.0,0,0.0,0,0.0,0,0.0,0,0.0,0,0.0,0,0.0,0,0.0,0,0.0,0,0.0,0,0.0
E01000311,6,0,0.0,0,0.0,0,0.0,0,0.0,0,0.0,0,0.0,0,0.0,0,0.0,0,0.0,0,0.0,0,0.0,0,0.0
E01000312,0,0,0.0,0,0.0,0,0.0,0,0.0,0,0.0,0,0.0,0,0.0,0,0.0,0,0.0,0,0.0,0,0.0,0,0.0
E01000313,3,0,0.0,0,0.0,0,0.0,0,0.0,0,0.0,0,0.0,0,0.0,0,0.0,0,0.0,0,0.0,0,0.0,0,0.0
E01000314,11,0,0.0,0,0.0,0,0.0,0,0.0,0,0.0,0,0.0,0,0.0,0,0.0,0,0.0,0,0.0,0,0.0,0,0.0
E01000315,1,0,0.0,0,0.0,0,0.0,0,0.0,0,0.0,0,0.0,0,0.0,0,0.0,0,0.0,0,0.0,0,0.0,0,0.0
E01000316,5,0,0.0,0,0.0,0,0.0,0,0.0,0,0.0,0,0.0,0,0.0,0,0.0,0,0.0,0,0.0,0,0.0,0,0.0
E01000317,8,0,0.0,0,0.0,0,0.0,0,0.0,0,0.0,0,0.0,0,0.0,0,0.0,0,0.0,0,0.0,0,0.0,0,0.0
E01000318,8,0,0.0,0,0.0,0,0.0,0,0.0,0,0.0,0,0.0,0,0.0,0,0.0,0,0.0,0,0.0,0,0.0,0,0.0
E01000319,7,0,0.0,0,0.0,0,0.0,0,0.0,0,0.0,0,0.0,0,0.0,0,0.0,0,0.0,0,0.0,0,0.0,0,0.0
E01000320,4,0,0.0,0,0.0,0,0.0,0,0.0,0,0.0,0,0.0,0,0.0,0,0.0,0,0.0,0,0.0,0,0.0,0,0.0
E01000321,11,0,0.0,0,0.0,0,0.0,0,0.0,0,0.0,0,0.0,0,0.0,0,0.0,0,0.0,0,0.0,0,0.0,0,0.0
E01000322,3,0,0.0,0,0.0,0,0.0,0,0.0,0,0.0,0,0.0,0,0.0,0,0.0,0,0.0,0,0.0,0,0.0,0,0.0
E01000323,9,0,0.0,0,0.0,0,0.0,0,0.0,0,0.0,0,0.0,0,0.0,0,0.0,0,0.0,0,0.0,0,0.0,0,0.0
E01000324,8,0,0.0,0,0.0,0,0.0,0,0.0,0,0.0,0,0.0,0,0.0,0,0.0,0,0.0,0,0.0,0,0.0,0,0.0
E01000325,0,7,1.943968,7,1.943968,7,1.943968,6,15.886774,0,112.33471,0,112.33471,6,11.91817,6,11.91817,6,11.91817,6,8.2996418,6,8.2996418,6,8.2996418
E01000326,0,5,4.8169808,5,4.8169808,5,4.8169808,5,3.6792801,5,3.6792801,5,3.6792801,0,81.934641,5,1.5613619,5,1.5613619,4,15.704924,4,15.704924,4,15.704924
E01000327,0,6,13.746546,6,13.746546,6,13.746546,6,12.027601,6,12.027601,6,12.027601,6,8.8276513,6,8.8276513,6,8.8276513,6,5.9099737,6,5.9099737,6,5.9099737
E01000328,0,6,6.5845328,6,6.5845328,6,6.5845328,6,5.1683365,6,5.1683365,6,5.1683365,6,2.5319768,6,2.5319768,6,2.5319768,6,0.12817409,6,0.12817409,6,0.12817409
E01000329,1,0,80.926643,5,0.553364,5,0.553364,5,0.081429176,5,0.081429176,5,0.081429176,0,79.576165,0,79.576165,0,79.576165,4,14.476496,4,14.476496,4,14.476496
E01000330,0,0,87.828896,5,7.4556172,5,7.4556172,5,7.0711606,5,7.0711606,5,7.0711606,5,6.3554649,5,6.3554649,5,6.3554649,5,5.7029016,5,5.7029016,5,5.7029016
E01000331,0,0,92.729221,5,12.355942,5,12.355942,5,12.565343,5,12.565343,5,12.565343,0,93.328438,5,12.955159,5,12.955159,0,93.683867,5,13.310589,5,13.310589
E01000332,1,0,77.408461,4,13.109838,4,13.109838,0,76.698221,0,76.698221,4,12.399598,0,75.376054,4,11.077431,4,11.077431,0,74.170518,0,74.170518,4,9.8718946
E01000333,4,0,33.853735,2,1.7044233,2,1.7044233,0,34.496807,0,34.496807,2,2.3474956,0,35.693936,2,3.5446249,2,3.5446249,0,36.785465,0,36.785465,2,4.6361537
E01000334,0,6,2.5637536,6,2.5637536,6,2.5637536,6,1.5409828,6,1.5409828,6,1.5409828,0,96.08495,5,15.711671,5,15.711671,0,94.348934,5,13.975655,5,13.975655
E01000335,1,0,121.9784,7,9.4558139,7,9.4558139,7,9.7406221,7,9.7406221,7,9.7406221,0,122.79341,7,10.270815,7,10.270815,0,123.27683,7,10.754238,7,10.754238
E01000336,0,0,72.750974,4,8.4523509,4,8.4523509,0,73.468993,4,9.1703698,4,9.1703698,0,74.805641,4,10.507018,4,10.507018,0,76.024381,0,76.024381,4,11.725758
E01000337,3,0,43.386543,2,11.237231,2,11.237231,0,43.843723,2,11.694411,2,11.694411,0,44.694799,2,12.545488,2,12.545488,0,45.470801,2,13.321489,2,13.321489
E01000338,0,0,94.362662,5,13.989383,5,13.989383,0,94.170598,0,94.170598,5,13.797319,0,93.813056,5,13.439777,5,13.439777,0,93.487053,5,13.113774,5,13.113774
E01000339,0,0,101.39903,6,4.9510913,6,4.9510913,6,4.2499727,6,4.2499727,6,4.2499727,6,2.9447859,6,2.9447859,6,2.9447859,6,1.7547314,6,1.7547314,6,1.7547314
E01000340,2,4,7.8472024,4,7.8472024,4,7.8472024,4,6.2508143,4,6.2508143,4,6.2508143,4,3.2790137,4,3.2790137,4,3.2790137,0,64.867983,4,0.56935963,4,0.56935963
E01000341,2,0,77.219158,4,12.920535,4,12.920535,4,11.257164,4,11.257164,4,11.257164,0,72.459294,4,8.1606707,4,8.1606707,4,5.3373231,4,5.3373231,4,5.3373231
E01000342,0,0,103.15812,6,6.7101822,6,6.7101822,0,101.81066,6,5.3627229,6,5.3627229,0,99.302257,6,2.8543227,6,2.8543227,6,0.56719197,6,0.56719197,6,0.56719197
E01000343,0,0,101.65032,6,5.20239,6,5.20239,0,100.20353,6,3.7555955,6,3.7555955,0,97.51021,6,1.062275,6,1.062275,5,14.681192,5,14.681192,5,14.681192
E01000344,1,0,86.803956,5,6.4306771,5,6.4306771,0,85.309562,5,4.9362833,5,4.9362833,0,82.527632,5,2.1543529,5,2.1543529,0,79.991099,0,79.991099,4,15.692476
E01000345,0,0,94.362662,5,13.989383,5,13.989383,0,92.678896,5,12.305617,5,12.305617,5,9.1711556,5,9.1711556,5,9.1711556,5,6.313189,5,6.313189,5,6.313189
E01000346,3,0,64.196049,0,64.196049,3,15.972082,0,62.387537,0,62.387537,0,62.387537,0,59.020851,0,59.020851,3,10.796884,0,55.951146,3,7.7271784,3,7.7271784
E01000347,0,5,12.355942,5,12.355942,5,12.355942,0,91.825638,5,11.45236,5,11.45236,0,90.14355,5,9.7702708,5,9.7702708,0,88.60984,5,8.2365614,5,8.2365614
E01000348,0,7,0.5618251,7,0.5618251,7,0.5618251,6,14.364848,0,110.81278,6,14.364848,6,10.136028,6,10.136028,6,10.136028,6,6.2802378,6,6.2802378,6,6.2802378
E01000349,0,7,8.9803316,7,8.9803316,7,8.9803316,7,6.6344401,7,6.6344401,7,6.6344401,7,2.2673808,7,2.2673808,7,2.2673808,6,14.360202,6,14.360202,6,14.360202
E01000350,0,6,4.5741432,6,4.5741432,6,4.5741432,0,99.081474,6,2.6335391,6,2.6335391,0,95.468888,5,15.095609,5,15.095609,5,11.801695,5,11.801695,5,11.801695
E01000351,1,6,0.8131238,0,97.261059,6,0.8131238,0,95.581589,0,95.581589,5,15.20831,5,12.081846,5,12.081846,5,12.081846,0,89.60445,5,9.2311713,5,9.2311713
E01000352,0,6,6.9614809,6,6.9614809,6,6.9614809,6,6.3675515,6,6.3675515,6,6.3675515,6,5.2619059,6,5.2619059,6,5.2619059,6,4.2537907,6,4.2537907,6,4.2537907
E01000353,1,6,7.4227927,6,7.4227927,6,7.4227927,6,5.0484509,6,5.0484509,6,5.0484509,6,0.6284291,6,0.6284291,6,0.6284291,0,93.046238,5,12.672959,5,12.672959
E01000354,2,3,10.896925,3,10.896925,3,10.896925,3,10.354905,0,58.578872,3,10.354905,0,57.569859,3,9.3458912,3,9.3458912,0,56.649851,3,8.4258841,3,8.4258841
E01000355,1,5,7.8410263,5,7.8410263,5,7.8410263,5,6.0208462,5,6.0208462,5,6.0208462,0,83.005718,5,2.6324395,5,2.6324395,0,79.916208,4,15.617584,4,15.617584
E01000356,1,0,81.100856,0,81.100856,5,0.72757683,0,79.537584,0,79.537584,0,79.537584,0,76.627431,4,12.328808,4,12.328808,0,73.973987,4,9.6753639,4,9.6753639
E01000357,1,0,78.162466,0,78.162466,4,13.863843,0,76.287829,4,11.989206,4,11.989206,0,72.798045,4,8.4994218,4,8.4994218,0,69.6161,4,5.3174767,4,5.3174767
E01000358,0,6,6.5845328,6,6.5845328,6,6.5845328,6,5.1080122,6,5.1080122,6,5.1080122,0,98.807289,6,2.3593542,6,2.3593542,0,96.301094,0,96.301094,5,15.927815
E01000359,0,5,4.9426302,5,4.9426302,5,4.9426302,5,3.478567,5,3.478567,5,3.478567,5,0.75309959,5,0.75309959,5,0.75309959,0,78.641328,4,14.342705,4,14.342705
E01000360,3,0,42.51697,0,42.51697,0,42.51697,2,10.386622,2,10.386622,2,10.386622,0,42.571236,2,10.421924,2,10.421924,2,10.454113,2,10.454113,2,10.454113
E01000361,0,6,7.715377,6,7.715377,6,7.715377,0,102.73157,6,6.283637,6,6.283637,6,3.6183417,6,3.6183417,6,3.6183417,6,1.1881558,6,1.1881558,6,1.1881558
E01000362,1,0,97.039373,6,0.59143826,6,0.59143826,5,15.409346,0,95.782625,5,15.409346,0,93.443092,5,13.069813,5,13.069813,5,10.936653,5,10.936653,5,10.936653
E01000363,0,6,7.4640783,6,7.4640783,6,7.4640783,6,5.9546734,6,5.9546734,6,5.9546734,6,3.144799,6,3.144799,6,3.144799,6,0.58278733,6,0.58278733,6,0.58278733
E01000364,1,0,100.46809,6,4.0201582,6,4.0201582,6,2.3841438,6,2.3841438,6,2.3841438,5,15.413232,0,95.786511,0,95.786511,0,93.009596,5,12.636317,5,12.636317
E01000365,0,5,10.345552,5,10.345552,5,10.345552,5,9.6120517,5,9.6120517,5,9.6120517,0,88.619862,5,8.2465835,5,8.2465835,0,87.374844,5,7.0015651,5,7.0015651
E01000366,1,0,74.437385,0,74.437385,4,10.138762,4,9.1861263,4,9.1861263,4,9.1861263,0,71.711344,4,7.4127208,4,7.4127208,0,70.094373,4,5.7957498,4,5.7957498
E01000367,0,6,12.867,6,12.867,6,12.867,6,13.807217,0,110.25515,6,13.807217,6,15.557502,6,15.557502,0,112.00544,7,1.0787369,7,1.0787369,7,1.0787369
E01000368,0,5,7.7069159,5,7.7069159,5,7.7069159,5,8.4473024,5,8.4473024,5,8.4473024,5,9.8255896,5,9.8255896,5,9.8255896,5,11.082296,5,11.082296,5,11.082296
E01000369,1,0,93.909289,5,13.53601,5,13.53601,5,12.0028,0,92.376079,5,12.0028,0,89.521889,5,9.1486102,5,9.1486102,5,6.5461922,5,6.5461922,5,6.5461922
E01000370,0,6,6.4588835,6,6.4588835,6,6.4588835,6,5.0444142,6,5.0444142,6,5.0444142,6,2.4112696,6,2.4112696,6,2.4112696,6,0.010398344,6,0.010398344,6,0.010398344
E01000371,0,0,104.54026,6,8.092325,6,8.092325,6,6.9410369,6,6.9410369,6,6.9410369,6,4.7978246,6,4.7978246,6,4.7978246,0,99.291603,6,2.8436679,6,2.8436679
E01000372,0,0,88.708442,5,8.3351626,5,8.3351626,5,9.0894864,5,9.0894864,5,9.0894864,0,90.866998,5,10.493719,5,10.493719,0,92.147361,5,11.774082,5,11.774082
E01000373,0,0,57.798701,0,57.798701,3,9.5747339,0,58.436829,3,10.212862,3,10.212862,0,59.624753,0,59.624753,3,11.400786,3,12.483922,0,60.707889,3,12.483922
E01000374,1,3,14.48352,3,14.48352,3,14.48352,3,15.607009,0,63.830976,3,15.607009,4,1.6238148,4,1.6238148,4,1.6238148,4,3.530786,4,3.530786,4,3.530786
E01000375,0,7,6.5929939,7,6.5929939,7,6.5929939,7,6.1064554,7,6.1064554,7,6.1064554,7,5.2007262,7,5.2007262,7,5.2007262,7,4.3748926,7,4.3748926,7,4.3748926
E01000376,0,6,3.9458965,6,3.9458965,6,3.9458965,6,3.1341694,6,3.1341694,6,3.1341694,6,1.6230765,6,1.6230765,6,1.6230765,6,0.24527906,6,0.24527906,6,0.24527906
E01000377,3,0,53.198486,0,53.198486,0,53.198486,3,3.7091125,3,3.7091125,3,3.7091125,0,49.577428,0,49.577428,3,1.3534604,0,47.429571,0,47.429571,0,47.429571
E01000379,0,6,6.9614809,6,6.9614809,6,6.9614809,6,6.5996407,6,6.5996407,6,6.5996407,6,5.926047,6,5.926047,6,5.926047,6,5.3118719,6,5.3118719,6,5.3118719
E01000380,0,7,1.4413706,7,1.4413706,7,1.4413706,7,1.7543275,7,1.7543275,7,1.7543275,7,2.3369211,7,2.3369211,7,2.3369211,7,2.8681233,7,2.8681233,7,2.8681233
E01000381,0,5,15.120228,5,15.120228,5,15.120228,0,95.830289,5,15.45701,5,15.45701,6,0.0093002521,6,0.0093002521,6,0.0093002521,6,0.58094272,6,0.58094272,6,0.58094272
E01000382,0,6,15.379987,6,15.379987,6,15.379987,6,13.428228,0,109.87616,6,13.428228,6,9.7948762,6,9.7948762,6,9.7948762,6,6.4820273,6,6.4820273,6,6.4820273
E01000383,1,0,100.65359,6,4.2056563,6,4.2056563,0,99.504764,6,3.0568295,6,3.0568295,0,97.366134,6,0.91819909,6,0.91819909,0,95.416155,5,15.042876,5,15.042876
E01000384,4,0,34.686156,2,2.5368448,2,2.5368448,0,34.040367,0,34.040367,0,34.040367,2,0.68886901,2,0.68886901,2,0.68886901,0,31.74204,1,15.667385,1,15.667385
E01000385,2,0,75.657831,0,75.657831,0,75.657831,0,76.448319,0,76.448319,0,76.448319,0,77.919875,0,77.919875,0,77.919875,0,79.261622,0,79.261622,4,14.962999
E01000386,1,0,53.811252,0,53.811252,0,53.811252,0,55.053379,0,55.053379,3,6.8294117,0,57.365694,3,9.1417269,3,9.1417269,3,11.25007,0,59.474037,3,11.25007
E01000387,0,6,11.987455,6,11.987455,6,11.987455,6,10.602807,6,10.602807,6,10.602807,6,8.0251782,6,8.0251782,6,8.0251782,6,5.6749252,6,5.6749252,6,5.6749252
E01000388,0,6,0.3020653,6,0.3020653,6,0.3020653,5,14.839176,5,14.839176,5,14.839176,5,11.976917,5,11.976917,5,11.976917,5,9.3671414,5,9.3671414,5,9.3671414
E01000389,0,6,11.233559,6,11.233559,6,11.233559,6,9.963615,6,9.963615,6,9.963615,6,7.599516,6,7.599516,6,7.599516,6,5.4439573,6,5.4439573,6,5.4439573
E01000390,2,0,61.23802,3,13.014053,3,13.014053,0,59.890608,3,11.66664,3,11.66664,3,9.1583269,3,9.1583269,3,9.1583269,0,55.095243,3,6.8712753,3,6.8712753
E01000391,0,6,9.3488185,6,9.3488185,6,9.3488185,6,8.4314638,6,8.4314638,6,8.4314638,6,6.7237367,6,6.7237367,6,6.7237367,6,5.1666505,6,5.1666505,6,5.1666505
E01000392,0,0,86.321104,5,5.947825,5,5.947825,0,86.583421,5,6.2101417,5,6.2101417,0,87.071744,5,6.6984647,5,6.6984647,0,87.516991,5,7.143712,5,7.143712
E01000393,3,0,49.83733,3,1.6133626,3,1.6133626,3,0.36118523,3,0.36118523,3,0.36118523,0,46.254127,2,14.104816,2,14.104816,0,44.128725,2,11.979413,2,11.979413
E01000394,0,0,92.352273,5,11.978994,5,11.978994,5,10.529361,5,10.529361,5,10.529361,0,88.204036,5,7.830757,5,7.830757,0,85.743479,5,5.3702005,5,5.3702005
E01000395,3,0,52.783162,0,52.783162,0,52.783162,0,50.980835,0,50.980835,3,2.7568673,0,47.625663,0,47.625663,2,15.476351,0,44.566455,0,44.566455,2,12.417143
E01000396,2,0,59.566218,0,59.566218,3,11.34225,0,58.135529,3,9.911562,3,9.911562,0,55.472192,3,7.2482247,3,7.2482247,0,53.043791,0,53.043791,3,4.819824
E01000398,0,0,93.608766,5,13.235487,5,13.235487,0,93.235547,0,93.235547,5,12.862268,0,92.540771,5,12.167492,5,12.167492,0,91.907282,5,11.534003,5,11.534003
E01000399,3,0,48.943355,0,48.943355,0,48.943355,0,47.636221,0,47.636221,2,15.486909,0,45.202889,2,13.053578,2,13.053578,0,42.984205,0,42.984205,2,10.834894
E01000400,1,0,71.251643,0,71.251643,4,6.9530198,0,70.298451,4,5.9998282,4,5.9998282,0,68.524011,4,4.2253879,4,4.2253879,0,66.906097,4,2.6074734,4,2.6074734
E01000401,0,0,89.211039,5,8.83776,5,8.83776,0,89.490843,5,9.1175642,5,9.1175642,0,90.01172,5,9.6384413,5,9.6384413,5,10.113371,5,10.113371,5,10.113371
E01000402,0,0,82.802922,5,2.4296432,5,2.4296432,0,83.401989,0,83.401989,5,3.0287096,0,84.517197,5,4.1439184,5,4.1439184,0,85.534032,0,85.534032,5,5.1607531
E01000403,1,0,96.325507,5,15.952228,5,15.952228,0,97.895508,6,1.447573,6,1.447573,0,100.81819,6,4.3702521,6,4.3702521,0,103.48305,6,7.0351176,6,7.0351176
E01000404,0,0,91.472727,0,91.472727,5,11.099448,0,92.500486,5,12.127207,5,12.127207,0,94.413738,5,14.040459,5,14.040459,0,96.15822,5,15.784941,5,15.784941
E01000405,0,0,75.138312,0,75.138312,4,10.839689,0,75.909221,4,11.610598,4,11.610598,0,77.344328,4,13.045705,4,13.045705,0,78.652843,4,14.35422,4,14.35422
E01000406,1,0,94.579383,5,14.206104,5,14.206104,0,94.35416,5,13.980881,5,13.980881,0,93.934889,5,13.56161,5,13.56161,0,93.552603,5,13.179324,5,13.179324
E01000407,1,0,101.17457,6,4.7266381,6,4.7266381,0,99.883323,6,3.4353878,6,3.4353878,0,97.47956,6,1.031625,6,1.031625,0,95.287836,5,14.914557,5,14.914557
E01000408,0,4,15.740013,0,80.038636,4,15.740013,5,0.19756305,5,0.19756305,5,0.19756305,0,81.561584,5,1.1883052,5,1.1883052,0,82.464931,5,2.0916525,5,2.0916525
E01000409,0,6,12.741351,6,12.741351,6,12.741351,6,11.123325,6,11.123325,6,11.123325,6,8.1112439,6,8.1112439,6,8.1112439,6,5.3648626,6,5.3648626,6,5.3648626
E01000410,2,0,70.729721,4,6.4310979,4,6.4310979,0,69.235321,4,4.9366979,4,4.9366979,0,66.453379,0,66.453379,4,2.1547561,0,63.916836,0,63.916836,3,15.692869
E01000411,0,5,15.245877,5,15.245877,5,15.245877,5,13.950239,0,94.323518,5,13.950239,5,11.538308,5,11.538308,5,11.538308,5,9.3391369,5,9.3391369,0,89.712416
E01000412,1,0,90.224695,0,90.224695,5,9.851416,0,88.680612,0,88.680612,5,8.3073331,0,85.806182,0,85.806182,5,5.4329029,0,83.185309,0,83.185309,5,2.81203
E01000413,2,0,57.733916,3,9.509949,3,9.509949,0,56.586168,3,8.3622002,3,8.3622002,3,6.2255765,3,6.2255765,3,6.2255765,0,52.501395,0,52.501395,3,4.2774272
E01000414,0,0,94.237013,5,13.863734,5,13.863734,5,13.690317,5,13.690317,5,13.690317,5,13.367488,5,13.367488,5,13.367488,0,93.446415,5,13.073137,5,13.073137
E01000415,0,6,4.3228445,6,4.3228445,6,4.3228445,6,2.337901,6,2.337901,6,2.337901,0,95.090709,5,14.71743,5,14.71743,0,91.721535,5,11.348256,5,11.348256
E01000416,2,0,34.447886,0,34.447886,2,2.2985747,0,34.689257,0,34.689257,2,2.5399453,0,35.138587,2,2.9892756,2,2.9892756,0,35.548281,0,35.548281,2,3.3989698
E01000417,0,0,94.990909,5,14.61763,5,14.61763,0,94.630718,5,14.257439,5,14.257439,0,93.960194,5,13.586916,5,13.586916,0,93.348819,5,12.97554,5,12.97554
E01000418,0,0,92.477922,5,12.104643,5,12.104643,0,92.379935,5,12.006656,5,12.006656,0,92.197525,5,11.824246,5,11.824246,0,92.031206,5,11.657927,5,11.657927
E01000419,1,0,90.274243,5,9.9009646,5,9.9009646,5,8.0552095,5,8.0552095,5,8.0552095,5,4.6191931,5,4.6191931,5,4.6191931,0,81.859551,5,1.4862723,5,1.4862723
E01000420,0,6,5.0767406,6,5.0767406,6,5.0767406,6,3.9388489,6,3.9388489,6,3.9388489,0,98.26851,6,1.820575,6,1.820575,0,96.337092,5,15.963813,5,15.963813
E01000421,0,6,8.4692731,6,8.4692731,6,8.4692731,6,6.6176521,6,6.6176521,6,6.6176521,6,3.1707157,6,3.1707157,6,3.1707157,0,96.475773,6,0.027838321,6,0.027838321
E01000422,1,0,26.771773,0,26.771773,1,10.697117,0,27.08176,0,27.08176,1,11.007104,0,27.658826,1,11.58417,1,11.58417,0,28.184988,0,28.184988,1,12.110332
E01000423,0,0,101.65032,6,5.20239,6,5.20239,6,3.2397983,6,3.2397983,6,3.2397983,0,96.034216,5,15.660937,5,15.660937,0,92.702981,5,12.329702,5,12.329702
E01000424,1,6,3.0648294,6,3.0648294,6,3.0648294,6,0.97977953,6,0.97977953,6,0.97977953,5,13.172953,5,13.172953,5,13.172953,5,9.6338613,5,9.6338613,5,9.6338613
E01000425,0,7,3.2004615,7,3.2004615,7,3.2004615,7,0.84194705,7,0.84194705,7,0.84194705,6,12.526045,6,12.526045,6,12.526045,6,8.5227841,6,8.5227841,6,8.5227841
E01000426,2,4,11.127898,4,11.127898,4,11.127898,4,9.7962164,4,9.7962164,4,9.7962164,4,7.3171868,4,7.3171868,4,7.3171868,4,5.0568357,4,5.0568357,4,5.0568357
E01000427,0,7,12.121565,7,12.121565,7,12.121565,7,10.955646,7,10.955646,7,10.955646,7,8.7851958,7,8.7851958,7,8.7851958,7,6.8062043,7,6.8062043,7,6.8062043
E01000428,0,0,100.14253,6,3.6945978,6,3.6945978,6,3.9500555,6,3.9500555,6,3.9500555,6,4.4256099,6,4.4256099,6,4.4256099,6,4.859215,6,4.859215,6,4.859215
E01000429,0,0,66.971104,0,66.971104,4,2.6724808,0,68.181029,4,3.8824061,4,3.8824061,0,70.433399,0,70.433399,4,6.1347761,4,8.1884615,0,72.487085,4,8.1884615
E01000430,1,5,8.3436237,0,88.716903,5,8.3436237,0,88.738803,0,88.738803,5,8.365524,0,88.779572,0,88.779572,5,8.406293,0,88.816745,0,88.816745,5,8.4434657
E01000431,1,0,38.96613,0,38.96613,2,6.816818,0,40.121646,2,7.9723343,2,7.9723343,0,42.272729,0,42.272729,2,10.123418,2,12.084751,0,44.234063,2,12.084751
E01000433,0,5,1.8013964,0,82.174675,5,1.8013964,5,3.3661824,0,83.739461,5,3.3661824,0,86.652432,0,86.652432,5,6.279153,0,89.308446,5,8.9351666,5,8.9351666
E01000434,1,0,57.325923,3,9.1019558,3,9.1019558,0,58.394155,3,10.170187,3,10.170187,0,60.382751,3,12.158784,3,12.158784,3,13.971963,3,13.971963,3,13.971963
E01000435,1,0,58.403524,3,10.179557,3,10.179557,0,58.695261,3,10.471294,3,10.471294,3,11.014385,3,11.014385,3,11.014385,3,11.50957,3,11.50957,3,11.50957
E01000436,0,7,5.4621498,7,5.4621498,7,5.4621498,7,3.506552,7,3.506552,7,3.506552,0,112.38865,6,15.94071,6,15.94071,6,12.621346,6,12.621346,6,12.621346
E01000437,0,0,88.080195,0,88.080195,5,7.7069159,0,87.067204,5,6.6939254,5,6.6939254,0,85.181444,5,4.8081648,5,4.8081648,0,83.462029,0,83.462029,5,3.0887497
E01000438,1,0,80.289276,0,80.289276,0,80.289276,0,79.604165,0,79.604165,4,15.305542,0,78.328779,4,14.030156,4,14.030156,0,77.165897,0,77.165897,4,12.867273
E01000439,0,0,72.499675,0,72.499675,4,8.2010522,0,72.840259,4,8.5416362,4,8.5416362,0,73.474283,4,9.1756598,4,9.1756598,0,74.052378,4,9.7537553,4,9.7537553
E01000440,0,6,0.67901335,6,0.67901335,6,0.67901335,5,15.162745,0,95.536024,5,15.162745,0,92.574395,5,12.201116,5,12.201116,0,89.874015,5,9.5007361,5,9.5007361
E01000441,0,0,89.211039,5,8.83776,5,8.83776,0,90.465841,0,90.465841,5,10.092562,0,92.801751,5,12.428473,5,12.428473,0,94.931608,5,14.558329,5,14.558329
E01000442,1,0,97.765105,0,97.765105,6,1.3171705,0,96.422534,0,96.422534,5,16.049255,0,93.923233,5,13.549954,5,13.549954,0,91.644398,5,11.27112,5,11.27112
E01000443,0,5,2.3039938,5,2.3039938,5,2.3039938,5,1.7565291,5,1.7565291,5,1.7565291,5,0.7373811,5,0.7373811,5,0.7373811,3,31.957445,0,80.181412,0,80.181412
E01000444,0,8,4.8423641,8,4.8423641,8,4.8423641,8,2.1748591,8,2.1748591,8,2.1748591,7,13.283747,7,13.283747,7,13.283747,7,8.756016,7,8.756016,7,8.756016
E01000445,1,5,13.495247,5,13.495247,5,13.495247,5,11.490555,5,11.490555,5,11.490555,5,7.7586657,5,7.7586657,5,7.7586657,5,4.3559711,5,4.3559711,5,4.3559711
E01000446,0,6,5.9562861,6,5.9562861,6,5.9562861,6,4.278921,6,4.278921,6,4.278921,6,1.1563754,6,1.1563754,6,1.1563754,5,14.38393,5,14.38393,5,14.38393
E01000447,1,6,7.6468819,6,7.6468819,6,7.6468819,0,102.93557,6,6.4876396,6,6.4876396,0,100.77755,6,4.3296198,6,4.3296198,6,2.3619619,6,2.3619619,6,2.3619619
E01000448,1,0,79.5445,0,79.5445,4,15.245877,0,77.409104,0,77.409104,4,13.110481,0,73.433898,0,73.433898,4,9.1352744,0,69.80935,0,69.80935,4,5.5107265
E01000449,2,0,73.290863,0,73.290863,0,73.290863,4,6.8330082,4,6.8330082,0,71.131631,4,2.8134311,0,67.112054,4,2.8134311,0,63.44705,0,63.44705,3,15.223082
E01000450,1,0,95.25462,5,14.881342,5,14.881342,0,94.995432,0,94.995432,5,14.622153,0,94.512932,5,14.139653,5,14.139653,0,94.072994,5,13.699715,5,13.699715
E01000451,3,0,60.368291,0,60.368291,3,12.144323,0,58.833288,0,58.833288,3,10.609321,0,55.975761,3,7.7517934,3,7.7517934,0,53.3703,3,5.1463327,3,5.1463327
E01000452,2,0,64.716099,0,64.716099,4,0.41747627,0,63.148364,3,14.924396,0,63.148364,0,60.229902,3,12.005934,3,12.005934,0,57.568881,3,9.3449139,3,9.3449139
E01000453,1,0,80.50014,0,80.50014,5,0.12686115,0,79.229249,0,79.229249,4,14.930626,0,76.863386,4,12.564763,4,12.564763,0,74.706219,4,10.407596,4,10.407596
E01000454,0,0,87.954545,5,7.5812665,5,7.5812665,0,87.60387,5,7.2305909,5,7.2305909,0,86.95106,5,6.5777809,5,6.5777809,0,86.355835,5,5.9825561,5,5.9825561
E01000455,2,0,74.176015,0,74.176015,4,9.8773922,0,72.828687,4,8.5300641,4,8.5300641,0,70.320531,4,6.021908,4,6.021908,0,68.033623,4,3.7349999,4,3.7349999
E01000456,0,0,84.938961,0,84.938961,5,4.5656821,0,83.522809,5,3.1495299,5,3.1495299,0,80.886531,5,0.51325234,5,0.51325234,0,78.482803,4,14.18418,4,14.18418
E01000457,0,6,9.2231692,6,9.2231692,6,9.2231692,6,8.5337576,6,8.5337576,6,8.5337576,6,7.2503645,6,7.2503645,6,7.2503645,6,6.0801811,6,6.0801811,6,6.0801811
E01000458,2,4,7.046758,4,7.046758,4,7.046758,4,5.2303413,4,5.2303413,4,5.2303413,0,66.147564,4,1.8489404,4,1.8489404,3,14.840473,3,14.840473,0,63.064441
E01000459,0,6,13.746546,6,13.746546,6,13.746546,6,13.070635,0,109.51857,6,13.070635,6,11.812374,6,11.812374,6,11.812374,6,10.665106,6,10.665106,6,10.665106
E01000460,1,0,79.773911,4,15.475288,4,15.475288,4,13.49377,0,77.792393,4,13.49377,0,74.103643,4,9.80502,4,9.80502,4,6.4416598,4,6.4416598,4,6.4416598
E01000461,0,7,0.5618251,7,0.5618251,7,0.5618251,6,14.408988,6,14.408988,6,14.408988,6,10.262337,6,10.262337,6,10.262337,6,6.4814683,6,6.4814683,6,6.4814683
E01000462,0,0,93.483117,5,13.109838,5,13.109838,0,92.581311,0,92.581311,5,12.208032,0,90.902528,5,10.529249,5,10.529249,5,8.9985542,5,8.9985542,5,8.9985542
E01000463,0,5,0.2936042,5,0.2936042,5,0.2936042,4,14.897389,0,79.196012,4,14.897389,4,12.159248,4,12.159248,4,12.159248,4,9.6626426,4,9.6626426,4,9.6626426
E01000464,0,0,56.919156,0,56.919156,3,8.6951885,0,57.614224,0,57.614224,3,9.3902566,0,58.908147,3,10.68418,3,10.68418,0,60.087932,0,60.087932,3,11.863964
E01000465,1,0,49.263007,3,1.0390392,3,1.0390392,0,50.245774,3,2.0218062,3,2.0218062,0,52.075271,3,3.8513035,3,3.8513035,0,53.743386,0,53.743386,3,5.5194183
E01000466,0,0,59.93474,0,59.93474,3,11.710773,0,60.637391,0,60.637391,3,12.413423,0,61.945429,3,13.721461,3,13.721461,0,63.138083,0,63.138083,3,14.914116
E01000467,1,0,66.875092,0,66.875092,4,2.5764693,0,67.499504,0,67.499504,4,3.2008811,0,68.661895,4,4.3632721,4,4.3632721,0,69.72175,4,5.4231271,4,5.4231271
E01000468,1,0,98.8945,0,98.8945,6,2.4465654,0,99.445813,0,99.445813,6,2.9978784,0,100.47213,6,4.0241905,6,4.0241905,0,101.4079,6,4.9599703,6,4.9599703
E01000469,0,0,75.38961,0,75.38961,4,11.090987,0,75.817337,0,75.817337,4,11.518714,0,76.613583,0,76.613583,4,12.314959,0,77.339591,0,77.339591,4,13.040967
E01000470,0,0,42.343831,0,42.343831,2,10.19452,0,43.352617,0,43.352617,2,11.203305,0,45.23055,0,45.23055,2,13.081239,0,46.942828,0,46.942828,0,46.942828
E01000471,0,0,38.852744,0,38.852744,2,6.7034327,0,40.470504,0,40.470504,2,8.3211921,0,43.482088,0,43.482088,0,43.482088,0,46.228017,0,46.228017,2,14.078706
E01000472,0,0,67.850649,0,67.850649,4,3.5520262,0,68.864594,0,68.864594,4,4.565971,0,70.752131,0,70.752131,4,6.4535081,0,72.473166,0,72.473166,4,8.174543
E01000473,2,0,33.932215,0,33.932215,2,1.782903,0,34.681134,0,34.681134,2,2.5318224,0,36.075306,0,36.075306,2,3.9259941,0,37.346496,0,37.346496,2,5.197184
E01000474,0,0,68.981494,0,68.981494,4,4.6828704,0,69.130536,0,69.130536,4,4.8319129,0,69.40799,0,69.40799,4,5.1093671,0,69.66097,0,69.66097,4,5.3623467
E01000475,0,0,77.274351,4,12.975728,4,12.975728,0,77.85604,4,13.557417,4,13.557417,0,78.938901,4,14.640278,4,14.640278,0,79.926241,0,79.926241,4,15.627618
E01000476,0,0,3.0760793,0,3.0760793,0,3.0760793,0,5.3864046,0,5.3864046,0,5.3864046,0,9.6872548,0,9.6872548,0,9.6872548,0,13.608721,0,13.608721,0,13.608721
E01000477,0,0,0.0,0,0.0,0,0.0,0,0.0,0,0.0,0,0.0,0,0.0,0,0.0,0,0.0,0,0.0,0,0.0,0,0.0
E01000478,0,0,69.484091,0,69.484091,4,5.1854678,0,70.03426,0,70.03426,4,5.735637,0,71.058443,0,71.058443,4,6.7598198,0,71.992281,0,71.992281,0,71.992281
E01000479,1,0,0.0,0,0.0,0,0.0,0,0.0,0,0.0,0,0.0,0,0.0,0,0.0,0,0.0,0,0.0,0,0.0,0,0.0
E01000480,0,0,87.200649,0,87.200649,5,6.8273704,0,87.099745,0,87.099745,5,6.7264662,0,86.911904,0,86.911904,0,86.911904,0,86.740632,0,86.740632,0,86.740632
E01000481,1,0,12.335258,0,12.335258,0,12.335258,0,20.253004,0,20.253004,1,4.1783482,0,28.707074,0,28.707074,1,12.632418,0,30.65659,0,30.65659,0,30.65659
E01000483,1,0,0.0,0,0.0,0,0.0,0,0.0,0,0.0,0,0.0,0,0.0,0,0.0,0,0.0,0,0.0,0,0.0,0,0.0
E01000484,0,0,65.086364,0,65.086364,4,0.7877405,0,65.995487,0,65.995487,4,1.6968643,0,67.687892,0,67.687892,0,67.687892,0,69.231007,0,69.231007,0,69.231007
E01000485,0,0,63.578571,0,63.578571,3,15.354604,0,64.311532,0,64.311532,0,64.311532,0,65.675996,0,65.675996,0,65.675996,0,66.920099,0,66.920099,0,66.920099
E01000486,0,0,86.195455,0,86.195455,5,5.8221756,0,86.440567,0,86.440567,5,6.0672884,0,86.896864,0,86.896864,0,86.896864,0,87.31291,0,87.31291,0,87.31291
E01000487,2,0,43.378723,0,43.378723,0,43.378723,0,44.10941,0,44.10941,0,44.10941,0,45.469641,0,45.469641,0,45.469641,0,46.709884,0,46.709884,2,14.560572
E01000488,4,0,0.0,0,0.0,0,0.0,0,0.0,0,0.0,0,0.0,0,0.0,0,0.0,0,0.0,0,0.0,0,0.0,0,0.0
E01000489,6,0,0.0,0,0.0,0,0.0,0,0.0,0,0.0,0,0.0,0,0.0,0,0.0,0,0.0,0,0.0,0,0.0,0,0.0
E01000490,3,0,0.0,0,0.0,0,0.0,0,0.0,0,0.0,0,0.0,0,0.0,0,0.0,0,0.0,0,0.0,0,0.0,0,0.0
E01000491,11,0,0.0,0,0.0,0,0.0,0,0.0,0,0.0,0,0.0,0,0.0,0,0.0,0,0.0,0,0.0,0,0.0,0,0.0
E01000492,4,0,0.0,0,0.0,0,0.0,0,0.0,0,0.0,0,0.0,0,0.0,0,0.0,0,0.0,0,0.0,0,0.0,0,0.0
E01000493,4,0,0.0,0,0.0,0,0.0,0,0.0,0,0.0,0,0.0,0,0.0,0,0.0,0,0.0,0,0.0,0,0.0,0,0.0
E01000494,0,0,0.0,0,0.0,0,0.0,0,0.0,0,0.0,0,0.0,0,0.0,0,0.0,0,0.0,0,0.0,0,0.0,0,0.0
E01000495,3,0,0.0,0,0.0,0,0.0,0,0.0,0,0.0,0,0.0,0,0.0,0,0.0,0,0.0,0,0.0,0,0.0,0,0.0
E01000497,3,0,0.0,0,0.0,0,0.0,0,0.0,0,0.0,0,0.0,0,0.0,0,0.0,0,0.0,0,0.0,0,0.0,0,0.0
E01000498,0,0,0.0,0,0.0,0,0.0,0,0.0,0,0.0,0,0.0,0,0.0,0,0.0,0,0.0,0,0.0,0,0.0,0,0.0
E01000499,0,0,0.0,0,0.0,0,0.0,0,0.0,0,0.0,0,0.0,0,0.0,0,0.0,0,0.0,0,0.0,0,0.0,0,0.0
E01000501,0,0,0.0,0,0.0,0,0.0,0,0.0,0,0.0,0,0.0,0,0.0,0,0.0,0,0.0,0,0.0,0,0.0,0,0.0
E01000502,3,0,0.0,0,0.0,0,0.0,0,0.0,0,0.0,0,0.0,0,0.0,0,0.0,0,0.0,0,0.0,0,0.0,0,0.0
E01000503,0,0,0.0,0,0.0,0,0.0,0,0.0,0,0.0,0,0.0,0,0.0,0,0.0,0,0.0,0,0.0,0,0.0,0,0.0
E01000504,6,0,0.0,0,0.0,0,0.0,0,0.0,0,0.0,0,0.0,0,0.0,0,0.0,0,0.0,0,0.0,0,0.0,0,0.0
E01000505,4,0,0.0,0,0.0,0,0.0,0,0.0,0,0.0,0,0.0,0,0.0,0,0.0,0,0.0,0,0.0,0,0.0,0,0.0
E01000506,11,0,0.0,0,0.0,0,0.0,0,0.0,0,0.0,0,0.0,0,0.0,0,0.0,0,0.0,0,0.0,0,0.0,0,0.0
E01000507,4,0,0.0,0,0.0,0,0.0,0,0.0,0,0.0,0,0.0,0,0.0,0,0.0,0,0.0,0,0.0,0,0.0,0,0.0
E01000508,8,0,0.0,0,0.0,0,0.0,0,0.0,0,0.0,0,0.0,0,0.0,0,0.0,0,0.0,0,0.0,0,0.0,0,0.0
E01000509,1,0,0.0,0,0.0,0,0.0,0,0.0,0,0.0,0,0.0,0,0.0,0,0.0,0,0.0,0,0.0,0,0.0,0,0.0
E01000510,3,0,0.0,0,0.0,0,0.0,0,0.0,0,0.0,0,0.0,0,0.0,0,0.0,0,0.0,0,0.0,0,0.0,0,0.0
E01000511,21,0,0.0,0,0.0,0,0.0,0,0.0,0,0.0,0,0.0,0,0.0,0,0.0,0,0.0,0,0.0,0,0.0,0,0.0
E01000512,10,0,0.0,0,0.0,0,0.0,0,0.0,0,0.0,0,0.0,0,0.0,0,0.0,0,0.0,0,0.0,0,0.0,0,0.0
E01000513,3,0,0.0,0,0.0,0,0.0,0,0.0,0,0.0,0,0.0,0,0.0,0,0.0,0,0.0,0,0.0,0,0.0,0,0.0
E01000514,1,0,0.0,0,0.0,0,0.0,0,0.0,0,0.0,0,0.0,0,0.0,0,0.0,0,0.0,0,0.0,0,0.0,0,0.0
E01000515,0,0,66.091558,0,66.091558,0,66.091558,0,66.892186,0,66.892186,0,66.892186,0,68.382616,0,68.382616,0,68.382616,0,69.741574,0,69.741574,0,69.741574
E01000516,4,0,0.0,0,0.0,0,0.0,0,0.0,0,0.0,0,0.0,0,0.0,0,0.0,0,0.0,0,0.0,0,0.0,0,0.0
E01000517,0,0,75.012662,0,75.012662,4,10.714039,0,74.633068,0,74.633068,4,10.334445,0,73.926423,0,73.926423,0,73.926423,0,73.282113,0,73.282113,0,73.282113
E01000518,2,0,0.0,0,0.0,0,0.0,0,0.0,0,0.0,0,0.0,0,0.0,0,0.0,0,0.0,0,0.0,0,0.0,0,0.0
E01000519,3,0,38.811754,0,38.811754,2,6.6624429,0,39.857605,0,39.857605,0,39.857605,0,41.804536,0,41.804536,0,41.804536,0,43.579726,0,43.579726,0,43.579726
E01000520,2,0,0.0,0,0.0,0,0.0,0,0.0,0,0.0,0,0.0,0,2.0515261,0,2.0515261,0,2.0515261,0,8.1954005,0,8.1954005,0,8.1954005
E01000521,3,0,0.0,0,0.0,0,0.0,0,0.0,0,0.0,0,0.0,0,0.0,0,0.0,0,0.0,0,0.0,0,0.0,0,0.0
E01000522,4,0,0.0,0,0.0,0,0.0,0,0.0,0,0.0,0,0.0,0,0.0,0,0.0,0,0.0,0,0.0,0,0.0,0,0.0
E01000523,5,0,0.0,0,0.0,0,0.0,0,0.0,0,0.0,0,0.0,0,0.0,0,0.0,0,0.0,0,0.0,0,0.0,0,0.0
E01000524,3,0,0.0,0,0.0,0,0.0,0,0.0,0,0.0,0,0.0,0,0.0,0,0.0,0,0.0,0,0.0,0,0.0,0,0.0
E01000525,4,0,0.0,0,0.0,0,0.0,0,0.0,0,0.0,0,0.0,0,0.0,0,0.0,0,0.0,0,0.0,0,0.0,0,0.0
E01000526,3,0,0.0,0,0.0,0,0.0,0,0.0,0,0.0,0,0.0,0,0.0,0,0.0,0,0.0,0,0.0,0,0.0,0,0.0
E01000527,9,0,0.0,0,0.0,0,0.0,0,0.0,0,0.0,0,0.0,0,0.0,0,0.0,0,0.0,0,0.0,0,0.0,0,0.0
E01000528,2,0,0.0,0,0.0,0,0.0,0,0.0,0,0.0,0,0.0,0,0.0,0,0.0,0,0.0,0,0.0,0,0.0,0,0.0
E01000530,21,0,0.0,0,0.0,0,0.0,0,0.0,0,0.0,0,0.0,0,0.0,0,0.0,0,0.0,0,0.0,0,0.0,0,0.0
E01000531,21,0,0.0,0,0.0,0,0.0,0,0.0,0,0.0,0,0.0,0,0.0,0,0.0,0,0.0,0,0.0,0,0.0,0,0.0
E01000532,15,0,0.0,0,0.0,0,0.0,0,0.0,0,0.0,0,0.0,0,0.0,0,0.0,0,0.0,0,0.0,0,0.0,0,0.0
E01000533,7,0,0.0,0,0.0,0,0.0,0,0.0,0,0.0,0,0.0,0,0.0,0,0.0,0,0.0,0,0.0,0,0.0,0,0.0
E01000534,15,0,0.0,0,0.0,0,0.0,0,0.0,0,0.0,0,0.0,0,0.0,0,0.0,0,0.0,0,0.0,0,0.0,0,0.0
E01000535,11,0,0.0,0,0.0,0,0.0,0,0.0,0,0.0,0,0.0,0,0.0,0,0.0,0,0.0,0,0.0,0,0.0,0,0.0
E01000536,1,0,64.678296,0,64.678296,4,0.37967323,0,63.883535,0,63.883535,3,15.659567,0,62.404024,0,62.404024,0,62.404024,0,61.055022,0,61.055022,0,61.055022
E01000538,1,0,81.391095,0,81.391095,5,1.0178157,0,80.650597,0,80.650597,5,0.27731768,0,79.272102,0,79.272102,0,79.272102,0,78.015206,0,78.015206,0,78.015206
E01000539,1,0,64.843526,0,64.843526,4,0.5449029,0,64.031346,0,64.031346,0,64.031346,0,62.519409,0,62.519409,0,62.519409,0,61.140843,0,61.140843,0,61.140843
E01000540,0,0,86.823701,0,86.823701,5,6.4504224,0,85.60488,0,85.60488,5,5.2316008,0,83.335948,0,83.335948,5,2.9626696,0,81.267163,0,81.267163,0,81.267163
E01000541,0,0,64.583766,0,64.583766,4,0.2851431,0,64.685494,0,64.685494,4,0.38687078,0,64.874868,0,64.874868,4,0.57624477,0,65.047537,0,65.047537,0,65.047537
E01000543,0,0,72.499675,0,72.499675,4,8.2010522,0,72.373335,0,72.373335,4,8.0747115,0,72.138141,0,72.138141,4,7.8395183,0,71.923695,0,71.923695,0,71.923695
E01000544,6,0,0.0,0,0.0,0,0.0,0,0.0,0,0.0,0,0.0,0,0.0,0,0.0,0,0.0,0,0.0,0,0.0,0,0.0
E01000545,8,0,0.0,0,0.0,0,0.0,0,0.0,0,0.0,0,0.0,0,0.0,0,0.0,0,0.0,0,0.0,0,0.0,0,0.0
E01000546,13,0,0.0,0,0.0,0,0.0,0,0.0,0,0.0,0,0.0,0,0.0,0,0.0,0,0.0,0,0.0,0,0.0,0,0.0
E01000547,18,0,0.0,0,0.0,0,0.0,0,0.0,0,0.0,0,0.0,0,0.0,0,0.0,0,0.0,0,0.0,0,0.0,0,0.0
E01000548,3,0,0.0,0,0.0,0,0.0,0,0.0,0,0.0,0,0.0,0,0.0,0,0.0,0,0.0,0,0.0,0,0.0,0,0.0
E01000549,4,0,0.0,0,0.0,0,0.0,0,0.0,0,0.0,0,0.0,0,0.0,0,0.0,0,0.0,0,0.0,0,0.0,0,0.0
E01000550,4,0,0.0,0,0.0,0,0.0,0,0.0,0,0.0,0,0.0,0,0.0,0,0.0,0,0.0,0,0.0,0,0.0,0,0.0
E01000551,10,0,0.0,0,0.0,0,0.0,0,0.0,0,0.0,0,0.0,0,0.0,0,0.0,0,0.0,0,0.0,0,0.0,0,0.0
E01000552,5,0,0.0,0,0.0,0,0.0,0,0.0,0,0.0,0,0.0,0,0.0,0,0.0,0,0.0,0,0.0,0,0.0,0,0.0
E01000553,11,0,0.0,0,0.0,0,0.0,0,0.0,0,0.0,0,0.0,0,0.0,0,0.0,0,0.0,0,0.0,0,0.0,0,0.0
E01000554,5,0,0.0,0,0.0,0,0.0,0,0.0,0,0.0,0,0.0,0,0.0,0,0.0,0,0.0,0,0.0,0,0.0,0,0.0
E01000555,9,0,0.0,0,0.0,0,0.0,0,0.0,0,0.0,0,0.0,0,0.0,0,0.0,0,0.0,0,0.0,0,0.0,0,0.0
E01000556,1,0,0.0,0,0.0,0,0.0,0,0.0,0,0.0,0,0.0,0,0.0,0,0.0,0,0.0,0,0.0,0,0.0,0,0.0
E01000557,9,0,0.0,0,0.0,0,0.0,0,0.0,0,0.0,0,0.0,0,0.0,0,0.0,0,0.0,0,0.0,0,0.0,0,0.0
E01000558,6,0,0.0,0,0.0,0,0.0,0,0.0,0,0.0,0,0.0,0,0.0,0,0.0,0,0.0,0,0.0,0,0.0,0,0.0
E01000559,1,0,0.0,0,0.0,0,0.0,0,0.0,0,0.0,0,0.0,0,0.0,0,0.0,0,0.0,0,0.0,0,0.0,0,0.0
E01000560,10,0,0.0,0,0.0,0,0.0,0,0.0,0,0.0,0,0.0,0,0.0,0,0.0,0,0.0,0,0.0,0,0.0,0,0.0
E01000561,4,0,0.0,0,0.0,0,0.0,0,0.0,0,0.0,0,0.0,0,0.0,0,0.0,0,0.0,0,0.0,0,0.0,0,0.0
E01000562,0,0,92.603571,5,12.230293,5,12.230293,0,91.737359,5,11.36408,5,11.36408,0,90.124837,5,9.7515583,5,9.7515583,0,88.654558,5,8.2812793,5,8.2812793
E01000563,0,0,93.483117,5,13.109838,5,13.109838,0,92.298522,0,92.298522,5,11.925243,0,90.093307,5,9.7200278,5,9.7200278,0,88.082616,5,7.7093375,5,7.7093375
E01000564,0,0,63.327273,0,63.327273,3,15.103305,0,63.72982,0,63.72982,3,15.505852,0,64.479192,0,64.479192,4,0.18056932,0,65.162462,0,65.162462,4,0.86383879
E01000565,0,0,64.206818,0,64.206818,0,64.206818,0,64.627487,4,0.32886382,4,0.32886382,0,65.410595,4,1.1119715,4,1.1119715,0,66.124623,4,1.8260001,4,1.8260001
E01000566,0,0,78.782143,0,78.782143,4,14.48352,0,78.429599,0,78.429599,4,14.130976,0,77.773312,0,77.773312,4,13.474689,0,77.174917,0,77.174917,4,12.876294
E01000567,3,0,21.428451,1,5.3537949,1,5.3537949,0,21.911985,0,21.911985,0,21.911985,0,22.812121,0,22.812121,0,22.812121,0,23.632856,0,23.632856,1,7.5582
E01000568,0,0,64.583766,4,0.2851431,4,0.2851431,0,63.576312,0,63.576312,3,15.352344,0,61.700857,0,61.700857,3,13.476889,0,59.990838,0,59.990838,3,11.766871
E01000569,0,0,87.577597,5,7.2043185,5,7.2043185,0,86.903679,5,6.5303999,5,6.5303999,0,85.649127,5,5.2758482,5,5.2758482,0,84.505241,0,84.505241,5,4.1319622
E01000570,0,0,62.447727,3,14.22376,3,14.22376,0,63.326088,3,15.102121,0,63.326088,0,64.961226,4,0.66260288,4,0.66260288,0,66.452126,4,2.1535027,4,2.1535027
E01000571,0,0,72.209177,4,7.9105541,4,7.9105541,0,74.470044,4,10.171421,4,10.171421,0,78.678823,0,78.678823,4,14.3802,0,82.475217,5,2.1019377,5,2.1019377
E01000572,0,0,71.117532,0,71.117532,4,6.8189093,0,71.042179,0,71.042179,4,6.7435554,0,70.901901,0,70.901901,4,6.6032782,0,70.773998,0,70.773998,4,6.475375
E01000573,1,0,51.650344,0,51.650344,3,3.4263769,0,51.955281,0,51.955281,0,51.955281,0,52.522944,0,52.522944,0,52.522944,0,53.040532,0,53.040532,3,4.8165649
E01000574,1,0,58.565009,0,58.565009,3,10.341041,0,58.50049,0,58.50049,3,10.276522,0,58.380383,0,58.380383,3,10.156415,0,58.27087,0,58.27087,3,10.046903
E01000575,1,0,66.10002,0,66.10002,4,1.8013964,0,66.253511,0,66.253511,0,66.253511,0,66.539248,0,66.539248,4,2.240625,0,66.79978,0,66.79978,4,2.5011566
E01000576,2,0,48.146803,0,48.146803,2,15.997492,0,48.429988,0,48.429988,3,0.2060206,0,48.957158,0,48.957158,0,48.957158,0,49.437826,0,49.437826,3,1.2138589
E01000577,2,0,50.123513,0,50.123513,3,1.8995459,0,52.035385,0,52.035385,0,52.035385,0,55.594482,0,55.594482,0,55.594482,0,58.839627,0,58.839627,3,10.61566
E01000578,3,0,39.850915,0,39.850915,0,39.850915,0,41.141303,0,41.141303,0,41.141303,0,43.54346,0,43.54346,0,43.54346,0,45.73372,0,45.73372,2,13.584408
E01000579,20,0,0.0,0,0.0,0,0.0,0,0.0,0,0.0,0,0.0,0,0.0,0,0.0,0,0.0,0,0.0,0,0.0,0,0.0
E01000580,35,0,0.0,0,0.0,0,0.0,0,0.0,0,0.0,0,0.0,0,0.0,0,0.0,0,0.0,0,0.0,0,0.0,0,0.0
E01000581,20,0,0.0,0,0.0,0,0.0,0,0.0,0,0.0,0,0.0,0,0.0,0,0.0,0,0.0,0,0.0,0,0.0,0,0.0
E01000582,37,0,0.0,0,0.0,0,0.0,0,0.0,0,0.0,0,0.0,0,0.0,0,0.0,0,0.0,0,0.0,0,0.0,0,0.0
E01000583,14,0,0.0,0,0.0,0,0.0,0,0.0,0,0.0,0,0.0,0,0.0,0,0.0,0,0.0,0,0.0,0,0.0,0,0.0
E01000584,5,0,0.0,0,0.0,0,0.0,0,0.0,0,0.0,0,0.0,0,0.0,0,0.0,0,0.0,0,0.0,0,0.0,0,0.0
E01000585,6,0,0.0,0,0.0,0,0.0,0,0.0,0,0.0,0,0.0,0,0.0,0,0.0,0,0.0,0,0.0,0,0.0,0,0.0
E01000586,6,0,0.0,0,0.0,0,0.0,0,0.0,0,0.0,0,0.0,0,0.0,0,0.0,0,0.0,0,0.0,0,0.0,0,0.0
E01000587,2,0,53.100852,0,53.100852,0,53.100852,0,52.993885,0,52.993885,3,4.7699181,0,52.79476,0,52.79476,3,4.5707924,0,52.613199,0,52.613199,3,4.3892318
E01000589,0,0,108.56104,0,108.56104,6,12.113104,0,108.785,0,108.785,6,12.337069,0,109.20193,0,109.20193,6,12.753998,0,109.58208,0,109.58208,6,13.134149
E01000590,4,0,24.22538,0,24.22538,0,24.22538,0,23.837881,0,23.837881,1,7.7632248,0,23.116521,0,23.116521,0,23.116521,0,22.458793,0,22.458793,1,6.384137
E01000591,2,0,43.971971,0,43.971971,2,11.82266,0,44.0993,0,44.0993,2,11.949988,0,44.336332,0,44.336332,2,12.187021,0,44.552456,0,44.552456,2,12.403144
E01000592,1,0,74.435562,0,74.435562,4,10.136939,0,74.648784,0,74.648784,0,74.648784,0,75.045713,0,75.045713,4,10.74709,0,75.407629,0,75.407629,4,11.109006
E01000593,0,0,92.729221,0,92.729221,5,12.355942,0,93.345811,0,93.345811,5,12.972532,0,94.493641,0,94.493641,5,14.120362,0,95.540219,0,95.540219,5,15.16694
E01000594,2,0,42.208687,0,42.208687,2,10.059376,0,42.238739,0,42.238739,2,10.089428,0,42.294683,0,42.294683,2,10.145372,0,42.345692,0,42.345692,2,10.196381
E01000595,6,0,0.0,0,0.0,0,0.0,0,0.0,0,0.0,0,0.0,0,0.0,0,0.0,0,0.0,0,0.0,0,0.0,0,0.0
E01000596,4,0,0.0,0,0.0,0,0.0,0,0.0,0,0.0,0,0.0,0,0.0,0,0.0,0,0.0,0,0.0,0,0.0,0,0.0
E01000599,1,0,0.0,0,0.0,0,0.0,0,0.0,0,0.0,0,0.0,0,0.0,0,0.0,0,0.0,0,0.0,0,0.0,0,0.0
E01000601,0,0,0.0,0,0.0,0,0.0,0,0.0,0,0.0,0,0.0,0,0.0,0,0.0,0,0.0,0,0.0,0,0.0,0,0.0
E01000602,0,0,0.0,0,0.0,0,0.0,0,0.0,0,0.0,0,0.0,0,0.0,0,0.0,0,0.0,0,0.0,0,0.0,0,0.0
E01000603,0,0,0.0,0,0.0,0,0.0,0,0.0,0,0.0,0,0.0,0,0.0,0,0.0,0,0.0,0,0.0,0,0.0,0,0.0
E01000604,0,0,0.0,0,0.0,0,0.0,0,0.0,0,0.0,0,0.0,0,0.0,0,0.0,0,0.0,0,0.0,0,0.0,0,0.0
E01000605,1,0,0.0,0,0.0,0,0.0,0,0.0,0,0.0,0,0.0,0,0.0,0,0.0,0,0.0,0,0.0,0,0.0,0,0.0
E01000606,5,0,0.0,0,0.0,0,0.0,0,0.0,0,0.0,0,0.0,0,0.0,0,0.0,0,0.0,0,0.0,0,0.0,0,0.0
E01000607,3,0,41.148727,2,8.9994152,2,8.9994152,0,41.594739,0,41.594739,2,9.4454274,0,42.425025,0,42.425025,0,42.425025,0,43.182071,0,43.182071,2,11.03276
E01000608,2,0,51.060847,3,2.8368793,3,2.8368793,0,51.687219,0,51.687219,0,51.687219,0,52.853259,0,52.853259,0,52.853259,0,53.916441,0,53.916441,3,5.6924738
E01000609,0,0,81.672078,5,1.298799,5,1.298799,0,82.039812,5,1.6665331,5,1.6665331,0,82.724378,5,2.3510988,5,2.3510988,0,83.348557,5,2.975278,5,2.975278
E01000610,3,0,16.89372,1,0.81906429,1,0.81906429,0,19.097304,0,19.097304,1,3.0226482,0,23.199447,0,23.199447,0,23.199447,0,26.939734,0,26.939734,1,10.865078
E01000611,0,0,70.866234,4,6.5676106,4,6.5676106,0,70.860298,4,6.5616752,4,6.5616752,0,70.849249,4,6.5506259,4,6.5506259,0,70.839174,0,70.839174,4,6.5405513
E01000612,0,0,0.0,0,0.0,0,0.0,0,0.0,0,0.0,0,0.0,0,0.0,0,0.0,0,0.0,0,0.64542821,0,0.64542821,0,0.64542821
E01000613,1,0,45.242227,2,13.092916,2,13.092916,0,45.877314,0,45.877314,2,13.728002,0,47.059577,0,47.059577,0,47.059577,0,48.137551,0,48.137551,0,48.137551
E01000615,1,0,0.0,0,0.0,0,0.0,0,0.0,0,0.0,0,0.0,0,0.0,0,0.0,0,0.0,0,0.0,0,0.0,0,0.0
E01000616,12,0,0.0,0,0.0,0,0.0,0,0.0,0,0.0,0,0.0,0,0.0,0,0.0,0,0.0,0,0.0,0,0.0,0,0.0
E01000617,1,0,0.0,0,0.0,0,0.0,0,0.0,0,0.0,0,0.0,0,0.0,0,0.0,0,0.0,0,0.0,0,0.0,0,0.0
E01000618,0,0,0.0,0,0.0,0,0.0,0,0.0,0,0.0,0,0.0,0,0.0,0,0.0,0,0.0,0,0.0,0,0.0,0,0.0
E01000619,0,0,0.0,0,0.0,0,0.0,0,0.0,0,0.0,0,0.0,0,0.0,0,0.0,0,0.0,0,0.0,0,0.0,0,0.0
E01000620,1,0,0.0,0,0.0,0,0.0,0,0.0,0,0.0,0,0.0,0,0.0,0,0.0,0,0.0,0,0.0,0,0.0,0,0.0
E01000621,1,0,0.0,0,0.0,0,0.0,0,0.0,0,0.0,0,0.0,0,0.0,0,0.0,0,0.0,0,0.0,0,0.0,0,0.0
E01000622,0,0,0.0,0,0.0,0,0.0,0,0.0,0,0.0,0,0.0,0,0.0,0,0.0,0,0.0,0,0.0,0,0.0,0,0.0
E01000623,0,0,0.0,0,0.0,0,0.0,0,0.0,0,0.0,0,0.0,0,0.0,0,0.0,0,0.0,0,0.0,0,0.0,0,0.0
E01000624,1,0,0.0,0,0.0,0,0.0,0,0.0,0,0.0,0,0.0,0,0.0,0,0.0,0,0.0,0,0.0,0,0.0,0,0.0
E01000625,3,0,0.0,0,0.0,0,0.0,0,0.0,0,0.0,0,0.0,0,0.0,0,0.0,0,0.0,0,0.0,0,0.0,0,0.0
E01000626,0,0,0.0,0,0.0,0,0.0,0,0.0,0,0.0,0,0.0,0,0.0,0,0.0,0,0.0,0,0.0,0,0.0,0,0.0
E01000627,2,0,0.0,0,0.0,0,0.0,0,0.0,0,0.0,0,0.0,0,0.0,0,0.0,0,0.0,0,0.0,0,0.0,0,0.0
E01000628,1,0,0.0,0,0.0,0,0.0,0,0.0,0,0.0,0,0.0,0,0.0,0,0.0,0,0.0,0,0.0,0,0.0,0,0.0
E01000629,0,0,0.0,0,0.0,0,0.0,0,0.0,0,0.0,0,0.0,0,0.0,0,0.0,0,0.0,0,0.0,0,0.0,0,0.0
E01000630,1,0,34.213912,0,34.213912,2,2.0646008,0,35.876254,0,35.876254,2,3.7269427,0,38.970833,0,38.970833,2,6.8215214,0,41.792435,0,41.792435,2,9.6431231
E01000631,9,0,0.0,0,0.0,0,0.0,0,0.0,0,0.0,0,0.0,0,0.0,0,0.0,0,0.0,0,0.0,0,0.0,0,0.0
E01000632,3,0,17.34349,0,17.34349,1,1.2688342,0,18.717363,0,18.717363,0,18.717363,0,21.274934,0,21.274934,0,21.274934,0,22.96147,0,22.96147,1,6.8868142
E01000633,4,0,0.0,0,0.0,0,0.0,0,0.0,0,0.0,0,0.0,0,0.0,0,0.0,0,0.0,0,0.0,0,0.0,0,0.0
E01000634,5,0,0.0,0,0.0,0,0.0,0,0.0,0,0.0,0,0.0,0,0.0,0,0.0,0,0.0,0,0.0,0,0.0,0,0.0
E01000636,0,0,0.0,0,0.0,0,0.0,0,0.0,0,0.0,0,0.0,0,0.0,0,0.0,0,0.0,0,0.0,0,0.0,0,0.0
E01000637,14,0,0.0,0,0.0,0,0.0,0,0.0,0,0.0,0,0.0,0,0.0,0,0.0,0,0.0,0,0.0,0,0.0,0,0.0
E01000638,7,0,0.0,0,0.0,0,0.0,0,0.0,0,0.0,0,0.0,0,0.0,0,0.0,0,0.0,0,0.0,0,0.0,0,0.0
E01000639,14,0,0.0,0,0.0,0,0.0,0,0.0,0,0.0,0,0.0,0,0.0,0,0.0,0,0.0,0,0.0,0,0.0,0,0.0
E01000640,18,0,0.0,0,0.0,0,0.0,0,0.0,0,0.0,0,0.0,0,0.0,0,0.0,0,0.0,0,0.0,0,0.0,0,0.0
E01000641,9,0,0.0,0,0.0,0,0.0,0,0.0,0,0.0,0,0.0,0,0.0,0,0.0,0,0.0,0,0.0,0,0.0,0,0.0
E01000642,10,0,0.0,0,0.0,0,0.0,0,0.0,0,0.0,0,0.0,0,0.0,0,0.0,0,0.0,0,0.0,0,0.0,0,0.0
E01000643,4,0,0.0,0,0.0,0,0.0,0,0.0,0,0.0,0,0.0,0,0.0,0,0.0,0,0.0,0,0.0,0,0.0,0,0.0
E01000644,23,0,0.0,0,0.0,0,0.0,0,0.0,0,0.0,0,0.0,0,0.0,0,0.0,0,0.0,0,0.0,0,0.0,0,0.0
E01000645,0,0,117.23084,0,117.23084,7,4.7082537,0,114.62425,7,2.1016581,7,2.1016581,0,109.77187,0,109.77187,6,13.323933,0,105.34752,6,8.8995882,6,8.8995882
E01000646,0,0,104.79156,0,104.79156,6,8.3436237,0,103.2387,0,103.2387,6,6.7907657,0,100.34793,0,100.34793,6,3.8999997,0,97.712167,6,1.2642321,6,1.2642321
E01000647,0,0,94.86526,0,94.86526,5,14.491981,0,93.663151,0,93.663151,5,13.289872,0,91.425331,0,91.425331,5,11.052052,0,89.384913,5,9.0116342,5,9.0116342
E01000648,0,0,116.1,0,116.1,7,3.5774095,0,114.24362,0,114.24362,7,1.7210265,0,110.78782,0,110.78782,6,14.339881,0,107.63686,6,11.188921,6,11.188921
E01000649,0,0,147.38669,0,147.38669,9,2.7147863,0,145.01566,0,145.01566,9,0.34376197,0,140.60182,0,140.60182,8,12.004572,0,136.57732,8,7.9800771,8,7.9800771
E01000650,0,0,131.05227,0,131.05227,8,2.4550265,0,129.34046,0,129.34046,8,0.74321159,0,126.15378,7,13.631191,7,13.631191,0,123.24821,7,10.725616,7,10.725616
E01000651,0,0,92.100974,5,11.727695,5,11.727695,0,90.853007,0,90.853007,5,10.479728,0,88.52982,5,8.1565414,5,8.1565414,0,86.411565,5,6.0382858,5,6.0382858
E01000652,0,0,117.98474,7,5.4621498,7,5.4621498,0,115.79888,0,115.79888,7,3.2762897,0,111.72973,6,15.281797,6,15.281797,0,108.01953,6,11.571594,6,11.571594
E01000653,0,0,110.94838,0,110.94838,6,14.500442,0,109.20685,0,109.20685,6,12.75891,0,105.96485,0,105.96485,6,9.5169139,0,103.00883,6,6.5608984,6,6.5608984
E01000654,0,0,106.04805,0,106.04805,6,9.6001172,0,104.83877,0,104.83877,0,104.83877,0,102.58758,0,102.58758,0,102.58758,0,100.53498,0,100.53498,6,4.0870489
E01000655,0,0,106.1737,0,106.1737,6,9.7257666,0,104.82829,0,104.82829,0,104.82829,0,102.32372,0,102.32372,0,102.32372,0,100.04007,0,100.04007,6,3.5921336
E01000656,0,0,126.2776,0,126.2776,7,13.755007,0,124.14758,0,124.14758,0,124.14758,0,120.18238,0,120.18238,0,120.18238,0,116.56696,0,116.56696,7,4.0443715
E01000657,0,0,118.86429,0,118.86429,7,6.3416952,0,118.1352,0,118.1352,0,118.1352,0,116.77794,0,116.77794,0,116.77794,0,115.54041,0,115.54041,7,3.0178164
E01000658,0,0,106.425,0,106.425,6,9.9770653,0,104.75447,0,104.75447,0,104.75447,0,101.64465,0,101.64465,0,101.64465,0,98.809153,0,98.809153,6,2.3612178
E01000659,0,0,115.72305,0,115.72305,7,3.2004615,0,114.24535,0,114.24535,0,114.24535,0,111.49448,0,111.49448,0,111.49448,0,108.98627,0,108.98627,6,12.538339
E01000661,0,0,135.1987,0,135.1987,8,6.601455,0,136.67817,8,8.0809261,8,8.0809261,8,10.835077,0,139.43232,8,10.835077,0,141.94353,0,141.94353,8,13.34628
E01000662,0,0,109.44058,0,109.44058,6,12.99265,0,108.80134,6,12.353401,6,12.353401,0,107.61132,0,107.61132,6,11.16339,0,106.52629,0,106.52629,6,10.078352
E01000663,0,0,98.132143,0,98.132143,6,1.6842082,0,97.64513,6,1.1971956,6,1.1971956,0,96.738519,0,96.738519,6,0.29058395,0,95.91188,0,95.91188,5,15.538602
E01000664,0,0,107.1789,0,107.1789,6,10.730961,0,106.52148,6,10.073547,6,10.073547,0,105.29766,0,105.29766,6,8.8497204,0,104.18178,0,104.18178,6,7.7338487
E01000665,0,0,126.90584,0,126.90584,7,14.383254,0,125.65685,7,13.13426,7,13.13426,0,123.33175,0,123.33175,7,10.809161,0,121.21175,0,121.21175,7,8.6891628
E01000666,0,0,168.11883,0,168.11883,4,103.82021,0,165.1354,10,4.3888395,10,4.3888395,0,159.5815,0,159.5815,0,159.5815,0,154.51753,0,154.51753,9,9.8456238
E01000667,0,0,141.98377,0,141.98377,0,141.98377,0,139.17317,8,10.575924,8,10.575924,0,133.94103,0,133.94103,0,133.94103,0,129.17042,0,129.17042,8,0.57317347
E01000668,0,0,121.62857,7,9.1059809,7,9.1059809,0,120.28909,0,120.28909,7,7.7665015,0,117.79555,7,5.2729564,7,5.2729564,0,115.52196,7,2.9993703,7,2.9993703
E01000669,1,0,90.02142,0,90.02142,5,9.6481415,0,88.614879,5,8.2416004,5,8.2416004,0,85.996494,0,85.996494,5,5.6232147,0,83.609079,0,83.609079,5,3.2358005
E01000670,0,6,15.882585,6,15.882585,6,15.882585,6,13.856285,0,110.30422,6,13.856285,0,106.53211,6,10.084171,6,10.084171,0,103.09274,6,6.6448004,6,6.6448004
E01000671,0,0,115.5974,7,3.0748121,7,3.0748121,0,114.69659,0,114.69659,7,2.1739982,0,113.01965,7,0.49706297,7,0.49706297,0,111.49064,6,15.042708,6,15.042708
E01000672,0,0,99.514286,6,3.066351,6,3.066351,0,98.146447,6,1.6985126,6,1.6985126,0,95.60011,5,15.226831,5,15.226831,0,93.278388,5,12.905109,5,12.905109
E01000673,0,0,95.493506,5,15.120228,5,15.120228,0,94.078432,5,13.705153,5,13.705153,0,91.444161,5,11.070882,5,11.070882,0,89.042262,5,8.6689834,5,8.6689834
E01000674,0,0,85.692857,5,5.3195782,5,5.3195782,0,85.434819,5,5.0615402,5,5.0615402,0,84.954461,5,4.5811824,5,4.5811824,0,84.516476,5,4.1431975,5,4.1431975
E01000676,0,0,70.866234,4,6.5676106,4,6.5676106,0,70.957111,4,6.6584883,4,6.6584883,0,71.126287,4,6.8276642,4,6.8276642,0,71.28054,4,6.9819169,4,6.9819169
E01000677,1,0,74.268273,4,9.9696498,4,9.9696498,0,73.061759,4,8.7631362,4,8.7631362,0,70.81574,0,70.81574,4,6.5171172,0,68.767846,0,68.767846,4,4.4692227
E01000678,0,0,99.262987,6,2.8150523,6,2.8150523,0,97.753309,0,97.753309,6,1.3053747,0,94.942927,0,94.942927,0,94.942927,0,92.380453,5,12.007174,0,92.380453
E01000679,0,0,99.514286,6,3.066351,6,3.066351,0,98.029918,0,98.029918,6,1.5819837,0,95.266653,5,14.893374,5,14.893374,0,92.747139,5,12.373861,5,12.373861
E01000680,0,0,142.98896,0,142.98896,8,14.391715,0,140.52125,8,11.924,8,11.924,0,135.9274,0,135.9274,8,7.3301584,0,131.73879,0,131.73879,8,3.1415455
E01000681,0,0,115.72305,0,115.72305,7,3.2004615,0,113.421,7,0.89840912,7,0.89840912,0,109.13555,0,109.13555,6,12.687615,0,105.22813,0,105.22813,6,8.7801914
E01000682,0,0,102.78117,0,102.78117,6,6.3332341,0,100.77668,6,4.3287498,6,4.3287498,0,97.045181,0,97.045181,0,97.045181,0,93.642839,0,93.642839,5,13.26956
E01000683,0,0,106.1737,0,106.1737,6,9.7257666,0,104.96298,6,8.5150473,6,8.5150473,0,102.70913,0,102.70913,6,6.2611992,0,100.6541,0,100.6541,6,4.2061662
E01000684,0,0,140.72727,0,140.72727,8,12.130026,0,137.92782,8,9.3305708,8,9.3305708,0,132.71641,0,132.71641,8,4.1191666,0,127.96471,0,127.96471,0,127.96471
E01000685,1,0,89.012309,0,89.012309,5,8.6390297,0,87.896018,5,7.5227389,5,7.5227389,0,85.817956,0,85.817956,5,5.4446769,5,3.5499235,0,83.923202,5,3.5499235
E01000686,0,0,101.39903,0,101.39903,6,4.9510913,0,100.25265,6,3.8047132,6,3.8047132,0,98.118576,0,98.118576,6,1.6706413,0,96.172753,0,96.172753,5,15.799475
E01000687,0,0,108.56104,0,108.56104,6,12.113104,0,106.69808,0,106.69808,0,106.69808,0,103.23003,0,103.23003,0,103.23003,0,100.06791,0,100.06791,6,3.6199705
E01000688,0,0,104.28896,0,104.28896,6,7.8410263,0,102.4179,6,5.9699629,6,5.9699629,0,98.934768,0,98.934768,6,2.486833,0,95.758889,0,95.758889,5,15.38561
E01000689,0,0,96.624351,0,96.624351,6,0.17641595,0,96.389968,0,96.389968,5,16.016689,0,95.953647,0,95.953647,0,95.953647,0,95.555814,5,15.182535,5,15.182535
E01000690,0,0,92.100974,0,92.100974,5,11.727695,0,90.502501,0,90.502501,5,10.129222,0,87.52682,0,87.52682,5,7.1535406,0,84.813627,5,4.4403479,5,4.4403479
E01000691,0,0,91.095779,0,91.095779,5,10.7225,0,90.49257,0,90.49257,5,10.119291,0,89.369648,0,89.369648,5,8.9963693,0,88.345781,5,7.9725022,5,7.9725022
E01000692,0,0,105.79675,0,105.79675,6,9.3488185,0,104.54904,0,104.54904,6,8.1011025,0,102.22632,0,102.22632,6,5.7783821,0,100.10849,6,3.660552,6,3.660552
E01000693,0,0,103.15812,0,103.15812,6,6.7101822,0,101.41807,0,101.41807,6,4.9701368,0,98.178842,6,1.7309071,6,1.7309071,5,14.85207,5,14.85207,5,14.85207
E01000694,0,0,154.2974,0,154.2974,9,9.6255005,0,151.64958,0,151.64958,9,6.9776809,0,146.72046,0,146.72046,9,2.0485586,0,142.22614,8,13.628897,8,13.628897
E01000695,0,0,113.96396,0,113.96396,7,1.4413706,0,111.86371,0,111.86371,6,15.415779,0,107.95394,0,107.95394,6,11.506004,0,104.38905,6,7.9411161,6,7.9411161
E01000696,0,0,123.76461,0,123.76461,7,11.24202,0,121.18182,0,121.18182,7,8.6592275,0,116.37375,7,3.8511586,7,3.8511586,0,111.98981,6,15.541872,6,15.541872
E01000697,0,0,121.00032,0,121.00032,7,8.4777342,0,118.93571,0,118.93571,7,6.4131162,0,115.09226,0,115.09226,7,2.5696693,0,111.58785,6,15.139914,6,15.139914
E01000698,0,0,93.608766,0,93.608766,5,13.235487,0,91.609611,0,91.609611,5,11.236332,0,87.888029,5,7.51475,5,7.51475,0,84.494732,5,4.1214535,5,4.1214535
E01000699,0,0,66.217208,0,66.217208,4,1.9185847,0,66.172892,0,66.172892,4,1.8742692,0,66.090396,0,66.090396,4,1.7917726,0,66.015176,0,66.015176,4,1.7165531
E01000700,0,0,74.635714,0,74.635714,4,10.337091,0,74.105083,0,74.105083,4,9.8064601,0,73.117272,0,73.117272,4,8.818649,0,72.216597,0,72.216597,4,7.9179741
E01000701,0,0,72.625325,0,72.625325,4,8.3267015,0,71.790077,0,71.790077,4,7.491454,0,70.235199,0,70.235199,4,5.9365758,0,68.817479,0,68.817479,4,4.5188555
E01000702,0,0,75.263961,0,75.263961,4,10.965338,0,74.486499,0,74.486499,4,10.187876,0,73.039194,0,73.039194,4,8.7405712,0,71.719558,0,71.719558,4,7.4209348
E01000703,0,0,84.938961,0,84.938961,5,4.5656821,0,83.953809,0,83.953809,5,3.5805298,0,82.119871,0,82.119871,5,1.7465921,0,80.447707,0,80.447707,5,0.074428533
E01000704,0,0,74.887013,0,74.887013,4,10.58839,0,73.916141,0,73.916141,4,9.6175175,0,72.108786,0,72.108786,4,7.8101631,0,70.460861,0,70.460861,4,6.162238
E01000705,0,0,63.452922,0,63.452922,3,15.228955,0,63.478567,0,63.478567,3,15.254599,0,63.526306,0,63.526306,3,15.302339,0,63.569834,0,63.569834,3,15.345867
E01000706,0,0,73.127922,0,73.127922,4,8.8292989,0,72.600875,0,72.600875,4,8.3022517,0,71.619736,0,71.619736,4,7.3211124,0,70.725144,0,70.725144,4,6.4265207
E01000707,1,0,61.48518,0,61.48518,3,13.261212,0,59.851479,0,59.851479,3,11.627512,0,56.810218,0,56.810218,3,8.5862503,0,54.03723,0,54.03723,3,5.8132629
E01000708,1,0,80.104863,0,80.104863,4,15.80624,0,78.801632,0,78.801632,4,14.503009,0,76.375567,0,76.375567,4,12.076943,0,74.163507,0,74.163507,4,9.8648844
E01000709,0,0,70.363636,4,6.0650132,4,6.0650132,0,69.925174,4,5.6265506,4,5.6265506,0,69.108941,0,69.108941,4,4.8103182,0,68.36471,0,68.36471,4,4.0660869
E01000710,0,8,0.44463685,8,0.44463685,8,0.44463685,7,15.186316,0,127.70891,7,15.186316,7,12.704876,7,12.704876,7,12.704876,7,10.442328,7,10.442328,7,10.442328
E01000711,0,0,100.14253,6,3.6945978,6,3.6945978,0,99.264433,6,2.8164983,6,2.8164983,0,97.629783,6,1.1818478,6,1.1818478,0,96.139327,5,15.766048,0,96.139327
E01000712,0,0,105.41981,6,8.9718705,6,8.9718705,0,103.81649,6,7.3685547,6,7.3685547,0,100.83179,6,4.3838577,6,4.3838577,0,98.11038,6,1.6624449,6,1.6624449
E01000713,0,7,4.833903,7,4.833903,7,4.833903,7,2.9688811,7,2.9688811,7,2.9688811,0,112.01959,6,15.571654,6,15.571654,6,12.40603,6,12.40603,6,12.40603
E01000714,0,0,105.6711,0,105.6711,6,9.2231692,0,104.88889,0,104.88889,6,8.4409539,0,103.43273,0,103.43273,6,6.9847992,0,102.10503,0,102.10503,6,5.657094
E01000715,0,0,108.30974,0,108.30974,6,11.861806,0,106.72589,0,106.72589,6,10.277951,0,103.77742,0,103.77742,6,7.3294832,0,101.08904,0,101.08904,6,4.6411035
E01000716,0,0,108.18409,6,11.736156,6,11.736156,0,106.35927,0,106.35927,6,9.911334,0,102.96222,0,102.96222,6,6.5142856,0,99.86483,0,99.86483,6,3.4168954
E01000717,0,0,106.1737,6,9.7257666,6,9.7257666,0,104.83866,0,104.83866,6,8.3907204,0,102.35336,0,102.35336,6,5.9054281,0,100.0873,6,3.6393669,6,3.6393669
E01000718,0,6,4.9510913,6,4.9510913,6,4.9510913,6,5.2889115,6,5.2889115,6,5.2889115,6,5.9177901,6,5.9177901,6,5.9177901,6,6.4911944,6,6.4911944,6,6.4911944
E01000719,0,6,12.113104,6,12.113104,6,12.113104,6,12.771404,6,12.771404,6,12.771404,6,13.996881,6,13.996881,6,13.996881,6,15.114257,6,15.114257,6,15.114257
E01000720,0,0,104.03766,6,7.5897276,6,7.5897276,0,105.68375,6,9.2358123,6,9.2358123,6,12.300127,6,12.300127,6,12.300127,6,15.094134,6,15.094134,6,15.094134
E01000721,0,0,73.379221,4,9.0805976,4,9.0805976,0,74.690597,4,10.391974,4,10.391974,4,12.833202,4,12.833202,4,12.833202,4,15.059086,4,15.059086,4,15.059086
E01000722,0,0,110.69708,6,14.249143,6,14.249143,0,111.16309,6,14.715159,6,14.715159,6,15.582682,0,112.03062,7,0.0,7,0.29902461,7,0.29902461,7,0.29902461
E01000723,0,0,92.477922,0,92.477922,5,12.104643,0,91.008269,5,10.63499,5,10.63499,0,88.272395,5,7.8991161,5,7.8991161,0,85.777856,5,5.4045774,5,5.4045774
E01000724,0,0,79.661688,0,79.661688,4,15.363065,0,81.404053,0,81.404053,5,1.030774,0,84.6476,5,4.274321,5,4.274321,0,87.605029,0,87.605029,5,7.2317504
E01000725,0,0,91.221429,5,10.84815,5,10.84815,0,91.845796,5,11.472517,5,11.472517,5,12.634824,5,12.634824,5,12.142851,5,13.694603,5,13.694603,5,13.694603
E01000726,0,0,91.724026,5,11.350747,5,11.350747,0,90.955546,0,90.955546,5,10.582267,0,89.524962,5,9.1516829,5,9.1516829,5,7.8472921,5,7.8472921,5,7.8472921
E01000727,0,0,100.64513,6,4.1971952,6,4.1971952,0,100.126,6,3.678069,6,3.678069,0,99.15961,6,2.7116751,6,2.7116751,0,98.278463,6,1.8305283,6,1.8305283
E01000728,0,6,4.6997926,6,4.6997926,6,4.6997926,6,4.7998924,6,4.7998924,6,4.7998924,6,4.9862359,6,4.9862359,6,4.9862359,6,5.1561418,6,5.1561418,6,5.1561418
E01000729,0,6,0.93031205,6,0.93031205,6,0.93031205,6,2.2239715,6,2.2239715,6,2.2239715,6,4.6322191,6,4.6322191,6,4.6322191,6,6.8280319,6,6.8280319,6,6.8280319
E01000730,0,5,1.4244484,0,81.797727,5,1.4244484,5,2.5111223,0,82.884401,5,2.5111223,0,84.907329,5,4.5340503,5,4.5340503,0,86.751812,5,6.3785331,5,6.3785331
E01000731,0,0,79.41039,4,15.111766,4,15.111766,4,15.360832,0,79.659455,4,15.360832,0,80.123109,0,80.123109,4,15.824486,5,0.1725843,5,0.1725843,5,0.1725843
E01000732,0,0,106.6763,6,10.228364,6,10.228364,0,105.50149,6,9.053552,6,9.053552,0,103.31448,6,6.866548,6,6.866548,0,101.3204,6,4.8724627,6,4.8724627
E01000733,0,6,2.8150523,6,2.8150523,6,2.8150523,6,2.6808177,6,2.6808177,6,2.6808177,0,98.878864,6,2.4309294,6,2.4309294,0,98.651019,6,2.2030842,6,2.2030842
E01000734,0,0,89.211039,5,8.83776,5,8.83776,0,88.298212,5,7.9249333,5,7.9249333,0,86.598914,5,6.2256353,5,6.2256353,0,85.049514,5,4.6762348,5,4.6762348
E01000735,0,5,6.0734743,5,6.0734743,5,6.0734743,5,6.6904678,5,6.6904678,5,6.6904678,5,7.839049,5,7.839049,5,7.839049,5,8.8863123,5,8.8863123,5,8.8863123
E01000736,0,0,101.14773,6,4.6997926,6,4.6997926,0,101.22809,6,4.7801521,6,4.7801521,0,101.37768,6,4.9297476,6,4.9297476,6,5.0661471,6,5.0661471,6,5.0661471
E01000737,0,0,86.069805,5,5.6965263,5,5.6965263,5,6.151252,5,6.151252,5,6.151252,5,6.9977592,5,6.9977592,5,6.9977592,5,7.7695948,5,7.7695948,5,7.7695948
E01000738,0,6,10.856611,6,10.856611,6,10.856611,6,10.156542,6,10.156542,6,10.156542,6,8.8533108,6,8.8533108,6,8.8533108,6,7.665039,6,7.665039,6,7.665039
E01000739,0,0,78.153896,4,13.855273,4,13.855273,0,79.398074,4,15.099451,4,15.099451,5,1.3409288,5,1.3409288,5,1.3409288,5,3.4527533,5,3.4527533,5,3.4527533
E01000741,0,0,0.0,0,0.0,0,0.0,0,0.0,0,0.0,0,0.0,0,0.0,0,0.0,0,0.0,0,0.0,0,0.0,0,0.0
E01000742,0,0,0.0,0,0.0,0,0.0,0,0.0,0,0.0,0,0.0,0,0.0,0,0.0,0,0.0,0,0.0,0,0.0,0,0.0
E01000743,0,0,52.840416,0,52.840416,3,4.6164487,0,53.862614,0,53.862614,3,5.6386462,0,55.765514,0,55.765514,3,7.5415464,0,57.500556,0,57.500556,3,9.2765891
E01000744,0,0,53.400974,3,5.1770067,3,5.1770067,0,54.548119,0,54.548119,3,6.3241518,0,56.683619,0,56.683619,3,8.4596516,0,58.630743,0,58.630743,3,10.406776
E01000745,0,0,0.0,0,0.0,0,0.0,0,0.0,0,0.0,0,0.0,0,0.0,0,0.0,0,0.0,0,0.0,0,0.0,0,0.0
E01000746,0,0,0.0,0,0.0,0,0.0,0,0.0,0,0.0,0,0.0,0,0.0,0,0.0,0,0.0,0,0.0,0,0.0,0,0.0
E01000747,0,0,164.09805,0,164.09805,0,164.09805,0,162.75524,10,2.0086783,10,2.0086783,0,160.25548,0,160.25548,0,160.25548,0,157.97623,0,157.97623,9,13.304329
E01000748,0,0,157.56429,0,157.56429,9,12.892384,0,154.6759,0,154.6759,0,154.6759,0,149.29895,0,149.29895,0,149.29895,0,144.3963,0,144.3963,8,15.799056
E01000749,0,0,130.92662,0,130.92662,0,130.92662,0,129.01203,8,0.4147875,8,0.4147875,0,125.44788,0,125.44788,0,125.44788,0,122.19812,0,122.19812,7,9.6755277
E01000750,0,0,85.19026,0,85.19026,0,85.19026,0,86.155743,5,5.7824645,5,5.7824645,0,87.953066,0,87.953066,5,7.5797876,0,89.591845,0,89.591845,5,9.2185662
E01000751,0,0,135.45,0,135.45,0,135.45,0,133.1917,8,4.5944518,8,4.5944518,0,128.98769,0,128.98769,0,128.98769,0,125.15453,0,125.15453,7,12.631939
E01000752,0,0,122.75942,0,122.75942,0,122.75942,0,120.97624,7,8.4536467,7,8.4536467,0,117.65671,0,117.65671,0,117.65671,0,114.63001,0,114.63001,7,2.1074161
E01000753,0,0,140.60162,0,140.60162,8,12.004377,0,137.80467,8,9.207421,8,9.207421,0,132.59792,0,132.59792,8,4.0006698,0,127.85046,0,127.85046,7,15.327869
E01000754,0,0,112.58182,7,0.0592277,7,0.0592277,0,110.91352,6,14.465585,6,14.465585,0,107.80785,6,11.359918,6,11.359918,0,104.97614,6,8.5282061,6,8.5282061
E01000755,0,0,112.58182,0,112.58182,7,0.0592277,0,110.59493,6,14.146994,6,14.146994,0,106.89618,6,10.448246,6,10.448246,0,103.5237,0,103.5237,6,7.075769
E01000756,0,0,128.79058,0,128.79058,0,128.79058,0,126.35426,7,13.831668,7,13.831668,0,121.81885,0,121.81885,7,9.2962571,0,117.68351,0,117.68351,7,5.1609213
E01000757,0,0,112.58182,0,112.58182,7,0.0592277,0,110.19944,6,13.751502,6,13.751502,0,105.76445,0,105.76445,6,9.3165149,0,101.72068,0,101.72068,6,5.2727437
E01000758,0,0,93.357468,0,93.357468,5,12.984189,0,91.33635,5,10.963071,5,10.963071,0,87.573881,0,87.573881,5,7.2006025,0,84.143306,0,84.143306,5,3.7700267
E01000759,0,0,124.64416,0,124.64416,0,124.64416,0,122.21329,7,9.6906993,7,9.6906993,0,117.68804,0,117.68804,0,117.68804,0,113.56198,0,113.56198,7,1.0393852
E01000760,1,0,96.395839,0,96.395839,0,96.395839,0,94.871866,5,14.498587,0,94.871866,0,92.034871,0,92.034871,0,92.034871,0,89.448131,0,89.448131,5,9.0748525
E01000761,0,0,111.95357,0,111.95357,0,111.95357,0,109.65003,6,13.202098,6,13.202098,0,105.36182,0,105.36182,0,105.36182,0,101.45187,0,101.45187,6,5.0039333
E01000762,0,6,12.741351,6,12.741351,6,12.741351,6,11.13398,6,11.13398,6,11.13398,0,104.58967,6,8.1417336,6,8.1417336,0,101.86137,6,5.4134374,6,5.4134374
E01000763,0,0,103.78636,0,103.78636,6,7.3384289,0,101.63062,6,5.1826819,6,5.1826819,0,97.617526,0,97.617526,6,1.1695911,0,93.958435,0,93.958435,5,13.585156
E01000764,0,0,108.68669,0,108.68669,6,12.238754,0,107.45792,6,11.009984,6,11.009984,0,105.17047,0,105.17047,0,105.17047,0,103.0848,0,103.0848,6,6.636863
E01000765,0,0,119.36688,0,119.36688,7,6.8442926,0,117.58639,7,5.0638015,7,5.0638015,0,114.27187,0,114.27187,7,1.7492789,0,111.24973,0,111.24973,6,14.801791
E01000766,0,0,122.13117,0,122.13117,7,9.6085783,0,119.52288,7,7.0002849,0,119.52288,0,114.66733,0,114.66733,0,114.66733,0,110.24011,0,110.24011,6,13.792173
E01000767,0,0,110.94838,0,110.94838,6,14.500442,0,108.5356,6,12.087668,0,108.5356,0,104.04404,0,104.04404,0,104.04404,0,99.948676,0,99.948676,6,3.5007414
E01000768,0,0,102.40422,0,102.40422,0,102.40422,0,100.99666,6,4.5487251,0,100.99666,0,98.376375,0,98.376375,0,98.376375,0,95.98723,0,95.98723,5,15.613951
E01000769,0,0,83.054221,0,83.054221,5,2.6809419,0,82.374587,0,82.374587,5,2.0013084,0,81.109397,0,81.109397,5,0.73611801,0,79.955811,0,79.955811,0,79.955811
E01000770,0,0,97.755195,0,97.755195,6,1.3072601,0,95.934581,0,95.934581,5,15.561302,0,92.545367,0,92.545367,5,12.172088,0,89.45512,0,89.45512,5,9.0818413
E01000771,0,0,97.629545,0,97.629545,6,1.1816108,0,95.820799,0,95.820799,5,15.44752,0,92.453676,0,92.453676,5,12.080397,0,89.383572,0,89.383572,5,9.0102927
E01000772,0,0,109.94318,0,109.94318,6,13.495247,0,108.0565,0,108.0565,6,11.608568,0,104.5443,0,104.5443,6,8.0963675,0,101.34192,0,101.34192,6,4.8939832
E01000773,0,0,91.472727,0,91.472727,5,11.099448,0,89.94764,0,89.94764,5,9.5743613,0,87.108572,0,87.108572,5,6.7352932,0,84.519942,0,84.519942,5,4.1466632
E01000774,0,0,88.205844,0,88.205844,5,7.8325652,0,86.950406,0,86.950406,5,6.5771268,0,84.613309,0,84.613309,5,4.2400304,0,82.482371,0,82.482371,5,2.1090925
E01000775,1,0,139.60489,0,139.60489,8,11.007643,0,137.82965,0,137.82965,8,9.2323994,0,134.52489,0,134.52489,8,5.9276446,0,131.51165,0,131.51165,8,2.9144068
E01000777,0,0,95.870455,0,95.870455,5,15.497176,0,94.215915,0,94.215915,5,13.842636,0,91.135861,0,91.135861,5,10.762582,0,88.327503,0,88.327503,5,7.9542238
E01000778,0,0,100.26818,0,100.26818,6,3.8202471,0,99.222647,0,99.222647,6,2.7747127,0,97.276304,0,97.276304,6,0.82836901,0,95.50165,0,95.50165,5,15.128371
E01000779,0,0,85.818506,0,85.818506,5,5.4452276,0,85.183247,0,85.183247,5,4.8099683,0,84.000663,0,84.000663,5,3.6273837,0,82.922395,0,82.922395,5,2.5491166
E01000780,0,0,81.672078,0,81.672078,5,1.298799,0,81.784783,0,81.784783,5,1.4115036,0,81.994591,0,81.994591,5,1.621312,0,82.185892,0,82.185892,5,1.8126129
E01000781,0,0,66.971104,0,66.971104,4,2.6724808,0,67.96537,0,67.96537,4,3.6667467,0,69.816273,0,69.816273,4,5.5176501,0,71.503906,0,71.503906,4,7.2052828
E01000782,0,0,64.709416,0,64.709416,4,0.41079245,0,65.600645,0,65.600645,4,1.3020222,0,67.259739,0,67.259739,4,2.9611156,0,68.772481,4,4.4738581,4,4.4738581
E01000783,0,0,72.876623,0,72.876623,4,8.5780002,0,73.908784,0,73.908784,4,9.6101609,0,75.830231,0,75.830231,4,11.531608,0,77.582185,4,13.283562,4,13.283562
E01000784,0,0,96.875649,0,96.875649,6,0.42771465,0,95.770958,0,95.770958,5,15.397679,0,93.714488,0,93.714488,5,13.341209,0,91.839422,5,11.466143,0,91.839422
E01000785,0,0,76.394805,0,76.394805,4,12.096182,0,76.835689,0,76.835689,4,12.537066,0,77.656429,0,77.656429,4,13.357806,0,78.404771,0,78.404771,4,14.106148
E01000786,0,0,111.95357,6,15.505637,6,15.505637,0,110.40383,0,110.40383,6,13.955894,6,11.070927,6,11.070927,6,11.070927,6,8.4404472,6,8.4404472,6,8.4404472
E01000787,0,0,90.97013,5,10.596851,5,10.596851,0,91.042404,5,10.669125,5,10.669125,0,91.176947,5,10.803668,5,10.803668,0,91.299621,5,10.926342,0,91.299621
E01000788,0,0,94.73961,5,14.366331,5,14.366331,0,94.26019,5,13.886911,5,13.886911,0,93.36771,5,12.994432,5,12.994432,5,12.180679,5,12.180679,5,12.180679
E01000789,0,0,73.379221,0,73.379221,4,9.0805976,0,75.521208,0,75.521208,4,11.222585,0,79.508684,4,15.210061,4,15.210061,0,83.14442,5,2.7711409,5,2.7711409
E01000790,1,0,114.60961,7,2.0870175,7,2.0870175,0,113.45095,7,0.92836058,7,0.92836058,0,111.29402,6,14.846086,6,14.846086,0,109.32736,6,12.879422,6,12.879422
E01000791,0,0,102.90682,6,6.4588835,6,6.4588835,0,101.71327,6,5.2653335,6,5.2653335,0,99.491382,6,3.0434475,6,3.0434475,0,97.465492,6,1.017557,6,1.017557
E01000792,0,0,92.477922,0,92.477922,5,12.104643,0,92.379935,5,12.006656,5,12.006656,0,92.197525,5,11.824246,5,11.824246,5,11.657927,5,11.657927,5,11.657927
E01000793,0,0,112.58182,0,112.58182,7,0.0592277,0,110.26535,6,13.817418,6,13.817418,0,105.95307,0,105.95307,6,9.5051368,6,5.5732479,0,102.02118,6,5.5732479
E01000794,0,0,111.07403,0,111.07403,6,14.626091,0,108.81026,0,108.81026,6,12.362327,0,104.59609,0,104.59609,6,8.1481543,0,100.75365,0,100.75365,6,4.3057194
E01000795,0,0,87.451948,0,87.451948,5,7.0786691,0,87.145945,0,87.145945,5,6.7726657,0,86.576296,0,86.576296,5,6.2030166,0,86.056896,0,86.056896,5,5.683617
E01000796,0,0,50.134091,0,50.134091,3,1.9101236,0,51.318685,0,51.318685,3,3.0947177,0,53.523899,0,53.523899,3,5.2999319,0,55.534588,0,55.534588,3,7.3106211
E01000797,0,0,88.708442,0,88.708442,5,8.3351626,0,87.549725,0,87.549725,5,7.1764461,0,85.392684,0,85.392684,5,5.0194053,0,83.425919,0,83.425919,5,3.05264
E01000798,0,0,55.537013,0,55.537013,3,7.3130456,0,56.123074,0,56.123074,0,56.123074,0,57.214071,0,57.214071,3,8.9901037,0,58.20883,0,58.20883,3,9.9848627
E01000799,1,0,60.083933,0,60.083933,3,11.859966,0,60.077554,0,60.077554,0,60.077554,0,60.06568,0,60.06568,0,60.06568,0,60.054853,0,60.054853,3,11.830886
E01000800,0,0,67.976299,0,67.976299,4,3.6776756,0,68.295633,0,68.295633,4,3.99701,0,68.890099,0,68.890099,4,4.5914758,0,69.432126,0,69.432126,4,5.1335029
E01000801,0,0,70.614935,0,70.614935,4,6.3163119,0,70.512551,0,70.512551,4,6.2139277,0,70.321955,0,70.321955,4,6.0233316,0,70.148171,0,70.148171,4,5.8495481
E01000802,0,0,19.331907,0,19.331907,1,3.2572511,0,20.291262,0,20.291262,1,4.2166058,0,22.077175,0,22.077175,1,6.0025191,0,23.70555,0,23.70555,1,7.6308946
E01000803,0,0,68.981494,0,68.981494,4,4.6828704,0,68.928597,0,68.928597,4,4.6299736,0,68.830125,0,68.830125,4,4.5315023,0,68.74034,0,68.74034,4,4.4417172
E01000804,0,0,86.823701,0,86.823701,5,6.4504224,0,85.350708,0,85.350708,5,4.9774295,0,82.608618,0,82.608618,5,2.2353387,0,80.10841,0,80.10841,0,80.10841
E01000805,0,0,69.358442,0,69.358442,4,5.0598184,0,69.440618,0,69.440618,4,5.1419945,0,69.593595,0,69.593595,4,5.2949715,0,69.733077,0,69.733077,4,5.4344543
E01000806,1,0,47.172971,0,47.172971,2,15.02366,0,48.044068,0,48.044068,0,48.044068,0,49.665682,0,49.665682,0,49.665682,0,51.144252,0,51.144252,3,2.9202847
E01000807,0,0,98.886039,0,98.886039,6,2.4381043,0,97.526836,0,97.526836,6,1.0789012,0,94.996574,5,14.623295,5,14.623295,0,92.689509,5,12.31623,5,12.31623
E01000808,0,0,107.43019,6,10.98226,6,10.98226,0,105.51326,6,9.0653226,6,9.0653226,0,101.94473,6,5.4967943,6,5.4967943,0,98.690985,6,2.2430508,6,2.2430508
E01000809,0,0,101.02208,0,101.02208,6,4.5741432,0,98.963179,6,2.5152446,6,2.5152446,0,95.13038,0,95.13038,5,14.757101,0,91.635676,0,91.635676,5,11.262397
E01000810,0,0,106.55065,0,106.55065,6,10.102715,0,104.13994,0,104.13994,6,7.6920008,0,99.652204,6,3.2042696,6,3.2042696,0,95.560342,5,15.187063,5,15.187063
E01000811,0,0,83.933766,0,83.933766,5,3.5604873,0,82.517992,0,82.517992,5,2.1447135,0,79.882419,0,79.882419,4,15.583796,0,77.479334,0,77.479334,4,13.180711
E01000812,0,0,100.51948,6,4.0715458,6,4.0715458,0,99.343811,6,2.8958762,6,2.8958762,0,97.155211,6,0.70727586,6,0.70727586,0,95.15967,5,14.786391,5,14.786391
E01000813,0,0,100.64513,6,4.1971952,6,4.1971952,0,98.682304,6,2.2343689,6,2.2343689,0,95.02835,5,14.655071,5,14.655071,0,91.696716,0,91.696716,5,11.323437
E01000814,0,0,112.70747,7,0.18487705,7,0.18487705,0,110.34442,6,13.896489,6,13.896489,0,105.94543,6,9.4974997,6,9.4974997,0,101.93449,6,5.4865511,6,5.4865511
E01000815,0,0,112.20487,0,112.20487,6,15.756935,0,109.67718,0,109.67718,6,13.229244,0,104.97168,6,8.5237489,6,8.5237489,0,100.68127,6,4.2333323,6,4.2333323
E01000816,0,0,89.713636,0,89.713636,5,9.3403574,0,89.005772,0,89.005772,5,8.6324931,0,87.688028,0,87.688028,5,7.3147486,0,86.486523,5,6.1132442,5,6.1132442
E01000818,0,0,112.58182,0,112.58182,7,0.0592277,0,110.73775,0,110.73775,6,14.289811,0,107.30486,0,107.30486,6,10.856927,0,104.1748,6,7.7268615,6,7.7268615
E01000819,2,0,60.117279,0,60.117279,3,11.893312,0,60.739796,0,60.739796,3,12.515829,0,61.89866,0,61.89866,3,13.674693,0,62.955299,3,14.731332,3,14.731332
E01000820,0,0,95.996104,0,95.996104,5,15.622825,0,95.538427,0,95.538427,5,15.165148,0,94.686426,0,94.686426,5,14.313147,0,93.909581,5,13.536302,5,13.536302
E01000822,0,0,84.436364,5,4.0630847,5,4.0630847,0,84.107954,5,3.7346755,5,3.7346755,0,83.496595,5,3.1233162,5,3.1233162,0,82.939165,5,2.5658858,5,2.5658858
E01000823,0,0,97.755195,0,97.755195,6,1.3072601,0,96.630934,0,96.630934,6,0.18299959,0,94.538036,0,94.538036,5,14.164757,0,92.629755,5,12.256476,5,12.256476
E01000824,0,0,68.101948,4,3.8033249,4,3.8033249,0,67.730743,0,67.730743,4,3.4321196,0,67.039715,0,67.039715,4,2.7410919,0,66.409644,0,66.409644,4,2.1110207
E01000825,0,0,82.049026,0,82.049026,5,1.6757471,0,81.649838,0,81.649838,5,1.2765587,0,80.906717,0,80.906717,5,0.53343843,0,80.229149,4,15.930526,4,15.930526
E01000826,0,0,121.50292,7,8.9803316,7,8.9803316,0,118.93176,0,118.93176,7,6.4091681,0,114.14534,0,114.14534,7,1.6227475,0,109.78113,0,109.78113,6,13.333199
E01000827,1,0,97.425067,6,0.97713271,6,0.97713271,0,95.842846,0,95.842846,5,15.469567,0,92.897418,0,92.897418,5,12.524139,0,90.211811,5,9.8385318,5,9.8385318
E01000828,1,0,95.261743,5,14.888464,5,14.888464,0,93.872645,0,93.872645,0,93.872645,0,91.28673,0,91.28673,5,10.913451,0,88.928922,5,8.5556432,5,8.5556432
E01000829,0,5,8.5864613,5,8.5864613,5,8.5864613,0,87.702252,5,7.3289734,5,7.3289734,0,85.361341,0,85.361341,5,0.0,0,83.226924,5,2.8536454,5,2.8536454
E01000830,0,0,123.01071,7,10.488124,7,10.488124,0,120.31162,0,120.31162,7,7.789025,0,115.28703,0,115.28703,7,2.7644428,0,110.70568,0,110.70568,6,14.257742
E01000831,0,0,106.80195,6,10.354013,6,10.354013,0,105.20888,0,105.20888,6,8.7609424,0,102.24325,0,102.24325,6,5.7953169,0,99.539228,6,3.0912933,6,3.0912933
E01000832,0,0,105.29416,6,8.8462211,6,8.8462211,0,103.30231,0,103.30231,6,6.8543759,0,99.594336,0,99.594336,6,3.1464012,0,96.213447,0,96.213447,5,15.840168
E01000833,0,0,106.6763,6,10.228364,6,10.228364,0,104.49175,0,104.49175,6,8.0438189,0,100.42505,0,100.42505,6,3.9771185,0,96.717082,0,96.717082,6,0.26914723
E01000834,0,0,92.352273,0,92.352273,5,11.978994,0,90.605249,5,10.23197,0,90.605249,0,87.353027,0,87.353027,0,87.353027,0,84.387689,0,84.387689,5,4.01441
E01000835,3,0,60.940636,0,60.940636,3,12.716669,0,59.898207,0,59.898207,3,11.67424,0,57.957645,0,57.957645,3,9.7336775,0,56.188262,0,56.188262,3,7.9642946
E01000836,0,0,92.226623,0,92.226623,5,11.853344,0,90.454977,5,10.081698,0,90.454977,0,87.15692,0,87.15692,0,87.15692,0,84.14979,0,84.14979,5,3.7765108
E01000837,0,0,94.73961,0,94.73961,5,14.366331,0,93.483625,0,93.483625,5,13.110346,0,91.14551,0,91.14551,5,10.772231,0,89.013643,0,89.013643,5,8.6403639
E01000838,0,0,100.01688,0,100.01688,0,100.01688,0,98.01751,6,1.5695755,0,98.01751,0,94.295522,0,94.295522,0,94.295522,0,90.901856,5,10.528577,5,10.528577
E01000839,0,0,105.54545,0,105.54545,6,9.0975198,0,103.40467,0,103.40467,6,6.9567311,0,99.419421,0,99.419421,6,2.9714863,0,95.78572,0,95.78572,0,95.78572
E01000840,0,0,110.44578,0,110.44578,0,110.44578,0,108.80913,6,12.361199,0,108.80913,0,105.76239,0,105.76239,0,105.76239,0,102.98441,6,6.5364713,6,6.5364713
E01000841,3,0,69.124829,0,69.124829,4,4.8262059,0,66.801887,0,66.801887,4,2.5032641,0,62.47755,0,62.47755,3,14.253583,0,58.534669,0,58.534669,3,10.310702
E01000842,4,0,0.0,0,0.0,0,0.0,0,0.0,0,0.0,0,0.0,0,0.0,0,0.0,0,0.0,0,0.0,0,0.0,0,0.0
E01000843,1,0,0.0,0,0.0,0,0.0,0,0.0,0,0.0,0,0.0,0,0.0,0,0.0,0,0.0,0,0.0,0,0.0,0,0.0
E01000844,4,0,0.0,0,0.0,0,0.0,0,0.0,0,0.0,0,0.0,0,0.0,0,0.0,0,0.0,0,0.0,0,0.0,0,0.0
E01000845,3,0,0.0,0,0.0,0,0.0,0,0.0,0,0.0,0,0.0,0,0.0,0,0.0,0,0.0,0,0.0,0,0.0,0,0.0
E01000846,0,0,0.0,0,0.0,0,0.0,0,0.0,0,0.0,0,0.0,0,0.0,0,0.0,0,0.0,0,0.0,0,0.0,0,0.0
E01000847,4,0,0.0,0,0.0,0,0.0,0,0.0,0,0.0,0,0.0,0,0.0,0,0.0,0,0.0,0,0.0,0,0.0,0,0.0
E01000848,11,0,0.0,0,0.0,0,0.0,0,0.0,0,0.0,0,0.0,0,0.0,0,0.0,0,0.0,0,0.0,0,0.0,0,0.0
E01000849,2,0,0.0,0,0.0,0,0.0,0,0.0,0,0.0,0,0.0,0,0.0,0,0.0,0,0.0,0,0.0,0,0.0,0,0.0
E01000850,6,0,0.0,0,0.0,0,0.0,0,0.0,0,0.0,0,0.0,0,0.0,0,0.0,0,0.0,0,0.0,0,0.0,0,0.0
E01000851,8,0,0.0,0,0.0,0,0.0,0,0.0,0,0.0,0,0.0,0,0.0,0,0.0,0,0.0,0,0.0,0,0.0,0,0.0
E01000853,0,0,0.0,0,0.0,0,0.0,0,0.0,0,0.0,0,0.0,0,0.0,0,0.0,0,0.0,0,0.0,0,0.0,0,0.0
E01000855,7,0,0.0,0,0.0,0,0.0,0,0.0,0,0.0,0,0.0,0,0.0,0,0.0,0,0.0,0,0.0,0,0.0,0,0.0
E01000856,1,0,0.0,0,0.0,0,0.0,0,0.0,0,0.0,0,0.0,0,0.0,0,0.0,0,0.0,0,0.0,0,0.0,0,0.0
E01000857,4,0,0.0,0,0.0,0,0.0,0,0.0,0,0.0,0,0.0,0,0.0,0,0.0,0,0.0,0,0.0,0,0.0,0,0.0
E01000858,5,0,0.0,0,0.0,0,0.0,0,0.0,0,0.0,0,0.0,0,0.0,0,0.0,0,0.0,0,0.0,0,0.0,0,0.0
E01000859,3,0,0.0,0,0.0,0,0.0,0,0.0,0,0.0,0,0.0,0,0.0,0,0.0,0,0.0,0,0.0,0,0.0,0,0.0
E01000860,2,0,0.0,0,0.0,0,0.0,0,0.0,0,0.0,0,0.0,0,0.0,0,0.0,0,0.0,0,0.0,0,0.0,0,0.0
E01000861,3,0,0.0,0,0.0,0,0.0,0,0.0,0,0.0,0,0.0,0,0.0,0,0.0,0,0.0,0,0.0,0,0.0,0,0.0
E01000862,7,0,0.0,0,0.0,0,0.0,0,0.0,0,0.0,0,0.0,0,0.0,0,0.0,0,0.0,0,0.0,0,0.0,0,0.0
E01000863,1,0,0.0,0,0.0,0,0.0,0,0.0,0,0.0,0,0.0,0,0.0,0,0.0,0,0.0,0,0.0,0,0.0,0,0.0
E01000866,8,0,0.0,0,0.0,0,0.0,0,0.0,0,0.0,0,0.0,0,0.0,0,0.0,0,0.0,0,0.0,0,0.0,0,0.0
E01000867,3,0,0.0,0,0.0,0,0.0,0,0.0,0,0.0,0,0.0,0,0.0,0,0.0,0,0.0,0,0.0,0,0.0,0,0.0
E01000868,1,0,0.0,0,0.0,0,0.0,0,0.0,0,0.0,0,0.0,0,0.0,0,0.0,0,0.0,0,0.0,0,0.0,0,0.0
E01000869,3,0,0.0,0,0.0,0,0.0,0,0.0,0,0.0,0,0.0,0,0.0,0,0.0,0,0.0,0,0.0,0,0.0,0,0.0
E01000870,7,0,0.0,0,0.0,0,0.0,0,0.0,0,0.0,0,0.0,0,0.0,0,0.0,0,0.0,0,0.0,0,0.0,0,0.0
E01000871,3,0,0.0,0,0.0,0,0.0,0,0.0,0,0.0,0,0.0,0,0.0,0,0.0,0,0.0,0,0.0,0,0.0,0,0.0
E01000872,4,0,0.0,0,0.0,0,0.0,0,0.0,0,0.0,0,0.0,0,0.0,0,0.0,0,0.0,0,0.0,0,0.0,0,0.0
E01000873,5,0,0.0,0,0.0,0,0.0,0,0.0,0,0.0,0,0.0,0,0.0,0,0.0,0,0.0,0,0.0,0,0.0,0,0.0
E01000874,1,0,0.0,0,0.0,0,0.0,0,0.0,0,0.0,0,0.0,0,0.0,0,0.0,0,0.0,0,0.0,0,0.0,0,0.0
E01000875,3,0,0.0,0,0.0,0,0.0,0,0.0,0,0.0,0,0.0,0,0.0,0,0.0,0,0.0,0,0.0,0,0.0,0,0.0
E01000876,4,0,0.0,0,0.0,0,0.0,0,0.0,0,0.0,0,0.0,0,0.0,0,0.0,0,0.0,0,0.0,0,0.0,0,0.0
E01000877,3,0,0.0,0,0.0,0,0.0,0,0.0,0,0.0,0,0.0,0,0.0,0,0.0,0,0.0,0,0.0,0,0.0,0,0.0
E01000878,15,0,0.0,0,0.0,0,0.0,0,0.0,0,0.0,0,0.0,0,0.0,0,0.0,0,0.0,0,0.0,0,0.0,0,0.0
E01000879,5,0,0.0,0,0.0,0,0.0,0,0.0,0,0.0,0,0.0,0,0.0,0,0.0,0,0.0,0,0.0,0,0.0,0,0.0
E01000880,8,0,0.0,0,0.0,0,0.0,0,0.0,0,0.0,0,0.0,0,0.0,0,0.0,0,0.0,0,0.0,0,0.0,0,0.0
E01000881,3,0,0.0,0,0.0,0,0.0,0,0.0,0,0.0,0,0.0,0,0.0,0,0.0,0,0.0,0,0.0,0,0.0,0,0.0
E01000882,3,0,0.0,0,0.0,0,0.0,0,0.0,0,0.0,0,0.0,0,0.0,0,0.0,0,0.0,0,0.0,0,0.0,0,0.0
E01000883,2,0,0.0,0,0.0,0,0.0,0,0.0,0,0.0,0,0.0,0,0.0,0,0.0,0,0.0,0,0.0,0,0.0,0,0.0
E01000884,8,0,0.0,0,0.0,0,0.0,0,0.0,0,0.0,0,0.0,0,0.0,0,0.0,0,0.0,0,0.0,0,0.0,0,0.0
E01000885,8,0,0.0,0,0.0,0,0.0,0,0.0,0,0.0,0,0.0,0,0.0,0,0.0,0,0.0,0,0.0,0,0.0,0,0.0
E01000886,3,0,0.0,0,0.0,0,0.0,0,0.0,0,0.0,0,0.0,0,0.0,0,0.0,0,0.0,0,0.0,0,0.0,0,0.0
E01000887,3,0,0.0,0,0.0,0,0.0,0,0.0,0,0.0,0,0.0,0,0.0,0,0.0,0,0.0,0,0.0,0,0.0,0,0.0
E01000888,4,0,0.0,0,0.0,0,0.0,0,0.0,0,0.0,0,0.0,0,0.0,0,0.0,0,0.0,0,0.0,0,0.0,0,0.0
E01000889,1,0,0.0,0,0.0,0,0.0,0,0.0,0,0.0,0,0.0,0,0.0,0,0.0,0,0.0,0,0.0,0,0.0,0,0.0
E01000890,1,0,0.0,0,0.0,0,0.0,0,0.0,0,0.0,0,0.0,0,0.0,0,0.0,0,0.0,0,0.0,0,0.0,0,0.0
E01000891,0,0,0.0,0,0.0,0,0.0,0,0.0,0,0.0,0,0.0,0,0.0,0,0.0,0,0.0,0,0.0,0,0.0,0,0.0
E01000892,3,0,0.0,0,0.0,0,0.0,0,0.0,0,0.0,0,0.0,0,0.0,0,0.0,0,0.0,0,0.0,0,0.0,0,0.0
E01000893,0,0,0.0,0,0.0,0,0.0,0,0.0,0,0.0,0,0.0,0,0.0,0,0.0,0,0.0,0,0.0,0,0.0,0,0.0
E01000894,2,0,0.0,0,0.0,0,0.0,0,0.0,0,0.0,0,0.0,0,0.0,0,0.0,0,0.0,0,0.0,0,0.0,0,0.0
E01000895,1,0,0.0,0,0.0,0,0.0,0,0.0,0,0.0,0,0.0,0,0.0,0,0.0,0,0.0,0,0.0,0,0.0,0,0.0
E01000896,3,0,0.0,0,0.0,0,0.0,0,0.0,0,0.0,0,0.0,0,0.0,0,0.0,0,0.0,0,0.0,0,0.0,0,0.0
E01000897,8,0,0.0,0,0.0,0,0.0,0,0.0,0,0.0,0,0.0,0,0.0,0,0.0,0,0.0,0,0.0,0,0.0,0,0.0
E01000898,3,0,0.0,0,0.0,0,0.0,0,0.0,0,0.0,0,0.0,0,0.0,0,0.0,0,0.0,0,0.0,0,0.0,0,0.0
E01000899,9,0,0.0,0,0.0,0,0.0,0,0.0,0,0.0,0,0.0,0,0.0,0,0.0,0,0.0,0,0.0,0,0.0,0,0.0
E01000900,2,0,0.0,0,0.0,0,0.0,0,0.0,0,0.0,0,0.0,0,0.0,0,0.0,0,0.0,0,0.0,0,0.0,0,0.0
E01000901,4,0,0.0,0,0.0,0,0.0,0,0.0,0,0.0,0,0.0,0,0.0,0,0.0,0,0.0,0,0.0,0,0.0,0,0.0
E01000902,1,0,0.0,0,0.0,0,0.0,0,0.0,0,0.0,0,0.0,0,0.0,0,0.0,0,0.0,0,0.0,0,0.0,0,0.0
E01000903,1,0,0.0,0,0.0,0,0.0,0,0.0,0,0.0,0,0.0,0,0.0,0,0.0,0,0.0,0,0.0,0,0.0,0,0.0
E01000904,6,0,0.0,0,0.0,0,0.0,0,0.0,0,0.0,0,0.0,0,0.0,0,0.0,0,0.0,0,0.0,0,0.0,0,0.0
E01000905,1,0,0.0,0,0.0,0,0.0,0,0.0,0,0.0,0,0.0,0,0.0,0,0.0,0,0.0,0,0.0,0,0.0,0,0.0
E01000906,8,0,0.0,0,0.0,0,0.0,0,0.0,0,0.0,0,0.0,0,0.0,0,0.0,0,0.0,0,0.0,0,0.0,0,0.0
E01000907,3,0,0.0,0,0.0,0,0.0,0,0.0,0,0.0,0,0.0,0,0.0,0,0.0,0,0.0,0,0.0,0,0.0,0,0.0
E01000908,3,0,0.0,0,0.0,0,0.0,0,0.0,0,0.0,0,0.0,0,0.0,0,0.0,0,0.0,0,0.0,0,0.0,0,0.0
E01000909,6,0,0.0,0,0.0,0,0.0,0,0.0,0,0.0,0,0.0,0,0.0,0,0.0,0,0.0,0,0.0,0,0.0,0,0.0
E01000910,6,0,0.0,0,0.0,0,0.0,0,0.0,0,0.0,0,0.0,0,0.0,0,0.0,0,0.0,0,0.0,0,0.0,0,0.0
E01000911,3,0,0.0,0,0.0,0,0.0,0,0.0,0,0.0,0,0.0,0,0.0,0,0.0,0,0.0,0,0.0,0,0.0,0,0.0
E01000912,4,0,0.0,0,0.0,0,0.0,0,0.0,0,0.0,0,0.0,0,0.0,0,0.0,0,0.0,0,0.0,0,0.0,0,0.0
E01000913,7,0,0.0,0,0.0,0,0.0,0,0.0,0,0.0,0,0.0,0,0.0,0,0.0,0,0.0,0,0.0,0,0.0,0,0.0
E01000914,9,0,0.0,0,0.0,0,0.0,0,0.0,0,0.0,0,0.0,0,0.0,0,0.0,0,0.0,0,0.0,0,0.0,0,0.0
E01000915,1,0,0.0,0,0.0,0,0.0,0,0.0,0,0.0,0,0.0,0,0.0,0,0.0,0,0.0,0,0.0,0,0.0,0,0.0
E01000916,0,0,0.0,0,0.0,0,0.0,0,0.0,0,0.0,0,0.0,0,0.0,0,0.0,0,0.0,0,0.0,0,0.0,0,0.0
E01000917,0,0,0.0,0,0.0,0,0.0,0,0.0,0,0.0,0,0.0,0,0.0,0,0.0,0,0.0,0,0.0,0,0.0,0,0.0
E01000918,6,0,0.0,0,0.0,0,0.0,0,0.0,0,0.0,0,0.0,0,0.0,0,0.0,0,0.0,0,0.0,0,0.0,0,0.0
E01000919,1,0,0.0,0,0.0,0,0.0,0,0.0,0,0.0,0,0.0,0,0.0,0,0.0,0,0.0,0,0.0,0,0.0,0,0.0
E01000920,4,0,0.0,0,0.0,0,0.0,0,0.0,0,0.0,0,0.0,0,0.0,0,0.0,0,0.0,0,0.0,0,0.0,0,0.0
E01000921,4,0,0.0,0,0.0,0,0.0,0,0.0,0,0.0,0,0.0,0,0.0,0,0.0,0,0.0,0,0.0,0,0.0,0,0.0
E01000922,6,0,0.0,0,0.0,0,0.0,0,0.0,0,0.0,0,0.0,0,0.0,0,0.0,0,0.0,0,0.0,0,0.0,0,0.0
E01000923,2,0,0.0,0,0.0,0,0.0,0,0.0,0,0.0,0,0.0,0,0.0,0,0.0,0,0.0,0,0.0,0,0.0,0,0.0
E01000924,5,0,0.0,0,0.0,0,0.0,0,0.0,0,0.0,0,0.0,0,0.0,0,0.0,0,0.0,0,0.0,0,0.0,0,0.0
E01000925,3,0,0.0,0,0.0,0,0.0,0,0.0,0,0.0,0,0.0,0,0.0,0,0.0,0,0.0,0,0.0,0,0.0,0,0.0
E01000926,4,0,0.0,0,0.0,0,0.0,0,0.0,0,0.0,0,0.0,0,0.0,0,0.0,0,0.0,0,0.0,0,0.0,0,0.0
E01000927,4,0,0.0,0,0.0,0,0.0,0,0.0,0,0.0,0,0.0,0,0.0,0,0.0,0,0.0,0,0.0,0,0.0,0,0.0
E01000928,4,0,0.0,0,0.0,0,0.0,0,0.0,0,0.0,0,0.0,0,0.0,0,0.0,0,0.0,0,0.0,0,0.0,0,0.0
E01000929,1,0,0.0,0,0.0,0,0.0,0,0.0,0,0.0,0,0.0,0,0.0,0,0.0,0,0.0,0,0.0,0,0.0,0,0.0
E01000930,1,0,0.0,0,0.0,0,0.0,0,0.0,0,0.0,0,0.0,0,0.0,0,0.0,0,0.0,0,0.0,0,0.0,0,0.0
E01000931,4,0,0.0,0,0.0,0,0.0,0,0.0,0,0.0,0,0.0,0,0.0,0,0.0,0,0.0,0,0.0,0,0.0,0,0.0
E01000932,5,0,0.0,0,0.0,0,0.0,0,0.0,0,0.0,0,0.0,0,0.0,0,0.0,0,0.0,0,0.0,0,0.0,0,0.0
E01000933,5,0,0.0,0,0.0,0,0.0,0,0.0,0,0.0,0,0.0,0,0.0,0,0.0,0,0.0,0,0.0,0,0.0,0,0.0
E01000934,0,0,0.0,0,0.0,0,0.0,0,0.0,0,0.0,0,0.0,0,0.0,0,0.0,0,0.0,0,0.0,0,0.0,0,0.0
E01000935,0,0,0.0,0,0.0,0,0.0,0,0.0,0,0.0,0,0.0,0,0.0,0,0.0,0,0.0,0,0.0,0,0.0,0,0.0
E01000937,0,0,0.0,0,0.0,0,0.0,0,0.0,0,0.0,0,0.0,0,0.0,0,0.0,0,0.0,0,0.0,0,0.0,0,0.0
E01000938,3,0,0.0,0,0.0,0,0.0,0,0.0,0,0.0,0,0.0,0,0.0,0,0.0,0,0.0,0,0.0,0,0.0,0,0.0
E01000939,1,0,0.0,0,0.0,0,0.0,0,0.0,0,0.0,0,0.0,0,0.0,0,0.0,0,0.0,0,0.0,0,0.0,0,0.0
E01000941,3,0,0.0,0,0.0,0,0.0,0,0.0,0,0.0,0,0.0,0,0.0,0,0.0,0,0.0,0,0.0,0,0.0,0,0.0
E01000942,1,0,0.0,0,0.0,0,0.0,0,0.0,0,0.0,0,0.0,0,0.0,0,0.0,0,0.0,0,0.0,0,0.0,0,0.0
E01000943,0,0,0.0,0,0.0,0,0.0,0,0.0,0,0.0,0,0.0,0,0.0,0,0.0,0,0.0,0,0.0,0,0.0,0,0.0
E01000944,0,0,0.0,0,0.0,0,0.0,0,0.0,0,0.0,0,0.0,0,0.0,0,0.0,0,0.0,0,0.0,0,0.0,0,0.0
E01000946,2,0,0.0,0,0.0,0,0.0,0,0.0,0,0.0,0,0.0,0,0.0,0,0.0,0,0.0,0,0.0,0,0.0,0,0.0
E01000947,1,0,0.0,0,0.0,0,0.0,0,0.0,0,0.0,0,0.0,0,0.0,0,0.0,0,0.0,0,0.0,0,0.0,0,0.0
E01000948,8,0,0.0,0,0.0,0,0.0,0,0.0,0,0.0,0,0.0,0,0.0,0,0.0,0,0.0,0,0.0,0,0.0,0,0.0
E01000949,1,0,0.0,0,0.0,0,0.0,0,0.0,0,0.0,0,0.0,0,0.0,0,0.0,0,0.0,0,0.0,0,0.0,0,0.0
E01000951,3,0,0.0,0,0.0,0,0.0,0,0.0,0,0.0,0,0.0,0,0.0,0,0.0,0,0.0,0,0.0,0,0.0,0,0.0
E01000952,3,0,0.0,0,0.0,0,0.0,0,0.0,0,0.0,0,0.0,0,0.0,0,0.0,0,0.0,0,0.0,0,0.0,0,0.0
E01000954,0,0,0.0,0,0.0,0,0.0,0,0.0,0,0.0,0,0.0,0,0.0,0,0.0,0,0.0,0,0.0,0,0.0,0,0.0
E01000955,2,0,0.0,0,0.0,0,0.0,0,0.0,0,0.0,0,0.0,0,0.0,0,0.0,0,0.0,0,0.0,0,0.0,0,0.0
E01000956,5,0,0.0,0,0.0,0,0.0,0,0.0,0,0.0,0,0.0,0,0.0,0,0.0,0,0.0,0,0.0,0,0.0,0,0.0
E01000957,3,0,0.0,0,0.0,0,0.0,0,0.0,0,0.0,0,0.0,0,0.0,0,0.0,0,0.0,0,0.0,0,0.0,0,0.0
E01000958,1,0,0.0,0,0.0,0,0.0,0,0.0,0,0.0,0,0.0,0,0.0,0,0.0,0,0.0,0,0.0,0,0.0,0,0.0
E01000959,2,0,0.0,0,0.0,0,0.0,0,0.0,0,0.0,0,0.0,0,0.0,0,0.0,0,0.0,0,0.0,0,0.0,0,0.0
E01000960,2,0,0.0,0,0.0,0,0.0,0,0.0,0,0.0,0,0.0,0,0.0,0,0.0,0,0.0,0,0.0,0,0.0,0,0.0
E01000961,3,0,0.0,0,0.0,0,0.0,0,0.0,0,0.0,0,0.0,0,0.0,0,0.0,0,0.0,0,0.0,0,0.0,0,0.0
E01000962,2,0,0.0,0,0.0,0,0.0,0,0.0,0,0.0,0,0.0,0,0.0,0,0.0,0,0.0,0,0.0,0,0.0,0,0.0
E01000963,4,0,0.0,0,0.0,0,0.0,0,0.0,0,0.0,0,0.0,0,0.0,0,0.0,0,0.0,0,0.0,0,0.0,0,0.0
E01000964,4,0,0.0,0,0.0,0,0.0,0,0.0,0,0.0,0,0.0,0,0.0,0,0.0,0,0.0,0,0.0,0,0.0,0,0.0
E01000965,8,0,0.0,0,0.0,0,0.0,0,0.0,0,0.0,0,0.0,0,0.0,0,0.0,0,0.0,0,0.0,0,0.0,0,0.0
E01000966,1,0,0.0,0,0.0,0,0.0,0,0.0,0,0.0,0,0.0,0,0.0,0,0.0,0,0.0,0,0.0,0,0.0,0,0.0
E01000967,3,0,0.0,0,0.0,0,0.0,0,0.0,0,0.0,0,0.0,0,0.0,0,0.0,0,0.0,0,0.0,0,0.0,0,0.0
E01000968,3,0,0.0,0,0.0,0,0.0,0,0.0,0,0.0,0,0.0,0,0.0,0,0.0,0,0.0,0,0.0,0,0.0,0,0.0
E01000969,8,0,0.0,0,0.0,0,0.0,0,0.0,0,0.0,0,0.0,0,0.0,0,0.0,0,0.0,0,0.0,0,0.0,0,0.0
E01000970,4,0,0.0,0,0.0,0,0.0,0,0.0,0,0.0,0,0.0,0,0.0,0,0.0,0,0.0,0,0.0,0,0.0,0,0.0
E01000971,3,0,0.0,0,0.0,0,0.0,0,0.0,0,0.0,0,0.0,0,0.0,0,0.0,0,0.0,0,0.0,0,0.0,0,0.0
E01000972,5,0,0.0,0,0.0,0,0.0,0,0.0,0,0.0,0,0.0,0,0.0,0,0.0,0,0.0,0,0.0,0,0.0,0,0.0
E01000973,7,0,0.0,0,0.0,0,0.0,0,0.0,0,0.0,0,0.0,0,0.0,0,0.0,0,0.0,0,0.0,0,0.0,0,0.0
E01000974,4,0,0.0,0,0.0,0,0.0,0,0.0,0,0.0,0,0.0,0,0.0,0,0.0,0,0.0,0,0.0,0,0.0,0,0.0
E01000975,4,0,19.279696,0,19.279696,0,19.279696,0,19.533678,0,19.533678,0,19.533678,0,20.006485,0,20.006485,0,20.006485,0,20.437585,0,20.437585,1,4.3629288
E01000976,0,0,63.955519,0,63.955519,0,63.955519,0,64.57425,0,64.57425,0,64.57425,0,65.726064,0,65.726064,4,1.4274405,0,66.776275,0,66.776275,4,2.4776515
E01000977,1,0,48.63476,0,48.63476,0,48.63476,0,49.349185,0,49.349185,0,49.349185,0,50.679144,0,50.679144,0,50.679144,0,51.891786,0,51.891786,3,3.6678182
E01000978,3,0,19.141839,0,19.141839,0,19.141839,0,19.175639,0,19.175639,0,19.175639,0,19.238559,0,19.238559,0,19.238559,0,19.295929,0,19.295929,1,3.2212737
E01000979,0,0,59.683442,0,59.683442,0,59.683442,0,59.614379,0,59.614379,0,59.614379,0,59.485813,0,59.485813,0,59.485813,0,59.368589,0,59.368589,3,11.144621
E01000980,1,0,49.611769,0,49.611769,3,1.3878013,0,50.106229,0,50.106229,3,1.8822618,0,51.026706,0,51.026706,3,2.8027385,0,51.865986,0,51.865986,3,3.6420188
E01000981,2,0,54.125814,0,54.125814,0,54.125814,0,53.992305,3,5.7683379,3,5.7683379,0,53.743769,0,53.743769,3,5.5198012,0,53.517155,0,53.517155,0,53.517155
E01000982,0,0,70.363636,0,70.363636,4,6.0650132,0,70.570595,0,70.570595,4,6.2719715,0,70.955863,0,70.955863,4,6.6572403,0,71.307147,0,71.307147,4,7.008524
E01000983,2,0,51.900558,0,51.900558,3,3.6765908,0,51.196374,3,2.9724066,3,2.9724066,0,49.88548,0,49.88548,3,1.6615129,0,48.690222,0,48.690222,3,0.46625496
E01000984,2,0,31.338829,0,31.338829,0,31.338829,0,31.940647,0,31.940647,0,31.940647,0,33.060978,0,33.060978,2,0.91166674,0,34.082483,0,34.082483,2,1.9331717
E01000985,1,0,79.511145,0,79.511145,0,79.511145,0,78.31856,0,78.31856,0,78.31856,0,76.098471,0,76.098471,4,11.799848,0,74.074219,0,74.074219,4,9.7755958
E01000986,1,0,81.227198,0,81.227198,5,0.85391909,0,80.193605,0,80.193605,0,80.193605,0,78.269491,0,78.269491,4,13.970868,0,76.515106,0,76.515106,4,12.216483
E01000987,1,0,57.932812,0,57.932812,0,57.932812,0,56.930012,0,56.930012,3,8.7060444,0,55.063222,0,55.063222,3,6.8392543,0,53.361104,0,53.361104,0,53.361104
E01000989,0,0,113.21006,0,113.21006,7,0.68747445,0,112.00749,0,112.00749,6,15.559551,0,109.76879,0,109.76879,6,13.320858,0,107.72758,0,107.72758,6,11.279642
E01000990,2,0,34.07719,0,34.07719,2,1.9278783,0,35.661411,2,3.5120997,2,3.5120997,0,38.610562,0,38.610562,2,6.4612509,0,41.299565,0,41.299565,2,9.1502535
E01000991,0,0,127.65974,0,127.65974,7,15.13715,0,125.79292,0,125.79292,7,13.270333,0,122.3177,0,122.3177,7,9.7951085,0,119.14903,0,119.14903,7,6.6264383
E01000992,0,0,88.331494,5,7.9582146,5,7.9582146,0,89.332578,5,8.9592987,5,8.9592987,0,91.196174,5,10.822895,5,10.822895,0,92.895379,5,12.5221,5,12.5221
E01000993,1,0,73.691553,0,73.691553,0,73.691553,0,73.193502,4,8.8948788,4,8.8948788,0,72.266341,0,72.266341,4,7.9677183,0,71.420967,0,71.420967,0,71.420967
E01000994,0,0,0.0,0,0.0,0,0.0,0,0.0,0,0.0,0,0.0,0,0.0,0,0.0,0,0.0,0,0.0,0,0.0,0,0.0
E01000995,0,0,0.0,0,0.0,0,0.0,0,0.0,0,0.0,0,0.0,0,0.0,0,0.0,0,0.0,0,0.0,0,0.0,0,0.0
E01000996,0,0,15.765397,0,15.765397,0,15.765397,0,15.97329,0,15.97329,0,15.97329,0,16.360301,0,16.360301,0,16.360301,0,16.713173,0,16.713173,1,0.63851748
E01000997,2,0,26.971159,0,26.971159,0,26.971159,0,27.335427,0,27.335427,1,11.260771,0,28.01354,0,28.01354,0,28.01354,0,28.631836,0,28.631836,1,12.55718
E01000998,2,0,14.215299,0,14.215299,0,14.215299,0,15.102707,0,15.102707,0,15.102707,0,16.754686,0,16.754686,0,16.754686,0,18.260942,0,18.260942,1,2.1862863
E01000999,0,0,22.256857,0,22.256857,0,22.256857,0,22.406262,0,22.406262,1,6.3316065,0,36.702496,0,36.702496,0,34.315911,0,45.213425,0,45.213425,2,13.064114
E01001000,2,0,14.836503,0,14.836503,0,14.836503,0,15.318572,0,15.318572,0,15.318572,0,16.215979,0,16.215979,0,16.215979,0,17.034226,0,17.034226,0,17.034226
E01001001,0,0,49.254545,0,49.254545,3,1.0305781,0,49.807954,0,49.807954,0,49.807954,0,50.838167,0,50.838167,0,50.838167,0,51.777503,0,51.777503,0,51.777503
E01001002,1,0,42.134238,0,42.134238,2,9.9849264,0,42.589451,0,42.589451,2,10.440139,0,43.436866,0,43.436866,0,43.436866,0,44.209528,0,44.209528,0,44.209528
E01001003,1,0,40.216253,0,40.216253,2,8.0669417,0,40.870692,2,8.7213803,2,8.7213803,0,42.08898,2,9.9396686,2,9.9396686,0,43.199802,2,11.05049,2,11.05049
E01001004,0,0,83.556818,5,3.1835393,5,3.1835393,0,84.577172,5,4.2038931,5,4.2038931,0,86.47664,5,6.103361,5,6.103361,0,88.208553,5,7.8352742,5,7.8352742
E01001005,0,0,53.400974,0,53.400974,0,53.400974,0,54.1104,0,54.1104,0,54.1104,0,55.431052,0,55.431052,0,55.431052,0,56.635208,0,56.635208,3,8.4112402
E01001006,0,0,74.510065,0,74.510065,4,10.211442,0,75.514465,0,75.514465,4,11.215842,0,77.384233,0,77.384233,4,13.08561,0,79.089066,0,79.089066,4,14.790443
E01001007,1,0,0.0,0,0.0,0,0.0,0,0.0,0,0.0,0,0.0,0,0.0,0,0.0,0,0.0,0,0.0,0,0.0,0,0.0
E01001008,0,0,64.583766,0,64.583766,4,0.2851431,0,65.391337,0,65.391337,4,1.0927141,0,66.894693,0,66.894693,4,2.5960702,0,68.265436,0,68.265436,0,68.265436
E01001009,1,0,75.096379,0,75.096379,4,10.797756,0,75.791574,0,75.791574,4,11.492951,0,77.085733,0,77.085733,4,12.78711,0,78.265733,0,78.265733,4,13.96711
E01001010,0,0,70.866234,0,70.866234,4,6.5676106,0,72.181106,0,72.181106,4,7.8824829,0,74.628843,0,74.628843,4,10.33022,0,76.860662,0,76.860662,4,12.562039
E01001011,0,0,57.421753,0,57.421753,0,57.421753,0,59.153965,0,59.153965,0,59.153965,0,62.378611,0,62.378611,0,62.378611,0,65.318807,0,65.318807,0,65.318807
E01001012,0,0,59.055195,0,59.055195,0,59.055195,0,60.076007,0,60.076007,0,60.076007,0,61.976328,0,61.976328,0,61.976328,0,63.709019,0,63.709019,0,63.709019
E01001013,2,0,34.234673,0,34.234673,0,34.234673,0,35.822662,0,35.822662,0,35.822662,0,38.778826,0,38.778826,0,38.778826,0,41.474223,0,41.474223,0,41.474223
E01001015,0,0,82.174675,5,1.8013964,5,1.8013964,0,82.905515,5,2.5322358,0,82.905515,0,84.266029,0,84.266029,5,3.8927501,0,85.506531,0,85.506531,5,5.1332516
E01001016,0,0,115.3461,0,115.3461,7,2.8235134,0,113.88447,7,1.3618762,7,1.3618762,0,111.16352,0,111.16352,6,14.715581,0,108.68258,0,108.68258,6,12.234648
E01001017,0,0,123.63896,0,123.63896,7,11.116371,0,121.27596,7,8.7533677,0,121.27596,0,116.87704,0,116.87704,7,4.3544542,0,112.86617,0,112.86617,7,0.34357481
E01001018,0,0,123.26201,0,123.26201,7,10.739423,0,120.97838,0,120.97838,0,120.97838,0,116.72723,0,116.72723,7,4.2046374,0,112.85107,0,112.85107,7,0.32848252
E01001019,0,0,108.93799,0,108.93799,6,12.490052,0,107.0473,6,10.599362,0,107.0473,0,103.52763,0,103.52763,6,7.0796949,0,100.31844,0,100.31844,6,3.8705025
E01001020,0,0,112.83312,0,112.83312,7,0.3105264,0,111.35928,6,14.911347,0,111.35928,0,108.61562,0,108.61562,6,12.167689,0,106.11399,0,106.11399,6,9.6660528
E01001021,0,0,69.861039,0,69.861039,4,5.5624158,0,71.109541,4,6.8109175,0,71.109541,0,73.433724,0,73.433724,4,9.1351005,0,75.552887,0,75.552887,4,11.254264
E01001022,1,0,100.65359,0,100.65359,6,4.2056563,0,98.388495,6,1.9405603,0,98.388495,0,94.171843,0,94.171843,5,13.798564,0,90.327147,0,90.327147,5,9.9538683
E01001023,2,0,113.95971,0,113.95971,7,1.4371177,0,114.13282,7,1.610228,0,114.13282,0,114.45508,0,114.45508,7,1.9324863,0,114.74891,0,114.74891,7,2.2263177
E01001024,0,0,85.944156,0,85.944156,5,5.5708769,0,84.846706,5,4.4734274,0,84.846706,0,82.803719,0,82.803719,5,2.4304398,0,80.940946,0,80.940946,5,0.56766686
E01001025,0,0,93.231818,0,93.231818,5,12.858539,0,91.6865,5,11.313221,0,91.6865,0,88.809771,0,88.809771,5,8.4364918,0,86.186801,0,86.186801,5,5.8135225
E01001026,1,0,102.6314,0,102.6314,6,6.1834692,0,101.94962,6,5.501684,0,101.94962,0,100.68042,0,100.68042,6,4.2324877,0,99.523184,0,99.523184,6,3.075249
E01001027,1,0,164.23216,0,164.23216,10,3.4856046,0,161.68344,10,0.93688259,0,161.68344,0,156.9388,0,156.9388,9,12.266894,0,152.61268,0,152.61268,9,7.9407817
E01001028,0,0,126.15195,0,126.15195,7,13.629358,0,123.95019,7,11.427598,0,123.95019,0,119.85144,0,119.85144,7,7.3288501,0,116.11425,0,116.11425,7,3.5916587
E01001029,1,0,88.80823,0,88.80823,5,8.434951,0,88.164899,5,7.7916203,0,88.164899,0,86.967289,0,86.967289,5,6.5940103,0,85.875322,0,85.875322,5,5.5020431
E01001030,0,0,97.755195,0,97.755195,6,1.3072601,0,96.220754,0,96.220754,0,96.220754,0,93.364272,0,93.364272,5,12.990993,0,90.759765,0,90.759765,5,10.386486
E01001031,0,0,108.18409,0,108.18409,6,11.736156,0,106.34871,6,9.9007772,0,106.34871,0,102.93201,0,102.93201,6,6.4840766,0,99.816702,0,99.816702,6,3.3687678
E01001032,1,0,109.29168,6,12.843741,6,12.843741,0,106.81003,6,10.362091,6,10.362091,0,102.19024,6,5.7423056,6,5.7423056,0,97.977972,6,1.5300378,6,1.5300378
E01001033,0,0,81.29513,0,81.29513,5,0.92185095,0,80.907542,5,0.53426334,5,0.53426334,0,80.186018,4,15.887395,4,15.887395,0,79.52814,0,79.52814,4,15.229517
E01001034,1,0,69.618201,0,69.618201,4,5.3195782,0,69.025682,0,69.025682,4,4.7270592,0,67.922662,0,67.922662,4,3.6240389,0,66.916941,4,2.6183175,4,2.6183175
E01001035,2,0,46.507182,0,46.507182,0,46.507182,0,46.52362,0,46.52362,0,46.52362,0,46.554221,2,14.40491,2,14.40491,0,46.582123,0,46.582123,2,14.432812
E01001036,0,0,103.03247,6,6.5845328,6,6.5845328,0,101.50568,6,5.0577419,6,5.0577419,0,98.663437,0,98.663437,6,2.215502,0,96.071915,0,96.071915,5,15.698636
E01001037,2,0,49.498478,0,49.498478,0,49.498478,0,50.057318,0,50.057318,0,50.057318,0,51.097642,0,51.097642,3,2.8736745,0,52.046198,0,52.046198,3,3.8222303
E01001038,2,0,57.002545,0,57.002545,0,57.002545,0,56.968979,0,56.968979,0,56.968979,0,56.906494,0,56.906494,3,8.6825266,0,56.849521,0,56.849521,3,8.6255534
E01001039,0,0,96.875649,6,0.42771465,6,0.42771465,0,95.572439,5,15.19916,5,15.19916,0,93.146412,0,93.146412,5,12.773133,0,90.934388,5,10.561109,5,10.561109
E01001040,0,0,75.766558,0,75.766558,0,75.766558,0,75.745426,0,75.745426,0,75.745426,0,75.706086,0,75.706086,4,11.407463,0,75.670216,0,75.670216,4,11.371593
E01001041,1,0,55.294175,0,55.294175,0,55.294175,0,55.845339,0,55.845339,3,7.6213719,0,56.871374,0,56.871374,3,8.6474064,0,57.8069,0,57.8069,3,9.582933
E01001042,3,0,16.579929,0,16.579929,0,16.579929,0,17.61158,0,17.61158,0,17.61158,0,19.532079,0,19.532079,1,3.4574237,0,21.283169,0,21.283169,1,5.208513
E01001044,2,0,67.479208,0,67.479208,0,67.479208,0,66.508397,0,66.508397,4,2.2097737,0,64.701156,0,64.701156,4,0.4025331,0,63.053335,0,63.053335,0,63.053335
E01001046,1,0,59.520248,0,59.520248,0,59.520248,0,58.953291,0,58.953291,0,58.953291,0,57.897856,0,57.897856,0,57.897856,0,56.935523,0,56.935523,3,8.7115554
E01001047,0,0,61.819481,0,61.819481,0,61.819481,0,62.23054,0,62.23054,0,62.23054,0,62.99576,3,14.771793,0,62.99576,0,63.693479,0,63.693479,3,15.469512
E01001049,0,5,13.361137,5,13.361137,5,13.361137,5,11.862369,5,11.862369,5,11.862369,5,9.0722952,5,9.0722952,5,9.0722952,5,6.528338,5,6.528338,5,6.528338
E01001050,3,0,9.3541154,0,9.3541154,0,9.3541154,0,9.6077462,0,9.6077462,0,9.6077462,0,10.079899,0,10.079899,0,10.079899,0,10.510403,0,10.510403,0,10.510403
E01001051,1,2,7.815643,2,7.815643,2,7.815643,2,9.1616496,2,9.1616496,2,9.1616496,2,11.667345,2,11.667345,2,11.667345,2,13.95201,2,13.95201,2,13.95201
E01001052,0,3,8.4438898,3,8.4438898,3,8.4438898,3,9.9819373,3,9.9819373,3,9.9819373,3,12.845132,3,12.845132,3,12.845132,3,15.455761,3,15.455761,3,15.455761
E01001053,0,4,10.839689,4,10.839689,4,10.839689,4,11.705915,4,11.705915,4,11.705915,4,13.318463,4,13.318463,4,13.318463,4,14.788766,4,14.788766,4,14.788766
E01001054,0,4,8.5780002,4,8.5780002,4,8.5780002,4,10.093736,4,10.093736,4,10.093736,4,12.915396,4,12.915396,4,12.915396,4,15.488154,4,15.488154,4,15.488154
E01001055,0,4,5.8137145,4,5.8137145,4,5.8137145,4,7.2172237,4,7.2172237,0,71.515847,4,9.8299651,4,9.8299651,4,9.8299651,4,12.212233,4,12.212233,4,12.212233
E01001056,2,1,13.595513,1,13.595513,1,13.595513,0,31.492817,1,15.418162,0,31.492817,2,2.7365073,2,2.7365073,2,2.7365073,2,5.8302076,2,5.8302076,2,5.8302076
E01001057,0,3,6.6847989,3,6.6847989,3,6.6847989,3,8.5180188,3,8.5180188,3,8.5180188,3,11.9307,3,11.9307,3,11.9307,3,15.042344,3,15.042344,3,15.042344
E01001058,0,5,2.6809419,5,2.6809419,5,2.6809419,5,2.098563,5,2.098563,5,2.098563,5,1.0144194,5,1.0144194,5,1.0144194,5,0.025909623,5,0.025909623,5,0.025909623
E01001059,0,5,9.4660068,5,9.4660068,5,9.4660068,5,9.5198487,5,9.5198487,5,9.5198487,5,9.6200797,5,9.6200797,5,9.6200797,5,9.7114692,5,9.7114692,5,9.7114692
E01001060,0,6,2.5637536,6,2.5637536,6,2.5637536,6,2.9612521,6,2.9612521,6,2.9612521,6,3.7012263,6,3.7012263,6,3.7012263,6,4.3759264,6,4.3759264,6,4.3759264
E01001061,0,0,95.493506,5,15.120228,5,15.120228,0,95.485508,0,95.485508,5,15.112229,5,15.09734,5,15.09734,5,15.09734,0,95.457044,5,15.083765,0,95.457044
E01001062,0,6,5.0767406,6,5.0767406,6,5.0767406,6,3.8397797,6,3.8397797,6,3.8397797,6,1.5370809,6,1.5370809,6,1.5370809,0,95.885441,5,15.512162,5,15.512162
E01001063,1,6,5.7349273,6,5.7349273,6,5.7349273,6,4.213318,6,4.213318,6,4.213318,6,1.3807239,6,1.3807239,6,1.3807239,5,14.872653,5,14.872653,5,14.872653
E01001064,0,7,3.9543576,7,3.9543576,7,3.9543576,7,2.1715092,7,2.1715092,7,2.1715092,6,14.927254,6,14.927254,6,14.927254,6,11.901109,6,11.901109,6,11.901109
E01001065,0,0,90.844481,5,10.471202,5,10.471202,5,9.7632793,5,9.7632793,5,9.7632793,5,8.445427,5,8.445427,5,8.445427,5,7.2438242,5,7.2438242,5,7.2438242
E01001066,1,3,0.77655626,3,0.77655626,3,0.77655626,3,2.5237403,3,2.5237403,3,2.5237403,3,5.7762592,3,5.7762592,3,5.7762592,3,8.741869,3,8.741869,3,8.741869
E01001067,1,6,14.609206,6,14.609206,6,14.609206,6,12.253882,6,12.253882,6,12.253882,6,7.8692628,6,7.8692628,6,7.8692628,6,3.871417,6,3.871417,6,3.871417
E01001068,0,0,123.63896,7,11.116371,7,11.116371,7,10.430383,7,10.430383,7,10.430383,7,9.1533639,7,9.1533639,7,9.1533639,7,7.9889924,7,7.9889924,7,7.9889924
E01001069,1,0,77.691113,4,13.39249,4,13.39249,4,11.920669,4,11.920669,4,11.920669,0,73.479385,4,9.180762,4,9.180762,4,6.6825455,4,6.6825455,4,6.6825455
E01001070,1,0,94.622422,5,14.249143,5,14.249143,0,94.494329,5,14.12105,5,14.12105,0,94.255874,5,13.882595,5,13.882595,5,13.665174,5,13.665174,5,13.665174
E01001071,0,0,124.51851,7,11.995916,7,11.995916,0,123.37806,7,10.855473,7,10.855473,0,121.25504,7,8.73245,7,8.73245,7,6.7967017,7,6.7967017,7,6.7967017
E01001072,0,0,121.25162,7,8.7290329,7,8.7290329,0,118.96974,7,6.4471528,7,6.4471528,0,114.72185,7,2.1992557,7,2.1992557,6,14.400727,6,14.400727,6,14.400727
E01001073,1,0,61.450994,3,13.227026,3,13.227026,0,60.831731,3,12.607763,3,12.607763,0,59.678924,3,11.454957,3,11.454957,3,10.403842,3,10.403842,3,10.403842
E01001074,0,0,106.80195,6,10.354013,6,10.354013,0,106.95975,6,10.511818,6,10.511818,0,107.25352,6,10.805584,6,10.805584,6,11.073437,6,11.073437,6,11.073437
E01001075,3,0,45.002473,2,12.853162,2,12.853162,0,44.385155,2,12.235844,2,12.235844,0,43.235969,2,11.086658,2,11.086658,2,10.038843,2,10.038843,2,10.038843
E01001076,1,0,69.153558,4,4.8549352,4,4.8549352,0,70.884607,4,6.5859841,4,6.5859841,4,9.8084663,4,9.8084663,4,9.8084663,4,12.746689,4,12.746689,4,12.746689
E01001077,0,0,83.682468,5,3.3091886,5,3.3091886,0,83.454981,5,3.0817018,5,3.0817018,5,2.6582175,5,2.6582175,5,2.6582175,5,2.2720892,5,2.2720892,5,2.2720892
E01001078,0,0,68.855844,4,4.557221,4,4.557221,0,70.119977,4,5.8213539,4,5.8213539,4,8.1746355,4,8.1746355,4,8.1746355,4,10.320331,4,10.320331,4,10.320331
E01001079,1,0,62.833136,3,14.609169,3,14.609169,0,64.77461,4,0.47598664,4,0.47598664,4,4.0901902,4,4.0901902,4,4.0901902,4,7.3855799,4,7.3855799,4,7.3855799
E01001080,0,0,53.400974,3,5.1770067,3,5.1770067,0,55.340182,3,7.1162146,3,7.1162146,3,10.726201,3,10.726201,3,10.726201,3,14.017746,3,14.017746,3,14.017746
E01001081,0,0,78.153896,4,13.855273,4,13.855273,0,78.978624,4,14.680001,4,14.680001,0,80.513919,5,0.14064003,5,0.14064003,5,1.5405046,5,1.5405046,5,1.5405046
E01001082,0,0,81.923377,5,1.5500977,5,1.5500977,0,83.091662,5,2.7183828,5,2.7183828,0,85.266515,5,4.8932364,5,4.8932364,5,6.8762432,5,6.8762432,5,6.8762432
E01001083,0,0,0.0,0,0.0,0,0.0,0,0.0,0,0.0,0,0.0,0,0.0,0,0.0,0,0.0,0,0.0,0,0.0,0,0.0
E01001084,1,0,0.0,0,0.0,0,0.0,0,0.0,0,0.0,0,0.0,0,0.0,0,0.0,0,0.0,0,0.0,0,0.0,0,0.0
E01001085,2,0,0.0,0,0.0,0,0.0,0,0.0,0,0.0,0,0.0,0,0.0,0,0.0,0,0.0,0,0.0,0,0.0,0,0.0
E01001086,1,0,0.0,0,0.0,0,0.0,0,0.0,0,0.0,0,0.0,0,0.0,0,0.0,0,0.0,0,0.0,0,0.0,0,0.0
E01001087,1,0,0.0,0,0.0,0,0.0,0,0.0,0,0.0,0,0.0,0,0.0,0,0.0,0,0.0,0,0.0,0,0.0,0,0.0
E01001088,0,0,0.0,0,0.0,0,0.0,0,0.0,0,0.0,0,0.0,0,0.0,0,0.0,0,0.0,0,0.0,0,0.0,0,0.0
E01001089,3,0,0.0,0,0.0,0,0.0,0,0.0,0,0.0,0,0.0,0,0.0,0,0.0,0,0.0,0,0.0,0,0.0,0,0.0
E01001090,1,0,0.0,0,0.0,0,0.0,0,0.0,0,0.0,0,0.0,0,0.0,0,0.0,0,0.0,0,0.0,0,0.0,0,0.0
E01001091,1,0,0.0,0,0.0,0,0.0,0,0.0,0,0.0,0,0.0,0,0.0,0,0.0,0,0.0,0,0.0,0,0.0,0,0.0
E01001092,0,0,107.93279,6,11.484858,6,11.484858,0,107.85003,6,11.402092,6,11.402092,0,107.69595,6,11.248017,6,11.248017,0,107.55547,6,11.107534,6,11.107534
E01001093,1,0,84.067877,5,3.6945978,5,3.6945978,0,83.600203,5,3.2269242,5,3.2269242,0,82.729592,5,2.3563134,5,2.3563134,0,81.935779,5,1.5625004,5,1.5625004
E01001094,0,0,125.775,7,13.25241,7,13.25241,0,123.53073,7,11.008135,7,11.008135,0,119.35283,7,6.8302443,7,6.8302443,0,115.54348,7,3.0208908,7,3.0208908
E01001095,0,0,74.761364,4,10.462741,4,10.462741,4,10.733701,4,10.733701,4,10.733701,0,75.536738,4,11.238115,4,11.238115,0,75.996656,4,11.698033,4,11.698033
E01001096,0,0,97.126948,6,0.67901335,6,0.67901335,0,95.384379,5,15.0111,5,15.0111,0,92.140452,5,11.767173,5,11.767173,0,89.182676,5,8.8093975,5,8.8093975
E01001097,4,0,32.752775,2,0.60346351,2,0.60346351,0,33.454927,2,1.3056155,2,1.3056155,0,34.762038,2,2.6127261,2,2.6127261,0,35.953846,2,3.8045346,2,3.8045346
E01001098,0,0,102.27857,6,5.8306367,6,5.8306367,0,100.34377,6,3.8958372,6,3.8958372,0,96.741992,6,0.29405746,6,0.29405746,0,93.45793,5,13.084651,5,13.084651
E01001099,0,0,85.19026,5,4.8169808,5,4.8169808,0,85.233002,5,4.8597236,5,4.8597236,0,85.312571,5,4.9392925,5,4.9392925,0,85.385121,5,5.0118425,5,5.0118425
E01001100,0,0,86.446753,5,6.0734743,5,6.0734743,5,4.9021222,5,4.9021222,5,4.9021222,0,83.094838,5,2.7215592,5,2.7215592,0,81.106626,0,81.106626,5,0.73334664
E01001101,0,0,107.55584,6,11.107909,6,11.107909,0,105.36378,6,8.9158483,6,8.7810935,0,101.28309,6,4.835156,6,4.835156,6,1.1144271,6,1.1144271,6,1.1144271
E01001102,0,6,9.7257666,6,9.7257666,6,9.7257666,6,8.1627878,6,8.1627878,6,8.1627878,6,5.2531812,6,5.2531812,6,5.2531812,6,2.6002349,6,2.6002349,6,2.6002349
E01001103,0,7,1.943968,7,1.943968,7,1.943968,6,15.976132,0,112.42407,5,32.050788,6,12.173876,6,12.173876,6,12.173876,6,8.7070218,6,8.7070218,6,8.7070218
E01001104,0,0,114.08961,7,1.5670199,7,1.5670199,0,112.38784,0,112.38784,7,0.0,0,109.21985,6,12.771915,6,12.771915,0,106.33132,0,106.33132,6,9.8833818
E01001105,0,6,16.008234,6,16.008234,6,16.008234,0,111.78833,0,111.78833,6,15.340398,6,14.097168,6,14.097168,6,14.097168,0,109.41154,6,12.963606,6,12.963606
E01001106,0,6,7.5897276,6,7.5897276,6,7.5897276,0,103.13556,6,6.6876259,6,6.6876259,6,5.0082932,6,5.0082932,6,5.0082932,0,99.925032,6,3.4770969,6,3.4770969
E01001107,0,0,120.12078,7,7.5981887,7,7.5981887,0,118.25871,7,5.7361231,7,5.7361231,0,114.79233,7,2.2697432,7,2.2697432,0,111.63173,6,15.183793,6,15.183793
E01001108,0,7,13.378059,7,13.378059,7,13.378059,7,10.824404,7,10.824404,7,10.824404,7,6.070576,7,6.070576,7,6.070576,7,1.7360899,7,1.7360899,7,1.7360899
E01001109,0,0,73.630519,4,9.3318963,4,9.3318963,0,74.651803,4,10.35318,4,10.35318,0,76.553001,4,12.254378,4,12.254378,0,78.286492,4,13.987869,4,13.987869
E01001110,0,0,64.458117,4,0.15949375,0,64.458117,0,65.584902,4,1.286279,0,65.584902,0,67.682501,4,3.3838774,4,3.3838774,0,69.595067,0,69.595067,4,5.2964437
E01001111,0,0,63.955519,3,15.731552,0,63.955519,0,64.068739,0,64.068739,0,64.068739,0,64.279507,0,64.279507,3,16.05554,0,64.471682,0,64.471682,0,64.471682
E01001112,0,0,76.269156,4,11.970533,4,11.970533,0,77.33448,4,13.035857,4,13.035857,0,79.317665,4,15.019042,4,15.019042,0,81.12591,5,0.75263123,5,0.75263123
E01001113,1,0,57.555864,3,9.3318963,3,9.3318963,0,58.196344,3,9.9723764,3,9.9723764,0,59.388647,3,11.16468,3,11.16468,0,60.475776,0,60.475776,3,12.251808
E01001114,0,0,52.521429,3,4.2974612,0,52.521429,0,53.654805,3,5.4308373,0,53.654805,0,55.764672,3,7.5407049,3,7.5407049,0,57.688426,0,57.688426,0,57.688426
E01001115,0,0,61.94513,0,61.94513,3,13.721163,0,62.870824,0,62.870824,3,14.646857,0,64.594075,4,0.29545227,4,0.29545227,0,66.165317,0,66.165317,4,1.8666934
E01001116,2,0,19.995169,0,19.995169,0,19.995169,0,20.474193,1,4.3995371,0,20.474193,0,21.365933,1,5.2912774,0,21.365933,0,22.179012,0,22.179012,0,22.179012
E01001118,0,0,69.484091,0,69.484091,4,5.1854678,0,70.814001,4,6.5153775,4,6.5153775,0,73.289731,4,8.9911079,4,8.9911079,0,75.547074,0,75.547074,0,75.547074
E01001119,0,0,104.03766,6,7.5897276,6,7.5897276,0,102.3843,6,5.9363677,6,5.9363677,0,99.306444,6,2.8585097,6,2.8585097,6,0.052153673,6,0.052153673,6,0.052153673
E01001120,0,5,6.0734743,5,6.0734743,5,6.0734743,0,85.418806,5,5.0455273,5,5.0455273,0,83.505203,5,3.131924,5,3.131924,0,81.760401,5,1.3871222,5,1.3871222
E01001121,0,6,11.610507,6,11.610507,6,11.610507,0,106.20411,6,9.7561706,6,9.7561706,0,102.75211,6,6.3041795,6,6.3041795,0,99.604628,6,3.1566932,6,3.1566932
E01001122,0,0,92.226623,5,11.853344,5,11.853344,0,90.490976,5,10.117697,5,10.117697,0,87.259933,5,6.8866538,5,6.8866538,0,84.313904,0,84.313904,5,3.9406255
E01001123,0,7,0.3105264,7,0.3105264,7,0.3105264,6,14.338806,6,14.338806,6,14.338806,6,10.529318,6,10.529318,6,10.529318,6,7.0558696,6,7.0558696,6,7.0558696
E01001124,0,7,5.4621498,7,5.4621498,7,5.4621498,7,3.299316,7,3.299316,7,3.299316,6,15.347688,6,15.347688,0,111.79562,6,11.676569,6,11.676569,6,11.676569
E01001125,0,6,4.0715458,6,4.0715458,6,4.0715458,0,99.706738,6,3.2588029,6,3.2588029,0,98.193753,6,1.7458187,6,1.7458187,0,96.814232,6,0.36629685,6,0.36629685
E01001126,0,0,103.53506,6,7.0871302,6,7.0871302,0,101.94021,6,5.492273,6,5.492273,0,98.971257,6,2.5233223,6,2.5233223,0,96.264202,0,96.264202,5,15.890923
E01001127,0,7,0.8131238,7,0.8131238,7,0.8131238,0,111.70048,6,15.252547,6,15.252547,6,12.208436,6,12.208436,6,12.208436,6,9.432849,6,9.432849,6,9.432849
E01001128,0,0,67.222403,4,2.9237795,4,2.9237795,0,68.679575,4,4.380952,4,4.380952,0,71.392215,4,7.093592,4,7.093592,0,73.865569,4,9.5669463,4,9.5669463
E01001129,0,6,7.4640783,6,7.4640783,6,7.4640783,6,5.5592183,6,5.5592183,6,5.5592183,6,2.0131733,6,2.0131733,6,2.0131733,5,14.854585,5,14.854585,5,14.854585
E01001130,1,0,37.577617,0,37.577617,2,5.4283054,0,39.300826,2,7.1515142,0,39.300826,0,42.508713,0,42.508713,2,10.359401,0,45.433628,0,45.433628,2,13.284316
E01001131,0,0,97.126948,0,97.126948,6,0.67901335,0,96.83448,6,0.38654504,6,0.38654504,0,96.290027,0,96.290027,5,15.916748,0,95.793602,0,95.793602,0,95.793602
E01001132,0,0,117.10519,7,4.5826043,7,4.5826043,0,115.44986,7,2.9272671,7,2.9272671,0,112.36832,0,112.36832,6,15.920384,0,109.55861,0,109.55861,6,13.110672
E01001133,0,0,105.04286,6,8.5949224,6,8.5949224,0,103.93729,0,103.93729,6,7.4893504,0,101.87918,0,101.87918,6,5.4312421,0,100.00262,0,100.00262,6,3.5546824
E01001134,0,0,107.93279,6,11.484858,6,11.484858,6,10.243547,6,10.243547,6,10.243547,6,7.9327502,6,7.9327502,6,7.9327502,6,5.8257922,0,102.27373,6,5.8257922
E01001135,0,0,109.18929,6,12.741351,6,12.741351,0,107.7737,0,107.7737,6,11.325767,0,105.13848,0,105.13848,6,8.6905473,0,102.73572,0,102.73572,6,6.2877839
E01001136,2,0,43.214832,0,43.214832,0,43.214832,0,43.84833,0,43.84833,0,43.84833,0,45.027635,0,45.027635,2,12.878323,0,46.102912,0,46.102912,0,46.102912
E01001137,4,0,0.0,0,0.0,0,0.0,0,0.0,0,0.0,0,0.0,0,0.0,0,0.0,0,0.0,0,0.0,0,0.0,0,0.0
E01001138,3,0,0.0,0,0.0,0,0.0,0,0.0,0,0.0,0,0.0,0,0.0,0,0.0,0,0.0,0,0.0,0,0.0,0,0.0
E01001139,1,0,56.526503,0,56.526503,3,8.3025361,0,56.344235,0,56.344235,0,56.344235,0,56.004929,0,56.004929,3,7.7809618,0,55.667149,0,55.667149,3,7.4431819
E01001140,0,0,0.0,0,0.0,0,0.0,0,0.0,0,0.0,0,0.0,0,0.0,0,0.0,0,0.0,0,0.0,0,0.0,0,0.0
E01001141,0,0,53.652273,0,53.652273,3,5.4283054,0,54.014261,3,5.790294,3,5.790294,0,54.688131,0,54.688131,3,6.4641641,0,55.302558,0,55.302558,3,7.0785911
E01001142,1,0,71.75424,0,71.75424,0,71.75424,0,71.378354,0,71.378354,0,71.378354,0,70.678613,0,70.678613,4,6.3799899,0,70.040597,0,70.040597,0,70.040597
E01001143,0,0,71.745779,0,71.745779,4,7.4471561,0,72.516887,0,72.516887,4,8.2182637,0,73.952363,0,73.952363,4,9.6537403,0,75.261215,0,75.261215,4,10.962592
E01001144,4,0,0.0,0,0.0,0,0.0,0,0.0,0,0.0,0,0.0,0,0.0,0,0.0,0,0.0,0,0.028404287,0,0.028404287,0,0.028404287
E01001145,0,0,52.27013,0,52.27013,3,4.0461625,0,53.321574,0,53.321574,3,5.0976069,0,55.27892,0,55.27892,3,7.0549523,0,57.063605,0,57.063605,3,8.8396375
E01001146,1,0,6.9818478,0,6.9818478,0,6.9818478,0,9.9326242,0,9.9326242,0,9.9326242,0,15.425724,0,15.425724,0,15.425724,0,20.627453,0,20.627453,0,20.627453
E01001147,0,0,37.963026,0,37.963026,2,5.8137145,2,6.6493661,2,6.6493661,2,6.6493661,0,40.354308,0,40.354308,2,8.2049965,0,41.772714,0,41.772714,2,9.6234026
E01001148,2,0,0.0,0,0.0,0,0.0,0,0.0,0,0.0,0,0.0,0,0.0,0,0.0,0,0.0,0,0.0,0,0.0,0,0.0
E01001149,1,0,0.0,0,0.0,0,0.0,0,0.0,0,0.0,0,0.0,0,0.0,0,0.0,0,0.0,0,0.0,0,0.0,0,0.0
E01001150,1,0,65.402431,0,65.402431,4,1.1038075,0,65.077581,0,65.077581,0,65.077581,0,64.472847,0,64.472847,4,0.17422408,0,63.921458,0,63.921458,0,63.921458
E01001151,1,0,48.996109,0,48.996109,0,48.996109,0,50.330444,0,50.330444,3,2.1064771,0,52.814414,0,52.814414,3,4.5904462,0,55.079268,0,55.079268,3,6.855301
E01001152,1,0,44.613981,2,12.464669,2,12.464669,0,45.503132,0,45.503132,0,45.503132,0,47.158355,0,47.158355,2,15.009044,0,48.66757,0,48.66757,3,0.44360242
E01001153,1,0,49.639955,0,49.639955,3,1.4159873,0,49.762701,0,49.762701,3,1.5387337,0,49.991203,0,49.991203,0,49.991203,0,50.199549,0,50.199549,0,50.199549
E01001154,1,0,51.901643,0,51.901643,0,51.901643,0,52.698569,0,52.698569,3,4.4746018,0,54.182109,0,54.182109,3,5.9581419,0,55.534784,0,55.534784,0,55.534784
E01001155,0,0,44.605519,0,44.605519,2,12.456208,0,45.746535,0,45.746535,2,13.597224,0,47.870624,0,47.870624,2,15.721313,0,49.807345,0,49.807345,0,49.807345
E01001156,3,0,0.0,0,0.0,0,0.0,0,0.0,0,0.0,0,0.0,0,0.0,0,0.0,0,0.0,0,0.0,0,0.0,0,0.0
E01001157,0,0,0.0,0,0.0,0,0.0,0,0.0,0,0.0,0,0.0,0,0.0,0,0.0,0,0.0,0,0.0,0,0.0,0,0.0
E01001158,1,0,0.0,0,0.0,0,0.0,0,0.0,0,0.0,0,0.0,0,0.0,0,0.0,0,0.0,0,0.0,0,0.0,0,0.0
E01001159,1,0,0.0,0,0.0,0,0.0,0,0.0,0,0.0,0,0.0,0,0.0,0,0.0,0,0.0,0,0.0,0,0.0,0,0.0
E01001160,0,0,0.0,0,0.0,0,0.0,0,0.0,0,0.0,0,0.0,0,0.0,0,0.0,0,0.0,0,0.0,0,0.0,0,0.0
E01001161,0,0,0.0,0,0.0,0,0.0,0,0.0,0,0.0,0,0.0,0,0.0,0,0.0,0,0.0,0,0.0,0,0.0,0,0.0
E01001162,5,0,0.0,0,0.0,0,0.0,0,0.0,0,0.0,0,0.0,0,0.0,0,0.0,0,0.0,0,0.0,0,0.0,0,0.0
E01001163,2,0,0.0,0,0.0,0,0.0,0,0.0,0,0.0,0,0.0,0,0.0,0,0.0,0,0.0,0,0.0,0,0.0,0,0.0
E01001164,1,0,0.0,0,0.0,0,0.0,0,0.0,0,0.0,0,0.0,0,0.0,0,0.0,0,0.0,0,0.0,0,0.0,0,0.0
E01001165,3,0,27.898263,1,11.823607,0,27.898263,0,27.891887,0,27.891887,0,27.891887,0,27.880018,1,11.805362,1,11.805362,0,27.869196,0,27.869196,0,27.869196
E01001166,2,0,37.109988,2,4.9606769,0,37.109988,0,38.293669,0,38.293669,0,38.293669,0,40.497182,0,40.497182,2,8.3478708,0,42.506321,0,42.506321,2,10.357009
E01001167,2,0,82.215255,0,82.215255,5,1.8419757,0,82.105237,0,82.105237,0,82.105237,0,81.900432,0,81.900432,5,1.5271526,0,81.713692,0,81.713692,0,81.713692
E01001168,2,0,57.006782,0,57.006782,0,57.006782,0,56.947114,0,56.947114,0,56.947114,0,56.836039,0,56.836039,3,8.612072,0,56.734762,0,56.734762,0,56.734762
E01001169,1,0,65.597422,0,65.597422,0,65.597422,0,66.586791,0,66.586791,0,66.586791,0,68.428577,0,68.428577,4,4.1299542,0,70.107897,0,70.107897,4,5.8092743
E01001170,0,0,72.876623,0,72.876623,0,72.876623,0,73.759445,0,73.759445,4,9.4608215,0,75.402885,0,75.402885,4,11.104262,0,76.901355,0,76.901355,4,12.602732
E01001171,0,0,69.73539,0,69.73539,0,69.73539,0,70.035768,0,70.035768,0,70.035768,0,70.594946,0,70.594946,4,6.2963233,0,71.104799,0,71.104799,4,6.8061756
E01001172,0,0,86.949351,0,86.949351,5,6.5760717,0,88.588088,0,88.588088,5,8.2148087,0,91.638724,0,91.638724,5,11.265445,0,94.420259,0,94.420259,5,14.04698
E01001173,1,0,126.41171,7,13.889117,7,13.889117,0,127.5399,7,15.017312,7,15.017312,0,129.64013,8,1.0428796,8,1.0428796,0,131.55509,0,131.55509,8,2.957839
E01001174,1,0,0.0,0,0.0,0,0.0,0,0.0,0,0.0,0,0.0,0,0.0,0,0.0,0,0.0,0,0.0,0,0.0,0,0.0
E01001175,0,0,53.652273,0,53.652273,0,53.652273,0,54.1085,0,54.1085,0,54.1085,0,54.957802,0,54.957802,3,6.7338344,0,55.732186,0,55.732186,3,7.5082183
E01001176,1,0,0.0,0,0.0,0,0.0,0,0.0,0,0.0,0,0.0,0,0.0,0,0.0,0,0.0,0,0.0,0,0.0,0,0.0
E01001177,2,0,0.0,0,0.0,0,0.0,0,0.0,0,0.0,0,0.0,0,0.0,0,0.0,0,0.0,0,0.0,0,0.0,0,0.0
E01001178,0,0,40.58474,0,40.58474,0,40.58474,0,42.71595,0,42.71595,0,42.71595,0,46.683364,0,46.683364,2,14.534052,0,50.300807,0,50.300807,3,2.0768393
E01001179,0,0,65.337662,0,65.337662,4,1.0390392,0,65.772116,0,65.772116,4,1.4734928,0,66.580885,0,66.580885,4,2.2822618,0,67.318311,0,67.318311,4,3.0196883
E01001180,0,0,64.709416,0,64.709416,4,0.41079245,0,65.676419,0,65.676419,4,1.3777954,0,67.47657,0,67.47657,4,3.1779465,0,69.117927,0,69.117927,4,4.8193038
E01001181,0,0,65.965909,0,65.965909,4,1.667286,0,67.685512,0,67.685512,4,3.3868886,0,70.886686,0,70.886686,4,6.5880626,0,73.80548,0,73.80548,4,9.5068566
E01001182,1,0,0.0,0,0.0,0,0.0,0,0.0,0,0.0,0,0.0,0,0.0,0,0.0,0,0.0,0,0.0,0,0.0,0,0.0
E01001183,3,0,0.0,0,0.0,0,0.0,0,0.0,0,0.0,0,0.0,0,0.0,0,0.0,0,0.0,0,0.0,0,0.0,0,0.0
E01001184,0,0,0.0,0,0.0,0,0.0,0,0.0,0,0.0,0,0.0,0,0.0,0,0.0,0,0.0,0,0.0,0,0.0,0,0.0
E01001185,1,0,60.822747,3,12.598779,3,12.598779,0,60.981389,0,60.981389,3,12.757421,0,61.276713,0,61.276713,3,13.052746,0,61.545987,0,61.545987,0,61.545987
E01001186,1,0,56.048071,3,7.8241041,0,56.048071,0,57.18216,3,8.9581926,3,8.9581926,0,59.293354,0,59.293354,3,11.069386,0,61.218316,0,61.218316,0,61.218316
E01001187,1,0,74.518526,0,74.518526,0,74.518526,0,74.838026,4,10.539403,0,74.838026,0,75.4328,0,75.4328,4,11.134177,0,75.975108,0,75.975108,4,11.676485
E01001188,2,0,42.618721,0,42.618721,2,10.469409,0,43.18884,2,11.039528,2,11.039528,0,44.250161,0,44.250161,2,12.100849,0,45.217862,0,45.217862,0,45.217862
E01001189,3,0,8.7363994,0,8.7363994,0,8.7363994,0,8.1646851,0,8.1646851,0,8.1646851,0,7.1003945,0,7.1003945,0,7.1003945,0,6.1299864,0,6.1299864,0,6.1299864
E01001190,0,0,71.368831,0,71.368831,4,7.070208,0,71.474282,4,7.1756588,4,7.1756588,0,71.670587,0,71.670587,4,7.3719636,0,71.849575,0,71.849575,4,7.550952
E01001191,3,0,28.959796,0,28.959796,0,28.959796,0,30.045428,1,13.970772,0,30.045428,0,32.066415,0,32.066415,0,32.066415,0,33.909128,0,33.909128,0,33.909128
E01001192,1,0,45.303711,0,45.303711,2,13.154399,0,45.771731,2,13.62242,0,45.771731,0,46.642988,0,46.642988,2,14.493676,0,47.43739,0,47.43739,2,15.288078
E01001193,1,0,61.393074,0,61.393074,0,61.393074,0,62.150086,3,13.926118,0,62.150086,0,63.559322,0,63.559322,3,15.335354,0,64.844247,0,64.844247,0,64.844247
E01001194,1,0,66.505591,0,66.505591,4,2.2069675,0,66.103818,4,1.8051946,4,1.8051946,0,65.355886,0,65.355886,4,1.0572631,0,64.673931,0,64.673931,4,0.37530767
E01001195,2,0,0.0,0,0.0,0,0.0,0,0.0,0,0.0,0,0.0,0,0.0,0,0.0,0,0.0,0,0.0,0,0.0,0,0.0
E01001196,0,0,0.0,0,0.0,0,0.0,0,0.0,0,0.0,0,0.0,0,0.0,0,0.0,0,0.0,0,0.0,0,0.0,0,0.0
E01001197,2,0,0.0,0,0.0,0,0.0,0,0.0,0,0.0,0,0.0,0,0.0,0,0.0,0,0.0,0,0.0,0,0.0,0,0.0
E01001198,1,0,0.0,0,0.0,0,0.0,0,0.0,0,0.0,0,0.0,0,0.0,0,0.0,0,0.0,0,0.0,0,0.0,0,0.0
E01001199,5,0,0.0,0,0.0,0,0.0,0,0.0,0,0.0,0,0.0,0,0.0,0,0.0,0,0.0,0,0.0,0,0.0,0,0.0
E01001200,3,0,0.0,0,0.0,0,0.0,0,0.0,0,0.0,0,0.0,0,0.0,0,0.0,0,0.0,0,0.0,0,0.0,0,0.0
E01001201,1,0,0.0,0,0.0,0,0.0,0,0.0,0,0.0,0,0.0,0,0.0,0,0.0,0,0.0,0,0.0,0,0.0,0,0.0
E01001202,4,0,0.0,0,0.0,0,0.0,0,0.0,0,0.0,0,0.0,0,0.0,0,0.0,0,0.0,0,0.0,0,0.0,0,0.0
E01001203,3,0,0.0,0,0.0,0,0.0,0,0.0,0,0.0,0,0.0,0,0.0,0,0.0,0,0.0,0,0.0,0,0.0,0,0.0
E01001204,2,0,52.664,0,52.664,0,52.664,0,52.425163,0,52.425163,0,52.425163,0,51.980549,0,51.980549,3,3.7565817,0,51.575155,0,51.575155,0,51.575155
E01001205,1,0,51.399046,0,51.399046,0,51.399046,0,52.973596,0,52.973596,0,52.973596,0,55.904745,0,55.904745,3,7.680778,0,58.577334,0,58.577334,0,58.577334
E01001206,2,0,15.762225,0,15.762225,0,15.762225,0,17.85741,0,17.85741,0,17.85741,0,21.757759,0,21.757759,1,5.6831034,0,25.314053,0,25.314053,0,25.314053
E01001207,3,0,28.799845,0,28.799845,0,28.799845,0,28.417589,0,28.417589,0,28.417589,0,27.705991,0,27.705991,0,27.705991,0,27.057163,0,27.057163,0,27.057163
E01001208,2,0,44.875603,0,44.875603,0,44.875603,0,43.839433,0,43.839433,0,43.839433,0,41.910521,0,41.910521,2,9.7612099,0,40.151762,0,40.151762,0,40.151762
E01001209,3,0,45.856506,0,45.856506,0,45.856506,0,44.618439,0,44.618439,0,44.618439,0,42.313681,0,42.313681,2,10.164369,0,40.212229,0,40.212229,2,8.0629175
E01001210,2,0,31.864583,0,31.864583,0,31.864583,0,34.033025,0,34.033025,0,34.033025,0,38.069749,0,38.069749,2,5.9204376,0,41.750388,0,41.750388,0,41.750388
E01001211,5,0,0.33191529,0,0.33191529,0,0.33191529,0,0.0,0,0.0,0,0.0,0,0.0,0,0.0,0,0.0,0,0.0,0,0.0,0,0.0
E01001212,1,0,71.429246,0,71.429246,0,71.429246,0,71.046212,0,71.046212,0,71.046212,0,70.333165,0,70.333165,4,6.0345417,0,69.683016,0,69.683016,0,69.683016
E01001213,0,0,67.976299,0,67.976299,4,3.6776756,0,68.66046,0,68.66046,0,68.66046,0,69.93408,0,69.93408,4,5.6354569,0,71.095352,0,71.095352,0,71.095352
E01001214,0,0,82.049026,0,82.049026,5,1.6757471,0,82.370419,0,82.370419,5,1.9971397,0,82.968716,0,82.968716,5,2.5954371,0,83.514237,0,83.514237,5,3.1409578
E01001215,0,0,58.552597,0,58.552597,3,10.32863,0,60.03324,0,60.03324,3,11.809273,0,62.789572,0,62.789572,3,14.565605,0,65.302764,0,65.302764,0,65.302764
E01001216,2,0,36.376068,2,4.2267559,2,4.2267559,0,37.28642,0,37.28642,0,37.28642,0,38.981111,0,38.981111,2,6.8317996,0,40.526312,2,8.377,2,8.377
E01001217,0,0,77.776948,0,77.776948,4,13.478325,0,77.83874,0,77.83874,4,13.540117,0,77.953771,0,77.953771,4,13.655147,0,78.058654,4,13.760031,4,13.760031
E01001218,1,0,68.236059,4,3.9374354,4,3.9374354,0,70.022517,0,70.022517,4,5.7238936,0,73.348148,0,73.348148,4,9.0495244,0,76.38042,0,76.38042,0,76.38042
E01001219,0,0,74.007468,4,9.7088444,4,9.7088444,0,75.900589,0,75.900589,4,11.601966,0,79.424782,0,79.424782,4,15.126159,0,82.638101,5,2.2648226,5,2.2648226
E01001220,0,0,47.746753,2,15.597442,2,15.597442,0,48.767777,0,48.767777,3,0.54380938,0,50.668491,0,50.668491,3,2.444524,0,52.401541,0,52.401541,3,4.1775739
E01001223,2,0,0.0,0,0.0,0,0.0,0,0.0,0,0.0,0,0.0,0,0.0,0,0.0,0,0.0,0,0.0,0,0.0,0,0.0
E01001224,3,0,38.750777,0,38.750777,0,38.750777,0,37.461938,0,37.461938,0,37.461938,0,35.062664,0,35.062664,0,35.062664,0,32.875034,0,32.875034,0,32.875034
E01001225,2,0,0.0,0,0.0,0,0.0,0,0.0,0,0.0,0,0.0,0,0.0,0,0.0,0,0.0,0,0.0,0,0.0,0,0.0
E01001226,1,0,50.016903,0,50.016903,0,50.016903,0,49.398683,0,49.398683,0,49.398683,0,48.24782,0,48.24782,0,47.737653,0,47.198475,0,47.198475,0,47.198475
E01001227,3,0,30.755933,0,30.755933,0,30.755933,0,30.179002,0,30.179002,0,30.179002,0,29.105001,0,29.105001,0,29.105001,0,28.125739,0,28.125739,0,28.125739
E01001228,2,0,48.234074,0,48.234074,0,48.234074,0,47.960649,0,47.960649,0,47.960649,0,30.624909,0,30.624909,2,0.0,0,26.404551,0,26.404551,0,26.404551
E01001229,2,0,0.0,0,0.0,0,0.0,0,0.0,0,0.0,0,0.0,0,0.0,0,0.0,0,0.0,0,0.0,0,0.0,0,0.0
E01001230,1,0,0.0,0,0.0,0,0.0,0,0.0,0,0.0,0,0.0,0,0.0,0,0.0,0,0.0,0,0.0,0,0.0,0,0.0
E01001231,3,0,0.0,0,0.0,0,0.0,0,0.0,0,0.0,0,0.0,0,0.0,0,0.0,0,0.0,0,0.0,0,0.0,0,0.0
E01001232,2,0,0.0,0,0.0,0,0.0,0,0.0,0,0.0,0,0.0,0,0.0,0,0.0,0,0.0,0,0.0,0,0.0,0,0.0
E01001233,4,0,0.0,0,0.0,0,0.0,0,0.0,0,0.0,0,0.0,0,0.0,0,0.0,0,0.0,0,0.0,0,0.0,0,0.0
E01001234,5,0,0.0,0,0.0,0,0.0,0,0.0,0,0.0,0,0.0,0,0.0,0,0.0,0,0.0,0,0.0,0,0.0,0,0.0
E01001235,1,0,0.0,0,0.0,0,0.0,0,0.0,0,0.0,0,0.0,0,0.0,0,0.0,0,0.0,0,0.0,0,0.0,0,0.0
E01001236,2,0,0.0,0,0.0,0,0.0,0,0.0,0,0.0,0,0.0,0,0.0,0,0.0,0,0.0,0,0.0,0,0.0,0,0.0
E01001237,1,0,0.0,0,0.0,0,0.0,0,0.0,0,0.0,0,0.0,0,0.0,0,0.0,0,0.0,0,0.0,0,0.0,0,0.0
E01001239,2,0,0.0,0,0.0,0,0.0,0,0.0,0,0.0,0,0.0,0,0.0,0,0.0,0,0.0,0,0.0,0,0.0,0,0.0
E01001240,2,0,0.0,0,0.0,0,0.0,0,0.0,0,0.0,0,0.0,0,0.0,0,0.0,0,0.0,0,0.0,0,0.0,0,0.0
E01001241,3,0,0.0,0,0.0,0,0.0,0,0.0,0,0.0,0,0.0,0,0.0,0,0.0,0,0.0,0,0.0,0,0.0,0,0.0
E01001242,1,0,0.0,0,0.0,0,0.0,0,0.0,0,0.0,0,0.0,0,0.0,0,0.0,0,0.0,0,0.0,0,0.0,0,0.0
E01001243,2,0,0.0,0,0.0,0,0.0,0,0.0,0,0.0,0,0.0,0,0.0,0,0.0,0,0.0,0,0.0,0,0.0,0,0.0
E01001244,1,0,0.0,0,0.0,0,0.0,0,0.0,0,0.0,0,0.0,0,0.0,0,0.0,0,0.0,0,0.0,0,0.0,0,0.0
E01001245,4,0,0.0,0,0.0,0,0.0,0,0.0,0,0.0,0,0.0,0,0.0,0,0.0,0,0.0,0,0.0,0,0.0,0,0.0
E01001246,3,0,0.0,0,0.0,0,0.0,0,0.0,0,0.0,0,0.0,0,0.0,0,0.0,0,0.0,0,0.0,0,0.0,0,0.0
E01001247,1,0,0.0,0,0.0,0,0.0,0,0.0,0,0.0,0,0.0,0,0.0,0,0.0,0,0.0,0,0.0,0,0.0,0,0.0
E01001248,3,0,23.736606,0,23.736606,0,23.736606,0,23.604183,0,23.604183,1,7.5295268,0,23.357666,1,7.2830106,1,6.9705774,0,13.852808,0,13.852808,0,13.852808
E01001249,0,3,13.846812,3,13.846812,0,62.070779,0,63.385996,0,63.385996,0,63.385996,0,65.834374,0,65.834374,4,1.5357507,0,68.066777,0,68.066777,4,3.7681539
E01001250,2,0,37.815629,0,37.815629,0,37.815629,0,39.332252,0,39.332252,0,39.332252,0,42.155562,0,42.155562,2,10.00625,0,44.729824,0,44.729824,0,44.729824
E01001251,1,0,61.30893,0,61.30893,0,61.30893,0,61.113669,0,61.113669,0,61.113669,0,60.750175,0,60.750175,3,12.526208,0,60.418746,0,60.418746,0,60.418746
E01001252,2,0,56.036353,0,56.036353,0,56.036353,0,57.02718,0,57.02718,0,57.02718,0,58.87168,0,58.87168,3,10.647712,0,60.553474,0,60.553474,0,60.553474
E01001253,3,0,39.115589,0,39.115589,0,39.115589,0,39.227592,0,39.227592,0,39.227592,0,39.436094,0,39.436094,2,7.286782,0,39.626203,0,39.626203,0,39.626203
E01001254,0,0,77.274351,0,77.274351,4,12.975728,0,76.72496,0,76.72496,4,12.426337,0,75.702226,0,75.702226,4,11.403603,0,74.769709,0,74.769709,4,10.471086
E01001255,1,0,58.619103,0,58.619103,0,58.619103,0,57.832955,0,57.832955,0,57.832955,0,56.369477,0,56.369477,3,8.1455098,0,55.035095,0,55.035095,0,55.035095
E01001257,1,0,69.995149,0,69.995149,4,5.6965263,0,72.264018,4,7.9653947,4,7.9653947,0,76.487693,0,76.487693,4,12.18907,0,80.338792,0,80.338792,0,80.338792
E01001258,0,0,90.090584,5,9.7173055,5,9.7173055,0,90.680838,5,10.307559,5,10.307559,0,91.779641,5,11.406362,5,11.406362,0,92.781516,5,12.408237,5,12.408237
E01001259,1,0,52.343582,3,4.1196145,3,4.1196145,0,52.858606,3,4.634639,3,4.634639,0,53.817365,3,5.5933972,3,5.5933972,0,54.691549,3,6.467582,3,6.467582
E01001260,1,0,77.031513,0,77.031513,4,12.73289,0,77.559755,0,77.559755,4,13.261132,0,78.543119,0,78.543119,4,14.244496,0,79.439739,0,79.439739,4,15.141115
E01001261,2,0,56.99962,3,8.7756527,3,8.7756527,0,57.792487,0,57.792487,3,9.5685192,0,59.268469,0,59.268469,3,11.044502,0,60.614254,0,60.614254,3,12.390286
E01001262,4,0,4.1672422,0,4.1672422,0,4.1672422,0,5.1703377,0,5.1703377,0,5.1703377,0,7.0376779,0,7.0376779,0,7.0376779,0,8.7402975,0,8.7402975,0,8.7402975
E01001263,1,0,73.416657,0,73.416657,4,9.1180337,0,75.251758,0,75.251758,4,10.953135,0,78.667941,0,78.667941,4,14.369318,0,81.782778,0,81.782778,5,1.4094992
E01001264,0,0,88.080195,5,7.7069159,5,7.7069159,0,89.233141,5,8.8598617,5,8.8598617,0,91.379439,5,11.00616,5,11.00616,0,93.336409,5,12.963131,5,12.963131
E01001265,1,0,66.351318,0,66.351318,4,2.0526951,0,66.915485,0,66.915485,4,2.6168615,0,67.965724,0,67.965724,4,3.667101,0,68.923321,4,4.6246974,4,4.6246974
E01001266,1,0,75.146773,4,10.84815,4,10.84815,0,75.432882,4,11.134259,4,11.134259,0,75.965498,4,11.666874,4,11.666874,0,76.45113,4,12.152507,0,76.45113
E01001267,0,0,82.300325,0,82.300325,5,1.9270458,0,83.59445,5,3.2211711,5,3.2211711,0,86.003565,5,5.630286,5,5.630286,0,88.200169,5,7.8268896,5,7.8268896
E01001268,1,0,84.985851,5,4.6125721,5,4.6125721,0,84.898494,5,4.5252148,5,4.5252148,0,84.735871,5,4.3625923,5,4.3625923,0,84.587594,5,4.214315,5,4.214315
E01001269,0,6,2.4381043,6,2.4381043,6,2.4381043,6,2.7000062,6,2.7000062,6,2.7000062,6,3.187557,6,3.187557,6,3.187557,6,3.6321002,6,3.6321002,6,3.6321002
E01001270,1,0,77.65976,0,77.65976,4,13.361137,0,77.752523,0,77.752523,4,13.4539,0,77.925209,0,77.925209,4,13.626586,0,78.082662,0,78.082662,4,13.784039
E01001271,1,0,69.492552,0,69.492552,4,5.1939289,0,70.671052,4,6.3724288,4,6.3724288,0,72.864921,4,8.5662979,4,8.5662979,0,74.865266,0,74.865266,4,10.566643
E01001272,2,0,44.426368,0,44.426368,2,12.277056,0,44.584346,2,12.435035,2,12.435035,0,44.878435,2,12.729123,2,12.729123,0,45.146582,2,12.99727,2,12.99727
E01001273,2,0,0.0,0,0.0,0,0.0,0,0.0,0,0.0,0,0.0,0,0.0,0,0.0,0,0.0,0,0.0,0,0.0,0,0.0
E01001274,1,0,0.0,0,0.0,0,0.0,0,0.0,0,0.0,0,0.0,0,0.0,0,0.0,0,0.0,0,0.0,0,0.0,0,0.0
E01001275,2,0,0.0,0,0.0,0,0.0,0,0.0,0,0.0,0,0.0,0,0.0,0,0.0,0,0.0,0,0.0,0,0.0,0,0.0
E01001276,1,0,0.0,0,0.0,0,0.0,0,0.0,0,0.0,0,0.0,0,0.0,0,0.0,0,0.0,0,0.0,0,0.0,0,0.0
E01001277,1,0,41.111261,0,41.111261,0,41.111261,0,43.842101,0,43.842101,0,43.842101,0,48.925771,0,48.925771,3,0.0,0,40.992603,0,40.992603,0,40.992603
E01001278,6,0,0.0,0,0.0,0,0.0,0,0.0,0,0.0,0,0.0,0,0.0,0,0.0,0,0.0,0,0.0,0,0.0,0,0.0
E01001279,3,0,39.479279,0,39.479279,0,39.479279,0,37.957132,0,37.957132,0,37.957132,0,35.123536,0,35.123536,0,35.123536,0,32.539896,0,32.539896,2,0.39058401
E01001280,2,0,0.0,0,0.0,0,0.0,0,0.0,0,0.0,0,0.0,0,0.0,0,0.0,0,0.0,0,0.0,0,0.0,0,0.0
E01001281,1,0,63.210084,0,63.210084,0,63.210084,0,61.698829,0,61.698829,0,61.698829,0,58.267623,0,58.267623,0,58.267623,0,55.139089,0,55.139089,3,6.9151212
E01001282,2,0,38.790466,0,38.790466,0,38.790466,0,40.016712,0,40.016712,0,40.016712,0,42.299463,0,42.299463,0,42.299463,0,44.38085,0,44.38085,0,44.38085
E01001283,2,0,33.942247,0,33.942247,0,33.942247,0,34.975049,0,34.975049,0,34.975049,0,36.897691,0,36.897691,0,36.897691,0,38.650735,0,38.650735,0,38.650735
E01001284,2,0,47.144429,2,14.995118,0,47.144429,0,46.859235,0,46.859235,0,46.859235,0,46.328323,0,46.328323,0,46.328323,0,45.844243,0,45.844243,0,45.844243
E01001285,3,0,24.024409,0,24.024409,0,24.024409,0,24.90667,0,24.90667,0,24.90667,0,26.549067,0,26.549067,0,26.549067,0,28.046586,0,28.046586,0,28.046586
E01001286,0,0,66.719805,0,66.719805,0,66.719805,0,67.371789,0,67.371789,4,3.0731655,0,68.585506,0,68.585506,4,4.2868833,0,69.692161,0,69.692161,4,5.3935374
E01001287,1,0,42.096894,0,42.096894,0,42.096894,0,42.551815,0,42.551815,2,10.402504,0,43.398686,0,43.398686,0,43.398686,0,44.170853,0,44.170853,0,44.170853
E01001288,0,0,62.699026,0,62.699026,0,62.699026,0,62.889559,0,62.889559,0,62.889559,0,63.24425,0,63.24425,0,63.24425,0,63.567654,0,63.567654,0,63.567654
E01001289,1,0,45.324474,0,45.324474,0,45.324474,0,45.439159,0,45.439159,0,45.439159,0,45.652656,0,45.652656,0,45.652656,0,45.847319,0,45.847319,0,45.847319
E01001290,2,0,61.084522,0,61.084522,0,61.084522,0,60.931147,0,60.931147,0,60.931147,0,60.645628,0,60.645628,0,60.645628,0,60.385294,0,60.385294,0,60.385294
E01001291,0,0,84.436364,0,84.436364,5,4.0630847,0,85.088445,0,85.088445,5,4.715166,0,86.302345,5,5.9290659,5,5.9290659,0,87.409165,5,7.035886,5,7.035886
E01001292,1,0,68.738656,0,68.738656,4,4.4400328,0,68.8888,0,68.8888,0,68.8888,0,69.168305,0,69.168305,0,69.168305,0,69.423155,0,69.423155,0,69.423155
E01001293,0,0,84.059416,5,3.6861367,5,3.6861367,0,84.528128,5,4.1548489,5,4.1548489,0,85.400672,5,5.0273932,5,5.0273932,0,86.196248,5,5.8229692,5,5.8229692
E01001294,0,0,96.247403,0,96.247403,5,15.874124,0,96.765291,6,0.31735601,6,0.31735601,0,97.72938,6,1.281445,6,1.281445,0,98.608425,6,2.1604904,6,2.1604904
E01001295,0,0,88.582792,0,88.582792,5,8.2095133,0,88.540797,5,8.1675179,5,8.1675179,0,88.462619,5,8.0893402,5,8.0893402,0,88.391338,5,8.0180586,5,8.0180586
E01001296,0,0,67.850649,4,3.5520262,4,3.5520262,0,68.368022,4,4.0693991,4,4.0693991,0,69.331152,4,5.032529,4,5.032529,0,70.209323,4,5.9106998,4,5.9106998
E01001297,2,0,39.345169,0,39.345169,2,7.1958574,0,40.343801,0,40.343801,2,8.1944895,0,42.202832,0,42.202832,2,10.053521,0,43.897876,2,11.748564,0,43.897876
E01001298,1,0,66.212614,0,66.212614,4,1.9139909,0,66.872187,0,66.872187,4,2.5735643,0,68.100035,0,68.100035,4,3.8014115,0,69.219572,0,69.219572,4,4.9209487
E01001299,3,0,0.0,0,0.0,0,0.0,0,0.0,0,0.0,0,0.0,0,0.0,0,0.0,0,0.0,0,0.0,0,0.0,0,0.0
E01001300,0,0,0.0,0,0.0,0,0.0,0,0.0,0,0.0,0,0.0,0,0.0,0,0.0,0,0.0,0,0.0,0,0.0,0,0.0
E01001301,2,0,0.0,0,0.0,0,0.0,0,0.0,0,0.0,0,0.0,0,0.0,0,0.0,0,0.0,0,0.0,0,0.0,0,0.0
E01001302,2,0,0.0,0,0.0,0,0.0,0,0.0,0,0.0,0,0.0,0,0.0,0,0.0,0,0.0,0,0.0,0,0.0,0,0.0
E01001303,5,0,0.0,0,0.0,0,0.0,0,0.0,0,0.0,0,0.0,0,0.0,0,0.0,0,0.0,0,0.0,0,0.0,0,0.0
E01001304,6,0,0.0,0,0.0,0,0.0,0,0.0,0,0.0,0,0.0,0,0.0,0,0.0,0,0.0,0,0.0,0,0.0,0,0.0
E01001305,5,0,0.0,0,0.0,0,0.0,0,0.0,0,0.0,0,0.0,0,0.0,0,0.0,0,0.0,0,0.0,0,0.0,0,0.0
E01001306,1,0,0.0,0,0.0,0,0.0,0,0.0,0,0.0,0,0.0,0,0.0,0,0.0,0,0.0,0,0.0,0,0.0,0,0.0
E01001307,3,0,53.165663,3,4.9416954,3,4.9416954,0,53.196746,3,4.9727784,3,4.9727784,0,53.254609,3,5.0306418,3,5.0306418,0,53.307368,0,53.307368,3,5.0834011
E01001308,0,6,5.3280393,6,5.3280393,6,5.3280393,6,4.9023946,6,4.9023946,6,4.9023946,6,4.1100239,6,4.1100239,6,4.1100239,6,3.3875493,6,3.3875493,6,3.3875493
E01001309,2,0,63.846792,0,63.846792,0,63.846792,0,64.485105,0,64.485105,4,0.18648173,0,65.673373,4,1.3747501,4,1.3747501,0,66.756823,4,2.4581997,4,2.4581997
E01001310,1,0,87.711708,0,87.711708,5,7.3384289,0,87.571356,0,87.571356,5,7.1980773,0,87.310081,5,6.9368017,5,6.9368017,0,87.071853,0,87.071853,5,6.6985736
E01001311,1,0,90.739098,5,10.36582,5,10.36582,0,91.824571,0,91.824571,5,11.451292,0,93.845261,5,13.471982,5,13.471982,0,95.687704,5,15.314425,5,15.314425
E01001312,2,0,55.124674,3,6.9007069,3,6.9007069,0,55.321756,3,7.0977888,3,7.0977888,0,55.688639,3,7.464672,3,7.464672,0,56.023159,0,56.023159,3,7.799192
E01001313,0,0,80.038636,4,15.740013,4,15.740013,0,80.453688,5,0.08040886,5,0.08040886,0,81.226338,5,0.85305933,5,0.85305933,0,81.930832,5,1.5575532,5,1.5575532
E01001314,0,0,79.033442,4,14.734818,4,14.734818,0,79.2659,0,79.2659,4,14.967277,0,79.698639,0,79.698639,4,15.400016,0,80.093206,0,80.093206,0,80.093206
E01001315,0,0,70.740584,0,70.740584,4,6.4419613,0,71.03839,0,71.03839,4,6.7397667,0,71.592778,0,71.592778,4,7.2941547,0,72.098263,0,72.098263,4,7.7996394
E01001316,5,0,0.0,0,0.0,0,0.0,0,0.0,0,0.0,0,0.0,0,0.0,0,0.0,0,0.0,0,0.0,0,0.0,0,0.0
E01001317,2,0,66.013453,0,66.013453,4,1.71483,0,67.537848,4,3.2392253,4,3.2392253,0,70.375629,4,6.0770058,4,6.0770058,0,72.963085,4,8.6644619,4,8.6644619
E01001318,0,0,66.839356,0,66.839356,4,2.5407333,0,70.339172,0,70.339172,4,6.0405491,0,76.854351,0,76.854351,4,12.555728,0,82.794818,0,82.794818,5,2.4215386
E01001319,1,0,62.456188,0,62.456188,3,14.232221,0,62.756137,0,62.756137,3,14.53217,0,63.314514,0,63.314514,3,15.090547,0,63.823636,0,63.823636,3,15.599669
E01001320,0,0,62.573377,0,62.573377,0,62.573377,0,64.119059,0,64.119059,0,64.119059,0,66.996466,0,66.996466,4,2.6978427,0,69.620053,4,5.3214298,0,69.620053
E01001321,1,0,93.491578,0,93.491578,5,13.118299,0,94.369806,0,94.369806,5,13.996527,0,96.004695,0,96.004695,6,0.0,0,97.495369,6,1.0474344,6,1.0474344
E01001322,1,0,77.53411,0,77.53411,4,13.235487,0,78.531062,0,78.531062,4,14.232439,0,80.386965,5,0.01368599,5,0.01368599,0,82.079156,0,82.079156,5,1.7058771
E01001323,2,0,59.323416,0,59.323416,3,11.099448,0,60.3601,0,60.3601,3,12.136133,0,62.289969,0,62.289969,3,13.622763,0,64.049602,0,64.049602,3,15.825634
E01001324,0,0,68.353247,4,4.0546236,4,4.0546236,0,69.754892,0,69.754892,4,5.4562693,0,72.364165,0,72.364165,4,8.0655417,0,74.74327,0,74.74327,4,10.444647
E01001325,2,0,73.651176,4,9.3525524,4,9.3525524,0,74.519867,0,74.519867,4,10.221244,0,76.137005,4,11.838382,4,11.838382,0,77.611492,0,77.611492,4,13.312869
E01001326,3,0,36.827069,0,36.827069,0,36.827069,0,38.388532,0,38.388532,0,38.388532,0,41.295315,0,41.295315,2,9.1460036,0,43.945687,0,43.945687,2,11.796376
E01001327,2,0,53.165886,0,53.165886,3,4.9419186,0,54.307614,0,54.307614,3,6.0836469,0,56.43303,0,56.43303,3,8.2090629,0,58.37096,0,58.37096,3,10.146993
E01001328,4,0,13.892797,0,13.892797,0,13.892797,0,15.374103,0,15.374103,0,15.374103,0,18.131669,0,18.131669,1,2.0570135,0,20.645987,0,20.645987,1,4.5713311
E01001329,1,0,81.680539,0,81.680539,5,1.3072601,0,82.817042,0,82.817042,5,2.4437628,0,84.93273,0,84.93273,5,4.559451,0,86.86179,0,86.86179,5,6.4885114
E01001330,1,0,56.408878,0,56.408878,3,8.1849106,0,58.934956,0,58.934956,3,10.710989,0,63.637447,0,63.637447,3,15.41348,0,67.925125,0,67.925125,4,3.6265018
E01001331,2,0,39.497765,0,39.497765,2,7.3484536,0,41.414405,0,41.414405,2,9.2650932,0,44.982378,0,44.982378,2,12.833067,0,48.235616,0,48.235616,3,0.011648569
E01001332,2,0,26.277636,0,26.277636,1,10.202981,0,27.675283,0,27.675283,1,11.600627,0,30.27711,1,14.202454,1,14.202454,0,32.649426,0,32.649426,2,0.50011466
E01001333,2,0,29.583137,1,13.508481,0,29.583137,0,31.108046,0,31.108046,0,31.108046,0,33.946784,0,33.946784,2,1.7974719,0,36.535112,0,36.535112,0,36.535112
E01001334,1,0,45.472958,0,45.472958,0,45.472958,0,46.975284,0,46.975284,2,14.825973,0,49.771981,0,49.771981,3,1.5480135,0,52.321977,0,52.321977,3,4.0980097
E01001335,2,0,71.379651,0,71.379651,4,7.0810281,0,71.53262,0,71.53262,4,7.2339969,0,71.817383,0,71.817383,4,7.5187603,0,72.077027,0,72.077027,4,7.7784043
E01001336,1,0,69.749838,0,69.749838,4,5.4512152,0,70.529888,0,70.529888,4,6.2312648,0,71.982011,0,71.982011,4,7.6833879,0,73.30604,4,9.0074171,4,9.0074171
E01001337,0,0,83.054221,0,83.054221,5,2.6809419,0,83.314714,0,83.314714,5,2.9414356,0,83.799644,0,83.799644,5,3.4263649,0,84.241797,5,3.8685179,5,3.8685179
E01001338,0,0,72.625325,0,72.625325,4,8.3267015,0,73.78149,0,73.78149,4,9.4828668,0,75.933781,0,75.933781,4,11.635158,0,77.896216,0,77.896216,4,13.597593
E01001339,1,0,82.30631,0,82.30631,5,1.9330311,0,83.632491,0,83.632491,5,3.2592119,0,86.101279,0,86.101279,5,5.7280004,0,88.352293,0,88.352293,5,7.9790138
E01001340,1,0,42.477942,0,42.477942,2,10.32863,0,43.758607,0,43.758607,2,11.609295,0,46.142665,0,46.142665,2,13.993354,0,48.316423,0,48.316423,3,0.092455193
E01001341,3,0,33.366258,0,33.366258,2,1.2169467,0,33.956551,0,33.956551,2,1.8072395,0,35.055427,0,35.055427,2,2.9061154,0,36.05737,0,36.05737,2,3.908058
E01001342,0,0,86.069805,5,5.6965263,5,5.6965263,0,86.95287,5,6.5795912,5,6.5795912,0,88.596764,5,8.2234853,5,8.2234853,0,90.095648,5,9.7223692,5,9.7223692
E01001343,0,0,73.379221,4,9.0805976,4,9.0805976,0,73.659493,4,9.3608695,4,9.3608695,0,74.181241,4,9.8826174,4,9.8826174,0,74.656964,4,10.358341,4,10.358341
E01001344,1,0,90.270819,0,90.270819,5,9.8975397,0,92.005304,5,11.632025,5,11.632025,0,95.234184,5,14.860905,5,14.860905,0,98.17824,6,1.7303049,6,1.7303049
E01001345,1,0,64.215279,0,64.215279,0,64.215279,0,64.835339,0,64.835339,0,64.835339,0,65.989627,0,65.989627,0,65.989627,0,67.042095,0,67.042095,4,2.7434717
E01001346,0,6,2.5637536,6,2.5637536,6,2.5637536,6,3.7921579,0,100.24009,6,3.7921579,6,6.0789279,6,6.0789279,6,6.0789279,6,8.1639789,6,8.1639789,6,8.1639789
E01001347,2,0,58.826172,0,58.826172,0,58.826172,0,59.999262,0,59.999262,0,59.999262,0,62.183059,0,62.183059,0,62.183059,0,64.17422,0,64.17422,3,15.950253
E01001348,3,0,26.946483,0,26.946483,0,26.946483,0,28.539268,0,28.539268,0,28.539268,0,31.504362,0,31.504362,1,15.429706,0,34.2079,0,34.2079,2,2.0585888
E01001349,1,0,50.268201,0,50.268201,0,50.268201,0,51.363195,0,51.363195,0,51.363195,0,53.401612,0,53.401612,0,53.401612,0,55.260216,0,55.260216,0,55.260216
E01001350,1,0,0.0,0,0.0,0,0.0,0,0.0,0,0.0,0,0.0,0,0.0,0,0.0,0,0.0,0,0.0,0,0.0,0,0.0
E01001351,2,0,0.0,0,0.0,0,0.0,0,0.0,0,0.0,0,0.0,0,0.0,0,0.0,0,0.0,0,0.0,0,0.0,0,0.0
E01001352,4,0,0.0,0,0.0,0,0.0,0,0.0,0,0.0,0,0.0,0,0.0,0,0.0,0,0.0,0,0.0,0,0.0,0,0.0
E01001353,1,0,0.0,0,0.0,0,0.0,0,0.0,0,0.0,0,0.0,0,0.0,0,0.0,0,0.0,0,0.0,0,0.0,0,0.0
E01001354,4,0,0.0,0,0.0,0,0.0,0,0.0,0,0.0,0,0.0,0,0.0,0,0.0,0,0.0,0,0.0,0,0.0,0,0.0
E01001355,2,0,0.0,0,0.0,0,0.0,0,0.0,0,0.0,0,0.0,0,0.0,0,0.0,0,0.0,0,0.0,0,0.0,0,0.0
E01001356,0,0,0.0,0,0.0,0,0.0,0,0.0,0,0.0,0,0.0,0,0.0,0,0.0,0,0.0,0,0.0,0,0.0,0,0.0
E01001357,3,0,0.0,0,0.0,0,0.0,0,0.0,0,0.0,0,0.0,0,0.0,0,0.0,0,0.0,0,0.0,0,0.0,0,0.0
E01001358,0,0,0.0,0,0.0,0,0.0,0,0.0,0,0.0,0,0.0,0,0.0,0,0.0,0,0.0,0,0.0,0,0.0,0,0.0
E01001359,2,0,39.205371,0,39.205371,2,7.0560592,0,40.167236,0,40.167236,0,40.167236,0,41.957822,0,41.957822,2,9.8085107,0,43.590459,0,43.590459,0,43.590459
E01001360,1,0,52.52989,3,4.3059223,0,52.52989,0,52.885648,0,52.885648,3,4.6616807,0,53.54792,0,53.54792,0,53.54792,0,54.151772,0,54.151772,0,54.151772
E01001361,2,0,22.633805,1,6.5591495,0,22.633805,0,23.489893,0,23.489893,1,7.4152368,0,25.083565,0,25.083565,0,25.083565,0,26.536658,0,26.536658,0,26.536658
E01001362,1,0,54.917227,0,54.917227,0,54.917227,0,56.372981,0,56.372981,0,56.372981,0,59.082979,0,59.082979,3,10.859011,0,61.553924,0,61.553924,0,61.553924
E01001363,2,0,28.03577,0,28.03577,1,11.961114,0,29.01151,0,29.01151,0,29.01151,0,30.827927,0,30.827927,1,14.753271,0,32.484115,0,32.484115,0,32.484115
E01001364,0,0,56.542208,0,56.542208,3,8.3182404,0,57.751315,0,57.751315,0,57.751315,0,60.002161,0,60.002161,3,11.778193,0,62.054457,0,62.054457,0,62.054457
E01001365,1,0,68.989955,0,68.989955,0,68.989955,0,69.970616,0,69.970616,0,69.970616,0,71.796193,0,71.796193,4,7.4975696,0,73.460733,4,9.1621099,4,9.1621099
E01001366,2,0,42.235104,0,42.235104,2,10.085792,0,43.375722,0,43.375722,0,43.375722,0,45.499071,0,45.499071,2,13.34976,0,47.435117,0,47.435117,2,15.285805
E01001367,1,0,32.931903,0,32.931903,0,32.931903,0,34.825851,0,34.825851,0,34.825851,0,38.351581,0,38.351581,2,6.2022698,0,41.566302,0,41.566302,2,9.4169908
E01001368,0,0,66.342857,0,66.342857,4,2.044234,0,67.088264,0,67.088264,0,67.088264,0,68.475898,0,68.475898,4,4.177275,0,69.741127,0,69.741127,4,5.4425035
E01001369,1,0,38.080214,0,38.080214,0,38.080214,0,39.143149,0,39.143149,0,39.143149,0,41.121884,0,41.121884,2,8.9725724,0,42.926072,0,42.926072,2,10.776761
E01001370,1,0,62.958786,0,62.958786,3,14.734818,0,63.646263,0,63.646263,3,15.422296,0,64.926057,0,64.926057,4,0.62743357,0,66.092958,0,66.092958,4,1.7943345
E01001371,1,0,54.41463,0,54.41463,3,6.1906626,0,55.681238,3,7.4572702,3,7.4572702,0,58.039126,0,58.039126,3,9.8151589,0,60.189022,0,60.189022,3,11.965055
E01001372,2,0,34.193546,0,34.193546,0,34.193546,0,35.236749,0,35.236749,0,35.236749,0,37.178753,0,37.178753,2,5.0294414,0,38.94945,0,38.94945,2,6.8001387
E01001373,4,0,0.0,0,0.0,0,0.0,0,0.0,0,0.0,0,0.0,0,0.0,0,0.0,0,0.0,0,0.0,0,0.0,0,0.0
E01001374,1,0,0.0,0,0.0,0,0.0,0,0.0,0,0.0,0,0.0,0,0.0,0,0.0,0,0.0,0,0.0,0,0.0,0,0.0
E01001375,6,0,0.0,0,0.0,0,0.0,0,0.0,0,0.0,0,0.0,0,0.0,0,0.0,0,0.0,0,0.0,0,0.0,0,0.0
E01001376,4,0,0.0,0,0.0,0,0.0,0,0.0,0,0.0,0,0.0,0,0.0,0,0.0,0,0.0,0,0.0,0,0.0,0,0.0
E01001377,8,0,0.0,0,0.0,0,0.0,0,0.0,0,0.0,0,0.0,0,0.0,0,0.0,0,0.0,0,0.0,0,0.0,0,0.0
E01001379,7,0,0.0,0,0.0,0,0.0,0,0.0,0,0.0,0,0.0,0,0.0,0,0.0,0,0.0,0,0.0,0,0.0,0,0.0
E01001380,4,0,0.0,0,0.0,0,0.0,0,0.0,0,0.0,0,0.0,0,0.0,0,0.0,0,0.0,0,0.0,0,0.0,0,0.0
E01001381,1,0,0.0,0,0.0,0,0.0,0,0.0,0,0.0,0,0.0,0,0.0,0,0.0,0,0.0,0,0.0,0,0.0,0,0.0
E01001382,5,0,0.0,0,0.0,0,0.0,0,0.0,0,0.0,0,0.0,0,0.0,0,0.0,0,0.0,0,0.0,0,0.0,0,0.0
E01001383,3,0,25.342943,0,25.342943,0,25.342943,0,24.719408,0,24.719408,0,24.719408,0,23.558649,0,23.558649,0,23.558649,0,22.500283,0,22.500283,0,22.500283
E01001384,1,0,26.340138,0,26.340138,0,26.340138,0,11.255147,0,11.255147,0,11.255147,0,0.0,0,0.0,0,0.0,0,0.0,0,0.0,0,0.0
E01001385,3,0,0.0,0,0.0,0,0.0,0,0.0,0,0.0,0,0.0,0,0.0,0,0.0,0,0.0,0,0.0,0,0.0,0,0.0
E01001386,1,0,0.0,0,0.0,0,0.0,0,0.0,0,0.0,0,0.0,0,0.0,0,0.0,0,0.0,0,0.0,0,0.0,0,0.0
E01001387,4,0,0.0,0,0.0,0,0.0,0,0.0,0,0.0,0,0.0,0,0.0,0,0.0,0,0.0,0,0.0,0,0.0,0,0.0
E01001388,3,0,0.75795351,0,0.75795351,0,0.75795351,0,1.8866453,0,1.8866453,0,1.8866453,0,3.9877928,0,3.9877928,0,3.9877928,0,5.9035952,0,5.9035952,0,5.9035952
E01001389,2,0,33.427448,0,33.427448,0,33.427448,0,33.991472,0,33.991472,0,33.991472,0,35.041448,0,35.041448,0,35.041448,0,35.998805,0,35.998805,0,35.998805
E01001390,6,0,0.0,0,0.0,0,0.0,0,0.0,0,0.0,0,0.0,0,0.0,0,0.0,0,0.0,0,0.0,0,0.0,0,0.0
E01001391,0,0,48.413271,0,48.413271,0,48.413271,0,49.463656,3,1.2396887,3,1.2396887,0,51.41903,0,51.41903,0,51.41903,0,53.201917,0,53.201917,0,53.201917
E01001392,3,0,0.0,0,0.0,0,0.0,0,0.0,0,0.0,0,0.0,0,0.0,0,0.0,0,0.0,0,0.0,0,0.0,0,0.0
E01001393,5,0,0.0,0,0.0,0,0.0,0,0.0,0,0.0,0,0.0,0,0.0,0,0.0,0,0.0,0,0.0,0,0.0,0,0.0
E01001394,7,0,0.0,0,0.0,0,0.0,0,0.0,0,0.0,0,0.0,0,0.0,0,0.0,0,0.0,0,0.0,0,0.0,0,0.0
E01001395,0,0,67.725,0,67.725,4,3.4263769,0,69.100546,4,4.8019224,0,69.100546,0,71.66123,4,7.3626073,4,7.3626073,0,73.996034,0,73.996034,4,9.6974108
E01001396,0,0,17.934176,0,17.934176,0,17.934176,0,18.799064,1,2.7244086,0,18.799064,0,20.409121,0,20.409121,0,20.409121,0,21.877153,0,21.877153,0,21.877153
E01001397,0,0,88.457143,5,8.0838639,5,8.0838639,0,89.994821,5,9.6215418,5,9.6215418,0,92.857328,5,12.484049,5,12.484049,5,15.09405,0,95.467329,5,15.09405
E01001398,0,0,82.802922,5,2.4296432,5,2.4296432,0,81.785984,5,1.4127052,5,1.4127052,0,79.892875,0,79.892875,4,15.594252,0,78.16676,4,13.868137,4,13.868137
E01001399,0,0,86.698052,5,6.324773,5,6.324773,0,85.768638,5,5.3953591,5,5.3953591,0,84.038462,5,3.6651829,5,3.6651829,0,82.460907,5,2.0876279,5,2.0876279
E01001400,0,0,95.242208,5,14.868929,5,14.868929,0,94.407077,5,14.033798,5,14.033798,0,92.852415,5,12.479137,5,12.479137,0,91.434893,5,11.061614,5,11.061614
E01001401,0,0,78.153896,4,13.855273,4,13.855273,0,77.994823,4,13.6962,4,13.6962,0,77.698696,4,13.400073,4,13.400073,0,77.428691,4,13.130068,4,13.130068
E01001402,0,7,0.3105264,7,0.3105264,7,0.3105264,6,15.660055,6,15.660055,6,15.660055,6,14.310175,6,14.310175,6,14.310175,6,13.079369,6,13.079369,6,13.079369
E01001403,1,0,79.670148,4,15.371525,4,15.371525,0,79.587385,0,79.587385,0,79.587385,0,79.433317,0,79.433317,4,15.134694,0,79.292839,4,14.994215,4,14.994215
E01001404,0,0,87.451948,5,7.0786691,5,7.0786691,0,87.76037,5,7.3870907,5,7.3870907,0,88.33452,5,7.9612415,5,7.9612415,0,88.858025,5,8.4847457,5,8.4847457
E01001405,0,0,96.247403,0,96.247403,5,15.874124,0,96.154814,5,15.781535,5,15.781535,0,95.982452,5,15.609174,5,15.609174,5,15.452016,5,15.452016,5,15.452016
E01001406,2,0,54.164711,3,5.9407432,3,5.9407432,0,54.688108,3,6.4641403,3,6.4641403,0,55.662452,0,55.662452,3,7.4384846,0,56.550848,0,56.550848,3,8.3268807
E01001407,0,0,97.880844,6,1.4329095,6,1.4329095,0,98.015916,6,1.5679816,6,1.5679816,0,98.267364,6,1.8194289,6,1.8194289,0,98.49663,0,98.49663,6,2.0486957
E01001408,2,0,57.830919,0,57.830919,3,9.6069512,0,57.410704,3,9.1867364,3,9.1867364,0,56.628441,3,8.4044738,3,8.4044738,3,7.6912157,0,55.915183,3,7.6912157
E01001409,0,6,3.6945978,6,3.6945978,6,3.6945978,6,6.236714,6,6.236714,6,6.236714,0,107.417,6,10.969061,6,10.969061,0,111.7319,0,111.7319,0,111.7319
E01001410,0,0,89.211039,5,8.83776,5,8.83776,0,91.266731,5,10.893453,5,10.893453,0,95.093563,5,14.720284,5,14.720284,0,98.582824,0,98.582824,6,2.1348894
E01001411,1,0,80.550478,0,80.550478,5,0.17719879,0,80.268949,0,80.268949,0,80.268949,0,79.744862,4,15.446239,4,15.446239,4,14.968382,4,14.968382,4,14.968382
E01001412,0,0,117.60779,7,5.0852017,7,5.0852017,0,118.19471,7,5.6721205,7,5.6721205,7,6.7647155,7,6.7647155,7,6.7647155,7,7.7609312,7,7.7609312,7,7.7609312
E01001413,0,6,11.233559,6,11.233559,6,11.233559,0,106.2119,6,9.7639686,6,9.7639686,0,103.47615,6,7.0282122,6,7.0282122,0,100.98172,6,4.5337806,6,4.5337806
E01001414,0,0,67.348052,0,67.348052,4,3.0494288,0,68.98539,4,4.6867668,4,4.6867668,0,72.033422,4,7.7347986,4,7.7347986,0,74.812583,4,10.513959,4,10.513959
E01001415,1,0,117.3728,7,4.8502103,7,4.8502103,0,117.28349,7,4.7609015,7,4.7609015,7,4.5946461,7,4.5946461,7,4.5946461,7,4.4430563,7,4.4430563,7,4.4430563
E01001416,0,0,114.21526,7,1.6926693,7,1.6926693,0,112.34443,0,112.34443,0,112.34443,6,12.413805,6,12.413805,6,12.413805,6,9.2383262,6,9.2383262,6,9.2383262
E01001417,0,0,144.3711,8,15.773858,8,15.773858,0,141.66822,0,141.66822,8,13.070971,8,8.0393381,8,8.0393381,8,8.0393381,8,3.4515522,8,3.4515522,8,3.4515522
E01001418,1,0,83.565279,5,3.1920004,5,3.1920004,0,83.654164,5,3.280885,5,3.280885,5,3.4463506,5,3.4463506,5,3.4463506,0,83.970499,0,83.970499,5,3.5972203
E01001419,1,0,96.600103,6,0.15216789,6,0.15216789,0,96.887529,6,0.43959459,6,0.43959459,6,0.97466174,6,0.97466174,6,0.97466174,0,97.910465,6,1.4625299,6,1.4625299
E01001420,5,0,5.4452276,0,5.4452276,0,5.4452276,0,6.0744856,0,6.0744856,0,6.0744856,0,7.2458984,0,7.2458984,0,7.2458984,0,8.3139792,0,8.3139792,0,8.3139792
E01001421,0,0,71.494481,4,7.1958574,4,7.1958574,0,72.088474,4,7.7898508,4,7.7898508,4,8.8956158,4,8.8956158,4,8.8956158,0,74.202463,4,9.9038397,4,9.9038397
E01001422,0,0,144.24545,8,15.648208,7,31.722864,0,141.23526,0,141.23526,8,12.63801,8,7.0342907,8,7.0342907,8,7.0342907,8,1.9248835,8,1.9248835,8,1.9248835
E01001423,0,0,64.835065,0,64.835065,4,0.5364418,0,66.196201,0,66.196201,4,1.8975774,0,68.73006,0,68.73006,4,4.4314373,0,71.040405,4,6.7417818,4,6.7417818
E01001424,0,0,39.328247,0,39.328247,0,39.328247,0,40.955977,0,40.955977,0,40.955977,0,43.986123,0,43.986123,2,11.836812,0,46.748976,0,46.748976,2,14.599665
E01001425,1,0,0.0,0,0.0,0,0.0,0,24.572151,0,24.572151,0,24.572151,0,36.485336,0,36.485336,2,4.3360245,0,47.347643,0,47.347643,2,15.198331
E01001426,0,0,0.0,0,0.0,0,0.0,0,0.0,0,0.0,0,0.0,0,0.0,0,0.0,0,0.0,0,0.0,0,0.0,0,0.0
E01001427,0,0,0.0,0,0.0,0,0.0,0,0.0,0,0.0,0,0.0,0,0.0,0,0.0,0,0.0,0,0.0,0,0.0,0,0.0
E01001428,0,0,67.348052,0,67.348052,4,3.0494288,0,69.609722,0,69.609722,4,5.3110987,0,73.819996,0,73.819996,4,9.5213729,0,77.658876,4,13.360253,4,13.360253
E01001429,0,0,0.0,0,0.0,0,0.0,0,0.0,0,0.0,0,0.0,0,0.0,0,0.0,0,0.0,0,15.950073,0,15.950073,1,0.0
E01001430,2,0,0.0,0,0.0,0,0.0,0,0.0,0,0.0,0,0.0,0,0.0,0,0.0,0,0.0,0,0.0,0,0.0,0,0.0
E01001431,2,0,0.0,0,0.0,0,0.0,0,0.0,0,0.0,0,0.0,0,0.0,0,0.0,0,0.0,0,0.0,0,0.0,0,0.0
E01001432,7,0,0.0,0,0.0,0,0.0,0,0.0,0,0.0,0,0.0,0,0.0,0,0.0,0,0.0,0,0.0,0,0.0,0,0.0
E01001433,0,0,75.51526,4,11.216637,4,11.216637,0,77.948035,4,13.649412,4,13.649412,0,82.476835,0,82.476835,5,2.1035561,0,86.606143,0,86.606143,5,6.2328645
E01001434,0,0,82.425974,0,82.425974,5,2.0526951,0,83.899026,0,83.899026,5,3.5257475,0,86.641228,0,86.641228,5,6.2679489,0,89.141536,0,89.141536,5,8.7682571
E01001435,0,0,78.530844,4,14.232221,4,14.232221,0,79.77336,0,79.77336,4,15.474737,0,82.086399,5,1.7131201,5,1.7131201,0,84.195402,0,84.195402,5,3.8221231
E01001436,0,0,94.111364,5,13.738085,5,13.738085,0,95.701413,5,15.328134,5,15.328134,0,98.661413,6,2.2134787,6,2.2134787,0,101.36031,0,101.36031,6,4.9123734
E01001437,0,0,0.0,0,0.0,0,0.0,0,0.0,0,0.0,0,0.0,0,0.0,0,0.0,0,0.0,0,0.0,0,0.0,0,0.0
E01001438,0,0,76.394805,4,12.096182,4,12.096182,0,78.184992,4,13.886369,4,13.886369,0,81.517563,5,1.144284,5,1.144284,0,84.556164,0,84.556164,5,4.1828847
E01001439,2,0,46.848178,0,46.848178,2,14.698866,0,49.809404,3,1.5854366,3,1.5854366,0,55.321957,0,55.321957,3,7.0979897,0,60.34824,0,60.34824,3,12.124273
E01001440,0,0,72.499675,0,72.499675,4,8.2010522,0,74.821152,0,74.821152,4,10.522529,0,79.142762,4,14.844139,4,14.844139,0,83.083156,0,83.083156,5,2.7098774
E01001441,0,0,67.096753,4,2.7981301,4,2.7981301,0,69.140467,4,4.8418443,4,4.8418443,0,72.945,4,8.6463772,4,8.6463772,0,76.41393,0,76.41393,4,12.115307
E01001442,0,0,57.170455,0,57.170455,3,8.9464872,0,59.475277,0,59.475277,3,11.25131,0,63.765884,0,63.765884,3,15.541917,0,67.678011,0,67.678011,0,67.678011
E01001444,0,0,93.860065,5,13.486786,5,13.486786,0,95.601571,0,95.601571,5,15.228292,0,98.843521,6,2.3955862,6,2.3955862,0,101.79949,0,101.79949,6,5.351559
E01001445,0,8,4.088468,8,4.088468,8,4.088468,8,7.2624775,8,7.2624775,8,7.2624775,0,141.76839,8,13.171143,8,13.171143,0,147.15584,0,147.15584,9,2.4839412
E01001446,0,0,88.582792,0,88.582792,5,8.2095133,0,90.528924,0,90.528924,5,10.155645,0,94.151799,0,94.151799,5,13.77852,0,97.455095,0,97.455095,6,1.0071601
E01001447,0,0,80.415584,0,80.415584,5,0.0423055,0,83.249486,0,83.249486,5,2.8762069,0,88.525014,0,88.525014,5,8.1517346,0,93.33518,0,93.33518,5,12.961901
E01001448,0,0,78.405195,0,78.405195,4,14.106572,0,80.326651,0,80.326651,0,80.326651,0,83.903592,5,3.5303127,5,3.5303127,0,87.165005,0,87.165005,5,6.7917264
E01001449,0,0,74.887013,0,74.887013,4,10.58839,0,76.503023,0,76.503023,4,12.2044,0,79.511351,4,15.212728,4,15.212728,0,82.25431,0,82.25431,5,1.8810313
E01001450,0,6,13.495247,6,13.495247,6,13.495247,6,14.451595,6,14.451595,6,14.451595,7,0.15725598,7,0.15725598,7,0.15725598,7,1.7805283,7,1.7805283,7,1.7805283
E01001451,0,6,10.479663,6,10.479663,6,10.479663,6,9.6568439,6,9.6568439,6,9.6568439,0,104.57304,6,8.1251029,6,8.1251029,6,6.7284787,6,6.7284787,6,6.7284787
E01001452,0,6,0.8046627,6,0.8046627,6,0.8046627,5,15.428687,5,15.428687,5,15.428687,5,12.728223,5,12.728223,5,12.728223,5,10.265971,5,10.265971,5,10.265971
E01001453,0,7,2.320916,7,2.320916,7,2.320916,7,0.41738419,7,0.41738419,7,0.41738419,6,12.948467,6,12.948467,6,12.948467,6,9.7174784,6,9.7174784,6,9.7174784
E01001454,1,6,0.57955911,6,0.57955911,6,0.57955911,5,15.298269,0,95.671548,5,15.298269,5,12.774071,5,12.774071,5,12.774071,5,10.472535,5,10.472535,0,90.845814
E01001455,0,0,93.734416,5,13.361137,5,13.361137,0,92.839332,5,12.466053,5,12.466053,0,91.173064,5,10.799785,5,10.799785,5,9.2805005,5,9.2805005,5,9.2805005
E01001456,0,0,91.472727,5,11.099448,5,11.099448,0,89.760194,5,9.3869146,5,9.3869146,0,86.572179,5,6.1988999,5,6.1988999,5,3.2921043,5,3.2921043,5,3.2921043
E01001457,0,6,8.5949224,6,8.5949224,6,8.5949224,6,8.4221209,6,8.4221209,6,8.4221209,6,8.1004375,6,8.1004375,6,8.1004375,6,7.8071301,6,7.8071301,6,7.8071301
E01001458,5,0,0.0,0,0.0,0,0.0,0,0.0,0,0.0,0,0.0,0,0.0,0,0.0,0,0.0,0,0.0,0,0.0,0,0.0
E01001459,0,0,76.520455,0,76.520455,4,12.221831,0,78.074642,0,78.074642,4,13.776019,0,80.967884,0,80.967884,5,0.59460486,0,83.605908,5,3.2326295,5,3.2326295
E01001460,0,0,53.777922,0,53.777922,0,53.777922,0,55.321496,0,55.321496,3,7.0975288,0,58.194979,0,58.194979,0,58.194979,0,60.814989,0,60.814989,3,12.591021
E01001461,1,0,44.488415,0,44.488415,2,12.339103,0,47.095486,0,47.095486,2,14.946174,0,51.948751,3,3.7247841,3,3.7247841,0,56.373904,3,8.1499364,3,8.1499364
E01001462,0,0,57.924351,0,57.924351,3,9.7003833,0,59.434326,0,59.434326,3,11.210358,0,62.245261,0,62.245261,3,14.021294,0,64.80824,4,0.50961721,4,0.50961721
E01001463,0,0,80.666883,0,80.666883,5,0.2936042,0,81.998296,0,81.998296,5,1.6250173,0,84.476825,5,4.1035462,5,4.1035462,0,86.73672,5,6.3634408,5,6.3634408
E01001464,0,0,61.191234,0,61.191234,3,12.967266,0,62.487814,0,62.487814,3,14.263846,0,64.901498,4,0.60287497,4,0.60287497,0,67.102268,4,2.803645,4,2.803645
E01001465,0,0,71.243182,0,71.243182,4,6.9445587,0,72.307824,4,8.0092007,4,8.0092007,0,74.289738,4,9.9911147,4,9.9911147,0,76.096824,4,11.798201,4,11.798201
E01001466,4,0,1.5833871,0,1.5833871,0,1.5833871,0,3.1336524,0,3.1336524,0,3.1336524,0,6.0195917,0,6.0195917,0,6.0195917,0,8.6509584,0,8.6509584,0,8.6509584
E01001467,0,0,49.254056,0,49.254056,3,1.030089,0,52.786262,0,52.786262,3,4.5622949,0,59.361738,0,59.361738,3,11.137771,0,65.357182,4,1.058559,4,1.058559
E01001468,0,0,88.331494,5,7.9582146,5,7.9582146,0,88.186183,0,88.186183,5,7.8129042,5,7.5423977,5,7.5423977,5,7.5423977,5,7.2957529,0,87.669032,5,7.2957529
E01001469,0,6,2.0611562,6,2.0611562,6,2.0611562,6,2.1586447,6,2.1586447,6,2.1586447,6,2.3401271,6,2.3401271,6,2.3401271,6,2.5056007,6,2.5056007,6,2.5056007
E01001470,1,0,94.119825,5,13.746546,5,13.746546,0,92.960032,5,12.586753,5,12.586753,5,10.427709,5,10.427709,5,10.427709,5,8.459117,5,8.459117,5,8.459117
E01001471,0,0,121.12597,7,8.6033835,7,8.6033835,0,120.6785,7,8.155912,7,8.155912,7,7.3229089,7,7.3229089,7,7.3229089,7,6.5633861,7,6.5633861,7,6.5633861
E01001472,0,6,0.67901335,6,0.67901335,6,0.67901335,6,0.14012275,6,0.14012275,6,0.14012275,5,15.211592,5,15.211592,5,15.211592,5,14.296898,5,14.296898,5,14.296898
E01001473,0,0,97.001299,6,0.553364,6,0.553364,0,96.690278,6,0.242343,6,0.242343,5,15.738009,0,96.111288,5,15.738009,0,95.583372,5,15.210093,5,15.210093
E01001474,1,7,9.884704,7,9.884704,7,9.884704,7,8.859611,7,8.859611,7,8.859611,7,6.9513208,7,6.9513208,7,6.9513208,7,5.2113635,7,5.2113635,7,5.2113635
E01001475,0,0,124.39286,7,11.870267,7,11.870267,0,122.28249,7,9.7599006,7,9.7599006,7,5.8312901,7,5.8312901,7,5.8312901,7,2.2492277,7,2.2492277,7,2.2492277
E01001476,0,0,79.033442,0,79.033442,4,14.734818,0,81.193948,0,81.193948,5,0.82066885,0,85.215898,5,4.8426191,5,4.8426191,0,88.883067,5,8.5097877,5,8.5097877
E01001477,0,0,0.0,0,0.0,0,0.0,0,0.0,0,0.0,0,0.0,0,0.0,0,0.0,0,0.0,0,0.0,0,0.0,0,0.0
E01001478,0,0,85.944156,5,5.5708769,5,5.5708769,0,86.431764,5,6.058485,5,6.058485,0,87.339484,5,6.9662052,5,6.9662052,0,88.167133,5,7.7938543,5,7.7938543
E01001479,0,0,64.458117,0,64.458117,4,0.15949375,0,66.836594,4,2.5379713,4,2.5379713,0,71.264315,0,71.264315,4,6.9656922,0,75.301461,4,11.002838,4,11.002838
E01001480,0,0,70.740584,4,6.4419613,4,6.4419613,0,72.004805,4,7.7061815,4,7.7061815,0,74.358249,4,10.059626,4,10.059626,0,76.504093,4,12.20547,4,12.20547
E01001481,0,0,0.0,0,0.0,0,0.0,0,0.0,0,0.0,0,0.0,0,0.0,0,0.0,0,0.0,0,0.0,0,0.0,0,0.0
E01001482,1,0,55.109065,0,55.109065,3,6.8850978,0,57.24948,0,57.24948,3,9.0255131,0,61.23403,0,61.23403,3,13.010062,0,64.867096,4,0.56847336,4,0.56847336
E01001483,0,0,0.0,0,0.0,0,0.0,0,0.0,0,0.0,0,0.0,0,0.0,0,0.0,0,0.0,0,0.0,0,0.0,0,0.0
E01001484,0,0,70.237987,4,5.9393639,4,5.9393639,0,71.726258,0,71.726258,4,7.4276353,0,74.496791,0,74.496791,4,10.198168,0,77.022932,0,77.022932,4,12.724309
E01001485,9,0,0.0,0,0.0,0,0.0,0,0.0,0,0.0,0,0.0,0,0.0,0,0.0,0,0.0,0,0.0,0,0.0,0,0.0
E01001486,9,0,0.0,0,0.0,0,0.0,0,0.0,0,0.0,0,0.0,0,0.0,0,0.0,0,0.0,0,0.0,0,0.0,0,0.0
E01001487,0,0,36.047814,0,36.047814,2,3.8985028,0,50.507274,0,50.507274,3,2.2833066,0,65.41884,0,65.41884,4,1.1202166,0,68.820832,4,4.5222094,4,4.5222094
E01001488,0,0,67.473701,0,67.473701,4,3.1750782,0,69.871274,0,69.871274,4,5.5726511,0,74.334543,0,74.334543,4,10.035919,0,78.4041,4,14.105477,4,14.105477
E01001489,0,0,0.0,0,0.0,0,0.0,0,0.0,0,0.0,0,0.0,0,30.743884,0,30.743884,1,14.669228,0,38.266991,2,6.117679,2,6.117679
E01001491,0,0,0.0,0,0.0,0,0.0,0,0.0,0,0.0,0,0.0,0,0.0,0,0.0,0,0.0,0,0.0,0,0.0,0,0.0
E01001492,4,0,0.0,0,0.0,0,0.0,0,0.0,0,0.0,0,0.0,0,0.0,0,0.0,0,0.0,0,0.0,0,0.0,0,0.0
E01001493,0,0,86.823701,5,6.4504224,5,6.4504224,0,87.561998,0,87.561998,5,7.1887194,0,88.936396,5,8.5631168,5,8.5631168,0,90.189556,5,9.8162767,5,9.8162767
E01001494,0,0,85.818506,5,5.4452276,5,5.4452276,0,85.777822,5,5.4045427,5,5.4045427,0,85.702083,5,5.3288045,5,5.3288045,0,85.633026,5,5.2597473,5,5.2597473
E01001495,1,0,70.535507,0,70.535507,4,6.2368834,0,70.638122,0,70.638122,4,6.3394994,0,70.82915,4,6.5305269,4,6.5305269,0,71.003327,4,6.7047036,4,6.7047036
E01001496,0,0,100.26818,6,3.8202471,6,3.8202471,0,99.917333,6,3.4693984,6,3.4693984,6,2.8162662,6,2.8162662,6,2.8162662,6,2.2207477,6,2.2207477,0,98.668682
E01001497,0,0,80.666883,0,80.666883,5,0.2936042,0,81.12455,5,0.7512714,5,0.7512714,0,81.976533,5,1.6032545,5,1.6032545,0,82.753362,5,2.3800829,5,2.3800829
E01001498,0,0,74.635714,0,74.635714,4,10.337091,0,75.263089,0,75.263089,4,10.964466,0,76.430996,4,12.132372,4,12.132372,0,77.49588,0,77.49588,4,13.197256
E01001499,0,0,78.028247,4,13.729624,4,13.729624,0,78.684138,4,14.385515,4,14.385515,0,79.905132,4,15.606509,4,15.606509,5,0.6451406,5,0.6451406,5,0.6451406
E01001500,0,0,70.866234,0,70.866234,4,6.5676106,0,70.846468,0,70.846468,4,6.5478448,0,70.809672,0,70.809672,4,6.511049,0,70.776122,0,70.776122,4,6.4774991
E01001501,0,0,86.823701,5,6.4504224,5,6.4504224,0,87.799225,5,7.425946,5,7.425946,0,89.615238,5,9.2419589,5,9.2419589,0,91.271058,5,10.897779,5,10.897779
E01001502,0,0,79.28474,0,79.28474,4,14.986117,0,81.568167,0,81.568167,5,1.1948879,0,85.818943,5,5.445664,5,5.445664,0,89.694752,5,9.3214733,5,9.3214733
E01001503,0,0,77.148701,4,12.850078,4,12.850078,0,78.723178,0,78.723178,0,78.723178,0,81.654187,5,1.2809086,5,1.2809086,0,84.326649,5,3.9533701,5,3.9533701
E01001504,0,0,81.923377,0,81.923377,5,1.5500977,0,82.995731,0,82.995731,5,2.6224525,0,84.992003,0,84.992003,5,4.6187243,0,86.812181,0,86.812181,5,6.4389022
E01001505,0,0,79.536039,0,79.536039,4,15.237416,0,81.019535,0,81.019535,5,0.64625563,0,83.781177,0,83.781177,5,3.407898,0,86.299211,0,86.299211,5,5.9259321
E01001507,0,0,75.012662,0,75.012662,4,10.714039,0,76.653343,0,76.653343,4,12.35472,0,79.707598,4,15.408975,4,15.408975,0,82.492433,0,82.492433,5,2.119154
E01001508,0,0,79.787338,4,15.488715,4,15.488715,0,82.085239,0,82.085239,5,1.7119603,0,86.362962,5,5.9896826,5,5.9896826,0,90.26334,5,9.8900613,5,9.8900613
E01001509,0,0,14.600708,0,14.600708,0,14.600708,0,16.575603,0,16.575603,1,0.50094745,0,20.252024,0,20.252024,1,4.1773685,0,23.604143,0,23.604143,1,7.5294875
E01001511,0,0,85.692857,5,5.3195782,5,5.3195782,0,86.655675,5,6.282396,5,6.282396,0,88.448035,5,8.0747561,5,8.0747561,0,90.082289,5,9.7090097,5,9.7090097
E01001512,1,5,13.226515,5,13.226515,5,13.226515,0,94.157824,0,94.157824,5,13.784545,5,14.823361,5,14.823361,5,14.823361,5,15.770541,5,15.770541,5,15.770541
E01001513,0,0,84.310714,5,3.9374354,5,3.9374354,0,86.615483,5,6.2422043,5,6.2422043,0,90.90599,5,10.532711,5,10.532711,0,94.818025,0,94.818025,5,14.444746
E01001514,0,0,82.551623,0,82.551623,5,2.1783445,0,83.374426,0,83.374426,5,3.0011468,0,84.906136,0,84.906136,5,4.5328574,5,5.9294536,0,86.302733,5,5.9294536
E01001515,0,0,76.143506,4,11.844883,4,11.844883,0,78.314174,0,78.314174,4,14.015551,0,82.35504,5,1.9817612,5,1.9817612,0,86.039456,5,5.6661771,5,5.6661771
E01001516,0,0,102.15292,6,5.7049874,6,5.7049874,0,103.72931,6,7.2813787,6,7.2813787,0,106.66389,6,10.215954,6,10.215954,0,109.3396,0,109.3396,6,12.891666
E01001517,0,0,68.981494,4,4.6828704,4,4.6828704,0,71.244167,4,6.9455437,4,6.9455437,0,75.456309,4,11.157686,4,11.157686,0,79.296893,0,79.296893,4,14.998269
E01001518,0,4,13.729624,4,13.729624,4,13.729624,0,78.440487,4,14.141864,4,14.141864,0,79.207905,4,14.909281,0,79.207905,4,15.609004,4,15.609004,0,79.907627
E01001520,0,0,90.718831,5,10.345552,5,10.345552,0,90.295167,5,9.9218881,5,9.9218881,0,89.506483,5,9.1332043,5,9.1332043,0,88.78737,5,8.4140914,5,8.4140914
E01001521,0,0,96.373052,0,96.373052,5,15.999773,0,95.537409,0,95.537409,5,15.16413,0,93.981796,5,13.608517,5,13.608517,0,92.563405,5,12.190126,5,12.190126
E01001522,0,0,94.86526,5,14.491981,5,14.491981,0,95.12577,5,14.752491,5,14.752491,0,95.610729,5,15.23745,5,15.23745,5,15.679631,5,15.679631,0,96.052909
E01001523,0,0,105.04286,6,8.5949224,6,8.5949224,0,104.26529,6,7.8173576,6,7.8173576,6,6.3698603,6,6.3698603,6,6.3698603,0,101.49798,6,5.0500486,6,5.0500486
E01001524,0,0,85.692857,5,5.3195782,5,5.3195782,0,85.861282,5,5.4880035,5,5.4880035,5,5.8015403,5,5.8015403,5,5.8015403,0,86.460699,5,6.0874196,5,6.0874196
E01001525,0,0,97.001299,6,0.553364,6,0.553364,0,97.068898,6,0.62096377,6,0.62096377,6,0.74680598,6,0.74680598,6,0.74680598,0,97.309482,6,0.86154748,6,0.86154748
E01001526,0,0,104.16331,6,7.715377,6,7.715377,0,103.0365,6,6.5885689,6,6.5885689,0,100.93886,6,4.4909282,6,4.4909282,0,99.026258,6,2.5783232,6,2.5783232
E01001527,0,0,93.860065,5,13.486786,5,13.486786,0,93.843045,0,93.843045,5,13.469766,0,93.81136,5,13.438081,5,13.438081,0,93.78247,5,13.409191,5,13.409191
E01001528,1,0,0.0,0,0.0,0,0.0,0,0.0,0,0.0,0,0.0,0,0.0,0,0.0,0,0.0,0,0.0,0,0.0,0,0.0
E01001529,0,0,0.0,0,0.0,0,0.0,0,0.0,0,0.0,0,0.0,0,0.0,0,0.0,0,0.0,0,0.0,0,0.0,0,0.0
E01001530,3,0,11.232076,0,11.232076,0,11.232076,0,10.044707,0,10.044707,0,10.044707,0,0.0,0,0.0,0,0.0,0,0.0,0,0.0,0,0.0
E01001531,1,0,76.967038,0,76.967038,4,12.668415,0,75.561058,0,75.561058,4,11.262435,0,72.943718,4,8.645095,4,8.645095,0,70.557257,0,70.557257,4,6.2586338
E01001532,1,0,85.849899,5,5.4766197,5,5.4766197,0,84.23012,0,84.23012,5,3.8568411,0,81.214776,5,0.84149743,5,0.84149743,0,78.46542,4,14.166797,4,14.166797
E01001533,0,6,11.107909,6,11.107909,6,11.107909,0,105.48973,6,9.0417936,6,9.0417936,6,5.1955584,6,5.1955584,6,5.1955584,6,1.6886049,6,1.6886049,6,1.6886049
E01001534,0,0,90.090584,5,9.7173055,5,9.7173055,0,89.423702,5,9.0504228,5,9.0504228,0,88.182248,5,7.8089687,5,7.8089687,0,81.653038,5,1.279759,0,81.653038
E01001535,2,0,57.089312,0,57.089312,0,57.089312,0,56.019459,0,56.019459,3,7.7954914,0,54.027843,0,54.027843,3,5.803876,0,52.211911,0,52.211911,3,3.9879437
E01001536,0,5,15.999773,5,15.999773,5,15.999773,0,96.477831,6,0.029896046,6,0.029896046,6,0.22494992,6,0.22494992,6,0.22494992,6,0.40279783,6,0.40279783,6,0.40279783
E01001537,0,6,0.93031205,6,0.93031205,6,0.93031205,0,97.626653,6,1.1787183,6,1.1787183,0,98.08908,6,1.6411457,6,1.6411457,0,98.510716,0,98.510716,6,2.0627818
E01001538,0,6,12.364403,6,12.364403,6,12.364403,6,10.953706,6,10.953706,6,10.953706,0,104.77552,6,8.3275836,6,8.3275836,0,102.38105,0,102.38105,6,5.9331152
E01001539,0,6,2.3124549,6,2.3124549,6,2.3124549,6,1.6199439,6,1.6199439,6,1.6199439,0,96.778715,6,0.33078071,6,0.33078071,5,15.229992,5,15.229992,5,15.229992
E01001540,2,0,63.675887,3,15.451919,3,15.451919,0,63.527599,3,15.303632,3,15.303632,3,15.027584,3,15.027584,0,63.251551,0,62.999854,3,14.775886,3,14.775886
E01001541,2,0,55.603452,3,7.3794842,3,7.3794842,0,54.671294,0,54.671294,3,6.4473267,0,52.93601,3,4.712043,3,4.712043,0,51.353798,0,51.353798,3,3.1298311
E01001542,0,0,74.887013,4,10.58839,4,10.58839,0,75.392271,0,75.392271,4,11.093648,0,76.332849,4,12.034225,4,12.034225,0,77.190456,0,77.190456,4,12.891833
E01001543,0,0,100.39383,6,3.9458965,6,3.9458965,0,99.699663,6,3.2517282,6,3.2517282,0,98.407415,6,1.9594801,6,1.9594801,0,97.229158,6,0.78122297,6,0.78122297
E01001544,0,0,103.78636,6,7.3384289,6,7.3384289,0,102.65351,6,6.205571,6,6.205571,0,100.5446,6,4.0966679,6,4.0966679,0,98.621729,6,2.173794,6,2.173794
E01001545,0,0,76.520455,4,12.221831,4,12.221831,0,78.896009,0,78.896009,4,14.597386,0,83.318289,5,2.9450096,5,2.9450096,0,87.350473,0,87.350473,5,6.9771938
E01001546,0,0,86.698052,5,6.324773,5,6.324773,0,88.84812,5,8.4748407,5,8.4748407,0,92.850638,5,12.477359,5,12.477359,0,96.500088,0,96.500088,6,0.052153673
E01001547,0,0,95.367857,5,14.994578,5,14.994578,0,97.221095,6,0.77315999,6,0.77315999,0,100.67104,6,4.2231058,6,4.2231058,0,103.81666,0,103.81666,6,7.3687271
E01001548,0,0,84.938961,5,4.5656821,5,4.5656821,0,86.921077,5,6.5477984,5,6.5477984,0,90.610941,5,10.237662,5,10.237662,0,93.975316,0,93.975316,5,13.602037
E01001549,0,0,84.436364,0,84.436364,5,4.0630847,0,87.090623,5,6.717344,5,6.717344,0,92.031733,0,92.031733,5,11.658454,0,96.536981,0,96.536981,6,0.089045932
E01001550,0,0,84.185065,0,84.185065,5,3.811786,0,86.264597,5,5.891318,5,5.891318,0,90.135807,0,90.135807,5,9.7625285,0,93.665533,0,93.665533,5,13.292254
E01001551,1,0,83.046588,0,83.046588,5,2.6733096,0,85.72721,0,85.72721,5,5.353931,0,90.717395,5,10.344116,5,10.344116,0,95.267389,0,95.267389,0,95.267389
E01001552,0,0,96.121753,0,96.121753,5,15.748474,0,97.4081,6,0.9601653,6,0.9601653,0,99.802734,6,3.3547998,6,3.3547998,0,101.98613,0,101.98613,6,5.5382003
E01001553,0,0,61.94513,0,61.94513,3,13.721163,0,63.493427,0,63.493427,3,15.26946,0,66.375703,0,66.375703,4,2.0770794,0,69.003729,0,69.003729,4,4.7051055
E01001554,0,0,0.0,0,0.0,0,0.0,0,0.0,0,0.0,0,0.0,0,0.0,0,0.0,0,0.0,0,0.0,0,0.0,0,0.0
E01001555,6,0,0.0,0,0.0,0,0.0,0,0.0,0,0.0,0,0.0,0,0.0,0,0.0,0,0.0,0,0.0,0,0.0,0,0.0
E01001556,0,0,85.441558,5,5.0682795,5,5.0682795,0,86.14309,5,5.7698112,5,5.7698112,0,87.449046,5,7.0757668,5,7.0757668,0,88.639801,5,8.2665224,5,8.2665224
E01001557,0,0,0.0,0,0.0,0,0.0,0,0.0,0,0.0,0,0.0,0,0.0,0,0.0,0,0.0,0,0.0,0,0.0,0,0.0
E01001558,5,0,0.0,0,0.0,0,0.0,0,0.0,0,0.0,0,0.0,0,0.0,0,0.0,0,0.0,0,0.0,0,0.0,0,0.0
E01001559,7,0,0.0,0,0.0,0,0.0,0,0.0,0,0.0,0,0.0,0,0.0,0,0.0,0,0.0,0,0.0,0,0.0,0,0.0
E01001560,0,0,68.227597,0,68.227597,0,68.227597,0,69.227202,0,69.227202,4,4.9285789,0,71.088044,0,71.088044,4,6.7894206,0,72.784738,4,8.4861149,4,8.4861149
E01001562,0,0,24.953169,0,24.953169,1,8.8785131,0,29.859257,0,29.859257,1,13.784602,0,46.057889,0,46.057889,2,13.908577,0,60.827616,3,12.603649,3,12.603649
E01001563,0,0,81.420779,0,81.420779,5,1.0475003,0,81.509302,5,1.1360227,5,1.1360227,0,81.674093,5,1.300814,5,1.300814,0,81.824348,5,1.4510688,5,1.4510688
E01001564,0,0,92.226623,5,11.853344,5,11.853344,0,91.156946,5,10.783667,5,10.783667,0,89.165659,5,8.7923798,5,8.7923798,0,87.350026,5,6.9767466,5,6.9767466
E01001565,4,0,28.109376,0,28.109376,1,12.03472,0,28.02048,0,28.02048,1,11.945824,0,27.854995,1,11.780339,1,11.780339,0,27.704107,0,27.704107,1,11.629451
E01001566,1,0,107.61509,6,11.167156,6,11.167156,0,106.66329,6,10.21535,6,10.21535,0,104.89143,6,8.4434909,6,8.4434909,0,103.27586,6,6.8279297,6,6.8279297
E01001567,0,6,6.5845328,6,6.5845328,6,6.5845328,6,4.8365529,6,4.8365529,6,4.8365529,0,98.030487,6,1.5825522,6,1.5825522,0,95.063526,5,14.690247,5,14.690247
E01001568,0,7,15.262799,6,31.337455,0,127.78539,7,12.833019,0,125.35561,7,12.833019,7,8.3097935,7,8.3097935,7,8.3097935,7,4.1855682,7,4.1855682,7,4.1855682
E01001569,0,0,96.498701,6,0.0507666,6,0.0507666,0,96.377621,0,96.377621,5,16.004342,0,96.152221,5,15.778943,5,15.778943,0,95.946704,5,15.573426,5,15.573426
E01001570,0,0,96.624351,6,0.17641595,6,0.17641595,0,96.74826,6,0.30032544,6,0.30032544,0,96.978927,6,0.53099258,6,0.53099258,6,0.74131225,6,0.74131225,6,0.74131225
E01001571,0,0,74.007468,0,74.007468,4,9.7088444,0,73.654625,0,73.654625,4,9.3560019,4,8.6991581,4,8.6991581,4,8.6991581,0,72.398879,0,72.398879,4,8.1002554
E01001572,2,0,44.053341,0,44.053341,2,11.90403,0,44.032087,0,44.032087,2,11.882775,2,11.843209,2,11.843209,2,11.843209,0,43.956444,2,11.807132,2,11.807132
E01001573,0,0,68.478896,0,68.478896,4,4.180273,0,68.446432,0,68.446432,4,4.1478084,4,4.0873732,4,4.0873732,4,4.0873732,0,68.330892,0,68.330892,4,4.032269
E01001574,0,0,61.442532,0,61.442532,3,13.218565,0,62.450651,0,62.450651,3,14.226683,4,0.028717522,4,0.028717522,4,0.028717522,0,66.038485,4,1.7398623,4,1.7398623
E01001575,0,3,12.33902,0,60.562987,0,60.562987,0,61.639411,0,61.639411,3,13.415444,0,63.643259,0,63.643259,3,15.419292,0,65.470345,0,65.470345,4,1.1717215
E01001576,0,0,65.212013,0,65.212013,4,0.91338985,0,66.141982,0,66.141982,4,1.8433591,0,67.873192,0,67.873192,4,3.5745693,0,69.45169,0,69.45169,4,5.153067
E01001577,0,4,2.9237795,0,67.222403,4,2.9237795,0,67.918655,0,67.918655,4,3.6200322,0,69.214784,0,69.214784,4,4.9161607,0,70.396579,0,70.396579,4,6.097956
E01001578,0,5,1.4244484,0,81.797727,5,1.4244484,0,82.34163,0,82.34163,5,1.9683508,5,2.9808674,0,83.354146,5,2.9808674,0,84.277348,0,84.277348,5,3.9040686
E01001579,0,0,66.091558,0,66.091558,4,1.7929353,0,66.892186,0,66.892186,4,2.5935628,4,4.0839932,4,4.0839932,4,4.0839932,0,69.741574,0,69.741574,4,5.4429507
E01001580,0,0,29.301682,1,13.227026,1,13.227026,0,28.334426,1,12.259771,1,12.259771,0,26.533805,0,26.533805,1,10.459149,0,24.892018,0,24.892018,1,8.8173627
E01001581,3,0,13.764883,0,13.764883,0,13.764883,0,13.106877,0,13.106877,0,13.106877,0,11.881948,0,11.881948,0,11.881948,0,10.765072,0,10.765072,0,10.765072
E01001582,0,0,65.588961,0,65.588961,4,1.2903379,0,65.570667,0,65.570667,4,1.272044,0,65.536611,0,65.536611,4,1.2379883,0,65.50556,0,65.50556,4,1.2069368
E01001583,2,0,47.135429,0,47.135429,2,14.986117,0,46.192646,0,46.192646,2,14.043334,0,44.437582,0,44.437582,2,12.288271,0,42.837335,0,42.837335,2,10.688024
E01001584,0,0,74.384416,0,74.384416,4,10.085792,0,73.274888,0,73.274888,4,8.9762654,0,71.209418,0,71.209418,4,6.9107944,0,69.326145,0,69.326145,4,5.0275215
E01001585,0,0,0.0,0,0.0,0,0.0,0,0.0,0,0.0,0,0.0,0,0.0,0,0.0,0,0.0,0,0.0,0,0.0,0,0.0
E01001586,0,0,0.0,0,0.0,0,0.0,0,0.0,0,0.0,0,0.0,0,0.0,0,0.0,0,0.0,0,0.0,0,0.0,0,0.0
E01001587,1,0,0.0,0,0.0,0,0.0,0,0.0,0,0.0,0,0.0,0,0.0,0,0.0,0,0.0,0,0.0,0,0.0,0,0.0
E01001588,1,0,43.734435,0,43.734435,2,11.585124,0,44.207999,0,44.207999,2,12.058687,0,45.089574,0,45.089574,2,12.940262,0,45.893384,0,45.893384,2,13.744072
E01001589,0,0,63.82987,0,63.82987,3,15.605903,0,64.441156,0,64.441156,4,0.14253287,0,65.579112,0,65.579112,4,1.2804891,0,66.616688,0,66.616688,4,2.3180646
E01001590,2,0,31.42926,0,31.42926,0,31.42926,0,31.237812,0,31.237812,1,15.163157,0,30.881418,0,30.881418,0,30.881418,0,30.556461,0,30.556461,0,30.556461
E01001591,1,0,47.378266,0,47.378266,2,15.228955,0,48.085011,0,48.085011,0,48.085011,0,49.400672,0,49.400672,3,1.1767049,0,50.600277,0,50.600277,3,2.3763096
E01001592,2,0,0.0,0,0.0,0,0.0,0,0.0,0,0.0,0,0.0,0,0.0,0,0.0,0,0.0,0,0.0,0,0.0,0,0.0
E01001593,0,0,79.787338,0,79.787338,4,15.488715,0,78.737364,0,78.737364,4,14.43874,0,76.782755,0,76.782755,4,12.484132,0,75.000565,0,75.000565,4,10.701942
E01001594,0,0,78.530844,0,78.530844,4,14.232221,0,79.77336,0,79.77336,4,15.474737,0,82.086399,5,1.7131201,5,1.7131201,0,84.195402,5,3.8221231,5,3.8221231
E01001595,2,0,47.203369,0,47.203369,2,15.054058,0,47.777474,0,47.777474,2,15.628162,0,48.846214,0,48.846214,3,0.62224676,0,49.820679,0,49.820679,3,1.5967119
E01001596,0,0,116.3513,0,116.3513,7,3.8287082,0,114.36601,7,1.8434161,7,1.8434161,0,110.67023,0,110.67023,6,14.222296,0,107.30046,6,10.85253,6,10.85253
E01001597,0,0,89.713636,0,89.713636,5,9.3403574,0,88.830684,5,8.4574055,5,8.4574055,0,87.187001,0,87.187001,5,6.8137219,0,85.688309,0,85.688309,5,5.3150298
E01001598,0,0,98.006494,0,98.006494,6,1.5585588,0,96.965415,0,96.965415,6,0.51748063,0,95.027367,0,95.027367,5,14.654088,0,93.260277,5,12.886998,5,12.886998
E01001599,3,0,45.657528,0,45.657528,2,13.508216,0,45.677148,0,45.677148,2,13.527836,0,45.713672,0,45.713672,2,13.564361,0,45.746975,2,13.597663,2,13.597663
E01001600,2,0,56.663859,0,56.663859,3,8.4398914,0,55.919767,0,55.919767,3,7.6957994,0,54.534582,0,54.534582,3,6.3106143,0,53.271586,0,53.271586,3,5.0476184
E01001601,0,0,87.326299,0,87.326299,5,6.9530198,0,86.134507,0,86.134507,5,5.7612284,0,83.915895,0,83.915895,5,3.5426162,0,81.89299,0,81.89299,5,1.5197107
E01001602,0,0,94.613961,0,94.613961,5,14.240682,0,96.009386,0,96.009386,5,15.636107,0,98.607077,0,98.607077,6,2.1591423,0,100.97562,6,4.5276878,6,4.5276878
E01001603,0,0,81.169481,0,81.169481,5,0.7962016,0,82.556713,0,82.556713,5,2.1834339,0,85.139153,0,85.139153,5,4.7658746,0,87.493794,5,7.1205146,5,7.1205146
E01001604,1,0,56.801968,0,56.801968,3,8.5780002,0,56.162949,0,56.162949,3,7.9389818,0,54.973367,0,54.973367,3,6.7493993,0,53.888719,0,53.888719,3,5.6647514
E01001605,0,0,95.870455,5,15.497176,5,15.497176,0,93.95397,0,93.95397,5,13.580691,0,90.386286,5,10.013007,5,10.013007,0,87.133311,5,6.7600326,5,6.7600326
E01001606,1,0,75.890852,0,75.890852,4,11.592229,0,74.196015,0,74.196015,4,9.8973918,0,71.040944,0,71.040944,4,6.7423207,0,68.164186,0,68.164186,4,3.8655627
E01001607,0,0,82.425974,5,2.0526951,5,2.0526951,0,81.767568,0,81.767568,5,1.3942891,0,80.541894,0,80.541894,5,0.16861519,0,79.424339,0,79.424339,4,15.125715
E01001608,0,0,82.300325,0,82.300325,5,1.9270458,0,81.185157,0,81.185157,5,0.81187769,0,79.109185,0,79.109185,4,14.810561,0,77.216337,0,77.216337,4,12.917714
E01001609,0,0,77.776948,0,77.776948,4,13.478325,0,77.390955,0,77.390955,4,13.092332,0,76.672398,0,76.672398,4,12.373775,0,76.017227,0,76.017227,4,11.718603
E01001610,1,0,78.072197,0,78.072197,4,13.773574,0,77.200736,0,77.200736,4,12.902113,0,75.578443,0,75.578443,4,11.27982,0,74.099255,0,74.099255,4,9.8006318
E01001611,0,0,78.782143,0,78.782143,4,14.48352,0,78.383473,0,78.383473,4,14.08485,0,77.641319,0,77.641319,4,13.342696,0,76.964631,0,76.964631,4,12.666008
E01001613,0,0,79.661688,0,79.661688,4,15.363065,0,79.771619,0,79.771619,0,79.771619,0,79.976263,4,15.677639,4,15.677639,0,80.162854,0,80.162854,4,15.864231
E01001614,0,6,11.861806,6,11.861806,6,11.861806,6,9.8974668,6,9.8974668,6,9.8974668,6,6.2406974,6,6.2406974,6,6.2406974,6,2.9064966,0,99.354431,6,2.9064966
E01001615,1,0,68.863224,0,68.863224,4,4.5646012,0,68.55773,0,68.55773,4,4.2591064,0,67.989027,0,67.989027,4,3.6904042,0,67.470491,0,67.470491,4,3.1718679
E01001617,0,0,88.457143,5,8.0838639,5,8.0838639,0,87.517503,5,7.1442241,5,7.1442241,0,85.768291,5,5.3950116,5,5.3950116,0,84.173378,5,3.8000995,5,3.8000995
E01001618,0,0,96.624351,6,0.17641595,6,0.17641595,6,0.1871806,6,0.1871806,6,0.1871806,0,96.655155,6,0.20721984,6,0.20721984,6,0.22549139,6,0.22549139,6,0.22549139
E01001619,0,0,99.765584,6,3.3176497,6,3.3176497,0,99.085495,6,2.6375607,6,2.6375607,0,97.819457,6,1.3715222,6,1.3715222,0,96.665097,6,0.21716269,6,0.21716269
E01001620,1,0,53.605854,0,53.605854,0,53.605854,0,54.660742,0,54.660742,0,54.660742,0,56.6245,0,56.6245,3,8.4005327,0,58.415032,0,58.415032,3,10.191065
E01001621,1,0,72.451135,0,72.451135,4,8.1525116,0,73.108882,0,73.108882,4,8.810259,0,74.33333,0,74.33333,4,10.034707,0,75.449768,0,75.449768,4,11.151145
E01001623,0,0,75.263961,0,75.263961,4,10.965338,0,75.624875,0,75.624875,4,11.326252,0,76.296745,0,76.296745,4,11.998122,0,76.909349,0,76.909349,4,12.610725
E01001624,1,0,74.412526,0,74.412526,4,10.113903,0,74.555055,0,74.555055,4,10.256432,0,74.820384,0,74.820384,4,10.52176,0,75.062307,0,75.062307,4,10.763684
E01001625,4,0,13.289438,0,13.289438,0,13.289438,0,14.47161,0,14.47161,0,14.47161,0,16.672315,0,16.672315,1,0.59765941,0,18.678893,0,18.678893,1,2.6042372
E01001629,0,0,65.086364,0,65.086364,4,0.7877405,0,65.919273,0,65.919273,4,1.6206497,0,67.469798,0,67.469798,4,3.1711749,0,68.883549,0,68.883549,4,4.5849262
E01001631,0,0,57.044805,0,57.044805,3,8.8208378,0,58.286926,0,58.286926,3,10.062958,0,60.599229,0,60.599229,3,12.375262,0,62.707562,0,62.707562,3,14.483594
E01001632,1,0,43.268154,0,43.268154,0,43.268154,0,43.836468,0,43.836468,2,11.687156,0,44.894429,0,44.894429,0,44.894429,0,45.859066,0,45.859066,0,45.859066
E01001633,0,0,63.327273,0,63.327273,3,15.103305,0,64.057337,0,64.057337,0,64.057337,0,65.416407,0,65.416407,4,1.117784,0,66.655592,0,66.655592,4,2.3569691
E01001634,0,0,45.485065,0,45.485065,2,13.335753,0,46.355639,0,46.355639,2,14.206327,0,47.97628,0,47.97628,0,47.97628,0,49.453962,0,49.453962,3,1.2299942
E01001635,0,0,67.096753,0,67.096753,4,2.7981301,0,67.516714,0,67.516714,4,3.2180909,4,3.9998806,4,3.9998806,4,3.9998806,0,69.011331,0,69.011331,4,4.7127076
E01001636,0,0,51.516234,0,51.516234,3,3.2922664,0,51.833649,0,51.833649,3,3.6096812,3,4.2005735,3,4.2005735,3,4.2005735,0,52.96331,0,52.96331,3,4.7393424
E01001637,0,0,59.809091,0,59.809091,3,11.585124,0,60.235964,0,60.235964,3,12.011997,0,61.030622,0,61.030622,3,12.806655,0,61.755182,0,61.755182,3,13.531215
E01001638,0,0,9.6844055,0,9.6844055,0,9.6844055,0,9.8624275,0,9.8624275,0,9.8624275,0,10.193829,0,10.193829,0,10.193829,0,10.495998,0,10.495998,0,10.495998
E01001641,2,0,0.0,0,0.0,0,0.0,0,0.0,0,0.0,0,0.0,0,0.0,0,0.0,0,0.0,0,0.0,0,0.0,0,0.0
E01001642,0,0,0.0,0,0.0,0,0.0,0,0.0,0,0.0,0,0.0,0,0.0,0,0.0,0,0.0,0,0.0,0,0.0,0,0.0
E01001644,0,0,0.0,0,0.0,0,0.0,0,0.0,0,0.0,0,0.0,0,0.0,0,0.0,0,0.0,0,0.0,0,0.0,0,0.0
E01001645,0,0,85.818506,5,5.4452276,5,5.4452276,0,86.288653,0,86.288653,5,5.9153742,0,87.163868,5,6.7905886,5,6.7905886,0,87.961878,5,7.5885992,5,7.5885992
E01001646,1,0,95.742553,5,15.369274,5,15.369274,0,96.944339,6,0.49640412,6,0.49640412,0,99.181557,6,2.7336228,6,2.7336228,0,101.22143,6,4.7734933,6,4.7734933
E01001647,1,0,62.376364,0,62.376364,3,14.152397,0,61.734399,0,61.734399,3,13.510432,0,60.53933,0,60.53933,3,12.315363,0,59.449681,0,59.449681,3,11.225713
E01001648,0,0,90.593182,5,10.219903,5,10.219903,0,90.125903,5,9.7526245,5,9.7526245,0,89.256028,5,8.8827494,5,8.8827494,0,88.462886,5,8.0896072,5,8.0896072
E01001649,0,0,74.635714,4,10.337091,4,10.337091,0,75.554411,4,11.255788,4,11.255788,0,77.264637,4,12.966014,4,12.966014,0,78.824001,4,14.525378,0,78.824001
E01001650,0,0,74.258766,0,74.258766,4,9.9601431,0,74.919204,0,74.919204,4,10.620581,0,76.148659,0,76.148659,4,11.850036,0,77.269663,0,77.269663,4,12.97104
E01001651,0,0,67.850649,0,67.850649,4,3.5520262,0,68.831489,4,4.5328662,4,4.5328662,0,70.657399,0,70.657399,4,6.3587762,0,72.322243,0,72.322243,4,8.0236201
E01001652,1,0,60.969928,0,60.969928,3,12.745961,0,60.730414,0,60.730414,3,12.506447,0,60.284539,0,60.284539,3,12.060572,0,59.877995,0,59.877995,3,11.654028
E01001653,0,0,60.688636,0,60.688636,3,12.464669,0,62.128541,0,62.128541,3,13.904574,0,64.809035,0,64.809035,4,0.51041191,0,67.253079,0,67.253079,4,2.954456
E01001654,0,0,68.855844,0,68.855844,4,4.557221,0,69.81762,0,69.81762,4,5.5189968,0,71.60804,4,7.3094171,4,7.3094171,0,73.240525,0,73.240525,4,8.941902
E01001655,0,0,61.693831,0,61.693831,0,61.693831,0,62.850556,0,62.850556,0,62.850556,0,65.00389,0,65.00389,0,65.00389,0,66.967276,0,66.967276,4,2.6686528
E01001656,0,0,62.070779,3,13.846812,3,13.846812,0,61.841473,3,13.617506,3,13.617506,0,61.414602,3,13.190635,3,13.190635,3,12.801419,0,61.025386,3,12.801419
E01001657,0,0,78.405195,4,14.106572,4,14.106572,0,77.618238,0,77.618238,4,13.319614,0,76.153256,4,11.854632,0,76.153256,0,74.817502,0,74.817502,4,10.518878
E01001658,1,0,60.712788,0,60.712788,3,12.488821,0,60.736329,0,60.736329,3,12.512361,0,60.780152,0,60.780152,3,12.556184,0,60.820109,0,60.820109,3,12.596141
E01001659,0,0,85.441558,5,5.0682795,5,5.0682795,0,84.734052,0,84.734052,5,4.360773,0,83.416974,5,3.0436946,5,3.0436946,0,82.216076,5,1.8427975,0,82.216076
E01001660,0,0,72.374026,4,8.0754028,4,8.0754028,0,73.081262,4,8.7826391,4,8.7826391,0,74.397838,4,10.099214,4,10.099214,0,75.598276,4,11.299653,4,11.299653
E01001661,0,0,75.263961,0,75.263961,4,10.965338,0,75.845206,0,75.845206,4,11.546583,0,76.927239,0,76.927239,4,12.628616,0,77.913824,0,77.913824,4,13.615201
E01001664,0,0,0.0,0,0.0,0,0.0,0,0.0,0,0.0,0,0.0,0,0.0,0,0.0,0,0.0,0,0.0,0,0.0,0,0.0
E01001665,3,0,0.0,0,0.0,0,0.0,0,0.0,0,0.0,0,0.0,0,0.0,0,0.0,0,0.0,0,0.0,0,0.0,0,0.0
E01001666,1,0,16.602636,0,16.602636,0,16.602636,0,16.374961,0,16.374961,0,16.374961,0,15.951125,0,15.951125,0,15.951125,0,15.564677,0,15.564677,0,15.564677
E01001669,0,0,93.985714,5,13.612435,5,13.612435,0,94.894968,0,94.894968,5,14.521689,6,0.13967948,6,0.13967948,6,0.13967948,0,98.13095,6,1.6830151,6,1.6830151
E01001671,0,0,67.222403,0,67.222403,4,2.9237795,0,67.892417,4,3.5937936,4,3.5937936,4,4.8410769,4,4.8410769,4,4.8410769,0,70.276959,0,70.276959,4,5.9783357
E01001672,0,0,50.511039,0,50.511039,3,2.2870716,0,51.142641,0,51.142641,3,2.9186738,3,4.0944504,3,4.0944504,3,4.0944504,0,53.390477,0,53.390477,3,5.1665101
E01001673,0,0,56.919156,0,56.919156,3,8.6951885,0,57.436488,0,57.436488,3,9.2125206,3,10.175575,3,10.175575,0,58.399542,0,59.277644,0,59.277644,0,59.277644
E01001674,0,0,76.269156,0,76.269156,4,11.970533,0,76.813509,0,76.813509,4,12.514886,4,13.528242,4,13.528242,4,13.528242,0,78.750831,0,78.750831,4,14.452208
E01001675,1,0,47.642213,0,47.642213,0,47.642213,0,47.916667,0,47.916667,2,15.767356,3,0.20361813,3,0.20361813,3,0.20361813,0,48.893435,0,48.893435,0,48.893435
E01001676,0,0,59.93474,0,59.93474,3,11.710773,0,60.783603,0,60.783603,3,12.559636,3,14.139861,3,14.139861,3,14.139861,0,63.804659,0,63.804659,3,15.580692
E01001677,0,0,64.583766,0,64.583766,4,0.2851431,0,65.057322,0,65.057322,4,0.75869893,4,1.6402599,4,1.6402599,4,1.6402599,0,66.74268,0,66.74268,4,2.4440572
E01001678,1,0,71.860005,0,71.860005,4,7.5613818,0,71.646701,0,71.646701,4,7.3480779,4,6.9509963,4,6.9509963,4,6.9509963,0,70.887565,0,70.887565,4,6.5889417
E01001679,0,0,71.494481,0,71.494481,4,7.1958574,0,70.958276,0,70.958276,4,6.6596531,0,69.96009,0,69.96009,4,5.6614672,0,69.049956,0,69.049956,4,4.7513327
E01001680,0,0,90.216234,5,9.8429549,5,9.8429549,0,89.196284,5,8.8230051,5,8.8230051,0,87.297568,5,6.9242893,5,6.9242893,0,85.566341,5,5.1930618,5,5.1930618
E01001681,3,0,13.844925,0,13.844925,0,13.844925,0,13.427867,0,13.427867,0,13.427867,0,12.651479,0,12.651479,0,12.651479,0,11.943578,0,11.943578,0,11.943578
E01001682,0,0,73.379221,0,73.379221,4,9.0805976,0,73.143941,0,73.143941,4,8.8453175,4,8.4073252,0,72.705948,4,8.4073252,0,72.306592,0,72.306592,4,8.0079689
E01001683,3,0,15.740776,0,15.740776,0,15.740776,0,15.947639,0,15.947639,0,15.947639,1,0.25807372,1,0.25807372,1,0.25807372,0,16.683851,0,16.683851,1,0.60919528
E01001684,0,0,66.971104,4,2.6724808,4,2.6724808,0,67.390278,4,3.0916551,4,3.0916551,0,68.170604,0,68.170604,4,3.8719808,0,68.882096,4,4.5834729,4,4.5834729
E01001685,0,0,68.604545,0,68.604545,4,4.3059223,0,68.746079,0,68.746079,4,4.4474559,4,4.7109316,4,4.7109316,4,4.7109316,0,69.249789,0,69.249789,4,4.9511657
E01001686,1,0,57.505466,0,57.505466,3,9.2814985,0,58.037807,0,58.037807,3,9.8138394,0,59.028801,0,59.028801,3,10.804833,0,59.932378,0,59.932378,3,11.70841
E01001687,0,0,44.47987,0,44.47987,2,12.330559,0,44.74959,0,44.74959,2,12.600279,0,45.251695,0,45.251695,2,13.102384,0,45.709509,0,45.709509,2,13.560198
E01001688,1,0,82.811175,0,82.811175,5,2.4378958,0,83.642392,0,83.642392,5,3.2691126,0,85.189766,0,85.189766,5,4.8164874,0,86.600645,0,86.600645,5,6.227366
E01001690,2,1,13.972461,0,30.047117,1,13.972461,0,31.152574,0,31.152574,1,15.077918,0,33.210467,0,33.210467,2,1.0611554,0,35.086831,0,35.086831,2,2.9375191
E01001692,0,0,45.610714,0,45.610714,0,45.610714,0,46.367973,0,46.367973,0,46.367973,0,47.77767,0,47.77767,2,15.628358,0,49.063015,0,49.063015,3,0.83904807
E01001693,0,2,13.587052,0,45.736364,0,45.736364,0,46.714397,0,46.714397,2,14.565085,0,48.535081,0,48.535081,3,0.31111381,0,50.195161,0,50.195161,0,50.195161
E01001694,0,0,68.730195,0,68.730195,4,4.4315717,0,69.482305,0,69.482305,4,5.183682,0,70.882417,0,70.882417,4,6.5837938,0,72.159023,0,72.159023,4,7.8603998
E01001695,0,0,47.746753,0,47.746753,0,47.746753,0,48.194696,0,48.194696,2,16.045384,0,49.028576,0,49.028576,0,49.028576,0,49.788899,0,49.788899,0,49.788899
E01001696,1,0,39.774887,0,39.774887,0,39.774887,0,40.271597,0,40.271597,2,8.1222858,0,41.196263,0,41.196263,0,41.196263,0,42.039363,0,42.039363,0,42.039363
E01001697,1,0,55.849975,0,55.849975,0,55.849975,0,56.637042,0,56.637042,3,8.4130749,0,58.102228,0,58.102228,0,58.102228,0,59.438168,0,59.438168,0,59.438168
E01001698,0,0,58.175649,0,58.175649,0,58.175649,0,59.005275,0,59.005275,3,10.781308,0,60.549688,0,60.549688,3,12.325721,0,61.957866,0,61.957866,0,61.957866
E01001699,0,0,41.338636,0,41.338636,0,41.338636,0,41.581241,0,41.581241,2,9.4319292,0,42.032868,0,42.032868,2,9.8835561,0,42.444656,0,42.444656,0,42.444656
E01001700,1,0,46.247422,0,46.247422,2,14.098111,0,46.680068,0,46.680068,0,46.680068,0,47.485473,0,47.485473,2,15.336162,0,48.219832,0,48.219832,2,16.07052
E01001701,1,0,55.342504,0,55.342504,3,7.1185369,0,55.726786,0,55.726786,3,7.5028184,0,56.442156,0,56.442156,3,8.2181884,0,57.094422,0,57.094422,3,8.8704545
E01001702,0,0,40.207792,0,40.207792,0,40.207792,0,41.106837,0,41.106837,2,8.9575252,0,42.780478,0,42.780478,2,10.631167,0,44.306485,0,44.306485,0,44.306485
E01001703,1,0,41.564477,0,41.564477,2,9.4151651,0,42.68455,0,42.68455,2,10.535239,0,44.769654,0,44.769654,2,12.620342,0,46.670828,0,46.670828,2,14.521516
E01001704,0,0,63.955519,0,63.955519,3,15.731552,0,64.124907,0,64.124907,3,15.90094,0,64.440235,0,64.440235,4,0.14161227,0,64.727748,0,64.727748,4,0.42912501
E01001705,0,0,59.809091,0,59.809091,3,11.585124,0,60.796245,0,60.796245,3,12.572277,0,62.633908,0,62.633908,3,14.40994,0,64.309468,0,64.309468,4,0.010845044
E01001708,0,0,67.976299,0,67.976299,4,3.6776756,0,67.698643,0,67.698643,4,3.4000202,0,67.181766,0,67.181766,4,2.883143,0,66.710483,0,66.710483,4,2.4118603
E01001710,1,0,28.368417,0,28.368417,1,12.293761,0,29.414204,0,29.414204,1,13.339548,0,31.361017,0,31.361017,0,31.361017,0,33.1361,0,33.1361,2,0.9867887
E01001712,1,0,42.98166,0,42.98166,2,10.832349,0,44.175375,0,44.175375,2,12.026064,0,46.397569,0,46.397569,2,14.248258,0,48.42374,0,48.42374,3,0.19977285
E01001714,1,0,0.0,0,0.0,0,0.0,0,0.0,0,0.0,0,0.0,0,0.0,0,0.0,0,0.0,0,0.0,0,0.0,0,0.0
E01001715,14,0,0.0,0,0.0,0,0.0,0,0.0,0,0.0,0,0.0,0,0.0,0,0.0,0,0.0,0,0.0,0,0.0,0,0.0
E01001716,7,0,0.0,0,0.0,0,0.0,0,0.0,0,0.0,0,0.0,0,0.0,0,0.0,0,0.0,0,0.0,0,0.0,0,0.0
E01001717,0,0,0.0,0,0.0,0,0.0,0,0.0,0,0.0,0,0.0,0,0.0,0,0.0,0,0.0,0,0.0,0,0.0,0,0.0
E01001718,11,0,0.0,0,0.0,0,0.0,0,0.0,0,0.0,0,0.0,0,0.0,0,0.0,0,0.0,0,0.0,0,0.0,0,0.0
E01001719,1,0,0.0,0,0.0,0,0.0,0,0.0,0,0.0,0,0.0,0,0.0,0,0.0,0,0.0,0,0.0,0,0.0,0,0.0
E01001720,14,0,0.0,0,0.0,0,0.0,0,0.0,0,0.0,0,0.0,0,0.0,0,0.0,0,0.0,0,0.0,0,0.0,0,0.0
E01001722,10,0,0.0,0,0.0,0,0.0,0,0.0,0,0.0,0,0.0,0,0.0,0,0.0,0,0.0,0,0.0,0,0.0,0,0.0
E01001723,15,0,0.0,0,0.0,0,0.0,0,0.0,0,0.0,0,0.0,0,0.0,0,0.0,0,0.0,0,0.0,0,0.0,0,0.0
E01001724,7,0,0.0,0,0.0,0,0.0,0,0.0,0,0.0,0,0.0,0,0.0,0,0.0,0,0.0,0,0.0,0,0.0,0,0.0
E01001725,9,0,0.0,0,0.0,0,0.0,0,0.0,0,0.0,0,0.0,0,0.0,0,0.0,0,0.0,0,0.0,0,0.0,0,0.0
E01001726,1,0,0.0,0,0.0,0,0.0,0,0.0,0,0.0,0,0.0,0,0.0,0,0.0,0,0.0,0,0.0,0,0.0,0,0.0
E01001727,12,0,0.0,0,0.0,0,0.0,0,0.0,0,0.0,0,0.0,0,0.0,0,0.0,0,0.0,0,0.0,0,0.0,0,0.0
E01001728,8,0,0.0,0,0.0,0,0.0,0,0.0,0,0.0,0,0.0,0,0.0,0,0.0,0,0.0,0,0.0,0,0.0,0,0.0
E01001729,0,0,0.0,0,0.0,0,0.0,0,0.0,0,0.0,0,0.0,0,0.0,0,0.0,0,0.0,0,0.0,0,0.0,0,0.0
E01001730,3,0,0.0,0,0.0,0,0.0,0,0.0,0,0.0,0,0.0,0,0.0,0,0.0,0,0.0,0,0.0,0,0.0,0,0.0
E01001731,7,0,0.0,0,0.0,0,0.0,0,0.0,0,0.0,0,0.0,0,0.0,0,0.0,0,0.0,0,0.0,0,0.0,0,0.0
E01001732,4,0,0.0,0,0.0,0,0.0,0,0.0,0,0.0,0,0.0,0,0.0,0,0.0,0,0.0,0,0.0,0,0.0,0,0.0
E01001733,15,0,0.0,0,0.0,0,0.0,0,0.0,0,0.0,0,0.0,0,0.0,0,0.0,0,0.0,0,0.0,0,0.0,0,0.0
E01001734,10,0,0.0,0,0.0,0,0.0,0,0.0,0,0.0,0,0.0,0,0.0,0,0.0,0,0.0,0,0.0,0,0.0,0,0.0
E01001735,7,0,0.0,0,0.0,0,0.0,0,0.0,0,0.0,0,0.0,0,0.0,0,0.0,0,0.0,0,0.0,0,0.0,0,0.0
E01001736,15,0,0.0,0,0.0,0,0.0,0,0.0,0,0.0,0,0.0,0,0.0,0,0.0,0,0.0,0,0.0,0,0.0,0,0.0
E01001737,16,0,0.0,0,0.0,0,0.0,0,0.0,0,0.0,0,0.0,0,0.0,0,0.0,0,0.0,0,0.0,0,0.0,0,0.0
E01001738,12,0,0.0,0,0.0,0,0.0,0,0.0,0,0.0,0,0.0,0,0.0,0,0.0,0,0.0,0,0.0,0,0.0,0,0.0
E01001739,14,0,0.0,0,0.0,0,0.0,0,0.0,0,0.0,0,0.0,0,0.0,0,0.0,0,0.0,0,0.0,0,0.0,0,0.0
E01001740,6,0,0.0,0,0.0,0,0.0,0,0.0,0,0.0,0,0.0,0,0.0,0,0.0,0,0.0,0,0.0,0,0.0,0,0.0
E01001741,17,0,0.0,0,0.0,0,0.0,0,0.0,0,0.0,0,0.0,0,0.0,0,0.0,0,0.0,0,0.0,0,0.0,0,0.0
E01001742,8,0,0.0,0,0.0,0,0.0,0,0.0,0,0.0,0,0.0,0,0.0,0,0.0,0,0.0,0,0.0,0,0.0,0,0.0
E01001744,9,0,0.0,0,0.0,0,0.0,0,0.0,0,0.0,0,0.0,0,0.0,0,0.0,0,0.0,0,0.0,0,0.0,0,0.0
E01001745,5,0,0.0,0,0.0,0,0.0,0,0.0,0,0.0,0,0.0,0,0.0,0,0.0,0,0.0,0,0.0,0,0.0,0,0.0
E01001746,0,0,0.0,0,0.0,0,0.0,0,0.0,0,0.0,0,0.0,0,0.0,0,0.0,0,0.0,0,0.0,0,0.0,0,0.0
E01001747,8,0,0.0,0,0.0,0,0.0,0,0.0,0,0.0,0,0.0,0,0.0,0,0.0,0,0.0,0,0.0,0,0.0,0,0.0
E01001749,19,0,0.0,0,0.0,0,0.0,0,0.0,0,0.0,0,0.0,0,0.0,0,0.0,0,0.0,0,0.0,0,0.0,0,0.0
E01001750,15,0,0.0,0,0.0,0,0.0,0,0.0,0,0.0,0,0.0,0,0.0,0,0.0,0,0.0,0,0.0,0,0.0,0,0.0
E01001751,24,0,0.0,0,0.0,0,0.0,0,0.0,0,0.0,0,0.0,0,0.0,0,0.0,0,0.0,0,0.0,0,0.0,0,0.0
E01001753,1,0,0.0,0,0.0,0,0.0,0,0.0,0,0.0,0,0.0,0,0.0,0,0.0,0,0.0,0,0.0,0,0.0,0,0.0
E01001755,10,0,0.0,0,0.0,0,0.0,0,0.0,0,0.0,0,0.0,0,0.0,0,0.0,0,0.0,0,0.0,0,0.0,0,0.0
E01001756,14,0,0.0,0,0.0,0,0.0,0,0.0,0,0.0,0,0.0,0,0.0,0,0.0,0,0.0,0,0.0,0,0.0,0,0.0
E01001757,1,0,0.0,0,0.0,0,0.0,0,0.0,0,0.0,0,0.0,0,0.0,0,0.0,0,0.0,0,0.0,0,0.0,0,0.0
E01001758,5,0,0.0,0,0.0,0,0.0,0,0.0,0,0.0,0,0.0,0,0.0,0,0.0,0,0.0,0,0.0,0,0.0,0,0.0
E01001759,11,0,0.0,0,0.0,0,0.0,0,0.0,0,0.0,0,0.0,0,0.0,0,0.0,0,0.0,0,0.0,0,0.0,0,0.0
E01001760,2,0,0.0,0,0.0,0,0.0,0,0.0,0,0.0,0,0.0,0,0.0,0,0.0,0,0.0,0,0.0,0,0.0,0,0.0
E01001761,4,0,0.0,0,0.0,0,0.0,0,0.0,0,0.0,0,0.0,0,0.0,0,0.0,0,0.0,0,0.0,0,0.0,0,0.0
E01001762,10,0,0.0,0,0.0,0,0.0,0,0.0,0,0.0,0,0.0,0,0.0,0,0.0,0,0.0,0,0.0,0,0.0,0,0.0
E01001763,13,0,0.0,0,0.0,0,0.0,0,0.0,0,0.0,0,0.0,0,0.0,0,0.0,0,0.0,0,0.0,0,0.0,0,0.0
E01001764,11,0,0.0,0,0.0,0,0.0,0,0.0,0,0.0,0,0.0,0,0.0,0,0.0,0,0.0,0,0.0,0,0.0,0,0.0
E01001765,1,0,0.0,0,0.0,0,0.0,0,0.0,0,0.0,0,0.0,0,0.0,0,0.0,0,0.0,0,0.0,0,0.0,0,0.0
E01001767,15,0,0.0,0,0.0,0,0.0,0,0.0,0,0.0,0,0.0,0,0.0,0,0.0,0,0.0,0,0.0,0,0.0,0,0.0
E01001768,18,0,0.0,0,0.0,0,0.0,0,0.0,0,0.0,0,0.0,0,0.0,0,0.0,0,0.0,0,0.0,0,0.0,0,0.0
E01001769,16,0,0.0,0,0.0,0,0.0,0,0.0,0,0.0,0,0.0,0,0.0,0,0.0,0,0.0,0,0.0,0,0.0,0,0.0
E01001770,13,0,0.0,0,0.0,0,0.0,0,0.0,0,0.0,0,0.0,0,0.0,0,0.0,0,0.0,0,0.0,0,0.0,0,0.0
E01001772,2,0,0.0,0,0.0,0,0.0,0,0.0,0,0.0,0,0.0,0,0.0,0,0.0,0,0.0,0,0.0,0,0.0,0,0.0
E01001773,8,0,0.0,0,0.0,0,0.0,0,0.0,0,0.0,0,0.0,0,0.0,0,0.0,0,0.0,0,0.0,0,0.0,0,0.0
E01001774,8,0,0.0,0,0.0,0,0.0,0,0.0,0,0.0,0,0.0,0,0.0,0,0.0,0,0.0,0,0.0,0,0.0,0,0.0
E01001775,8,0,0.0,0,0.0,0,0.0,0,0.0,0,0.0,0,0.0,0,0.0,0,0.0,0,0.0,0,0.0,0,0.0,0,0.0
E01001776,9,0,0.0,0,0.0,0,0.0,0,0.0,0,0.0,0,0.0,0,0.0,0,0.0,0,0.0,0,0.0,0,0.0,0,0.0
E01001777,11,0,0.0,0,0.0,0,0.0,0,0.0,0,0.0,0,0.0,0,0.0,0,0.0,0,0.0,0,0.0,0,0.0,0,0.0
E01001780,10,0,0.0,0,0.0,0,0.0,0,0.0,0,0.0,0,0.0,0,0.0,0,0.0,0,0.0,0,0.0,0,0.0,0,0.0
E01001781,6,0,0.0,0,0.0,0,0.0,0,0.0,0,0.0,0,0.0,0,0.0,0,0.0,0,0.0,0,0.0,0,0.0,0,0.0
E01001783,7,0,0.0,0,0.0,0,0.0,0,0.0,0,0.0,0,0.0,0,0.0,0,0.0,0,0.0,0,0.0,0,0.0,0,0.0
E01001784,5,0,0.0,0,0.0,0,0.0,0,0.0,0,0.0,0,0.0,0,0.0,0,0.0,0,0.0,0,0.0,0,0.0,0,0.0
E01001785,20,0,0.0,0,0.0,0,0.0,0,0.0,0,0.0,0,0.0,0,0.0,0,0.0,0,0.0,0,0.0,0,0.0,0,0.0
E01001786,5,0,0.0,0,0.0,0,0.0,0,0.0,0,0.0,0,0.0,0,0.0,0,0.0,0,0.0,0,0.0,0,0.0,0,0.0
E01001787,8,0,0.0,0,0.0,0,0.0,0,0.0,0,0.0,0,0.0,0,0.0,0,0.0,0,0.0,0,0.0,0,0.0,0,0.0
E01001788,8,0,0.0,0,0.0,0,0.0,0,0.0,0,0.0,0,0.0,0,0.0,0,0.0,0,0.0,0,0.0,0,0.0,0,0.0
E01001789,20,0,0.0,0,0.0,0,0.0,0,0.0,0,0.0,0,0.0,0,0.0,0,0.0,0,0.0,0,0.0,0,0.0,0,0.0
E01001790,2,0,0.0,0,0.0,0,0.0,0,0.0,0,0.0,0,0.0,0,0.0,0,0.0,0,0.0,0,0.0,0,0.0,0,0.0
E01001791,13,0,0.0,0,0.0,0,0.0,0,0.0,0,0.0,0,0.0,0,0.0,0,0.0,0,0.0,0,0.0,0,0.0,0,0.0
E01001792,13,0,0.0,0,0.0,0,0.0,0,0.0,0,0.0,0,0.0,0,0.0,0,0.0,0,0.0,0,0.0,0,0.0,0,0.0
E01001793,10,0,0.0,0,0.0,0,0.0,0,0.0,0,0.0,0,0.0,0,0.0,0,0.0,0,0.0,0,0.0,0,0.0,0,0.0
E01001794,17,0,0.0,0,0.0,0,0.0,0,0.0,0,0.0,0,0.0,0,0.0,0,0.0,0,0.0,0,0.0,0,0.0,0,0.0
E01001795,14,0,0.0,0,0.0,0,0.0,0,0.0,0,0.0,0,0.0,0,0.0,0,0.0,0,0.0,0,0.0,0,0.0,0,0.0
E01001796,15,0,0.0,0,0.0,0,0.0,0,0.0,0,0.0,0,0.0,0,0.0,0,0.0,0,0.0,0,0.0,0,0.0,0,0.0
E01001798,6,0,0.0,0,0.0,0,0.0,0,0.0,0,0.0,0,0.0,0,0.0,0,0.0,0,0.0,0,0.0,0,0.0,0,0.0
E01001799,3,0,0.0,0,0.0,0,0.0,0,0.0,0,0.0,0,0.0,0,0.0,0,0.0,0,0.0,0,0.0,0,0.0,0,0.0
E01001800,0,0,0.0,0,0.0,0,0.0,0,0.0,0,0.0,0,0.0,0,0.0,0,0.0,0,0.0,0,0.0,0,0.0,0,0.0
E01001801,3,0,0.0,0,0.0,0,0.0,0,0.0,0,0.0,0,0.0,0,0.0,0,0.0,0,0.0,0,0.0,0,0.0,0,0.0
E01001802,11,0,0.0,0,0.0,0,0.0,0,0.0,0,0.0,0,0.0,0,0.0,0,0.0,0,0.0,0,0.0,0,0.0,0,0.0
E01001803,9,0,0.0,0,0.0,0,0.0,0,0.0,0,0.0,0,0.0,0,0.0,0,0.0,0,0.0,0,0.0,0,0.0,0,0.0
E01001804,10,0,0.0,0,0.0,0,0.0,0,0.0,0,0.0,0,0.0,0,0.0,0,0.0,0,0.0,0,0.0,0,0.0,0,0.0
E01001805,6,0,0.0,0,0.0,0,0.0,0,0.0,0,0.0,0,0.0,0,0.0,0,0.0,0,0.0,0,0.0,0,0.0,0,0.0
E01001806,10,0,0.0,0,0.0,0,0.0,0,0.0,0,0.0,0,0.0,0,0.0,0,0.0,0,0.0,0,0.0,0,0.0,0,0.0
E01001807,13,0,0.0,0,0.0,0,0.0,0,0.0,0,0.0,0,0.0,0,0.0,0,0.0,0,0.0,0,0.0,0,0.0,0,0.0
E01001808,4,0,0.0,0,0.0,0,0.0,0,0.0,0,0.0,0,0.0,0,0.0,0,0.0,0,0.0,0,0.0,0,0.0,0,0.0
E01001809,2,0,0.0,0,0.0,0,0.0,0,0.0,0,0.0,0,0.0,0,0.0,0,0.0,0,0.0,0,0.0,0,0.0,0,0.0
E01001811,1,0,0.0,0,0.0,0,0.0,0,0.0,0,0.0,0,0.0,0,0.0,0,0.0,0,0.0,0,0.0,0,0.0,0,0.0
E01001812,15,0,0.0,0,0.0,0,0.0,0,0.0,0,0.0,0,0.0,0,0.0,0,0.0,0,0.0,0,0.0,0,0.0,0,0.0
E01001813,2,0,0.0,0,0.0,0,0.0,0,0.0,0,0.0,0,0.0,0,0.0,0,0.0,0,0.0,0,0.0,0,0.0,0,0.0
E01001814,4,0,0.0,0,0.0,0,0.0,0,0.0,0,0.0,0,0.0,0,0.0,0,0.0,0,0.0,0,0.0,0,0.0,0,0.0
E01001815,7,0,0.0,0,0.0,0,0.0,0,0.0,0,0.0,0,0.0,0,0.0,0,0.0,0,0.0,0,0.0,0,0.0,0,0.0
E01001816,17,0,0.0,0,0.0,0,0.0,0,0.0,0,0.0,0,0.0,0,0.0,0,0.0,0,0.0,0,0.0,0,0.0,0,0.0
E01001819,10,0,0.0,0,0.0,0,0.0,0,0.0,0,0.0,0,0.0,0,0.0,0,0.0,0,0.0,0,0.0,0,0.0,0,0.0
E01001820,9,0,0.0,0,0.0,0,0.0,0,0.0,0,0.0,0,0.0,0,0.0,0,0.0,0,0.0,0,0.0,0,0.0,0,0.0
E01001821,6,0,0.0,0,0.0,0,0.0,0,0.0,0,0.0,0,0.0,0,0.0,0,0.0,0,0.0,0,0.0,0,0.0,0,0.0
E01001822,1,0,0.0,0,0.0,0,0.0,0,0.0,0,0.0,0,0.0,0,0.0,0,0.0,0,0.0,0,0.0,0,0.0,0,0.0
E01001823,6,0,0.0,0,0.0,0,0.0,0,0.0,0,0.0,0,0.0,0,0.0,0,0.0,0,0.0,0,0.0,0,0.0,0,0.0
E01001824,4,0,0.0,0,0.0,0,0.0,0,0.0,0,0.0,0,0.0,0,0.0,0,0.0,0,0.0,0,0.0,0,0.0,0,0.0
E01001825,4,0,0.0,0,0.0,0,0.0,0,0.0,0,0.0,0,0.0,0,0.0,0,0.0,0,0.0,0,0.0,0,0.0,0,0.0
E01001826,5,0,0.0,0,0.0,0,0.0,0,0.0,0,0.0,0,0.0,0,0.0,0,0.0,0,0.0,0,0.0,0,0.0,0,0.0
E01001827,5,0,0.0,0,0.0,0,0.0,0,0.0,0,0.0,0,0.0,0,0.0,0,0.0,0,0.0,0,0.0,0,0.0,0,0.0
E01001828,6,0,0.0,0,0.0,0,0.0,0,0.0,0,0.0,0,0.0,0,0.0,0,0.0,0,0.0,0,0.0,0,0.0,0,0.0
E01001829,16,0,0.0,0,0.0,0,0.0,0,0.0,0,0.0,0,0.0,0,0.0,0,0.0,0,0.0,0,0.0,0,0.0,0,0.0
E01001830,2,0,0.0,0,0.0,0,0.0,0,0.0,0,0.0,0,0.0,0,0.0,0,0.0,0,0.0,0,0.0,0,0.0,0,0.0
E01001831,7,0,0.0,0,0.0,0,0.0,0,0.0,0,0.0,0,0.0,0,0.0,0,0.0,0,0.0,0,0.0,0,0.0,0,0.0
E01001832,10,0,0.0,0,0.0,0,0.0,0,0.0,0,0.0,0,0.0,0,0.0,0,0.0,0,0.0,0,0.0,0,0.0,0,0.0
E01001833,11,0,0.0,0,0.0,0,0.0,0,0.0,0,0.0,0,0.0,0,0.0,0,0.0,0,0.0,0,0.0,0,0.0,0,0.0
E01001834,9,0,0.0,0,0.0,0,0.0,0,0.0,0,0.0,0,0.0,0,0.0,0,0.0,0,0.0,0,0.0,0,0.0,0,0.0
E01001835,12,0,0.0,0,0.0,0,0.0,0,0.0,0,0.0,0,0.0,0,0.0,0,0.0,0,0.0,0,0.0,0,0.0,0,0.0
E01001836,6,0,0.0,0,0.0,0,0.0,0,0.0,0,0.0,0,0.0,0,0.0,0,0.0,0,0.0,0,0.0,0,0.0,0,0.0
E01001837,10,0,0.0,0,0.0,0,0.0,0,0.0,0,0.0,0,0.0,0,0.0,0,0.0,0,0.0,0,0.0,0,0.0,0,0.0
E01001838,4,0,0.0,0,0.0,0,0.0,0,0.0,0,0.0,0,0.0,0,0.0,0,0.0,0,0.0,0,0.0,0,0.0,0,0.0
E01001839,3,0,0.0,0,0.0,0,0.0,0,0.0,0,0.0,0,0.0,0,0.0,0,0.0,0,0.0,0,0.0,0,0.0,0,0.0
E01001840,7,0,0.0,0,0.0,0,0.0,0,0.0,0,0.0,0,0.0,0,0.0,0,0.0,0,0.0,0,0.0,0,0.0,0,0.0
E01001841,9,0,0.0,0,0.0,0,0.0,0,0.0,0,0.0,0,0.0,0,0.0,0,0.0,0,0.0,0,0.0,0,0.0,0,0.0
E01001842,7,0,0.0,0,0.0,0,0.0,0,0.0,0,0.0,0,0.0,0,0.0,0,0.0,0,0.0,0,0.0,0,0.0,0,0.0
E01001843,9,0,0.0,0,0.0,0,0.0,0,0.0,0,0.0,0,0.0,0,0.0,0,0.0,0,0.0,0,0.0,0,0.0,0,0.0
E01001844,20,0,0.0,0,0.0,0,0.0,0,0.0,0,0.0,0,0.0,0,0.0,0,0.0,0,0.0,0,0.0,0,0.0,0,0.0
E01001845,8,0,0.0,0,0.0,0,0.0,0,0.0,0,0.0,0,0.0,0,0.0,0,0.0,0,0.0,0,0.0,0,0.0,0,0.0
E01001846,2,0,0.0,0,0.0,0,0.0,0,0.0,0,0.0,0,0.0,0,0.0,0,0.0,0,0.0,0,0.0,0,0.0,0,0.0
E01001847,12,0,0.0,0,0.0,0,0.0,0,0.0,0,0.0,0,0.0,0,0.0,0,0.0,0,0.0,0,0.0,0,0.0,0,0.0
E01001848,10,0,0.0,0,0.0,0,0.0,0,0.0,0,0.0,0,0.0,0,0.0,0,0.0,0,0.0,0,0.0,0,0.0,0,0.0
E01001849,11,0,0.0,0,0.0,0,0.0,0,0.0,0,0.0,0,0.0,0,0.0,0,0.0,0,0.0,0,0.0,0,0.0,0,0.0
E01001850,3,0,0.0,0,0.0,0,0.0,0,0.0,0,0.0,0,0.0,0,0.0,0,0.0,0,0.0,0,0.0,0,0.0,0,0.0
E01001851,25,0,0.0,0,0.0,0,0.0,0,0.0,0,0.0,0,0.0,0,0.0,0,0.0,0,0.0,0,0.0,0,0.0,0,0.0
E01001852,26,0,0.0,0,0.0,0,0.0,0,0.0,0,0.0,0,0.0,0,0.0,0,0.0,0,0.0,0,0.0,0,0.0,0,0.0
E01001853,27,0,0.0,0,0.0,0,0.0,0,0.0,0,0.0,0,0.0,0,0.0,0,0.0,0,0.0,0,0.0,0,0.0,0,0.0
E01001854,19,0,0.0,0,0.0,0,0.0,0,0.0,0,0.0,0,0.0,0,0.0,0,0.0,0,0.0,0,0.0,0,0.0,0,0.0
E01001855,24,0,0.0,0,0.0,0,0.0,0,0.0,0,0.0,0,0.0,0,0.0,0,0.0,0,0.0,0,0.0,0,0.0,0,0.0
E01001856,23,0,0.0,0,0.0,0,0.0,0,0.0,0,0.0,0,0.0,0,0.0,0,0.0,0,0.0,0,0.0,0,0.0,0,0.0
E01001857,6,0,0.0,0,0.0,0,0.0,0,0.0,0,0.0,0,0.0,0,0.0,0,0.0,0,0.0,0,0.0,0,0.0,0,0.0
E01001858,16,0,0.0,0,0.0,0,0.0,0,0.0,0,0.0,0,0.0,0,0.0,0,0.0,0,0.0,0,0.0,0,0.0,0,0.0
E01001859,25,0,0.0,0,0.0,0,0.0,0,0.0,0,0.0,0,0.0,0,0.0,0,0.0,0,0.0,0,0.0,0,0.0,0,0.0
E01001860,17,0,0.0,0,0.0,0,0.0,0,0.0,0,0.0,0,0.0,0,0.0,0,0.0,0,0.0,0,0.0,0,0.0,0,0.0
E01001861,22,0,0.0,0,0.0,0,0.0,0,0.0,0,0.0,0,0.0,0,0.0,0,0.0,0,0.0,0,0.0,0,0.0,0,0.0
E01001862,23,0,0.0,0,0.0,0,0.0,0,0.0,0,0.0,0,0.0,0,0.0,0,0.0,0,0.0,0,0.0,0,0.0,0,0.0
E01001863,18,0,0.0,0,0.0,0,0.0,0,0.0,0,0.0,0,0.0,0,0.0,0,0.0,0,0.0,0,0.0,0,0.0,0,0.0
E01001864,26,0,0.0,0,0.0,0,0.0,0,0.0,0,0.0,0,0.0,0,0.0,0,0.0,0,0.0,0,0.0,0,0.0,0,0.0
E01001865,53,0,0.0,0,0.0,0,0.0,0,0.0,0,0.0,0,0.0,0,0.0,0,0.0,0,0.0,0,0.0,0,0.0,0,0.0
E01001866,10,0,0.0,0,0.0,0,0.0,0,0.0,0,0.0,0,0.0,0,0.0,0,0.0,0,0.0,0,0.0,0,0.0,0,0.0
E01001867,5,0,0.0,0,0.0,0,0.0,0,0.0,0,0.0,0,0.0,0,0.0,0,0.0,0,0.0,0,0.0,0,0.0,0,0.0
E01001868,8,0,0.0,0,0.0,0,0.0,0,0.0,0,0.0,0,0.0,0,0.0,0,0.0,0,0.0,0,0.0,0,0.0,0,0.0
E01001869,27,0,0.0,0,0.0,0,0.0,0,0.0,0,0.0,0,0.0,0,0.0,0,0.0,0,0.0,0,0.0,0,0.0,0,0.0
E01001870,23,0,0.0,0,0.0,0,0.0,0,0.0,0,0.0,0,0.0,0,0.0,0,0.0,0,0.0,0,0.0,0,0.0,0,0.0
E01001871,11,0,0.0,0,0.0,0,0.0,0,0.0,0,0.0,0,0.0,0,0.0,0,0.0,0,0.0,0,0.0,0,0.0,0,0.0
E01001872,22,0,0.0,0,0.0,0,0.0,0,0.0,0,0.0,0,0.0,0,0.0,0,0.0,0,0.0,0,0.0,0,0.0,0,0.0
E01001873,13,0,0.0,0,0.0,0,0.0,0,0.0,0,0.0,0,0.0,0,0.0,0,0.0,0,0.0,0,0.0,0,0.0,0,0.0
E01001875,34,0,0.0,0,0.0,0,0.0,0,0.0,0,0.0,0,0.0,0,0.0,0,0.0,0,0.0,0,0.0,0,0.0,0,0.0
E01001876,18,0,0.0,0,0.0,0,0.0,0,0.0,0,0.0,0,0.0,0,0.0,0,0.0,0,0.0,0,0.0,0,0.0,0,0.0
E01001877,29,0,0.0,0,0.0,0,0.0,0,0.0,0,0.0,0,0.0,0,0.0,0,0.0,0,0.0,0,0.0,0,0.0,0,0.0
E01001878,38,0,0.0,0,0.0,0,0.0,0,0.0,0,0.0,0,0.0,0,0.0,0,0.0,0,0.0,0,0.0,0,0.0,0,0.0
E01001879,23,0,0.0,0,0.0,0,0.0,0,0.0,0,0.0,0,0.0,0,0.0,0,0.0,0,0.0,0,0.0,0,0.0,0,0.0
E01001880,4,0,0.0,0,0.0,0,0.0,0,0.0,0,0.0,0,0.0,0,0.0,0,0.0,0,0.0,0,0.0,0,0.0,0,0.0
E01001881,30,0,0.0,0,0.0,0,0.0,0,0.0,0,0.0,0,0.0,0,0.0,0,0.0,0,0.0,0,0.0,0,0.0,0,0.0
E01001882,19,0,0.0,0,0.0,0,0.0,0,0.0,0,0.0,0,0.0,0,0.0,0,0.0,0,0.0,0,0.0,0,0.0,0,0.0
E01001883,24,0,0.0,0,0.0,0,0.0,0,0.0,0,0.0,0,0.0,0,0.0,0,0.0,0,0.0,0,0.0,0,0.0,0,0.0
E01001884,23,0,0.0,0,0.0,0,0.0,0,0.0,0,0.0,0,0.0,0,0.0,0,0.0,0,0.0,0,0.0,0,0.0,0,0.0
E01001885,1,0,0.0,0,0.0,0,0.0,0,0.0,0,0.0,0,0.0,0,0.0,0,0.0,0,0.0,0,0.0,0,0.0,0,0.0
E01001886,16,0,0.0,0,0.0,0,0.0,0,0.0,0,0.0,0,0.0,0,0.0,0,0.0,0,0.0,0,0.0,0,0.0,0,0.0
E01001887,16,0,0.0,0,0.0,0,0.0,0,0.0,0,0.0,0,0.0,0,0.0,0,0.0,0,0.0,0,0.0,0,0.0,0,0.0
E01001888,33,0,0.0,0,0.0,0,0.0,0,0.0,0,0.0,0,0.0,0,0.0,0,0.0,0,0.0,0,0.0,0,0.0,0,0.0
E01001889,29,0,0.0,0,0.0,0,0.0,0,0.0,0,0.0,0,0.0,0,0.0,0,0.0,0,0.0,0,0.0,0,0.0,0,0.0
E01001890,26,0,0.0,0,0.0,0,0.0,0,0.0,0,0.0,0,0.0,0,0.0,0,0.0,0,0.0,0,0.0,0,0.0,0,0.0
E01001891,35,0,0.0,0,0.0,0,0.0,0,0.0,0,0.0,0,0.0,0,0.0,0,0.0,0,0.0,0,0.0,0,0.0,0,0.0
E01001892,15,0,0.0,0,0.0,0,0.0,0,0.0,0,0.0,0,0.0,0,0.0,0,0.0,0,0.0,0,0.0,0,0.0,0,0.0
E01001893,9,0,0.0,0,0.0,0,0.0,0,0.0,0,0.0,0,0.0,0,0.0,0,0.0,0,0.0,0,0.0,0,0.0,0,0.0
E01001894,17,0,0.0,0,0.0,0,0.0,0,0.0,0,0.0,0,0.0,0,0.0,0,0.0,0,0.0,0,0.0,0,0.0,0,0.0
E01001895,45,0,0.0,0,0.0,0,0.0,0,0.0,0,0.0,0,0.0,0,0.0,0,0.0,0,0.0,0,0.0,0,0.0,0,0.0
E01001896,26,0,0.0,0,0.0,0,0.0,0,0.0,0,0.0,0,0.0,0,0.0,0,0.0,0,0.0,0,0.0,0,0.0,0,0.0
E01001897,52,0,0.0,0,0.0,0,0.0,0,0.0,0,0.0,0,0.0,0,0.0,0,0.0,0,0.0,0,0.0,0,0.0,0,0.0
E01001898,36,0,0.0,0,0.0,0,0.0,0,0.0,0,0.0,0,0.0,0,0.0,0,0.0,0,0.0,0,0.0,0,0.0,0,0.0
E01001899,11,0,0.0,0,0.0,0,0.0,0,0.0,0,0.0,0,0.0,0,0.0,0,0.0,0,0.0,0,0.0,0,0.0,0,0.0
E01001900,14,0,0.0,0,0.0,0,0.0,0,0.0,0,0.0,0,0.0,0,0.0,0,0.0,0,0.0,0,0.0,0,0.0,0,0.0
E01001901,20,0,0.0,0,0.0,0,0.0,0,0.0,0,0.0,0,0.0,0,0.0,0,0.0,0,0.0,0,0.0,0,0.0,0,0.0
E01001902,33,0,0.0,0,0.0,0,0.0,0,0.0,0,0.0,0,0.0,0,0.0,0,0.0,0,0.0,0,0.0,0,0.0,0,0.0
E01001903,11,0,0.0,0,0.0,0,0.0,0,0.0,0,0.0,0,0.0,0,0.0,0,0.0,0,0.0,0,0.0,0,0.0,0,0.0
E01001904,25,0,0.0,0,0.0,0,0.0,0,0.0,0,0.0,0,0.0,0,0.0,0,0.0,0,0.0,0,0.0,0,0.0,0,0.0
E01001905,34,0,0.0,0,0.0,0,0.0,0,0.0,0,0.0,0,0.0,0,0.0,0,0.0,0,0.0,0,0.0,0,0.0,0,0.0
E01001906,19,0,0.0,0,0.0,0,0.0,0,0.0,0,0.0,0,0.0,0,0.0,0,0.0,0,0.0,0,0.0,0,0.0,0,0.0
E01001907,23,0,0.0,0,0.0,0,0.0,0,0.0,0,0.0,0,0.0,0,0.0,0,0.0,0,0.0,0,0.0,0,0.0,0,0.0
E01001908,29,0,0.0,0,0.0,0,0.0,0,0.0,0,0.0,0,0.0,0,0.0,0,0.0,0,0.0,0,0.0,0,0.0,0,0.0
E01001909,30,0,0.0,0,0.0,0,0.0,0,0.0,0,0.0,0,0.0,0,0.0,0,0.0,0,0.0,0,0.0,0,0.0,0,0.0
E01001910,14,0,0.0,0,0.0,0,0.0,0,0.0,0,0.0,0,0.0,0,0.0,0,0.0,0,0.0,0,0.0,0,0.0,0,0.0
E01001911,12,0,0.0,0,0.0,0,0.0,0,0.0,0,0.0,0,0.0,0,0.0,0,0.0,0,0.0,0,0.0,0,0.0,0,0.0
E01001912,1,0,0.0,0,0.0,0,0.0,0,0.0,0,0.0,0,0.0,0,0.0,0,0.0,0,0.0,0,0.0,0,0.0,0,0.0
E01001913,28,0,0.0,0,0.0,0,0.0,0,0.0,0,0.0,0,0.0,0,0.0,0,0.0,0,0.0,0,0.0,0,0.0,0,0.0
E01001914,19,0,0.0,0,0.0,0,0.0,0,0.0,0,0.0,0,0.0,0,0.0,0,0.0,0,0.0,0,0.0,0,0.0,0,0.0
E01001915,36,0,0.0,0,0.0,0,0.0,0,0.0,0,0.0,0,0.0,0,0.0,0,0.0,0,0.0,0,0.0,0,0.0,0,0.0
E01001916,22,0,0.0,0,0.0,0,0.0,0,0.0,0,0.0,0,0.0,0,0.0,0,0.0,0,0.0,0,0.0,0,0.0,0,0.0
E01001917,17,0,0.0,0,0.0,0,0.0,0,0.0,0,0.0,0,0.0,0,0.0,0,0.0,0,0.0,0,0.0,0,0.0,0,0.0
E01001918,21,0,0.0,0,0.0,0,0.0,0,0.0,0,0.0,0,0.0,0,0.0,0,0.0,0,0.0,0,0.0,0,0.0,0,0.0
E01001919,29,0,0.0,0,0.0,0,0.0,0,0.0,0,0.0,0,0.0,0,0.0,0,0.0,0,0.0,0,0.0,0,0.0,0,0.0
E01001920,11,0,0.0,0,0.0,0,0.0,0,0.0,0,0.0,0,0.0,0,0.0,0,0.0,0,0.0,0,0.0,0,0.0,0,0.0
E01001921,22,0,0.0,0,0.0,0,0.0,0,0.0,0,0.0,0,0.0,0,0.0,0,0.0,0,0.0,0,0.0,0,0.0,0,0.0
E01001922,39,0,0.0,0,0.0,0,0.0,0,0.0,0,0.0,0,0.0,0,0.0,0,0.0,0,0.0,0,0.0,0,0.0,0,0.0
E01001923,26,0,0.0,0,0.0,0,0.0,0,0.0,0,0.0,0,0.0,0,0.0,0,0.0,0,0.0,0,0.0,0,0.0,0,0.0
E01001924,17,0,0.0,0,0.0,0,0.0,0,0.0,0,0.0,0,0.0,0,0.0,0,0.0,0,0.0,0,0.0,0,0.0,0,0.0
E01001925,23,0,0.0,0,0.0,0,0.0,0,0.0,0,0.0,0,0.0,0,0.0,0,0.0,0,0.0,0,0.0,0,0.0,0,0.0
E01001926,17,0,0.0,0,0.0,0,0.0,0,0.0,0,0.0,0,0.0,0,0.0,0,0.0,0,0.0,0,0.0,0,0.0,0,0.0
E01001927,42,0,0.0,0,0.0,0,0.0,0,0.0,0,0.0,0,0.0,0,0.0,0,0.0,0,0.0,0,0.0,0,0.0,0,0.0
E01001928,31,0,0.0,0,0.0,0,0.0,0,0.0,0,0.0,0,0.0,0,0.0,0,0.0,0,0.0,0,0.0,0,0.0,0,0.0
E01001929,34,0,0.0,0,0.0,0,0.0,0,0.0,0,0.0,0,0.0,0,0.0,0,0.0,0,0.0,0,0.0,0,0.0,0,0.0
E01001930,25,0,0.0,0,0.0,0,0.0,0,0.0,0,0.0,0,0.0,0,0.0,0,0.0,0,0.0,0,0.0,0,0.0,0,0.0
E01001931,8,0,0.0,0,0.0,0,0.0,0,0.0,0,0.0,0,0.0,0,0.0,0,0.0,0,0.0,0,0.0,0,0.0,0,0.0
E01001932,18,0,0.0,0,0.0,0,0.0,0,0.0,0,0.0,0,0.0,0,0.0,0,0.0,0,0.0,0,0.0,0,0.0,0,0.0
E01001933,36,0,0.0,0,0.0,0,0.0,0,0.0,0,0.0,0,0.0,0,0.0,0,0.0,0,0.0,0,0.0,0,0.0,0,0.0
E01001934,9,0,0.0,0,0.0,0,0.0,0,0.0,0,0.0,0,0.0,0,0.0,0,0.0,0,0.0,0,0.0,0,0.0,0,0.0
E01001935,36,0,0.0,0,0.0,0,0.0,0,0.0,0,0.0,0,0.0,0,0.0,0,0.0,0,0.0,0,0.0,0,0.0,0,0.0
E01001937,27,0,0.0,0,0.0,0,0.0,0,0.0,0,0.0,0,0.0,0,0.0,0,0.0,0,0.0,0,0.0,0,0.0,0,0.0
E01001938,16,0,0.0,0,0.0,0,0.0,0,0.0,0,0.0,0,0.0,0,0.0,0,0.0,0,0.0,0,0.0,0,0.0,0,0.0
E01001940,19,0,0.0,0,0.0,0,0.0,0,0.0,0,0.0,0,0.0,0,0.0,0,0.0,0,0.0,0,0.0,0,0.0,0,0.0
E01001941,19,0,0.0,0,0.0,0,0.0,0,0.0,0,0.0,0,0.0,0,0.0,0,0.0,0,0.0,0,0.0,0,0.0,0,0.0
E01001942,37,0,0.0,0,0.0,0,0.0,0,0.0,0,0.0,0,0.0,0,0.0,0,0.0,0,0.0,0,0.0,0,0.0,0,0.0
E01001943,24,0,0.0,0,0.0,0,0.0,0,0.0,0,0.0,0,0.0,0,0.0,0,0.0,0,0.0,0,0.0,0,0.0,0,0.0
E01001944,1,0,0.0,0,0.0,0,0.0,0,0.0,0,0.0,0,0.0,0,0.0,0,0.0,0,0.0,0,0.0,0,0.0,0,0.0
E01001945,28,0,0.0,0,0.0,0,0.0,0,0.0,0,0.0,0,0.0,0,0.0,0,0.0,0,0.0,0,0.0,0,0.0,0,0.0
E01001946,30,0,0.0,0,0.0,0,0.0,0,0.0,0,0.0,0,0.0,0,0.0,0,0.0,0,0.0,0,0.0,0,0.0,0,0.0
E01001947,9,0,0.0,0,0.0,0,0.0,0,0.0,0,0.0,0,0.0,0,0.0,0,0.0,0,0.0,0,0.0,0,0.0,0,0.0
E01001948,21,0,0.0,0,0.0,0,0.0,0,0.0,0,0.0,0,0.0,0,0.0,0,0.0,0,0.0,0,0.0,0,0.0,0,0.0
E01001949,23,0,0.0,0,0.0,0,0.0,0,0.0,0,0.0,0,0.0,0,0.0,0,0.0,0,0.0,0,0.0,0,0.0,0,0.0
E01001950,22,0,0.0,0,0.0,0,0.0,0,0.0,0,0.0,0,0.0,0,0.0,0,0.0,0,0.0,0,0.0,0,0.0,0,0.0
E01001951,23,0,0.0,0,0.0,0,0.0,0,0.0,0,0.0,0,0.0,0,0.0,0,0.0,0,0.0,0,0.0,0,0.0,0,0.0
E01001952,11,0,0.0,0,0.0,0,0.0,0,0.0,0,0.0,0,0.0,0,0.0,0,0.0,0,0.0,0,0.0,0,0.0,0,0.0
E01001953,8,0,0.0,0,0.0,0,0.0,0,0.0,0,0.0,0,0.0,0,0.0,0,0.0,0,0.0,0,0.0,0,0.0,0,0.0
E01001954,15,0,0.0,0,0.0,0,0.0,0,0.0,0,0.0,0,0.0,0,0.0,0,0.0,0,0.0,0,0.0,0,0.0,0,0.0
E01001955,31,0,0.0,0,0.0,0,0.0,0,0.0,0,0.0,0,0.0,0,0.0,0,0.0,0,0.0,0,0.0,0,0.0,0,0.0
E01001956,34,0,0.0,0,0.0,0,0.0,0,0.0,0,0.0,0,0.0,0,0.0,0,0.0,0,0.0,0,0.0,0,0.0,0,0.0
E01001957,13,0,0.0,0,0.0,0,0.0,0,0.0,0,0.0,0,0.0,0,0.0,0,0.0,0,0.0,0,0.0,0,0.0,0,0.0
E01001958,8,0,0.0,0,0.0,0,0.0,0,0.0,0,0.0,0,0.0,0,0.0,0,0.0,0,0.0,0,0.0,0,0.0,0,0.0
E01001959,15,0,0.0,0,0.0,0,0.0,0,0.0,0,0.0,0,0.0,0,0.0,0,0.0,0,0.0,0,0.0,0,0.0,0,0.0
E01001960,29,0,0.0,0,0.0,0,0.0,0,0.0,0,0.0,0,0.0,0,0.0,0,0.0,0,0.0,0,0.0,0,0.0,0,0.0
E01001961,17,0,0.0,0,0.0,0,0.0,0,0.0,0,0.0,0,0.0,0,0.0,0,0.0,0,0.0,0,0.0,0,0.0,0,0.0
E01001962,1,0,0.0,0,0.0,0,0.0,0,0.0,0,0.0,0,0.0,0,0.0,0,0.0,0,0.0,0,0.0,0,0.0,0,0.0
E01001963,1,0,0.0,0,0.0,0,0.0,0,0.0,0,0.0,0,0.0,0,0.0,0,0.0,0,0.0,0,0.0,0,0.0,0,0.0
E01001964,0,0,13.89674,0,13.89674,0,13.89674,0,12.398606,0,12.398606,0,12.398606,0,3.6322846,0,3.6322846,0,0.91100043,0,0.0,0,0.0,0,0.0
E01001965,1,0,0.0,0,0.0,0,0.0,0,0.0,0,0.0,0,0.0,0,0.0,0,0.0,0,0.0,0,0.0,0,0.0,0,0.0
E01001966,4,0,0.0,0,0.0,0,0.0,0,0.0,0,0.0,0,0.0,0,0.0,0,0.0,0,0.0,0,0.0,0,0.0,0,0.0
E01001967,3,0,0.0,0,0.0,0,0.0,0,0.0,0,0.0,0,0.0,0,0.0,0,0.0,0,0.0,0,0.0,0,0.0,0,0.0
E01001968,0,0,0.0,0,0.0,0,0.0,0,0.0,0,0.0,0,0.0,0,0.0,0,0.0,0,0.0,0,0.0,0,0.0,0,0.0
E01001969,2,0,33.967849,0,33.967849,0,33.967849,0,34.891371,2,2.7420598,0,34.891371,0,36.610579,0,36.610579,0,36.610579,0,38.178133,0,38.178133,0,38.178133
E01001970,0,0,0.0,0,0.0,0,0.0,0,0.0,0,0.0,0,0.0,0,0.0,0,0.0,0,0.0,0,0.0,0,0.0,0,0.0
E01001971,0,0,52.521429,0,52.521429,0,52.521429,0,53.813683,0,53.813683,0,53.813683,0,56.219315,0,56.219315,0,56.219315,0,58.412744,0,58.412744,0,58.412744
E01001972,3,0,10.445042,0,10.445042,0,10.445042,0,10.984004,0,10.984004,0,10.984004,0,11.987322,0,11.987322,0,11.987322,0,12.902136,0,12.902136,0,12.902136
E01001973,1,0,0.0,0,0.0,0,0.0,0,0.0,0,0.0,0,0.0,0,0.0,0,0.0,0,0.0,0,0.0,0,0.0,0,0.0
E01001974,1,0,26.918106,0,26.918106,0,26.918106,0,26.7886,1,10.713944,0,26.7886,0,26.547515,0,26.547515,0,26.547515,0,26.327697,0,26.327697,0,26.327697
E01001975,1,0,43.475493,0,43.475493,0,43.475493,0,44.08647,2,11.937158,0,44.08647,0,45.223851,0,45.223851,0,45.223851,0,46.260901,0,46.260901,0,46.260901
E01001976,0,0,23.829216,0,23.829216,0,23.829216,0,27.986002,0,27.986002,0,27.986002,0,44.912239,0,44.912239,0,30.345398,0,45.83947,0,45.83947,2,13.690159
E01001977,1,0,22.180096,0,22.180096,0,22.180096,0,23.139993,0,23.139993,0,23.139993,0,24.926917,0,24.926917,0,24.926917,0,26.556213,0,26.556213,1,10.481558
E01001978,0,0,29.67863,0,29.67863,0,29.67863,0,32.553694,0,32.553694,0,32.553694,0,37.905848,0,37.905848,0,37.905848,0,42.785882,0,42.785882,2,10.636571
E01001979,0,0,0.0,0,0.0,0,0.0,0,0.0,0,0.0,0,0.0,0,0.0,0,0.0,0,0.0,0,0.0,0,0.0,0,0.0
E01001980,1,0,0.0,0,0.0,0,0.0,0,0.0,0,0.0,0,0.0,0,1.4478245,0,1.4478245,0,0.0,0,3.9615594,0,3.9615594,0,3.9615594
E01001981,0,0,0.0,0,0.0,0,0.0,0,0.0,0,0.0,0,0.0,0,0.0,0,0.0,0,0.0,0,0.0,0,0.0,0,0.0
E01001982,0,0,0.0,0,0.0,0,0.0,0,0.0,0,0.0,0,0.0,0,0.0,0,0.0,0,0.0,0,0.0,0,0.0,0,0.0
E01001983,1,0,0.0,0,0.0,0,0.0,0,0.0,0,0.0,0,0.0,0,0.0,0,0.0,0,0.0,0,0.0,0,0.0,0,0.0
E01001984,0,0,0.0,0,0.0,0,0.0,0,0.0,0,0.0,0,0.0,0,0.0,0,0.0,0,0.0,0,0.0,0,0.0,0,0.0
E01001985,1,0,0.0,0,0.0,0,0.0,0,0.0,0,0.0,0,0.0,0,0.0,0,0.0,0,0.0,0,0.0,0,0.0,0,0.0
E01001986,1,0,0.0,0,0.0,0,0.0,0,0.0,0,0.0,0,0.0,0,0.0,0,0.0,0,0.0,0,0.0,0,0.0,0,0.0
E01001987,1,0,0.0,0,0.0,0,0.0,0,0.0,0,0.0,0,0.0,0,0.0,0,0.0,0,0.0,0,0.0,0,0.0,0,0.0
E01001988,3,0,0.0,0,0.0,0,0.0,0,0.0,0,0.0,0,0.0,0,0.0,0,0.0,0,0.0,0,0.0,0,0.0,0,0.0
E01001989,2,0,0.0,0,0.0,0,0.0,0,0.0,0,0.0,0,0.0,0,0.0,0,0.0,0,0.0,0,0.0,0,0.0,0,0.0
E01001990,2,0,0.0,0,0.0,0,0.0,0,0.0,0,0.0,0,0.0,0,0.0,0,0.0,0,0.0,0,0.0,0,0.0,0,0.0
E01001991,0,0,0.0,0,0.0,0,0.0,0,0.0,0,0.0,0,0.0,0,0.0,0,0.0,0,0.0,0,0.0,0,0.0,0,0.0
E01001992,0,0,0.0,0,0.0,0,0.0,0,0.0,0,0.0,0,0.0,0,0.0,0,0.0,0,0.0,0,0.0,0,0.0,0,0.0
E01001993,1,0,0.0,0,0.0,0,0.0,0,0.0,0,0.0,0,0.0,0,0.0,0,0.0,0,0.0,0,0.0,0,0.0,0,0.0
E01001994,1,0,0.0,0,0.0,0,0.0,0,0.0,0,0.0,0,0.0,0,0.0,0,0.0,0,0.0,0,0.0,0,0.0,0,0.0
E01001995,0,0,0.0,0,0.0,0,0.0,0,0.0,0,0.0,0,0.0,0,0.0,0,0.0,0,0.0,0,0.0,0,0.0,0,0.0
E01001996,1,0,0.0,0,0.0,0,0.0,0,0.0,0,0.0,0,0.0,0,0.0,0,0.0,0,0.0,0,0.0,0,0.0,0,0.0
E01001997,2,0,0.0,0,0.0,0,0.0,0,0.0,0,0.0,0,0.0,0,0.0,0,0.0,0,0.0,0,0.0,0,0.0,0,0.0
E01001998,2,0,0.0,0,0.0,0,0.0,0,0.0,0,0.0,0,0.0,0,0.0,0,0.0,0,0.0,0,0.0,0,0.0,0,0.0
E01001999,1,0,0.0,0,0.0,0,0.0,0,0.0,0,0.0,0,0.0,0,0.0,0,0.0,0,0.0,0,0.0,0,0.0,0,0.0
E01002000,2,0,0.0,0,0.0,0,0.0,0,0.0,0,0.0,0,0.0,0,0.0,0,0.0,0,0.0,0,0.0,0,0.0,0,0.0
E01002001,0,0,0.0,0,0.0,0,0.0,0,0.0,0,0.0,0,0.0,0,0.0,0,0.0,0,0.0,0,0.0,0,0.0,0,0.0
E01002002,2,0,0.0,0,0.0,0,0.0,0,0.0,0,0.0,0,0.0,0,0.0,0,0.0,0,0.0,0,0.0,0,0.0,0,0.0
E01002003,1,0,0.0,0,0.0,0,0.0,0,0.0,0,0.0,0,0.0,0,0.0,0,0.0,0,0.0,0,0.0,0,0.0,0,0.0
E01002004,0,0,0.0,0,0.0,0,0.0,0,0.0,0,0.0,0,0.0,0,0.0,0,0.0,0,0.0,0,0.0,0,0.0,0,0.0
E01002005,2,0,0.0,0,0.0,0,0.0,0,0.0,0,0.0,0,0.0,0,0.0,0,0.0,0,0.0,0,0.0,0,0.0,0,0.0
E01002006,1,0,0.0,0,0.0,0,0.0,0,0.0,0,0.0,0,0.0,0,0.0,0,0.0,0,0.0,0,0.0,0,0.0,0,0.0
E01002007,3,0,0.0,0,0.0,0,0.0,0,0.0,0,0.0,0,0.0,0,0.0,0,0.0,0,0.0,0,0.0,0,0.0,0,0.0
E01002008,2,0,0.0,0,0.0,0,0.0,0,0.0,0,0.0,0,0.0,0,0.0,0,0.0,0,0.0,0,0.0,0,0.0,0,0.0
E01002009,1,0,0.0,0,0.0,0,0.0,0,0.0,0,0.0,0,0.0,0,0.0,0,0.0,0,0.0,0,0.0,0,0.0,0,0.0
E01002010,1,0,0.0,0,0.0,0,0.0,0,0.0,0,0.0,0,0.0,0,0.0,0,0.0,0,0.0,0,0.0,0,0.0,0,0.0
E01002011,3,0,0.0,0,0.0,0,0.0,0,0.0,0,0.0,0,0.0,0,0.0,0,0.0,0,0.0,0,0.0,0,0.0,0,0.0
E01002013,1,0,0.0,0,0.0,0,0.0,0,0.0,0,0.0,0,0.0,0,0.0,0,0.0,0,0.0,0,0.0,0,0.0,0,0.0
E01002014,2,0,0.0,0,0.0,0,0.0,0,0.0,0,0.0,0,0.0,0,0.0,0,0.0,0,0.0,0,0.0,0,0.0,0,0.0
E01002015,0,0,0.0,0,0.0,0,0.0,0,0.0,0,0.0,0,0.0,0,0.0,0,0.0,0,0.0,0,0.0,0,0.0,0,0.0
E01002016,0,0,0.0,0,0.0,0,0.0,0,0.0,0,0.0,0,0.0,0,0.0,0,0.0,0,0.0,0,0.0,0,0.0,0,0.0
E01002017,0,0,0.0,0,0.0,0,0.0,0,0.0,0,0.0,0,0.0,0,0.0,0,0.0,0,0.0,0,0.0,0,0.0,0,0.0
E01002018,1,0,0.0,0,0.0,0,0.0,0,0.0,0,0.0,0,0.0,0,0.0,0,0.0,0,0.0,0,0.0,0,0.0,0,0.0
E01002019,0,0,0.0,0,0.0,0,0.0,0,0.0,0,0.0,0,0.0,0,0.0,0,0.0,0,0.0,0,0.0,0,0.0,0,0.0
E01002020,0,0,0.0,0,0.0,0,0.0,0,0.0,0,0.0,0,0.0,0,0.0,0,0.0,0,0.0,0,0.0,0,0.0,0,0.0
E01002021,1,0,0.0,0,0.0,0,0.0,0,0.0,0,0.0,0,0.0,0,0.0,0,0.0,0,0.0,0,0.0,0,0.0,0,0.0
E01002022,4,0,0.0,0,0.0,0,0.0,0,0.0,0,0.0,0,0.0,0,0.0,0,0.0,0,0.0,0,0.0,0,0.0,0,0.0
E01002023,0,0,0.0,0,0.0,0,0.0,0,0.0,0,0.0,0,0.0,0,0.0,0,0.0,0,0.0,0,0.0,0,0.0,0,0.0
E01002024,0,0,0.0,0,0.0,0,0.0,0,0.0,0,0.0,0,0.0,0,0.0,0,0.0,0,0.0,0,0.0,0,0.0,0,0.0
E01002025,2,0,0.0,0,0.0,0,0.0,0,0.0,0,0.0,0,0.0,0,0.0,0,0.0,0,0.0,0,0.0,0,0.0,0,0.0
E01002026,1,0,22.750994,0,22.750994,0,22.750994,0,23.789623,1,7.7149674,0,23.789623,0,25.723113,0,25.723113,0,25.723113,0,27.486047,0,27.486047,0,27.486047
E01002027,1,0,21.408215,0,21.408215,0,21.408215,0,21.825703,0,21.825703,0,21.825703,0,22.602889,0,22.602889,0,22.602889,0,23.311519,0,23.311519,0,23.311519
E01002028,1,0,27.986054,0,27.986054,0,27.986054,0,28.412314,0,28.412314,0,28.412314,0,29.20583,0,29.20583,0,29.20583,0,29.929349,0,29.929349,0,29.929349
E01002029,1,0,0.0,0,0.0,0,0.0,0,0.0,0,0.0,0,0.0,0,1.1179198,0,1.1179198,0,1.1179198,0,3.8075646,0,3.8075646,0,3.8075646
E01002030,4,0,0.0,0,0.0,0,0.0,0,0.0,0,0.0,0,0.0,0,0.0,0,0.0,0,0.0,0,0.0,0,0.0,0,0.0
E01002031,2,0,6.4290724,0,6.4290724,0,6.4290724,0,6.9867565,0,6.9867565,0,6.9867565,0,8.0249286,0,8.0249286,0,8.0249286,0,8.9715222,0,8.9715222,0,8.9715222
E01002032,0,0,44.47987,0,44.47987,0,44.47987,0,45.357247,0,45.357247,0,45.357247,0,46.990553,0,46.990553,0,46.990553,0,48.479782,0,48.479782,0,48.479782
E01002033,3,0,3.9690914,0,3.9690914,0,3.9690914,0,4.7541458,0,4.7541458,0,4.7541458,0,6.2155855,0,6.2155855,0,6.2155855,0,7.5481097,0,7.5481097,0,7.5481097
E01002034,1,0,20.224785,0,20.224785,0,20.224785,0,22.004045,0,22.004045,0,22.004045,0,25.316276,0,25.316276,0,25.316276,0,28.336331,0,28.336331,1,12.261675
E01002036,1,0,0.0,0,0.0,0,0.0,0,0.0,0,0.0,0,0.0,0,0.0,0,0.0,0,0.0,0,0.0,0,0.0,0,0.0
E01002037,0,0,0.0,0,0.0,0,0.0,0,0.0,0,0.0,0,0.0,0,0.0,0,0.0,0,0.0,0,0.0,0,0.0,0,0.0
E01002038,0,0,0.0,0,0.0,0,0.0,0,0.0,0,0.0,0,0.0,0,0.0,0,0.0,0,0.0,0,0.0,0,0.0,0,0.0
E01002039,0,0,0.0,0,0.0,0,0.0,0,0.0,0,0.0,0,0.0,0,0.0,0,0.0,0,0.0,0,0.0,0,0.0,0,0.0
E01002040,0,0,0.0,0,0.0,0,0.0,0,0.0,0,0.0,0,0.0,0,0.0,0,0.0,0,0.0,0,0.0,0,0.0,0,0.0
E01002041,0,0,49.254545,0,49.254545,0,49.254545,0,51.009535,0,51.009535,0,51.009535,0,54.276585,0,54.276585,0,54.276585,0,57.255445,0,57.255445,3,9.0314773
E01002042,1,0,0.0,0,0.0,0,0.0,0,0.0,0,0.0,0,0.0,0,0.0,0,0.0,0,0.0,0,0.0,0,0.0,0,0.0
E01002043,0,0,0.0,0,0.0,0,0.0,0,0.0,0,0.0,0,0.0,0,0.0,0,0.0,0,0.0,0,0.0,0,0.0,0,0.0
E01002044,0,0,0.0,0,0.0,0,0.0,0,0.0,0,0.0,0,0.0,0,0.0,0,0.0,0,0.0,0,0.0,0,0.0,0,0.0
E01002045,0,0,0.0,0,0.0,0,0.0,0,0.0,0,0.0,0,0.0,0,0.0,0,0.0,0,0.0,0,0.0,0,0.0,0,0.0
E01002046,0,0,0.0,0,0.0,0,0.0,0,0.0,0,0.0,0,0.0,0,0.0,0,0.0,0,0.0,0,0.0,0,0.0,0,0.0
E01002047,1,0,0.0,0,0.0,0,0.0,0,0.0,0,0.0,0,0.0,0,0.0,0,0.0,0,0.0,0,0.0,0,0.0,0,0.0
E01002048,0,0,0.0,0,0.0,0,0.0,0,0.0,0,0.0,0,0.0,0,0.0,0,0.0,0,0.0,0,0.0,0,0.0,0,0.0
E01002049,0,0,0.0,0,0.0,0,0.0,0,0.0,0,0.0,0,0.0,0,0.0,0,0.0,0,0.0,0,0.0,0,0.0,0,0.0
E01002050,3,0,0.0,0,0.0,0,0.0,0,0.0,0,0.0,0,0.0,0,0.0,0,0.0,0,0.0,0,0.0,0,0.0,0,0.0
E01002051,0,0,0.0,0,0.0,0,0.0,0,0.0,0,0.0,0,0.0,0,0.0,0,0.0,0,0.0,0,0.0,0,0.0,0,0.0
E01002052,3,0,0.0,0,0.0,0,0.0,0,0.0,0,0.0,0,0.0,0,0.0,0,0.0,0,0.0,0,0.0,0,0.0,0,0.0
E01002053,1,0,0.0,0,0.0,0,0.0,0,0.0,0,0.0,0,0.0,0,0.0,0,0.0,0,0.0,0,0.0,0,0.0,0,0.0
E01002054,0,0,0.0,0,0.0,0,0.0,0,0.0,0,0.0,0,0.0,0,0.0,0,0.0,0,0.0,0,0.0,0,0.0,0,0.0
E01002055,1,0,0.0,0,0.0,0,0.0,0,0.0,0,0.0,0,0.0,0,0.0,0,0.0,0,0.0,0,0.0,0,0.0,0,0.0
E01002056,0,0,0.0,0,0.0,0,0.0,0,0.0,0,0.0,0,0.0,0,0.0,0,0.0,0,0.0,0,0.0,0,0.0,0,0.0
E01002057,2,0,0.0,0,0.0,0,0.0,0,0.0,0,0.0,0,0.0,0,0.0,0,0.0,0,0.0,0,0.0,0,0.0,0,0.0
E01002058,0,0,0.0,0,0.0,0,0.0,0,0.0,0,0.0,0,0.0,0,0.0,0,0.0,0,0.0,0,0.0,0,0.0,0,0.0
E01002059,0,0,0.0,0,0.0,0,0.0,0,0.0,0,0.0,0,0.0,0,0.0,0,0.0,0,0.0,0,0.0,0,0.0,0,0.0
E01002060,1,0,0.0,0,0.0,0,0.0,0,0.0,0,0.0,0,0.0,0,0.0,0,0.0,0,0.0,0,0.0,0,0.0,0,0.0
E01002061,4,0,0.0,0,0.0,0,0.0,0,0.0,0,0.0,0,0.0,0,0.0,0,0.0,0,0.0,0,0.0,0,0.0,0,0.0
E01002062,1,0,0.0,0,0.0,0,0.0,0,0.0,0,0.0,0,0.0,0,0.0,0,0.0,0,0.0,0,0.0,0,0.0,0,0.0
E01002063,1,0,0.0,0,0.0,0,0.0,0,0.0,0,0.0,0,0.0,0,0.0,0,0.0,0,0.0,0,0.0,0,0.0,0,0.0
E01002064,1,0,0.0,0,0.0,0,0.0,0,0.0,0,0.0,0,0.0,0,0.0,0,0.0,0,0.0,0,0.0,0,0.0,0,0.0
E01002065,1,0,0.0,0,0.0,0,0.0,0,0.0,0,0.0,0,0.0,0,0.0,0,0.0,0,0.0,0,0.0,0,0.0,0,0.0
E01002066,1,0,0.0,0,0.0,0,0.0,0,0.0,0,0.0,0,0.0,0,0.0,0,0.0,0,0.0,0,0.0,0,0.0,0,0.0
E01002067,1,0,0.0,0,0.0,0,0.0,0,0.0,0,0.0,0,0.0,0,0.0,0,0.0,0,0.0,0,0.0,0,0.0,0,0.0
E01002068,2,0,0.0,0,0.0,0,0.0,0,0.0,0,0.0,0,0.0,0,0.0,0,0.0,0,0.0,0,0.0,0,0.0,0,0.0
E01002069,1,0,0.0,0,0.0,0,0.0,0,0.0,0,0.0,0,0.0,0,0.0,0,0.0,0,0.0,0,0.0,0,0.0,0,0.0
E01002070,4,0,0.0,0,0.0,0,0.0,0,0.0,0,0.0,0,0.0,0,0.0,0,0.0,0,0.0,0,0.0,0,0.0,0,0.0
E01002071,2,0,0.0,0,0.0,0,0.0,0,0.0,0,0.0,0,0.0,0,0.0,0,0.0,0,0.0,0,0.0,0,0.0,0,0.0
E01002072,1,0,0.0,0,0.0,0,0.0,0,0.0,0,0.0,0,0.0,0,0.0,0,0.0,0,0.0,0,0.0,0,0.0,0,0.0
E01002073,0,0,0.0,0,0.0,0,0.0,0,0.0,0,0.0,0,0.0,0,0.0,0,0.0,0,0.0,0,0.0,0,0.0,0,0.0
E01002074,1,0,0.0,0,0.0,0,0.0,0,0.0,0,0.0,0,0.0,0,0.0,0,0.0,0,0.0,0,0.0,0,0.0,0,0.0
E01002075,1,0,0.0,0,0.0,0,0.0,0,0.0,0,0.0,0,0.0,0,0.0,0,0.0,0,0.0,0,0.0,0,0.0,0,0.0
E01002076,1,0,0.0,0,0.0,0,0.0,0,0.0,0,0.0,0,0.0,0,0.0,0,0.0,0,0.0,0,0.0,0,0.0,0,0.0
E01002077,0,0,0.0,0,0.0,0,0.0,0,0.0,0,0.0,0,0.0,0,0.0,0,0.0,0,0.0,0,0.0,0,0.0,0,0.0
E01002078,1,0,0.0,0,0.0,0,0.0,0,0.0,0,0.0,0,0.0,0,0.0,0,0.0,0,0.0,0,0.0,0,0.0,0,0.0
E01002079,0,0,0.0,0,0.0,0,0.0,0,0.0,0,0.0,0,0.0,0,0.0,0,0.0,0,0.0,0,0.0,0,0.0,0,0.0
E01002081,1,0,0.0,0,0.0,0,0.0,0,0.0,0,0.0,0,0.0,0,0.0,0,0.0,0,0.0,0,0.0,0,0.0,0,0.0
E01002082,0,0,37.694805,0,37.694805,0,37.694805,0,38.92756,0,38.92756,0,38.92756,0,41.22243,0,41.22243,0,41.22243,0,43.314866,0,43.314866,2,11.165555
E01002083,0,0,41.212987,0,41.212987,0,41.212987,0,41.12106,0,41.12106,0,41.12106,0,40.949929,0,40.949929,0,40.949929,0,40.793895,0,40.793895,0,40.793895
E01002084,1,0,49.10517,0,49.10517,0,49.10517,0,49.735744,0,49.735744,0,49.735744,0,50.909608,0,50.909608,0,50.909608,0,51.979923,0,51.979923,0,51.979923
E01002085,1,0,32.20845,0,32.20845,0,32.20845,0,32.642578,0,32.642578,0,32.642578,0,33.450742,0,33.450742,0,33.450742,0,34.187617,0,34.187617,0,34.187617
E01002086,0,0,0.0,0,0.0,0,0.0,0,0.0,0,0.0,0,0.0,0,0.059990186,0,0.059990186,1,0.0,0,28.179931,0,28.179931,0,28.055349
E01002087,0,0,6.7017211,0,6.7017211,0,6.7017211,0,9.2213084,0,9.2213084,0,9.2213084,0,12.448186,0,12.448186,0,12.448186,0,15.390416,0,15.390416,0,15.390416
E01002088,0,0,48.877597,0,48.877597,0,48.877597,0,49.207372,0,49.207372,0,49.207372,0,49.821272,0,49.821272,0,49.821272,0,50.381019,0,50.381019,0,50.381019
E01002089,0,0,32.417532,0,32.417532,0,32.417532,0,33.724443,0,33.724443,0,33.724443,0,36.157359,0,36.157359,0,36.157359,0,38.375663,0,38.375663,2,6.2263518
E01002090,1,0,50.645149,0,50.645149,0,50.645149,0,51.80496,0,51.80496,3,3.580993,0,53.964039,0,53.964039,3,5.7400713,0,55.932662,0,55.932662,3,7.7086944
E01002091,0,0,63.955519,0,63.955519,3,15.731552,0,65.753773,0,65.753773,4,1.4551502,0,69.101363,0,69.101363,4,4.8027397,0,72.153657,0,72.153657,4,7.8550337
E01002092,0,0,40.459091,0,40.459091,0,40.459091,0,41.952014,0,41.952014,0,41.952014,0,44.731208,2,12.581896,0,44.731208,0,47.265244,0,47.265244,2,15.115933
E01002093,4,0,2.6252347,0,2.6252347,0,2.6252347,0,4.5787859,0,4.5787859,0,4.5787859,0,8.2154733,0,8.2154733,0,8.2154733,0,11.531364,0,11.531364,0,11.531364
E01002094,0,0,48.500649,0,48.500649,0,48.500649,0,49.679777,0,49.679777,0,49.679777,0,51.874815,0,51.874815,0,51.874815,0,53.876225,0,53.876225,3,5.6522581
E01002095,1,0,32.677292,0,32.677292,0,32.677292,0,33.8435,0,33.8435,0,33.8435,0,36.014487,0,36.014487,0,36.014487,0,37.993968,0,37.993968,2,5.8446569
E01002096,1,0,35.567227,0,35.567227,0,35.567227,0,36.812645,0,36.812645,0,36.812645,0,39.131086,2,6.9817748,0,39.131086,0,41.245015,0,41.245015,0,41.245015
E01002097,1,0,30.215626,0,30.215626,0,30.215626,0,31.033856,0,31.033856,0,31.033856,0,32.557054,0,32.557054,0,32.557054,0,33.945888,0,33.945888,0,33.945888
E01002098,1,0,29.401057,0,29.401057,0,29.401057,0,29.468249,0,29.468249,0,29.468249,0,29.593333,0,29.593333,0,29.593333,0,29.707384,0,29.707384,0,29.707384
E01002099,1,0,13.70807,0,13.70807,0,13.70807,0,16.831443,0,16.831443,0,16.831443,0,22.645846,0,22.645846,0,22.645846,0,27.947353,0,27.947353,0,27.947353
E01002100,1,0,34.892278,0,34.892278,0,34.892278,0,35.937401,0,35.937401,0,35.937401,0,37.88298,0,37.88298,0,37.88298,0,39.656937,0,39.656937,0,39.656937
E01002101,3,0,0.0,0,0.0,0,0.0,0,0.0,0,0.0,0,0.0,0,0.0,0,0.0,0,0.0,0,0.0,0,0.0,0,0.0
E01002102,4,0,0.0,0,0.0,0,0.0,0,0.0,0,0.0,0,0.0,0,0.0,0,0.0,0,0.0,0,0.0,0,0.0,0,0.0
E01002103,0,0,48.123701,0,48.123701,0,48.123701,0,48.509437,0,48.509437,0,48.509437,0,49.227513,0,49.227513,0,49.227513,0,49.882247,0,49.882247,0,49.882247
E01002104,1,0,30.779971,0,30.779971,0,30.779971,0,31.141818,0,31.141818,0,31.141818,0,31.815424,0,31.815424,0,31.815424,0,32.42961,0,32.42961,0,32.42961
E01002105,3,0,0.0,0,0.0,0,0.0,0,0.0,0,0.0,0,0.0,0,0.0,0,0.0,0,0.0,0,0.0,0,0.0,0,0.0
E01002106,0,0,115.3461,7,2.8235134,7,2.8235134,0,115.31393,7,2.7913413,7,2.7913413,0,115.25404,0,115.25404,7,2.7314504,0,115.19943,0,115.19943,7,2.6768425
E01002107,0,0,104.91721,6,8.4692731,6,8.4692731,0,104.32486,6,7.8769217,6,7.8769217,0,103.22215,0,103.22215,6,6.7742136,0,102.21671,0,102.21671,6,5.7687769
E01002108,0,0,107.30455,6,10.856611,6,10.856611,0,106.64636,6,10.198426,6,10.198426,0,105.4211,0,105.4211,6,8.9731643,0,104.30392,0,104.30392,0,104.30392
E01002109,0,0,122.88506,7,10.362474,7,10.362474,0,121.5917,7,9.0691139,7,9.0691139,0,119.18401,7,6.6614226,7,6.6614226,0,116.98871,0,116.98871,7,4.4661171
E01002110,0,0,94.237013,5,13.863734,5,13.863734,0,93.447479,5,13.0742,5,13.0742,0,91.9777,5,11.604422,5,11.604422,0,90.637573,0,90.637573,5,10.264294
E01002111,0,0,116.22565,7,3.7030589,7,3.7030589,0,116.97579,7,4.453202,7,4.453202,0,118.37224,7,5.8496517,7,5.8496517,0,119.64551,0,119.64551,7,7.1229187
E01002112,0,0,124.14156,7,11.618968,7,11.618968,0,122.7744,7,10.251813,7,10.251813,0,120.22934,7,7.7067487,7,7.7067487,0,117.90878,0,117.90878,7,5.3861877
E01002113,0,0,93.231818,5,12.858539,5,12.858539,0,93.133033,5,12.759754,5,12.759754,0,92.949136,5,12.575857,5,12.575857,0,92.78146,0,92.78146,5,12.408182
E01002114,0,0,116.8539,7,4.3313056,7,4.3313056,0,117.93877,7,5.4161837,7,5.4161837,0,119.95836,7,7.4357685,7,7.4357685,0,121.79979,0,121.79979,0,121.79979
E01002115,0,0,87.075,0,87.075,5,6.7017211,0,86.94875,5,6.5754715,5,6.5754715,0,86.713727,0,86.713727,5,6.3404481,0,86.499435,0,86.499435,5,6.1261565
E01002116,0,0,103.66071,6,7.2127796,6,7.2127796,0,103.035,6,6.5870608,6,6.5870608,0,101.87017,6,5.4222368,6,5.4222368,0,100.8081,0,100.8081,6,4.3601634
E01002118,0,0,80.164286,4,15.865663,4,15.865663,0,81.033696,5,0.66041713,5,0.66041713,0,82.652171,5,2.278892,5,2.278892,0,84.127878,0,84.127878,5,3.7545991
E01002119,0,0,82.694139,5,2.3208602,5,2.3208602,0,85.160359,5,4.7870798,5,4.7870798,0,89.751418,5,9.3781393,5,9.3781393,0,93.937494,5,13.564215,5,13.564215
E01002120,0,0,55.160065,0,55.160065,3,6.9360976,0,56.312703,3,8.0887354,3,8.0887354,0,58.458428,0,58.458428,3,10.23446,0,60.414875,0,60.414875,3,12.190908
E01002121,0,0,85.944156,5,5.5708769,5,5.5708769,0,86.146621,0,86.146621,5,5.7733423,0,86.523526,0,86.523526,5,6.1502474,0,86.867184,0,86.867184,5,6.4939052
E01002122,0,0,85.441558,5,5.0682795,5,5.0682795,0,85.47609,0,85.47609,5,5.1028108,0,85.540373,0,85.540373,5,5.1670936,0,85.598985,5,5.2257059,5,5.2257059
E01002123,0,0,75.263961,4,10.965338,4,10.965338,0,75.654253,0,75.654253,4,11.35563,0,76.380811,0,76.380811,4,12.082188,0,77.043279,0,77.043279,4,12.744655
E01002124,0,0,79.28474,4,14.986117,4,14.986117,0,79.448307,0,79.448307,0,79.448307,0,79.7528,0,79.7528,4,15.454177,0,80.030434,0,80.030434,4,15.731811
E01002125,0,4,9.8344938,4,9.8344938,4,9.8344938,0,74.481374,0,74.481374,4,10.182751,0,75.129683,0,75.129683,4,10.83106,0,75.720803,4,11.42218,4,11.42218
E01002127,0,0,83.054221,0,83.054221,5,2.6809419,0,82.747396,0,82.747396,5,2.3741175,0,82.176219,0,82.176219,5,1.80294,0,81.655426,5,1.2821469,5,1.2821469
E01002128,0,0,63.955519,0,63.955519,3,15.731552,0,63.968885,0,63.968885,0,63.968885,0,63.993767,0,63.993767,0,63.993767,0,64.016454,0,64.016454,3,15.792487
E01002129,3,0,39.227981,0,39.227981,2,7.0786691,0,39.425464,0,39.425464,2,7.2761529,0,39.793096,0,39.793096,2,7.6437842,0,40.128298,0,40.128298,2,7.9789863
E01002130,2,0,56.40331,0,56.40331,3,8.179343,0,57.795749,0,57.795749,3,9.5717821,0,60.387883,0,60.387883,3,12.163916,0,62.751361,0,62.751361,3,14.527394
E01002131,0,0,68.981494,0,68.981494,4,4.6828704,0,69.689235,0,69.689235,4,5.3906115,0,71.00675,0,71.00675,4,6.7081266,0,72.208045,0,72.208045,4,7.9094218
E01002132,0,6,2.1868056,6,2.1868056,6,2.1868056,6,1.6106745,6,1.6106745,6,1.6106745,6,0.5381618,6,0.5381618,6,0.5381618,5,15.634913,5,15.634913,5,15.634913
E01002133,1,0,66.97093,4,2.6723067,4,2.6723067,0,68.357811,4,4.0591879,4,4.0591879,0,70.939598,0,70.939598,4,6.640975,0,73.293642,0,73.293642,4,8.9950191
E01002134,0,0,86.069805,5,5.6965263,5,5.6965263,0,85.441085,5,5.0678056,5,5.0678056,0,84.270672,5,3.8973932,5,3.8973932,0,83.203503,5,2.8302244,5,2.8302244
E01002135,0,0,72.76836,4,8.4697371,4,8.4697371,0,73.235187,4,8.936564,4,8.936564,0,74.104222,4,9.8055985,4,9.8055985,0,74.896597,4,10.597974,4,10.597974
E01002136,0,0,92.477922,5,12.104643,5,12.104643,0,92.343839,5,11.97056,5,11.97056,0,92.094232,5,11.720954,5,11.720954,0,91.866644,5,11.493365,5,11.493365
E01002137,0,0,55.788312,3,7.5643443,3,7.5643443,0,54.56965,0,54.56965,0,54.56965,0,52.301015,0,52.301015,3,4.0770478,0,50.2325,0,50.2325,3,2.0085327
E01002138,0,0,75.263961,4,10.965338,4,10.965338,0,76.131636,4,11.833013,4,11.833013,0,77.746881,4,13.448258,4,13.448258,0,79.219642,4,14.921019,4,14.921019
E01002139,0,0,67.348052,4,3.0494288,4,3.0494288,0,68.637078,0,68.637078,4,4.3384553,0,71.036701,4,6.7380782,4,6.7380782,4,8.9260272,4,8.9260272,4,8.9260272
E01002140,0,0,93.106169,5,12.73289,5,12.73289,0,93.861547,5,13.488268,5,13.488268,0,95.267741,5,14.894462,5,14.894462,0,96.549893,0,96.549893,6,0.10195822
E01002141,0,0,101.02208,6,4.5741432,6,4.5741432,0,101.01362,6,4.5656821,6,4.5656821,0,100.99787,6,4.549931,6,4.549931,0,100.9835,0,100.9835,6,4.5355693
E01002142,0,0,104.66591,6,8.2179744,6,8.2179744,0,104.4733,6,8.0253661,6,8.0253661,0,104.11475,6,7.6668108,6,7.6668108,0,103.78782,0,103.78782,6,7.3398841
E01002143,0,0,86.446753,5,6.0734743,5,6.0734743,0,87.190281,5,6.8170016,5,6.8170016,0,88.574414,5,8.2011355,5,8.2011355,0,89.836452,5,9.4631731,5,9.4631731
E01002144,0,0,107.05325,6,10.605312,6,10.605312,0,106.51151,6,10.063579,6,10.063579,0,105.50304,6,9.0551015,6,9.0551015,0,104.58352,6,8.135583,6,8.135583
E01002145,0,0,92.85487,5,12.481591,5,12.481591,0,92.883337,5,12.510058,5,12.510058,0,92.936329,5,12.56305,5,12.56305,0,92.984647,5,12.611368,5,12.611368
E01002146,0,0,101.14773,6,4.6997926,6,4.6997926,0,99.560034,6,3.1120996,6,3.1120996,6,0.15648562,6,0.15648562,6,0.15648562,0,93.909525,5,13.536246,5,13.536246
E01002147,0,0,103.15812,6,6.7101822,6,6.7101822,0,101.62946,6,5.1815293,6,5.1815293,0,98.783758,6,2.3358232,6,2.3358232,0,96.189075,5,15.815797,5,15.815797
E01002148,0,0,92.100974,5,11.727695,5,11.727695,0,91.077691,0,91.077691,5,10.704412,0,89.172769,5,8.7994906,5,8.7994906,0,87.435884,0,87.435884,5,7.062605
E01002149,0,6,3.4432991,6,3.4432991,6,3.4432991,6,1.5439132,6,1.5439132,6,1.5439132,5,14.082714,5,14.082714,5,14.082714,5,10.858763,5,10.858763,5,10.858763
E01002150,2,0,89.065931,0,89.065931,5,8.6926522,0,88.263279,5,7.8900004,5,7.8900004,0,86.769081,0,86.769081,5,6.3958017,0,85.406687,5,5.0334083,5,5.0334083
E01002151,0,0,68.101948,0,68.101948,4,3.8033249,0,69.212685,0,69.212685,4,4.9140618,0,71.280408,4,6.9817849,4,6.9817849,0,73.165734,0,73.165734,4,8.8671113
E01002152,0,6,15.631286,6,15.631286,0,112.07922,6,14.178236,6,14.178236,6,14.178236,6,11.473269,6,11.473269,6,11.473269,6,9.0069111,6,9.0069111,6,9.0069111
E01002153,0,6,7.8410263,6,7.8410263,6,7.8410263,6,6.4991492,6,6.4991492,6,6.4991492,6,4.0011406,6,4.0011406,6,4.0011406,6,1.7234848,6,1.7234848,6,1.7234848
E01002155,0,6,7.4640783,6,7.4640783,6,7.4640783,0,102.72708,6,6.2791495,6,6.2791495,0,100.52125,6,4.0733123,6,4.0733123,0,98.50999,6,2.0620551,6,2.0620551
E01002156,0,0,101.65032,6,5.20239,6,5.20239,0,100.00515,6,3.5572119,6,3.5572119,0,96.94252,6,0.4945851,6,0.4945851,0,94.150051,5,13.776773,5,13.776773
E01002157,0,0,85.315909,5,4.9426302,5,4.9426302,0,84.609443,5,4.2361641,5,4.2361641,0,83.294301,5,2.9210226,5,2.9210226,0,82.09517,5,1.7218915,5,1.7218915
E01002158,0,0,89.713636,5,9.3403574,5,9.3403574,0,88.191615,5,7.8183359,5,7.8183359,0,85.358253,5,4.9849743,5,4.9849743,0,82.774826,5,2.4015475,5,2.4015475
E01002159,3,0,59.012852,3,10.788884,3,10.788884,0,58.867834,3,10.643867,3,10.643867,0,58.597872,3,10.373905,3,10.373905,0,58.351724,3,10.127757,3,10.127757
E01002160,9,0,0.0,0,0.0,0,0.0,0,0.0,0,0.0,0,0.0,0,0.0,0,0.0,0,0.0,0,0.0,0,0.0,0,0.0
E01002161,0,0,95.870455,0,95.870455,5,15.497176,0,95.862425,0,95.862425,5,15.489146,0,95.847477,0,95.847477,0,95.847477,0,95.833848,5,15.460569,5,15.460569
E01002162,0,0,92.729221,5,12.355942,5,12.355942,0,93.110546,0,93.110546,5,12.737267,5,13.447133,5,13.447133,5,13.447133,5,14.094381,5,14.094381,5,14.094381
E01002163,0,0,96.624351,6,0.17641595,6,0.17641595,0,95.456523,5,15.083244,5,15.083244,0,93.282522,5,12.909243,5,12.909243,0,91.300292,5,10.927013,5,10.927013
E01002164,0,0,91.347078,5,10.973799,5,10.973799,0,91.268117,5,10.894838,5,10.894838,0,91.121125,5,10.747846,5,10.747846,0,90.987099,5,10.61382,5,10.61382
E01002165,0,0,71.243182,0,71.243182,4,6.9445587,0,71.216359,4,6.9177357,4,6.9177357,0,71.166426,0,71.166426,0,71.166426,0,71.120897,0,71.120897,4,6.822274
E01002166,0,0,78.656494,0,78.656494,4,14.35787,0,78.64223,4,14.343607,0,78.64223,0,78.615678,0,78.615678,0,78.615678,0,78.591468,0,78.591468,4,14.292845
E01002167,0,0,75.012662,0,75.012662,4,10.714039,0,75.284533,4,10.98591,4,10.98591,0,75.790643,0,75.790643,0,75.790643,0,76.252107,0,76.252107,4,11.953484
E01002168,0,0,69.60974,0,69.60974,4,5.3111171,0,70.541291,0,70.541291,4,6.2426676,0,72.275444,0,72.275444,0,72.275444,0,73.856626,0,73.856626,4,9.5580027
E01002169,0,0,72.122727,0,72.122727,4,7.8241041,0,72.405238,0,72.405238,0,72.405238,0,72.931153,0,72.931153,0,72.931153,0,73.410677,0,73.410677,4,9.1120536
E01002170,0,0,68.730195,0,68.730195,4,4.4315717,0,69.207327,0,69.207327,4,4.9087037,0,70.095545,0,70.095545,4,5.7969222,0,70.905413,0,70.905413,0,70.905413
E01002171,0,0,80.164286,0,80.164286,4,15.865663,0,80.220152,0,80.220152,4,15.921529,0,80.324151,0,80.324151,0,80.324151,0,80.418976,0,80.418976,0,80.418976
E01002172,0,0,80.038636,0,80.038636,4,15.740013,0,80.305292,0,80.305292,4,16.006669,0,80.801694,0,80.801694,5,0.42841462,0,81.254306,5,0.88102747,5,0.88102747
E01002173,0,0,109.06364,0,109.06364,6,12.615702,0,108.4798,0,108.4798,6,12.031868,0,107.39295,0,107.39295,6,10.945016,0,106.40197,0,106.40197,6,9.954036
E01002174,0,0,86.069805,0,86.069805,5,5.6965263,0,85.281507,0,85.281507,5,4.9082282,0,83.814029,0,83.814029,0,83.814029,0,82.475999,0,82.475999,0,82.475999
E01002175,0,0,73.127922,0,73.127922,4,8.8292989,0,72.765001,0,72.765001,4,8.466378,0,72.089395,0,72.089395,0,72.089395,0,71.473386,0,71.473386,0,71.473386
E01002176,0,0,85.944156,0,85.944156,5,5.5708769,0,85.307966,0,85.307966,5,4.9346875,0,84.12365,0,84.12365,5,3.7503715,0,83.043805,0,83.043805,5,2.6705256
E01002177,0,0,82.677273,5,2.3039938,5,2.3039938,0,82.565467,5,2.1921882,5,2.1921882,0,82.357332,5,1.9840535,5,1.9840535,0,82.167557,5,1.7942786,5,1.7942786
E01002178,0,0,96.75,6,0.3020653,6,0.3020653,0,96.20376,5,15.830481,5,15.830481,0,95.186891,5,14.813612,5,14.813612,0,94.259722,5,13.886443,5,13.886443
E01002179,0,0,87.075,5,6.7017211,5,6.7017211,0,88.206291,0,88.206291,5,7.8330123,0,90.312278,5,9.9389989,5,9.9389989,0,92.232492,5,11.859214,5,11.859214
E01002181,0,0,98.509091,6,2.0611562,6,2.0611562,0,99.433267,6,2.9853327,6,2.9853327,6,4.7057592,6,4.7057592,6,4.7057592,6,6.2744245,6,6.2744245,6,6.2744245
E01002182,0,0,85.19026,0,85.19026,5,4.8169808,0,85.341071,0,85.341071,5,4.9677923,0,85.621819,5,5.2485397,5,5.2485397,0,85.877801,5,5.5045219,5,5.5045219
E01002183,2,0,56.835466,3,8.6114983,3,8.6114983,0,57.522673,3,9.2987059,3,9.2987059,0,58.801963,0,58.801963,3,10.577996,0,59.968406,0,59.968406,0,59.968406
E01002184,1,0,71.456734,4,7.1581113,4,7.1581113,0,72.312088,4,8.0134648,4,8.0134648,0,73.904395,4,9.6057717,4,9.6057717,0,75.356242,4,11.057619,4,11.057619
E01002185,0,5,8.3351626,0,88.708442,5,8.3351626,0,90.077362,0,90.077362,5,9.7040831,5,12.252435,0,92.625714,5,12.252435,0,94.949272,5,14.575993,5,14.575993
E01002186,0,5,12.73289,0,93.106169,5,12.73289,0,93.498129,0,93.498129,5,13.124851,0,94.227795,0,94.227795,5,13.854516,0,94.893095,5,14.519816,5,14.519816
E01002187,0,7,9.9855264,7,9.9855264,7,9.9855264,7,9.4492673,7,9.4492673,7,9.4492673,7,8.4509792,7,8.4509792,7,8.4509792,7,7.5407515,7,7.5407515,7,7.5407515
E01002188,0,7,5.2108511,7,5.2108511,7,5.2108511,7,2.799875,7,2.799875,7,2.799875,6,14.386311,6,14.386311,6,14.386311,0,106.74194,6,10.294004,6,10.294004
E01002189,0,6,6.8358315,0,103.28377,6,6.8358315,0,102.106,6,5.6580667,6,5.6580667,0,99.913501,0,99.913501,6,3.465566,0,97.914403,6,1.4664687,6,1.4664687
E01002190,0,7,13.25241,7,13.25241,7,13.25241,7,10.848582,7,10.848582,7,10.848582,7,6.3736714,7,6.3736714,7,6.3736714,7,2.2934984,7,2.2934984,7,2.2934984
E01002191,0,0,121.37727,0,121.37727,7,8.8546822,0,119.69708,0,119.69708,7,7.1744897,0,116.56927,0,116.56927,7,4.0466806,0,113.71737,7,1.1947798,7,1.1947798
E01002192,0,6,6.9614809,0,103.40942,6,6.9614809,0,101.94767,0,101.94767,6,5.49974,0,99.22653,0,99.22653,6,2.7785957,0,96.745422,6,0.2974872,6,0.2974872
E01002193,0,6,5.3280393,0,101.77597,6,5.3280393,0,101.24108,6,4.7931488,6,4.7931488,0,100.24534,0,100.24534,6,3.7974085,0,99.337438,6,2.8895038,6,2.8895038
E01002194,0,7,2.8235134,0,115.3461,7,2.8235134,0,113.33294,0,113.33294,7,0.81035036,0,109.58528,0,109.58528,6,13.137347,0,106.16821,6,9.7202733,6,9.7202733
E01002195,0,6,3.5689484,0,100.01688,6,3.5689484,0,98.895891,6,2.4479561,6,2.4479561,0,96.809076,0,96.809076,6,0.36114171,0,94.906343,5,14.533064,5,14.533064
E01002196,0,7,1.5670199,0,114.08961,7,1.5670199,0,112.3767,0,112.3767,6,15.928768,0,109.18799,0,109.18799,6,12.740057,0,106.28056,6,9.832627,6,9.832627
E01002197,0,0,79.912987,4,15.614364,4,15.614364,0,79.555383,0,79.555383,4,15.25676,0,78.889675,4,14.591052,4,14.591052,0,78.282691,0,78.282691,4,13.984068
E01002198,0,0,82.677273,0,82.677273,5,2.3039938,0,82.630009,0,82.630009,5,2.2567303,0,82.542025,0,82.542025,0,82.542025,0,82.461801,0,82.461801,5,2.0885223
E01002199,0,0,82.802922,0,82.802922,5,2.4296432,0,83.119188,0,83.119188,5,2.7459088,0,83.707941,0,83.707941,0,83.707941,0,84.244759,0,84.244759,0,84.244759
E01002200,0,0,95.367857,0,95.367857,5,14.994578,0,94.671216,0,94.671216,5,14.297937,0,93.374365,0,93.374365,0,93.374365,0,92.191911,0,92.191911,5,11.818632
E01002201,0,0,92.980519,0,92.980519,5,12.607241,0,92.646098,0,92.646098,5,12.272819,0,92.023546,0,92.023546,0,92.023546,0,91.45591,0,91.45591,5,11.082631
E01002202,0,0,77.902597,0,77.902597,4,13.603974,0,79.051553,0,79.051553,4,14.752929,0,81.190422,0,81.190422,0,81.190422,0,83.140619,0,83.140619,5,2.7673399
E01002203,0,0,89.336688,0,89.336688,5,8.9634094,0,89.860979,5,9.4877003,5,9.4877003,0,90.836988,0,90.836988,5,10.463709,0,91.726901,0,91.726901,0,91.726901
E01002204,0,0,72.122727,0,72.122727,4,7.8241041,0,72.806394,4,8.5077712,4,8.5077712,0,74.079094,0,74.079094,4,9.7804706,0,75.239527,4,10.940903,4,10.940903
E01002206,2,0,39.622432,0,39.622432,2,7.4731201,0,39.854542,2,7.7052307,2,7.7052307,0,40.286634,0,40.286634,2,8.1373227,0,40.680611,2,8.5312992,2,8.5312992
E01002207,0,0,92.85487,5,12.481591,5,12.481591,5,12.310718,5,12.310718,5,12.310718,0,92.365903,5,11.992624,5,11.992624,0,92.075868,5,11.702589,5,11.702589
E01002208,0,5,2.6809419,0,83.054221,5,2.6809419,0,81.653283,5,1.280004,5,1.280004,0,79.045328,0,79.045328,4,14.746705,0,76.667425,0,76.667425,4,12.368802
E01002209,0,0,88.080195,0,88.080195,5,7.7069159,0,87.393814,5,7.0205348,5,7.0205348,0,86.116062,0,86.116062,5,5.7427831,0,84.951023,5,4.5777436,5,4.5777436
E01002210,0,0,86.698052,0,86.698052,5,6.324773,0,86.513128,0,86.513128,5,6.1398492,0,86.168878,0,86.168878,5,5.7955991,0,85.854995,5,5.4817158,5,5.4817158
E01002211,0,0,67.599351,4,3.3007275,4,3.3007275,0,68.319297,4,4.0206738,0,68.319297,0,69.659533,0,69.659533,0,69.659533,0,70.881545,4,6.5829215,4,6.5829215
E01002212,0,0,79.661688,4,15.363065,4,15.363065,0,80.960964,0,80.960964,5,0.58768467,0,83.379666,5,3.0063866,5,3.0063866,0,85.58501,5,5.2117315,5,5.2117315
E01002214,0,0,92.100974,5,11.727695,5,11.727695,0,93.009969,0,93.009969,5,12.63669,5,14.328854,5,14.328854,5,14.328854,0,96.245029,5,15.87175,5,15.87175
E01002215,0,0,71.745779,4,7.4471561,4,7.4471561,0,73.160983,4,8.8623603,4,8.8623603,0,75.795496,4,11.496873,4,11.496873,0,78.197615,4,13.898992,4,13.898992
E01002216,0,0,88.205844,5,7.8325652,5,7.8325652,0,88.620212,5,8.2469326,5,8.2469326,0,89.391589,5,9.0183097,5,9.0183097,0,90.094921,5,9.7216425,5,9.7216425
E01002217,1,0,73.451894,4,9.1532708,4,9.1532708,0,74.553883,4,10.25526,4,10.25526,0,76.605322,0,76.605322,4,12.306699,0,78.4758,0,78.4758,4,14.177177
E01002218,0,0,85.441558,5,5.0682795,5,5.0682795,0,85.959665,0,85.959665,5,5.5863861,0,86.924161,5,6.5508817,5,6.5508817,0,87.803577,5,7.4302978,5,7.4302978
E01002219,0,0,64.081169,0,64.081169,0,64.081169,0,64.913721,0,64.913721,4,0.61509769,0,66.463581,4,2.1649579,4,2.1649579,0,67.876726,4,3.5781029,4,3.5781029
E01002220,0,0,84.059416,5,3.6861367,5,3.6861367,0,84.34767,5,3.974391,5,3.974391,0,84.884278,5,4.5109989,5,4.5109989,0,85.373551,5,5.0002718,5,5.0002718
E01002221,0,0,67.222403,0,67.222403,4,2.9237795,0,67.708746,0,67.708746,4,3.4101233,0,68.614113,4,4.31549,4,4.31549,0,69.439616,4,5.1409932,4,5.1409932
E01002222,1,0,70.874695,0,70.874695,4,6.5760717,0,70.884382,0,70.884382,4,6.5857585,0,70.902414,0,70.902414,4,6.6037912,0,70.918856,0,70.918856,4,6.6202333
E01002223,0,0,102.40422,6,5.9562861,6,5.9562861,0,102.67544,6,6.227506,6,6.227506,0,103.18034,6,6.7324029,6,6.7324029,6,7.1927622,6,7.1927622,6,7.1927622
E01002224,0,0,81.672078,5,1.298799,5,1.298799,0,82.541901,5,2.1686225,5,2.1686225,0,84.161146,5,3.7878667,5,3.7878667,5,5.264275,5,5.264275,5,5.264275
E01002225,0,0,133.56526,8,4.9680135,8,4.9680135,0,131.49478,8,2.8975368,8,2.8975368,0,127.64043,7,15.117839,7,15.117839,0,124.12607,7,11.603484,7,11.603484
E01002226,0,0,144.24545,8,15.648208,8,15.648208,0,143.92371,8,15.326462,8,15.326462,0,143.32475,8,14.727507,8,14.727507,0,142.77863,8,14.181386,0,142.77863
E01002227,0,0,93.985714,5,13.612435,5,13.612435,0,95.115078,5,14.741799,5,14.741799,0,97.217476,6,0.76954165,6,0.76954165,0,99.134419,6,2.6864846,6,2.6864846
E01002228,0,0,140.60162,8,12.004377,8,12.004377,0,140.30173,8,11.704479,8,11.704479,0,139.74344,8,11.146195,8,11.146195,0,139.2344,8,10.637158,8,10.637158
E01002229,0,0,106.425,6,9.9770653,6,9.9770653,0,106.6861,6,10.238164,6,10.238164,0,107.17215,6,10.72422,6,10.72422,0,107.61533,6,11.1674,6,11.1674
E01002230,0,0,121.50292,7,8.9803316,7,8.9803316,0,120.50866,7,7.9860721,7,7.9860721,0,118.65777,7,6.1351808,7,6.1351808,0,116.97015,7,4.4475592,7,4.4475592
E01002231,0,0,102.40422,6,5.9562861,6,5.9562861,0,103.29499,6,6.8470561,6,6.8470561,0,104.95323,6,8.5052937,6,8.5052937,0,106.46519,6,10.017256,6,10.017256
E01002232,0,0,97.001299,6,0.553364,6,0.553364,0,97.655761,6,1.207826,6,1.207826,0,98.874092,6,2.4261577,6,2.4261577,0,99.984954,6,3.5370188,6,3.5370188
E01002233,0,0,81.923377,5,1.5500977,5,1.5500977,0,83.299511,5,2.9262319,5,2.9262319,0,85.861292,0,85.861292,5,5.4880127,0,88.197094,0,88.197094,5,7.8238153
E01002234,0,0,79.787338,4,15.488715,4,15.488715,0,80.442444,5,0.069165491,5,0.069165491,0,81.661977,5,1.2886976,5,1.2886976,0,82.773932,5,2.4006532,5,2.4006532
E01002235,0,0,73.881818,4,9.583195,4,9.583195,0,75.504975,4,11.206351,4,11.206351,0,78.526606,0,78.526606,4,14.227983,0,81.281696,0,81.281696,5,0.90841718
E01002236,0,0,79.28474,4,14.986117,4,14.986117,0,80.322556,0,80.322556,4,16.023933,0,82.254531,5,1.8812518,5,1.8812518,0,84.016083,5,3.6428043,5,3.6428043
E01002237,0,0,27.999969,0,27.999969,1,11.925313,0,27.922935,0,27.922935,1,11.848279,0,27.779531,0,27.779531,1,11.704875,0,27.648776,0,27.648776,1,11.57412
E01002238,2,0,53.712314,0,53.712314,3,5.4883465,0,53.277819,0,53.277819,3,5.0538519,0,52.468974,0,52.468974,3,4.2450064,0,51.731478,0,51.731478,3,3.5075103
E01002239,0,0,99.388636,6,2.9407017,6,2.9407017,0,98.449258,6,2.0013234,6,2.0013234,0,96.700532,6,0.25259761,6,0.25259761,5,14.732785,5,14.732785,5,14.732785
E01002240,4,0,19.85813,0,19.85813,1,3.7834739,0,19.588293,0,19.588293,1,3.5136371,0,19.085971,0,19.085971,1,3.011315,0,18.627959,0,18.627959,1,2.5533034
E01002241,0,0,94.237013,5,13.863734,5,13.863734,0,95.176285,5,14.803006,5,14.803006,0,96.924813,0,96.924813,6,0.47687842,6,2.0711664,6,2.0711664,6,2.0711664
E01002242,0,0,102.52987,6,6.0819354,6,6.0819354,0,101.7509,6,5.3029626,6,5.3029626,6,3.8528442,6,3.8528442,6,3.8528442,6,2.5306427,6,2.5306427,6,2.5306427
E01002243,1,4,1.8013964,4,1.8013964,4,1.8013964,4,3.0694898,4,3.0694898,4,3.0694898,0,69.728767,4,5.4301443,4,5.4301443,0,71.881185,0,71.881185,4,7.5825622
E01002244,0,5,14.491981,5,14.491981,0,94.86526,5,14.095238,0,94.468517,5,14.095238,5,13.35667,5,13.35667,5,13.35667,5,12.683252,5,12.683252,5,12.683252
E01002245,0,5,2.8065912,5,2.8065912,5,2.8065912,5,2.6291715,5,2.6291715,5,2.6291715,0,82.67217,5,2.298891,5,2.298891,0,82.371024,5,1.997745,5,1.997745
E01002246,0,6,6.5845328,6,6.5845328,6,6.5845328,6,5.9726604,6,5.9726604,6,5.9726604,6,4.8336122,6,4.8336122,6,4.8336122,6,3.7950411,6,3.7950411,6,3.7950411
E01002247,0,6,13.495247,6,13.495247,6,13.495247,6,14.784176,0,111.23211,6,14.784176,7,1.1089612,7,1.1089612,7,1.1089612,7,3.2967443,7,3.2967443,0,115.81933
E01002248,0,4,15.237416,0,79.536039,4,15.237416,4,15.758518,4,15.758518,4,15.758518,0,81.027214,5,0.65393512,5,0.65393512,5,1.5384363,5,1.5384363,5,1.5384363
E01002250,0,6,10.730961,6,10.730961,6,10.730961,6,10.648774,6,10.648774,6,10.648774,6,10.495776,6,10.495776,6,10.495776,6,10.356273,6,10.356273,6,10.356273
E01002251,0,0,73.127922,0,73.127922,4,8.8292989,0,73.692671,4,9.3940479,4,9.3940479,0,74.743995,0,74.743995,4,10.445372,4,11.403957,0,75.70258,4,11.403957
E01002252,0,6,15.254338,6,15.254338,6,15.254338,6,13.599073,6,13.599073,6,13.599073,6,10.517669,6,10.517669,6,10.517669,6,7.70808,6,7.70808,6,7.70808
E01002253,0,7,2.8235134,7,2.8235134,7,2.8235134,7,0.25882448,7,0.25882448,7,0.25882448,6,11.559112,6,11.559112,6,11.559112,6,7.2058981,6,7.2058981,6,7.2058981
E01002254,0,7,3.4517602,7,3.4517602,7,3.4517602,7,1.0881241,7,1.0881241,7,1.0881241,6,12.762688,6,12.762688,6,12.762688,6,8.7507335,6,8.7507335,6,8.7507335
E01002255,0,0,103.15812,6,6.7101822,6,6.7101822,6,5.3023251,6,5.3023251,6,5.3023251,6,2.6814896,6,2.6814896,6,2.6814896,0,96.739776,6,0.29184156,6,0.29184156
E01002256,0,6,6.4588835,6,6.4588835,6,6.4588835,6,4.8737038,6,4.8737038,6,4.8737038,6,1.9227686,6,1.9227686,6,1.9227686,5,15.306795,5,15.306795,0,95.680074
E01002257,0,7,10.865072,7,10.865072,7,10.865072,7,8.2781055,7,8.2781055,7,8.2781055,7,3.4622664,7,3.4622664,7,3.4622664,6,15.145895,6,15.145895,6,15.145895
E01002258,0,6,12.867,6,12.867,6,12.867,6,12.601834,6,12.601834,6,12.601834,6,12.108207,6,12.108207,6,12.108207,6,11.658123,6,11.658123,0,108.10606
E01002259,0,6,2.689403,6,2.689403,6,2.689403,6,1.3073978,6,1.3073978,6,1.3073978,5,14.809344,5,14.809344,5,14.809344,5,12.463576,5,12.463576,5,12.463576
E01002260,0,6,7.9666757,6,7.9666757,6,7.9666757,6,7.3567841,6,7.3567841,6,7.3567841,6,6.2214235,6,6.2214235,6,6.2214235,0,101.63415,6,5.1862146,6,5.1862146
E01002261,0,5,10.471202,5,10.471202,5,10.471202,5,9.7278204,5,9.7278204,5,9.7278204,5,8.3439586,5,8.3439586,5,8.3439586,5,7.0821691,5,7.0821691,5,7.0821691
E01002262,0,6,10.354013,6,10.354013,6,10.354013,6,9.7718647,6,9.7718647,6,9.7718647,6,8.6881498,6,8.6881498,6,8.6881498,6,7.7000308,6,7.7000308,6,7.7000308
E01002263,0,6,8.2179744,6,8.2179744,6,8.2179744,6,6.7793261,6,6.7793261,6,6.7793261,6,4.1011706,6,4.1011706,6,4.1011706,0,98.107193,6,1.6592587,6,1.6592587
E01002264,0,4,15.991312,4,15.991312,4,15.991312,5,1.0538124,5,1.0538124,5,1.0538124,5,3.1707173,5,3.1707173,5,3.1707173,0,85.474166,5,5.100887,5,5.100887
E01002265,0,6,0.553364,6,0.553364,6,0.553364,5,15.360981,5,15.360981,5,15.360981,5,13.002291,5,13.002291,5,13.002291,0,91.224942,5,10.851664,5,10.851664
E01002266,0,5,11.853344,5,11.853344,5,11.853344,5,10.918661,5,10.918661,5,10.918661,5,9.1786756,5,9.1786756,5,9.1786756,0,87.965456,5,7.5921766,5,7.5921766
E01002267,0,0,92.603571,5,12.230293,5,12.230293,5,12.665319,5,12.665319,5,12.665319,5,13.475155,5,13.475155,5,13.475155,0,94.586833,5,14.213555,0,94.586833
E01002268,0,6,0.8046627,6,0.8046627,6,0.8046627,5,15.903189,0,96.276468,0,96.276468,5,14.086048,5,14.086048,5,14.086048,5,12.429199,5,12.429199,5,12.429199
E01002269,0,8,2.7063252,8,2.7063252,8,2.7063252,8,0.93997668,8,0.93997668,8,0.93997668,7,13.726437,7,13.726437,7,13.726437,7,10.728299,7,10.728299,7,10.728299
E01002270,0,8,4.7167148,8,4.7167148,8,4.7167148,8,2.6501336,8,2.6501336,8,2.6501336,7,14.877688,7,14.877688,7,14.877688,7,11.369944,7,11.369944,0,123.89253
E01002271,0,7,11.995916,7,11.995916,7,11.995916,7,9.4702949,7,9.4702949,7,9.4702949,7,4.768655,7,4.768655,7,4.768655,7,0.48175309,7,0.48175309,7,0.48175309
E01002272,0,5,13.361137,5,13.361137,5,13.361137,5,12.237385,5,12.237385,5,12.237385,5,10.145433,5,10.145433,5,10.145433,5,8.2380147,5,8.2380147,5,8.2380147
E01002273,0,6,5.0767406,6,5.0767406,6,5.0767406,6,3.3840616,6,3.3840616,6,3.3840616,6,0.23300798,6,0.23300798,6,0.23300798,5,13.434569,5,13.434569,5,13.434569
E01002274,0,7,2.5722147,7,2.5722147,7,2.5722147,7,0.88913978,7,0.88913978,7,0.88913978,6,13.830621,6,13.830621,6,13.830621,6,10.973828,6,10.973828,6,10.973828
E01002275,0,0,104.66591,6,8.2179744,6,8.2179744,6,6.2380137,6,6.2380137,6,6.2380137,6,2.5521629,6,2.5521629,6,2.5521629,0,95.639381,5,15.266102,0,95.639381
E01002276,0,8,0.8215849,8,0.8215849,8,0.8215849,8,1.6568794,8,1.6568794,8,1.6568794,8,3.211845,8,3.211845,8,3.211845,8,4.629645,8,4.629645,8,4.629645
E01002277,0,5,9.8429549,5,9.8429549,5,9.8429549,5,10.24916,5,10.24916,5,10.24916,5,11.005341,5,11.005341,5,11.005341,5,11.694819,5,11.694819,0,92.068098
E01002278,0,5,2.9322406,5,2.9322406,5,2.9322406,5,3.9088803,5,3.9088803,5,3.9088803,5,5.7269711,5,5.7269711,5,5.7269711,5,7.3846856,5,7.3846856,5,7.3846856
E01002279,0,6,0.0507666,6,0.0507666,6,0.0507666,6,0.35342798,6,0.35342798,6,0.35342798,6,0.91685567,6,0.91685567,6,0.91685567,6,1.4305826,6,1.4305826,6,1.4305826
E01002280,0,0,80.541234,5,0.16795485,5,0.16795485,0,82.043478,5,1.6701992,5,1.6701992,0,84.840023,5,4.4667438,5,4.4667438,0,87.38988,5,7.0166014,5,7.0166014
E01002281,0,6,12.867,6,12.867,6,12.867,6,14.340572,6,14.340572,6,14.340572,7,1.0090833,7,1.0090833,7,1.0090833,7,3.5102722,7,3.5102722,7,3.5102722
E01002282,0,0,79.536039,4,15.237416,4,15.237416,5,0.85580898,5,0.85580898,5,0.85580898,0,84.38083,5,4.0075512,5,4.0075512,0,87.254553,5,6.8812739,5,6.8812739
E01002283,1,0,77.711389,4,13.412766,4,13.412766,0,78.005542,4,13.706919,0,78.005542,4,14.254508,4,14.254508,4,14.254508,4,14.753794,4,14.753794,4,14.753794
E01002284,0,0,101.65032,6,5.20239,6,5.20239,0,102.26672,6,5.8187844,6,5.8187844,0,103.41419,6,6.9662505,6,6.9662505,6,8.012497,6,8.012497,6,8.012497
E01002285,0,5,12.73289,5,12.73289,5,12.73289,5,11.135142,5,11.135142,5,11.135142,5,8.1608101,5,8.1608101,5,8.1608101,5,5.4488481,5,5.4488481,5,5.4488481
E01002286,0,7,0.18487705,7,0.18487705,7,0.18487705,6,14.017469,6,14.017469,6,14.017469,6,9.8436924,6,9.8436924,6,9.8436924,6,6.0380904,6,6.0380904,6,6.0380904
E01002287,0,6,1.1816108,6,1.1816108,6,1.1816108,0,96.344774,0,96.344774,5,15.971495,5,13.579793,5,13.579793,5,13.579793,5,11.399066,5,11.399066,5,11.399066
E01002288,0,6,9.3488185,6,9.3488185,6,9.3488185,6,7.9875408,6,7.9875408,6,7.9875408,6,5.4534164,6,5.4534164,6,5.4534164,6,3.1428306,6,3.1428306,6,3.1428306
E01002289,0,6,3.9458965,6,3.9458965,6,3.9458965,6,2.5855617,6,2.5855617,6,2.5855617,6,0.05319272,6,0.05319272,6,0.05319272,5,13.818863,5,13.818863,5,13.818863
E01002290,0,0,98.63474,6,2.1868056,6,2.1868056,6,0.37868571,6,0.37868571,6,0.37868571,0,93.460665,5,13.087386,5,13.087386,5,10.018346,5,10.018346,5,10.018346
E01002291,0,6,1.6842082,6,1.6842082,6,1.6842082,6,0.64179526,6,0.64179526,6,0.64179526,5,14.775918,5,14.775918,5,14.775918,0,93.379842,5,13.006563,5,13.006563
E01002292,0,0,100.26818,6,3.8202471,6,3.8202471,6,3.263928,6,3.263928,6,3.263928,0,98.676231,6,2.2282966,6,2.2282966,6,1.2840197,6,1.2840197,6,1.2840197
E01002294,0,6,12.113104,6,12.113104,6,12.113104,6,10.853975,6,10.853975,6,10.853975,6,8.5100069,6,8.5100069,6,8.5100069,6,6.3728038,6,6.3728038,6,6.3728038
E01002295,0,7,6.4673446,7,6.4673446,7,6.4673446,7,5.7607065,7,5.7607065,7,5.7607065,7,4.4452448,7,4.4452448,7,4.4452448,7,3.2458218,7,3.2458218,7,3.2458218
E01002296,0,7,7.0955913,7,7.0955913,7,7.0955913,7,5.754907,7,5.754907,7,5.754907,7,3.259119,7,3.259119,7,3.259119,7,0.98348781,7,0.98348781,7,0.98348781
E01002297,0,4,15.363065,4,15.363065,0,79.661688,5,0.47885572,5,0.47885572,5,0.47885572,5,2.6949641,5,2.6949641,5,2.6949641,5,4.7155865,5,4.7155865,5,4.7155865
E01002298,0,6,6.9614809,6,6.9614809,6,6.9614809,6,6.0850082,6,6.0850082,6,6.0850082,6,4.4533863,6,4.4533863,6,4.4533863,6,2.9656919,6,2.9656919,6,2.9656919
E01002299,0,6,8.8462211,6,8.8462211,6,8.8462211,6,8.8168527,6,8.8168527,6,8.8168527,6,8.762181,6,8.762181,6,8.762181,6,8.712332,6,8.712332,6,8.712332
E01002300,0,7,12.749812,7,12.749812,7,12.749812,7,11.602464,7,11.602464,7,11.602464,7,9.4665875,7,9.4665875,7,9.4665875,7,7.5191192,7,7.5191192,7,7.5191192
E01002301,0,7,2.5722147,7,2.5722147,7,2.5722147,7,1.5854685,7,1.5854685,7,1.5854685,0,112.27115,6,15.823219,6,15.823219,0,110.59629,6,14.148351,6,14.148351
E01002302,0,6,13.872195,6,13.872195,6,13.872195,6,13.012505,0,109.46044,6,13.012505,0,107.86006,6,11.412126,6,11.412126,0,106.40085,6,9.9529181,6,9.9529181
E01002303,0,7,0.8131238,7,0.8131238,7,0.8131238,7,1.356604,7,1.356604,7,1.356604,0,114.89093,7,2.3683346,7,2.3683346,0,115.81341,7,3.2908191,7,3.2908191
E01002304,0,6,9.0975198,6,9.0975198,6,9.0975198,6,7.9351617,6,7.9351617,6,7.9351617,0,102.21928,6,5.7713415,6,5.7713415,0,100.24633,6,3.7983949,6,3.7983949
E01002305,0,6,15.128689,6,15.128689,6,15.128689,6,14.770934,0,111.21887,6,14.770934,0,110.55288,6,14.104946,6,14.104946,0,109.94564,6,13.497705,6,13.497705
E01002306,0,5,5.4452276,5,5.4452276,5,5.4452276,5,6.4848257,5,6.4848257,5,6.4848257,0,88.793397,5,8.4201184,5,8.4201184,0,90.557975,5,10.184696,5,10.184696
E01002307,0,7,5.3365004,7,5.3365004,7,5.3365004,7,5.7061572,7,5.7061572,7,5.7061572,0,118.91689,7,6.3943019,7,6.3943019,0,119.54433,7,7.0217445,7,7.0217445
E01002308,0,6,9.7257666,6,9.7257666,6,9.7257666,6,10.017331,6,10.017331,6,10.017331,0,107.00803,6,10.5601,6,10.5601,0,107.50293,6,11.05499,0,107.50293
E01002309,0,6,0.17641595,6,0.17641595,6,0.17641595,6,0.64918867,6,0.64918867,6,0.64918867,6,1.5292918,6,1.5292918,6,1.5292918,6,2.3317599,6,2.3317599,6,2.3317599
E01002310,0,0,86.195455,5,5.8221756,5,5.8221756,0,86.903176,5,6.5298972,5,6.5298972,0,88.220655,5,7.8473761,5,7.8473761,5,9.0486383,5,9.0486383,5,9.0486383
E01002311,0,6,3.4432991,6,3.4432991,6,3.4432991,6,4.000289,6,4.000289,6,4.000289,0,101.4851,6,5.0371689,6,5.0371689,6,5.9825843,6,5.9825843,6,5.9825843
E01002312,0,6,6.3332341,6,6.3332341,6,6.3332341,6,6.4850981,6,6.4850981,6,6.4850981,6,6.7678046,6,6.7678046,6,6.7678046,6,7.0255732,6,7.0255732,6,7.0255732
E01002313,0,7,12.247215,7,12.247215,7,12.247215,7,12.638546,7,12.638546,7,12.638546,7,13.367041,7,13.367041,0,125.88963,7,14.031274,7,14.031274,7,14.031274
E01002314,0,0,85.692857,5,5.3195782,5,5.3195782,5,6.8677378,5,6.8677378,5,6.8677378,5,9.7497572,5,9.7497572,5,9.7497572,5,12.37755,5,12.37755,5,12.37755
E01002315,0,5,11.350747,5,11.350747,5,11.350747,5,11.74584,5,11.74584,5,11.74584,0,92.854614,5,12.481335,5,12.481335,5,13.151952,5,13.151952,5,13.151952
E01002316,0,0,80.541234,5,0.16795485,5,0.16795485,0,82.294976,5,1.9216975,5,1.9216975,5,5.1864259,5,5.1864259,5,5.1864259,5,8.1631681,5,8.1631681,5,8.1631681
E01002317,0,7,0.8131238,7,0.8131238,7,0.8131238,6,14.79911,0,111.24704,0,111.24704,6,10.910889,6,10.910889,6,10.910889,6,7.3656528,6,7.3656528,6,7.3656528
E01002318,0,6,13.620896,6,13.620896,6,13.620896,6,11.87169,6,11.87169,6,11.87169,6,8.615405,6,8.615405,6,8.615405,6,5.6463617,6,5.6463617,6,5.6463617
E01002319,0,6,5.3280393,6,5.3280393,6,5.3280393,6,5.7564983,6,5.7564983,6,5.7564983,6,6.5541081,6,6.5541081,6,6.5541081,6,7.2813595,6,7.2813595,6,7.2813595
E01002320,0,6,5.9562861,6,5.9562861,6,5.9562861,6,4.6786307,6,4.6786307,6,4.6786307,6,2.300176,6,2.300176,6,2.300176,6,0.13152793,6,0.13152793,6,0.13152793
E01002321,0,7,11.367669,7,11.367669,7,11.367669,7,9.5801538,7,9.5801538,7,9.5801538,7,6.2525549,7,6.2525549,7,6.2525549,7,3.2184879,7,3.2184879,7,3.2184879
E01002322,0,8,2.0780784,8,2.0780784,8,2.0780784,8,0.5114535,8,0.5114535,8,0.5114535,7,13.669715,7,13.669715,7,13.669715,7,11.01058,7,11.01058,7,11.01058
E01002323,0,6,10.856611,6,10.856611,6,10.856611,6,9.3293394,6,9.3293394,6,9.3293394,6,6.4862051,6,6.4862051,6,6.4862051,6,3.8938676,6,3.8938676,6,3.8938676
E01002324,0,6,1.4329095,6,1.4329095,6,1.4329095,6,1.2241331,6,1.2241331,6,1.2241331,6,0.83547976,6,0.83547976,6,0.83547976,6,0.48111003,6,0.48111003,6,0.48111003
E01002325,0,6,14.374793,6,14.374793,6,14.374793,6,15.252278,0,111.70021,6,15.252278,0,113.33372,7,0.8111286,7,0.8111286,0,114.82313,7,2.3005415,7,2.3005415
E01002326,0,6,1.9355069,6,1.9355069,6,1.9355069,6,2.1768769,6,2.1768769,6,2.1768769,0,99.074141,6,2.6262059,6,2.6262059,0,99.483834,6,3.035899,6,3.035899
E01002327,0,6,8.7205718,6,8.7205718,6,8.7205718,6,7.9523394,6,7.9523394,6,7.9523394,0,102.97015,6,6.522215,6,6.522215,0,101.66618,6,5.2182438,6,5.2182438
E01002328,0,7,1.943968,7,1.943968,7,1.943968,7,0.64985341,7,0.64985341,7,0.64985341,0,110.76335,6,14.315414,6,14.315414,0,108.56676,6,12.118829,6,12.118829
E01002329,0,6,10.228364,6,10.228364,6,10.228364,6,9.3970694,6,9.3970694,6,9.3970694,0,104.29748,6,7.8495498,6,7.8495498,0,102.88647,6,6.4385391,6,6.4385391
E01002330,0,6,9.851416,6,9.851416,6,9.851416,6,10.174444,6,10.174444,6,10.174444,0,107.22372,6,10.775785,6,10.775785,0,107.77202,6,11.32408,6,11.32408
E01002331,0,6,11.359208,6,11.359208,6,11.359208,6,10.666381,6,10.666381,6,10.666381,0,105.82456,6,9.3766288,6,9.3766288,0,104.64858,6,8.2006476,6,8.2006476
E01002332,0,0,112.33052,6,15.882585,6,15.882585,6,15.347031,6,15.347031,6,15.347031,0,110.79799,6,14.350056,6,14.350056,0,109.88896,6,13.441025,6,13.441025
E01002333,0,6,2.1868056,6,2.1868056,6,2.1868056,6,0.72518256,6,0.72518256,6,0.72518256,0,94.452192,5,14.078914,5,14.078914,0,91.971284,5,11.598005,5,11.598005
E01002334,0,8,1.9524291,8,1.9524291,8,1.9524291,8,0.22170072,8,0.22170072,8,0.22170072,7,13.074471,7,13.074471,7,13.074471,7,10.136793,7,10.136793,7,10.136793
E01002335,0,5,9.5916561,5,9.5916561,5,9.5916561,5,9.5314477,5,9.5314477,5,9.5314477,0,89.792644,5,9.419365,5,9.419365,0,89.690448,5,9.3171692,5,9.3171692
E01002336,0,7,0.93877315,7,0.93877315,7,0.93877315,6,15.92997,0,112.3779,5,32.004625,0,110.36096,6,13.913026,6,13.913026,0,108.52193,6,12.073999,6,12.073999
E01002337,0,6,3.9458965,6,3.9458965,6,3.9458965,6,3.1341694,6,3.1341694,6,3.1341694,6,1.6230765,6,1.6230765,6,1.6230765,6,0.24527906,6,0.24527906,6,0.24527906
E01002338,0,5,1.1731497,5,1.1731497,5,1.1731497,5,0.41832299,5,0.41832299,5,0.41832299,0,79.386433,4,15.08781,4,15.08781,0,78.105217,4,13.806594,4,13.806594
E01002339,0,7,5.0852017,7,5.0852017,7,5.0852017,7,3.0440412,7,3.0440412,7,3.0440412,6,15.318918,6,15.318918,6,15.318918,6,11.854323,6,11.854323,6,11.854323
E01002340,0,5,6.9530198,5,6.9530198,5,6.9530198,5,5.9742639,5,5.9742639,5,5.9742639,5,4.1522338,5,4.1522338,5,4.1522338,5,2.4909274,5,2.4909274,5,2.4909274
E01002341,0,6,9.3488185,6,9.3488185,6,9.3488185,6,7.6262081,6,7.6262081,6,7.6262081,0,100.86737,6,4.4194348,6,4.4194348,0,97.94347,6,1.4955354,6,1.4955354
E01002342,0,0,86.823701,5,6.4504224,5,6.4504224,5,6.6549598,5,6.6549598,5,6.6549598,5,7.0357221,5,7.0357221,5,7.0357221,0,87.756176,5,7.3828969,5,7.3828969
E01002343,0,7,11.995916,7,11.995916,7,11.995916,7,10.746117,7,10.746117,7,10.746117,7,8.4195188,7,8.4195188,7,8.4195188,0,118.82074,7,6.2981531,7,6.2981531
E01002344,0,7,11.870267,7,11.870267,7,11.870267,7,12.017648,7,12.017648,7,12.017648,7,12.292009,7,12.292009,7,12.292009,0,125.06476,7,12.542168,0,125.06476
E01002345,0,0,83.682468,0,83.682468,5,3.3091886,0,84.492044,0,84.492044,5,4.1187647,5,5.6258535,5,5.6258535,5,5.6258535,0,87.373279,5,6.9999999,5,6.9999999
E01002346,0,0,82.049026,0,82.049026,5,1.6757471,0,82.618619,0,82.618619,5,2.2453398,0,83.67896,5,3.3056811,5,3.3056811,0,84.645767,5,4.2724881,5,4.2724881
E01002347,0,0,94.237013,5,13.863734,5,13.863734,0,93.944051,5,13.570772,5,13.570772,0,93.39868,5,13.025401,5,13.025401,0,92.901416,5,12.528137,5,12.528137
E01002348,0,7,3.5774095,7,3.5774095,7,3.5774095,7,2.2195111,7,2.2195111,7,2.2195111,0,112.21427,6,15.766333,6,15.766333,6,13.461484,6,13.461484,6,13.461484
E01002349,0,6,8.092325,6,8.092325,6,8.092325,6,7.1756641,6,7.1756641,6,7.1756641,6,5.4692285,6,5.4692285,6,5.4692285,0,100.36125,6,3.9133199,6,3.9133199
E01002350,0,0,71.243182,0,71.243182,0,71.243182,0,71.675191,4,7.3765681,4,7.3765681,0,72.47941,0,72.47941,0,72.47941,0,73.212688,4,8.9140651,4,8.9140651
E01002351,0,0,98.886039,6,2.4381043,6,2.4381043,6,1.6868155,6,1.6868155,6,1.6868155,6,0.2882332,6,0.2882332,6,0.2882332,5,15.087677,5,15.087677,5,15.087677
E01002352,0,6,6.2075848,6,6.2075848,6,6.2075848,6,5.9185034,6,5.9185034,6,5.9185034,6,5.3803559,6,5.3803559,6,5.3803559,6,4.8896791,6,4.8896791,6,4.8896791
E01002353,0,2,79.176013,6,14.87739,6,14.87739,6,14.68339,6,14.68339,6,14.68339,6,14.322244,6,14.322244,6,14.322244,6,13.992956,6,13.992956,6,13.992956
E01002354,0,0,91.849675,5,11.476396,5,11.476396,5,9.8374709,5,9.8374709,5,9.8374709,0,87.159762,5,6.7864835,5,6.7864835,5,4.004628,5,4.004628,5,4.004628
E01002355,0,5,15.245877,0,95.619156,5,15.245877,5,13.605005,5,13.605005,5,13.605005,5,10.550394,5,10.550394,5,10.550394,5,7.7652348,5,7.7652348,5,7.7652348
E01002356,0,0,71.368831,4,7.070208,4,7.070208,4,7.9208355,4,7.9208355,4,7.9208355,0,73.802968,0,73.802968,4,9.5043445,4,10.94817,4,10.94817,4,10.94817
E01002358,0,0,97.001299,6,0.553364,6,0.553364,6,0.45058442,6,0.45058442,6,0.45058442,6,0.25925224,6,0.25925224,6,0.25925224,6,0.084797733,6,0.084797733,6,0.084797733
E01002359,0,5,4.4400328,5,4.4400328,5,4.4400328,5,2.8604514,5,2.8604514,5,2.8604514,0,80.293217,4,15.994594,4,15.994594,4,13.313467,4,13.313467,4,13.313467
E01002360,0,0,87.200649,5,6.8273704,5,6.8273704,5,6.4456639,5,6.4456639,5,6.4456639,5,5.7350876,5,5.7350876,5,5.7350876,5,5.0871922,5,5.0871922,5,5.0871922
E01002361,0,6,3.3176497,6,3.3176497,6,3.3176497,6,3.0269712,6,3.0269712,6,3.0269712,6,2.4858506,6,2.4858506,6,2.4858506,6,1.9924629,6,1.9924629,6,1.9924629
E01002362,0,0,100.01688,6,3.5689484,6,3.5689484,0,98.437181,6,1.9892462,6,1.9892462,0,95.496443,5,15.123164,5,15.123164,0,92.815111,5,12.441832,5,12.441832
E01002363,0,0,92.226623,5,11.853344,5,11.853344,0,92.1829,5,11.809622,5,11.809622,0,92.101507,5,11.728228,5,11.728228,0,92.027293,5,11.654014,5,11.654014
E01002364,0,0,86.949351,5,6.5760717,5,6.5760717,0,85.542103,5,5.1688243,5,5.1688243,0,82.922403,5,2.5491237,5,2.5491237,0,80.533789,5,0.16051047,5,0.16051047
E01002365,0,0,75.263961,4,10.965338,4,10.965338,4,10.562439,4,10.562439,4,10.562439,0,74.111034,4,9.8124105,4,9.8124105,0,73.427166,4,9.1285433,4,9.1285433
E01002366,0,5,11.727695,5,11.727695,5,11.727695,5,10.659475,5,10.659475,5,10.659475,0,89.04418,5,8.6709007,5,8.6709007,5,6.8577411,5,6.8577411,5,6.8577411
E01002367,0,7,3.4517602,7,3.4517602,7,3.4517602,7,2.3895717,7,2.3895717,7,2.3895717,7,0.41222525,7,0.41222525,7,0.41222525,6,14.683959,6,14.683959,6,14.683959
E01002368,0,7,6.8442926,7,6.8442926,7,6.8442926,7,8.8144522,7,8.8144522,7,8.8144522,7,12.482057,7,12.482057,7,12.482057,0,128.34873,7,15.826138,7,15.826138
E01002369,0,7,8.2264355,7,8.2264355,7,8.2264355,7,8.0984936,7,8.0984936,7,8.0984936,7,7.8603197,7,7.8603197,7,7.8603197,0,120.16575,7,7.6431555,7,7.6431555
E01002370,1,6,15.0115,6,15.0115,6,15.0115,7,0.83024041,7,0.83024041,7,0.83024041,7,4.3549438,7,4.3549438,7,4.3549438,0,120.09132,7,7.5687284,7,7.5687284
E01002371,1,5,12.058951,5,12.058951,5,12.058951,5,11.308685,5,11.308685,5,11.308685,5,9.9120076,5,9.9120076,5,9.9120076,0,89.011812,5,8.6385328,5,8.6385328
E01002372,0,6,6.7101822,6,6.7101822,6,6.7101822,6,5.8358395,6,5.8358395,6,5.8358395,0,100.65612,6,4.2081826,6,4.2081826,0,99.172038,6,2.7241035,6,2.7241035
E01002373,0,6,8.5949224,6,8.5949224,6,8.5949224,6,7.9198599,6,7.9198599,6,7.9198599,0,103.11111,6,6.6631784,6,6.6631784,0,101.96529,6,5.5173506,6,5.5173506
E01002374,0,0,100.01688,6,3.5689484,6,3.5689484,6,3.5312921,6,3.5312921,6,3.5312921,6,3.4611919,6,3.4611919,6,3.4611919,0,99.84521,6,3.3972754,6,3.3972754
E01002375,0,5,15.371526,5,15.371526,5,15.371526,5,15.905396,0,96.278675,5,15.905396,6,0.82457974,6,0.82457974,6,0.82457974,0,98.178686,6,1.7307515,6,1.7307515
E01002376,0,6,9.3488185,6,9.3488185,6,9.3488185,6,7.2648754,6,7.2648754,6,7.2648754,6,3.3854532,6,3.3854532,6,3.3854532,5,15.922896,5,15.922896,5,15.922896
E01002377,0,7,3.7030589,7,3.7030589,7,3.7030589,7,2.6272273,7,2.6272273,7,2.6272273,7,0.62448328,7,0.62448328,7,0.62448328,6,14.87306,6,14.87306,6,14.87306
E01002378,0,7,2.8235134,7,2.8235134,7,2.8235134,7,1.2155531,7,1.2155531,7,1.2155531,6,14.296866,6,14.296866,6,14.296866,6,11.567569,6,11.567569,6,11.567569
E01002379,1,5,5.3764676,5,5.3764676,5,5.3764676,5,4.4538121,5,4.4538121,5,4.4538121,0,83.109496,5,2.7362172,5,2.7362172,5,1.1701338,5,1.1701338,5,1.1701338
E01002380,0,7,11.995916,7,11.995916,7,11.995916,7,12.435062,7,12.435062,7,12.435062,7,13.252567,7,13.252567,7,13.252567,7,13.997959,7,13.997959,7,13.997959
E01002381,0,6,6.7101822,6,6.7101822,6,6.7101822,6,6.0069667,6,6.0069667,6,6.0069667,6,4.6978765,6,4.6978765,6,4.6978765,6,3.504263,6,3.504263,6,3.504263
E01002382,0,6,13.872195,6,13.872195,6,13.872195,6,12.721845,6,12.721845,6,12.721845,6,10.580379,6,10.580379,6,10.580379,6,8.6278152,6,8.6278152,6,8.6278152
E01002383,0,6,12.867,6,12.867,6,12.867,6,11.535124,6,11.535124,6,11.535124,6,9.0557331,6,9.0557331,6,9.0557331,6,6.7950525,6,6.7950525,6,6.7950525
E01002384,0,6,9.0975198,6,9.0975198,6,9.0975198,6,7.3275048,6,7.3275048,6,7.3275048,6,4.032484,6,4.032484,6,4.032484,6,1.0281216,6,1.0281216,6,1.0281216
E01002385,0,7,7.5981887,7,7.5981887,7,7.5981887,7,5.3610335,7,5.3610335,7,5.3610335,7,1.1963952,7,1.1963952,7,1.1963952,6,13.473781,6,13.473781,6,13.473781
E01002386,0,7,10.362474,7,10.362474,7,10.362474,7,9.2729658,7,9.2729658,7,9.2729658,7,7.2447609,7,7.2447609,7,7.2447609,7,5.3954666,7,5.3954666,7,5.3954666
E01002387,0,7,1.8183186,7,1.8183186,7,1.8183186,6,15.551471,0,111.99941,6,15.551471,6,11.192582,6,11.192582,6,11.192582,6,7.2181955,6,7.2181955,6,7.2181955
E01002388,0,7,4.833903,7,4.833903,7,4.833903,7,2.2932245,7,2.2932245,7,2.2932245,6,13.63821,6,13.63821,6,13.63821,6,9.3257497,6,9.3257497,6,9.3257497
E01002389,0,7,9.482929,7,9.482929,7,9.482929,7,6.9606572,7,6.9606572,7,6.9606572,7,2.2652522,7,2.2652522,7,2.2652522,6,14.058691,6,14.058691,6,14.058691
E01002390,0,6,6.4588835,6,6.4588835,6,6.4588835,6,4.1406533,6,4.1406533,6,4.1406533,0,96.273022,5,15.899743,5,15.899743,5,11.96486,5,11.96486,5,11.96486
E01002391,0,7,6.5929939,7,6.5929939,7,6.5929939,7,4.6186524,7,4.6186524,7,4.6186524,7,0.94326212,7,0.94326212,7,0.94326212,6,13.666739,6,13.666739,6,13.666739
E01002392,0,0,79.536039,0,79.536039,4,15.237416,0,81.190282,5,0.81700281,5,0.81700281,0,84.269783,5,3.8965043,5,3.8965043,0,87.077638,5,6.7043588,5,6.7043588
E01002393,0,6,8.9718705,6,8.9718705,6,8.9718705,6,9.5699745,6,9.5699745,6,9.5699745,6,10.683392,6,10.683392,6,10.683392,6,11.698593,6,11.698593,6,11.698593
E01002394,0,0,87.200649,5,6.8273704,5,6.8273704,0,87.984698,5,7.6114186,5,7.6114186,0,89.444264,5,9.0709853,5,9.0709853,0,90.775081,5,10.401802,5,10.401802
E01002395,0,0,74.258766,0,74.258766,4,9.9601431,0,74.643845,4,10.345222,4,10.345222,0,75.3607,4,11.062077,4,11.062077,0,76.01432,4,11.715697,4,11.715697
E01002396,0,0,84.310714,0,84.310714,5,3.9374354,0,85.126368,0,85.126368,5,4.7530893,0,86.644772,5,6.2714926,5,6.2714926,0,88.029234,5,7.6559555,5,7.6559555
E01002397,0,0,77.902597,4,13.603974,4,13.603974,0,79.294812,0,79.294812,4,14.996188,0,81.886526,5,1.5132474,5,1.5132474,0,84.249622,5,3.8763435,5,3.8763435
E01002398,0,0,90.341883,5,9.9686042,5,9.9686042,0,90.501814,5,10.128536,5,10.128536,0,90.799539,5,10.42626,5,10.42626,0,91.071001,5,10.697722,0,91.071001
E01002399,0,0,84.436364,0,84.436364,5,4.0630847,0,84.865981,0,84.865981,5,4.4927017,0,85.665746,5,5.2924672,5,5.2924672,0,86.394963,5,6.0216843,5,6.0216843
E01002400,0,0,105.29416,6,8.8462211,6,8.8462211,0,106.47721,6,10.029273,6,10.029273,6,12.231616,6,12.231616,6,12.231616,0,110.68762,0,110.68762,6,14.239687
E01002401,0,6,5.8306367,6,5.8306367,6,5.8306367,6,7.1494745,6,7.1494745,6,7.1494745,6,9.6045936,6,9.6045936,6,9.6045936,6,11.843143,6,11.843143,6,11.843143
E01002402,0,0,81.043831,5,0.67055225,5,0.67055225,0,82.199573,5,1.8262944,5,1.8262944,0,84.351077,0,84.351077,5,3.9777984,0,86.312794,0,86.312794,5,5.9395152
E01002403,0,0,108.30974,6,11.861806,6,11.861806,0,110.39333,6,13.945398,6,13.945398,0,114.2721,0,114.2721,7,1.7495128,0,117.80872,0,117.80872,7,5.2861314
E01002404,0,0,89.211039,5,8.83776,5,8.83776,0,90.787938,5,10.414659,5,10.414659,0,93.723458,0,93.723458,5,13.350179,0,96.400032,0,96.400032,5,16.026753
E01002405,0,0,94.111364,5,13.738085,5,13.738085,0,95.06775,0,95.06775,5,14.694471,0,96.848139,0,96.848139,6,0.40020402,0,98.471477,6,2.0235418,6,2.0235418
E01002408,0,0,84.938961,5,4.5656821,5,4.5656821,0,86.440347,5,6.0670677,5,6.0670677,5,8.8620137,5,8.8620137,5,8.8620137,0,91.783693,0,91.783693,5,11.410414
E01002409,0,0,101.90162,6,5.4536887,6,5.4536887,0,102.70847,6,6.2605372,6,6.2605372,6,7.7625485,6,7.7625485,6,7.7625485,0,105.58,0,105.58,6,9.1320653
E01002410,0,0,110.82273,6,14.374793,6,14.374793,6,14.300625,0,110.74856,6,14.300625,6,14.162557,6,14.162557,6,14.162557,0,110.4846,6,14.036668,6,14.036668
E01002411,0,0,109.31494,6,12.867,6,12.867,0,109.19911,6,12.751174,6,12.751174,0,108.98349,6,12.535553,6,12.535553,0,108.78689,0,108.78689,6,12.338953
E01002412,0,0,125.39805,7,12.875461,7,12.875461,0,124.77572,0,124.77572,7,12.253133,0,123.61721,7,11.09462,7,11.09462,0,122.56089,0,122.56089,7,10.038302
E01002413,0,0,78.405195,4,14.106572,4,14.106572,0,79.62277,0,79.62277,4,15.324147,0,81.88938,0,81.88938,5,1.5161011,0,83.956049,0,83.956049,5,3.5827706
E01002414,0,0,68.101948,4,3.8033249,4,3.8033249,0,67.212395,4,2.913772,4,2.913772,0,65.556423,4,1.2578002,4,1.2578002,0,64.046527,0,64.046527,0,64.046527
E01002415,0,0,109.31494,0,109.31494,6,12.867,0,107.59904,0,107.59904,6,11.151109,0,104.40478,0,104.40478,6,7.9568425,0,101.49228,6,5.0443471,6,5.0443471
E01002416,0,6,14.249143,6,14.249143,6,14.249143,6,12.900427,6,12.900427,6,12.900427,6,10.389688,6,10.389688,6,10.389688,6,8.1004236,6,8.1004236,6,8.1004236
E01002417,0,0,113.46136,0,113.46136,7,0.93877315,0,111.80218,0,111.80218,6,15.35424,0,108.71347,0,108.71347,6,12.265532,0,105.89722,0,105.89722,6,9.4492828
E01002418,0,0,111.45097,0,111.45097,6,15.003039,0,110.6151,0,110.6151,6,14.167164,0,109.05905,0,109.05905,6,12.611117,0,107.64026,6,11.19233,6,11.19233
E01002419,0,0,103.53506,0,103.53506,6,7.0871302,0,102.04124,0,102.04124,6,5.5933039,0,99.260365,0,99.260365,6,2.8124302,0,96.724796,6,0.27686107,6,0.27686107
E01002420,0,0,101.65032,0,101.65032,6,5.20239,0,101.18553,0,101.18553,6,4.737594,0,100.32027,0,100.32027,6,3.8723403,0,99.531346,0,99.531346,6,3.0834117
E01002421,0,0,110.94838,0,110.94838,6,14.500442,0,109.74817,0,109.74817,6,13.300235,0,107.51389,0,107.51389,6,11.065957,0,105.4767,6,9.028767,6,9.028767
E01002422,0,0,89.462338,5,9.0890587,5,9.0890587,0,89.943717,5,9.5704378,5,9.5704378,0,90.839841,5,10.466562,5,10.466562,0,91.656917,5,11.283638,5,11.283638
E01002423,0,6,12.741351,6,12.741351,6,12.741351,6,13.222328,6,13.222328,6,13.222328,6,14.117705,6,14.117705,6,14.117705,6,14.9341,6,14.9341,6,14.9341
E01002424,0,0,96.75,6,0.3020653,6,0.3020653,0,97.062891,6,0.61495586,6,0.61495586,0,97.645361,6,1.197426,6,1.197426,0,98.17645,6,1.7285156,6,1.7285156
E01002425,0,5,9.0890587,5,9.0890587,5,9.0890587,0,90.755593,5,10.382314,5,10.382314,0,93.163089,5,12.789811,5,12.789811,0,95.358217,5,14.984938,0,95.358217
E01002426,0,0,86.572403,5,6.1991237,5,6.1991237,0,87.317011,5,6.9437317,5,6.9437317,0,88.703156,5,8.3298774,5,8.3298774,0,89.967028,5,9.5937493,5,9.5937493
E01002427,0,0,90.216234,5,9.8429549,5,9.8429549,0,89.838934,5,9.465655,5,9.465655,0,89.136561,5,8.7632819,5,8.7632819,0,88.496145,5,8.1228661,5,8.1228661
E01002428,0,0,99.765584,6,3.3176497,6,3.3176497,0,99.24126,6,2.7933249,6,2.7933249,0,98.265188,6,1.8172536,6,1.8172536,0,97.375217,6,0.92728278,6,0.92728278
E01002429,0,0,84.687662,5,4.3143834,5,4.3143834,0,85.829257,5,5.4559777,5,5.4559777,0,87.954423,5,7.5811442,5,7.5811442,0,89.892126,5,9.5188469,5,9.5188469
E01002430,0,0,113.71266,0,113.71266,7,1.1900719,0,111.30635,0,111.30635,6,14.858416,0,106.82682,0,106.82682,6,10.378881,0,102.74243,6,6.2944916,6,6.2944916
E01002431,0,5,8.83776,0,89.211039,5,8.83776,0,87.314509,0,87.314509,5,6.9412305,0,83.783972,0,83.783972,5,3.4106932,0,80.564868,0,80.564868,5,0.1915894
E01002432,0,0,91.347078,0,91.347078,5,10.973799,0,90.44805,0,90.44805,5,10.074771,0,88.774439,0,88.774439,5,8.4011603,0,87.24846,0,87.24846,5,6.8751811
E01002433,0,0,150.15097,0,150.15097,9,5.479072,0,149.4058,0,149.4058,9,4.7338992,0,148.0186,0,148.0186,9,3.346702,0,146.75377,9,2.0818715,9,2.0818715
E01002434,0,0,101.14773,0,101.14773,6,4.6997926,0,99.362632,0,99.362632,6,2.9146969,0,96.039537,0,96.039537,5,15.666258,0,93.009578,5,12.636299,5,12.636299
E01002435,0,0,107.68149,0,107.68149,6,11.233559,0,105.51839,0,105.51839,6,9.0704599,0,101.49162,0,101.49162,6,5.0436832,0,97.820049,6,1.372114,6,1.372114
E01002436,0,0,115.09481,0,115.09481,7,2.5722147,0,113.87221,0,113.87221,7,1.3496152,0,111.59624,0,111.59624,0,111.59624,0,109.52104,6,13.073109,6,13.073109
E01002437,0,6,8.9718705,0,105.41981,6,8.9718705,0,103.37415,0,103.37415,6,6.9262133,0,99.565998,0,99.565998,6,3.1180635,0,96.09377,0,96.09377,5,15.720492
E01002438,0,7,2.6978641,7,2.6978641,7,2.6978641,7,1.5301467,7,1.5301467,7,1.5301467,6,15.431006,0,111.87894,0,111.87894,6,13.448963,6,13.448963,6,13.448963
E01002439,0,0,100.51948,6,4.0715458,6,4.0715458,0,99.991194,6,3.5432589,6,3.5432589,0,99.007746,6,2.5598117,6,2.5598117,0,98.11105,6,1.6631157,6,1.6631157
E01002440,1,5,14.87739,5,14.87739,5,14.87739,5,14.813749,5,14.813749,5,14.813749,5,14.695278,5,14.695278,5,14.695278,5,14.587257,5,14.587257,5,14.587257
E01002441,0,0,116.97955,7,4.456955,7,4.456955,0,116.65013,7,4.1275366,7,4.1275366,7,3.5142988,7,3.5142988,7,3.5142988,0,115.47775,7,2.9551555,7,2.9551555
E01002442,0,7,3.8287082,7,3.8287082,7,3.8287082,7,4.0233301,7,4.0233301,7,4.0233301,7,4.3856338,7,4.3856338,7,4.3856338,7,4.7159783,7,4.7159783,7,4.7159783
E01002443,0,0,91.347078,5,10.973799,5,10.973799,0,91.695978,5,11.322699,5,11.322699,0,92.345483,5,11.972204,5,11.972204,0,92.937694,5,12.564415,5,12.564415
E01002444,0,6,1.0559614,6,1.0559614,6,1.0559614,0,98.504273,6,2.0563386,6,2.0563386,6,3.9186186,6,3.9186186,6,3.9186186,6,5.6166243,6,5.6166243,6,5.6166243
E01002445,0,0,77.274351,4,12.975728,4,12.975728,0,78.625175,0,78.625175,4,14.326552,0,81.13984,0,81.13984,5,0.76656088,0,83.432682,0,83.432682,5,3.0594036
E01002446,0,0,108.56104,6,12.113104,6,12.113104,0,108.53076,6,12.082825,6,12.082825,0,108.47439,0,108.47439,6,12.026457,0,108.423,0,108.423,6,11.975061
E01002447,0,0,92.85487,5,12.481591,5,12.481591,0,93.254834,0,93.254834,5,12.881555,0,93.999397,0,93.999397,5,13.626118,0,94.678282,5,14.305003,5,14.305003
E01002448,0,0,91.095779,5,10.7225,5,10.7225,0,91.754843,5,11.381564,5,11.381564,0,92.981742,0,92.981742,5,12.608463,0,94.100415,5,13.727136,5,13.727136
E01002449,0,0,78.028247,4,13.729624,4,13.729624,0,78.981088,0,78.981088,4,14.682465,0,80.754877,5,0.38159833,5,0.38159833,0,82.372198,5,1.9989188,5,1.9989188
E01002450,0,0,96.624351,6,0.17641595,6,0.17641595,0,95.739385,0,95.739385,5,15.366106,0,94.091954,5,13.718675,5,13.718675,0,92.589844,5,12.216565,5,12.216565
E01002451,0,0,93.106169,5,12.73289,5,12.73289,0,92.362451,0,92.362451,5,11.989172,0,90.977963,5,10.604684,5,10.604684,0,89.715602,5,9.342323,5,9.342323
E01002452,0,0,95.367857,5,14.994578,5,14.994578,0,94.680522,0,94.680522,5,14.307243,0,93.400995,5,13.027716,5,13.027716,0,92.234337,5,11.861058,5,11.861058
E01002453,0,0,105.79675,6,9.3488185,6,9.3488185,0,105.44721,0,105.44721,6,8.9992724,0,104.7965,6,8.348565,6,8.348565,0,104.20319,6,7.7552574,6,7.7552574
E01002454,0,0,103.15812,6,6.7101822,6,6.7101822,0,103.3508,0,103.3508,6,6.9028683,0,103.7095,6,7.2615686,6,7.2615686,0,104.03656,6,7.5886273,6,7.5886273
E01002455,0,0,101.65032,6,5.20239,6,5.20239,0,102.36591,6,5.9179762,6,5.9179762,0,103.69803,6,7.2500955,6,7.2500955,0,104.91264,6,8.4647067,6,8.4647067
E01002456,0,0,98.886039,6,2.4381043,6,2.4381043,0,99.244435,6,2.7965005,6,2.7965005,0,99.911618,6,3.463683,6,3.463683,0,100.51995,6,4.0720125,6,4.0720125
E01002457,0,0,83.431169,5,3.0578899,5,3.0578899,0,84.490695,5,4.117416,5,4.117416,5,6.0898061,5,6.0898061,5,6.0898061,0,88.261488,5,7.888209,5,7.888209
E01002458,0,0,108.93799,6,12.490052,6,12.490052,0,106.70713,0,106.70713,6,10.259192,0,102.55421,6,6.1062716,6,6.1062716,0,98.767621,6,2.3196861,6,2.3196861
E01002459,0,0,123.51331,7,10.990721,7,10.990721,0,121.02013,0,121.02013,7,8.4975412,0,116.37888,7,3.8562928,7,3.8562928,0,112.14705,6,15.699111,6,15.699111
E01002460,0,0,97.880844,6,1.4329095,6,1.4329095,0,96.430393,0,96.430393,5,16.057114,0,93.730265,5,13.356986,5,13.356986,0,91.268319,0,91.268319,5,10.89504
E01002461,0,0,113.08442,7,0.5618251,7,0.5618251,0,111.48591,0,111.48591,6,15.037979,0,108.51018,6,12.062244,6,12.062244,0,105.79694,6,9.349003,6,9.349003
E01002462,0,0,107.68149,6,11.233559,6,11.233559,0,105.82312,0,105.82312,6,9.3751834,0,102.36361,6,5.9156732,6,5.9156732,0,99.209266,6,2.7613311,6,2.7613311
E01002463,0,0,107.68149,6,11.233559,6,11.233559,0,105.91769,0,105.91769,6,9.4697528,0,102.63423,6,6.1862908,6,6.1862908,0,99.640402,6,3.1924675,6,3.1924675
E01002464,0,0,111.45097,6,15.003039,6,15.003039,0,110.19095,0,110.19095,6,13.743018,0,107.84532,6,11.39739,6,11.39739,0,105.70661,6,9.2586728,6,9.2586728
E01002465,0,0,94.111364,0,94.111364,5,13.738085,0,93.690223,0,93.690223,5,13.316944,0,92.906237,0,92.906237,5,12.532958,0,92.191408,0,92.191408,5,11.818129
E01002466,0,0,109.06364,0,109.06364,6,12.615702,0,107.43683,0,107.43683,6,10.988895,0,104.4084,0,104.4084,6,7.9604681,0,101.64712,0,101.64712,6,5.1991828
E01002467,0,0,95.870455,0,95.870455,5,15.497176,0,94.384308,0,94.384308,5,14.011029,0,91.617731,0,91.617731,5,11.244452,0,89.095197,0,89.095197,5,8.7219182
E01002468,0,0,109.81753,0,109.81753,6,13.369598,0,108.27593,0,108.27593,6,11.827991,0,105.40611,0,105.40611,6,8.9581709,0,102.78944,0,102.78944,6,6.3415013
E01002469,0,0,111.07403,0,111.07403,6,14.626091,0,109.1571,0,109.1571,6,12.709167,0,105.5886,0,105.5886,6,9.1406644,0,102.33488,0,102.33488,6,5.8869439
E01002470,1,0,82.29967,0,82.29967,5,1.9263907,0,81.734659,0,81.734659,5,1.3613802,0,80.682848,0,80.682848,5,0.30956936,0,79.723819,0,79.723819,4,15.425196
E01002471,0,0,104.41461,0,104.41461,6,7.9666757,0,102.65337,0,102.65337,6,6.2054361,0,99.374686,0,99.374686,6,2.9267517,0,96.385219,0,96.385219,3,48.161252
E01002472,1,0,85.308166,5,4.9348872,5,4.9348872,5,4.0755914,5,4.0755914,5,4.0755914,5,2.4759456,5,2.4759456,5,2.4759456,5,1.0174067,5,1.0174067,5,1.0174067
E01002473,0,8,3.9628187,8,3.9628187,8,3.9628187,8,2.3477274,8,2.3477274,8,2.3477274,3,79.714388,0,127.93836,7,15.415765,7,12.674365,7,12.674365,7,12.674365
E01002474,0,6,9.9770653,6,9.9770653,6,9.9770653,0,105.48143,6,9.0334929,6,9.0334929,0,103.72489,6,7.2769596,6,7.2769596,6,5.6753724,6,5.6753724,6,5.6753724
E01002475,0,0,98.132143,6,1.6842082,6,1.6842082,6,1.2929543,6,1.2929543,6,1.2929543,0,97.01254,6,0.56460487,6,0.56460487,5,15.97516,5,15.97516,5,15.97516
E01002476,0,7,2.5722147,7,2.5722147,7,2.5722147,7,0.63082429,7,0.63082429,7,0.63082429,6,13.091431,6,13.091431,6,13.091431,6,9.7961819,6,9.7961819,6,9.7961819
E01002477,0,0,82.677273,5,2.3039938,5,2.3039938,5,1.3450733,5,1.3450733,5,1.3450733,4,15.634624,0,79.933247,4,15.634624,0,78.305609,4,14.006986,4,14.006986
E01002478,0,5,14.74328,0,95.116558,5,14.74328,0,94.106179,5,13.7329,5,13.7329,0,92.225278,5,11.851999,5,11.851999,5,10.137016,5,10.137016,5,10.137016
E01002479,0,0,107.05325,0,107.05325,6,10.605312,0,106.86669,0,106.86669,6,10.418757,0,106.5194,0,106.5194,6,10.07147,0,106.20275,6,9.7548178,6,9.7548178
E01002480,0,7,13.755007,0,126.2776,7,13.755007,0,124.1599,0,124.1599,7,11.63731,0,120.21764,0,120.21764,7,7.6950534,0,116.62314,7,4.1005483,7,4.1005483
E01002481,0,5,14.240682,0,94.613961,5,14.240682,0,95.049199,0,95.049199,5,14.675921,0,95.85943,0,95.85943,5,15.486151,0,96.598188,6,0.15025354,6,0.15025354
E01002482,0,7,6.969942,7,6.969942,7,6.969942,7,4.5929042,7,4.5929042,7,4.5929042,7,0.16786362,7,0.16786362,7,0.16786362,6,12.207818,6,12.207818,0,108.65575
E01002483,0,0,105.29416,0,105.29416,6,8.8462211,0,105.25451,0,105.25451,6,8.8065779,0,105.18071,0,105.18071,6,8.732779,0,105.11342,6,8.66549,6,8.66549
E01002484,0,5,3.811786,5,3.811786,5,3.811786,5,4.2236946,5,4.2236946,5,4.2236946,5,4.9904945,5,4.9904945,5,4.9904945,5,5.689654,5,5.689654,5,5.689654
E01002485,0,0,107.55584,0,107.55584,6,11.107909,0,107.60981,0,107.60981,6,11.161874,0,107.71027,0,107.71027,6,11.262332,0,107.80186,6,11.35393,6,11.35393
E01002486,0,0,106.1737,6,9.7257666,6,9.7257666,0,107.85358,6,11.405648,6,11.405648,0,110.98081,0,110.98081,6,14.532877,0,113.83218,7,1.309593,7,1.309593
E01002487,0,0,93.734416,5,13.361137,5,13.361137,0,94.476597,5,14.103318,5,14.103318,0,95.858225,0,95.858225,5,15.484946,0,97.117978,6,0.67004312,6,0.67004312
E01002488,0,0,90.593182,5,10.219903,5,10.219903,0,90.921522,5,10.548243,5,10.548243,0,91.532753,0,91.532753,5,11.159474,0,92.090066,5,11.716787,5,11.716787
E01002489,0,0,88.080195,5,7.7069159,5,7.7069159,0,88.021248,5,7.6479688,5,7.6479688,0,87.911513,0,87.911513,5,7.5382341,0,87.811458,5,7.4381794,5,7.4381794
E01002490,0,0,107.30455,6,10.856611,6,10.856611,0,107.48403,6,11.0361,6,11.0361,0,107.81817,0,107.81817,6,11.370233,0,108.12283,6,11.674892,0,108.12283
E01002491,0,0,75.892208,4,11.593585,4,11.593585,0,76.848588,0,76.848588,4,12.549965,0,78.628964,4,14.330341,4,14.330341,0,80.25229,4,15.953667,2,48.102979
E01002492,0,0,89.462338,5,9.0890587,5,9.0890587,0,89.629442,5,9.2561629,5,9.2561629,0,89.940519,5,9.5672403,5,9.5672403,0,90.224156,5,9.8508772,5,9.8508772
E01002493,0,0,80.038636,0,80.038636,0,80.038636,0,81.758004,0,81.758004,5,1.3847255,0,84.958742,0,84.958742,5,4.5854628,0,87.877138,5,7.5038588,5,7.5038588
E01002494,0,0,105.54545,6,9.0975198,6,9.0975198,0,104.82596,0,104.82596,6,8.3780302,0,103.48658,6,7.0386444,6,7.0386444,0,102.26534,6,5.8174076,6,5.8174076
E01002495,0,0,112.45617,0,112.45617,6,16.008234,0,111.76639,0,111.76639,6,15.31845,0,110.4823,6,14.034365,6,14.034365,0,109.31148,6,12.86355,6,12.86355
E01002496,0,6,11.484858,6,11.484858,6,11.484858,6,11.517946,6,11.517946,6,11.517946,6,11.579544,6,11.579544,6,11.579544,6,11.635708,6,11.635708,6,11.635708
E01002497,0,8,1.3241823,8,1.3241823,8,1.3241823,8,1.4400798,8,1.4400798,8,1.4400798,8,1.6558319,8,1.6558319,8,1.6558319,8,1.8525523,8,1.8525523,8,1.8525523
E01002498,0,5,10.219903,5,10.219903,5,10.219903,5,9.0984492,5,9.0984492,5,9.0984492,5,7.010776,5,7.010776,5,7.010776,5,5.1072593,5,5.1072593,5,5.1072593
E01002499,0,0,104.28896,6,7.8410263,6,7.8410263,0,104.27005,6,7.8221149,6,7.8221149,6,7.7869098,6,7.7869098,6,7.7869098,6,7.7548102,6,7.7548102,6,7.7548102
E01002501,0,0,85.441558,5,5.0682795,5,5.0682795,0,85.826265,5,5.452986,5,5.452986,0,86.542426,5,6.169147,5,6.169147,0,87.195413,5,6.8221345,5,6.8221345
E01002502,0,0,87.828896,5,7.4556172,5,7.4556172,0,88.695727,5,8.3224483,5,8.3224483,0,90.309401,5,9.9361219,5,9.9361219,0,91.78073,5,11.407451,0,91.78073
E01002503,1,0,66.157298,4,1.8586745,4,1.8586745,0,67.554664,4,3.2560407,4,3.2560407,0,70.15597,4,5.8573466,4,5.8573466,0,72.527811,4,8.2291877,4,8.2291877
E01002505,0,0,77.902597,0,77.902597,4,13.603974,0,79.477256,0,79.477256,4,15.178633,0,82.408605,5,2.0353257,5,2.0353257,0,85.081375,5,4.7080963,5,4.7080963
E01002506,0,0,58.803896,0,58.803896,3,10.579929,0,60.354014,0,60.354014,3,12.130046,0,63.239678,0,63.239678,3,15.01571,0,65.870793,4,1.5721702,4,1.5721702
E01002507,1,0,78.981277,4,14.682654,4,14.682654,0,79.891609,0,79.891609,4,15.592986,0,81.586262,5,1.2129829,5,1.2129829,0,83.131427,5,2.7581483,5,2.7581483
E01002508,0,0,83.933766,5,3.5604873,5,3.5604873,0,85.220815,5,4.8475361,5,4.8475361,0,87.616756,5,7.2434775,5,7.2434775,0,89.801348,5,9.4280696,5,9.4280696
E01002509,0,0,107.30455,6,10.856611,6,10.856611,0,105.65162,6,9.2036883,6,9.2036883,0,102.57458,6,6.1266448,6,6.1266448,0,99.768966,6,3.3210314,6,3.3210314
E01002511,0,0,92.85487,5,12.481591,5,12.481591,0,93.372626,5,12.999347,5,12.999347,0,94.336467,5,13.963188,5,13.963188,0,95.215287,5,14.842009,5,14.842009
E01002512,0,0,142.36071,8,13.763468,8,13.763468,0,140.89016,0,140.89016,8,12.29291,0,138.1526,8,9.5553533,8,9.5553533,0,135.65653,8,7.0592798,8,7.0592798
E01002513,0,0,100.26818,6,3.8202471,6,3.8202471,0,99.222647,6,2.7747127,6,2.7747127,0,97.276304,6,0.82836901,6,0.82836901,0,95.50165,5,15.128371,5,15.128371
E01002514,0,0,100.14253,6,3.6945978,6,3.6945978,0,100.22209,6,3.7741587,6,3.7741587,0,100.3702,6,3.9222675,6,3.9222675,0,100.50525,6,4.0573115,6,4.0573115
E01002516,0,0,106.80195,6,10.354013,6,10.354013,0,105.28183,6,8.8338955,6,8.8338955,0,102.45201,6,6.004078,6,6.004078,0,99.871817,6,3.4238826,6,3.4238826
E01002518,0,0,81.169481,5,0.7962016,5,0.7962016,0,80.774571,5,0.40129241,5,0.40129241,4,15.740794,0,80.039417,0,80.039417,0,79.369112,4,15.070489,0,79.369112
E01002519,0,6,14.626091,0,111.07403,6,14.626091,6,14.963628,6,14.963628,6,14.963628,6,15.59198,6,15.59198,6,15.59198,7,0.090247965,7,0.090247965,7,0.090247965
E01002520,0,0,97.252597,6,0.8046627,6,0.8046627,0,98.117536,6,1.6696011,6,1.6696011,0,99.727686,6,3.279751,6,3.279751,0,101.1958,6,4.7478675,6,4.7478675
E01002521,0,0,68.855844,4,4.557221,4,4.557221,0,70.072944,4,5.7743206,4,5.7743206,0,72.338669,4,8.040046,4,8.040046,0,74.404532,4,10.105909,4,10.105909
E01002523,0,0,78.028247,4,13.729624,4,13.729624,0,77.679077,0,77.679077,4,13.380454,0,77.02907,0,77.02907,4,12.730447,0,76.436401,0,76.436401,4,12.137778
E01002525,0,0,111.57662,6,15.128689,6,15.128689,0,111.05555,6,14.607617,6,14.607617,0,110.08554,0,110.08554,6,13.637601,0,109.20109,0,109.20109,6,12.753152
E01002526,1,7,13.512169,7,13.512169,7,13.512169,0,126.46661,0,126.46661,7,13.944018,0,127.27053,0,127.27053,7,14.747939,0,128.00353,0,128.00353,7,15.480944
E01002527,0,0,91.975325,5,11.602046,5,11.602046,0,93.044631,5,12.671352,5,12.671352,0,95.035227,0,95.035227,0,95.035227,0,96.850229,0,96.850229,6,0.40229475
E01002528,0,0,97.378247,6,0.93031205,6,0.93031205,0,98.795436,6,2.3475014,6,2.3475014,0,101.43364,0,101.43364,6,4.9857096,0,103.83913,0,103.83913,6,7.3911979
E01002529,1,0,97.716252,6,1.2683174,6,1.2683174,0,98.617239,6,2.1693043,6,2.1693043,0,100.2945,0,100.2945,6,3.8465615,0,101.8238,0,101.8238,6,5.3758655
E01002530,0,0,82.300325,5,1.9270458,5,1.9270458,0,83.955844,5,3.5825651,5,3.5825651,0,87.037722,0,87.037722,5,6.6644431,0,89.847743,0,89.847743,5,9.4744644
E01002531,0,0,101.52468,6,5.0767406,6,5.0767406,0,100.90194,6,4.4540086,6,4.4540086,0,99.742679,0,99.742679,6,3.2947444,0,98.685675,0,98.685675,6,2.2377405
E01002533,0,0,99.262987,6,2.8150523,6,2.8150523,0,98.915656,6,2.4677209,6,2.4677209,0,98.269071,6,1.8211364,6,1.8211364,0,97.679523,6,1.231588,6,1.231588
E01002534,0,0,99.765584,6,3.3176497,6,3.3176497,0,98.608468,6,2.1605329,6,2.1605329,0,96.454405,6,0.0064699891,5,16.081126,0,94.490355,5,14.117076,5,14.117076
E01002535,0,0,124.39286,0,124.39286,7,11.870267,0,122.86514,0,122.86514,7,10.342545,0,120.02116,0,120.02116,7,7.4985723,0,117.42806,7,4.9054703,7,4.9054703
E01002536,0,0,80.792532,5,0.41925355,5,0.41925355,0,79.87124,4,15.572616,4,15.572616,0,78.156181,4,13.857558,4,13.857558,0,76.59241,4,12.293787,4,12.293787
E01002537,0,0,146.88409,9,2.2121889,9,2.2121889,0,144.85081,9,0.17891236,9,0.17891236,0,141.06571,8,12.468466,8,12.468466,0,137.6145,8,9.0172526,8,9.0172526
E01002538,0,0,121.37727,7,8.8546822,7,8.8546822,0,120.59724,7,8.0746458,7,8.0746458,0,119.14514,7,6.6225474,7,6.6225474,0,117.82113,7,5.2985406,7,5.2985406
E01002539,0,0,121.12597,0,121.12597,7,8.6033835,0,119.34288,0,119.34288,7,6.8202929,0,116.02352,0,116.02352,7,3.500931,0,112.99697,7,0.47437464,7,0.47437464
E01002540,0,0,81.29513,5,0.92185095,5,0.92185095,0,82.557583,5,2.1843044,5,2.1843044,5,4.5344596,5,4.5344596,5,4.5344596,0,87.050583,5,6.6773045,5,6.6773045
E01002541,0,7,9.2316303,7,9.2316303,7,9.2316303,7,9.6966704,7,9.6966704,7,9.6966704,7,10.562379,7,10.562379,7,10.562379,7,11.351722,7,11.351722,7,11.351722
E01002542,0,0,84.562013,5,4.1887341,5,4.1887341,0,86.485823,5,6.1125439,5,6.1125439,5,9.6938654,5,9.6938654,5,9.6938654,5,12.959274,5,12.959274,5,12.959274
E01002543,0,0,88.834091,5,8.460812,5,8.460812,0,90.525687,5,10.152408,5,10.152408,0,93.674724,5,13.301445,5,13.301445,0,96.54598,6,0.098045408,6,0.098045408
E01002544,0,0,98.383442,6,1.9355069,6,1.9355069,0,98.125591,6,1.6776566,6,1.6776566,0,97.645583,6,1.1976482,6,1.1976482,0,97.207917,6,0.75998197,6,0.75998197
E01002545,0,0,66.845455,4,2.5468314,4,2.5468314,0,68.6206,4,4.3219764,4,4.3219764,0,71.92517,4,7.6265469,4,7.6265469,0,74.93824,4,10.639617,4,10.639617
E01002546,0,0,78.782143,0,78.782143,4,14.48352,0,79.182991,0,79.182991,4,14.884368,0,79.929201,0,79.929201,4,15.630578,0,80.609586,5,0.23630729,5,0.23630729
E01002547,0,0,73.002273,0,73.002273,4,8.7036496,0,73.694277,0,73.694277,4,9.3956541,0,74.982497,4,10.683874,4,10.683874,0,76.157082,4,11.858459,0,76.157082
E01002548,0,6,2.3124549,6,2.3124549,6,2.3124549,0,99.580915,6,3.1329801,6,3.1329801,0,101.10839,0,101.10839,6,4.6604516,0,102.50112,0,102.50112,6,6.0531827
E01002549,0,6,10.730961,6,10.730961,6,10.730961,0,107.95432,6,11.506384,6,11.506384,0,109.39783,0,109.39783,6,12.949894,0,110.71401,0,110.71401,6,14.26607
E01002550,0,0,97.001299,6,0.553364,6,0.553364,0,97.864002,6,1.4160674,6,1.4160674,0,99.469991,0,99.469991,6,3.0220568,0,100.93431,0,100.93431,6,4.4863796
E01002551,0,0,112.33052,6,15.882585,6,15.882585,0,112.6938,7,0.17120713,7,0.17120713,0,113.37007,0,113.37007,7,0.8474776,0,113.98668,0,113.98668,7,1.4640933
E01002552,0,0,93.483117,5,13.109838,5,13.109838,0,94.323653,5,13.950374,5,13.950374,0,95.888375,0,95.888375,5,15.515097,0,97.315072,0,97.315072,6,0.86713722
E01002553,0,0,91.849675,5,11.476396,5,11.476396,0,92.989223,5,12.615944,5,12.615944,0,95.110579,0,95.110579,5,14.737301,0,97.044808,0,97.044808,6,0.59687347
E01002555,0,7,6.0903965,7,6.0903965,7,6.0903965,7,5.9299946,7,5.9299946,7,5.9299946,7,5.631394,7,5.631394,7,5.631394,7,5.3591333,7,5.3591333,7,5.3591333
E01002556,0,6,1.0559614,6,1.0559614,6,1.0559614,6,1.1619697,6,1.1619697,6,1.1619697,6,1.3593123,6,1.3593123,6,1.3593123,6,1.5392471,6,1.5392471,6,1.5392471
E01002557,0,6,13.118299,6,13.118299,6,13.118299,6,13.665087,0,110.11302,6,13.665087,6,14.682974,6,14.682974,6,14.682974,6,15.611073,6,15.611073,6,15.611073
E01002558,0,6,9.0975198,6,9.0975198,6,9.0975198,6,10.654169,6,10.654169,6,10.654169,6,13.551992,6,13.551992,6,13.551992,7,0.11953818,7,0.11953818,7,0.11953818
E01002559,0,8,0.0676888,8,0.0676888,8,0.0676888,8,1.5133272,8,1.5133272,8,1.5133272,8,4.2044955,8,4.2044955,8,4.2044955,8,6.6582721,8,6.6582721,8,6.6582721
E01002560,0,0,94.111364,5,13.738085,5,13.738085,0,94.920814,0,94.920814,5,14.547535,0,96.427669,5,16.05439,5,16.05439,0,97.801603,6,1.3536679,6,1.3536679
E01002561,0,0,66.342857,4,2.044234,4,2.044234,0,67.153003,4,2.8543796,4,2.8543796,0,68.661152,4,4.3625285,4,4.3625285,4,5.7376416,0,70.036265,4,5.7376416
E01002562,0,0,0.0,0,0.0,0,0.0,0,0.0,0,0.0,0,0.0,0,0.0,0,0.0,0,0.0,0,0.0,0,0.0,0,0.0
E01002563,0,0,0.0,0,0.0,0,0.0,0,0.0,0,0.0,0,0.0,0,0.0,0,0.0,0,0.0,0,0.0,0,0.0,0,0.0
E01002564,0,0,0.0,0,0.0,0,0.0,0,0.0,0,0.0,0,0.0,0,0.0,0,0.0,0,0.0,0,0.0,0,0.0,0,0.0
E01002565,7,0,0.0,0,0.0,0,0.0,0,0.0,0,0.0,0,0.0,0,0.0,0,0.0,0,0.0,0,0.0,0,0.0,0,0.0
E01002567,9,0,0.0,0,0.0,0,0.0,0,0.0,0,0.0,0,0.0,0,0.0,0,0.0,0,0.0,0,0.0,0,0.0,0,0.0
E01002569,17,0,0.0,0,0.0,0,0.0,0,0.0,0,0.0,0,0.0,0,0.0,0,0.0,0,0.0,0,0.0,0,0.0,0,0.0
E01002570,7,0,0.0,0,0.0,0,0.0,0,0.0,0,0.0,0,0.0,0,0.0,0,0.0,0,0.0,0,0.0,0,0.0,0,0.0
E01002571,5,0,0.0,0,0.0,0,0.0,0,0.0,0,0.0,0,0.0,0,0.0,0,0.0,0,0.0,0,0.0,0,0.0,0,0.0
E01002572,3,0,0.0,0,0.0,0,0.0,0,0.0,0,0.0,0,0.0,0,0.0,0,0.0,0,0.0,0,0.0,0,0.0,0,0.0
E01002573,16,0,0.0,0,0.0,0,0.0,0,0.0,0,0.0,0,0.0,0,0.0,0,0.0,0,0.0,0,0.0,0,0.0,0,0.0
E01002574,9,0,0.0,0,0.0,0,0.0,0,0.0,0,0.0,0,0.0,0,0.0,0,0.0,0,0.0,0,0.0,0,0.0,0,0.0
E01002575,8,0,0.0,0,0.0,0,0.0,0,0.0,0,0.0,0,0.0,0,0.0,0,0.0,0,0.0,0,0.0,0,0.0,0,0.0
E01002576,5,0,0.0,0,0.0,0,0.0,0,0.0,0,0.0,0,0.0,0,0.0,0,0.0,0,0.0,0,0.0,0,0.0,0,0.0
E01002577,5,0,0.0,0,0.0,0,0.0,0,0.0,0,0.0,0,0.0,0,0.0,0,0.0,0,0.0,0,0.0,0,0.0,0,0.0
E01002578,5,0,0.0,0,0.0,0,0.0,0,0.0,0,0.0,0,0.0,0,0.0,0,0.0,0,0.0,0,0.0,0,0.0,0,0.0
E01002579,3,0,0.0,0,0.0,0,0.0,0,0.0,0,0.0,0,0.0,0,0.0,0,0.0,0,0.0,0,0.0,0,0.0,0,0.0
E01002580,6,0,0.0,0,0.0,0,0.0,0,0.0,0,0.0,0,0.0,0,0.0,0,0.0,0,0.0,0,0.0,0,0.0,0,0.0
E01002581,9,0,0.0,0,0.0,0,0.0,0,0.0,0,0.0,0,0.0,0,0.0,0,0.0,0,0.0,0,0.0,0,0.0,0,0.0
E01002582,17,0,0.0,0,0.0,0,0.0,0,0.0,0,0.0,0,0.0,0,0.0,0,0.0,0,0.0,0,0.0,0,0.0,0,0.0
E01002583,0,0,80.541234,5,0.16795485,5,0.16795485,0,80.903876,0,80.903876,5,0.53059729,0,81.578963,5,1.2056844,5,1.2056844,0,82.1945,5,1.8212211,5,1.8212211
E01002584,1,0,63.461383,0,63.461383,3,15.237416,0,64.160994,0,64.160994,3,15.937027,0,65.463374,0,65.463374,4,1.1647508,0,66.650869,4,2.352246,4,2.352246
E01002585,0,0,74.384416,4,10.085792,4,10.085792,0,75.053229,4,10.754606,4,10.754606,0,76.298277,4,11.999654,4,11.999654,0,77.433498,4,13.134875,4,13.134875
E01002586,0,0,78.907792,0,78.907792,4,14.609169,0,79.016682,4,14.718059,4,14.718059,0,79.219389,0,79.219389,0,79.219389,0,79.404215,4,15.105592,4,15.105592
E01002587,0,0,87.703247,5,7.3299678,5,7.3299678,0,88.303534,5,7.9302546,5,7.9302546,0,89.421014,5,9.047735,5,9.047735,0,90.43992,0,90.43992,5,10.066641
E01002588,0,0,72.750974,4,8.4523509,4,8.4523509,0,74.839127,4,10.540504,4,10.540504,0,78.726386,4,14.427763,4,14.427763,0,82.270744,5,1.8974651,5,1.8974651
E01002589,0,0,101.14773,6,4.6997926,6,4.6997926,0,102.68887,6,6.2409318,6,6.2409318,6,9.1098823,6,9.1098823,6,9.1098823,0,108.17369,6,11.725759,6,11.725759
E01002590,0,6,14.500442,6,14.500442,6,14.500442,7,0.040467709,7,0.040467709,7,0.040467709,7,3.046323,7,3.046323,7,3.046323,7,5.7870276,7,5.7870276,7,5.7870276
E01002591,1,6,3.8211617,6,3.8211617,6,3.8211617,0,95.090694,0,95.090694,5,14.717415,0,79.260342,4,14.961719,4,14.961719,0,100.13405,6,3.686119,6,3.686119
E01002592,0,0,95.744805,5,15.371526,5,15.371526,0,96.530933,6,0.082998589,6,0.082998589,6,1.5464371,6,1.5464371,6,1.5464371,0,99.328718,6,2.8807838,6,2.8807838
E01002593,0,5,13.612435,5,13.612435,5,13.612435,0,94.363035,5,13.989756,5,13.989756,5,14.692168,5,14.692168,5,14.692168,0,95.705899,5,15.33262,5,15.33262
E01002594,0,6,8.3436237,6,8.3436237,6,8.3436237,6,8.6109409,6,8.6109409,6,8.6109409,6,9.1085725,6,9.1085725,6,9.1085725,0,106.01024,6,9.5623073,6,9.5623073
E01002595,0,5,14.74328,5,14.74328,5,14.74328,5,15.440715,5,15.440715,5,15.440715,6,0.66438919,6,0.66438919,6,0.66438919,6,1.8481918,6,1.8481918,6,1.8481918
E01002596,0,0,97.126948,6,0.67901335,6,0.67901335,0,97.51688,6,1.0689452,6,1.0689452,0,98.242768,6,1.7948337,6,1.7948337,0,98.904625,6,2.4566905,6,2.4566905
E01002598,2,0,67.772541,0,67.772541,4,3.4739182,0,68.183444,4,3.8848212,4,3.8848212,4,4.649749,4,4.649749,4,4.649749,4,5.3472015,4,5.3472015,4,5.3472015
E01002599,0,0,81.923377,0,81.923377,5,1.5500977,0,82.787882,5,2.4146034,5,2.4146034,0,84.397227,5,4.023948,5,4.023948,0,85.864609,0,85.864609,5,5.4913301
E01002600,3,2,10.288211,0,42.437522,2,10.288211,0,43.243841,2,11.09453,2,11.09453,0,44.744866,2,12.595555,2,12.595555,0,46.113484,0,46.113484,2,13.964172
E01002601,0,6,8.2179744,6,8.2179744,6,8.2179744,6,8.6790264,6,8.6790264,6,8.6790264,6,9.5373105,6,9.5373105,6,9.5373105,6,10.319884,6,10.319884,6,10.319884
E01002602,0,6,9.0975198,6,9.0975198,6,9.0975198,6,8.6664098,6,8.6664098,6,8.6664098,0,104.3118,6,7.8638649,6,7.8638649,0,103.58005,6,7.1321136,6,7.1321136
E01002603,0,6,0.0507666,6,0.0507666,6,0.0507666,6,0.61708928,6,0.61708928,6,0.61708928,6,1.671343,6,1.671343,6,1.671343,0,99.080534,6,2.6325995,6,2.6325995
E01002604,0,0,0.0,0,0.0,0,0.0,0,0.0,0,0.0,0,0.0,0,0.0,0,0.0,0,0.0,0,0.0,0,0.0,0,0.0
E01002605,0,0,0.0,0,0.0,0,0.0,0,0.0,0,0.0,0,0.0,0,0.0,0,0.0,0,0.0,0,0.0,0,0.0,0,0.0
E01002606,0,0,0.0,0,0.0,0,0.0,0,0.0,0,0.0,0,0.0,0,0.0,0,0.0,0,0.0,0,0.0,0,0.0,0,0.0
E01002607,1,0,0.0,0,0.0,0,0.0,0,0.0,0,0.0,0,0.0,0,0.0,0,0.0,0,0.0,0,0.0,0,0.0,0,0.0
E01002608,0,0,0.0,0,0.0,0,0.0,0,0.0,0,0.0,0,0.0,0,0.0,0,0.0,0,0.0,0,0.0,0,0.0,0,0.0
E01002609,0,0,0.0,0,0.0,0,0.0,0,0.0,0,0.0,0,0.0,0,0.0,0,0.0,0,0.0,0,0.0,0,0.0,0,0.0
E01002610,0,0,0.0,0,0.0,0,0.0,0,0.0,0,0.0,0,0.0,0,0.0,0,0.0,0,0.0,0,0.0,0,0.0,0,0.0
E01002611,0,0,0.0,0,0.0,0,0.0,0,0.0,0,0.0,0,0.0,0,0.0,0,0.0,0,0.0,0,0.0,0,0.0,0,0.0
E01002612,2,0,64.266216,0,64.266216,3,16.042248,0,64.926134,0,64.926134,4,0.62751076,4,1.8559997,4,1.8559997,4,1.8559997,0,67.274745,0,67.274745,4,2.9761219
E01002613,0,0,0.0,0,0.0,0,0.0,0,0.0,0,0.0,0,0.0,0,0.0,0,0.0,0,0.0,0,0.0,0,0.0,0,0.0
E01002614,0,6,11.861806,6,11.861806,6,11.861806,6,11.905579,6,11.905579,6,11.905579,3,15.427807,3,14.676532,3,15.427807,0,0.19616585,0,0.19616585,0,0.19616585
E01002615,0,0,0.0,0,0.0,0,0.0,0,0.0,0,0.0,0,0.0,0,0.0,0,0.0,0,0.0,0,0.0,0,0.0,0,0.0
E01002616,0,5,11.225098,5,11.225098,5,11.225098,5,11.333624,5,11.333624,5,11.333624,5,11.535653,5,11.535653,5,11.535653,0,92.09314,5,11.719861,5,11.719861
E01002617,0,0,0.0,0,0.0,0,0.0,0,0.0,0,0.0,0,0.0,0,0.0,0,0.0,0,0.0,0,0.0,0,0.0,0,0.0
E01002618,0,0,97.880844,6,1.4329095,6,1.4329095,6,1.138171,6,1.138171,6,1.138171,0,97.037427,6,0.58949248,6,0.58949248,0,96.537148,6,0.089213625,6,0.089213625
E01002619,0,0,97.755195,6,1.3072601,6,1.3072601,0,97.737468,6,1.2895335,6,1.2895335,0,97.704469,6,1.256534,6,1.256534,6,1.2264455,6,1.2264455,6,1.2264455
E01002620,0,6,10.102715,6,10.102715,6,10.102715,6,12.048494,0,108.49643,6,12.048494,6,15.670713,6,15.670713,6,15.670713,7,2.898755,7,2.898755,7,2.898755
E01002621,2,0,57.313026,0,57.313026,3,9.0890587,0,58.10868,3,9.8847126,3,9.8847126,0,59.589852,0,59.589852,3,11.365884,0,60.940367,3,12.7164,3,12.7164
E01002622,0,0,81.546429,0,81.546429,5,1.1731497,0,81.475939,0,81.475939,5,1.1026604,0,81.344718,0,81.344718,5,0.97143917,0,81.225072,0,81.225072,5,0.85179315
E01002623,1,0,58.512502,3,10.288534,3,10.288534,0,58.855614,3,10.631646,3,10.631646,0,59.494344,3,11.270376,3,11.270376,0,60.07673,0,60.07673,3,11.852763
E01002624,0,0,62.070779,0,62.070779,3,13.846812,0,62.380542,0,62.380542,3,14.156575,0,62.957189,0,62.957189,0,62.957189,0,63.48297,0,63.48297,3,15.259002
E01002625,0,0,90.341883,5,9.9686042,5,9.9686042,0,90.739838,5,10.366559,5,10.366559,0,91.480662,5,11.107383,5,11.107383,0,92.156137,5,11.782858,5,11.782858
E01002626,0,0,87.326299,5,6.9530198,5,6.9530198,5,7.2013483,5,7.2013483,5,7.2013483,0,88.03691,5,7.6636312,5,7.6636312,0,88.458414,5,8.0851354,5,8.0851354
E01002627,0,0,74.761364,4,10.462741,4,10.462741,0,76.505978,4,12.207355,4,12.207355,4,15.45509,4,15.45509,4,15.45509,5,2.3416814,5,2.3416814,5,2.3416814
E01002628,0,6,5.20239,6,5.20239,6,5.20239,6,5.4120981,6,5.4120981,6,5.4120981,6,5.8024861,6,5.8024861,6,5.8024861,6,6.1584374,6,6.1584374,6,6.1584374
E01002629,1,0,101.57391,6,5.1259723,6,5.1259723,0,102.29879,6,5.8508583,6,5.8508583,0,103.64822,6,7.2002898,6,7.2002898,0,104.87862,6,8.4306862,6,8.4306862
E01002630,0,0,70.614935,0,70.614935,0,70.614935,0,70.581458,0,70.581458,0,70.581458,0,70.519137,4,6.2205143,4,6.2205143,0,70.462314,0,70.462314,4,6.1636913
E01002631,0,0,90.341883,5,9.9686042,5,9.9686042,0,91.268779,5,10.8955,5,10.8955,0,92.994268,5,12.620989,5,12.620989,0,94.567549,5,14.19427,5,14.19427
E01002632,0,0,100.51948,6,4.0715458,6,4.0715458,6,4.3672004,6,4.3672004,6,4.3672004,6,4.9175845,6,4.9175845,6,4.9175845,6,5.4194184,6,5.4194184,6,5.4194184
E01002633,2,0,76.872672,0,76.872672,4,12.574049,0,79.214652,4,14.916029,4,14.916029,0,83.574431,5,3.201152,5,3.201152,0,87.549627,0,87.549627,5,7.1763485
E01002634,1,0,53.050433,3,4.8264658,3,4.8264658,0,55.021022,3,6.7970551,3,6.7970551,0,58.689428,3,10.46546,3,10.46546,0,62.034238,3,13.81027,3,13.81027
E01002635,0,0,95.493506,5,15.120228,5,15.120228,0,95.606647,0,95.606647,5,15.233369,0,95.817268,0,95.817268,0,95.817268,0,96.00931,5,15.636031,5,15.636031
E01002636,1,0,84.691082,5,4.3178029,5,4.3178029,0,85.105455,5,4.7321762,5,4.7321762,0,85.876843,5,5.5035641,5,5.5035641,0,86.580186,5,6.2069069,5,6.2069069
E01002637,0,0,79.159091,0,79.159091,4,14.860468,0,80.43472,5,0.061441039,5,0.061441039,0,82.809403,0,82.809403,5,2.4361237,0,84.974611,5,4.6013323,5,4.6013323
E01002638,0,0,90.844481,5,10.471202,5,10.471202,5,12.307456,0,92.680735,5,12.307456,0,96.099066,5,15.725787,5,15.725787,6,2.767927,6,2.767927,6,2.767927
E01002639,0,0,0.0,0,0.0,0,0.0,0,0.0,0,0.0,0,0.0,0,8.1568039,0,8.1568039,1,0.0,0,8.0534149,0,8.0534149,0,8.0534149
E01002640,1,0,54.18193,0,54.18193,3,5.9579628,0,53.901816,0,53.901816,3,5.6778491,0,53.380363,3,5.1563957,3,5.1563957,0,52.904908,0,52.904908,0,52.904908
E01002641,3,0,29.257682,0,29.257682,0,29.257682,0,29.81825,0,29.81825,0,29.81825,0,30.86179,1,14.787135,1,14.787135,0,31.813279,0,31.813279,0,31.813279
E01002643,2,0,0.0,0,0.0,0,0.0,0,0.0,0,0.0,0,0.0,0,0.0,0,0.0,0,0.0,0,0.0,0,0.0,0,0.0
E01002645,0,0,0.0,0,0.0,0,0.0,0,0.0,0,0.0,0,0.0,0,0.0,0,0.0,0,0.0,0,0.0,0,0.0,0,0.0
E01002646,0,0,0.0,0,0.0,0,0.0,0,0.0,0,0.0,0,0.0,0,0.0,0,0.0,0,0.0,0,0.0,0,0.0,0,0.0
E01002647,0,0,0.0,0,0.0,0,0.0,0,0.0,0,0.0,0,0.0,0,0.0,0,0.0,0,0.0,0,0.0,0,0.0,0,0.0
E01002649,2,0,0.0,0,0.0,0,0.0,0,0.0,0,0.0,0,0.0,0,0.0,0,0.0,0,0.0,0,0.0,0,0.0,0,0.0
E01002650,0,0,0.0,0,0.0,0,0.0,0,0.0,0,0.0,0,0.0,0,0.0,0,0.0,0,0.0,0,0.0,0,0.0,0,0.0
E01002651,1,0,0.0,0,0.0,0,0.0,0,0.0,0,0.0,0,0.0,0,0.0,0,0.0,0,0.0,0,0.0,0,0.0,0,0.0
E01002652,0,0,0.0,0,0.0,0,0.0,0,0.0,0,0.0,0,0.0,0,0.0,0,0.0,0,0.0,0,0.0,0,0.0,0,0.0
E01002653,0,0,0.0,0,0.0,0,0.0,0,0.0,0,0.0,0,0.0,0,0.0,0,0.0,0,0.0,0,0.0,0,0.0,0,0.0
E01002654,0,0,0.0,0,0.0,0,0.0,0,0.0,0,0.0,0,0.0,0,0.0,0,0.0,0,0.0,0,0.0,0,0.0,0,0.0
E01002655,0,0,0.0,0,0.0,0,0.0,0,0.0,0,0.0,0,0.0,0,0.0,0,0.0,0,0.0,0,0.0,0,0.0,0,0.0
E01002656,1,0,0.0,0,0.0,0,0.0,0,0.0,0,0.0,0,0.0,0,0.0,0,0.0,0,0.0,0,0.0,0,0.0,0,0.0
E01002657,1,0,0.0,0,0.0,0,0.0,0,0.0,0,0.0,0,0.0,0,0.0,0,0.0,0,0.0,0,0.0,0,0.0,0,0.0
E01002658,2,0,0.0,0,0.0,0,0.0,0,0.0,0,0.0,0,0.0,0,0.0,0,0.0,0,0.0,0,0.0,0,0.0,0,0.0
E01002659,0,0,0.0,0,0.0,0,0.0,0,0.0,0,0.0,0,0.0,0,0.0,0,0.0,0,0.0,0,0.0,0,0.0,0,0.0
E01002660,3,0,23.088287,0,23.088287,0,23.088287,0,23.701643,0,23.701643,1,7.6269872,0,24.843452,0,24.843452,1,8.7687965,0,25.884541,0,25.884541,1,9.8098853
E01002661,1,0,65.449992,0,65.449992,4,1.1513693,0,65.403388,4,1.1047648,4,1.1047648,0,65.31663,0,65.31663,4,1.0180067,0,65.237525,0,65.237525,4,0.93890177
E01002662,0,0,84.185065,0,84.185065,5,3.811786,0,84.227303,0,84.227303,5,3.8540244,0,84.305933,0,84.305933,5,3.9326545,0,84.377627,0,84.377627,5,4.0043485
E01002663,5,0,0.0,0,0.0,0,0.0,0,0.0,0,0.0,0,0.0,0,0.0,0,0.0,0,0.0,0,0.0,0,0.0,0,0.0
E01002665,1,0,50.541267,0,50.541267,3,2.3172996,0,51.465255,0,51.465255,3,3.2412877,0,53.185331,3,4.9613635,3,4.9613635,0,54.753676,0,54.753676,3,6.529709
E01002666,0,0,71.997078,0,71.997078,0,71.997078,0,71.976997,0,71.976997,4,7.6783735,0,71.939614,4,7.6409906,4,7.6409906,0,71.905528,0,71.905528,4,7.6069053
E01002667,0,0,0.0,0,0.0,0,0.0,0,0.0,0,0.0,0,0.0,0,0.0,0,0.0,0,0.0,0,0.0,0,0.0,0,0.0
E01002668,1,0,0.0,0,0.0,0,0.0,0,0.0,0,0.0,0,0.0,0,0.0,0,0.0,0,0.0,0,0.0,0,0.0,0,0.0
E01002669,1,0,0.0,0,0.0,0,0.0,0,0.0,0,0.0,0,0.0,0,0.0,0,0.0,0,0.0,0,0.0,0,0.0,0,0.0
E01002670,0,0,0.0,0,0.0,0,0.0,0,0.0,0,0.0,0,0.0,0,0.0,0,0.0,0,0.0,0,0.0,0,0.0,0,0.0
E01002671,4,0,0.0,0,0.0,0,0.0,0,0.0,0,0.0,0,0.0,0,0.0,0,0.0,0,0.0,0,0.0,0,0.0,0,0.0
E01002672,0,0,0.0,0,0.0,0,0.0,0,0.0,0,0.0,0,0.0,0,0.0,0,0.0,0,0.0,0,0.0,0,0.0,0,0.0
E01002673,0,0,0.0,0,0.0,0,0.0,0,0.0,0,0.0,0,0.0,0,0.0,0,0.0,0,0.0,0,0.0,0,0.0,0,0.0
E01002674,0,0,0.0,0,0.0,0,0.0,0,0.0,0,0.0,0,0.0,0,0.0,0,0.0,0,0.0,0,0.0,0,0.0,0,0.0
E01002675,3,0,0.0,0,0.0,0,0.0,0,0.0,0,0.0,0,0.0,0,0.0,0,0.0,0,0.0,0,0.0,0,0.0,0,0.0
E01002676,1,0,81.706043,0,81.706043,5,1.3327644,0,80.571948,5,0.19866898,5,0.19866898,0,78.460741,4,14.162118,4,14.162118,0,76.535767,0,76.535767,4,12.237144
E01002677,0,0,0.0,0,0.0,0,0.0,0,0.0,0,0.0,0,0.0,0,0.0,0,0.0,0,0.0,0,0.0,0,0.0,0,0.0
E01002678,1,0,36.965561,2,4.816249,2,4.816249,0,35.57025,2,3.4209383,2,3.4209383,0,32.972771,2,0.82345914,2,0.0,0,30.604419,1,14.529763,1,14.529763
E01002679,4,0,0.0,0,0.0,0,0.0,0,0.0,0,0.0,0,0.0,0,0.0,0,0.0,0,0.0,0,0.0,0,0.0,0,0.0
E01002680,2,0,0.0,0,0.0,0,0.0,0,0.0,0,0.0,0,0.0,0,0.0,0,0.0,0,0.0,0,0.0,0,0.0,0,0.0
E01002681,0,0,0.0,0,0.0,0,0.0,0,0.0,0,0.0,0,0.0,0,0.0,0,0.0,0,0.0,0,0.0,0,0.0,0,0.0
E01002682,1,0,0.0,0,0.0,0,0.0,0,0.0,0,0.0,0,0.0,0,0.0,0,0.0,0,0.0,0,0.0,0,0.0,0,0.0
E01002686,1,0,0.0,0,0.0,0,0.0,0,0.0,0,0.0,0,0.0,0,0.0,0,0.0,0,0.0,0,0.0,0,0.0,0,0.0
E01002687,6,0,0.0,0,0.0,0,0.0,0,0.0,0,0.0,0,0.0,0,0.0,0,0.0,0,0.0,0,0.0,0,0.0,0,0.0
E01002689,8,0,0.0,0,0.0,0,0.0,0,0.0,0,0.0,0,0.0,0,0.0,0,0.0,0,0.0,0,0.0,0,0.0,0,0.0
E01002690,6,0,0.0,0,0.0,0,0.0,0,0.0,0,0.0,0,0.0,0,0.0,0,0.0,0,0.0,0,0.0,0,0.0,0,0.0
E01002691,0,0,0.0,0,0.0,0,0.0,0,0.0,0,0.0,0,0.0,0,0.0,0,0.0,0,0.0,0,0.0,0,0.0,0,0.0
E01002692,10,0,0.0,0,0.0,0,0.0,0,0.0,0,0.0,0,0.0,0,0.0,0,0.0,0,0.0,0,0.0,0,0.0,0,0.0
E01002693,3,0,0.0,0,0.0,0,0.0,0,0.0,0,0.0,0,0.0,0,0.0,0,0.0,0,0.0,0,0.0,0,0.0,0,0.0
E01002694,1,0,0.0,0,0.0,0,0.0,0,0.0,0,0.0,0,0.0,0,0.0,0,0.0,0,0.0,0,0.0,0,0.0,0,0.0
E01002695,0,0,0.0,0,0.0,0,0.0,0,0.0,0,0.0,0,0.0,0,0.0,0,0.0,0,0.0,0,0.0,0,0.0,0,0.0
E01002696,4,0,0.0,0,0.0,0,0.0,0,0.0,0,0.0,0,0.0,0,0.0,0,0.0,0,0.0,0,0.0,0,0.0,0,0.0
E01002697,5,0,0.0,0,0.0,0,0.0,0,0.0,0,0.0,0,0.0,0,0.0,0,0.0,0,0.0,0,0.0,0,0.0,0,0.0
E01002698,5,0,0.0,0,0.0,0,0.0,0,0.0,0,0.0,0,0.0,0,0.0,0,0.0,0,0.0,0,0.0,0,0.0,0,0.0
E01002699,1,0,0.0,0,0.0,0,0.0,0,0.0,0,0.0,0,0.0,0,0.0,0,0.0,0,0.0,0,0.0,0,0.0,0,0.0
E01002700,20,0,0.0,0,0.0,0,0.0,0,0.0,0,0.0,0,0.0,0,0.0,0,0.0,0,0.0,0,0.0,0,0.0,0,0.0
E01002701,3,0,0.0,0,0.0,0,0.0,0,0.0,0,0.0,0,0.0,0,0.0,0,0.0,0,0.0,0,0.0,0,0.0,0,0.0
E01002702,1,0,0.0,0,0.0,0,0.0,0,0.0,0,0.0,0,0.0,0,0.0,0,0.0,0,0.0,0,0.0,0,0.0,0,0.0
E01002703,6,0,0.0,0,0.0,0,0.0,0,0.0,0,0.0,0,0.0,0,0.0,0,0.0,0,0.0,0,0.0,0,0.0,0,0.0
E01002704,2,0,0.0,0,0.0,0,0.0,0,0.0,0,0.0,0,0.0,0,0.0,0,0.0,0,0.0,0,0.0,0,0.0,0,0.0
E01002706,2,0,0.0,0,0.0,0,0.0,0,0.0,0,0.0,0,0.0,0,0.0,0,0.0,0,0.0,0,0.0,0,0.0,0,0.0
E01002707,2,0,0.0,0,0.0,0,0.0,0,0.0,0,0.0,0,0.0,0,0.0,0,0.0,0,0.0,0,0.0,0,0.0,0,0.0
E01002708,2,0,0.0,0,0.0,0,0.0,0,0.0,0,0.0,0,0.0,0,0.0,0,0.0,0,0.0,0,0.0,0,0.0,0,0.0
E01002709,2,0,0.0,0,0.0,0,0.0,0,0.0,0,0.0,0,0.0,0,0.0,0,0.0,0,0.0,0,0.0,0,0.0,0,0.0
E01002710,2,0,0.0,0,0.0,0,0.0,0,0.0,0,0.0,0,0.0,0,0.0,0,0.0,0,0.0,0,0.0,0,0.0,0,0.0
E01002711,7,0,0.0,0,0.0,0,0.0,0,0.0,0,0.0,0,0.0,0,0.0,0,0.0,0,0.0,0,0.0,0,0.0,0,0.0
E01002712,4,0,0.0,0,0.0,0,0.0,0,0.0,0,0.0,0,0.0,0,0.0,0,0.0,0,0.0,0,0.0,0,0.0,0,0.0
E01002713,2,0,0.0,0,0.0,0,0.0,0,0.0,0,0.0,0,0.0,0,0.0,0,0.0,0,0.0,0,0.0,0,0.0,0,0.0
E01002714,4,0,0.0,0,0.0,0,0.0,0,0.0,0,0.0,0,0.0,0,0.0,0,0.0,0,0.0,0,0.0,0,0.0,0,0.0
E01002715,1,0,0.0,0,0.0,0,0.0,0,0.0,0,0.0,0,0.0,0,0.0,0,0.0,0,0.0,0,0.0,0,0.0,0,0.0
E01002716,5,0,0.0,0,0.0,0,0.0,0,0.0,0,0.0,0,0.0,0,0.0,0,0.0,0,0.0,0,0.0,0,0.0,0,0.0
E01002717,4,0,0.0,0,0.0,0,0.0,0,0.0,0,0.0,0,0.0,0,0.0,0,0.0,0,0.0,0,0.0,0,0.0,0,0.0
E01002718,3,0,0.0,0,0.0,0,0.0,0,0.0,0,0.0,0,0.0,0,0.0,0,0.0,0,0.0,0,0.0,0,0.0,0,0.0
E01002719,3,0,0.0,0,0.0,0,0.0,0,0.0,0,0.0,0,0.0,0,0.0,0,0.0,0,0.0,0,0.0,0,0.0,0,0.0
E01002720,6,0,0.0,0,0.0,0,0.0,0,0.0,0,0.0,0,0.0,0,0.0,0,0.0,0,0.0,0,0.0,0,0.0,0,0.0
E01002721,4,0,0.0,0,0.0,0,0.0,0,0.0,0,0.0,0,0.0,0,0.0,0,0.0,0,0.0,0,0.0,0,0.0,0,0.0
E01002722,3,0,0.0,0,0.0,0,0.0,0,0.0,0,0.0,0,0.0,0,0.0,0,0.0,0,0.0,0,0.0,0,0.0,0,0.0
E01002723,10,0,0.0,0,0.0,0,0.0,0,0.0,0,0.0,0,0.0,0,0.0,0,0.0,0,0.0,0,0.0,0,0.0,0,0.0
E01002724,4,0,0.0,0,0.0,0,0.0,0,0.0,0,0.0,0,0.0,0,0.0,0,0.0,0,0.0,0,0.0,0,0.0,0,0.0
E01002725,1,0,0.0,0,0.0,0,0.0,0,0.0,0,0.0,0,0.0,0,0.0,0,0.0,0,0.0,0,0.0,0,0.0,0,0.0
E01002726,1,0,0.0,0,0.0,0,0.0,0,0.0,0,0.0,0,0.0,0,0.0,0,0.0,0,0.0,0,0.0,0,0.0,0,0.0
E01002727,3,0,0.0,0,0.0,0,0.0,0,0.0,0,0.0,0,0.0,0,0.0,0,0.0,0,0.0,0,0.0,0,0.0,0,0.0
E01002728,3,0,0.0,0,0.0,0,0.0,0,0.0,0,0.0,0,0.0,0,0.0,0,0.0,0,0.0,0,0.0,0,0.0,0,0.0
E01002729,5,0,0.0,0,0.0,0,0.0,0,0.0,0,0.0,0,0.0,0,0.0,0,0.0,0,0.0,0,0.0,0,0.0,0,0.0
E01002730,1,0,0.0,0,0.0,0,0.0,0,0.0,0,0.0,0,0.0,0,0.0,0,0.0,0,0.0,0,0.0,0,0.0,0,0.0
E01002732,6,0,0.0,0,0.0,0,0.0,0,0.0,0,0.0,0,0.0,0,0.0,0,0.0,0,0.0,0,0.0,0,0.0,0,0.0
E01002733,2,0,0.0,0,0.0,0,0.0,0,0.0,0,0.0,0,0.0,0,0.0,0,0.0,0,0.0,0,0.0,0,0.0,0,0.0
E01002734,2,0,0.0,0,0.0,0,0.0,0,0.0,0,0.0,0,0.0,0,0.0,0,0.0,0,0.0,0,0.0,0,0.0,0,0.0
E01002735,1,0,0.0,0,0.0,0,0.0,0,0.0,0,0.0,0,0.0,0,0.0,0,0.0,0,0.0,0,0.0,0,0.0,0,0.0
E01002736,1,0,0.0,0,0.0,0,0.0,0,0.0,0,0.0,0,0.0,0,0.0,0,0.0,0,0.0,0,0.0,0,0.0,0,0.0
E01002737,1,0,0.0,0,0.0,0,0.0,0,0.0,0,0.0,0,0.0,0,0.0,0,0.0,0,0.0,0,0.0,0,0.0,0,0.0
E01002738,2,0,0.0,0,0.0,0,0.0,0,0.0,0,0.0,0,0.0,0,0.0,0,0.0,0,0.0,0,0.0,0,0.0,0,0.0
E01002739,3,0,0.0,0,0.0,0,0.0,0,0.0,0,0.0,0,0.0,0,0.0,0,0.0,0,0.0,0,0.0,0,0.0,0,0.0
E01002740,8,0,0.0,0,0.0,0,0.0,0,0.0,0,0.0,0,0.0,0,0.0,0,0.0,0,0.0,0,0.0,0,0.0,0,0.0
E01002741,2,0,0.0,0,0.0,0,0.0,0,0.0,0,0.0,0,0.0,0,0.0,0,0.0,0,0.0,0,0.0,0,0.0,0,0.0
E01002742,12,0,0.0,0,0.0,0,0.0,0,0.0,0,0.0,0,0.0,0,0.0,0,0.0,0,0.0,0,0.0,0,0.0,0,0.0
E01002743,10,0,0.0,0,0.0,0,0.0,0,0.0,0,0.0,0,0.0,0,0.0,0,0.0,0,0.0,0,0.0,0,0.0,0,0.0
E01002744,0,0,0.0,0,0.0,0,0.0,0,0.0,0,0.0,0,0.0,0,0.0,0,0.0,0,0.0,0,0.0,0,0.0,0,0.0
E01002745,1,0,0.0,0,0.0,0,0.0,0,0.0,0,0.0,0,0.0,0,0.0,0,0.0,0,0.0,0,0.0,0,0.0,0,0.0
E01002747,5,0,0.0,0,0.0,0,0.0,0,0.0,0,0.0,0,0.0,0,0.0,0,0.0,0,0.0,0,0.0,0,0.0,0,0.0
E01002748,2,0,0.0,0,0.0,0,0.0,0,0.0,0,0.0,0,0.0,0,0.0,0,0.0,0,0.0,0,0.0,0,0.0,0,0.0
E01002749,2,0,0.0,0,0.0,0,0.0,0,0.0,0,0.0,0,0.0,0,0.0,0,0.0,0,0.0,0,0.0,0,0.0,0,0.0
E01002751,4,0,0.0,0,0.0,0,0.0,0,0.0,0,0.0,0,0.0,0,0.0,0,0.0,0,0.0,0,0.0,0,0.0,0,0.0
E01002752,3,0,0.0,0,0.0,0,0.0,0,0.0,0,0.0,0,0.0,0,0.0,0,0.0,0,0.0,0,0.0,0,0.0,0,0.0
E01002753,0,0,0.0,0,0.0,0,0.0,0,0.0,0,0.0,0,0.0,0,0.0,0,0.0,0,0.0,0,0.0,0,0.0,0,0.0
E01002754,9,0,0.0,0,0.0,0,0.0,0,0.0,0,0.0,0,0.0,0,0.0,0,0.0,0,0.0,0,0.0,0,0.0,0,0.0
E01002755,1,0,0.0,0,0.0,0,0.0,0,0.0,0,0.0,0,0.0,0,0.0,0,0.0,0,0.0,0,0.0,0,0.0,0,0.0
E01002756,10,0,0.0,0,0.0,0,0.0,0,0.0,0,0.0,0,0.0,0,0.0,0,0.0,0,0.0,0,0.0,0,0.0,0,0.0
E01002757,7,0,0.0,0,0.0,0,0.0,0,0.0,0,0.0,0,0.0,0,0.0,0,0.0,0,0.0,0,0.0,0,0.0,0,0.0
E01002758,6,0,0.0,0,0.0,0,0.0,0,0.0,0,0.0,0,0.0,0,0.0,0,0.0,0,0.0,0,0.0,0,0.0,0,0.0
E01002759,0,0,0.0,0,0.0,0,0.0,0,0.0,0,0.0,0,0.0,0,0.0,0,0.0,0,0.0,0,0.0,0,0.0,0,0.0
E01002760,3,0,0.0,0,0.0,0,0.0,0,0.0,0,0.0,0,0.0,0,0.0,0,0.0,0,0.0,0,0.0,0,0.0,0,0.0
E01002762,8,0,0.0,0,0.0,0,0.0,0,0.0,0,0.0,0,0.0,0,0.0,0,0.0,0,0.0,0,0.0,0,0.0,0,0.0
E01002763,2,0,0.0,0,0.0,0,0.0,0,0.0,0,0.0,0,0.0,0,0.0,0,0.0,0,0.0,0,0.0,0,0.0,0,0.0
E01002764,1,0,0.0,0,0.0,0,0.0,0,0.0,0,0.0,0,0.0,0,0.0,0,0.0,0,0.0,0,0.0,0,0.0,0,0.0
E01002765,1,0,0.0,0,0.0,0,0.0,0,0.0,0,0.0,0,0.0,0,0.0,0,0.0,0,0.0,0,0.0,0,0.0,0,0.0
E01002766,1,0,0.0,0,0.0,0,0.0,0,0.0,0,0.0,0,0.0,0,0.0,0,0.0,0,0.0,0,0.0,0,0.0,0,0.0
E01002767,1,0,0.0,0,0.0,0,0.0,0,0.0,0,0.0,0,0.0,0,0.0,0,0.0,0,0.0,0,0.0,0,0.0,0,0.0
E01002768,2,0,0.0,0,0.0,0,0.0,0,0.0,0,0.0,0,0.0,0,0.0,0,0.0,0,0.0,0,0.0,0,0.0,0,0.0
E01002769,19,0,0.0,0,0.0,0,0.0,0,0.0,0,0.0,0,0.0,0,0.0,0,0.0,0,0.0,0,0.0,0,0.0,0,0.0
E01002770,3,0,0.0,0,0.0,0,0.0,0,0.0,0,0.0,0,0.0,0,0.0,0,0.0,0,0.0,0,0.0,0,0.0,0,0.0
E01002771,1,0,0.0,0,0.0,0,0.0,0,0.0,0,0.0,0,0.0,0,0.0,0,0.0,0,0.0,0,0.0,0,0.0,0,0.0
E01002772,1,0,0.0,0,0.0,0,0.0,0,0.0,0,0.0,0,0.0,0,0.0,0,0.0,0,0.0,0,0.0,0,0.0,0,0.0
E01002773,1,0,0.0,0,0.0,0,0.0,0,0.0,0,0.0,0,0.0,0,0.0,0,0.0,0,0.0,0,0.0,0,0.0,0,0.0
E01002774,0,0,0.0,0,0.0,0,0.0,0,0.0,0,0.0,0,0.0,0,0.0,0,0.0,0,0.0,0,0.0,0,0.0,0,0.0
E01002775,9,0,0.0,0,0.0,0,0.0,0,0.0,0,0.0,0,0.0,0,0.0,0,0.0,0,0.0,0,0.0,0,0.0,0,0.0
E01002776,4,0,0.0,0,0.0,0,0.0,0,0.0,0,0.0,0,0.0,0,0.0,0,0.0,0,0.0,0,0.0,0,0.0,0,0.0
E01002777,20,0,0.0,0,0.0,0,0.0,0,0.0,0,0.0,0,0.0,0,0.0,0,0.0,0,0.0,0,0.0,0,0.0,0,0.0
E01002778,1,0,0.0,0,0.0,0,0.0,0,0.0,0,0.0,0,0.0,0,0.0,0,0.0,0,0.0,0,0.0,0,0.0,0,0.0
E01002779,2,0,0.0,0,0.0,0,0.0,0,0.0,0,0.0,0,0.0,0,0.0,0,0.0,0,0.0,0,0.0,0,0.0,0,0.0
E01002780,0,0,0.0,0,0.0,0,0.0,0,0.0,0,0.0,0,0.0,0,0.0,0,0.0,0,0.0,0,0.0,0,0.0,0,0.0
E01002781,2,0,0.0,0,0.0,0,0.0,0,0.0,0,0.0,0,0.0,0,0.0,0,0.0,0,0.0,0,0.0,0,0.0,0,0.0
E01002782,2,0,0.0,0,0.0,0,0.0,0,0.0,0,0.0,0,0.0,0,0.0,0,0.0,0,0.0,0,0.0,0,0.0,0,0.0
E01002783,0,0,0.0,0,0.0,0,0.0,0,0.0,0,0.0,0,0.0,0,0.0,0,0.0,0,0.0,0,0.0,0,0.0,0,0.0
E01002784,5,0,0.0,0,0.0,0,0.0,0,0.0,0,0.0,0,0.0,0,0.0,0,0.0,0,0.0,0,0.0,0,0.0,0,0.0
E01002785,25,0,0.0,0,0.0,0,0.0,0,0.0,0,0.0,0,0.0,0,0.0,0,0.0,0,0.0,0,0.0,0,0.0,0,0.0
E01002786,5,0,0.0,0,0.0,0,0.0,0,0.0,0,0.0,0,0.0,0,0.0,0,0.0,0,0.0,0,0.0,0,0.0,0,0.0
E01002787,1,0,0.0,0,0.0,0,0.0,0,0.0,0,0.0,0,0.0,0,0.0,0,0.0,0,0.0,0,0.0,0,0.0,0,0.0
E01002788,7,0,0.0,0,0.0,0,0.0,0,0.0,0,0.0,0,0.0,0,0.0,0,0.0,0,0.0,0,0.0,0,0.0,0,0.0
E01002789,14,0,0.0,0,0.0,0,0.0,0,0.0,0,0.0,0,0.0,0,0.0,0,0.0,0,0.0,0,0.0,0,0.0,0,0.0
E01002790,2,0,0.0,0,0.0,0,0.0,0,0.0,0,0.0,0,0.0,0,0.0,0,0.0,0,0.0,0,0.0,0,0.0,0,0.0
E01002791,2,0,0.0,0,0.0,0,0.0,0,0.0,0,0.0,0,0.0,0,0.0,0,0.0,0,0.0,0,0.0,0,0.0,0,0.0
E01002792,13,0,0.0,0,0.0,0,0.0,0,0.0,0,0.0,0,0.0,0,0.0,0,0.0,0,0.0,0,0.0,0,0.0,0,0.0
E01002793,6,0,0.0,0,0.0,0,0.0,0,0.0,0,0.0,0,0.0,0,0.0,0,0.0,0,0.0,0,0.0,0,0.0,0,0.0
E01002794,8,0,0.0,0,0.0,0,0.0,0,0.0,0,0.0,0,0.0,0,0.0,0,0.0,0,0.0,0,0.0,0,0.0,0,0.0
E01002795,5,0,0.0,0,0.0,0,0.0,0,0.0,0,0.0,0,0.0,0,0.0,0,0.0,0,0.0,0,0.0,0,0.0,0,0.0
E01002796,9,0,0.0,0,0.0,0,0.0,0,0.0,0,0.0,0,0.0,0,0.0,0,0.0,0,0.0,0,0.0,0,0.0,0,0.0
E01002797,1,0,0.0,0,0.0,0,0.0,0,0.0,0,0.0,0,0.0,0,0.0,0,0.0,0,0.0,0,0.0,0,0.0,0,0.0
E01002798,3,0,0.0,0,0.0,0,0.0,0,0.0,0,0.0,0,0.0,0,0.0,0,0.0,0,0.0,0,0.0,0,0.0,0,0.0
E01002799,3,0,0.0,0,0.0,0,0.0,0,0.0,0,0.0,0,0.0,0,0.0,0,0.0,0,0.0,0,0.0,0,0.0,0,0.0
E01002800,2,0,0.0,0,0.0,0,0.0,0,0.0,0,0.0,0,0.0,0,0.0,0,0.0,0,0.0,0,0.0,0,0.0,0,0.0
E01002801,0,0,0.0,0,0.0,0,0.0,0,0.0,0,0.0,0,0.0,0,0.0,0,0.0,0,0.0,0,0.0,0,0.0,0,0.0
E01002802,14,0,0.0,0,0.0,0,0.0,0,0.0,0,0.0,0,0.0,0,0.0,0,0.0,0,0.0,0,0.0,0,0.0,0,0.0
E01002804,0,0,0.0,0,0.0,0,0.0,0,0.0,0,0.0,0,0.0,0,0.0,0,0.0,0,0.0,0,0.0,0,0.0,0,0.0
E01002805,1,0,0.0,0,0.0,0,0.0,0,0.0,0,0.0,0,0.0,0,0.0,0,0.0,0,0.0,0,0.0,0,0.0,0,0.0
E01002806,6,0,0.0,0,0.0,0,0.0,0,0.0,0,0.0,0,0.0,0,0.0,0,0.0,0,0.0,0,0.0,0,0.0,0,0.0
E01002807,5,0,0.0,0,0.0,0,0.0,0,0.0,0,0.0,0,0.0,0,0.0,0,0.0,0,0.0,0,0.0,0,0.0,0,0.0
E01002808,1,0,0.0,0,0.0,0,0.0,0,0.0,0,0.0,0,0.0,0,0.0,0,0.0,0,0.0,0,0.0,0,0.0,0,0.0
E01002809,4,0,0.0,0,0.0,0,0.0,0,0.0,0,0.0,0,0.0,0,0.0,0,0.0,0,0.0,0,0.0,0,0.0,0,0.0
E01002810,12,0,0.0,0,0.0,0,0.0,0,0.0,0,0.0,0,0.0,0,0.0,0,0.0,0,0.0,0,0.0,0,0.0,0,0.0
E01002811,0,0,0.0,0,0.0,0,0.0,0,0.0,0,0.0,0,0.0,0,0.0,0,0.0,0,0.0,0,0.0,0,0.0,0,0.0
E01002812,2,0,0.0,0,0.0,0,0.0,0,0.0,0,0.0,0,0.0,0,0.0,0,0.0,0,0.0,0,0.0,0,0.0,0,0.0
E01002813,17,0,0.0,0,0.0,0,0.0,0,0.0,0,0.0,0,0.0,0,0.0,0,0.0,0,0.0,0,0.0,0,0.0,0,0.0
E01002814,1,0,0.0,0,0.0,0,0.0,0,0.0,0,0.0,0,0.0,0,0.0,0,0.0,0,0.0,0,0.0,0,0.0,0,0.0
E01002815,2,0,0.0,0,0.0,0,0.0,0,0.0,0,0.0,0,0.0,0,0.0,0,0.0,0,0.0,0,0.0,0,0.0,0,0.0
E01002816,4,0,0.0,0,0.0,0,0.0,0,0.0,0,0.0,0,0.0,0,0.0,0,0.0,0,0.0,0,0.0,0,0.0,0,0.0
E01002817,9,0,0.0,0,0.0,0,0.0,0,0.0,0,0.0,0,0.0,0,0.0,0,0.0,0,0.0,0,0.0,0,0.0,0,0.0
E01002818,12,0,0.0,0,0.0,0,0.0,0,0.0,0,0.0,0,0.0,0,0.0,0,0.0,0,0.0,0,0.0,0,0.0,0,0.0
E01002819,7,0,0.0,0,0.0,0,0.0,0,0.0,0,0.0,0,0.0,0,0.0,0,0.0,0,0.0,0,0.0,0,0.0,0,0.0
E01002821,8,0,0.0,0,0.0,0,0.0,0,0.0,0,0.0,0,0.0,0,0.0,0,0.0,0,0.0,0,0.0,0,0.0,0,0.0
E01002823,9,0,0.0,0,0.0,0,0.0,0,0.0,0,0.0,0,0.0,0,0.0,0,0.0,0,0.0,0,0.0,0,0.0,0,0.0
E01002824,9,0,0.0,0,0.0,0,0.0,0,0.0,0,0.0,0,0.0,0,0.0,0,0.0,0,0.0,0,0.0,0,0.0,0,0.0
E01002825,8,0,0.0,0,0.0,0,0.0,0,0.0,0,0.0,0,0.0,0,0.0,0,0.0,0,0.0,0,0.0,0,0.0,0,0.0
E01002826,4,0,0.0,0,0.0,0,0.0,0,0.0,0,0.0,0,0.0,0,0.0,0,0.0,0,0.0,0,0.0,0,0.0,0,0.0
E01002827,11,0,0.0,0,0.0,0,0.0,0,0.0,0,0.0,0,0.0,0,0.0,0,0.0,0,0.0,0,0.0,0,0.0,0,0.0
E01002828,6,0,0.0,0,0.0,0,0.0,0,0.0,0,0.0,0,0.0,0,0.0,0,0.0,0,0.0,0,0.0,0,0.0,0,0.0
E01002829,7,0,0.0,0,0.0,0,0.0,0,0.0,0,0.0,0,0.0,0,0.0,0,0.0,0,0.0,0,0.0,0,0.0,0,0.0
E01002830,10,0,0.0,0,0.0,0,0.0,0,0.0,0,0.0,0,0.0,0,0.0,0,0.0,0,0.0,0,0.0,0,0.0,0,0.0
E01002831,9,0,0.0,0,0.0,0,0.0,0,0.0,0,0.0,0,0.0,0,0.0,0,0.0,0,0.0,0,0.0,0,0.0,0,0.0
E01002832,6,0,0.0,0,0.0,0,0.0,0,0.0,0,0.0,0,0.0,0,0.0,0,0.0,0,0.0,0,0.0,0,0.0,0,0.0
E01002833,9,0,0.0,0,0.0,0,0.0,0,0.0,0,0.0,0,0.0,0,0.0,0,0.0,0,0.0,0,0.0,0,0.0,0,0.0
E01002834,10,0,0.0,0,0.0,0,0.0,0,0.0,0,0.0,0,0.0,0,0.0,0,0.0,0,0.0,0,0.0,0,0.0,0,0.0
E01002835,10,0,0.0,0,0.0,0,0.0,0,0.0,0,0.0,0,0.0,0,0.0,0,0.0,0,0.0,0,0.0,0,0.0,0,0.0
E01002836,6,0,0.0,0,0.0,0,0.0,0,0.0,0,0.0,0,0.0,0,0.0,0,0.0,0,0.0,0,0.0,0,0.0,0,0.0
E01002837,5,0,0.0,0,0.0,0,0.0,0,0.0,0,0.0,0,0.0,0,0.0,0,0.0,0,0.0,0,0.0,0,0.0,0,0.0
E01002839,4,0,0.0,0,0.0,0,0.0,0,0.0,0,0.0,0,0.0,0,0.0,0,0.0,0,0.0,0,0.0,0,0.0,0,0.0
E01002840,5,0,0.0,0,0.0,0,0.0,0,0.0,0,0.0,0,0.0,0,0.0,0,0.0,0,0.0,0,0.0,0,0.0,0,0.0
E01002841,17,0,0.0,0,0.0,0,0.0,0,0.0,0,0.0,0,0.0,0,0.0,0,0.0,0,0.0,0,0.0,0,0.0,0,0.0
E01002842,0,0,0.0,0,0.0,0,0.0,0,0.0,0,0.0,0,0.0,0,0.0,0,0.0,0,0.0,0,0.0,0,0.0,0,0.0
E01002843,3,0,0.0,0,0.0,0,0.0,0,0.0,0,0.0,0,0.0,0,0.0,0,0.0,0,0.0,0,0.0,0,0.0,0,0.0
E01002844,8,0,0.0,0,0.0,0,0.0,0,0.0,0,0.0,0,0.0,0,0.0,0,0.0,0,0.0,0,0.0,0,0.0,0,0.0
E01002845,3,0,0.0,0,0.0,0,0.0,0,0.0,0,0.0,0,0.0,0,0.0,0,0.0,0,0.0,0,0.0,0,0.0,0,0.0
E01002846,6,0,0.0,0,0.0,0,0.0,0,0.0,0,0.0,0,0.0,0,0.0,0,0.0,0,0.0,0,0.0,0,0.0,0,0.0
E01002847,8,0,0.0,0,0.0,0,0.0,0,0.0,0,0.0,0,0.0,0,0.0,0,0.0,0,0.0,0,0.0,0,0.0,0,0.0
E01002848,9,0,0.0,0,0.0,0,0.0,0,0.0,0,0.0,0,0.0,0,0.0,0,0.0,0,0.0,0,0.0,0,0.0,0,0.0
E01002849,8,0,0.0,0,0.0,0,0.0,0,0.0,0,0.0,0,0.0,0,0.0,0,0.0,0,0.0,0,0.0,0,0.0,0,0.0
E01002850,3,0,0.0,0,0.0,0,0.0,0,0.0,0,0.0,0,0.0,0,0.0,0,0.0,0,0.0,0,0.0,0,0.0,0,0.0
E01002851,8,0,0.0,0,0.0,0,0.0,0,0.0,0,0.0,0,0.0,0,0.0,0,0.0,0,0.0,0,0.0,0,0.0,0,0.0
E01002852,3,0,0.0,0,0.0,0,0.0,0,0.0,0,0.0,0,0.0,0,0.0,0,0.0,0,0.0,0,0.0,0,0.0,0,0.0
E01002853,2,0,0.0,0,0.0,0,0.0,0,0.0,0,0.0,0,0.0,0,0.0,0,0.0,0,0.0,0,0.0,0,0.0,0,0.0
E01002854,4,0,0.0,0,0.0,0,0.0,0,0.0,0,0.0,0,0.0,0,0.0,0,0.0,0,0.0,0,0.0,0,0.0,0,0.0
E01002855,2,0,0.0,0,0.0,0,0.0,0,0.0,0,0.0,0,0.0,0,0.0,0,0.0,0,0.0,0,0.0,0,0.0,0,0.0
E01002856,9,0,0.0,0,0.0,0,0.0,0,0.0,0,0.0,0,0.0,0,0.0,0,0.0,0,0.0,0,0.0,0,0.0,0,0.0
E01002857,3,0,0.0,0,0.0,0,0.0,0,0.0,0,0.0,0,0.0,0,0.0,0,0.0,0,0.0,0,0.0,0,0.0,0,0.0
E01002858,6,0,0.0,0,0.0,0,0.0,0,0.0,0,0.0,0,0.0,0,0.0,0,0.0,0,0.0,0,0.0,0,0.0,0,0.0
E01002859,14,0,0.0,0,0.0,0,0.0,0,0.0,0,0.0,0,0.0,0,0.0,0,0.0,0,0.0,0,0.0,0,0.0,0,0.0
E01002860,17,0,0.0,0,0.0,0,0.0,0,0.0,0,0.0,0,0.0,0,0.0,0,0.0,0,0.0,0,0.0,0,0.0,0,0.0
E01002861,6,0,0.0,0,0.0,0,0.0,0,0.0,0,0.0,0,0.0,0,0.0,0,0.0,0,0.0,0,0.0,0,0.0,0,0.0
E01002862,3,0,0.0,0,0.0,0,0.0,0,0.0,0,0.0,0,0.0,0,0.0,0,0.0,0,0.0,0,0.0,0,0.0,0,0.0
E01002863,11,0,0.0,0,0.0,0,0.0,0,0.0,0,0.0,0,0.0,0,0.0,0,0.0,0,0.0,0,0.0,0,0.0,0,0.0
E01002864,11,0,0.0,0,0.0,0,0.0,0,0.0,0,0.0,0,0.0,0,0.0,0,0.0,0,0.0,0,0.0,0,0.0,0,0.0
E01002865,14,0,0.0,0,0.0,0,0.0,0,0.0,0,0.0,0,0.0,0,0.0,0,0.0,0,0.0,0,0.0,0,0.0,0,0.0
E01002866,11,0,0.0,0,0.0,0,0.0,0,0.0,0,0.0,0,0.0,0,0.0,0,0.0,0,0.0,0,0.0,0,0.0,0,0.0
E01002867,7,0,0.0,0,0.0,0,0.0,0,0.0,0,0.0,0,0.0,0,0.0,0,0.0,0,0.0,0,0.0,0,0.0,0,0.0
E01002868,13,0,0.0,0,0.0,0,0.0,0,0.0,0,0.0,0,0.0,0,0.0,0,0.0,0,0.0,0,0.0,0,0.0,0,0.0
E01002869,8,0,0.0,0,0.0,0,0.0,0,0.0,0,0.0,0,0.0,0,0.0,0,0.0,0,0.0,0,0.0,0,0.0,0,0.0
E01002870,7,0,0.0,0,0.0,0,0.0,0,0.0,0,0.0,0,0.0,0,0.0,0,0.0,0,0.0,0,0.0,0,0.0,0,0.0
E01002871,19,0,0.0,0,0.0,0,0.0,0,0.0,0,0.0,0,0.0,0,0.0,0,0.0,0,0.0,0,0.0,0,0.0,0,0.0
E01002872,7,0,0.0,0,0.0,0,0.0,0,0.0,0,0.0,0,0.0,0,0.0,0,0.0,0,0.0,0,0.0,0,0.0,0,0.0
E01002873,11,0,0.0,0,0.0,0,0.0,0,0.0,0,0.0,0,0.0,0,0.0,0,0.0,0,0.0,0,0.0,0,0.0,0,0.0
E01002874,11,0,0.0,0,0.0,0,0.0,0,0.0,0,0.0,0,0.0,0,0.0,0,0.0,0,0.0,0,0.0,0,0.0,0,0.0
E01002875,21,0,0.0,0,0.0,0,0.0,0,0.0,0,0.0,0,0.0,0,0.0,0,0.0,0,0.0,0,0.0,0,0.0,0,0.0
E01002876,10,0,0.0,0,0.0,0,0.0,0,0.0,0,0.0,0,0.0,0,0.0,0,0.0,0,0.0,0,0.0,0,0.0,0,0.0
E01002877,7,0,0.0,0,0.0,0,0.0,0,0.0,0,0.0,0,0.0,0,0.0,0,0.0,0,0.0,0,0.0,0,0.0,0,0.0
E01002878,6,0,0.0,0,0.0,0,0.0,0,0.0,0,0.0,0,0.0,0,0.0,0,0.0,0,0.0,0,0.0,0,0.0,0,0.0
E01002879,4,0,0.0,0,0.0,0,0.0,0,0.0,0,0.0,0,0.0,0,0.0,0,0.0,0,0.0,0,0.0,0,0.0,0,0.0
E01002880,3,0,0.0,0,0.0,0,0.0,0,0.0,0,0.0,0,0.0,0,0.0,0,0.0,0,0.0,0,0.0,0,0.0,0,0.0
E01002881,9,0,0.0,0,0.0,0,0.0,0,0.0,0,0.0,0,0.0,0,0.0,0,0.0,0,0.0,0,0.0,0,0.0,0,0.0
E01002882,10,0,0.0,0,0.0,0,0.0,0,0.0,0,0.0,0,0.0,0,0.0,0,0.0,0,0.0,0,0.0,0,0.0,0,0.0
E01002883,9,0,0.0,0,0.0,0,0.0,0,0.0,0,0.0,0,0.0,0,0.0,0,0.0,0,0.0,0,0.0,0,0.0,0,0.0
E01002884,4,0,0.0,0,0.0,0,0.0,0,0.0,0,0.0,0,0.0,0,0.0,0,0.0,0,0.0,0,0.0,0,0.0,0,0.0
E01002885,4,0,0.0,0,0.0,0,0.0,0,0.0,0,0.0,0,0.0,0,0.0,0,0.0,0,0.0,0,0.0,0,0.0,0,0.0
E01002886,9,0,0.0,0,0.0,0,0.0,0,0.0,0,0.0,0,0.0,0,0.0,0,0.0,0,0.0,0,0.0,0,0.0,0,0.0
E01002887,6,0,0.0,0,0.0,0,0.0,0,0.0,0,0.0,0,0.0,0,0.0,0,0.0,0,0.0,0,0.0,0,0.0,0,0.0
E01002888,5,0,0.0,0,0.0,0,0.0,0,0.0,0,0.0,0,0.0,0,0.0,0,0.0,0,0.0,0,0.0,0,0.0,0,0.0
E01002889,9,0,0.0,0,0.0,0,0.0,0,0.0,0,0.0,0,0.0,0,0.0,0,0.0,0,0.0,0,0.0,0,0.0,0,0.0
E01002890,13,0,0.0,0,0.0,0,0.0,0,0.0,0,0.0,0,0.0,0,0.0,0,0.0,0,0.0,0,0.0,0,0.0,0,0.0
E01002891,10,0,0.0,0,0.0,0,0.0,0,0.0,0,0.0,0,0.0,0,0.0,0,0.0,0,0.0,0,0.0,0,0.0,0,0.0
E01002892,11,0,0.0,0,0.0,0,0.0,0,0.0,0,0.0,0,0.0,0,0.0,0,0.0,0,0.0,0,0.0,0,0.0,0,0.0
E01002893,6,0,0.0,0,0.0,0,0.0,0,0.0,0,0.0,0,0.0,0,0.0,0,0.0,0,0.0,0,0.0,0,0.0,0,0.0
E01002894,3,0,0.0,0,0.0,0,0.0,0,0.0,0,0.0,0,0.0,0,0.0,0,0.0,0,0.0,0,0.0,0,0.0,0,0.0
E01002896,8,0,0.0,0,0.0,0,0.0,0,0.0,0,0.0,0,0.0,0,0.0,0,0.0,0,0.0,0,0.0,0,0.0,0,0.0
E01002897,2,0,0.0,0,0.0,0,0.0,0,0.0,0,0.0,0,0.0,0,0.0,0,0.0,0,0.0,0,0.0,0,0.0,0,0.0
E01002898,13,0,0.0,0,0.0,0,0.0,0,0.0,0,0.0,0,0.0,0,0.0,0,0.0,0,0.0,0,0.0,0,0.0,0,0.0
E01002899,9,0,0.0,0,0.0,0,0.0,0,0.0,0,0.0,0,0.0,0,0.0,0,0.0,0,0.0,0,0.0,0,0.0,0,0.0
E01002900,5,0,0.0,0,0.0,0,0.0,0,0.0,0,0.0,0,0.0,0,0.0,0,0.0,0,0.0,0,0.0,0,0.0,0,0.0
E01002901,9,0,0.0,0,0.0,0,0.0,0,0.0,0,0.0,0,0.0,0,0.0,0,0.0,0,0.0,0,0.0,0,0.0,0,0.0
E01002902,7,0,0.0,0,0.0,0,0.0,0,0.0,0,0.0,0,0.0,0,0.0,0,0.0,0,0.0,0,0.0,0,0.0,0,0.0
E01002903,12,0,0.0,0,0.0,0,0.0,0,0.0,0,0.0,0,0.0,0,0.0,0,0.0,0,0.0,0,0.0,0,0.0,0,0.0
E01002904,3,0,0.0,0,0.0,0,0.0,0,0.0,0,0.0,0,0.0,0,0.0,0,0.0,0,0.0,0,0.0,0,0.0,0,0.0
E01002905,9,0,0.0,0,0.0,0,0.0,0,0.0,0,0.0,0,0.0,0,0.0,0,0.0,0,0.0,0,0.0,0,0.0,0,0.0
E01002906,10,0,0.0,0,0.0,0,0.0,0,0.0,0,0.0,0,0.0,0,0.0,0,0.0,0,0.0,0,0.0,0,0.0,0,0.0
E01002907,1,0,0.0,0,0.0,0,0.0,0,0.0,0,0.0,0,0.0,0,0.0,0,0.0,0,0.0,0,0.0,0,0.0,0,0.0
E01002908,7,0,0.0,0,0.0,0,0.0,0,0.0,0,0.0,0,0.0,0,0.0,0,0.0,0,0.0,0,0.0,0,0.0,0,0.0
E01002909,15,0,0.0,0,0.0,0,0.0,0,0.0,0,0.0,0,0.0,0,0.0,0,0.0,0,0.0,0,0.0,0,0.0,0,0.0
E01002910,14,0,0.0,0,0.0,0,0.0,0,0.0,0,0.0,0,0.0,0,0.0,0,0.0,0,0.0,0,0.0,0,0.0,0,0.0
E01002911,11,0,0.0,0,0.0,0,0.0,0,0.0,0,0.0,0,0.0,0,0.0,0,0.0,0,0.0,0,0.0,0,0.0,0,0.0
E01002912,10,0,0.0,0,0.0,0,0.0,0,0.0,0,0.0,0,0.0,0,0.0,0,0.0,0,0.0,0,0.0,0,0.0,0,0.0
E01002913,4,0,0.0,0,0.0,0,0.0,0,0.0,0,0.0,0,0.0,0,0.0,0,0.0,0,0.0,0,0.0,0,0.0,0,0.0
E01002914,15,0,0.0,0,0.0,0,0.0,0,0.0,0,0.0,0,0.0,0,0.0,0,0.0,0,0.0,0,0.0,0,0.0,0,0.0
E01002915,0,0,93.860065,5,13.486786,5,13.486786,0,93.046212,5,12.672933,5,12.672933,0,0.0,0,0.0,0,0.0,0,0.0,0,0.0,0,0.0
E01002916,0,0,0.0,0,0.0,0,0.0,0,0.0,0,0.0,0,0.0,0,0.0,0,0.0,0,0.0,0,0.0,0,0.0,0,0.0
E01002917,0,0,0.0,0,0.0,0,0.0,0,0.0,0,0.0,0,0.0,0,0.0,0,0.0,0,0.0,0,0.0,0,0.0,0,0.0
E01002918,0,0,102.40422,6,5.9562861,6,5.9562861,0,102.33569,6,5.8877527,6,5.8877527,0,102.20811,6,5.7601725,6,5.7601725,0,102.09178,6,5.6438463,6,5.6438463
E01002919,2,0,69.375364,4,5.0767406,4,5.0767406,0,70.26839,4,5.9697668,4,5.9697668,0,71.930827,4,7.6322044,4,7.6322044,0,73.446619,0,73.446619,4,9.1479961
E01002920,0,0,0.0,0,0.0,0,0.0,0,0.0,0,0.0,0,0.0,0,0.0,0,0.0,0,0.0,0,0.0,0,0.0,0,0.0
E01002921,5,0,0.0,0,0.0,0,0.0,0,0.0,0,0.0,0,0.0,0,0.0,0,0.0,0,0.0,0,0.0,0,0.0,0,0.0
E01002922,1,0,0.0,0,0.0,0,0.0,0,0.0,0,0.0,0,0.0,0,0.0,0,0.0,0,0.0,0,0.0,0,0.0,0,0.0
E01002923,1,0,0.0,0,0.0,0,0.0,0,0.0,0,0.0,0,0.0,0,0.0,0,0.0,0,0.0,0,0.0,0,0.0,0,0.0
E01002924,0,0,0.0,0,0.0,0,0.0,0,0.0,0,0.0,0,0.0,0,0.0,0,0.0,0,0.0,0,0.0,0,0.0,0,0.0
E01002925,8,0,0.0,0,0.0,0,0.0,0,0.0,0,0.0,0,0.0,0,0.0,0,0.0,0,0.0,0,0.0,0,0.0,0,0.0
E01002926,1,0,0.0,0,0.0,0,0.0,0,0.0,0,0.0,0,0.0,0,0.0,0,0.0,0,0.0,0,0.0,0,0.0,0,0.0
E01002927,2,0,0.0,0,0.0,0,0.0,0,0.0,0,0.0,0,0.0,0,0.0,0,0.0,0,0.0,0,0.0,0,0.0,0,0.0
E01002928,3,0,0.0,0,0.0,0,0.0,0,0.0,0,0.0,0,0.0,0,0.0,0,0.0,0,0.0,0,0.0,0,0.0,0,0.0
E01002929,3,0,0.0,0,0.0,0,0.0,0,0.0,0,0.0,0,0.0,0,0.0,0,0.0,0,0.0,0,0.0,0,0.0,0,0.0
E01002930,9,0,0.0,0,0.0,0,0.0,0,0.0,0,0.0,0,0.0,0,0.0,0,0.0,0,0.0,0,0.0,0,0.0,0,0.0
E01002931,7,0,0.0,0,0.0,0,0.0,0,0.0,0,0.0,0,0.0,0,0.0,0,0.0,0,0.0,0,0.0,0,0.0,0,0.0
E01002932,0,0,0.0,0,0.0,0,0.0,0,0.0,0,0.0,0,0.0,0,0.0,0,0.0,0,0.0,0,0.0,0,0.0,0,0.0
E01002933,11,0,0.0,0,0.0,0,0.0,0,0.0,0,0.0,0,0.0,0,0.0,0,0.0,0,0.0,0,0.0,0,0.0,0,0.0
E01002934,4,0,0.0,0,0.0,0,0.0,0,0.0,0,0.0,0,0.0,0,0.0,0,0.0,0,0.0,0,0.0,0,0.0,0,0.0
E01002935,7,0,0.0,0,0.0,0,0.0,0,0.0,0,0.0,0,0.0,0,0.0,0,0.0,0,0.0,0,0.0,0,0.0,0,0.0
E01002937,25,0,0.0,0,0.0,0,0.0,0,0.0,0,0.0,0,0.0,0,0.0,0,0.0,0,0.0,0,0.0,0,0.0,0,0.0
E01002938,9,0,0.0,0,0.0,0,0.0,0,0.0,0,0.0,0,0.0,0,0.0,0,0.0,0,0.0,0,0.0,0,0.0,0,0.0
E01002939,4,0,33.870832,0,33.870832,2,1.7215202,0,33.66144,0,33.66144,2,1.5121283,0,33.27164,2,1.1223289,2,1.1223289,0,32.916226,0,32.916226,2,0.76691432
E01002940,5,0,13.92104,0,13.92104,0,13.92104,0,13.029266,0,13.029266,0,13.029266,0,11.369159,0,11.369159,0,11.369159,0,9.8554924,0,9.8554924,0,9.8554924
E01002941,2,0,78.22009,0,78.22009,4,13.921467,0,76.832286,0,76.832286,4,12.533663,0,74.248782,4,9.9501586,4,9.9501586,0,71.893172,0,71.893172,4,7.5945487
E01002942,0,0,90.467532,0,90.467532,5,10.094254,0,89.347634,0,89.347634,5,8.9743553,0,87.262857,5,6.8895776,5,6.8895776,0,85.36198,0,85.36198,5,4.988701
E01002943,6,0,0.0,0,0.0,0,0.0,0,0.0,0,0.0,0,0.0,0,0.0,0,0.0,0,0.0,0,0.0,0,0.0,0,0.0
E01002944,3,0,36.155905,0,36.155905,2,4.0065939,0,35.580699,0,35.580699,2,3.4313873,0,34.509907,2,2.3605955,2,2.3605955,0,33.533571,0,33.533571,2,1.3842597
E01002945,0,0,104.03766,6,7.5897276,6,7.5897276,0,102.82084,6,6.3729096,6,6.3729096,0,100.55564,6,4.1077082,6,4.1077082,0,98.490258,6,2.0423234,6,2.0423234
E01002946,0,0,108.68669,6,12.238754,6,12.238754,0,107.40489,6,10.956955,6,10.956955,0,105.01872,6,8.5707874,6,8.5707874,0,102.84304,6,6.3951069,6,6.3951069
E01002947,0,0,102.53012,6,6.0821853,6,6.0821853,0,100.94686,6,4.4989242,6,4.4989242,0,97.999495,6,1.5515606,6,1.5515606,0,95.312123,5,14.938844,5,14.938844
E01002948,0,0,144.3711,8,15.773858,8,15.773858,0,143.69688,8,15.099633,8,15.099633,0,142.44176,8,13.844512,8,13.844512,0,141.29735,8,12.700106,8,12.700106
E01002949,1,0,106.30781,6,9.8598771,6,9.8598771,0,105.28247,6,8.8345358,6,8.8345358,0,103.37372,6,6.9257832,6,6.9257832,0,101.63334,6,5.1854043,6,5.1854043
E01002950,7,0,0.0,0,0.0,0,0.0,0,0.0,0,0.0,0,0.0,0,0.0,0,0.0,0,0.0,0,0.0,0,0.0,0,0.0
E01002951,2,0,0.0,0,0.0,0,0.0,0,0.0,0,0.0,0,0.0,0,0.0,0,0.0,0,0.0,0,0.0,0,0.0,0,0.0
E01002952,0,0,0.0,0,0.0,0,0.0,0,0.0,0,0.0,0,0.0,0,0.0,0,0.0,0,0.0,0,0.0,0,0.0,0,0.0
E01002953,0,0,0.0,0,0.0,0,0.0,0,0.0,0,0.0,0,0.0,0,0.0,0,0.0,0,0.0,0,0.0,0,0.0,0,0.0
E01002954,0,0,0.0,0,0.0,0,0.0,0,0.0,0,0.0,0,0.0,0,0.0,0,0.0,0,0.0,0,0.0,0,0.0,0,0.0
E01002955,0,0,0.0,0,0.0,0,0.0,0,0.0,0,0.0,0,0.0,0,0.0,0,0.0,0,0.0,0,0.0,0,0.0,0,0.0
E01002956,4,0,0.0,0,0.0,0,0.0,0,0.0,0,0.0,0,0.0,0,0.0,0,0.0,0,0.0,0,0.0,0,0.0,0,0.0
E01002957,0,0,0.0,0,0.0,0,0.0,0,0.0,0,0.0,0,0.0,0,0.0,0,0.0,0,0.0,0,0.0,0,0.0,0,0.0
E01002958,11,0,0.0,0,0.0,0,0.0,0,0.0,0,0.0,0,0.0,0,0.0,0,0.0,0,0.0,0,0.0,0,0.0,0,0.0
E01002959,0,0,0.0,0,0.0,0,0.0,0,0.0,0,0.0,0,0.0,0,0.0,0,0.0,0,0.0,0,0.0,0,0.0,0,0.0
E01002960,6,0,0.0,0,0.0,0,0.0,0,0.0,0,0.0,0,0.0,0,0.0,0,0.0,0,0.0,0,0.0,0,0.0,0,0.0
E01002961,4,0,0.0,0,0.0,0,0.0,0,0.0,0,0.0,0,0.0,0,0.0,0,0.0,0,0.0,0,0.0,0,0.0,0,0.0
E01002962,0,0,0.0,0,0.0,0,0.0,0,0.0,0,0.0,0,0.0,0,0.0,0,0.0,0,0.0,0,0.0,0,0.0,0,0.0
E01002963,2,0,0.0,0,0.0,0,0.0,0,0.0,0,0.0,0,0.0,0,0.0,0,0.0,0,0.0,0,0.0,0,0.0,0,0.0
E01002964,7,0,0.0,0,0.0,0,0.0,0,0.0,0,0.0,0,0.0,0,0.0,0,0.0,0,0.0,0,0.0,0,0.0,0,0.0
E01002965,4,0,0.0,0,0.0,0,0.0,0,0.0,0,0.0,0,0.0,0,0.0,0,0.0,0,0.0,0,0.0,0,0.0,0,0.0
E01002966,8,0,0.0,0,0.0,0,0.0,0,0.0,0,0.0,0,0.0,0,0.0,0,0.0,0,0.0,0,0.0,0,0.0,0,0.0
E01002967,6,0,0.0,0,0.0,0,0.0,0,0.0,0,0.0,0,0.0,0,0.0,0,0.0,0,0.0,0,0.0,0,0.0,0,0.0
E01002968,1,0,0.0,0,0.0,0,0.0,0,0.0,0,0.0,0,0.0,0,0.0,0,0.0,0,0.0,0,0.0,0,0.0,0,0.0
E01002969,5,0,0.0,0,0.0,0,0.0,0,0.0,0,0.0,0,0.0,0,0.0,0,0.0,0,0.0,0,0.0,0,0.0,0,0.0
E01002970,5,0,0.0,0,0.0,0,0.0,0,0.0,0,0.0,0,0.0,0,0.0,0,0.0,0,0.0,0,0.0,0,0.0,0,0.0
E01002971,6,0,0.0,0,0.0,0,0.0,0,0.0,0,0.0,0,0.0,0,0.0,0,0.0,0,0.0,0,0.0,0,0.0,0,0.0
E01002972,2,0,0.0,0,0.0,0,0.0,0,0.0,0,0.0,0,0.0,0,0.0,0,0.0,0,0.0,0,0.0,0,0.0,0,0.0
E01002973,1,0,0.0,0,0.0,0,0.0,0,0.0,0,0.0,0,0.0,0,0.0,0,0.0,0,0.0,0,0.0,0,0.0,0,0.0
E01002974,10,0,0.0,0,0.0,0,0.0,0,0.0,0,0.0,0,0.0,0,0.0,0,0.0,0,0.0,0,0.0,0,0.0,0,0.0
E01002975,1,0,0.0,0,0.0,0,0.0,0,0.0,0,0.0,0,0.0,0,0.0,0,0.0,0,0.0,0,0.0,0,0.0,0,0.0
E01002976,0,0,0.0,0,0.0,0,0.0,0,0.0,0,0.0,0,0.0,0,0.0,0,0.0,0,0.0,0,0.0,0,0.0,0,0.0
E01002977,2,0,0.0,0,0.0,0,0.0,0,0.0,0,0.0,0,0.0,0,0.0,0,0.0,0,0.0,0,0.0,0,0.0,0,0.0
E01002978,1,0,107.26784,0,107.26784,6,10.819908,0,103.12809,0,103.12809,6,6.6801528,4,4.1344085,5,0.0,4,4.1344085,0,7.55237,0,7.55237,0,7.55237
E01002979,0,0,99.514286,0,99.514286,6,3.066351,0,98.525166,0,98.525166,6,2.0772314,6,0.23590842,6,0.23590842,6,0.23590842,0,95.004946,0,95.004946,5,14.631667
E01002980,0,0,0.0,0,0.0,0,0.0,0,0.0,0,0.0,0,0.0,0,0.0,0,0.0,0,0.0,0,0.0,0,0.0,0,0.0
E01002981,0,0,0.0,0,0.0,0,0.0,0,0.0,0,0.0,0,0.0,0,0.0,0,0.0,0,0.0,0,0.0,0,0.0,0,0.0
E01002982,0,0,0.0,0,0.0,0,0.0,0,0.0,0,0.0,0,0.0,0,0.0,0,0.0,0,0.0,0,0.0,0,0.0,0,0.0
E01002983,0,0,0.0,0,0.0,0,0.0,0,0.0,0,0.0,0,0.0,0,0.0,0,0.0,0,0.0,0,0.0,0,0.0,0,0.0
E01002984,3,0,0.0,0,0.0,0,0.0,0,0.0,0,0.0,0,0.0,0,0.0,0,0.0,0,0.0,0,0.0,0,0.0,0,0.0
E01002985,4,0,0.0,0,0.0,0,0.0,0,0.0,0,0.0,0,0.0,0,0.0,0,0.0,0,0.0,0,0.0,0,0.0,0,0.0
E01002986,2,0,0.0,0,0.0,0,0.0,0,0.0,0,0.0,0,0.0,0,0.0,0,0.0,0,0.0,0,0.0,0,0.0,0,0.0
E01002987,3,0,0.0,0,0.0,0,0.0,0,0.0,0,0.0,0,0.0,0,0.0,0,0.0,0,0.0,0,0.0,0,0.0,0,0.0
E01002988,2,0,0.0,0,0.0,0,0.0,0,0.0,0,0.0,0,0.0,0,0.0,0,0.0,0,0.0,0,0.0,0,0.0,0,0.0
E01002989,8,0,0.0,0,0.0,0,0.0,0,0.0,0,0.0,0,0.0,0,0.0,0,0.0,0,0.0,0,0.0,0,0.0,0,0.0
E01002990,6,0,0.0,0,0.0,0,0.0,0,0.0,0,0.0,0,0.0,0,0.0,0,0.0,0,0.0,0,0.0,0,0.0,0,0.0
E01002991,4,0,0.0,0,0.0,0,0.0,0,0.0,0,0.0,0,0.0,0,0.0,0,0.0,0,0.0,0,0.0,0,0.0,0,0.0
E01002992,4,0,0.0,0,0.0,0,0.0,0,0.0,0,0.0,0,0.0,0,0.0,0,0.0,0,0.0,0,0.0,0,0.0,0,0.0
E01002993,3,0,0.0,0,0.0,0,0.0,0,0.0,0,0.0,0,0.0,0,0.0,0,0.0,0,0.0,0,0.0,0,0.0,0,0.0
E01002994,0,0,90.844481,0,90.844481,5,10.471202,0,0.0,0,0.0,0,0.0,0,0.0,0,0.0,0,0.0,0,0.0,0,0.0,0,0.0
E01002995,0,0,0.0,0,0.0,0,0.0,0,0.0,0,0.0,0,0.0,0,0.0,0,0.0,0,0.0,0,0.0,0,0.0,0,0.0
E01002996,4,0,2.9885982,0,2.9885982,0,2.9885982,0,0.0,0,0.0,0,0.0,0,0.0,0,0.0,0,0.0,0,0.0,0,0.0,0,0.0
E01002997,1,0,0.0,0,0.0,0,0.0,0,0.0,0,0.0,0,0.0,0,0.0,0,0.0,0,0.0,0,0.0,0,0.0,0,0.0
E01002998,5,0,0.0,0,0.0,0,0.0,0,0.0,0,0.0,0,0.0,0,0.0,0,0.0,0,0.0,0,0.0,0,0.0,0,0.0
E01002999,2,0,0.0,0,0.0,0,0.0,0,0.0,0,0.0,0,0.0,0,0.0,0,0.0,0,0.0,0,0.0,0,0.0,0,0.0
E01003000,2,0,80.274675,0,80.274675,4,15.976052,0,80.210407,0,80.210407,0,80.210407,0,80.090766,0,80.090766,4,15.792143,0,79.981678,0,79.981678,4,15.683055
E01003001,0,0,110.44578,6,13.997845,6,13.997845,0,109.68211,6,13.234173,6,13.234173,0,108.26047,6,11.812538,6,11.812538,0,106.96424,6,10.516308,6,10.516308
E01003002,1,0,85.424123,0,85.424123,5,5.0508439,0,85.564188,0,85.564188,5,5.1909086,0,85.824929,5,5.4516501,5,5.4516501,0,14.002841,0,14.002841,0,14.002841
E01003003,3,0,38.618092,0,38.618092,2,6.4687801,0,36.837972,0,36.837972,2,4.6886603,0,10.175858,0,10.175858,0,10.175858,0,0.0,0,0.0,0,0.0
E01003004,4,0,34.793749,0,34.793749,2,2.6444374,0,34.09891,0,34.09891,2,1.9495985,0,32.805413,2,0.65610181,2,0.65610181,0,31.626018,0,31.626018,0,31.626018
E01003005,0,0,106.29935,6,9.851416,6,9.851416,0,104.9731,6,8.5251627,6,8.5251627,0,102.50417,6,6.0562391,6,6.0562391,0,100.25304,6,3.8051026,6,3.8051026
E01003006,1,0,0.0,0,0.0,0,0.0,0,0.0,0,0.0,0,0.0,0,0.0,0,0.0,0,0.0,0,0.0,0,0.0,0,0.0
E01003007,2,0,0.0,0,0.0,0,0.0,0,0.0,0,0.0,0,0.0,0,0.0,0,0.0,0,0.0,0,0.0,0,0.0,0,0.0
E01003008,6,0,0.0,0,0.0,0,0.0,0,0.0,0,0.0,0,0.0,0,0.0,0,0.0,0,0.0,0,0.0,0,0.0,0,0.0
E01003009,4,0,0.0,0,0.0,0,0.0,0,0.0,0,0.0,0,0.0,0,0.0,0,0.0,0,0.0,0,0.0,0,0.0,0,0.0
E01003010,1,0,0.0,0,0.0,0,0.0,0,0.0,0,0.0,0,0.0,0,0.0,0,0.0,0,0.0,0,0.0,0,0.0,0,0.0
E01003011,12,0,0.0,0,0.0,0,0.0,0,0.0,0,0.0,0,0.0,0,0.0,0,0.0,0,0.0,0,0.0,0,0.0,0,0.0
E01003013,3,0,0.0,0,0.0,0,0.0,0,0.0,0,0.0,0,0.0,0,0.0,0,0.0,0,0.0,0,0.0,0,0.0,0,0.0
E01003014,6,0,0.0,0,0.0,0,0.0,0,0.0,0,0.0,0,0.0,0,0.0,0,0.0,0,0.0,0,0.0,0,0.0,0,0.0
E01003015,2,0,0.0,0,0.0,0,0.0,0,0.0,0,0.0,0,0.0,0,0.0,0,0.0,0,0.0,0,0.0,0,0.0,0,0.0
E01003016,2,0,0.0,0,0.0,0,0.0,0,0.0,0,0.0,0,0.0,0,0.0,0,0.0,0,0.0,0,0.0,0,0.0,0,0.0
E01003017,6,0,0.0,0,0.0,0,0.0,0,0.0,0,0.0,0,0.0,0,0.0,0,0.0,0,0.0,0,0.0,0,0.0,0,0.0
E01003018,14,0,0.0,0,0.0,0,0.0,0,0.0,0,0.0,0,0.0,0,0.0,0,0.0,0,0.0,0,0.0,0,0.0,0,0.0
E01003019,4,0,0.0,0,0.0,0,0.0,0,0.0,0,0.0,0,0.0,0,0.0,0,0.0,0,0.0,0,0.0,0,0.0,0,0.0
E01003020,7,0,0.0,0,0.0,0,0.0,0,0.0,0,0.0,0,0.0,0,0.0,0,0.0,0,0.0,0,0.0,0,0.0,0,0.0
E01003021,5,0,0.0,0,0.0,0,0.0,0,0.0,0,0.0,0,0.0,0,0.0,0,0.0,0,0.0,0,0.0,0,0.0,0,0.0
E01003022,7,0,0.0,0,0.0,0,0.0,0,0.0,0,0.0,0,0.0,0,0.0,0,0.0,0,0.0,0,0.0,0,0.0,0,0.0
E01003023,6,0,0.0,0,0.0,0,0.0,0,0.0,0,0.0,0,0.0,0,0.0,0,0.0,0,0.0,0,0.0,0,0.0,0,0.0
E01003024,0,0,0.0,0,0.0,0,0.0,0,0.0,0,0.0,0,0.0,0,0.0,0,0.0,0,0.0,0,0.0,0,0.0,0,0.0
E01003025,2,0,0.0,0,0.0,0,0.0,0,0.0,0,0.0,0,0.0,0,0.0,0,0.0,0,0.0,0,0.0,0,0.0,0,0.0
E01003026,5,0,0.0,0,0.0,0,0.0,0,0.0,0,0.0,0,0.0,0,0.0,0,0.0,0,0.0,0,0.0,0,0.0,0,0.0
E01003027,5,0,0.0,0,0.0,0,0.0,0,0.0,0,0.0,0,0.0,0,0.0,0,0.0,0,0.0,0,0.0,0,0.0,0,0.0
E01003028,8,0,0.0,0,0.0,0,0.0,0,0.0,0,0.0,0,0.0,0,0.0,0,0.0,0,0.0,0,0.0,0,0.0,0,0.0
E01003029,4,0,0.0,0,0.0,0,0.0,0,0.0,0,0.0,0,0.0,0,0.0,0,0.0,0,0.0,0,0.0,0,0.0,0,0.0
E01003030,3,0,0.0,0,0.0,0,0.0,0,0.0,0,0.0,0,0.0,0,0.0,0,0.0,0,0.0,0,0.0,0,0.0,0,0.0
E01003031,2,0,0.0,0,0.0,0,0.0,0,0.0,0,0.0,0,0.0,0,0.0,0,0.0,0,0.0,0,0.0,0,0.0,0,0.0
E01003032,0,0,0.0,0,0.0,0,0.0,0,0.0,0,0.0,0,0.0,0,0.0,0,0.0,0,0.0,0,0.0,0,0.0,0,0.0
E01003033,6,0,0.0,0,0.0,0,0.0,0,0.0,0,0.0,0,0.0,0,0.0,0,0.0,0,0.0,0,0.0,0,0.0,0,0.0
E01003034,3,0,0.0,0,0.0,0,0.0,0,0.0,0,0.0,0,0.0,0,0.0,0,0.0,0,0.0,0,0.0,0,0.0,0,0.0
E01003035,1,0,0.0,0,0.0,0,0.0,0,0.0,0,0.0,0,0.0,0,0.0,0,0.0,0,0.0,0,0.0,0,0.0,0,0.0
E01003036,8,0,0.0,0,0.0,0,0.0,0,0.0,0,0.0,0,0.0,0,0.0,0,0.0,0,0.0,0,0.0,0,0.0,0,0.0
E01003037,2,0,0.0,0,0.0,0,0.0,0,0.0,0,0.0,0,0.0,0,0.0,0,0.0,0,0.0,0,0.0,0,0.0,0,0.0
E01003038,7,0,0.0,0,0.0,0,0.0,0,0.0,0,0.0,0,0.0,0,0.0,0,0.0,0,0.0,0,0.0,0,0.0,0,0.0
E01003039,6,0,0.0,0,0.0,0,0.0,0,0.0,0,0.0,0,0.0,0,0.0,0,0.0,0,0.0,0,0.0,0,0.0,0,0.0
E01003040,4,0,0.0,0,0.0,0,0.0,0,0.0,0,0.0,0,0.0,0,0.0,0,0.0,0,0.0,0,0.0,0,0.0,0,0.0
E01003041,1,0,0.0,0,0.0,0,0.0,0,0.0,0,0.0,0,0.0,0,0.0,0,0.0,0,0.0,0,0.0,0,0.0,0,0.0
E01003042,1,0,0.0,0,0.0,0,0.0,0,0.0,0,0.0,0,0.0,0,0.0,0,0.0,0,0.0,0,0.0,0,0.0,0,0.0
E01003043,5,0,0.0,0,0.0,0,0.0,0,0.0,0,0.0,0,0.0,0,0.0,0,0.0,0,0.0,0,0.0,0,0.0,0,0.0
E01003044,1,0,0.0,0,0.0,0,0.0,0,0.0,0,0.0,0,0.0,0,0.0,0,0.0,0,0.0,0,0.0,0,0.0,0,0.0
E01003045,1,0,0.0,0,0.0,0,0.0,0,0.0,0,0.0,0,0.0,0,0.0,0,0.0,0,0.0,0,0.0,0,0.0,0,0.0
E01003046,3,0,0.0,0,0.0,0,0.0,0,0.0,0,0.0,0,0.0,0,0.0,0,0.0,0,0.0,0,0.0,0,0.0,0,0.0
E01003047,5,0,0.0,0,0.0,0,0.0,0,0.0,0,0.0,0,0.0,0,0.0,0,0.0,0,0.0,0,0.0,0,0.0,0,0.0
E01003048,4,0,0.0,0,0.0,0,0.0,0,0.0,0,0.0,0,0.0,0,0.0,0,0.0,0,0.0,0,0.0,0,0.0,0,0.0
E01003049,3,0,0.0,0,0.0,0,0.0,0,0.0,0,0.0,0,0.0,0,0.0,0,0.0,0,0.0,0,0.0,0,0.0,0,0.0
E01003050,1,0,0.0,0,0.0,0,0.0,0,0.0,0,0.0,0,0.0,0,0.0,0,0.0,0,0.0,0,0.0,0,0.0,0,0.0
E01003051,7,0,0.0,0,0.0,0,0.0,0,0.0,0,0.0,0,0.0,0,0.0,0,0.0,0,0.0,0,0.0,0,0.0,0,0.0
E01003052,3,0,0.0,0,0.0,0,0.0,0,0.0,0,0.0,0,0.0,0,0.0,0,0.0,0,0.0,0,0.0,0,0.0,0,0.0
E01003053,6,0,0.0,0,0.0,0,0.0,0,0.0,0,0.0,0,0.0,0,0.0,0,0.0,0,0.0,0,0.0,0,0.0,0,0.0
E01003054,5,0,0.0,0,0.0,0,0.0,0,0.0,0,0.0,0,0.0,0,0.0,0,0.0,0,0.0,0,0.0,0,0.0,0,0.0
E01003055,2,0,0.0,0,0.0,0,0.0,0,0.0,0,0.0,0,0.0,0,0.0,0,0.0,0,0.0,0,0.0,0,0.0,0,0.0
E01003056,3,0,0.0,0,0.0,0,0.0,0,0.0,0,0.0,0,0.0,0,0.0,0,0.0,0,0.0,0,0.0,0,0.0,0,0.0
E01003057,2,0,0.0,0,0.0,0,0.0,0,0.0,0,0.0,0,0.0,0,0.0,0,0.0,0,0.0,0,0.0,0,0.0,0,0.0
E01003058,6,0,0.0,0,0.0,0,0.0,0,0.0,0,0.0,0,0.0,0,0.0,0,0.0,0,0.0,0,0.0,0,0.0,0,0.0
E01003059,2,0,0.0,0,0.0,0,0.0,0,0.0,0,0.0,0,0.0,0,0.0,0,0.0,0,0.0,0,0.0,0,0.0,0,0.0
E01003060,1,0,0.0,0,0.0,0,0.0,0,0.0,0,0.0,0,0.0,0,0.0,0,0.0,0,0.0,0,0.0,0,0.0,0,0.0
E01003061,2,0,0.0,0,0.0,0,0.0,0,0.0,0,0.0,0,0.0,0,0.0,0,0.0,0,0.0,0,0.0,0,0.0,0,0.0
E01003062,8,0,0.0,0,0.0,0,0.0,0,0.0,0,0.0,0,0.0,0,0.0,0,0.0,0,0.0,0,0.0,0,0.0,0,0.0
E01003063,1,0,0.0,0,0.0,0,0.0,0,0.0,0,0.0,0,0.0,0,0.0,0,0.0,0,0.0,0,0.0,0,0.0,0,0.0
E01003064,6,0,0.0,0,0.0,0,0.0,0,0.0,0,0.0,0,0.0,0,0.0,0,0.0,0,0.0,0,0.0,0,0.0,0,0.0
E01003065,4,0,0.0,0,0.0,0,0.0,0,0.0,0,0.0,0,0.0,0,0.0,0,0.0,0,0.0,0,0.0,0,0.0,0,0.0
E01003066,2,0,0.0,0,0.0,0,0.0,0,0.0,0,0.0,0,0.0,0,0.0,0,0.0,0,0.0,0,0.0,0,0.0,0,0.0
E01003067,10,0,0.0,0,0.0,0,0.0,0,0.0,0,0.0,0,0.0,0,0.0,0,0.0,0,0.0,0,0.0,0,0.0,0,0.0
E01003068,2,0,0.0,0,0.0,0,0.0,0,0.0,0,0.0,0,0.0,0,0.0,0,0.0,0,0.0,0,0.0,0,0.0,0,0.0
E01003069,3,0,0.0,0,0.0,0,0.0,0,0.0,0,0.0,0,0.0,0,0.0,0,0.0,0,0.0,0,0.0,0,0.0,0,0.0
E01003070,3,0,0.0,0,0.0,0,0.0,0,0.0,0,0.0,0,0.0,0,0.0,0,0.0,0,0.0,0,0.0,0,0.0,0,0.0
E01003071,7,0,0.0,0,0.0,0,0.0,0,0.0,0,0.0,0,0.0,0,0.0,0,0.0,0,0.0,0,0.0,0,0.0,0,0.0
E01003072,5,0,0.0,0,0.0,0,0.0,0,0.0,0,0.0,0,0.0,0,0.0,0,0.0,0,0.0,0,0.0,0,0.0,0,0.0
E01003073,11,0,0.0,0,0.0,0,0.0,0,0.0,0,0.0,0,0.0,0,0.0,0,0.0,0,0.0,0,0.0,0,0.0,0,0.0
E01003074,5,0,0.0,0,0.0,0,0.0,0,0.0,0,0.0,0,0.0,0,0.0,0,0.0,0,0.0,0,0.0,0,0.0,0,0.0
E01003075,3,0,0.0,0,0.0,0,0.0,0,0.0,0,0.0,0,0.0,0,0.0,0,0.0,0,0.0,0,0.0,0,0.0,0,0.0
E01003076,7,0,0.0,0,0.0,0,0.0,0,0.0,0,0.0,0,0.0,0,0.0,0,0.0,0,0.0,0,0.0,0,0.0,0,0.0
E01003077,9,0,0.0,0,0.0,0,0.0,0,0.0,0,0.0,0,0.0,0,0.0,0,0.0,0,0.0,0,0.0,0,0.0,0,0.0
E01003078,8,0,0.0,0,0.0,0,0.0,0,0.0,0,0.0,0,0.0,0,0.0,0,0.0,0,0.0,0,0.0,0,0.0,0,0.0
E01003079,3,0,0.0,0,0.0,0,0.0,0,0.0,0,0.0,0,0.0,0,0.0,0,0.0,0,0.0,0,0.0,0,0.0,0,0.0
E01003080,5,0,0.0,0,0.0,0,0.0,0,0.0,0,0.0,0,0.0,0,0.0,0,0.0,0,0.0,0,0.0,0,0.0,0,0.0
E01003081,7,0,0.0,0,0.0,0,0.0,0,0.0,0,0.0,0,0.0,0,0.0,0,0.0,0,0.0,0,0.0,0,0.0,0,0.0
E01003082,3,0,0.0,0,0.0,0,0.0,0,0.0,0,0.0,0,0.0,0,0.0,0,0.0,0,0.0,0,0.0,0,0.0,0,0.0
E01003083,2,0,0.0,0,0.0,0,0.0,0,0.0,0,0.0,0,0.0,0,0.0,0,0.0,0,0.0,0,0.0,0,0.0,0,0.0
E01003084,4,0,0.0,0,0.0,0,0.0,0,0.0,0,0.0,0,0.0,0,0.0,0,0.0,0,0.0,0,0.0,0,0.0,0,0.0
E01003085,8,0,0.0,0,0.0,0,0.0,0,0.0,0,0.0,0,0.0,0,0.0,0,0.0,0,0.0,0,0.0,0,0.0,0,0.0
E01003086,1,0,0.0,0,0.0,0,0.0,0,0.0,0,0.0,0,0.0,0,0.0,0,0.0,0,0.0,0,0.0,0,0.0,0,0.0
E01003087,0,0,0.0,0,0.0,0,0.0,0,0.0,0,0.0,0,0.0,0,0.0,0,0.0,0,0.0,0,0.0,0,0.0,0,0.0
E01003088,3,0,0.0,0,0.0,0,0.0,0,0.0,0,0.0,0,0.0,0,0.0,0,0.0,0,0.0,0,0.0,0,0.0,0,0.0
E01003089,3,0,0.0,0,0.0,0,0.0,0,0.0,0,0.0,0,0.0,0,0.0,0,0.0,0,0.0,0,0.0,0,0.0,0,0.0
E01003090,3,0,0.0,0,0.0,0,0.0,0,0.0,0,0.0,0,0.0,0,0.0,0,0.0,0,0.0,0,0.0,0,0.0,0,0.0
E01003091,3,0,0.0,0,0.0,0,0.0,0,0.0,0,0.0,0,0.0,0,0.0,0,0.0,0,0.0,0,0.0,0,0.0,0,0.0
E01003092,6,0,0.0,0,0.0,0,0.0,0,0.0,0,0.0,0,0.0,0,0.0,0,0.0,0,0.0,0,0.0,0,0.0,0,0.0
E01003093,1,0,0.0,0,0.0,0,0.0,0,0.0,0,0.0,0,0.0,0,0.0,0,0.0,0,0.0,0,0.0,0,0.0,0,0.0
E01003094,3,0,0.0,0,0.0,0,0.0,0,0.0,0,0.0,0,0.0,0,0.0,0,0.0,0,0.0,0,0.0,0,0.0,0,0.0
E01003095,5,0,0.0,0,0.0,0,0.0,0,0.0,0,0.0,0,0.0,0,0.0,0,0.0,0,0.0,0,0.0,0,0.0,0,0.0
E01003096,8,0,0.0,0,0.0,0,0.0,0,0.0,0,0.0,0,0.0,0,0.0,0,0.0,0,0.0,0,0.0,0,0.0,0,0.0
E01003097,4,0,0.0,0,0.0,0,0.0,0,0.0,0,0.0,0,0.0,0,0.0,0,0.0,0,0.0,0,0.0,0,0.0,0,0.0
E01003098,4,0,0.0,0,0.0,0,0.0,0,0.0,0,0.0,0,0.0,0,0.0,0,0.0,0,0.0,0,0.0,0,0.0,0,0.0
E01003099,1,0,0.0,0,0.0,0,0.0,0,0.0,0,0.0,0,0.0,0,0.0,0,0.0,0,0.0,0,0.0,0,0.0,0,0.0
E01003100,4,0,0.0,0,0.0,0,0.0,0,0.0,0,0.0,0,0.0,0,0.0,0,0.0,0,0.0,0,0.0,0,0.0,0,0.0
E01003101,4,0,0.0,0,0.0,0,0.0,0,0.0,0,0.0,0,0.0,0,0.0,0,0.0,0,0.0,0,0.0,0,0.0,0,0.0
E01003102,3,0,0.0,0,0.0,0,0.0,0,0.0,0,0.0,0,0.0,0,0.0,0,0.0,0,0.0,0,0.0,0,0.0,0,0.0
E01003104,3,0,0.0,0,0.0,0,0.0,0,0.0,0,0.0,0,0.0,0,0.0,0,0.0,0,0.0,0,0.0,0,0.0,0,0.0
E01003105,7,0,0.0,0,0.0,0,0.0,0,0.0,0,0.0,0,0.0,0,0.0,0,0.0,0,0.0,0,0.0,0,0.0,0,0.0
E01003106,4,0,0.0,0,0.0,0,0.0,0,0.0,0,0.0,0,0.0,0,0.0,0,0.0,0,0.0,0,0.0,0,0.0,0,0.0
E01003107,6,0,0.0,0,0.0,0,0.0,0,0.0,0,0.0,0,0.0,0,0.0,0,0.0,0,0.0,0,0.0,0,0.0,0,0.0
E01003108,0,0,0.0,0,0.0,0,0.0,0,0.0,0,0.0,0,0.0,0,0.0,0,0.0,0,0.0,0,0.0,0,0.0,0,0.0
E01003110,9,0,0.0,0,0.0,0,0.0,0,0.0,0,0.0,0,0.0,0,0.0,0,0.0,0,0.0,0,0.0,0,0.0,0,0.0
E01003111,0,0,0.0,0,0.0,0,0.0,0,0.0,0,0.0,0,0.0,0,0.0,0,0.0,0,0.0,0,0.0,0,0.0,0,0.0
E01003112,4,0,0.0,0,0.0,0,0.0,0,0.0,0,0.0,0,0.0,0,0.0,0,0.0,0,0.0,0,0.0,0,0.0,0,0.0
E01003113,3,0,0.0,0,0.0,0,0.0,0,0.0,0,0.0,0,0.0,0,0.0,0,0.0,0,0.0,0,0.0,0,0.0,0,0.0
E01003114,7,0,0.0,0,0.0,0,0.0,0,0.0,0,0.0,0,0.0,0,0.0,0,0.0,0,0.0,0,0.0,0,0.0,0,0.0
E01003115,1,0,0.0,0,0.0,0,0.0,0,0.0,0,0.0,0,0.0,0,0.0,0,0.0,0,0.0,0,0.0,0,0.0,0,0.0
E01003116,1,0,0.0,0,0.0,0,0.0,0,0.0,0,0.0,0,0.0,0,0.0,0,0.0,0,0.0,0,0.0,0,0.0,0,0.0
E01003117,6,0,0.0,0,0.0,0,0.0,0,0.0,0,0.0,0,0.0,0,0.0,0,0.0,0,0.0,0,0.0,0,0.0,0,0.0
E01003118,4,0,0.0,0,0.0,0,0.0,0,0.0,0,0.0,0,0.0,0,0.0,0,0.0,0,0.0,0,0.0,0,0.0,0,0.0
E01003119,10,0,0.0,0,0.0,0,0.0,0,0.0,0,0.0,0,0.0,0,0.0,0,0.0,0,0.0,0,0.0,0,0.0,0,0.0
E01003120,5,0,0.0,0,0.0,0,0.0,0,0.0,0,0.0,0,0.0,0,0.0,0,0.0,0,0.0,0,0.0,0,0.0,0,0.0
E01003121,0,0,0.0,0,0.0,0,0.0,0,0.0,0,0.0,0,0.0,0,0.0,0,0.0,0,0.0,0,0.0,0,0.0,0,0.0
E01003122,2,0,0.0,0,0.0,0,0.0,0,0.0,0,0.0,0,0.0,0,0.0,0,0.0,0,0.0,0,0.0,0,0.0,0,0.0
E01003123,4,0,0.0,0,0.0,0,0.0,0,0.0,0,0.0,0,0.0,0,0.0,0,0.0,0,0.0,0,0.0,0,0.0,0,0.0
E01003124,2,0,0.0,0,0.0,0,0.0,0,0.0,0,0.0,0,0.0,0,0.0,0,0.0,0,0.0,0,0.0,0,0.0,0,0.0
E01003125,1,0,0.0,0,0.0,0,0.0,0,0.0,0,0.0,0,0.0,0,0.0,0,0.0,0,0.0,0,0.0,0,0.0,0,0.0
E01003126,2,0,0.0,0,0.0,0,0.0,0,0.0,0,0.0,0,0.0,0,0.0,0,0.0,0,0.0,0,0.0,0,0.0,0,0.0
E01003127,8,0,0.0,0,0.0,0,0.0,0,0.0,0,0.0,0,0.0,0,0.0,0,0.0,0,0.0,0,0.0,0,0.0,0,0.0
E01003128,0,0,0.0,0,0.0,0,0.0,0,0.0,0,0.0,0,0.0,0,0.0,0,0.0,0,0.0,0,0.0,0,0.0,0,0.0
E01003129,4,0,0.0,0,0.0,0,0.0,0,0.0,0,0.0,0,0.0,0,0.0,0,0.0,0,0.0,0,0.0,0,0.0,0,0.0
E01003130,3,0,0.0,0,0.0,0,0.0,0,0.0,0,0.0,0,0.0,0,0.0,0,0.0,0,0.0,0,0.0,0,0.0,0,0.0
E01003131,2,0,0.0,0,0.0,0,0.0,0,0.0,0,0.0,0,0.0,0,0.0,0,0.0,0,0.0,0,0.0,0,0.0,0,0.0
E01003132,0,0,0.0,0,0.0,0,0.0,0,0.0,0,0.0,0,0.0,0,0.0,0,0.0,0,0.0,0,0.0,0,0.0,0,0.0
E01003133,4,0,0.0,0,0.0,0,0.0,0,0.0,0,0.0,0,0.0,0,0.0,0,0.0,0,0.0,0,0.0,0,0.0,0,0.0
E01003134,3,0,0.0,0,0.0,0,0.0,0,0.0,0,0.0,0,0.0,0,0.0,0,0.0,0,0.0,0,0.0,0,0.0,0,0.0
E01003135,3,0,0.0,0,0.0,0,0.0,0,0.0,0,0.0,0,0.0,0,0.0,0,0.0,0,0.0,0,0.0,0,0.0,0,0.0
E01003136,4,0,0.0,0,0.0,0,0.0,0,0.0,0,0.0,0,0.0,0,0.0,0,0.0,0,0.0,0,0.0,0,0.0,0,0.0
E01003137,1,0,0.0,0,0.0,0,0.0,0,0.0,0,0.0,0,0.0,0,0.0,0,0.0,0,0.0,0,0.0,0,0.0,0,0.0
E01003138,4,0,0.0,0,0.0,0,0.0,0,0.0,0,0.0,0,0.0,0,0.0,0,0.0,0,0.0,0,0.0,0,0.0,0,0.0
E01003139,2,0,0.0,0,0.0,0,0.0,0,0.0,0,0.0,0,0.0,0,0.0,0,0.0,0,0.0,0,0.0,0,0.0,0,0.0
E01003140,1,0,0.0,0,0.0,0,0.0,0,0.0,0,0.0,0,0.0,0,0.0,0,0.0,0,0.0,0,0.0,0,0.0,0,0.0
E01003141,9,0,0.0,0,0.0,0,0.0,0,0.0,0,0.0,0,0.0,0,0.0,0,0.0,0,0.0,0,0.0,0,0.0,0,0.0
E01003142,1,0,0.0,0,0.0,0,0.0,0,0.0,0,0.0,0,0.0,0,0.0,0,0.0,0,0.0,0,0.0,0,0.0,0,0.0
E01003143,2,0,0.0,0,0.0,0,0.0,0,0.0,0,0.0,0,0.0,0,0.0,0,0.0,0,0.0,0,0.0,0,0.0,0,0.0
E01003144,5,0,0.0,0,0.0,0,0.0,0,0.0,0,0.0,0,0.0,0,0.0,0,0.0,0,0.0,0,0.0,0,0.0,0,0.0
E01003145,2,0,0.0,0,0.0,0,0.0,0,0.0,0,0.0,0,0.0,0,0.0,0,0.0,0,0.0,0,0.0,0,0.0,0,0.0
E01003146,1,0,0.0,0,0.0,0,0.0,0,0.0,0,0.0,0,0.0,0,0.0,0,0.0,0,0.0,0,0.0,0,0.0,0,0.0
E01003147,4,0,0.0,0,0.0,0,0.0,0,0.0,0,0.0,0,0.0,0,0.0,0,0.0,0,0.0,0,0.0,0,0.0,0,0.0
E01003148,2,0,0.0,0,0.0,0,0.0,0,0.0,0,0.0,0,0.0,0,0.0,0,0.0,0,0.0,0,0.0,0,0.0,0,0.0
E01003149,2,0,0.0,0,0.0,0,0.0,0,0.0,0,0.0,0,0.0,0,0.0,0,0.0,0,0.0,0,0.0,0,0.0,0,0.0
E01003150,1,0,0.0,0,0.0,0,0.0,0,0.0,0,0.0,0,0.0,0,0.0,0,0.0,0,0.0,0,0.0,0,0.0,0,0.0
E01003151,3,0,0.0,0,0.0,0,0.0,0,0.0,0,0.0,0,0.0,0,0.0,0,0.0,0,0.0,0,0.0,0,0.0,0,0.0
E01003152,1,0,0.0,0,0.0,0,0.0,0,0.0,0,0.0,0,0.0,0,0.0,0,0.0,0,0.0,0,0.0,0,0.0,0,0.0
E01003153,1,0,0.0,0,0.0,0,0.0,0,0.0,0,0.0,0,0.0,0,0.0,0,0.0,0,0.0,0,0.0,0,0.0,0,0.0
E01003154,2,0,0.0,0,0.0,0,0.0,0,0.0,0,0.0,0,0.0,0,0.0,0,0.0,0,0.0,0,0.0,0,0.0,0,0.0
E01003155,3,0,0.0,0,0.0,0,0.0,0,0.0,0,0.0,0,0.0,0,0.0,0,0.0,0,0.0,0,0.0,0,0.0,0,0.0
E01003156,3,0,0.0,0,0.0,0,0.0,0,0.0,0,0.0,0,0.0,0,0.0,0,0.0,0,0.0,0,0.0,0,0.0,0,0.0
E01003157,3,0,0.0,0,0.0,0,0.0,0,0.0,0,0.0,0,0.0,0,0.0,0,0.0,0,0.0,0,0.0,0,0.0,0,0.0
E01003158,3,0,0.0,0,0.0,0,0.0,0,0.0,0,0.0,0,0.0,0,0.0,0,0.0,0,0.0,0,0.0,0,0.0,0,0.0
E01003159,1,0,0.0,0,0.0,0,0.0,0,0.0,0,0.0,0,0.0,0,0.0,0,0.0,0,0.0,0,0.0,0,0.0,0,0.0
E01003160,0,0,0.0,0,0.0,0,0.0,0,0.0,0,0.0,0,0.0,0,0.0,0,0.0,0,0.0,0,0.0,0,0.0,0,0.0
E01003161,5,0,0.0,0,0.0,0,0.0,0,0.0,0,0.0,0,0.0,0,0.0,0,0.0,0,0.0,0,0.0,0,0.0,0,0.0
E01003162,1,0,0.0,0,0.0,0,0.0,0,0.0,0,0.0,0,0.0,0,0.0,0,0.0,0,0.0,0,0.0,0,0.0,0,0.0
E01003163,3,0,0.0,0,0.0,0,0.0,0,0.0,0,0.0,0,0.0,0,0.0,0,0.0,0,0.0,0,0.0,0,0.0,0,0.0
E01003164,4,0,0.0,0,0.0,0,0.0,0,0.0,0,0.0,0,0.0,0,0.0,0,0.0,0,0.0,0,0.0,0,0.0,0,0.0
E01003165,3,0,0.0,0,0.0,0,0.0,0,0.0,0,0.0,0,0.0,0,0.0,0,0.0,0,0.0,0,0.0,0,0.0,0,0.0
E01003166,3,0,0.0,0,0.0,0,0.0,0,0.0,0,0.0,0,0.0,0,0.0,0,0.0,0,0.0,0,0.0,0,0.0,0,0.0
E01003167,4,0,0.0,0,0.0,0,0.0,0,0.0,0,0.0,0,0.0,0,0.0,0,0.0,0,0.0,0,0.0,0,0.0,0,0.0
E01003168,0,0,0.0,0,0.0,0,0.0,0,0.0,0,0.0,0,0.0,0,0.0,0,0.0,0,0.0,0,0.0,0,0.0,0,0.0
E01003169,4,0,0.0,0,0.0,0,0.0,0,0.0,0,0.0,0,0.0,0,0.0,0,0.0,0,0.0,0,0.0,0,0.0,0,0.0
E01003170,6,0,0.0,0,0.0,0,0.0,0,0.0,0,0.0,0,0.0,0,0.0,0,0.0,0,0.0,0,0.0,0,0.0,0,0.0
E01003171,7,0,0.0,0,0.0,0,0.0,0,0.0,0,0.0,0,0.0,0,0.0,0,0.0,0,0.0,0,0.0,0,0.0,0,0.0
E01003172,1,0,0.0,0,0.0,0,0.0,0,0.0,0,0.0,0,0.0,0,0.0,0,0.0,0,0.0,0,0.0,0,0.0,0,0.0
E01003173,7,0,0.0,0,0.0,0,0.0,0,0.0,0,0.0,0,0.0,0,0.0,0,0.0,0,0.0,0,0.0,0,0.0,0,0.0
E01003174,3,0,0.0,0,0.0,0,0.0,0,0.0,0,0.0,0,0.0,0,0.0,0,0.0,0,0.0,0,0.0,0,0.0,0,0.0
E01003175,1,0,0.0,0,0.0,0,0.0,0,0.0,0,0.0,0,0.0,0,0.0,0,0.0,0,0.0,0,0.0,0,0.0,0,0.0
E01003176,3,0,0.0,0,0.0,0,0.0,0,0.0,0,0.0,0,0.0,0,0.0,0,0.0,0,0.0,0,0.0,0,0.0,0,0.0
E01003177,7,0,0.0,0,0.0,0,0.0,0,0.0,0,0.0,0,0.0,0,0.0,0,0.0,0,0.0,0,0.0,0,0.0,0,0.0
E01003178,9,0,0.0,0,0.0,0,0.0,0,0.0,0,0.0,0,0.0,0,0.0,0,0.0,0,0.0,0,0.0,0,0.0,0,0.0
E01003179,2,0,0.0,0,0.0,0,0.0,0,0.0,0,0.0,0,0.0,0,0.0,0,0.0,0,0.0,0,0.0,0,0.0,0,0.0
E01003180,4,0,0.0,0,0.0,0,0.0,0,0.0,0,0.0,0,0.0,0,0.0,0,0.0,0,0.0,0,0.0,0,0.0,0,0.0
E01003181,2,0,0.0,0,0.0,0,0.0,0,0.0,0,0.0,0,0.0,0,0.0,0,0.0,0,0.0,0,0.0,0,0.0,0,0.0
E01003182,6,0,0.0,0,0.0,0,0.0,0,0.0,0,0.0,0,0.0,0,0.0,0,0.0,0,0.0,0,0.0,0,0.0,0,0.0
E01003183,2,0,0.0,0,0.0,0,0.0,0,0.0,0,0.0,0,0.0,0,0.0,0,0.0,0,0.0,0,0.0,0,0.0,0,0.0
E01003184,0,0,0.0,0,0.0,0,0.0,0,0.0,0,0.0,0,0.0,0,0.0,0,0.0,0,0.0,0,0.0,0,0.0,0,0.0
E01003185,2,0,0.0,0,0.0,0,0.0,0,0.0,0,0.0,0,0.0,0,0.0,0,0.0,0,0.0,0,0.0,0,0.0,0,0.0
E01003186,5,0,0.0,0,0.0,0,0.0,0,0.0,0,0.0,0,0.0,0,0.0,0,0.0,0,0.0,0,0.0,0,0.0,0,0.0
E01003187,2,0,0.0,0,0.0,0,0.0,0,0.0,0,0.0,0,0.0,0,0.0,0,0.0,0,0.0,0,0.0,0,0.0,0,0.0
E01003188,2,0,0.0,0,0.0,0,0.0,0,0.0,0,0.0,0,0.0,0,0.0,0,0.0,0,0.0,0,0.0,0,0.0,0,0.0
E01003189,0,0,60.939935,0,60.939935,3,12.715968,0,62.320389,3,14.096422,0,62.320389,0,64.890212,0,64.890212,4,0.591589,0,67.233347,4,2.9347243,4,2.9347243
E01003190,1,0,62.625682,0,62.625682,0,62.625682,0,64.300942,0,64.300942,0,64.300942,0,67.419568,0,67.419568,0,67.419568,0,70.263096,0,70.263096,4,5.9644732
E01003191,0,0,67.096753,0,67.096753,0,67.096753,0,67.935747,0,67.935747,0,67.935747,0,69.4976,0,69.4976,4,5.1989765,0,70.921679,0,70.921679,4,6.6230558
E01003192,2,0,24.524261,0,24.524261,1,8.4496057,0,25.79701,0,25.79701,1,9.7223547,0,28.166332,0,28.166332,1,12.091676,0,30.326652,0,30.326652,1,14.251996
E01003193,1,0,63.053627,0,63.053627,0,63.053627,0,63.409908,0,63.409908,0,63.409908,0,64.073152,0,64.073152,0,64.073152,0,64.67789,0,64.67789,4,0.37926703
E01003194,0,0,63.578571,0,63.578571,0,63.578571,0,64.646553,0,64.646553,0,64.646553,0,66.634683,0,66.634683,4,2.3360602,0,68.447438,0,68.447438,4,4.148815
E01003195,1,0,61.706593,0,61.706593,0,61.706593,0,61.669718,0,61.669718,0,61.669718,0,61.601073,0,61.601073,0,61.601073,0,61.538484,0,61.538484,0,61.538484
E01003196,0,0,63.704221,0,63.704221,4,0.0,0,64.985669,0,64.985669,4,0.68704544,0,67.371183,0,67.371183,0,67.371183,0,69.546268,4,5.2476453,0,69.546268
E01003197,0,0,62.322078,0,62.322078,0,61.727676,0,63.93453,0,63.93453,0,63.93453,0,66.936235,0,66.936235,0,66.936235,0,69.673155,0,69.673155,4,5.3745323
E01003198,2,0,20.370197,0,20.370197,0,20.370197,0,20.135176,0,20.135176,0,20.135176,0,19.697668,0,19.697668,0,19.697668,0,19.298752,0,19.298752,0,19.298752
E01003199,2,0,43.376693,0,43.376693,0,43.376693,0,42.596525,0,42.596525,0,42.596525,0,41.14418,0,41.14418,0,41.14418,0,39.819949,0,39.819949,0,39.819949
E01003200,1,0,52.215669,0,52.215669,0,52.215669,0,51.203706,0,51.203706,0,51.203706,0,49.319858,0,49.319858,0,49.319858,0,47.602187,0,47.602187,0,47.602187
E01003201,1,0,45.867852,0,45.867852,0,45.867852,0,45.995642,0,45.995642,0,45.995642,0,46.233532,0,46.233532,0,46.233532,0,46.450437,0,46.450437,0,46.450437
E01003202,1,0,57.06757,0,57.06757,0,57.06757,0,56.090769,0,56.090769,0,56.090769,0,54.272377,0,54.272377,0,54.272377,0,52.614388,0,52.614388,3,4.3904211
E01003203,1,0,35.190537,0,35.190537,0,35.190537,0,35.581443,0,35.581443,0,35.581443,0,36.309145,0,36.309145,0,36.309145,0,36.972655,0,36.972655,0,36.972655
E01003204,1,0,7.4101616,0,7.4101616,0,7.4101616,0,7.9278946,0,7.9278946,0,7.9278946,0,8.8916948,0,8.8916948,0,8.8916948,0,9.3843933,0,9.3843933,0,9.3843933
E01003205,0,0,0.0,0,0.0,0,0.0,0,0.0,0,0.0,0,0.0,0,0.0,0,0.0,0,0.0,0,0.38608356,0,0.38608356,0,0.38608356
E01003206,0,0,60.311688,0,60.311688,3,12.087721,0,59.788731,0,59.788731,3,11.564763,0,58.815205,0,58.815205,0,58.815205,0,57.927555,0,57.927555,0,57.927555
E01003207,0,0,0.0,0,0.0,0,0.0,0,0.0,0,0.0,0,0.0,0,0.0,0,0.0,0,0.0,0,0.0,0,0.0,0,0.0
E01003209,1,0,0.0,0,0.0,0,0.0,0,0.0,0,0.0,0,0.0,0,0.0,0,0.0,0,0.0,0,0.0,0,0.0,0,0.0
E01003210,1,0,0.0,0,0.0,0,0.0,0,0.0,0,0.0,0,0.0,0,0.0,0,0.0,0,0.0,0,0.0,0,0.0,0,0.0
E01003211,0,0,0.0,0,0.0,0,0.0,0,0.0,0,0.0,0,0.0,0,0.0,0,0.0,0,0.0,0,0.0,0,0.0,0,0.0
E01003212,0,0,0.0,0,0.0,0,0.0,0,0.0,0,0.0,0,0.0,0,0.0,0,0.0,0,0.0,0,0.0,0,0.0,0,0.0
E01003213,2,0,0.0,0,0.0,0,0.0,0,0.0,0,0.0,0,0.0,0,0.0,0,0.0,0,0.0,0,0.0,0,0.0,0,0.0
E01003214,0,0,0.0,0,0.0,0,0.0,0,0.0,0,0.0,0,0.0,0,0.0,0,0.0,0,0.0,0,0.0,0,0.0,0,0.0
E01003215,0,0,0.0,0,0.0,0,0.0,0,0.0,0,0.0,0,0.0,0,0.0,0,0.0,0,0.0,0,0.0,0,0.0,0,0.0
E01003216,1,0,67.876781,0,67.876781,0,67.876781,0,68.025399,0,68.025399,4,3.7267761,0,68.302064,0,68.302064,0,68.302064,0,68.554324,0,68.554324,0,68.554324
E01003217,0,0,76.017857,0,76.017857,4,11.719234,0,75.729609,0,75.729609,4,11.430986,0,75.193013,0,75.193013,4,10.89439,0,74.70375,0,74.70375,4,10.405127
E01003218,0,0,71.368831,0,71.368831,4,7.070208,0,71.167854,0,71.167854,4,6.869231,0,70.79372,0,70.79372,4,6.4950966,0,70.452588,0,70.452588,4,6.1539652
E01003219,1,0,69.877835,0,69.877835,4,5.5792115,0,69.954509,0,69.954509,4,5.6558861,0,70.097245,0,70.097245,4,5.7986219,0,70.22739,0,70.22739,4,5.9287668
E01003220,0,0,60.186039,0,60.186039,3,11.962072,0,60.333697,0,60.333697,3,12.10973,0,60.608574,0,60.608574,3,12.384607,0,60.859203,0,60.859203,3,12.635236
E01003221,0,0,78.153896,0,78.153896,4,13.855273,0,78.307504,0,78.307504,4,14.008881,0,78.593457,0,78.593457,4,14.294834,0,78.854185,0,78.854185,4,14.555562
E01003222,1,0,60.459779,0,60.459779,3,12.235812,0,60.513116,0,60.513116,3,12.289148,0,60.612406,0,60.612406,3,12.388438,0,60.702937,0,60.702937,3,12.47897
E01003223,0,0,86.823701,5,6.4504224,5,6.4504224,0,86.858791,5,6.4855123,5,6.4855123,0,86.924114,5,6.5508349,5,6.5508349,0,86.983674,5,6.6103953,5,6.6103953
E01003224,0,0,66.342857,0,66.342857,4,2.044234,0,66.447356,0,66.447356,4,2.1487325,0,66.641888,0,66.641888,4,2.3432645,0,66.81926,0,66.81926,4,2.5206366
E01003225,0,0,0.0,0,0.0,0,0.0,0,0.0,0,0.0,0,0.0,0,0.0,0,0.0,0,0.0,0,0.0,0,0.0,0,0.0
E01003226,2,0,0.0,0,0.0,0,0.0,0,0.0,0,0.0,0,0.0,0,0.0,0,0.0,0,0.0,0,0.0,0,0.0,0,0.0
E01003227,0,0,0.0,0,0.0,0,0.0,0,0.0,0,0.0,0,0.0,0,0.0,0,0.0,0,0.0,0,0.0,0,0.0,0,0.0
E01003228,3,0,0.0,0,0.0,0,0.0,0,0.0,0,0.0,0,0.0,0,0.0,0,0.0,0,0.0,0,0.0,0,0.0,0,0.0
E01003229,1,0,0.0,0,0.0,0,0.0,0,0.0,0,0.0,0,0.0,0,0.0,0,0.0,0,0.0,0,0.0,0,0.0,0,0.0
E01003230,0,0,0.0,0,0.0,0,0.0,0,0.0,0,0.0,0,0.0,0,0.0,0,0.0,0,0.0,0,0.0,0,0.0,0,0.0
E01003231,0,0,0.0,0,0.0,0,0.0,0,0.0,0,0.0,0,0.0,0,0.0,0,0.0,0,0.0,0,0.0,0,0.0,0,0.0
E01003232,3,0,0.0,0,0.0,0,0.0,0,0.0,0,0.0,0,0.0,0,0.0,0,0.0,0,0.0,0,0.0,0,0.0,0,0.0
E01003233,2,0,0.0,0,0.0,0,0.0,0,0.0,0,0.0,0,0.0,0,0.0,0,0.0,0,0.0,0,0.0,0,0.0,0,0.0
E01003235,10,0,0.0,0,0.0,0,0.0,0,0.0,0,0.0,0,0.0,0,0.0,0,0.0,0,0.0,0,0.0,0,0.0,0,0.0
E01003236,1,0,51.095579,0,51.095579,3,2.8716117,0,52.007592,0,52.007592,3,3.7836247,0,53.705375,0,53.705375,3,5.4814077,0,55.253394,0,55.253394,3,7.029427
E01003237,0,0,68.353247,0,68.353247,4,4.0546236,0,69.187942,0,69.187942,0,69.187942,0,70.741793,0,70.741793,4,6.4431695,0,72.158576,0,72.158576,4,7.8599527
E01003238,0,0,60.814286,0,60.814286,3,12.590318,0,61.693409,0,61.693409,3,13.469442,0,63.329965,0,63.329965,3,15.105998,0,64.822159,0,64.822159,4,0.52353565
E01003239,0,0,63.327273,0,63.327273,3,15.103305,0,63.977002,0,63.977002,0,63.977002,0,65.186524,0,65.186524,4,0.88790117,0,66.289353,0,66.289353,4,1.9907296
E01003240,0,0,77.525649,0,77.525649,4,13.227026,0,78.495049,0,78.495049,4,14.196426,0,80.299661,0,80.299661,0,80.299661,0,81.945086,0,81.945086,5,1.5718071
E01003241,0,0,68.227597,0,68.227597,0,68.227597,0,68.794449,0,68.794449,0,68.794449,0,69.849687,0,69.849687,4,5.5510636,0,70.811841,0,70.811841,4,6.5132175
E01003243,0,0,0.0,0,0.0,0,0.0,0,0.0,0,0.0,0,0.0,0,0.0,0,0.0,0,0.0,0,0.0,0,0.0,0,0.0
E01003244,0,0,0.0,0,0.0,0,0.0,0,0.0,0,0.0,0,0.0,0,0.0,0,0.0,0,0.0,0,0.0,0,0.0,0,0.0
E01003245,0,0,0.0,0,0.0,0,0.0,0,0.0,0,0.0,0,0.0,0,0.0,0,0.0,0,0.0,0,0.0,0,0.0,0,0.0
E01003246,2,0,0.0,0,0.0,0,0.0,0,0.0,0,0.0,0,0.0,0,0.0,0,0.0,0,0.0,0,0.0,0,0.0,0,0.0
E01003247,1,0,0.0,0,0.0,0,0.0,0,0.0,0,0.0,0,0.0,0,0.0,0,0.0,0,0.0,0,0.0,0,0.0,0,0.0
E01003248,2,0,0.0,0,0.0,0,0.0,0,0.0,0,0.0,0,0.0,0,0.0,0,0.0,0,0.0,0,0.0,0,0.0,0,0.0
E01003249,1,0,0.0,0,0.0,0,0.0,0,0.0,0,0.0,0,0.0,0,0.0,0,0.0,0,0.0,0,0.0,0,0.0,0,0.0
E01003251,0,0,0.0,0,0.0,0,0.0,0,0.0,0,0.0,0,0.0,0,0.0,0,0.0,0,0.0,0,0.0,0,0.0,0,0.0
E01003252,0,0,0.0,0,0.0,0,0.0,0,0.0,0,0.0,0,0.0,0,0.0,0,0.0,0,0.0,0,0.0,0,0.0,0,0.0
E01003253,0,0,0.0,0,0.0,0,0.0,0,0.0,0,0.0,0,0.0,0,0.0,0,0.0,0,0.0,0,0.0,0,0.0,0,0.0
E01003254,3,0,0.0,0,0.0,0,0.0,0,0.0,0,0.0,0,0.0,0,0.0,0,0.0,0,0.0,0,0.0,0,0.0,0,0.0
E01003255,1,0,0.0,0,0.0,0,0.0,0,0.0,0,0.0,0,0.0,0,0.0,0,0.0,0,0.0,0,0.0,0,0.0,0,0.0
E01003256,2,0,0.0,0,0.0,0,0.0,0,0.0,0,0.0,0,0.0,0,0.0,0,0.0,0,0.0,0,0.0,0,0.0,0,0.0
E01003257,0,0,0.0,0,0.0,0,0.0,0,0.0,0,0.0,0,0.0,0,0.0,0,0.0,0,0.0,0,0.0,0,0.0,0,0.0
E01003258,0,0,0.0,0,0.0,0,0.0,0,0.0,0,0.0,0,0.0,0,0.0,0,0.0,0,0.0,0,0.0,0,0.0,0,0.0
E01003259,0,0,0.0,0,0.0,0,0.0,0,0.0,0,0.0,0,0.0,0,0.0,0,0.0,0,0.0,0,0.0,0,0.0,0,0.0
E01003260,1,0,0.0,0,0.0,0,0.0,0,0.0,0,0.0,0,0.0,0,0.0,0,0.0,0,0.0,0,0.0,0,0.0,0,0.0
E01003261,0,0,0.0,0,0.0,0,0.0,0,0.0,0,0.0,0,0.0,0,0.0,0,0.0,0,0.0,0,0.0,0,0.0,0,0.0
E01003262,0,0,0.0,0,0.0,0,0.0,0,0.0,0,0.0,0,0.0,0,0.0,0,0.0,0,0.0,0,0.0,0,0.0,0,0.0
E01003263,0,0,76.143506,0,76.143506,4,11.844883,0,76.731544,0,76.731544,4,12.432921,0,77.826222,0,77.826222,4,13.527599,0,78.824336,0,78.824336,4,14.525713
E01003264,0,0,72.625325,0,72.625325,4,8.3267015,0,72.810588,0,72.810588,4,8.5119645,0,73.155469,0,73.155469,4,8.8568459,0,73.469928,0,73.469928,4,9.1713048
E01003265,1,0,44.998053,0,44.998053,2,12.848742,0,45.809397,0,45.809397,2,13.660086,0,47.319778,0,47.319778,0,47.319778,0,48.696926,0,48.696926,0,48.696926
E01003266,0,0,67.850649,0,67.850649,4,3.5520262,0,68.824868,0,68.824868,4,4.5262453,0,70.638453,0,70.638453,4,6.3398298,0,72.292059,0,72.292059,4,7.9934356
E01003267,0,0,74.887013,0,74.887013,4,10.58839,0,75.779573,0,75.779573,4,11.48095,0,77.441142,0,77.441142,4,13.142519,0,78.956142,4,14.657519,4,14.657519
E01003268,1,0,63.20313,0,63.20313,0,63.20313,0,63.289322,0,63.289322,0,63.289322,0,63.449776,0,63.449776,0,63.449776,0,63.596076,0,63.596076,3,15.372109
E01003269,1,0,60.165657,0,60.165657,3,11.941689,0,60.322943,0,60.322943,3,12.098976,0,60.615744,0,60.615744,3,12.391776,0,60.882716,0,60.882716,3,12.658749
E01003270,0,0,86.195455,5,5.8221756,5,5.8221756,0,85.389184,5,5.0159046,5,5.0159046,0,83.888247,5,3.5149685,5,3.5149685,0,82.519711,5,2.146432,5,2.146432
E01003271,2,0,65.118521,0,65.118521,4,0.81989769,0,63.933425,0,63.933425,3,15.709457,0,61.727276,0,61.727276,3,13.503309,0,59.715735,0,59.715735,3,11.491767
E01003272,2,0,0.0,0,0.0,0,0.0,0,0.0,0,0.0,0,0.0,0,0.0,0,0.0,0,0.0,0,0.0,0,0.0,0,0.0
E01003273,3,0,0.0,0,0.0,0,0.0,0,0.0,0,0.0,0,0.0,0,0.0,0,0.0,0,0.0,0,0.0,0,0.0,0,0.0
E01003274,2,0,0.0,0,0.0,0,0.0,0,0.0,0,0.0,0,0.0,0,0.0,0,0.0,0,0.0,0,0.0,0,0.0,0,0.0
E01003275,0,0,0.0,0,0.0,0,0.0,0,0.0,0,0.0,0,0.0,0,0.0,0,0.0,0,0.0,0,0.0,0,0.0,0,0.0
E01003276,0,0,0.0,0,0.0,0,0.0,0,0.0,0,0.0,0,0.0,0,0.0,0,0.0,0,0.0,0,0.0,0,0.0,0,0.0
E01003277,0,0,0.0,0,0.0,0,0.0,0,0.0,0,0.0,0,0.0,0,0.0,0,0.0,0,0.0,0,0.0,0,0.0,0,0.0
E01003278,0,0,5.7252229,0,5.7252229,0,5.7252229,0,5.2684524,0,5.2684524,0,5.2684524,0,4.4181386,0,4.4181386,0,4.4181386,0,3.6428321,0,3.6428321,0,3.6428321
E01003279,4,0,0.0,0,0.0,0,0.0,0,0.0,0,0.0,0,0.0,0,0.0,0,0.0,0,0.0,0,0.0,0,0.0,0,0.0
E01003280,0,0,68.981494,0,68.981494,4,4.6828704,0,69.446908,0,69.446908,4,5.1482844,0,70.313312,0,70.313312,4,6.0146887,0,71.103289,0,71.103289,4,6.8046664
E01003281,0,0,66.845455,0,66.845455,4,2.5468314,0,66.102771,0,66.102771,4,1.8041484,0,64.720209,0,64.720209,4,0.4215861,0,63.459605,0,63.459605,3,15.235637
E01003282,1,0,56.148505,0,56.148505,0,56.148505,0,55.909884,0,55.909884,0,55.909884,0,55.465672,0,55.465672,0,55.465672,0,55.060645,0,55.060645,0,55.060645
E01003283,5,0,6.2722086,0,6.2722086,0,6.2722086,0,5.7745624,0,5.7745624,0,5.7745624,0,4.8481554,0,4.8481554,0,4.8481554,0,4.003468,0,4.003468,0,4.003468
E01003284,3,0,26.339434,0,26.339434,0,26.339434,0,26.049425,0,26.049425,0,26.049425,0,25.509551,0,25.509551,0,25.509551,0,25.0173,0,25.0173,0,25.0173
E01003285,1,0,57.756623,0,57.756623,3,9.5326561,0,57.469462,0,57.469462,0,57.469462,0,56.934888,0,56.934888,0,56.934888,0,56.44747,0,56.44747,0,56.44747
E01003286,1,0,47.266113,0,47.266113,0,47.266113,0,47.897439,0,47.897439,0,47.897439,0,49.0727,0,49.0727,0,49.0727,0,50.14429,0,50.14429,0,50.14429
E01003287,3,0,36.122134,0,36.122134,0,36.122134,0,34.995707,0,34.995707,0,34.995707,0,32.898775,0,32.898775,0,32.898775,0,30.986817,0,30.986817,0,30.986817
E01003288,1,0,37.516662,0,37.516662,0,37.516662,0,38.160633,0,38.160633,2,6.0113218,0,39.359436,0,39.359436,0,39.359436,0,40.45249,0,40.45249,0,40.45249
E01003290,0,0,51.390584,0,51.390584,0,51.390584,0,52.288938,0,52.288938,0,52.288938,0,53.961292,0,53.961292,0,53.961292,0,55.486125,0,55.486125,0,55.486125
E01003291,2,0,15.062866,0,15.062866,0,15.062866,0,16.146171,0,16.146171,0,16.146171,0,18.162826,0,18.162826,0,18.162826,0,20.00159,0,20.00159,0,20.00159
E01003292,0,0,52.647078,0,52.647078,0,52.647078,0,52.694042,0,52.694042,0,52.694042,0,52.78147,0,52.78147,0,52.78147,0,52.861185,0,52.861185,0,52.861185
E01003293,2,0,13.1264,0,13.1264,0,13.1264,0,13.294912,0,13.294912,0,13.294912,0,13.608611,0,13.608611,0,13.608611,0,13.894639,0,13.894639,0,13.894639
E01003295,3,0,12.286475,0,12.286475,0,12.286475,0,12.677021,0,12.677021,0,12.677021,0,13.404053,0,13.404053,0,13.404053,0,14.066953,0,14.066953,0,14.066953
E01003297,1,0,0.0,0,0.0,0,0.0,0,0.0,0,0.0,0,0.0,0,0.0,0,0.0,0,0.0,0,0.0,0,0.0,0,0.0
E01003298,1,0,0.0,0,0.0,0,0.0,0,0.0,0,0.0,0,0.0,0,0.0,0,0.0,0,0.0,0,0.0,0,0.0,0,0.0
E01003299,0,0,0.0,0,0.0,0,0.0,0,0.0,0,0.0,0,0.0,0,0.0,0,0.0,0,0.0,0,0.0,0,0.0,0,0.0
E01003300,0,0,0.0,0,0.0,0,0.0,0,0.0,0,0.0,0,0.0,0,0.0,0,0.0,0,0.0,0,0.0,0,0.0,0,0.0
E01003301,0,0,0.0,0,0.0,0,0.0,0,0.0,0,0.0,0,0.0,0,0.0,0,0.0,0,0.0,0,0.0,0,0.0,0,0.0
E01003302,0,0,0.0,0,0.0,0,0.0,0,0.0,0,0.0,0,0.0,0,0.0,0,0.0,0,0.0,0,0.0,0,0.0,0,0.0
E01003303,1,0,0.0,0,0.0,0,0.0,0,0.0,0,0.0,0,0.0,0,0.0,0,0.0,0,0.0,0,0.0,0,0.0,0,0.0
E01003304,0,0,0.0,0,0.0,0,0.0,0,0.0,0,0.0,0,0.0,0,0.0,0,0.0,0,0.0,0,0.0,0,0.0,0,0.0
E01003305,2,0,0.0,0,0.0,0,0.0,0,0.0,0,0.0,0,0.0,0,0.0,0,0.0,0,0.0,0,0.0,0,0.0,0,0.0
E01003307,0,0,0.0,0,0.0,0,0.0,0,0.0,0,0.0,0,0.0,0,0.0,0,0.0,0,0.0,0,0.0,0,0.0,0,0.0
E01003308,1,0,0.0,0,0.0,0,0.0,0,0.0,0,0.0,0,0.0,0,0.0,0,0.0,0,0.0,0,0.0,0,0.0,0,0.0
E01003309,1,0,0.0,0,0.0,0,0.0,0,0.0,0,0.0,0,0.0,0,0.0,0,0.0,0,0.0,0,0.0,0,0.0,0,0.0
E01003310,1,0,0.0,0,0.0,0,0.0,0,0.0,0,0.0,0,0.0,0,0.0,0,0.0,0,0.0,0,0.0,0,0.0,0,0.0
E01003311,1,0,57.913309,0,57.913309,0,57.913309,0,56.304139,0,56.304139,0,56.304139,0,53.308545,0,53.308545,0,53.308545,0,50.577195,0,50.577195,3,2.3532281
E01003312,1,0,0.0,0,0.0,0,0.0,0,0.0,0,0.0,0,0.0,0,0.0,0,0.0,0,0.0,0,0.0,0,0.0,0,0.0
E01003313,0,0,0.0,0,0.0,0,0.0,0,0.0,0,0.0,0,0.0,0,0.0,0,0.0,0,0.0,0,0.0,0,0.0,0,0.0
E01003314,2,0,0.0,0,0.0,0,0.0,0,0.0,0,0.0,0,0.0,0,0.0,0,0.0,0,0.0,0,0.0,0,0.0,0,0.0
E01003315,1,0,0.0,0,0.0,0,0.0,0,0.0,0,0.0,0,0.0,0,0.0,0,0.0,0,0.0,0,0.0,0,0.0,0,0.0
E01003316,1,0,0.0,0,0.0,0,0.0,0,0.0,0,0.0,0,0.0,0,0.0,0,0.0,0,0.0,0,0.0,0,0.0,0,0.0
E01003318,0,0,44.982468,0,44.982468,0,44.982468,0,46.589628,0,46.589628,0,46.589628,0,49.581483,0,49.581483,0,49.581483,0,52.309422,0,52.309422,3,4.0854551
E01003319,0,0,47.872403,0,47.872403,0,47.872403,0,48.667212,0,48.667212,0,48.667212,0,50.146811,0,50.146811,0,50.146811,0,51.495892,0,51.495892,0,51.495892
E01003320,1,0,33.995521,0,33.995521,0,33.995521,0,34.64604,0,34.64604,0,34.64604,0,35.857032,0,35.857032,0,35.857032,0,36.9612,0,36.9612,0,36.9612
E01003321,1,0,24.921016,0,24.921016,0,24.921016,0,25.476456,0,25.476456,0,25.476456,0,26.51045,0,26.51045,0,26.51045,0,27.453235,0,27.453235,0,27.453235
E01003322,0,0,50.38539,0,50.38539,0,50.38539,0,50.386086,0,50.386086,0,50.386086,0,50.387383,0,50.387383,0,50.387383,0,50.388565,0,50.388565,0,50.388565
E01003323,0,0,53.652273,0,53.652273,0,53.652273,0,53.794372,0,53.794372,0,53.794372,0,54.058901,0,54.058901,0,54.058901,0,54.300095,0,54.300095,3,6.0761278
E01003324,0,0,39.076948,0,39.076948,0,39.076948,0,38.985972,0,38.985972,0,38.985972,0,38.816613,0,38.816613,0,38.816613,0,38.662193,0,38.662193,0,38.662193
E01003325,0,0,50.38539,0,50.38539,0,50.38539,0,50.951504,0,50.951504,0,50.951504,0,52.00537,0,52.00537,0,52.00537,0,52.966272,0,52.966272,0,52.966272
E01003326,2,0,32.214382,0,32.214382,0,32.214382,0,32.227833,0,32.227833,0,32.227833,0,32.252874,0,32.252874,0,32.252874,0,32.275706,0,32.275706,2,0.12639421
E01003327,0,0,68.101948,0,68.101948,0,68.101948,0,67.737388,0,67.737388,4,3.438765,0,67.058732,0,67.058732,0,67.058732,0,66.43994,0,66.43994,4,2.1413171
E01003328,1,0,0.0,0,0.0,0,0.0,0,0.0,0,0.0,0,0.0,0,0.0,0,0.0,0,0.0,0,0.0,0,0.0,0,0.0
E01003329,0,0,0.0,0,0.0,0,0.0,0,0.0,0,0.0,0,0.0,0,0.0,0,0.0,0,0.0,0,0.0,0,0.0,0,0.0
E01003330,1,0,0.0,0,0.0,0,0.0,0,0.0,0,0.0,0,0.0,0,0.0,0,0.0,0,0.0,0,0.0,0,0.0,0,0.0
E01003331,0,0,0.0,0,0.0,0,0.0,0,0.0,0,0.0,0,0.0,0,0.0,0,0.0,0,0.0,0,0.0,0,0.0,0,0.0
E01003332,2,0,0.0,0,0.0,0,0.0,0,0.0,0,0.0,0,0.0,0,0.0,0,0.0,0,0.0,0,0.0,0,0.0,0,0.0
E01003333,1,0,42.566831,0,42.566831,0,42.566831,0,42.596253,0,42.596253,0,42.596253,0,42.651025,0,42.651025,0,42.651025,0,42.700966,0,42.700966,2,10.551654
E01003334,0,0,0.0,0,0.0,0,0.0,0,0.0,0,0.0,0,0.0,0,0.0,0,0.0,0,0.0,0,0.0,0,0.0,0,0.0
E01003335,0,0,52.772727,0,52.772727,0,52.772727,0,53.726139,0,53.726139,0,53.726139,0,55.50099,0,55.50099,0,55.50099,0,57.119279,0,57.119279,3,8.8953113
E01003336,1,0,0.0,0,0.0,0,0.0,0,0.0,0,0.0,0,0.0,0,0.0,0,0.0,0,0.0,0,0.0,0,0.0,0,0.0
E01003337,2,0,0.0,0,0.0,0,0.0,0,0.0,0,0.0,0,0.0,0,0.0,0,0.0,0,0.0,0,0.0,0,0.0,0,0.0
E01003338,1,0,0.0,0,0.0,0,0.0,0,0.0,0,0.0,0,0.0,0,0.0,0,0.0,0,0.0,0,0.0,0,0.0,0,0.0
E01003339,2,0,0.0,0,0.0,0,0.0,0,0.0,0,0.0,0,0.0,0,0.0,0,0.0,0,0.0,0,0.0,0,0.0,0,0.0
E01003340,2,0,0.0,0,0.0,0,0.0,0,0.0,0,0.0,0,0.0,0,0.0,0,0.0,0,0.0,0,0.0,0,0.0,0,0.0
E01003341,3,0,0.0,0,0.0,0,0.0,0,0.0,0,0.0,0,0.0,0,0.0,0,0.0,0,0.0,0,0.0,0,0.0,0,0.0
E01003342,2,0,0.0,0,0.0,0,0.0,0,0.0,0,0.0,0,0.0,0,0.0,0,0.0,0,0.0,0,0.0,0,0.0,0,0.0
E01003343,0,0,0.0,0,0.0,0,0.0,0,0.0,0,0.0,0,0.0,0,0.0,0,0.0,0,0.0,0,0.0,0,0.0,0,0.0
E01003344,0,0,0.0,0,0.0,0,0.0,0,0.0,0,0.0,0,0.0,0,0.0,0,0.0,0,0.0,0,0.0,0,0.0,0,0.0
E01003345,1,0,0.0,0,0.0,0,0.0,0,0.0,0,0.0,0,0.0,0,0.0,0,0.0,0,0.0,0,0.0,0,0.0,0,0.0
E01003346,1,0,66.982114,0,66.982114,0,66.982114,0,68.142247,0,68.142247,4,3.8436242,0,70.301926,0,70.301926,4,6.0033034,0,72.271097,0,72.271097,0,72.271097
E01003347,0,0,51.516234,0,51.516234,0,51.516234,0,53.366891,0,53.366891,0,53.366891,0,56.812033,0,56.812033,0,56.812033,0,59.953275,0,59.953275,0,59.953275
E01003348,2,0,49.05136,0,49.05136,3,0.82739294,0,50.209339,0,50.209339,3,1.9853718,0,52.365007,0,52.365007,3,4.1410394,0,54.33052,0,54.33052,3,6.1065527
E01003349,0,0,59.180844,0,59.180844,3,10.956877,0,59.868881,0,59.868881,3,11.644914,0,61.149715,0,61.149715,3,12.925748,0,62.317566,0,62.317566,3,14.093598
E01003350,0,0,55.537013,0,55.537013,3,7.3130456,0,56.350687,0,56.350687,3,8.1267201,0,57.865406,0,57.865406,3,9.6414384,0,59.246509,0,59.246509,3,11.022541
E01003351,0,0,70.112338,0,70.112338,4,5.8137145,0,71.69373,0,71.69373,4,7.3951068,0,74.637615,0,74.637615,4,10.338991,0,77.321815,0,77.321815,4,13.023192
E01003352,0,0,85.818506,0,85.818506,5,5.4452276,0,86.96697,5,6.5936914,5,6.5936914,0,89.104925,5,8.7316461,5,8.7316461,0,91.054288,5,10.681009,0,91.054288
E01003353,1,0,75.021123,0,75.021123,0,75.021123,0,75.129054,0,75.129054,0,75.129054,0,75.329975,0,75.329975,4,11.031352,0,75.513172,0,75.513172,0,75.513172
E01003354,1,0,75.196972,0,75.196972,4,10.898349,0,75.509958,0,75.509958,4,11.211335,0,76.092607,0,76.092607,4,11.793983,0,76.623859,0,76.623859,4,12.325235
E01003355,9,0,0.0,0,0.0,0,0.0,0,0.0,0,0.0,0,0.0,0,0.0,0,0.0,0,0.0,0,0.0,0,0.0,0,0.0
E01003356,15,0,0.0,0,0.0,0,0.0,0,0.0,0,0.0,0,0.0,0,0.0,0,0.0,0,0.0,0,0.0,0,0.0,0,0.0
E01003357,6,0,0.0,0,0.0,0,0.0,0,0.0,0,0.0,0,0.0,0,0.0,0,0.0,0,0.0,0,0.0,0,0.0,0,0.0
E01003358,10,0,0.0,0,0.0,0,0.0,0,0.0,0,0.0,0,0.0,0,0.0,0,0.0,0,0.0,0,0.0,0,0.0,0,0.0
E01003359,16,0,0.0,0,0.0,0,0.0,0,0.0,0,0.0,0,0.0,0,0.0,0,0.0,0,0.0,0,0.0,0,0.0,0,0.0
E01003360,13,0,0.0,0,0.0,0,0.0,0,0.0,0,0.0,0,0.0,0,0.0,0,0.0,0,0.0,0,0.0,0,0.0,0,0.0
E01003361,6,0,0.0,0,0.0,0,0.0,0,0.0,0,0.0,0,0.0,0,0.0,0,0.0,0,0.0,0,0.0,0,0.0,0,0.0
E01003362,1,0,0.0,0,0.0,0,0.0,0,0.0,0,0.0,0,0.0,0,0.0,0,0.0,0,0.0,0,0.0,0,0.0,0,0.0
E01003363,6,0,0.0,0,0.0,0,0.0,0,0.0,0,0.0,0,0.0,0,0.0,0,0.0,0,0.0,0,0.0,0,0.0,0,0.0
E01003364,6,0,0.0,0,0.0,0,0.0,0,0.0,0,0.0,0,0.0,0,0.0,0,0.0,0,0.0,0,0.0,0,0.0,0,0.0
E01003365,4,0,0.0,0,0.0,0,0.0,0,0.0,0,0.0,0,0.0,0,0.0,0,0.0,0,0.0,0,0.0,0,0.0,0,0.0
E01003366,3,0,0.0,0,0.0,0,0.0,0,0.0,0,0.0,0,0.0,0,0.0,0,0.0,0,0.0,0,0.0,0,0.0,0,0.0
E01003368,6,0,0.0,0,0.0,0,0.0,0,0.0,0,0.0,0,0.0,0,0.0,0,0.0,0,0.0,0,0.0,0,0.0,0,0.0
E01003369,5,0,0.0,0,0.0,0,0.0,0,0.0,0,0.0,0,0.0,0,0.0,0,0.0,0,0.0,0,0.0,0,0.0,0,0.0
E01003370,5,0,0.0,0,0.0,0,0.0,0,0.0,0,0.0,0,0.0,0,0.0,0,0.0,0,0.0,0,0.0,0,0.0,0,0.0
E01003371,9,0,0.0,0,0.0,0,0.0,0,0.0,0,0.0,0,0.0,0,0.0,0,0.0,0,0.0,0,0.0,0,0.0,0,0.0
E01003372,7,0,0.0,0,0.0,0,0.0,0,0.0,0,0.0,0,0.0,0,0.0,0,0.0,0,0.0,0,0.0,0,0.0,0,0.0
E01003373,2,0,0.0,0,0.0,0,0.0,0,0.0,0,0.0,0,0.0,0,0.0,0,0.0,0,0.0,0,0.0,0,0.0,0,0.0
E01003374,3,0,0.0,0,0.0,0,0.0,0,0.0,0,0.0,0,0.0,0,0.0,0,0.0,0,0.0,0,0.0,0,0.0,0,0.0
E01003375,3,0,0.0,0,0.0,0,0.0,0,0.0,0,0.0,0,0.0,0,0.0,0,0.0,0,0.0,0,0.0,0,0.0,0,0.0
E01003376,1,0,0.0,0,0.0,0,0.0,0,0.0,0,0.0,0,0.0,0,0.0,0,0.0,0,0.0,0,0.0,0,0.0,0,0.0
E01003377,1,0,0.0,0,0.0,0,0.0,0,0.0,0,0.0,0,0.0,0,0.0,0,0.0,0,0.0,0,0.0,0,0.0,0,0.0
E01003378,3,0,0.0,0,0.0,0,0.0,0,0.0,0,0.0,0,0.0,0,0.0,0,0.0,0,0.0,0,0.0,0,0.0,0,0.0
E01003379,2,0,0.0,0,0.0,0,0.0,0,0.0,0,0.0,0,0.0,0,0.0,0,0.0,0,0.0,0,0.0,0,0.0,0,0.0
E01003380,6,0,0.0,0,0.0,0,0.0,0,0.0,0,0.0,0,0.0,0,0.0,0,0.0,0,0.0,0,0.0,0,0.0,0,0.0
E01003381,12,0,0.0,0,0.0,0,0.0,0,0.0,0,0.0,0,0.0,0,0.0,0,0.0,0,0.0,0,0.0,0,0.0,0,0.0
E01003382,4,0,0.0,0,0.0,0,0.0,0,0.0,0,0.0,0,0.0,0,0.0,0,0.0,0,0.0,0,0.0,0,0.0,0,0.0
E01003383,11,0,0.0,0,0.0,0,0.0,0,0.0,0,0.0,0,0.0,0,0.0,0,0.0,0,0.0,0,0.0,0,0.0,0,0.0
E01003384,7,0,0.0,0,0.0,0,0.0,0,0.0,0,0.0,0,0.0,0,0.0,0,0.0,0,0.0,0,0.0,0,0.0,0,0.0
E01003385,10,0,0.0,0,0.0,0,0.0,0,0.0,0,0.0,0,0.0,0,0.0,0,0.0,0,0.0,0,0.0,0,0.0,0,0.0
E01003386,2,0,0.0,0,0.0,0,0.0,0,0.0,0,0.0,0,0.0,0,0.0,0,0.0,0,0.0,0,0.0,0,0.0,0,0.0
E01003387,6,0,0.0,0,0.0,0,0.0,0,0.0,0,0.0,0,0.0,0,0.0,0,0.0,0,0.0,0,0.0,0,0.0,0,0.0
E01003388,6,0,0.0,0,0.0,0,0.0,0,0.0,0,0.0,0,0.0,0,0.0,0,0.0,0,0.0,0,0.0,0,0.0,0,0.0
E01003389,7,0,0.0,0,0.0,0,0.0,0,0.0,0,0.0,0,0.0,0,0.0,0,0.0,0,0.0,0,0.0,0,0.0,0,0.0
E01003390,1,0,0.0,0,0.0,0,0.0,0,0.0,0,0.0,0,0.0,0,0.0,0,0.0,0,0.0,0,0.0,0,0.0,0,0.0
E01003391,1,0,0.0,0,0.0,0,0.0,0,0.0,0,0.0,0,0.0,0,0.0,0,0.0,0,0.0,0,0.0,0,0.0,0,0.0
E01003392,8,0,0.0,0,0.0,0,0.0,0,0.0,0,0.0,0,0.0,0,0.0,0,0.0,0,0.0,0,0.0,0,0.0,0,0.0
E01003393,7,0,0.0,0,0.0,0,0.0,0,0.0,0,0.0,0,0.0,0,0.0,0,0.0,0,0.0,0,0.0,0,0.0,0,0.0
E01003394,10,0,0.0,0,0.0,0,0.0,0,0.0,0,0.0,0,0.0,0,0.0,0,0.0,0,0.0,0,0.0,0,0.0,0,0.0
E01003395,8,0,0.0,0,0.0,0,0.0,0,0.0,0,0.0,0,0.0,0,0.0,0,0.0,0,0.0,0,0.0,0,0.0,0,0.0
E01003396,9,0,0.0,0,0.0,0,0.0,0,0.0,0,0.0,0,0.0,0,0.0,0,0.0,0,0.0,0,0.0,0,0.0,0,0.0
E01003397,13,0,0.0,0,0.0,0,0.0,0,0.0,0,0.0,0,0.0,0,0.0,0,0.0,0,0.0,0,0.0,0,0.0,0,0.0
E01003398,9,0,0.0,0,0.0,0,0.0,0,0.0,0,0.0,0,0.0,0,0.0,0,0.0,0,0.0,0,0.0,0,0.0,0,0.0
E01003399,14,0,0.0,0,0.0,0,0.0,0,0.0,0,0.0,0,0.0,0,0.0,0,0.0,0,0.0,0,0.0,0,0.0,0,0.0
E01003400,6,0,0.0,0,0.0,0,0.0,0,0.0,0,0.0,0,0.0,0,0.0,0,0.0,0,0.0,0,0.0,0,0.0,0,0.0
E01003401,6,0,0.0,0,0.0,0,0.0,0,0.0,0,0.0,0,0.0,0,0.0,0,0.0,0,0.0,0,0.0,0,0.0,0,0.0
E01003402,7,0,0.0,0,0.0,0,0.0,0,0.0,0,0.0,0,0.0,0,0.0,0,0.0,0,0.0,0,0.0,0,0.0,0,0.0
E01003403,12,0,0.0,0,0.0,0,0.0,0,0.0,0,0.0,0,0.0,0,0.0,0,0.0,0,0.0,0,0.0,0,0.0,0,0.0
E01003404,6,0,0.0,0,0.0,0,0.0,0,0.0,0,0.0,0,0.0,0,0.0,0,0.0,0,0.0,0,0.0,0,0.0,0,0.0
E01003405,5,0,0.0,0,0.0,0,0.0,0,0.0,0,0.0,0,0.0,0,0.0,0,0.0,0,0.0,0,0.0,0,0.0,0,0.0
E01003406,3,0,0.0,0,0.0,0,0.0,0,0.0,0,0.0,0,0.0,0,0.0,0,0.0,0,0.0,0,0.0,0,0.0,0,0.0
E01003407,2,0,0.0,0,0.0,0,0.0,0,0.0,0,0.0,0,0.0,0,0.0,0,0.0,0,0.0,0,0.0,0,0.0,0,0.0
E01003408,5,0,0.0,0,0.0,0,0.0,0,0.0,0,0.0,0,0.0,0,0.0,0,0.0,0,0.0,0,0.0,0,0.0,0,0.0
E01003409,3,0,0.0,0,0.0,0,0.0,0,0.0,0,0.0,0,0.0,0,0.0,0,0.0,0,0.0,0,0.0,0,0.0,0,0.0
E01003410,4,0,0.0,0,0.0,0,0.0,0,0.0,0,0.0,0,0.0,0,0.0,0,0.0,0,0.0,0,0.0,0,0.0,0,0.0
E01003411,6,0,0.0,0,0.0,0,0.0,0,0.0,0,0.0,0,0.0,0,0.0,0,0.0,0,0.0,0,0.0,0,0.0,0,0.0
E01003412,4,0,0.0,0,0.0,0,0.0,0,0.0,0,0.0,0,0.0,0,0.0,0,0.0,0,0.0,0,0.0,0,0.0,0,0.0
E01003413,4,0,0.0,0,0.0,0,0.0,0,0.0,0,0.0,0,0.0,0,0.0,0,0.0,0,0.0,0,0.0,0,0.0,0,0.0
E01003414,5,0,0.0,0,0.0,0,0.0,0,0.0,0,0.0,0,0.0,0,0.0,0,0.0,0,0.0,0,0.0,0,0.0,0,0.0
E01003415,9,0,0.0,0,0.0,0,0.0,0,0.0,0,0.0,0,0.0,0,0.0,0,0.0,0,0.0,0,0.0,0,0.0,0,0.0
E01003416,6,0,0.0,0,0.0,0,0.0,0,0.0,0,0.0,0,0.0,0,0.0,0,0.0,0,0.0,0,0.0,0,0.0,0,0.0
E01003417,3,0,0.0,0,0.0,0,0.0,0,0.0,0,0.0,0,0.0,0,0.0,0,0.0,0,0.0,0,0.0,0,0.0,0,0.0
E01003418,4,0,0.0,0,0.0,0,0.0,0,0.0,0,0.0,0,0.0,0,0.0,0,0.0,0,0.0,0,0.0,0,0.0,0,0.0
E01003419,1,0,0.0,0,0.0,0,0.0,0,0.0,0,0.0,0,0.0,0,0.0,0,0.0,0,0.0,0,0.0,0,0.0,0,0.0
E01003420,4,0,0.0,0,0.0,0,0.0,0,0.0,0,0.0,0,0.0,0,0.0,0,0.0,0,0.0,0,0.0,0,0.0,0,0.0
E01003421,3,0,0.0,0,0.0,0,0.0,0,0.0,0,0.0,0,0.0,0,0.0,0,0.0,0,0.0,0,0.0,0,0.0,0,0.0
E01003422,2,0,0.0,0,0.0,0,0.0,0,0.0,0,0.0,0,0.0,0,0.0,0,0.0,0,0.0,0,0.0,0,0.0,0,0.0
E01003423,9,0,0.0,0,0.0,0,0.0,0,0.0,0,0.0,0,0.0,0,0.0,0,0.0,0,0.0,0,0.0,0,0.0,0,0.0
E01003424,7,0,0.0,0,0.0,0,0.0,0,0.0,0,0.0,0,0.0,0,0.0,0,0.0,0,0.0,0,0.0,0,0.0,0,0.0
E01003425,3,0,0.0,0,0.0,0,0.0,0,0.0,0,0.0,0,0.0,0,0.0,0,0.0,0,0.0,0,0.0,0,0.0,0,0.0
E01003426,4,0,0.0,0,0.0,0,0.0,0,0.0,0,0.0,0,0.0,0,0.0,0,0.0,0,0.0,0,0.0,0,0.0,0,0.0
E01003427,10,0,0.0,0,0.0,0,0.0,0,0.0,0,0.0,0,0.0,0,0.0,0,0.0,0,0.0,0,0.0,0,0.0,0,0.0
E01003428,1,0,0.0,0,0.0,0,0.0,0,0.0,0,0.0,0,0.0,0,0.0,0,0.0,0,0.0,0,0.0,0,0.0,0,0.0
E01003429,2,0,0.0,0,0.0,0,0.0,0,0.0,0,0.0,0,0.0,0,0.0,0,0.0,0,0.0,0,0.0,0,0.0,0,0.0
E01003430,0,0,0.0,0,0.0,0,0.0,0,0.0,0,0.0,0,0.0,0,0.0,0,0.0,0,0.0,0,0.0,0,0.0,0,0.0
E01003431,1,0,0.0,0,0.0,0,0.0,0,0.0,0,0.0,0,0.0,0,0.0,0,0.0,0,0.0,0,0.0,0,0.0,0,0.0
E01003432,4,0,0.0,0,0.0,0,0.0,0,0.0,0,0.0,0,0.0,0,0.0,0,0.0,0,0.0,0,0.0,0,0.0,0,0.0
E01003433,5,0,0.0,0,0.0,0,0.0,0,0.0,0,0.0,0,0.0,0,0.0,0,0.0,0,0.0,0,0.0,0,0.0,0,0.0
E01003434,10,0,0.0,0,0.0,0,0.0,0,0.0,0,0.0,0,0.0,0,0.0,0,0.0,0,0.0,0,0.0,0,0.0,0,0.0
E01003435,2,0,0.0,0,0.0,0,0.0,0,0.0,0,0.0,0,0.0,0,0.0,0,0.0,0,0.0,0,0.0,0,0.0,0,0.0
E01003436,6,0,0.0,0,0.0,0,0.0,0,0.0,0,0.0,0,0.0,0,0.0,0,0.0,0,0.0,0,0.0,0,0.0,0,0.0
E01003437,8,0,0.0,0,0.0,0,0.0,0,0.0,0,0.0,0,0.0,0,0.0,0,0.0,0,0.0,0,0.0,0,0.0,0,0.0
E01003438,4,0,0.0,0,0.0,0,0.0,0,0.0,0,0.0,0,0.0,0,0.0,0,0.0,0,0.0,0,0.0,0,0.0,0,0.0
E01003439,4,0,0.0,0,0.0,0,0.0,0,0.0,0,0.0,0,0.0,0,0.0,0,0.0,0,0.0,0,0.0,0,0.0,0,0.0
E01003440,1,0,0.0,0,0.0,0,0.0,0,0.0,0,0.0,0,0.0,0,0.0,0,0.0,0,0.0,0,0.0,0,0.0,0,0.0
E01003441,4,0,0.0,0,0.0,0,0.0,0,0.0,0,0.0,0,0.0,0,0.0,0,0.0,0,0.0,0,0.0,0,0.0,0,0.0
E01003442,6,0,0.0,0,0.0,0,0.0,0,0.0,0,0.0,0,0.0,0,0.0,0,0.0,0,0.0,0,0.0,0,0.0,0,0.0
E01003443,12,0,0.0,0,0.0,0,0.0,0,0.0,0,0.0,0,0.0,0,0.0,0,0.0,0,0.0,0,0.0,0,0.0,0,0.0
E01003444,8,0,0.0,0,0.0,0,0.0,0,0.0,0,0.0,0,0.0,0,0.0,0,0.0,0,0.0,0,0.0,0,0.0,0,0.0
E01003445,10,0,0.0,0,0.0,0,0.0,0,0.0,0,0.0,0,0.0,0,0.0,0,0.0,0,0.0,0,0.0,0,0.0,0,0.0
E01003446,7,0,0.0,0,0.0,0,0.0,0,0.0,0,0.0,0,0.0,0,0.0,0,0.0,0,0.0,0,0.0,0,0.0,0,0.0
E01003447,2,0,0.0,0,0.0,0,0.0,0,0.0,0,0.0,0,0.0,0,0.0,0,0.0,0,0.0,0,0.0,0,0.0,0,0.0
E01003448,3,0,0.0,0,0.0,0,0.0,0,0.0,0,0.0,0,0.0,0,0.0,0,0.0,0,0.0,0,0.0,0,0.0,0,0.0
E01003449,13,0,0.0,0,0.0,0,0.0,0,0.0,0,0.0,0,0.0,0,0.0,0,0.0,0,0.0,0,0.0,0,0.0,0,0.0
E01003450,4,0,0.0,0,0.0,0,0.0,0,0.0,0,0.0,0,0.0,0,0.0,0,0.0,0,0.0,0,0.0,0,0.0,0,0.0
E01003451,3,0,0.0,0,0.0,0,0.0,0,0.0,0,0.0,0,0.0,0,0.0,0,0.0,0,0.0,0,0.0,0,0.0,0,0.0
E01003452,8,0,0.0,0,0.0,0,0.0,0,0.0,0,0.0,0,0.0,0,0.0,0,0.0,0,0.0,0,0.0,0,0.0,0,0.0
E01003453,5,0,0.0,0,0.0,0,0.0,0,0.0,0,0.0,0,0.0,0,0.0,0,0.0,0,0.0,0,0.0,0,0.0,0,0.0
E01003454,7,0,0.0,0,0.0,0,0.0,0,0.0,0,0.0,0,0.0,0,0.0,0,0.0,0,0.0,0,0.0,0,0.0,0,0.0
E01003455,10,0,0.0,0,0.0,0,0.0,0,0.0,0,0.0,0,0.0,0,0.0,0,0.0,0,0.0,0,0.0,0,0.0,0,0.0
E01003456,9,0,0.0,0,0.0,0,0.0,0,0.0,0,0.0,0,0.0,0,0.0,0,0.0,0,0.0,0,0.0,0,0.0,0,0.0
E01003457,12,0,0.0,0,0.0,0,0.0,0,0.0,0,0.0,0,0.0,0,0.0,0,0.0,0,0.0,0,0.0,0,0.0,0,0.0
E01003458,5,0,0.0,0,0.0,0,0.0,0,0.0,0,0.0,0,0.0,0,0.0,0,0.0,0,0.0,0,0.0,0,0.0,0,0.0
E01003459,5,0,0.0,0,0.0,0,0.0,0,0.0,0,0.0,0,0.0,0,0.0,0,0.0,0,0.0,0,0.0,0,0.0,0,0.0
E01003460,10,0,0.0,0,0.0,0,0.0,0,0.0,0,0.0,0,0.0,0,0.0,0,0.0,0,0.0,0,0.0,0,0.0,0,0.0
E01003461,3,0,0.0,0,0.0,0,0.0,0,0.0,0,0.0,0,0.0,0,0.0,0,0.0,0,0.0,0,0.0,0,0.0,0,0.0
E01003462,6,0,0.0,0,0.0,0,0.0,0,0.0,0,0.0,0,0.0,0,0.0,0,0.0,0,0.0,0,0.0,0,0.0,0,0.0
E01003463,1,0,0.0,0,0.0,0,0.0,0,0.0,0,0.0,0,0.0,0,0.0,0,0.0,0,0.0,0,0.0,0,0.0,0,0.0
E01003464,3,0,0.0,0,0.0,0,0.0,0,0.0,0,0.0,0,0.0,0,0.0,0,0.0,0,0.0,0,0.0,0,0.0,0,0.0
E01003465,3,0,0.0,0,0.0,0,0.0,0,0.0,0,0.0,0,0.0,0,0.0,0,0.0,0,0.0,0,0.0,0,0.0,0,0.0
E01003466,5,0,0.0,0,0.0,0,0.0,0,0.0,0,0.0,0,0.0,0,0.0,0,0.0,0,0.0,0,0.0,0,0.0,0,0.0
E01003467,2,0,0.0,0,0.0,0,0.0,0,0.0,0,0.0,0,0.0,0,0.0,0,0.0,0,0.0,0,0.0,0,0.0,0,0.0
E01003468,7,0,0.0,0,0.0,0,0.0,0,0.0,0,0.0,0,0.0,0,0.0,0,0.0,0,0.0,0,0.0,0,0.0,0,0.0
E01003469,3,0,0.0,0,0.0,0,0.0,0,0.0,0,0.0,0,0.0,0,0.0,0,0.0,0,0.0,0,0.0,0,0.0,0,0.0
E01003470,6,0,0.0,0,0.0,0,0.0,0,0.0,0,0.0,0,0.0,0,0.0,0,0.0,0,0.0,0,0.0,0,0.0,0,0.0
E01003471,3,0,0.0,0,0.0,0,0.0,0,0.0,0,0.0,0,0.0,0,0.0,0,0.0,0,0.0,0,0.0,0,0.0,0,0.0
E01003472,8,0,0.0,0,0.0,0,0.0,0,0.0,0,0.0,0,0.0,0,0.0,0,0.0,0,0.0,0,0.0,0,0.0,0,0.0
E01003473,14,0,0.0,0,0.0,0,0.0,0,0.0,0,0.0,0,0.0,0,0.0,0,0.0,0,0.0,0,0.0,0,0.0,0,0.0
E01003474,9,0,0.0,0,0.0,0,0.0,0,0.0,0,0.0,0,0.0,0,0.0,0,0.0,0,0.0,0,0.0,0,0.0,0,0.0
E01003476,8,0,0.0,0,0.0,0,0.0,0,0.0,0,0.0,0,0.0,0,0.0,0,0.0,0,0.0,0,0.0,0,0.0,0,0.0
E01003477,10,0,0.0,0,0.0,0,0.0,0,0.0,0,0.0,0,0.0,0,0.0,0,0.0,0,0.0,0,0.0,0,0.0,0,0.0
E01003478,14,0,0.0,0,0.0,0,0.0,0,0.0,0,0.0,0,0.0,0,0.0,0,0.0,0,0.0,0,0.0,0,0.0,0,0.0
E01003479,0,0,53.526623,0,53.526623,3,5.302656,0,54.30562,0,54.30562,3,6.081653,0,55.755784,0,55.755784,3,7.5318165,0,57.078026,0,57.078026,3,8.8540591
E01003480,0,0,61.065584,0,61.065584,3,12.841617,0,61.53122,0,61.53122,3,13.307253,0,62.398037,0,62.398037,3,14.17407,0,63.188391,0,63.188391,3,14.964423
E01003481,0,0,45.359416,0,45.359416,2,13.210104,0,45.882338,0,45.882338,2,13.733027,0,46.8558,0,46.8558,2,14.706488,0,47.74339,0,47.74339,0,47.74339
E01003483,0,0,59.306494,0,59.306494,3,11.082526,0,60.464755,0,60.464755,3,12.240788,0,62.620949,0,62.620949,3,14.396982,0,64.586943,0,64.586943,4,0.28831955
E01003484,0,0,59.683442,0,59.683442,3,11.459474,0,60.109418,0,60.109418,3,11.885451,0,60.902407,0,60.902407,3,12.678439,0,61.625445,0,61.625445,3,13.401477
E01003485,1,0,39.336708,0,39.336708,2,7.1873963,0,39.759229,0,39.759229,2,7.6099175,0,40.545785,0,40.545785,2,8.3964735,0,41.262958,0,41.262958,2,9.1136464
E01003486,1,0,25.185025,0,25.185025,1,9.1103695,0,26.490077,0,26.490077,1,10.415421,0,28.919531,0,28.919531,1,12.844876,0,31.134681,0,31.134681,0,31.134681
E01003487,0,0,42.092532,0,42.092532,2,9.9432209,0,43.19391,0,43.19391,2,11.044599,0,45.24421,0,45.24421,2,13.094899,0,47.113651,0,47.113651,0,47.113651
E01003488,1,0,36.823721,0,36.823721,0,36.823721,0,38.063307,0,38.063307,0,38.063307,0,40.370894,0,40.370894,0,40.370894,0,42.474925,0,42.474925,0,42.474925
E01003489,0,0,59.93474,0,59.93474,3,11.710773,0,60.824543,0,60.824543,3,12.600576,0,62.48098,0,62.48098,3,14.257013,0,63.9913,0,63.9913,3,15.767333
E01003490,0,0,47.369805,0,47.369805,0,47.369805,0,48.475216,0,48.475216,0,48.475216,0,50.533025,0,50.533025,0,50.533025,0,52.409311,0,52.409311,0,52.409311
E01003491,0,0,38.951299,0,38.951299,0,38.951299,0,39.590392,0,39.590392,0,39.590392,0,40.780114,0,40.780114,2,8.6308021,0,41.864888,0,41.864888,2,9.7155769
E01003492,1,0,40.593201,0,40.593201,0,40.593201,0,41.346028,0,41.346028,0,41.346028,0,42.747472,0,42.747472,0,42.747472,0,44.025294,0,44.025294,0,44.025294
E01003494,3,0,13.689883,0,13.689883,0,13.689883,0,14.488235,0,14.488235,0,14.488235,0,15.97443,0,15.97443,0,15.97443,0,17.329526,0,17.329526,0,17.329526
E01003495,3,0,27.102984,0,27.102984,0,27.102984,0,28.133096,0,28.133096,0,28.133096,0,30.05073,0,30.05073,0,30.05073,0,31.799207,0,31.799207,0,31.799207
E01003496,0,0,0.0,0,0.0,0,0.0,0,0.0,0,0.0,0,0.0,0,0.0,0,0.0,0,0.0,0,0.0,0,0.0,0,0.0
E01003497,2,0,0.0,0,0.0,0,0.0,0,0.0,0,0.0,0,0.0,0,0.0,0,0.0,0,0.0,0,0.0,0,0.0,0,0.0
E01003498,2,0,0.0,0,0.0,0,0.0,0,0.0,0,0.0,0,0.0,0,0.0,0,0.0,0,0.0,0,0.0,0,0.0,0,0.0
E01003499,2,0,0.0,0,0.0,0,0.0,0,0.0,0,0.0,0,0.0,0,0.0,0,0.0,0,0.0,0,0.0,0,0.0,0,0.0
E01003500,0,0,0.0,0,0.0,0,0.0,0,0.0,0,0.0,0,0.0,0,0.0,0,0.0,0,0.0,0,0.0,0,0.0,0,0.0
E01003501,1,0,0.0,0,0.0,0,0.0,0,0.0,0,0.0,0,0.0,0,0.0,0,0.0,0,0.0,0,0.0,0,0.0,0,0.0
E01003502,2,0,0.0,0,0.0,0,0.0,0,0.0,0,0.0,0,0.0,0,0.0,0,0.0,0,0.0,0,0.0,0,0.0,0,0.0
E01003503,1,0,0.0,0,0.0,0,0.0,0,0.0,0,0.0,0,0.0,0,0.0,0,0.0,0,0.0,0,0.0,0,0.0,0,0.0
E01003506,0,0,0.0,0,0.0,0,0.0,0,0.0,0,0.0,0,0.0,0,0.0,0,0.0,0,0.0,0,0.0,0,0.0,0,0.0
E01003507,2,0,0.0,0,0.0,0,0.0,0,0.76797363,0,0.76797363,0,0.76797363,0,5.6196848,0,5.6196848,0,5.6196848,0,12.264611,0,12.264611,0,12.264611
E01003508,2,0,0.0,0,0.0,0,0.0,0,0.0,0,0.0,0,0.0,0,0.0,0,0.0,0,0.0,0,0.0,0,0.0,0,0.0
E01003509,0,0,0.0,0,0.0,0,0.0,0,0.0,0,0.0,0,0.0,0,0.0,0,0.0,0,0.0,0,0.0,0,0.0,0,0.0
E01003511,2,0,0.0,0,0.0,0,0.0,0,0.0,0,0.0,0,0.0,0,0.0,0,0.0,0,0.0,0,0.0,0,0.0,0,0.0
E01003512,2,0,25.044565,0,25.044565,0,25.044565,0,26.206215,0,26.206215,0,26.206215,0,28.368718,0,28.368718,0,28.368718,0,30.340464,0,30.340464,0,30.340464
E01003513,0,0,56.416558,0,56.416558,3,8.1925911,0,57.011901,0,57.011901,3,8.7879332,0,58.120176,0,58.120176,3,9.8962089,0,59.130689,0,59.130689,3,10.906722
E01003514,1,0,34.687682,0,34.687682,2,2.5383703,0,35.545332,0,35.545332,2,3.3960204,0,37.141914,0,37.141914,2,4.9926028,0,38.59766,0,38.59766,2,6.4483484
E01003515,0,0,51.264935,0,51.264935,0,51.264935,0,52.446234,0,52.446234,0,52.446234,0,54.645315,0,54.645315,0,54.645315,0,56.650412,0,56.650412,3,8.4264442
E01003516,1,0,40.467552,0,40.467552,2,8.3182404,0,41.549757,0,41.549757,2,9.4004455,0,43.564366,0,43.564366,2,11.415054,0,45.401263,0,45.401263,2,13.251952
E01003517,2,0,0.0,0,0.0,0,0.0,0,0.0,0,0.0,0,0.0,0,0.0,0,0.0,0,0.0,0,0.0,0,0.0,0,0.0
E01003518,0,0,60.562987,0,60.562987,3,12.33902,0,61.007061,0,61.007061,3,12.783093,0,61.833739,0,61.833739,3,13.609771,0,62.587494,0,62.587494,3,14.363527
E01003519,0,0,49.757143,0,49.757143,0,49.757143,0,50.219091,0,50.219091,0,50.219091,0,51.079043,0,51.079043,0,51.079043,0,51.863138,0,51.863138,0,51.863138
E01003520,2,0,13.374407,0,13.374407,0,13.374407,0,14.316797,0,14.316797,0,14.316797,0,16.071129,0,16.071129,0,16.071129,1,1.5960535,0,17.670709,0,17.670709
E01003521,0,0,44.102922,0,44.102922,0,44.102922,0,45.089062,0,45.089062,0,45.089062,0,46.924837,0,46.924837,0,46.924837,0,48.598676,0,48.598676,0,48.598676
E01003522,2,0,7.1789352,0,7.1789352,0,7.1789352,0,8.2693869,0,8.2693869,0,8.2693869,0,10.299347,0,10.299347,0,10.299347,0,12.150242,0,12.150242,0,12.150242
E01003523,2,0,28.162377,0,28.162377,0,28.162377,0,29.210793,0,29.210793,0,29.210793,0,31.162503,0,31.162503,0,31.162503,0,32.942049,0,32.942049,0,32.942049
E01003524,0,0,42.972078,0,42.972078,0,42.972078,0,44.075503,0,44.075503,0,44.075503,0,46.129615,0,46.129615,0,46.129615,0,48.002531,0,48.002531,0,48.002531
E01003525,1,0,30.541253,0,30.541253,0,30.541253,0,31.651816,0,31.651816,0,31.651816,0,33.719214,0,33.719214,0,33.719214,0,35.604244,0,35.604244,0,35.604244
E01003526,2,0,19.007348,0,19.007348,0,19.007348,0,19.627055,0,19.627055,0,19.627055,0,20.780689,0,20.780689,0,20.780689,0,21.832559,0,21.832559,0,21.832559
E01003527,2,0,30.901163,0,30.901163,0,30.901163,0,31.375781,0,31.375781,0,31.375781,0,32.25932,0,32.25932,0,32.25932,0,33.064921,0,33.064921,0,33.064921
E01003528,0,0,37.317857,0,37.317857,0,37.317857,0,38.323435,0,38.323435,0,38.323435,0,40.195395,0,40.195395,0,40.195395,0,41.902228,0,41.902228,0,41.902228
E01003529,3,0,18.311143,0,18.311143,0,18.311143,0,19.045725,0,19.045725,0,19.045725,0,20.413207,0,20.413207,0,20.413207,0,21.660061,0,21.660061,0,21.660061
E01003530,3,0,1.7074558,0,1.7074558,0,1.7074558,0,2.1028087,0,2.1028087,0,2.1028087,0,2.8387887,0,2.8387887,0,2.8387887,0,3.509847,0,3.509847,0,3.509847
E01003531,2,0,22.139938,0,22.139938,0,22.139938,0,22.511522,0,22.511522,0,22.511522,0,23.203255,0,23.203255,0,23.203255,0,23.833968,0,23.833968,0,23.833968
E01003532,3,0,10.794448,0,10.794448,0,10.794448,0,11.054424,0,11.054424,0,11.054424,0,11.538388,0,11.538388,0,11.538388,0,11.979661,0,11.979661,0,11.979661
E01003533,0,0,59.180844,0,59.180844,3,10.956877,0,59.42421,0,59.42421,3,11.200243,0,59.877255,0,59.877255,3,11.653288,0,60.290336,0,60.290336,3,12.066369
E01003534,2,0,24.518546,0,24.518546,0,24.518546,0,25.575507,0,25.575507,0,25.575507,0,27.543123,0,27.543123,0,27.543123,0,29.337172,0,29.337172,0,29.337172
E01003535,0,0,50.887987,0,50.887987,0,50.887987,0,52.651521,0,52.651521,0,52.651521,0,55.934476,0,55.934476,0,55.934476,0,58.927838,0,58.927838,0,58.927838
E01003536,2,0,29.54452,0,29.54452,0,29.54452,0,30.604922,0,30.604922,0,30.604922,0,32.578944,0,32.578944,0,32.578944,0,34.378835,0,34.378835,0,34.378835
E01003537,1,0,54.64971,0,54.64971,0,54.64971,0,56.189696,0,56.189696,0,56.189696,0,59.056499,0,59.056499,0,59.056499,0,61.670417,0,61.670417,0,61.670417
E01003538,3,0,7.9646483,0,7.9646483,0,7.9646483,0,8.9523582,0,8.9523582,0,8.9523582,0,10.791057,0,10.791057,0,10.791057,0,12.467562,0,12.467562,0,12.467562
E01003539,2,0,43.213264,0,43.213264,0,43.213264,0,44.265925,0,44.265925,0,44.265925,0,46.225536,0,46.225536,0,46.225536,0,48.012288,0,48.012288,0,48.012288
E01003540,1,0,40.328735,0,40.328735,0,40.328735,0,41.545881,0,41.545881,0,41.545881,0,43.811694,0,43.811694,0,43.811694,0,45.877635,0,45.877635,0,45.877635
E01003541,1,0,50.016903,0,50.016903,3,1.7929353,0,51.19159,0,51.19159,3,2.9676225,0,53.378361,0,53.378361,3,5.154394,0,55.372235,0,55.372235,3,7.1482674
E01003542,3,0,12.087721,0,12.087721,0,12.087721,0,13.501026,0,13.501026,0,13.501026,0,16.132003,0,16.132003,0,16.132003,0,18.530899,0,18.530899,0,18.530899
E01003543,5,0,0.0,0,0.0,0,0.0,0,0.0,0,0.0,0,0.0,0,0.0,0,0.0,0,0.0,0,0.0,0,0.0,0,0.0
E01003544,2,0,0.0,0,0.0,0,0.0,0,0.0,0,0.0,0,0.0,0,0.0,0,0.0,0,0.0,0,0.0,0,0.0,0,0.0
E01003545,3,0,0.0,0,0.0,0,0.0,0,0.0,0,0.0,0,0.0,0,0.0,0,0.0,0,0.0,0,0.0,0,0.0,0,0.0
E01003546,0,0,0.0,0,0.0,0,0.0,0,0.0,0,0.0,0,0.0,0,0.0,0,0.0,0,0.0,0,0.0,0,0.0,0,0.0
E01003547,4,0,0.0,0,0.0,0,0.0,0,0.0,0,0.0,0,0.0,0,0.0,0,0.0,0,0.0,0,0.0,0,0.0,0,0.0
E01003548,3,0,0.0,0,0.0,0,0.0,0,0.0,0,0.0,0,0.0,0,0.0,0,0.0,0,0.0,0,0.0,0,0.0,0,0.0
E01003549,1,0,0.0,0,0.0,0,0.0,0,0.0,0,0.0,0,0.0,0,0.0,0,0.0,0,0.0,0,0.0,0,0.0,0,0.0
E01003550,0,0,0.0,0,0.0,0,0.0,0,0.0,0,0.0,0,0.0,0,0.0,0,0.0,0,0.0,0,0.0,0,0.0,0,0.0
E01003551,1,0,0.0,0,0.0,0,0.0,0,0.0,0,0.0,0,0.0,0,0.0,0,0.0,0,0.0,0,0.0,0,0.0,0,0.0
E01003552,1,0,0.0,0,0.0,0,0.0,0,0.0,0,0.0,0,0.0,0,0.0,0,0.0,0,0.0,0,0.0,0,0.0,0,0.0
E01003553,1,0,0.0,0,0.0,0,0.0,0,0.0,0,0.0,0,0.0,0,0.0,0,0.0,0,0.0,0,0.0,0,0.0,0,0.0
E01003554,1,0,0.0,0,0.0,0,0.0,0,0.0,0,0.0,0,0.0,0,0.0,0,0.0,0,0.0,0,0.0,0,0.0,0,0.0
E01003555,1,0,0.0,0,0.0,0,0.0,0,0.0,0,0.0,0,0.0,0,0.0,0,0.0,0,0.0,0,0.0,0,0.0,0,0.0
E01003556,1,0,0.0,0,0.0,0,0.0,0,0.0,0,0.0,0,0.0,0,0.0,0,0.0,0,0.0,0,0.0,0,0.0,0,0.0
E01003557,1,0,0.0,0,0.0,0,0.0,0,0.0,0,0.0,0,0.0,0,0.0,0,0.0,0,0.0,0,0.0,0,0.0,0,0.0
E01003558,0,0,0.0,0,0.0,0,0.0,0,0.0,0,0.0,0,0.0,0,0.0,0,0.0,0,0.0,0,0.0,0,0.0,0,0.0
E01003559,2,0,0.0,0,0.0,0,0.0,0,0.0,0,0.0,0,0.0,0,0.0,0,0.0,0,0.0,0,0.0,0,0.0,0,0.0
E01003560,1,0,0.0,0,0.0,0,0.0,0,0.0,0,0.0,0,0.0,0,0.0,0,0.0,0,0.0,0,0.0,0,0.0,0,0.0
E01003561,1,0,0.0,0,0.0,0,0.0,0,0.0,0,0.0,0,0.0,0,0.0,0,0.0,0,0.0,0,0.0,0,0.0,0,0.0
E01003562,3,0,0.0,0,0.0,0,0.0,0,0.0,0,0.0,0,0.0,0,0.0,0,0.0,0,0.0,0,0.0,0,0.0,0,0.0
E01003563,1,0,47.126968,0,47.126968,0,47.126968,0,47.56572,0,47.56572,0,47.56572,0,48.382491,0,48.382491,0,48.382491,0,49.127214,0,49.127214,0,49.127214
E01003564,0,0,54.783117,0,54.783117,3,6.5591495,0,55.665933,0,55.665933,3,7.4419658,0,57.309364,0,57.309364,3,9.085397,0,58.807826,0,58.807826,3,10.583859
E01003565,0,0,43.725974,0,43.725974,0,43.725974,0,44.443408,0,44.443408,2,12.294096,0,45.778966,0,45.778966,0,45.778966,0,46.996714,0,46.996714,2,14.847402
E01003566,2,0,7.5558832,0,7.5558832,0,7.5558832,0,8.6877824,0,8.6877824,0,8.6877824,0,10.794901,0,10.794901,0,10.794901,0,12.716147,0,12.716147,0,12.716147
E01003567,2,0,0.0,0,0.0,0,0.0,0,0.0,0,0.0,0,0.0,0,0.0,0,0.0,0,0.0,0,0.0,0,0.0,0,0.0
E01003568,2,0,32.057507,0,32.057507,0,32.057507,0,32.277683,0,32.277683,0,32.277683,0,32.687558,0,32.687558,0,32.687558,0,33.061278,0,33.061278,0,33.061278
E01003569,1,0,32.425994,0,32.425994,0,32.425994,0,33.008794,0,33.008794,0,33.008794,0,34.093721,0,34.093721,0,34.093721,0,35.082946,0,35.082946,0,35.082946
E01003570,0,0,0.0,0,0.0,0,0.0,0,0.0,0,0.0,0,0.0,0,0.0,0,0.0,0,0.0,0,0.0,0,0.0,0,0.0
E01003571,1,0,0.0,0,0.0,0,0.0,0,0.0,0,0.0,0,0.0,0,0.0,0,0.0,0,0.0,0,0.0,0,0.0,0,0.0
E01003572,0,0,0.0,0,0.0,0,0.0,0,0.0,0,0.0,0,0.0,0,0.0,0,0.0,0,0.0,0,0.0,0,0.0,0,0.0
E01003573,1,0,4.3374011,0,4.3374011,0,4.3374011,0,6.9180173,0,6.9180173,0,6.9180173,0,18.322303,0,18.322303,0,18.322303,0,28.209505,0,28.209505,0,28.209505
E01003574,1,0,0.0,0,0.0,0,0.0,0,0.0,0,0.0,0,0.0,0,0.0,0,0.0,0,0.0,0,0.0,0,0.0,0,0.0
E01003575,1,0,30.415604,0,30.415604,0,30.415604,0,31.808978,0,31.808978,0,31.808978,0,34.402851,0,34.402851,0,34.402851,0,36.767916,0,36.767916,0,36.767916
E01003576,2,0,6.9575809,0,6.9575809,0,6.9575809,0,8.4845632,0,8.4845632,0,8.4845632,0,11.327159,0,11.327159,0,11.327159,0,13.919006,0,13.919006,0,13.919006
E01003577,1,0,0.0,0,0.0,0,0.0,0,0.0,0,0.0,0,0.0,0,0.0,0,0.0,0,0.0,0,0.0,0,0.0,0,0.0
E01003578,2,0,0.0,0,0.0,0,0.0,0,0.0,0,0.0,0,0.0,0,0.0,0,0.0,0,0.0,0,0.0,0,0.0,0,0.0
E01003579,1,0,32.551643,0,32.551643,0,32.551643,0,33.515554,0,33.515554,0,33.515554,0,35.309951,0,35.309951,2,3.160639,0,36.946061,0,36.946061,0,36.946061
E01003580,2,0,24.977689,0,24.977689,0,24.977689,0,26.734456,0,26.734456,0,26.734456,0,30.004815,0,30.004815,0,30.004815,0,32.98669,0,32.98669,0,32.98669
E01003581,2,0,17.937495,0,17.937495,0,17.937495,0,19.199173,0,19.199173,0,19.199173,0,21.547884,0,21.547884,0,21.547884,0,23.689412,0,23.689412,0,23.689412
E01003582,0,0,40.961688,0,40.961688,0,40.961688,0,42.273303,0,42.273303,0,42.273303,0,44.714975,0,44.714975,0,44.714975,0,46.941263,0,46.941263,0,46.941263
E01003583,3,0,7.9427367,0,7.9427367,0,7.9427367,0,8.9684273,0,8.9684273,0,8.9684273,0,10.87783,0,10.87783,0,10.87783,0,12.618802,0,12.618802,0,12.618802
E01003584,3,0,0.0,0,0.0,0,0.0,0,0.0,0,0.0,0,0.0,0,0.0,0,0.0,0,0.0,0,0.0,0,0.0,0,0.0
E01003585,0,0,34.953282,0,34.953282,0,34.953282,0,46.271307,0,46.271307,0,46.271307,0,47.734959,0,47.734959,0,47.734959,0,49.0695,0,49.0695,0,49.0695
E01003586,0,0,0.0,0,0.0,0,0.0,0,0.0,0,0.0,0,0.0,0,0.0,0,0.0,0,0.0,0,0.0,0,0.0,0,0.0
E01003587,0,0,0.0,0,0.0,0,0.0,0,0.0,0,0.0,0,0.0,0,0.0,0,0.0,0,0.0,0,0.0,0,0.0,0,0.0
E01003588,1,0,0.0,0,0.0,0,0.0,0,0.0,0,0.0,0,0.0,0,1.0597809,0,1.0597809,0,1.0597809,0,13.734554,0,13.734554,0,13.734554
E01003589,0,0,46.741558,0,46.741558,0,46.741558,0,47.814064,0,47.814064,0,47.814064,0,49.810618,0,49.810618,0,49.810618,0,51.631052,0,51.631052,0,51.631052
E01003590,0,0,0.0,0,0.0,0,0.0,0,0.0,0,0.0,0,0.0,0,0.0,0,0.0,0,0.0,0,0.0,0,0.0,0,0.0
E01003591,3,0,0.0,0,0.0,0,0.0,0,0.0,0,0.0,0,0.0,0,0.0,0,0.0,0,0.0,0,0.0,0,0.0,0,0.0
E01003592,2,0,15.346143,0,15.346143,0,15.346143,0,16.208849,0,16.208849,0,16.208849,0,17.814842,0,17.814842,0,17.814842,0,19.279168,0,19.279168,0,19.279168
E01003593,1,0,22.099425,0,22.099425,0,22.099425,0,24.223885,0,24.223885,0,24.223885,0,25.328443,0,25.328443,0,25.328443,0,26.335567,0,26.335567,0,26.335567
E01003594,2,0,0.0,0,0.0,0,0.0,0,2.9304004,0,2.9304004,0,2.9304004,0,11.695687,0,11.695687,0,11.695687,0,17.466585,0,17.466585,0,17.466585
E01003595,1,0,27.525669,0,27.525669,0,27.525669,0,28.075112,0,28.075112,0,28.075112,0,29.097944,0,29.097944,0,29.097944,0,30.030551,0,30.030551,0,30.030551
E01003596,1,0,0.0,0,0.0,0,0.0,0,0.0,0,0.0,0,0.0,0,0.0,0,0.0,0,0.0,0,0.0,0,0.0,0,0.0
E01003597,2,0,24.421068,0,24.421068,0,24.421068,0,26.158482,0,26.158482,0,26.158482,0,26.170574,0,26.170574,0,26.170574,0,26.181598,0,26.181598,0,26.181598
E01003598,1,0,0.0,0,0.0,0,0.0,0,0.55251411,0,0.55251411,0,0.55251411,0,4.8033021,0,4.8033021,0,4.8033021,0,9.238404,0,9.238404,0,9.238404
E01003599,1,0,22.876643,0,22.876643,0,22.876643,0,23.641167,0,23.641167,0,23.641167,0,25.064387,0,25.064387,0,25.064387,0,26.362063,0,26.362063,0,26.362063
E01003600,2,0,7.3078412,0,7.3078412,0,7.3078412,0,8.2132032,0,8.2132032,0,8.2132032,0,9.8986049,0,9.8986049,0,9.8986049,0,11.435335,0,11.435335,0,11.435335
E01003601,3,0,13.595513,0,13.595513,0,13.595513,0,15.086378,0,15.086378,0,15.086378,0,17.861739,0,17.861739,0,17.861739,0,20.392281,0,20.392281,0,20.392281
E01003602,2,0,14.829508,0,14.829508,0,14.829508,0,16.351262,0,16.351262,0,16.351262,0,19.184126,0,19.184126,0,19.184126,0,21.740218,0,21.740218,0,21.740218
E01003603,3,0,17.328173,0,17.328173,0,17.328173,0,18.256596,0,18.256596,0,18.256596,0,19.984928,0,19.984928,0,19.984928,0,21.560801,0,21.560801,0,21.560801
E01003604,1,0,42.72924,0,42.72924,0,42.72924,0,44.003926,0,44.003926,0,44.003926,0,46.376852,0,46.376852,0,46.376852,0,48.540459,0,48.540459,0,48.540459
E01003605,3,0,1.9101236,0,1.9101236,0,1.9101236,0,3.0360119,0,3.0360119,0,3.0360119,0,5.1319406,0,5.1319406,0,5.1319406,0,7.0429845,0,7.0429845,0,7.0429845
E01003607,4,0,0.0,0,0.0,0,0.0,0,0.0,0,0.0,0,0.0,0,0.0,0,0.0,0,0.0,0,0.0,0,0.0,0,0.0
E01003608,2,0,27.388838,0,27.388838,0,27.388838,0,27.883495,0,27.883495,0,27.883495,0,28.804338,0,28.804338,0,28.804338,0,29.643952,0,29.643952,0,29.643952
E01003611,2,0,17.230883,0,17.230883,0,17.230883,0,18.436213,0,18.436213,0,18.436213,0,20.680027,0,20.680027,0,20.680027,0,22.725912,0,22.725912,0,22.725912
E01003615,2,0,0.0,0,0.0,0,0.0,0,0.0,0,0.0,0,0.0,0,0.0,0,0.0,0,0.0,0,0.0,0,0.0,0,0.0
E01003616,1,0,0.0,0,0.0,0,0.0,0,0.0,0,0.0,0,0.0,0,0.0,0,0.0,0,0.0,0,0.0,0,0.0,0,0.0
E01003618,2,0,0.0,0,0.0,0,0.0,0,0.0,0,0.0,0,0.0,0,0.0,0,0.0,0,0.0,0,0.0,0,0.0,0,0.0
E01003619,1,0,0.0,0,0.0,0,0.0,0,0.0,0,0.0,0,0.0,0,0.0,0,0.0,0,0.0,0,0.0,0,0.0,0,0.0
E01003621,1,0,30.829487,0,30.829487,0,30.829487,0,31.855377,0,31.855377,0,31.855377,0,33.76515,0,33.76515,0,33.76515,0,35.50646,0,35.50646,0,35.50646
E01003622,1,0,28.530864,0,28.530864,0,28.530864,0,29.545652,0,29.545652,0,29.545652,0,31.434759,0,31.434759,0,31.434759,0,33.157226,0,33.157226,0,33.157226
E01003623,1,0,29.661708,0,29.661708,0,29.661708,0,30.590648,0,30.590648,0,30.590648,0,32.319941,0,32.319941,0,32.319941,0,33.896692,0,33.896692,0,33.896692
E01003624,0,0,47.369805,0,47.369805,0,47.369805,0,48.239473,0,48.239473,3,0.0155059,0,49.858428,0,49.858428,0,49.858428,0,51.334572,0,51.334572,0,51.334572
E01003625,0,0,47.244156,0,47.244156,0,47.244156,0,48.272872,0,48.272872,0,48.272872,0,50.187908,0,50.187908,0,50.187908,0,51.934016,0,51.934016,0,51.934016
E01003626,2,0,13.173492,0,13.173492,0,13.173492,0,13.678302,0,13.678302,0,13.678302,0,14.618045,0,14.618045,0,14.618045,0,15.474892,0,15.474892,0,15.474892
E01003627,1,0,27.148721,0,27.148721,0,27.148721,0,27.971789,0,27.971789,0,27.971789,0,29.503993,0,29.503993,0,29.503993,0,30.90104,0,30.90104,0,30.90104
E01003628,1,0,32.300344,0,32.300344,0,32.300344,0,33.188467,0,33.188467,0,33.188467,0,34.841776,0,34.841776,0,34.841776,0,36.349244,0,36.349244,0,36.349244
E01003629,2,0,7.9328313,0,7.9328313,0,7.9328313,0,8.6061239,0,8.6061239,0,8.6061239,0,9.8595105,0,9.8595105,0,9.8595105,0,11.002334,0,11.002334,0,11.002334
E01003630,0,0,0.0,0,0.0,0,0.0,0,0.0,0,0.0,0,0.0,0,0.0,0,0.0,0,0.0,0,0.0,0,0.0,0,0.0
E01003631,0,0,0.0,0,0.0,0,0.0,0,0.0,0,0.0,0,0.0,0,0.0,0,0.0,0,0.0,0,0.0,0,0.0,0,0.0
E01003632,1,0,0.0,0,0.0,0,0.0,0,3.6871548,0,3.6871548,0,3.6871548,0,12.73394,0,12.73394,0,12.73394,0,18.695211,0,18.695211,0,18.695211
E01003633,1,0,0.0,0,0.0,0,0.0,0,0.0,0,0.0,0,0.0,0,0.0,0,0.0,0,0.0,0,0.0,0,0.0,0,0.0
E01003634,1,0,0.0,0,0.0,0,0.0,0,0.0,0,0.0,0,0.0,0,0.0,0,0.0,0,0.0,0,0.0,0,0.0,0,0.0
E01003635,6,0,0.0,0,0.0,0,0.0,0,0.0,0,0.0,0,0.0,0,0.0,0,0.0,0,0.0,0,0.0,0,0.0,0,0.0
E01003636,0,0,0.0,0,0.0,0,0.0,0,0.0,0,0.0,0,0.0,0,0.0,0,0.0,0,0.0,0,0.0,0,0.0,0,0.0
E01003637,1,0,0.0,0,0.0,0,0.0,0,0.0,0,0.0,0,0.0,0,0.0,0,0.0,0,0.0,0,0.0,0,0.0,0,0.0
E01003638,6,0,0.0,0,0.0,0,0.0,0,0.0,0,0.0,0,0.0,0,0.0,0,0.0,0,0.0,0,0.0,0,0.0,0,0.0
E01003639,1,0,80.785022,5,0.41174322,5,0.41174322,0,81.098267,5,0.72498848,5,0.72498848,0,81.681398,5,1.3081189,5,1.3081189,0,82.213089,0,82.213089,5,1.8398105
E01003640,1,0,83.816578,0,83.816578,5,3.4432991,0,83.457301,0,83.457301,5,3.0840218,0,82.788478,0,82.788478,5,2.4151992,0,82.178653,0,82.178653,5,1.8053744
E01003641,1,0,74.141578,0,74.141578,0,74.141578,0,73.720261,0,73.720261,4,9.4216379,0,72.935947,0,72.935947,4,8.6373235,0,72.220818,0,72.220818,4,7.9221946
E01003642,1,0,64.842356,0,64.842356,0,64.842356,0,65.135627,0,65.135627,4,0.83700341,0,65.681572,0,65.681572,4,1.3829492,0,66.179359,0,66.179359,4,1.8807363
E01003643,1,0,88.088656,0,88.088656,5,7.715377,0,87.805493,0,87.805493,5,7.432214,0,87.278363,0,87.278363,5,6.9050841,0,86.797732,0,86.797732,5,6.424453
E01003644,0,0,77.4,4,13.101377,4,13.101377,0,77.106511,4,12.807888,4,12.807888,0,76.560158,0,76.560158,4,12.261535,0,76.062,0,76.062,4,11.763377
E01003645,1,0,82.685734,0,82.685734,5,2.3124549,0,83.255693,0,83.255693,5,2.8824136,0,84.316715,0,84.316715,5,3.943436,0,85.284143,0,85.284143,5,4.9108642
E01003646,7,0,0.0,0,0.0,0,0.0,0,0.0,0,0.0,0,0.0,0,0.0,0,0.0,0,0.0,0,0.0,0,0.0,0,0.0
E01003647,0,0,82.928571,0,82.928571,5,2.5552925,0,82.573658,0,82.573658,5,2.2003786,0,81.912958,0,81.912958,5,1.5396788,0,81.310539,0,81.310539,5,0.93726022
E01003648,0,0,87.326299,5,6.9530198,0,87.326299,0,86.228243,5,5.854964,5,5.854964,0,84.184127,5,3.8108479,5,3.8108479,0,82.320325,0,82.320325,5,1.9470461
E01003649,1,0,75.523721,4,11.225098,0,75.523721,0,74.890368,4,10.591745,4,10.591745,0,73.711333,4,9.4127103,4,9.4127103,0,72.636303,0,72.636303,4,8.3376797
E01003650,3,0,23.095458,1,7.0208025,1,7.0208025,0,23.270131,1,7.1954749,1,7.1954749,0,23.595297,1,7.5206412,1,7.5206412,0,23.89178,0,23.89178,1,7.8171242
E01003651,0,0,19.049202,1,2.9745461,0,19.049202,0,18.448787,1,2.3741307,1,2.3741307,0,17.331067,1,1.2564109,1,1.2564109,0,16.311942,0,16.311942,1,0.23728669
E01003652,0,0,79.912987,4,15.614364,0,79.912987,0,79.142088,4,14.843465,4,14.843465,0,77.707,4,13.408377,4,13.408377,0,76.398503,0,76.398503,4,12.099879
E01003653,0,0,68.855844,0,68.855844,0,68.855844,0,69.152434,0,69.152434,4,4.8538111,0,69.70456,0,69.70456,4,5.4059366,0,70.207981,0,70.207981,0,70.207981
E01003654,1,0,0.0,0,0.0,0,0.0,0,0.0,0,0.0,0,0.0,0,0.0,0,0.0,0,0.0,0,0.0,0,0.0,0,0.0
E01003655,0,0,0.0,0,0.0,0,0.0,0,0.0,0,0.0,0,0.0,0,0.0,0,0.0,0,0.0,0,0.0,0,0.0,0,0.0
E01003656,4,0,0.0,0,0.0,0,0.0,0,0.0,0,0.0,0,0.0,0,0.0,0,0.0,0,0.0,0,0.0,0,0.0,0,0.0
E01003657,3,0,0.0,0,0.0,0,0.0,0,0.0,0,0.0,0,0.0,0,0.0,0,0.0,0,0.0,0,0.0,0,0.0,0,0.0
E01003658,2,0,0.0,0,0.0,0,0.0,0,0.0,0,0.0,0,0.0,0,0.0,0,0.0,0,0.0,0,0.0,0,0.0,0,0.0
E01003659,1,0,0.0,0,0.0,0,0.0,0,0.0,0,0.0,0,0.0,0,0.0,0,0.0,0,0.0,0,0.0,0,0.0,0,0.0
E01003660,0,0,0.0,0,0.0,0,0.0,0,0.0,0,0.0,0,0.0,0,0.0,0,0.0,0,0.0,0,0.0,0,0.0,0,0.0
E01003661,0,0,102.02727,6,5.579338,6,5.579338,6,6.3573136,6,6.3573136,6,6.3573136,6,7.8055755,6,7.8055755,6,7.8055755,6,9.1260843,6,9.1260843,6,9.1260843
E01003662,0,0,81.169481,5,0.7962016,5,0.7962016,5,1.6131486,5,1.6131486,5,1.6131486,5,3.1339589,5,3.1339589,5,3.1339589,5,4.5206165,5,4.5206165,5,4.5206165
E01003663,1,0,81.680539,5,1.3072601,5,1.3072601,0,81.252632,5,0.87935282,5,0.87935282,0,80.456049,5,0.082770138,5,0.082770138,0,79.729734,4,15.431111,4,15.431111
E01003664,0,0,95.242208,5,14.868929,5,14.868929,0,95.522341,5,15.149062,5,15.149062,0,96.043829,0,96.043829,5,15.670551,0,96.519317,6,0.071382366,6,0.071382366
E01003665,0,0,87.075,5,6.7017211,5,6.7017211,0,86.770316,0,86.770316,5,6.3970367,0,86.203122,5,5.8298429,5,5.8298429,5,5.3126822,5,5.3126822,5,5.3126822
E01003666,2,0,81.186403,5,0.8131238,5,0.8131238,5,2.1197063,5,2.1197063,5,2.1197063,5,4.5520112,5,4.5520112,5,4.5520112,5,6.7697592,5,6.7697592,5,6.7697592
E01003668,7,0,0.0,0,0.0,0,0.0,0,0.0,0,0.0,0,0.0,0,0.0,0,0.0,0,0.0,0,0.0,0,0.0,0,0.0
E01003669,7,0,0.0,0,0.0,0,0.0,0,0.0,0,0.0,0,0.0,0,0.0,0,0.0,0,0.0,0,0.0,0,0.0,0,0.0
E01003670,4,0,0.0,0,0.0,0,0.0,0,0.0,0,0.0,0,0.0,0,0.0,0,0.0,0,0.0,0,0.0,0,0.0,0,0.0
E01003671,5,0,0.0,0,0.0,0,0.0,0,0.0,0,0.0,0,0.0,0,0.0,0,0.0,0,0.0,0,0.0,0,0.0,0,0.0
E01003672,1,0,0.0,0,0.0,0,0.0,0,0.0,0,0.0,0,0.0,0,0.0,0,0.0,0,0.0,0,0.0,0,0.0,0,0.0
E01003673,3,0,0.0,0,0.0,0,0.0,0,0.0,0,0.0,0,0.0,0,0.0,0,0.0,0,0.0,0,0.0,0,0.0,0,0.0
E01003674,6,0,0.0,0,0.0,0,0.0,0,0.0,0,0.0,0,0.0,0,0.0,0,0.0,0,0.0,0,0.0,0,0.0,0,0.0
E01003675,0,0,0.0,0,0.0,0,0.0,0,0.0,0,0.0,0,0.0,0,0.0,0,0.0,0,0.0,0,0.0,0,0.0,0,0.0
E01003676,0,0,0.0,0,0.0,0,0.0,0,0.0,0,0.0,0,0.0,0,0.0,0,0.0,0,0.0,0,0.0,0,0.0,0,0.0
E01003677,1,0,0.0,0,0.0,0,0.0,0,0.0,0,0.0,0,0.0,0,0.0,0,0.0,0,0.0,0,0.0,0,0.0,0,0.0
E01003678,0,0,0.0,0,0.0,0,0.0,0,0.0,0,0.0,0,0.0,0,0.0,0,0.0,0,0.0,0,0.0,0,0.0,0,0.0
E01003679,0,0,0.0,0,0.0,0,0.0,0,0.0,0,0.0,0,0.0,0,0.0,0,0.0,0,0.0,0,0.0,0,0.0,0,0.0
E01003680,0,0,76.038581,4,11.739958,0,76.038581,0,72.033166,0,72.033166,4,7.7345433,0,64.576776,4,0.27815296,4,0.27815296,0,57.778124,0,57.778124,4,0.0
E01003681,1,0,0.0,0,0.0,0,0.0,0,0.0,0,0.0,0,0.0,0,0.0,0,0.0,0,0.0,0,0.0,0,0.0,0,0.0
E01003682,0,0,0.0,0,0.0,0,0.0,0,0.0,0,0.0,0,0.0,0,0.0,0,0.0,0,0.0,0,0.0,0,0.0,0,0.0
E01003683,3,0,0.95998095,0,0.95998095,0,0.95998095,0,3.8910708,0,3.8910708,0,3.8910708,0,9.3475224,0,9.3475224,0,9.3475224,0,14.322653,0,14.322653,0,14.322653
E01003684,2,0,36.580883,0,36.580883,0,36.580883,0,37.963431,0,37.963431,2,5.8141199,0,40.537152,0,40.537152,2,8.3878409,0,42.883842,0,42.883842,0,42.883842
E01003685,4,0,0.0,0,0.0,0,0.0,0,0.0,0,0.0,0,0.0,0,2.4997243,0,2.4997243,0,2.4997243,0,4.9312663,0,4.9312663,0,4.9312663
E01003686,1,0,58.435409,0,58.435409,0,58.435409,0,59.250768,0,59.250768,3,11.026801,0,60.768623,0,60.768623,3,12.544655,0,62.152585,0,62.152585,0,62.152585
E01003688,1,0,47.001318,0,47.001318,0,47.001318,0,48.011617,0,48.011617,0,48.011617,0,49.892366,0,49.892366,0,49.892366,0,51.607212,0,51.607212,0,51.607212
E01003689,0,0,53.652273,0,53.652273,0,53.652273,0,54.558749,0,54.558749,0,54.558749,0,56.246226,0,56.246226,0,56.246226,0,57.784849,0,57.784849,0,57.784849
E01003690,1,0,59.314955,0,59.314955,0,59.314955,0,59.28657,0,59.28657,0,59.28657,0,59.233731,0,59.233731,0,59.233731,0,59.185553,0,59.185553,0,59.185553
E01003691,1,0,0.0,0,0.0,0,0.0,0,0.0,0,0.0,0,0.0,0,0.0,0,0.0,0,0.0,0,0.0,0,0.0,0,0.0
E01003692,5,0,0.0,0,0.0,0,0.0,0,0.0,0,0.0,0,0.0,0,0.0,0,0.0,0,0.0,0,0.0,0,0.0,0,0.0
E01003693,0,0,0.0,0,0.0,0,0.0,0,0.0,0,0.0,0,0.0,0,0.0,0,0.0,0,0.0,0,0.0,0,0.0,0,0.0
E01003694,3,0,0.0,0,0.0,0,0.0,0,0.0,0,0.0,0,0.0,0,9.7628251,0,9.7628251,0,9.7628251,0,9.7545616,0,9.7545616,0,9.7545616
E01003695,3,0,14.093141,0,14.093141,0,14.093141,0,14.68994,0,14.68994,0,14.68994,0,15.800927,0,15.800927,0,15.800927,0,16.813912,0,16.813912,0,16.813912
E01003696,0,0,13.729624,0,13.729624,0,13.729624,0,13.738317,0,13.738317,0,13.738317,0,13.754499,0,13.754499,0,13.754499,0,13.769254,0,13.769254,0,13.769254
E01003697,1,0,0.0,0,0.0,0,0.0,0,0.0,0,0.0,0,0.0,0,0.0,0,0.0,0,0.0,0,0.0,0,0.0,0,0.0
E01003698,1,0,73.76463,4,9.4660068,0,73.76463,0,72.976874,0,72.976874,4,8.6782513,0,71.510406,4,7.2117832,4,7.2117832,0,70.173297,0,70.173297,4,5.8746742
E01003699,0,0,82.049026,5,1.6757471,0,82.049026,0,81.44167,0,81.44167,5,1.0683908,0,80.311029,0,80.311029,4,16.012406,0,79.280123,0,79.280123,4,14.9815
E01003700,1,0,115.85716,7,3.3345719,0,115.85716,0,115.52426,0,115.52426,7,3.0016697,0,114.90454,7,2.3819464,7,2.3819464,0,114.33948,0,114.33948,7,1.8168898
E01003701,1,0,71.75424,4,7.4556172,0,71.75424,0,71.575475,0,71.575475,4,7.2768518,0,71.242689,0,71.242689,4,6.944066,0,70.939259,0,70.939259,4,6.6406358
E01003702,3,0,65.287627,4,0.98900399,0,65.287627,0,64.934745,0,64.934745,4,0.63612166,0,64.277827,0,64.277827,3,16.05386,0,63.678857,0,63.678857,3,15.454889
E01003703,1,0,0.0,0,0.0,0,0.0,0,0.0,0,0.0,0,0.0,0,0.0,0,0.0,0,0.0,0,0.0,0,0.0,0,0.0
E01003704,1,0,74.518526,4,10.219903,0,74.518526,0,75.147433,0,75.147433,4,10.84881,0,76.318193,0,76.318193,4,12.01957,0,77.385678,0,77.385678,4,13.087055
E01003705,0,0,118.48734,7,5.9647472,0,118.48734,0,118.11899,0,118.11899,7,5.5963964,0,117.43327,7,4.9106827,0,117.43327,0,116.80805,0,116.80805,7,4.2854568
E01003706,1,0,71.628591,4,7.3299678,0,71.628591,0,72.391484,0,72.391484,4,8.0928604,0,73.811667,4,9.5130443,4,9.5130443,0,75.106575,0,75.106575,4,4.2874529
E01003707,0,0,0.0,0,0.0,0,0.0,0,0.0,0,0.0,0,0.0,0,0.0,0,0.0,0,0.0,0,0.0,0,0.0,0,0.0
E01003708,3,0,0.0,0,0.0,0,0.0,0,0.0,0,0.0,0,0.0,0,0.0,0,0.0,0,0.0,0,0.0,0,0.0,0,0.0
E01003709,0,0,0.0,0,0.0,0,0.0,0,0.0,0,0.0,0,0.0,0,0.0,0,0.0,0,0.0,0,0.0,0,0.0,0,0.0
E01003710,0,0,0.0,0,0.0,0,0.0,0,0.0,0,0.0,0,0.0,0,0.0,0,0.0,0,0.0,0,0.0,0,0.0,0,0.0
E01003711,1,0,81.653849,0,81.653849,0,81.653849,0,81.531226,0,81.531226,5,1.157947,0,81.302954,0,81.302954,0,81.302954,0,81.094817,0,81.094817,5,0.72153849
E01003712,0,0,55.788312,0,55.788312,0,55.788312,0,57.182721,0,57.182721,3,8.958754,0,59.778523,0,59.778523,0,59.778523,0,62.145346,0,62.145346,3,13.921379
E01003713,0,0,74.007468,0,74.007468,4,9.7088444,0,74.355135,0,74.355135,4,10.056512,0,75.002344,0,75.002344,4,10.703721,0,75.592463,0,75.592463,4,11.293839
E01003714,11,0,0.0,0,0.0,0,0.0,0,0.0,0,0.0,0,0.0,0,0.0,0,0.0,0,0.0,0,0.0,0,0.0,0,0.0
E01003715,2,0,0.0,0,0.0,0,0.0,0,0.0,0,0.0,0,0.0,0,0.0,0,0.0,0,0.0,0,0.0,0,0.0,0,0.0
E01003716,2,0,53.794844,3,5.5708769,3,5.5708769,0,54.416637,3,6.1926697,3,6.1926697,0,55.574153,3,7.3501854,3,7.3501854,0,56.629562,3,8.405595,3,8.405595
E01003718,2,0,38.842572,0,38.842572,2,6.69326,0,39.570939,0,39.570939,2,7.4216274,0,40.926852,0,40.926852,2,8.77754,0,42.163157,0,42.163157,0,42.163157
E01003719,5,0,20.201886,0,20.201886,1,4.12723,0,21.331916,0,21.331916,1,5.2572606,0,23.435556,0,23.435556,1,7.3609005,0,25.353631,0,25.353631,1,9.2789755
E01003720,3,0,43.504282,0,43.504282,2,11.354971,0,44.696029,0,44.696029,2,12.546718,0,46.914559,0,46.914559,2,14.765247,0,48.937389,0,48.937389,3,0.71342135
E01003721,0,0,81.797727,0,81.797727,0,81.797727,0,82.086208,0,82.086208,5,1.7129289,0,82.623237,5,2.2499579,0,82.623237,0,83.112894,0,83.112894,5,2.7396148
E01003722,2,0,85.473252,0,85.473252,0,85.473252,0,85.853645,0,85.853645,5,5.4803656,0,86.561775,0,86.561775,5,6.1884961,0,87.20744,0,87.20744,5,6.8341614
E01003723,1,0,85.428169,0,85.428169,5,5.0548897,0,86.013954,0,86.013954,5,5.6406753,0,87.10444,0,87.10444,5,6.7311608,0,88.098732,0,88.098732,5,7.7254531
E01003724,1,0,70.749046,0,70.749046,0,70.749046,0,70.368989,0,70.368989,4,6.0703659,0,69.661484,0,69.661484,0,69.661484,0,69.01639,0,69.01639,4,4.7177665
E01003725,0,0,90.97013,0,90.97013,0,90.97013,0,91.432991,0,91.432991,5,11.059712,0,92.294643,0,92.294643,0,92.294643,0,93.080288,0,93.080288,5,12.707009
E01003726,5,0,58.920835,0,58.920835,3,10.696867,0,59.534424,3,11.310456,3,11.310456,0,60.676667,3,12.4527,3,12.4527,0,61.718151,0,61.718151,3,13.494184
E01003727,0,0,85.567208,0,85.567208,5,5.1939289,0,86.528614,0,86.528614,5,6.1553349,0,88.318346,0,88.318346,5,7.9450669,0,89.950203,0,89.950203,5,9.5769242
E01003729,0,0,1.5903526,0,1.5903526,0,1.5903526,0,6.3042023,0,6.3042023,0,6.3042023,0,15.0794,0,15.0794,0,15.0794,0,23.080525,0,23.080525,0,23.080525
E01003730,1,0,26.71527,0,26.71527,0,26.71527,0,30.148917,0,30.148917,0,30.148917,0,34.041194,0,34.041194,0,34.041194,0,37.437805,0,37.437805,0,37.437805
E01003731,4,0,0.0,0,0.0,0,0.0,0,0.0,0,0.0,0,0.0,0,0.0,0,0.0,0,0.0,0,0.0,0,0.0,0,0.0
E01003732,1,0,35.06463,0,35.06463,0,35.06463,0,37.211141,0,37.211141,0,37.211141,0,41.207037,0,41.207037,0,41.207037,0,44.850451,0,44.850451,0,44.850451
E01003733,0,0,57.798701,0,57.798701,0,57.798701,0,58.854195,0,58.854195,0,58.854195,0,60.819078,0,60.819078,0,60.819078,0,62.610636,0,62.610636,0,62.610636
E01003734,1,0,39.964955,0,39.964955,0,39.964955,0,41.387519,0,41.387519,0,41.387519,0,44.035733,0,44.035733,0,44.035733,0,46.450345,0,46.450345,0,46.450345
E01003735,1,0,40.467552,0,40.467552,0,40.467552,0,42.576006,0,42.576006,0,42.576006,0,46.501056,0,46.501056,2,14.351745,0,50.079873,0,50.079873,0,50.079873
E01003736,0,0,58.05,0,58.05,0,58.05,0,58.804194,0,58.804194,0,58.804194,0,60.208185,0,60.208185,0,60.208185,0,61.488328,0,61.488328,0,61.488328
E01003737,0,8,1.0728836,8,1.0728836,8,1.0728836,7,15.94726,0,128.46985,7,15.94726,7,13.712847,7,13.712847,7,13.712847,7,11.675535,7,11.675535,7,11.675535
E01003738,1,0,97.135409,0,97.135409,6,0.68747445,0,96.805559,6,0.3576239,6,0.3576239,0,96.191516,0,96.191516,0,96.191516,0,95.631639,0,95.631639,0,95.631639
E01003739,2,0,73.019195,0,73.019195,4,8.7205718,0,74.293197,0,74.293197,4,9.9945742,0,76.664852,0,76.664852,4,12.366229,0,78.827299,0,78.827299,4,14.528676
E01003740,4,0,33.456572,0,33.456572,0,33.456572,0,33.39115,0,33.39115,2,1.2418381,0,33.269361,0,33.269361,2,1.1200498,0,33.158316,0,33.158316,0,33.158316
E01003741,0,5,8.83776,5,8.83776,5,8.83776,5,9.0392162,5,9.0392162,5,9.0392162,5,9.4142424,5,9.4142424,5,9.4142424,0,90.129466,5,9.7561871,5,9.7561871
E01003742,2,0,24.14034,0,24.14034,1,8.0656844,0,27.044365,0,27.044365,1,10.969709,0,32.450432,0,32.450432,2,0.30112087,0,37.379623,0,37.379623,0,37.379623
E01003743,6,0,0.0,0,0.0,0,0.0,0,0.0,0,0.0,0,0.0,0,0.0,0,0.0,0,0.0,0,0.0,0,0.0,0,0.0
E01003744,1,0,0.0,0,0.0,0,0.0,0,0.0,0,0.0,0,0.0,0,0.0,0,0.0,0,0.0,0,0.0,0,0.0,0,0.0
E01003745,0,0,0.0,0,0.0,0,0.0,0,0.0,0,0.0,0,0.0,0,0.0,0,0.0,0,0.0,0,0.0,0,0.0,0,0.0
E01003746,0,0,0.0,0,0.0,0,0.0,0,0.0,0,0.0,0,0.0,0,0.0,0,0.0,0,0.0,0,0.0,0,0.0,0,0.0
E01003747,1,0,0.0,0,0.0,0,0.0,0,0.0,0,0.0,0,0.0,0,0.0,0,0.0,0,0.0,0,0.0,0,0.0,0,0.0
E01003748,0,0,0.0,0,0.0,0,0.0,0,0.0,0,0.0,0,0.0,0,0.0,0,0.0,0,0.0,0,0.0,0,0.0,0,0.0
E01003749,0,0,0.0,0,0.0,0,0.0,0,0.0,0,0.0,0,0.0,0,0.0,0,0.0,0,0.0,0,0.0,0,0.0,0,0.0
E01003750,10,0,0.0,0,0.0,0,0.0,0,0.0,0,0.0,0,0.0,0,0.0,0,0.0,0,0.0,0,0.0,0,0.0,0,0.0
E01003751,2,0,59.700364,0,59.700364,3,11.476396,0,60.391771,0,60.391771,3,12.167803,0,61.678878,0,61.678878,3,13.454911,0,62.852448,0,62.852448,3,14.628481
E01003752,1,0,100.77924,0,100.77924,6,4.3313056,0,99.651982,6,3.2040477,6,3.2040477,0,97.553504,0,97.553504,6,1.1055695,0,95.640136,0,95.640136,5,15.266857
E01003753,0,0,86.446753,0,86.446753,5,6.0734743,0,86.895035,0,86.895035,5,6.5217559,0,87.729546,0,87.729546,5,7.3562669,0,88.490444,0,88.490444,5,8.1171646
E01003754,1,0,63.838331,0,63.838331,3,15.614364,0,63.566505,0,63.566505,0,63.566505,0,63.060481,0,63.060481,3,14.836513,0,62.599093,0,62.599093,3,14.375126
E01003755,0,6,6.7101822,6,6.7101822,6,6.7101822,6,6.8525368,6,6.8525368,6,6.8525368,6,7.1175409,6,7.1175409,6,7.1175409,6,7.3591687,6,7.3591687,6,7.3591687
E01003756,0,6,6.7101822,6,6.7101822,6,6.7101822,6,7.3357196,6,7.3357196,6,7.3357196,6,8.5002063,6,8.5002063,6,8.5002063,6,9.5619719,6,9.5619719,6,9.5619719
E01003757,1,0,69.492552,0,69.492552,0,69.492552,0,70.679402,0,70.679402,4,6.3807785,0,72.888815,0,72.888815,0,72.888815,0,74.903332,0,74.903332,4,10.604709
E01003759,7,0,0.0,0,0.0,0,0.0,0,0.0,0,0.0,0,0.0,0,0.0,0,0.0,0,0.0,0,0.0,0,0.0,0,0.0
E01003760,4,0,0.0,0,0.0,0,0.0,0,0.0,0,0.0,0,0.0,0,0.0,0,0.0,0,0.0,0,0.0,0,0.0,0,0.0
E01003761,0,0,0.0,0,0.0,0,0.0,0,0.0,0,0.0,0,0.0,0,0.0,0,0.0,0,0.0,0,0.0,0,0.0,0,0.0
E01003762,4,0,0.0,0,0.0,0,0.0,0,0.0,0,0.0,0,0.0,0,0.0,0,0.0,0,0.0,0,0.0,0,0.0,0,0.0
E01003763,4,0,0.0,0,0.0,0,0.0,0,0.0,0,0.0,0,0.0,0,0.0,0,0.0,0,0.0,0,0.0,0,0.0,0,0.0
E01003764,9,0,0.0,0,0.0,0,0.0,0,0.0,0,0.0,0,0.0,0,0.0,0,0.0,0,0.0,0,0.0,0,0.0,0,0.0
E01003765,4,0,0.0,0,0.0,0,0.0,0,0.0,0,0.0,0,0.0,0,0.0,0,0.0,0,0.0,0,0.0,0,0.0,0,0.0
E01003766,1,0,89.550826,0,89.550826,5,9.1775473,0,89.552287,0,89.552287,5,9.1790077,0,89.555005,0,89.555005,5,9.1817262,0,89.557484,0,89.557484,0,89.557484
E01003767,2,0,41.576742,0,41.576742,2,9.4274307,0,42.469853,0,42.469853,2,10.320542,0,44.132449,0,44.132449,2,11.983138,0,45.648385,0,45.648385,2,13.499074
E01003768,0,0,68.730195,0,68.730195,4,4.4315717,0,69.851178,0,69.851178,4,5.5525552,0,71.937976,0,71.937976,4,7.6393533,0,73.840695,0,73.840695,4,9.542072
E01003769,0,0,59.180844,0,59.180844,3,10.956877,0,60.215378,0,60.215378,3,11.991411,0,62.141243,0,62.141243,3,13.917276,0,63.897225,0,63.897225,3,15.673258
E01003770,0,7,1.8183186,7,1.8183186,7,1.8183186,7,2.1880984,7,2.1880984,7,2.1880984,7,2.8764721,7,2.8764721,7,2.8764721,7,3.5041235,7,3.5041235,7,3.5041235
E01003771,0,0,67.222403,0,67.222403,4,2.9237795,0,67.774343,0,67.774343,4,3.4757198,0,68.801823,0,68.801823,4,4.5031996,0,69.738667,0,69.738667,4,5.4400441
E01003772,0,0,73.630519,0,73.630519,4,9.3318963,0,73.940491,0,73.940491,4,9.6418679,0,74.517527,0,74.517527,4,10.218904,0,75.043662,0,75.043662,4,10.745039
E01003773,0,0,77.148701,0,77.148701,4,12.850078,0,77.435842,0,77.435842,4,13.137219,0,77.970378,0,77.970378,4,13.671755,0,78.457761,4,14.159138,4,14.159138
E01003774,8,0,0.0,0,0.0,0,0.0,0,0.0,0,0.0,0,0.0,0,0.0,0,0.0,0,0.0,0,0.0,0,0.0,0,0.0
E01003775,8,0,0.0,0,0.0,0,0.0,0,0.0,0,0.0,0,0.0,0,0.0,0,0.0,0,0.0,0,0.0,0,0.0,0,0.0
E01003776,0,0,0.0,0,0.0,0,0.0,0,0.0,0,0.0,0,0.0,0,0.0,0,0.0,0,0.0,0,0.0,0,0.0,0,0.0
E01003777,4,0,0.0,0,0.0,0,0.0,0,0.0,0,0.0,0,0.0,0,0.0,0,0.0,0,0.0,0,0.0,0,0.0,0,0.0
E01003778,10,0,0.0,0,0.0,0,0.0,0,0.0,0,0.0,0,0.0,0,0.0,0,0.0,0,0.0,0,0.0,0,0.0,0,0.0
E01003779,6,0,0.0,0,0.0,0,0.0,0,0.0,0,0.0,0,0.0,0,0.0,0,0.0,0,0.0,0,0.0,0,0.0,0,0.0
E01003780,9,0,0.0,0,0.0,0,0.0,0,0.0,0,0.0,0,0.0,0,0.0,0,0.0,0,0.0,0,0.0,0,0.0,0,0.0
E01003781,1,0,53.158136,0,53.158136,0,53.158136,0,55.091261,0,55.091261,0,55.091261,0,58.689923,0,58.689923,0,58.689923,0,61.971142,0,61.971142,0,61.971142
E01003782,1,0,41.849695,0,41.849695,0,41.849695,0,42.766174,0,42.766174,0,42.766174,0,44.472272,0,44.472272,0,44.472272,0,46.027873,0,46.027873,0,46.027873
E01003783,1,0,48.760409,0,48.760409,0,48.760409,0,50.956668,0,50.956668,0,50.956668,0,55.045176,0,55.045176,0,55.045176,0,58.77303,0,58.77303,0,58.77303
E01003784,0,0,77.651299,0,77.651299,4,13.352676,0,78.28129,0,78.28129,4,13.982667,0,79.454067,0,79.454067,4,15.155444,0,80.523392,0,80.523392,5,0.15011356
E01003785,0,0,58.929545,0,58.929545,3,10.705578,0,60.028691,0,60.028691,3,11.804724,0,62.074837,0,62.074837,3,13.85087,0,63.94049,0,63.94049,0,63.94049
E01003786,1,0,56.048071,0,56.048071,3,7.8241041,0,56.309469,0,56.309469,0,56.309469,0,56.796079,0,56.796079,0,56.796079,0,57.239766,0,57.239766,0,57.239766
E01003787,1,0,54.917227,0,54.917227,0,54.917227,0,55.035976,0,55.035976,0,55.035976,0,55.257036,0,55.257036,0,55.257036,0,55.458596,0,55.458596,0,55.458596
E01003788,0,0,62.824675,0,62.824675,0,62.824675,0,64.78731,0,64.78731,0,64.78731,0,68.440906,0,68.440906,4,4.1422826,0,71.772213,0,71.772213,4,7.4735901
E01003789,3,0,0.0,0,0.0,0,0.0,0,0.0,0,0.0,0,0.0,0,0.0,0,0.0,0,0.0,0,0.0,0,0.0,0,0.0
E01003790,3,0,0.0,0,0.0,0,0.0,0,0.0,0,0.0,0,0.0,0,0.0,0,0.0,0,0.0,0,0.0,0,0.0,0,0.0
E01003791,2,0,0.0,0,0.0,0,0.0,0,0.0,0,0.0,0,0.0,0,0.0,0,0.0,0,0.0,0,0.0,0,0.0,0,0.0
E01003792,2,0,0.0,0,0.0,0,0.0,0,0.0,0,0.0,0,0.0,0,0.0,0,0.0,0,0.0,0,0.0,0,0.0,0,0.0
E01003793,4,0,0.0,0,0.0,0,0.0,0,0.0,0,0.0,0,0.0,0,0.0,0,0.0,0,0.0,0,0.0,0,0.0,0,0.0
E01003794,1,0,0.0,0,0.0,0,0.0,0,0.0,0,0.0,0,0.0,0,0.0,0,0.0,0,0.0,0,0.0,0,0.0,0,0.0
E01003795,1,0,0.0,0,0.0,0,0.0,0,0.0,0,0.0,0,0.0,0,0.0,0,0.0,0,0.0,0,0.0,0,0.0,0,0.0
E01003796,1,0,0.0,0,0.0,0,0.0,0,0.0,0,0.0,0,0.0,0,0.0,0,0.0,0,0.0,0,0.0,0,0.0,0,0.0
E01003797,14,0,0.0,0,0.0,0,0.0,0,0.0,0,0.0,0,0.0,0,0.0,0,0.0,0,0.0,0,0.0,0,0.0,0,0.0
E01003798,16,0,0.0,0,0.0,0,0.0,0,0.0,0,0.0,0,0.0,0,0.0,0,0.0,0,0.0,0,0.0,0,0.0,0,0.0
E01003799,19,0,0.0,0,0.0,0,0.0,0,0.0,0,0.0,0,0.0,0,0.0,0,0.0,0,0.0,0,0.0,0,0.0,0,0.0
E01003800,13,0,0.0,0,0.0,0,0.0,0,0.0,0,0.0,0,0.0,0,0.0,0,0.0,0,0.0,0,0.0,0,0.0,0,0.0
E01003801,12,0,0.0,0,0.0,0,0.0,0,0.0,0,0.0,0,0.0,0,0.0,0,0.0,0,0.0,0,0.0,0,0.0,0,0.0
E01003802,6,0,0.0,0,0.0,0,0.0,0,0.0,0,0.0,0,0.0,0,0.0,0,0.0,0,0.0,0,0.0,0,0.0,0,0.0
E01003803,9,0,0.0,0,0.0,0,0.0,0,0.0,0,0.0,0,0.0,0,0.0,0,0.0,0,0.0,0,0.0,0,0.0,0,0.0
E01003804,7,0,0.0,0,0.0,0,0.0,0,0.0,0,0.0,0,0.0,0,0.0,0,0.0,0,0.0,0,0.0,0,0.0,0,0.0
E01003805,10,0,0.0,0,0.0,0,0.0,0,0.0,0,0.0,0,0.0,0,0.0,0,0.0,0,0.0,0,0.0,0,0.0,0,0.0
E01003806,6,0,0.0,0,0.0,0,0.0,0,0.0,0,0.0,0,0.0,0,0.0,0,0.0,0,0.0,0,0.0,0,0.0,0,0.0
E01003807,18,0,0.0,0,0.0,0,0.0,0,0.0,0,0.0,0,0.0,0,0.0,0,0.0,0,0.0,0,0.0,0,0.0,0,0.0
E01003808,23,0,0.0,0,0.0,0,0.0,0,0.0,0,0.0,0,0.0,0,0.0,0,0.0,0,0.0,0,0.0,0,0.0,0,0.0
E01003809,11,0,0.0,0,0.0,0,0.0,0,0.0,0,0.0,0,0.0,0,0.0,0,0.0,0,0.0,0,0.0,0,0.0,0,0.0
E01003810,11,0,0.0,0,0.0,0,0.0,0,0.0,0,0.0,0,0.0,0,0.0,0,0.0,0,0.0,0,0.0,0,0.0,0,0.0
E01003811,13,0,0.0,0,0.0,0,0.0,0,0.0,0,0.0,0,0.0,0,0.0,0,0.0,0,0.0,0,0.0,0,0.0,0,0.0
E01003812,17,0,0.0,0,0.0,0,0.0,0,0.0,0,0.0,0,0.0,0,0.0,0,0.0,0,0.0,0,0.0,0,0.0,0,0.0
E01003813,4,0,0.0,0,0.0,0,0.0,0,0.0,0,0.0,0,0.0,0,0.0,0,0.0,0,0.0,0,0.0,0,0.0,0,0.0
E01003814,11,0,0.0,0,0.0,0,0.0,0,0.0,0,0.0,0,0.0,0,0.0,0,0.0,0,0.0,0,0.0,0,0.0,0,0.0
E01003815,7,0,0.0,0,0.0,0,0.0,0,0.0,0,0.0,0,0.0,0,0.0,0,0.0,0,0.0,0,0.0,0,0.0,0,0.0
E01003816,8,0,0.0,0,0.0,0,0.0,0,0.0,0,0.0,0,0.0,0,0.0,0,0.0,0,0.0,0,0.0,0,0.0,0,0.0
E01003817,17,0,0.0,0,0.0,0,0.0,0,0.0,0,0.0,0,0.0,0,0.0,0,0.0,0,0.0,0,0.0,0,0.0,0,0.0
E01003818,7,0,0.0,0,0.0,0,0.0,0,0.0,0,0.0,0,0.0,0,0.0,0,0.0,0,0.0,0,0.0,0,0.0,0,0.0
E01003819,9,0,0.0,0,0.0,0,0.0,0,0.0,0,0.0,0,0.0,0,0.0,0,0.0,0,0.0,0,0.0,0,0.0,0,0.0
E01003820,19,0,0.0,0,0.0,0,0.0,0,0.0,0,0.0,0,0.0,0,0.0,0,0.0,0,0.0,0,0.0,0,0.0,0,0.0
E01003821,3,0,0.0,0,0.0,0,0.0,0,0.0,0,0.0,0,0.0,0,0.0,0,0.0,0,0.0,0,0.0,0,0.0,0,0.0
E01003822,3,0,0.0,0,0.0,0,0.0,0,0.0,0,0.0,0,0.0,0,0.0,0,0.0,0,0.0,0,0.0,0,0.0,0,0.0
E01003823,6,0,0.0,0,0.0,0,0.0,0,0.0,0,0.0,0,0.0,0,0.0,0,0.0,0,0.0,0,0.0,0,0.0,0,0.0
E01003824,8,0,0.0,0,0.0,0,0.0,0,0.0,0,0.0,0,0.0,0,0.0,0,0.0,0,0.0,0,0.0,0,0.0,0,0.0
E01003825,6,0,0.0,0,0.0,0,0.0,0,0.0,0,0.0,0,0.0,0,0.0,0,0.0,0,0.0,0,0.0,0,0.0,0,0.0
E01003826,6,0,0.0,0,0.0,0,0.0,0,0.0,0,0.0,0,0.0,0,0.0,0,0.0,0,0.0,0,0.0,0,0.0,0,0.0
E01003827,13,0,0.0,0,0.0,0,0.0,0,0.0,0,0.0,0,0.0,0,0.0,0,0.0,0,0.0,0,0.0,0,0.0,0,0.0
E01003828,1,0,0.0,0,0.0,0,0.0,0,0.0,0,0.0,0,0.0,0,0.0,0,0.0,0,0.0,0,0.0,0,0.0,0,0.0
E01003829,9,0,0.0,0,0.0,0,0.0,0,0.0,0,0.0,0,0.0,0,0.0,0,0.0,0,0.0,0,0.0,0,0.0,0,0.0
E01003830,4,0,0.0,0,0.0,0,0.0,0,0.0,0,0.0,0,0.0,0,0.0,0,0.0,0,0.0,0,0.0,0,0.0,0,0.0
E01003831,2,0,0.0,0,0.0,0,0.0,0,0.0,0,0.0,0,0.0,0,0.0,0,0.0,0,0.0,0,0.0,0,0.0,0,0.0
E01003832,2,0,0.0,0,0.0,0,0.0,0,0.0,0,0.0,0,0.0,0,0.0,0,0.0,0,0.0,0,0.0,0,0.0,0,0.0
E01003833,3,0,0.0,0,0.0,0,0.0,0,0.0,0,0.0,0,0.0,0,0.0,0,0.0,0,0.0,0,0.0,0,0.0,0,0.0
E01003834,7,0,0.0,0,0.0,0,0.0,0,0.0,0,0.0,0,0.0,0,0.0,0,0.0,0,0.0,0,0.0,0,0.0,0,0.0
E01003835,12,0,0.0,0,0.0,0,0.0,0,0.0,0,0.0,0,0.0,0,0.0,0,0.0,0,0.0,0,0.0,0,0.0,0,0.0
E01003836,5,0,0.0,0,0.0,0,0.0,0,0.0,0,0.0,0,0.0,0,0.0,0,0.0,0,0.0,0,0.0,0,0.0,0,0.0
E01003837,6,0,0.0,0,0.0,0,0.0,0,0.0,0,0.0,0,0.0,0,0.0,0,0.0,0,0.0,0,0.0,0,0.0,0,0.0
E01003838,7,0,0.0,0,0.0,0,0.0,0,0.0,0,0.0,0,0.0,0,0.0,0,0.0,0,0.0,0,0.0,0,0.0,0,0.0
E01003839,4,0,0.0,0,0.0,0,0.0,0,0.0,0,0.0,0,0.0,0,0.0,0,0.0,0,0.0,0,0.0,0,0.0,0,0.0
E01003840,2,0,0.0,0,0.0,0,0.0,0,0.0,0,0.0,0,0.0,0,0.0,0,0.0,0,0.0,0,0.0,0,0.0,0,0.0
E01003841,6,0,0.0,0,0.0,0,0.0,0,0.0,0,0.0,0,0.0,0,0.0,0,0.0,0,0.0,0,0.0,0,0.0,0,0.0
E01003842,7,0,0.0,0,0.0,0,0.0,0,0.0,0,0.0,0,0.0,0,0.0,0,0.0,0,0.0,0,0.0,0,0.0,0,0.0
E01003843,3,0,0.0,0,0.0,0,0.0,0,0.0,0,0.0,0,0.0,0,0.0,0,0.0,0,0.0,0,0.0,0,0.0,0,0.0
E01003844,8,0,0.0,0,0.0,0,0.0,0,0.0,0,0.0,0,0.0,0,0.0,0,0.0,0,0.0,0,0.0,0,0.0,0,0.0
E01003845,1,0,0.0,0,0.0,0,0.0,0,0.0,0,0.0,0,0.0,0,0.0,0,0.0,0,0.0,0,0.0,0,0.0,0,0.0
E01003846,23,0,0.0,0,0.0,0,0.0,0,0.0,0,0.0,0,0.0,0,0.0,0,0.0,0,0.0,0,0.0,0,0.0,0,0.0
E01003847,7,0,0.0,0,0.0,0,0.0,0,0.0,0,0.0,0,0.0,0,0.0,0,0.0,0,0.0,0,0.0,0,0.0,0,0.0
E01003848,21,0,0.0,0,0.0,0,0.0,0,0.0,0,0.0,0,0.0,0,0.0,0,0.0,0,0.0,0,0.0,0,0.0,0,0.0
E01003849,15,0,0.0,0,0.0,0,0.0,0,0.0,0,0.0,0,0.0,0,0.0,0,0.0,0,0.0,0,0.0,0,0.0,0,0.0
E01003851,15,0,0.0,0,0.0,0,0.0,0,0.0,0,0.0,0,0.0,0,0.0,0,0.0,0,0.0,0,0.0,0,0.0,0,0.0
E01003852,9,0,0.0,0,0.0,0,0.0,0,0.0,0,0.0,0,0.0,0,0.0,0,0.0,0,0.0,0,0.0,0,0.0,0,0.0
E01003853,15,0,0.0,0,0.0,0,0.0,0,0.0,0,0.0,0,0.0,0,0.0,0,0.0,0,0.0,0,0.0,0,0.0,0,0.0
E01003854,14,0,0.0,0,0.0,0,0.0,0,0.0,0,0.0,0,0.0,0,0.0,0,0.0,0,0.0,0,0.0,0,0.0,0,0.0
E01003855,4,0,0.0,0,0.0,0,0.0,0,0.0,0,0.0,0,0.0,0,0.0,0,0.0,0,0.0,0,0.0,0,0.0,0,0.0
E01003856,11,0,0.0,0,0.0,0,0.0,0,0.0,0,0.0,0,0.0,0,0.0,0,0.0,0,0.0,0,0.0,0,0.0,0,0.0
E01003857,19,0,0.0,0,0.0,0,0.0,0,0.0,0,0.0,0,0.0,0,0.0,0,0.0,0,0.0,0,0.0,0,0.0,0,0.0
E01003858,27,0,0.0,0,0.0,0,0.0,0,0.0,0,0.0,0,0.0,0,0.0,0,0.0,0,0.0,0,0.0,0,0.0,0,0.0
E01003859,22,0,0.0,0,0.0,0,0.0,0,0.0,0,0.0,0,0.0,0,0.0,0,0.0,0,0.0,0,0.0,0,0.0,0,0.0
E01003860,18,0,0.0,0,0.0,0,0.0,0,0.0,0,0.0,0,0.0,0,0.0,0,0.0,0,0.0,0,0.0,0,0.0,0,0.0
E01003861,18,0,0.0,0,0.0,0,0.0,0,0.0,0,0.0,0,0.0,0,0.0,0,0.0,0,0.0,0,0.0,0,0.0,0,0.0
E01003862,5,0,0.0,0,0.0,0,0.0,0,0.0,0,0.0,0,0.0,0,0.0,0,0.0,0,0.0,0,0.0,0,0.0,0,0.0
E01003863,11,0,0.0,0,0.0,0,0.0,0,0.0,0,0.0,0,0.0,0,0.0,0,0.0,0,0.0,0,0.0,0,0.0,0,0.0
E01003864,17,0,0.0,0,0.0,0,0.0,0,0.0,0,0.0,0,0.0,0,0.0,0,0.0,0,0.0,0,0.0,0,0.0,0,0.0
E01003865,12,0,0.0,0,0.0,0,0.0,0,0.0,0,0.0,0,0.0,0,0.0,0,0.0,0,0.0,0,0.0,0,0.0,0,0.0
E01003866,20,0,0.0,0,0.0,0,0.0,0,0.0,0,0.0,0,0.0,0,0.0,0,0.0,0,0.0,0,0.0,0,0.0,0,0.0
E01003867,9,0,0.0,0,0.0,0,0.0,0,0.0,0,0.0,0,0.0,0,0.0,0,0.0,0,0.0,0,0.0,0,0.0,0,0.0
E01003868,21,0,0.0,0,0.0,0,0.0,0,0.0,0,0.0,0,0.0,0,0.0,0,0.0,0,0.0,0,0.0,0,0.0,0,0.0
E01003869,7,0,0.0,0,0.0,0,0.0,0,0.0,0,0.0,0,0.0,0,0.0,0,0.0,0,0.0,0,0.0,0,0.0,0,0.0
E01003870,10,0,0.0,0,0.0,0,0.0,0,0.0,0,0.0,0,0.0,0,0.0,0,0.0,0,0.0,0,0.0,0,0.0,0,0.0
E01003871,13,0,0.0,0,0.0,0,0.0,0,0.0,0,0.0,0,0.0,0,0.0,0,0.0,0,0.0,0,0.0,0,0.0,0,0.0
E01003872,6,0,0.0,0,0.0,0,0.0,0,0.0,0,0.0,0,0.0,0,0.0,0,0.0,0,0.0,0,0.0,0,0.0,0,0.0
E01003873,11,0,0.0,0,0.0,0,0.0,0,0.0,0,0.0,0,0.0,0,0.0,0,0.0,0,0.0,0,0.0,0,0.0,0,0.0
E01003874,6,0,0.0,0,0.0,0,0.0,0,0.0,0,0.0,0,0.0,0,0.0,0,0.0,0,0.0,0,0.0,0,0.0,0,0.0
E01003875,2,0,0.0,0,0.0,0,0.0,0,0.0,0,0.0,0,0.0,0,0.0,0,0.0,0,0.0,0,0.0,0,0.0,0,0.0
E01003876,4,0,0.0,0,0.0,0,0.0,0,0.0,0,0.0,0,0.0,0,0.0,0,0.0,0,0.0,0,0.0,0,0.0,0,0.0
E01003877,8,0,0.0,0,0.0,0,0.0,0,0.0,0,0.0,0,0.0,0,0.0,0,0.0,0,0.0,0,0.0,0,0.0,0,0.0
E01003878,14,0,0.0,0,0.0,0,0.0,0,0.0,0,0.0,0,0.0,0,0.0,0,0.0,0,0.0,0,0.0,0,0.0,0,0.0
E01003879,7,0,0.0,0,0.0,0,0.0,0,0.0,0,0.0,0,0.0,0,0.0,0,0.0,0,0.0,0,0.0,0,0.0,0,0.0
E01003880,10,0,0.0,0,0.0,0,0.0,0,0.0,0,0.0,0,0.0,0,0.0,0,0.0,0,0.0,0,0.0,0,0.0,0,0.0
E01003881,6,0,0.0,0,0.0,0,0.0,0,0.0,0,0.0,0,0.0,0,0.0,0,0.0,0,0.0,0,0.0,0,0.0,0,0.0
E01003882,12,0,0.0,0,0.0,0,0.0,0,0.0,0,0.0,0,0.0,0,0.0,0,0.0,0,0.0,0,0.0,0,0.0,0,0.0
E01003883,23,0,0.0,0,0.0,0,0.0,0,0.0,0,0.0,0,0.0,0,0.0,0,0.0,0,0.0,0,0.0,0,0.0,0,0.0
E01003884,14,0,0.0,0,0.0,0,0.0,0,0.0,0,0.0,0,0.0,0,0.0,0,0.0,0,0.0,0,0.0,0,0.0,0,0.0
E01003885,5,0,0.0,0,0.0,0,0.0,0,0.0,0,0.0,0,0.0,0,0.0,0,0.0,0,0.0,0,0.0,0,0.0,0,0.0
E01003886,16,0,0.0,0,0.0,0,0.0,0,0.0,0,0.0,0,0.0,0,0.0,0,0.0,0,0.0,0,0.0,0,0.0,0,0.0
E01003887,17,0,0.0,0,0.0,0,0.0,0,0.0,0,0.0,0,0.0,0,0.0,0,0.0,0,0.0,0,0.0,0,0.0,0,0.0
E01003888,17,0,0.0,0,0.0,0,0.0,0,0.0,0,0.0,0,0.0,0,0.0,0,0.0,0,0.0,0,0.0,0,0.0,0,0.0
E01003889,11,0,0.0,0,0.0,0,0.0,0,0.0,0,0.0,0,0.0,0,0.0,0,0.0,0,0.0,0,0.0,0,0.0,0,0.0
E01003890,6,0,0.0,0,0.0,0,0.0,0,0.0,0,0.0,0,0.0,0,0.0,0,0.0,0,0.0,0,0.0,0,0.0,0,0.0
E01003891,5,0,0.0,0,0.0,0,0.0,0,0.0,0,0.0,0,0.0,0,0.0,0,0.0,0,0.0,0,0.0,0,0.0,0,0.0
E01003892,15,0,0.0,0,0.0,0,0.0,0,0.0,0,0.0,0,0.0,0,0.0,0,0.0,0,0.0,0,0.0,0,0.0,0,0.0
E01003893,10,0,0.0,0,0.0,0,0.0,0,0.0,0,0.0,0,0.0,0,0.0,0,0.0,0,0.0,0,0.0,0,0.0,0,0.0
E01003894,19,0,0.0,0,0.0,0,0.0,0,0.0,0,0.0,0,0.0,0,0.0,0,0.0,0,0.0,0,0.0,0,0.0,0,0.0
E01003895,14,0,0.0,0,0.0,0,0.0,0,0.0,0,0.0,0,0.0,0,0.0,0,0.0,0,0.0,0,0.0,0,0.0,0,0.0
E01003896,9,0,0.0,0,0.0,0,0.0,0,0.0,0,0.0,0,0.0,0,0.0,0,0.0,0,0.0,0,0.0,0,0.0,0,0.0
E01003897,8,0,0.0,0,0.0,0,0.0,0,0.0,0,0.0,0,0.0,0,0.0,0,0.0,0,0.0,0,0.0,0,0.0,0,0.0
E01003898,7,0,0.0,0,0.0,0,0.0,0,0.0,0,0.0,0,0.0,0,0.0,0,0.0,0,0.0,0,0.0,0,0.0,0,0.0
E01003899,5,0,0.0,0,0.0,0,0.0,0,0.0,0,0.0,0,0.0,0,0.0,0,0.0,0,0.0,0,0.0,0,0.0,0,0.0
E01003900,6,0,0.0,0,0.0,0,0.0,0,0.0,0,0.0,0,0.0,0,0.0,0,0.0,0,0.0,0,0.0,0,0.0,0,0.0
E01003901,1,0,0.0,0,0.0,0,0.0,0,0.0,0,0.0,0,0.0,0,0.0,0,0.0,0,0.0,0,0.0,0,0.0,0,0.0
E01003902,4,0,0.0,0,0.0,0,0.0,0,0.0,0,0.0,0,0.0,0,0.0,0,0.0,0,0.0,0,0.0,0,0.0,0,0.0
E01003903,7,0,0.0,0,0.0,0,0.0,0,0.0,0,0.0,0,0.0,0,0.0,0,0.0,0,0.0,0,0.0,0,0.0,0,0.0
E01003904,12,0,0.0,0,0.0,0,0.0,0,0.0,0,0.0,0,0.0,0,0.0,0,0.0,0,0.0,0,0.0,0,0.0,0,0.0
E01003905,8,0,0.0,0,0.0,0,0.0,0,0.0,0,0.0,0,0.0,0,0.0,0,0.0,0,0.0,0,0.0,0,0.0,0,0.0
E01003906,13,0,0.0,0,0.0,0,0.0,0,0.0,0,0.0,0,0.0,0,0.0,0,0.0,0,0.0,0,0.0,0,0.0,0,0.0
E01003907,4,0,0.0,0,0.0,0,0.0,0,0.0,0,0.0,0,0.0,0,0.0,0,0.0,0,0.0,0,0.0,0,0.0,0,0.0
E01003908,3,0,0.0,0,0.0,0,0.0,0,0.0,0,0.0,0,0.0,0,0.0,0,0.0,0,0.0,0,0.0,0,0.0,0,0.0
E01003909,2,0,0.0,0,0.0,0,0.0,0,0.0,0,0.0,0,0.0,0,0.0,0,0.0,0,0.0,0,0.0,0,0.0,0,0.0
E01003910,5,0,0.0,0,0.0,0,0.0,0,0.0,0,0.0,0,0.0,0,0.0,0,0.0,0,0.0,0,0.0,0,0.0,0,0.0
E01003911,2,0,0.0,0,0.0,0,0.0,0,0.0,0,0.0,0,0.0,0,0.0,0,0.0,0,0.0,0,0.0,0,0.0,0,0.0
E01003912,3,0,0.0,0,0.0,0,0.0,0,0.0,0,0.0,0,0.0,0,0.0,0,0.0,0,0.0,0,0.0,0,0.0,0,0.0
E01003913,12,0,0.0,0,0.0,0,0.0,0,0.0,0,0.0,0,0.0,0,0.0,0,0.0,0,0.0,0,0.0,0,0.0,0,0.0
E01003914,33,0,0.0,0,0.0,0,0.0,0,0.0,0,0.0,0,0.0,0,0.0,0,0.0,0,0.0,0,0.0,0,0.0,0,0.0
E01003915,13,0,0.0,0,0.0,0,0.0,0,0.0,0,0.0,0,0.0,0,0.0,0,0.0,0,0.0,0,0.0,0,0.0,0,0.0
E01003916,10,0,0.0,0,0.0,0,0.0,0,0.0,0,0.0,0,0.0,0,0.0,0,0.0,0,0.0,0,0.0,0,0.0,0,0.0
E01003917,6,0,0.0,0,0.0,0,0.0,0,0.0,0,0.0,0,0.0,0,0.0,0,0.0,0,0.0,0,0.0,0,0.0,0,0.0
E01003918,3,0,0.0,0,0.0,0,0.0,0,0.0,0,0.0,0,0.0,0,0.0,0,0.0,0,0.0,0,0.0,0,0.0,0,0.0
E01003919,20,0,0.0,0,0.0,0,0.0,0,0.0,0,0.0,0,0.0,0,0.0,0,0.0,0,0.0,0,0.0,0,0.0,0,0.0
E01003920,9,0,0.0,0,0.0,0,0.0,0,0.0,0,0.0,0,0.0,0,0.0,0,0.0,0,0.0,0,0.0,0,0.0,0,0.0
E01003921,2,0,0.0,0,0.0,0,0.0,0,0.0,0,0.0,0,0.0,0,0.0,0,0.0,0,0.0,0,0.0,0,0.0,0,0.0
E01003922,8,0,0.0,0,0.0,0,0.0,0,0.0,0,0.0,0,0.0,0,0.0,0,0.0,0,0.0,0,0.0,0,0.0,0,0.0
E01003923,8,0,0.0,0,0.0,0,0.0,0,0.0,0,0.0,0,0.0,0,0.0,0,0.0,0,0.0,0,0.0,0,0.0,0,0.0
E01003924,6,0,0.0,0,0.0,0,0.0,0,0.0,0,0.0,0,0.0,0,0.0,0,0.0,0,0.0,0,0.0,0,0.0,0,0.0
E01003925,8,0,0.0,0,0.0,0,0.0,0,0.0,0,0.0,0,0.0,0,0.0,0,0.0,0,0.0,0,0.0,0,0.0,0,0.0
E01003926,5,0,0.0,0,0.0,0,0.0,0,0.0,0,0.0,0,0.0,0,0.0,0,0.0,0,0.0,0,0.0,0,0.0,0,0.0
E01003929,6,0,0.0,0,0.0,0,0.0,0,0.0,0,0.0,0,0.0,0,0.0,0,0.0,0,0.0,0,0.0,0,0.0,0,0.0
E01003930,6,0,0.0,0,0.0,0,0.0,0,0.0,0,0.0,0,0.0,0,0.0,0,0.0,0,0.0,0,0.0,0,0.0,0,0.0
E01003932,4,0,0.0,0,0.0,0,0.0,0,0.0,0,0.0,0,0.0,0,0.0,0,0.0,0,0.0,0,0.0,0,0.0,0,0.0
E01003933,5,0,0.0,0,0.0,0,0.0,0,0.0,0,0.0,0,0.0,0,0.0,0,0.0,0,0.0,0,0.0,0,0.0,0,0.0
E01003934,18,0,0.0,0,0.0,0,0.0,0,0.0,0,0.0,0,0.0,0,0.0,0,0.0,0,0.0,0,0.0,0,0.0,0,0.0
E01003935,1,0,0.0,0,0.0,0,0.0,0,0.0,0,0.0,0,0.0,0,0.0,0,0.0,0,0.0,0,0.0,0,0.0,0,0.0
E01003936,4,0,0.0,0,0.0,0,0.0,0,0.0,0,0.0,0,0.0,0,0.0,0,0.0,0,0.0,0,0.0,0,0.0,0,0.0
E01003937,4,0,0.0,0,0.0,0,0.0,0,0.0,0,0.0,0,0.0,0,0.0,0,0.0,0,0.0,0,0.0,0,0.0,0,0.0
E01003938,6,0,0.0,0,0.0,0,0.0,0,0.0,0,0.0,0,0.0,0,0.0,0,0.0,0,0.0,0,0.0,0,0.0,0,0.0
E01003939,3,0,0.0,0,0.0,0,0.0,0,0.0,0,0.0,0,0.0,0,0.0,0,0.0,0,0.0,0,0.0,0,0.0,0,0.0
E01003940,10,0,0.0,0,0.0,0,0.0,0,0.0,0,0.0,0,0.0,0,0.0,0,0.0,0,0.0,0,0.0,0,0.0,0,0.0
E01003941,6,0,0.0,0,0.0,0,0.0,0,0.0,0,0.0,0,0.0,0,0.0,0,0.0,0,0.0,0,0.0,0,0.0,0,0.0
E01003942,6,0,0.0,0,0.0,0,0.0,0,0.0,0,0.0,0,0.0,0,0.0,0,0.0,0,0.0,0,0.0,0,0.0,0,0.0
E01003943,16,0,0.0,0,0.0,0,0.0,0,0.0,0,0.0,0,0.0,0,0.0,0,0.0,0,0.0,0,0.0,0,0.0,0,0.0
E01003945,10,0,0.0,0,0.0,0,0.0,0,0.0,0,0.0,0,0.0,0,0.0,0,0.0,0,0.0,0,0.0,0,0.0,0,0.0
E01003946,13,0,0.0,0,0.0,0,0.0,0,0.0,0,0.0,0,0.0,0,0.0,0,0.0,0,0.0,0,0.0,0,0.0,0,0.0
E01003947,1,0,0.0,0,0.0,0,0.0,0,0.0,0,0.0,0,0.0,0,0.0,0,0.0,0,0.0,0,0.0,0,0.0,0,0.0
E01003948,8,0,0.0,0,0.0,0,0.0,0,0.0,0,0.0,0,0.0,0,0.0,0,0.0,0,0.0,0,0.0,0,0.0,0,0.0
E01003949,6,0,0.0,0,0.0,0,0.0,0,0.0,0,0.0,0,0.0,0,0.0,0,0.0,0,0.0,0,0.0,0,0.0,0,0.0
E01003950,15,0,0.0,0,0.0,0,0.0,0,0.0,0,0.0,0,0.0,0,0.0,0,0.0,0,0.0,0,0.0,0,0.0,0,0.0
E01003951,15,0,0.0,0,0.0,0,0.0,0,0.0,0,0.0,0,0.0,0,0.0,0,0.0,0,0.0,0,0.0,0,0.0,0,0.0
E01003952,28,0,0.0,0,0.0,0,0.0,0,0.0,0,0.0,0,0.0,0,0.0,0,0.0,0,0.0,0,0.0,0,0.0,0,0.0
E01003953,31,0,0.0,0,0.0,0,0.0,0,0.0,0,0.0,0,0.0,0,0.0,0,0.0,0,0.0,0,0.0,0,0.0,0,0.0
E01003954,21,0,0.0,0,0.0,0,0.0,0,0.0,0,0.0,0,0.0,0,0.0,0,0.0,0,0.0,0,0.0,0,0.0,0,0.0
E01003955,25,0,0.0,0,0.0,0,0.0,0,0.0,0,0.0,0,0.0,0,0.0,0,0.0,0,0.0,0,0.0,0,0.0,0,0.0
E01003956,24,0,0.0,0,0.0,0,0.0,0,0.0,0,0.0,0,0.0,0,0.0,0,0.0,0,0.0,0,0.0,0,0.0,0,0.0
E01003957,14,0,0.0,0,0.0,0,0.0,0,0.0,0,0.0,0,0.0,0,0.0,0,0.0,0,0.0,0,0.0,0,0.0,0,0.0
E01003958,11,0,0.0,0,0.0,0,0.0,0,0.0,0,0.0,0,0.0,0,0.0,0,0.0,0,0.0,0,0.0,0,0.0,0,0.0
E01003960,11,0,0.0,0,0.0,0,0.0,0,0.0,0,0.0,0,0.0,0,0.0,0,0.0,0,0.0,0,0.0,0,0.0,0,0.0
E01003961,11,0,0.0,0,0.0,0,0.0,0,0.0,0,0.0,0,0.0,0,0.0,0,0.0,0,0.0,0,0.0,0,0.0,0,0.0
E01003963,4,0,0.0,0,0.0,0,0.0,0,0.0,0,0.0,0,0.0,0,0.0,0,0.0,0,0.0,0,0.0,0,0.0,0,0.0
E01003966,16,0,0.0,0,0.0,0,0.0,0,0.0,0,0.0,0,0.0,0,0.0,0,0.0,0,0.0,0,0.0,0,0.0,0,0.0
E01003969,8,0,0.0,0,0.0,0,0.0,0,0.0,0,0.0,0,0.0,0,0.0,0,0.0,0,0.0,0,0.0,0,0.0,0,0.0
E01003971,2,0,0.0,0,0.0,0,0.0,0,0.0,0,0.0,0,0.0,0,0.0,0,0.0,0,0.0,0,0.0,0,0.0,0,0.0
E01003972,16,0,0.0,0,0.0,0,0.0,0,0.0,0,0.0,0,0.0,0,0.0,0,0.0,0,0.0,0,0.0,0,0.0,0,0.0
E01003973,6,0,0.0,0,0.0,0,0.0,0,0.0,0,0.0,0,0.0,0,0.0,0,0.0,0,0.0,0,0.0,0,0.0,0,0.0
E01003975,5,0,0.0,0,0.0,0,0.0,0,0.0,0,0.0,0,0.0,0,0.0,0,0.0,0,0.0,0,0.0,0,0.0,0,0.0
E01003976,6,0,0.0,0,0.0,0,0.0,0,0.0,0,0.0,0,0.0,0,0.0,0,0.0,0,0.0,0,0.0,0,0.0,0,0.0
E01003977,6,0,0.0,0,0.0,0,0.0,0,0.0,0,0.0,0,0.0,0,0.0,0,0.0,0,0.0,0,0.0,0,0.0,0,0.0
E01003979,2,0,0.0,0,0.0,0,0.0,0,0.0,0,0.0,0,0.0,0,0.0,0,0.0,0,0.0,0,0.0,0,0.0,0,0.0
E01003980,6,0,0.0,0,0.0,0,0.0,0,0.0,0,0.0,0,0.0,0,0.0,0,0.0,0,0.0,0,0.0,0,0.0,0,0.0
E01003981,4,0,0.0,0,0.0,0,0.0,0,0.0,0,0.0,0,0.0,0,0.0,0,0.0,0,0.0,0,0.0,0,0.0,0,0.0
E01003983,11,0,0.0,0,0.0,0,0.0,0,0.0,0,0.0,0,0.0,0,0.0,0,0.0,0,0.0,0,0.0,0,0.0,0,0.0
E01003984,19,0,0.0,0,0.0,0,0.0,0,0.0,0,0.0,0,0.0,0,0.0,0,0.0,0,0.0,0,0.0,0,0.0,0,0.0
E01003986,3,0,0.0,0,0.0,0,0.0,0,0.0,0,0.0,0,0.0,0,0.0,0,0.0,0,0.0,0,0.0,0,0.0,0,0.0
E01003987,7,0,0.0,0,0.0,0,0.0,0,0.0,0,0.0,0,0.0,0,0.0,0,0.0,0,0.0,0,0.0,0,0.0,0,0.0
E01003988,20,0,0.0,0,0.0,0,0.0,0,0.0,0,0.0,0,0.0,0,0.0,0,0.0,0,0.0,0,0.0,0,0.0,0,0.0
E01003989,7,0,0.0,0,0.0,0,0.0,0,0.0,0,0.0,0,0.0,0,0.0,0,0.0,0,0.0,0,0.0,0,0.0,0,0.0
E01003990,14,0,0.0,0,0.0,0,0.0,0,0.0,0,0.0,0,0.0,0,0.0,0,0.0,0,0.0,0,0.0,0,0.0,0,0.0
E01003991,9,0,0.0,0,0.0,0,0.0,0,0.0,0,0.0,0,0.0,0,0.0,0,0.0,0,0.0,0,0.0,0,0.0,0,0.0
E01003992,14,0,0.0,0,0.0,0,0.0,0,0.0,0,0.0,0,0.0,0,0.0,0,0.0,0,0.0,0,0.0,0,0.0,0,0.0
E01003993,3,0,0.0,0,0.0,0,0.0,0,0.0,0,0.0,0,0.0,0,0.0,0,0.0,0,0.0,0,0.0,0,0.0,0,0.0
E01003994,16,0,0.0,0,0.0,0,0.0,0,0.0,0,0.0,0,0.0,0,0.0,0,0.0,0,0.0,0,0.0,0,0.0,0,0.0
E01003995,10,0,0.0,0,0.0,0,0.0,0,0.0,0,0.0,0,0.0,0,0.0,0,0.0,0,0.0,0,0.0,0,0.0,0,0.0
E01003997,10,0,0.0,0,0.0,0,0.0,0,0.0,0,0.0,0,0.0,0,0.0,0,0.0,0,0.0,0,0.0,0,0.0,0,0.0
E01003998,12,0,0.0,0,0.0,0,0.0,0,0.0,0,0.0,0,0.0,0,0.0,0,0.0,0,0.0,0,0.0,0,0.0,0,0.0
E01003999,16,0,0.0,0,0.0,0,0.0,0,0.0,0,0.0,0,0.0,0,0.0,0,0.0,0,0.0,0,0.0,0,0.0,0,0.0
E01004000,10,0,0.0,0,0.0,0,0.0,0,0.0,0,0.0,0,0.0,0,0.0,0,0.0,0,0.0,0,0.0,0,0.0,0,0.0
E01004001,11,0,0.0,0,0.0,0,0.0,0,0.0,0,0.0,0,0.0,0,0.0,0,0.0,0,0.0,0,0.0,0,0.0,0,0.0
E01004002,27,0,0.0,0,0.0,0,0.0,0,0.0,0,0.0,0,0.0,0,0.0,0,0.0,0,0.0,0,0.0,0,0.0,0,0.0
E01004003,17,0,0.0,0,0.0,0,0.0,0,0.0,0,0.0,0,0.0,0,0.0,0,0.0,0,0.0,0,0.0,0,0.0,0,0.0
E01004004,17,0,0.0,0,0.0,0,0.0,0,0.0,0,0.0,0,0.0,0,0.0,0,0.0,0,0.0,0,0.0,0,0.0,0,0.0
E01004005,11,0,0.0,0,0.0,0,0.0,0,0.0,0,0.0,0,0.0,0,0.0,0,0.0,0,0.0,0,0.0,0,0.0,0,0.0
E01004006,33,0,0.0,0,0.0,0,0.0,0,0.0,0,0.0,0,0.0,0,0.0,0,0.0,0,0.0,0,0.0,0,0.0,0,0.0
E01004007,5,0,0.0,0,0.0,0,0.0,0,0.0,0,0.0,0,0.0,0,0.0,0,0.0,0,0.0,0,0.0,0,0.0,0,0.0
E01004008,9,0,0.0,0,0.0,0,0.0,0,0.0,0,0.0,0,0.0,0,0.0,0,0.0,0,0.0,0,0.0,0,0.0,0,0.0
E01004010,7,0,0.0,0,0.0,0,0.0,0,0.0,0,0.0,0,0.0,0,0.0,0,0.0,0,0.0,0,0.0,0,0.0,0,0.0
E01004011,10,0,0.0,0,0.0,0,0.0,0,0.0,0,0.0,0,0.0,0,0.0,0,0.0,0,0.0,0,0.0,0,0.0,0,0.0
E01004012,13,0,0.0,0,0.0,0,0.0,0,0.0,0,0.0,0,0.0,0,0.0,0,0.0,0,0.0,0,0.0,0,0.0,0,0.0
E01004013,7,0,0.0,0,0.0,0,0.0,0,0.0,0,0.0,0,0.0,0,0.0,0,0.0,0,0.0,0,0.0,0,0.0,0,0.0
E01004014,3,0,0.0,0,0.0,0,0.0,0,0.0,0,0.0,0,0.0,0,0.0,0,0.0,0,0.0,0,0.0,0,0.0,0,0.0
E01004015,12,0,0.0,0,0.0,0,0.0,0,0.0,0,0.0,0,0.0,0,0.0,0,0.0,0,0.0,0,0.0,0,0.0,0,0.0
E01004016,42,0,0.0,0,0.0,0,0.0,0,0.0,0,0.0,0,0.0,0,0.0,0,0.0,0,0.0,0,0.0,0,0.0,0,0.0
E01004017,14,0,0.0,0,0.0,0,0.0,0,0.0,0,0.0,0,0.0,0,0.0,0,0.0,0,0.0,0,0.0,0,0.0,0,0.0
E01004018,23,0,0.0,0,0.0,0,0.0,0,0.0,0,0.0,0,0.0,0,0.0,0,0.0,0,0.0,0,0.0,0,0.0,0,0.0
E01004019,17,0,0.0,0,0.0,0,0.0,0,0.0,0,0.0,0,0.0,0,0.0,0,0.0,0,0.0,0,0.0,0,0.0,0,0.0
E01004020,10,0,0.0,0,0.0,0,0.0,0,0.0,0,0.0,0,0.0,0,0.0,0,0.0,0,0.0,0,0.0,0,0.0,0,0.0
E01004021,21,0,0.0,0,0.0,0,0.0,0,0.0,0,0.0,0,0.0,0,0.0,0,0.0,0,0.0,0,0.0,0,0.0,0,0.0
E01004023,6,0,0.0,0,0.0,0,0.0,0,0.0,0,0.0,0,0.0,0,0.0,0,0.0,0,0.0,0,0.0,0,0.0,0,0.0
E01004024,6,0,0.0,0,0.0,0,0.0,0,0.0,0,0.0,0,0.0,0,0.0,0,0.0,0,0.0,0,0.0,0,0.0,0,0.0
E01004028,15,0,0.0,0,0.0,0,0.0,0,0.0,0,0.0,0,0.0,0,0.0,0,0.0,0,0.0,0,0.0,0,0.0,0,0.0
E01004029,7,0,0.0,0,0.0,0,0.0,0,0.0,0,0.0,0,0.0,0,0.0,0,0.0,0,0.0,0,0.0,0,0.0,0,0.0
E01004030,5,0,0.0,0,0.0,0,0.0,0,0.0,0,0.0,0,0.0,0,0.0,0,0.0,0,0.0,0,0.0,0,0.0,0,0.0
E01004031,4,0,0.0,0,0.0,0,0.0,0,0.0,0,0.0,0,0.0,0,0.0,0,0.0,0,0.0,0,0.0,0,0.0,0,0.0
E01004032,1,0,0.0,0,0.0,0,0.0,0,0.0,0,0.0,0,0.0,0,0.0,0,0.0,0,0.0,0,0.0,0,0.0,0,0.0
E01004033,6,0,0.0,0,0.0,0,0.0,0,0.0,0,0.0,0,0.0,0,0.0,0,0.0,0,0.0,0,0.0,0,0.0,0,0.0
E01004034,6,0,0.0,0,0.0,0,0.0,0,0.0,0,0.0,0,0.0,0,0.0,0,0.0,0,0.0,0,0.0,0,0.0,0,0.0
E01004035,9,0,0.0,0,0.0,0,0.0,0,0.0,0,0.0,0,0.0,0,0.0,0,0.0,0,0.0,0,0.0,0,0.0,0,0.0
E01004036,5,0,0.0,0,0.0,0,0.0,0,0.0,0,0.0,0,0.0,0,0.0,0,0.0,0,0.0,0,0.0,0,0.0,0,0.0
E01004037,2,0,0.0,0,0.0,0,0.0,0,0.0,0,0.0,0,0.0,0,0.0,0,0.0,0,0.0,0,0.0,0,0.0,0,0.0
E01004038,8,0,0.0,0,0.0,0,0.0,0,0.0,0,0.0,0,0.0,0,0.0,0,0.0,0,0.0,0,0.0,0,0.0,0,0.0
E01004039,5,0,0.0,0,0.0,0,0.0,0,0.0,0,0.0,0,0.0,0,0.0,0,0.0,0,0.0,0,0.0,0,0.0,0,0.0
E01004040,1,0,0.0,0,0.0,0,0.0,0,0.0,0,0.0,0,0.0,0,0.0,0,0.0,0,0.0,0,0.0,0,0.0,0,0.0
E01004041,1,0,0.0,0,0.0,0,0.0,0,0.0,0,0.0,0,0.0,0,0.0,0,0.0,0,0.0,0,0.0,0,0.0,0,0.0
E01004042,11,0,0.0,0,0.0,0,0.0,0,0.0,0,0.0,0,0.0,0,0.0,0,0.0,0,0.0,0,0.0,0,0.0,0,0.0
E01004043,12,0,0.0,0,0.0,0,0.0,0,0.0,0,0.0,0,0.0,0,0.0,0,0.0,0,0.0,0,0.0,0,0.0,0,0.0
E01004044,3,0,0.0,0,0.0,0,0.0,0,0.0,0,0.0,0,0.0,0,0.0,0,0.0,0,0.0,0,0.0,0,0.0,0,0.0
E01004045,10,0,0.0,0,0.0,0,0.0,0,0.0,0,0.0,0,0.0,0,0.0,0,0.0,0,0.0,0,0.0,0,0.0,0,0.0
E01004046,6,0,0.0,0,0.0,0,0.0,0,0.0,0,0.0,0,0.0,0,0.0,0,0.0,0,0.0,0,0.0,0,0.0,0,0.0
E01004047,14,0,0.0,0,0.0,0,0.0,0,0.0,0,0.0,0,0.0,0,0.0,0,0.0,0,0.0,0,0.0,0,0.0,0,0.0
E01004048,14,0,0.0,0,0.0,0,0.0,0,0.0,0,0.0,0,0.0,0,0.0,0,0.0,0,0.0,0,0.0,0,0.0,0,0.0
E01004049,3,0,0.0,0,0.0,0,0.0,0,0.0,0,0.0,0,0.0,0,0.0,0,0.0,0,0.0,0,0.0,0,0.0,0,0.0
E01004050,10,0,0.0,0,0.0,0,0.0,0,0.0,0,0.0,0,0.0,0,0.0,0,0.0,0,0.0,0,0.0,0,0.0,0,0.0
E01004051,6,0,0.0,0,0.0,0,0.0,0,0.0,0,0.0,0,0.0,0,0.0,0,0.0,0,0.0,0,0.0,0,0.0,0,0.0
E01004052,23,0,0.0,0,0.0,0,0.0,0,0.0,0,0.0,0,0.0,0,0.0,0,0.0,0,0.0,0,0.0,0,0.0,0,0.0
E01004053,1,0,0.0,0,0.0,0,0.0,0,0.0,0,0.0,0,0.0,0,0.0,0,0.0,0,0.0,0,0.0,0,0.0,0,0.0
E01004054,2,0,0.0,0,0.0,0,0.0,0,0.0,0,0.0,0,0.0,0,0.0,0,0.0,0,0.0,0,0.0,0,0.0,0,0.0
E01004055,4,0,0.0,0,0.0,0,0.0,0,0.0,0,0.0,0,0.0,0,0.0,0,0.0,0,0.0,0,0.0,0,0.0,0,0.0
E01004056,5,0,0.0,0,0.0,0,0.0,0,0.0,0,0.0,0,0.0,0,0.0,0,0.0,0,0.0,0,0.0,0,0.0,0,0.0
E01004057,3,0,0.0,0,0.0,0,0.0,0,0.0,0,0.0,0,0.0,0,0.0,0,0.0,0,0.0,0,0.0,0,0.0,0,0.0
E01004058,3,0,0.0,0,0.0,0,0.0,0,0.0,0,0.0,0,0.0,0,0.0,0,0.0,0,0.0,0,0.0,0,0.0,0,0.0
E01004059,2,0,0.0,0,0.0,0,0.0,0,0.0,0,0.0,0,0.0,0,0.0,0,0.0,0,0.0,0,0.0,0,0.0,0,0.0
E01004060,5,0,0.0,0,0.0,0,0.0,0,0.0,0,0.0,0,0.0,0,0.0,0,0.0,0,0.0,0,0.0,0,0.0,0,0.0
E01004061,25,0,0.0,0,0.0,0,0.0,0,0.0,0,0.0,0,0.0,0,0.0,0,0.0,0,0.0,0,0.0,0,0.0,0,0.0
E01004062,3,0,0.0,0,0.0,0,0.0,0,0.0,0,0.0,0,0.0,0,0.0,0,0.0,0,0.0,0,0.0,0,0.0,0,0.0
E01004063,4,0,0.0,0,0.0,0,0.0,0,0.0,0,0.0,0,0.0,0,0.0,0,0.0,0,0.0,0,0.0,0,0.0,0,0.0
E01004064,11,0,0.0,0,0.0,0,0.0,0,0.0,0,0.0,0,0.0,0,0.0,0,0.0,0,0.0,0,0.0,0,0.0,0,0.0
E01004065,0,0,0.0,0,0.0,0,0.0,0,0.0,0,0.0,0,0.0,0,0.0,0,0.0,0,0.0,0,0.0,0,0.0,0,0.0
E01004066,21,0,0.0,0,0.0,0,0.0,0,0.0,0,0.0,0,0.0,0,0.0,0,0.0,0,0.0,0,0.0,0,0.0,0,0.0
E01004067,13,0,0.0,0,0.0,0,0.0,0,0.0,0,0.0,0,0.0,0,0.0,0,0.0,0,0.0,0,0.0,0,0.0,0,0.0
E01004068,23,0,0.0,0,0.0,0,0.0,0,0.0,0,0.0,0,0.0,0,0.0,0,0.0,0,0.0,0,0.0,0,0.0,0,0.0
E01004069,2,0,0.0,0,0.0,0,0.0,0,0.0,0,0.0,0,0.0,0,0.0,0,0.0,0,0.0,0,0.0,0,0.0,0,0.0
E01004070,41,0,0.0,0,0.0,0,0.0,0,0.0,0,0.0,0,0.0,0,0.0,0,0.0,0,0.0,0,0.0,0,0.0,0,0.0
E01004071,23,0,0.0,0,0.0,0,0.0,0,0.0,0,0.0,0,0.0,0,0.0,0,0.0,0,0.0,0,0.0,0,0.0,0,0.0
E01004072,24,0,0.0,0,0.0,0,0.0,0,0.0,0,0.0,0,0.0,0,0.0,0,0.0,0,0.0,0,0.0,0,0.0,0,0.0
E01004073,26,0,0.0,0,0.0,0,0.0,0,0.0,0,0.0,0,0.0,0,0.0,0,0.0,0,0.0,0,0.0,0,0.0,0,0.0
E01004074,31,0,0.0,0,0.0,0,0.0,0,0.0,0,0.0,0,0.0,0,0.0,0,0.0,0,0.0,0,0.0,0,0.0,0,0.0
E01004075,28,0,0.0,0,0.0,0,0.0,0,0.0,0,0.0,0,0.0,0,0.0,0,0.0,0,0.0,0,0.0,0,0.0,0,0.0
E01004076,4,0,29.408075,0,29.408075,1,13.333419,0,29.528243,0,29.528243,1,13.453587,0,29.751945,0,29.751945,1,13.677289,0,29.955914,0,29.955914,0,29.955914
E01004077,2,0,66.114167,0,66.114167,4,1.8155437,0,65.463495,0,65.463495,4,1.1648718,0,64.252218,0,64.252218,0,64.252218,0,63.14779,0,63.14779,3,14.923823
E01004078,2,0,75.104288,0,75.104288,0,75.104288,0,75.147635,0,75.147635,0,75.147635,0,75.228328,0,75.228328,0,75.228328,0,75.301903,0,75.301903,0,75.301903
E01004079,3,0,48.690145,3,0.46617717,3,0.46617717,0,46.809539,2,14.660228,2,14.660228,0,43.308646,0,43.308646,2,11.159335,0,40.116572,0,40.116572,2,7.9672601
E01004080,0,0,92.352273,0,92.352273,5,11.978994,0,90.785486,0,90.785486,5,10.412207,0,87.86879,5,7.4955112,5,7.4955112,0,85.20938,0,85.20938,5,4.8361012
E01004081,0,0,93.734416,5,13.361137,5,13.361137,0,92.949093,5,12.575814,5,12.575814,0,91.487153,5,11.113874,5,11.113874,0,90.154173,0,90.154173,5,9.7808937
E01004082,0,0,86.949351,5,6.5760717,5,6.5760717,0,85.73725,0,85.73725,5,5.3639709,0,83.48083,5,3.107551,5,3.107551,0,81.423452,0,81.423452,5,1.0501729
E01004083,0,0,77.274351,4,12.975728,4,12.975728,0,79.009742,0,79.009742,4,14.711119,0,82.240309,0,82.240309,5,1.8670303,0,85.185903,0,85.185903,5,4.8126243
E01004084,0,0,113.71266,7,1.1900719,7,1.1900719,0,111.65033,6,15.2024,7,0.0,0,107.81115,0,107.81115,6,11.363216,0,104.31063,6,7.8626921,6,7.8626921
E01004085,0,0,121.00032,7,8.4777342,7,8.4777342,0,118.90028,7,6.3776941,6,22.45235,0,114.9909,0,114.9909,7,2.4683061,0,111.42636,0,111.42636,6,14.978426
E01004086,0,0,111.57662,6,15.128689,6,15.128689,0,111.07733,0,111.07733,0,111.07733,0,110.14785,6,13.699914,6,13.699914,0,109.30036,0,109.30036,6,12.852426
E01004087,2,0,80.436177,5,0.062897902,0,80.436177,0,78.339361,0,78.339361,0,78.339361,0,74.435974,0,74.435974,4,10.137351,0,70.87691,0,70.87691,0,70.87691
E01004088,0,0,80.666883,5,0.2936042,5,0.2936042,0,82.730354,5,2.3570746,5,2.3570746,0,86.571664,0,86.571664,5,6.1983853,0,90.074128,0,90.074128,5,9.7008487
E01004089,0,0,63.452922,0,63.452922,3,15.228955,0,64.469258,0,64.469258,4,0.17063517,0,66.361247,0,66.361247,4,2.0626241,0,68.086341,0,68.086341,4,3.787718
E01004090,0,0,51.516234,0,51.516234,0,51.516234,0,52.69327,0,52.69327,3,4.4693024,0,54.884414,0,54.884414,3,6.6604463,0,56.882274,0,56.882274,3,8.6583065
E01004091,0,0,99.388636,0,99.388636,6,2.9407017,0,97.421219,6,0.97328461,1,81.346564,0,93.75872,0,93.75872,5,13.385441,0,90.419294,0,90.419294,5,10.046015
E01004092,3,0,62.94239,0,62.94239,3,14.718422,0,60.93709,0,60.93709,3,12.713123,0,57.204069,0,57.204069,3,8.9801019,0,53.800343,0,53.800343,3,5.5763758
E01004093,0,0,103.40942,0,103.40942,6,6.9614809,0,101.66513,6,5.2171967,6,5.2171967,0,98.418011,6,1.9700761,6,1.9700761,0,95.457323,5,15.084044,5,15.084044
E01004094,0,0,113.58701,7,1.0644225,7,1.0644225,0,112.04791,0,112.04791,6,15.599976,0,109.18275,6,12.734818,6,12.734818,0,106.57033,6,10.122399,6,10.122399
E01004095,0,0,105.04286,6,8.5949224,6,8.5949224,0,103.21977,6,6.7718346,6,6.7718346,0,99.82595,6,3.378015,6,3.378015,0,96.731503,6,0.28356875,6,0.28356875
E01004096,2,0,48.589753,0,48.589753,0,48.589753,0,48.512083,0,48.512083,3,0.28811598,0,48.367495,0,48.367495,3,0.14352725,0,48.23566,0,48.23566,3,0.011692892
E01004097,0,0,103.40942,6,6.9614809,6,6.9614809,0,101.9174,6,5.4694675,6,5.4694675,0,99.139903,6,2.6919686,6,2.6919686,0,96.607411,6,0.15947661,6,0.15947661
E01004098,3,0,34.555177,0,34.555177,2,2.405865,0,33.142723,0,33.142723,0,33.142723,0,30.513332,0,30.513332,1,14.438676,0,28.115882,0,28.115882,1,12.041226
E01004099,6,0,0.0,0,0.0,0,0.0,0,0.0,0,0.0,0,0.0,0,0.0,0,0.0,0,0.0,0,0.0,0,0.0,0,0.0
E01004100,1,0,81.010783,0,81.010783,5,0.63750447,0,79.657382,0,79.657382,0,79.657382,0,77.137921,0,77.137921,4,12.839298,0,74.840705,0,74.840705,4,10.542082
E01004101,0,0,89.713636,0,89.713636,5,9.3403574,0,88.296667,5,7.9233884,5,7.9233884,0,85.658869,0,85.658869,5,5.2855904,0,83.253755,0,83.253755,5,2.8804761
E01004102,5,0,9.3533674,0,9.3533674,0,9.3533674,0,8.2426406,0,8.2426406,0,8.2426406,0,6.1749362,0,6.1749362,0,6.1749362,0,4.2896269,0,4.2896269,0,4.2896269
E01004103,3,0,47.643544,0,47.643544,0,47.643544,0,46.793575,2,14.644263,0,46.793575,0,45.211292,0,45.211292,2,13.06198,0,43.768584,0,43.768584,2,11.619272
E01004104,1,0,83.690929,0,83.690929,5,3.3176497,0,81.910755,0,81.910755,0,81.910755,0,78.596824,0,78.596824,4,14.2982,0,75.575218,0,75.575218,4,11.276595
E01004105,0,0,121.87987,7,9.3572796,7,9.3572796,0,120.35923,7,7.8366346,7,7.8366346,0,117.52843,7,5.0058357,7,5.0058357,7,2.4247454,7,2.4247454,7,2.4247454
E01004106,0,0,124.39286,0,124.39286,7,11.870267,0,121.71199,7,9.1893946,0,121.71199,0,116.72133,0,116.72133,7,4.1987429,0,112.17091,0,112.17091,5,31.797635
E01004107,2,0,65.11534,0,65.11534,4,0.8167167,0,64.661106,0,64.661106,4,0.36248304,0,63.815515,0,63.815515,3,15.591548,0,63.044514,0,63.044514,3,14.820547
E01004108,0,0,138.08864,0,138.08864,8,9.4913901,0,136.24449,0,136.24449,8,7.6472411,0,132.81146,0,132.81146,8,4.2142143,0,129.68127,0,129.68127,8,1.0840195
E01004109,0,0,105.79675,0,105.79675,6,9.3488185,0,105.68465,6,9.2367196,0,105.68465,0,105.47597,0,105.47597,6,9.0280386,0,105.2857,0,105.2857,6,8.8377657
E01004110,0,0,113.96396,7,1.4413706,7,1.4413706,0,113.16484,7,0.64225157,7,0.64225157,6,15.229285,3,63.453253,6,15.229285,0,110.32082,6,13.872888,6,13.872888
E01004111,0,0,96.498701,6,0.0507666,6,0.0507666,0,95.181729,5,14.80845,5,14.80845,0,92.730083,5,12.356804,5,12.356804,5,10.12142,5,10.12142,5,10.12142
E01004112,0,0,116.47695,7,3.9543576,7,3.9543576,0,114.14853,7,1.6259422,7,1.6259422,0,109.81401,6,13.366072,6,13.366072,0,105.86183,6,9.4138998,6,9.4138998
E01004114,0,0,147.13539,9,2.4634876,9,2.4634876,0,144.05052,0,144.05052,8,15.453278,0,138.30781,8,9.7105617,8,9.7105617,8,4.4744181,8,4.4744181,8,4.4744181
E01004115,1,0,98.921277,6,2.4733426,6,2.4733426,0,97.396749,6,0.94881398,6,0.94881398,0,94.55872,0,94.55872,5,14.185441,0,91.971038,0,91.971038,5,11.597759
E01004116,0,0,105.29416,0,105.29416,6,8.8462211,0,103.84687,6,7.3989375,6,7.3989375,0,101.15264,0,101.15264,0,101.15264,0,98.696072,0,98.696072,6,2.2481374
E01004117,0,0,97.503896,0,97.503896,6,1.0559614,0,95.726021,0,95.726021,5,15.352742,0,92.416368,0,92.416368,0,92.416368,0,89.398664,0,89.398664,5,9.025385
E01004118,6,0,7.920151,0,7.920151,0,7.920151,0,7.0355529,0,7.0355529,0,7.0355529,0,5.3888048,0,5.3888048,0,5.3888048,0,3.8873186,0,3.8873186,0,3.8873186
E01004119,2,0,67.664238,0,67.664238,4,3.3656147,0,65.961128,4,1.6625048,4,1.6625048,0,62.790656,0,62.790656,0,62.790656,0,59.899857,0,59.899857,3,11.675889
E01004120,0,0,106.425,0,106.425,6,9.9770653,0,104.28714,6,7.8392068,6,7.8392068,0,100.30735,0,100.30735,0,100.30735,0,96.678625,0,96.678625,6,0.23068985
E01004121,3,0,39.106156,0,39.106156,2,6.9568441,0,38.348924,0,38.348924,2,6.199612,0,36.939277,0,36.939277,0,36.939277,0,35.653977,0,35.653977,0,35.653977
E01004122,0,0,90.718831,0,90.718831,5,10.345552,0,89.091231,0,89.091231,5,8.7179525,0,86.061328,0,86.061328,0,86.061328,0,83.298697,0,83.298697,0,83.298697
E01004123,1,0,0.0,0,0.0,0,0.0,0,0.0,0,0.0,0,0.0,0,0.0,0,0.0,0,0.0,0,0.0,0,0.0,0,0.0
E01004124,1,0,0.0,0,0.0,0,0.0,0,0.0,0,0.0,0,0.0,0,0.0,0,0.0,0,0.0,0,0.0,0,0.0,0,0.0
E01004125,2,0,0.0,0,0.0,0,0.0,0,0.0,0,0.0,0,0.0,0,0.0,0,0.0,0,0.0,0,0.0,0,0.0,0,0.0
E01004126,0,0,0.0,0,0.0,0,0.0,0,0.0,0,0.0,0,0.0,0,0.0,0,0.0,0,0.0,0,0.0,0,0.0,0,0.0
E01004127,0,6,7.2127796,6,7.2127796,6,7.2127796,6,7.1231746,6,7.1231746,6,7.1231746,0,103.4043,6,6.956368,6,6.956368,6,6.8042756,6,6.8042756,6,6.8042756
E01004128,0,0,47.123824,2,14.974512,2,14.974512,0,51.229174,3,3.0052071,3,3.0052071,0,61.912038,3,13.688071,4,0.0,4,12.114748,4,12.114748,4,12.114748
E01004129,0,0,0.0,0,0.0,0,0.0,0,0.0,0,0.0,0,0.0,0,0.0,0,0.0,0,0.0,0,0.0,0,0.0,0,0.0
E01004130,3,0,41.032438,0,41.032438,2,8.8831268,0,37.702663,0,37.702663,2,5.5533516,0,13.582426,0,2.3934537,0,13.582426,0,0.0,0,0.0,0,0.0
E01004131,1,0,94.496773,0,94.496773,5,14.123494,0,93.43012,0,93.43012,5,13.056841,0,91.444463,0,91.444463,0,91.444463,0,89.633964,0,89.633964,0,89.633964
E01004132,0,0,100.39383,0,100.39383,0,100.39383,0,98.671023,0,98.671023,6,2.2230887,0,95.463883,0,95.463883,0,95.463883,0,92.539648,0,92.539648,0,92.539648
E01004133,0,0,101.39903,0,101.39903,0,101.39903,0,99.668863,0,99.668863,6,3.2209285,0,96.448031,0,96.448031,0,96.448031,0,93.511312,0,93.511312,0,93.511312
E01004134,0,0,0.0,0,0.0,0,0.0,0,0.0,0,0.0,0,0.0,0,0.0,0,0.0,0,0.0,0,0.0,0,0.0,0,0.0
E01004135,0,0,0.0,0,0.0,0,0.0,0,0.0,0,0.0,0,0.0,0,0.0,0,0.0,0,0.0,0,0.0,0,0.0,0,0.0
E01004136,0,0,0.0,0,0.0,0,0.0,0,0.0,0,0.0,0,0.0,0,0.0,0,0.0,0,0.0,0,0.0,0,0.0,0,0.0
E01004137,1,0,73.348973,0,73.348973,4,9.0503498,0,72.411384,0,72.411384,4,8.1127613,0,70.665991,0,70.665991,4,6.3673674,0,69.07456,0,69.07456,4,4.7759371
E01004138,2,0,56.684779,0,56.684779,3,8.460812,0,56.330597,0,56.330597,3,8.1066296,0,55.671259,0,55.671259,3,7.4472915,0,55.070082,0,55.070082,3,6.8461145
E01004139,2,0,45.404426,0,45.404426,0,45.404426,0,44.769803,0,44.769803,2,12.620492,0,43.588403,0,43.588403,2,11.439092,0,42.511216,0,42.511216,2,10.361905
E01004140,3,0,26.383192,0,26.383192,0,26.383192,0,27.37434,0,27.37434,1,11.299684,0,29.219439,0,29.219439,1,13.144784,0,30.90178,0,30.90178,0,30.90178
E01004141,3,0,28.701361,0,28.701361,0,28.701361,0,29.558164,0,29.558164,1,13.483508,0,31.153167,0,31.153167,1,15.078511,0,32.607474,0,32.607474,2,0.45816199
E01004143,5,0,0.0,0,0.0,0,0.0,0,0.0,0,0.0,0,0.0,0,0.0,0,0.0,0,0.0,0,0.0,0,0.0,0,0.0
E01004144,0,6,12.615702,6,12.615702,6,12.615702,6,11.052751,6,11.052751,6,11.052751,6,8.1431955,6,8.1431955,6,8.1431955,6,5.0535055,6,5.0535055,0,101.50144
E01004145,0,0,0.0,0,0.0,0,0.0,0,0.0,0,0.0,0,0.0,0,0.0,0,0.0,0,0.0,0,0.0,0,0.0,0,0.0
E01004146,4,0,31.762126,0,31.762126,0,31.762126,0,30.704221,0,30.704221,0,30.704221,0,28.73485,0,28.73485,1,12.660194,0,26.9392,0,26.9392,0,26.9392
E01004147,0,6,3.1920004,6,3.1920004,6,3.1920004,6,1.9488339,6,1.9488339,6,1.9488339,5,15.709239,5,15.709239,5,15.709239,5,13.599131,5,13.599131,5,13.599131
E01004148,1,0,65.217652,0,65.217652,4,0.9190284,0,66.0517,0,66.0517,4,1.7530768,0,67.604346,0,67.604346,4,3.3057229,0,69.020031,0,69.020031,4,4.7214078
E01004149,1,0,90.186515,0,90.186515,5,9.8132362,0,88.985167,0,88.985167,5,8.6118886,0,86.748766,0,86.748766,5,6.3754866,0,84.70964,0,84.70964,5,4.3363607
E01004150,2,0,50.306303,0,50.306303,0,50.306303,0,50.661473,0,50.661473,3,2.4375059,0,51.32265,0,51.32265,3,3.0986822,0,51.925502,0,51.925502,3,3.7015351
E01004151,1,0,81.303591,0,81.303591,0,81.303591,0,80.601767,0,80.601767,5,0.22848803,0,79.295267,0,79.295267,0,79.295267,0,78.104015,0,78.104015,4,13.805392
E01004152,1,0,73.851603,0,73.851603,0,73.851603,0,73.703669,0,73.703669,4,9.4050456,0,73.428278,0,73.428278,4,9.1296552,0,73.177181,0,73.177181,4,8.8785574
E01004153,1,0,83.73219,0,83.73219,0,83.73219,0,82.866773,0,82.866773,5,2.4934943,0,81.255733,0,81.255733,5,0.88245372,0,79.786804,0,79.786804,4,15.488181
E01004154,1,0,83.238553,0,83.238553,5,2.8652742,0,81.447069,0,81.447069,5,1.0737904,0,78.112083,0,78.112083,4,13.81346,0,75.07128,0,75.07128,4,10.772657
E01004155,4,0,34.639132,0,34.639132,0,34.639132,0,33.675051,0,33.675051,2,1.5257399,0,31.880341,0,31.880341,0,31.880341,0,30.243945,0,30.243945,1,14.169289
E01004156,1,0,77.084834,0,77.084834,0,77.084834,0,76.149788,0,76.149788,4,11.851164,0,74.409125,0,74.409125,0,74.409125,0,72.822009,0,72.822009,4,8.5233856
E01004157,0,0,86.823701,5,6.4504224,5,6.4504224,0,85.062648,5,4.6893687,5,4.6893687,0,81.784309,5,1.4110305,5,1.4110305,4,14.496535,4,14.496535,4,14.496535
E01004158,2,0,63.373362,0,63.373362,0,63.373362,0,62.153601,0,62.153601,3,13.929634,0,59.882921,0,59.882921,0,59.882921,0,57.812542,0,57.812542,3,9.5885742
E01004159,0,0,96.75,0,96.75,6,0.3020653,0,95.712828,5,15.339549,5,15.339549,0,93.782052,0,93.782052,5,13.408773,0,92.021592,0,92.021592,5,11.648313
E01004160,3,0,49.372065,0,49.372065,0,49.372065,0,48.411536,0,48.411536,3,0.18756843,0,46.623435,0,46.623435,0,46.623435,0,44.993065,0,44.993065,0,44.993065
E01004161,1,0,79.5445,0,79.5445,4,15.245877,0,78.295515,0,78.295515,4,13.996892,0,75.970433,0,75.970433,0,75.970433,0,73.850449,0,73.850449,0,73.850449
E01004162,3,0,34.760847,0,34.760847,0,34.760847,0,34.3814,0,34.3814,2,2.232088,0,33.675028,0,33.675028,2,1.5257162,0,33.030966,0,33.030966,2,0.88165441
E01004163,0,6,13.872195,6,13.872195,0,110.32013,6,12.517307,6,12.517307,6,12.517307,6,9.9950763,6,9.9950763,6,9.9950763,6,7.6953354,6,7.6953354,6,7.6953354
E01004164,0,5,9.8429549,5,9.8429549,5,9.8429549,0,89.125857,5,8.7525777,5,8.7525777,0,87.096035,5,6.7227558,5,6.7227558,5,4.8719873,5,4.8719873,5,4.8719873
E01004165,2,3,12.500346,3,12.500346,3,12.500346,3,12.329438,0,60.553405,3,12.329438,3,12.01128,3,12.01128,3,12.01128,3,11.721186,3,11.721186,3,11.721186
E01004166,2,0,60.946064,3,12.722096,3,12.722096,0,60.220601,3,11.996634,3,11.996634,0,58.870096,3,10.646128,3,10.646128,0,57.63872,0,57.63872,3,9.4147529
E01004167,0,0,76.771753,4,12.47313,4,12.47313,0,77.649319,4,13.350696,4,13.350696,4,14.984354,4,14.984354,4,14.984354,0,80.772527,5,0.39924811,5,0.39924811
E01004168,0,0,101.65032,6,5.20239,6,5.20239,0,100.26305,6,3.8151105,6,3.8151105,0,97.680517,6,1.232582,6,1.232582,0,95.325797,5,14.952518,5,14.952518
E01004169,0,5,9.3403574,5,9.3403574,5,9.3403574,5,9.5517029,5,9.5517029,5,9.5517029,5,9.9451389,5,9.9451389,5,9.9451389,5,10.303869,5,10.303869,5,10.303869
E01004170,1,0,104.98756,0,104.98756,6,8.5396281,0,104.39857,0,104.39857,6,7.9506311,0,103.3021,6,6.8541673,6,6.8541673,0,102.30236,0,102.30236,6,5.8544241
E01004171,0,0,91.598377,0,91.598377,5,11.225098,0,90.401912,5,10.028633,5,10.028633,0,88.174599,0,88.174599,5,7.80132,0,86.14376,0,86.14376,5,5.7704815
E01004172,5,0,12.838148,0,12.838148,0,12.838148,0,13.739911,0,13.739911,0,13.739911,0,15.418613,0,15.418613,0,15.418613,0,16.949234,0,16.949234,0,16.949234
E01004173,1,0,70.623396,0,70.623396,0,70.623396,0,69.685522,4,5.386899,4,5.386899,0,67.939597,0,67.939597,4,3.6409737,0,66.347682,0,66.347682,0,66.347682
E01004174,2,0,61.440623,0,61.440623,0,61.440623,0,60.866561,3,12.642594,3,12.642594,0,59.797901,0,59.797901,3,11.573933,0,58.823508,0,58.823508,0,58.823508
E01004175,1,0,90.345767,5,9.9724884,5,9.9724884,0,89.038773,0,89.038773,5,8.6654938,0,86.605701,0,86.605701,5,6.2324219,0,84.387253,0,84.387253,5,4.0139745
E01004176,0,0,70.867294,0,70.867294,4,6.5686709,0,70.032687,4,5.7340637,4,5.7340637,0,68.479001,0,68.479001,4,4.1803775,0,67.062367,0,67.062367,4,2.7637441
E01004177,3,0,42.440368,0,42.440368,2,10.291057,0,42.928215,0,42.928215,0,42.928215,0,43.836379,0,43.836379,2,11.687068,0,44.664434,0,44.664434,2,12.515122
E01004178,0,7,4.456955,7,4.456955,7,4.456955,7,4.4243272,7,4.4243272,7,4.4243272,7,4.3635882,7,4.3635882,7,4.3635882,7,4.308207,7,4.308207,7,4.308207
E01004179,4,0,41.896159,0,41.896159,0,41.896159,0,40.249969,0,40.249969,0,40.249969,0,37.185458,0,37.185458,2,5.0361464,0,34.391272,0,34.391272,2,2.2419601
E01004180,2,0,105.28261,0,105.28261,6,8.8346742,0,102.70964,6,6.2617018,0,102.70964,0,97.919848,0,97.919848,6,1.4719137,0,93.552574,0,93.552574,5,13.179295
E01004181,4,0,38.211156,0,38.211156,2,6.0618441,0,37.892476,2,5.743164,0,37.02022,0,37.299228,0,37.299228,2,5.1499162,0,36.758311,0,36.758311,2,4.6089995
E01004182,4,0,18.574122,0,18.574122,1,2.4994661,0,19.33543,0,19.33543,1,3.2607744,0,20.752665,0,20.752665,1,4.6780091,0,22.044883,0,22.044883,1,5.9702275
E01004183,0,0,0.0,0,0.0,0,0.0,0,0.0,0,0.0,0,0.0,0,0.0,0,0.0,0,0.0,0,0.0,0,0.0,0,0.0
E01004184,0,0,0.0,0,0.0,0,0.0,0,0.0,0,0.0,0,0.0,0,0.0,0,0.0,0,0.0,0,0.0,0,0.0,0,0.0
E01004185,0,0,0.0,0,0.0,0,0.0,0,0.0,0,0.0,0,0.0,0,0.0,0,0.0,0,0.0,0,0.0,0,0.0,0,0.0
E01004186,4,0,0.0,0,0.0,0,0.0,0,0.0,0,0.0,0,0.0,0,0.0,0,0.0,0,0.0,0,0.0,0,0.0,0,0.0
E01004187,0,0,0.0,0,0.0,0,0.0,0,0.0,0,0.0,0,0.0,0,0.0,0,0.0,0,0.0,0,0.0,0,0.0,0,0.0
E01004189,0,0,0.0,0,0.0,0,0.0,0,0.0,0,0.0,0,0.0,0,0.0,0,0.0,0,0.0,0,0.0,0,0.0,0,0.0
E01004190,0,0,93.860065,0,93.860065,0,93.860065,0,92.176108,0,92.176108,5,11.802829,0,89.041291,0,89.041291,0,89.041291,0,86.183,0,86.183,0,86.183
E01004191,2,0,84.624275,0,84.624275,0,84.624275,0,83.349657,0,83.349657,5,2.9763784,0,80.976858,0,80.976858,0,80.976858,0,78.813367,0,78.813367,0,78.813367
E01004192,1,0,0.0,0,0.0,0,0.0,0,0.0,0,0.0,0,0.0,0,0.0,0,0.0,0,0.0,0,0.0,0,0.0,0,0.0
E01004193,0,0,0.0,0,0.0,0,0.0,0,0.0,0,0.0,0,0.0,0,0.0,0,0.0,0,0.0,0,0.0,0,0.0,0,0.0
E01004194,0,0,19.587314,0,19.587314,0,19.587314,0,0.0,0,0.0,0,0.0,0,0.0,0,0.0,0,0.0,0,0.0,0,0.0,0,0.0
E01004195,2,0,58.828614,0,58.828614,0,58.828614,0,58.332718,0,58.332718,3,10.108751,0,57.409569,0,57.409569,0,57.409569,0,56.567852,0,56.567852,0,56.567852
E01004196,0,0,100.89643,0,100.89643,0,100.89643,0,99.548975,0,99.548975,6,3.1010401,0,97.040585,0,97.040585,0,97.040585,0,94.753463,0,94.753463,0,94.753463
E01004198,9,0,0.0,0,0.0,0,0.0,0,0.0,0,0.0,0,0.0,0,0.0,0,0.0,0,0.0,0,0.0,0,0.0,0,0.0
E01004199,18,0,0.0,0,0.0,0,0.0,0,0.0,0,0.0,0,0.0,0,0.0,0,0.0,0,0.0,0,0.0,0,0.0,0,0.0
E01004200,20,0,0.0,0,0.0,0,0.0,0,0.0,0,0.0,0,0.0,0,0.0,0,0.0,0,0.0,0,0.0,0,0.0,0,0.0
E01004201,20,0,0.0,0,0.0,0,0.0,0,0.0,0,0.0,0,0.0,0,0.0,0,0.0,0,0.0,0,0.0,0,0.0,0,0.0
E01004202,16,0,0.0,0,0.0,0,0.0,0,0.0,0,0.0,0,0.0,0,0.0,0,0.0,0,0.0,0,0.0,0,0.0,0,0.0
E01004203,22,0,0.0,0,0.0,0,0.0,0,0.0,0,0.0,0,0.0,0,0.0,0,0.0,0,0.0,0,0.0,0,0.0,0,0.0
E01004204,16,0,0.0,0,0.0,0,0.0,0,0.0,0,0.0,0,0.0,0,0.0,0,0.0,0,0.0,0,0.0,0,0.0,0,0.0
E01004205,12,0,0.0,0,0.0,0,0.0,0,0.0,0,0.0,0,0.0,0,0.0,0,0.0,0,0.0,0,0.0,0,0.0,0,0.0
E01004206,6,0,0.0,0,0.0,0,0.0,0,0.0,0,0.0,0,0.0,0,0.0,0,0.0,0,0.0,0,0.0,0,0.0,0,0.0
E01004207,28,0,0.0,0,0.0,0,0.0,0,0.0,0,0.0,0,0.0,0,0.0,0,0.0,0,0.0,0,0.0,0,0.0,0,0.0
E01004208,6,0,0.0,0,0.0,0,0.0,0,0.0,0,0.0,0,0.0,0,0.0,0,0.0,0,0.0,0,0.0,0,0.0,0,0.0
E01004209,20,0,0.0,0,0.0,0,0.0,0,0.0,0,0.0,0,0.0,0,0.0,0,0.0,0,0.0,0,0.0,0,0.0,0,0.0
E01004211,31,0,0.0,0,0.0,0,0.0,0,0.0,0,0.0,0,0.0,0,0.0,0,0.0,0,0.0,0,0.0,0,0.0,0,0.0
E01004212,15,0,0.0,0,0.0,0,0.0,0,0.0,0,0.0,0,0.0,0,0.0,0,0.0,0,0.0,0,0.0,0,0.0,0,0.0
E01004214,3,0,0.0,0,0.0,0,0.0,0,0.0,0,0.0,0,0.0,0,0.0,0,0.0,0,0.0,0,0.0,0,0.0,0,0.0
E01004216,14,0,0.0,0,0.0,0,0.0,0,0.0,0,0.0,0,0.0,0,0.0,0,0.0,0,0.0,0,0.0,0,0.0,0,0.0
E01004217,45,0,0.0,0,0.0,0,0.0,0,0.0,0,0.0,0,0.0,0,0.0,0,0.0,0,0.0,0,0.0,0,0.0,0,0.0
E01004218,29,0,0.0,0,0.0,0,0.0,0,0.0,0,0.0,0,0.0,0,0.0,0,0.0,0,0.0,0,0.0,0,0.0,0,0.0
E01004219,25,0,0.0,0,0.0,0,0.0,0,0.0,0,0.0,0,0.0,0,0.0,0,0.0,0,0.0,0,0.0,0,0.0,0,0.0
E01004221,11,0,0.0,0,0.0,0,0.0,0,0.0,0,0.0,0,0.0,0,0.0,0,0.0,0,0.0,0,0.0,0,0.0,0,0.0
E01004222,12,0,0.0,0,0.0,0,0.0,0,0.0,0,0.0,0,0.0,0,0.0,0,0.0,0,0.0,0,0.0,0,0.0,0,0.0
E01004223,9,0,0.0,0,0.0,0,0.0,0,0.0,0,0.0,0,0.0,0,0.0,0,0.0,0,0.0,0,0.0,0,0.0,0,0.0
E01004226,25,0,0.0,0,0.0,0,0.0,0,0.0,0,0.0,0,0.0,0,0.0,0,0.0,0,0.0,0,0.0,0,0.0,0,0.0
E01004228,41,0,0.0,0,0.0,0,0.0,0,0.0,0,0.0,0,0.0,0,0.0,0,0.0,0,0.0,0,0.0,0,0.0,0,0.0
E01004229,32,0,0.0,0,0.0,0,0.0,0,0.0,0,0.0,0,0.0,0,0.0,0,0.0,0,0.0,0,0.0,0,0.0,0,0.0
E01004230,35,0,0.0,0,0.0,0,0.0,0,0.0,0,0.0,0,0.0,0,0.0,0,0.0,0,0.0,0,0.0,0,0.0,0,0.0
E01004231,42,0,0.0,0,0.0,0,0.0,0,0.0,0,0.0,0,0.0,0,0.0,0,0.0,0,0.0,0,0.0,0,0.0,0,0.0
E01004232,63,0,0.0,0,0.0,0,0.0,0,0.0,0,0.0,0,0.0,0,0.0,0,0.0,0,0.0,0,0.0,0,0.0,0,0.0
E01004233,6,0,0.0,0,0.0,0,0.0,0,0.0,0,0.0,0,0.0,0,0.0,0,0.0,0,0.0,0,0.0,0,0.0,0,0.0
E01004234,46,0,0.0,0,0.0,0,0.0,0,0.0,0,0.0,0,0.0,0,0.0,0,0.0,0,0.0,0,0.0,0,0.0,0,0.0
E01004235,0,0,0.0,0,0.0,0,0.0,0,0.0,0,0.0,0,0.0,0,0.0,0,0.0,0,0.0,0,0.0,0,0.0,0,0.0
E01004236,17,0,0.0,0,0.0,0,0.0,0,0.0,0,0.0,0,0.0,0,0.0,0,0.0,0,0.0,0,0.0,0,0.0,0,0.0
E01004237,1,0,0.0,0,0.0,0,0.0,0,0.0,0,0.0,0,0.0,0,0.0,0,0.0,0,0.0,0,0.0,0,0.0,0,0.0
E01004239,11,0,0.0,0,0.0,0,0.0,0,0.0,0,0.0,0,0.0,0,0.0,0,0.0,0,0.0,0,0.0,0,0.0,0,0.0
E01004240,32,0,0.0,0,0.0,0,0.0,0,0.0,0,0.0,0,0.0,0,0.0,0,0.0,0,0.0,0,0.0,0,0.0,0,0.0
E01004241,28,0,0.0,0,0.0,0,0.0,0,0.0,0,0.0,0,0.0,0,0.0,0,0.0,0,0.0,0,0.0,0,0.0,0,0.0
E01004243,4,0,0.0,0,0.0,0,0.0,0,0.0,0,0.0,0,0.0,0,0.0,0,0.0,0,0.0,0,0.0,0,0.0,0,0.0
E01004244,29,0,0.0,0,0.0,0,0.0,0,0.0,0,0.0,0,0.0,0,0.0,0,0.0,0,0.0,0,0.0,0,0.0,0,0.0
E01004245,15,0,0.0,0,0.0,0,0.0,0,0.0,0,0.0,0,0.0,0,0.0,0,0.0,0,0.0,0,0.0,0,0.0,0,0.0
E01004247,10,0,0.0,0,0.0,0,0.0,0,0.0,0,0.0,0,0.0,0,0.0,0,0.0,0,0.0,0,0.0,0,0.0,0,0.0
E01004248,12,0,0.0,0,0.0,0,0.0,0,0.0,0,0.0,0,0.0,0,0.0,0,0.0,0,0.0,0,0.0,0,0.0,0,0.0
E01004249,5,0,0.0,0,0.0,0,0.0,0,0.0,0,0.0,0,0.0,0,0.0,0,0.0,0,0.0,0,0.0,0,0.0,0,0.0
E01004251,23,0,0.0,0,0.0,0,0.0,0,0.0,0,0.0,0,0.0,0,0.0,0,0.0,0,0.0,0,0.0,0,0.0,0,0.0
E01004255,9,0,0.0,0,0.0,0,0.0,0,0.0,0,0.0,0,0.0,0,0.0,0,0.0,0,0.0,0,0.0,0,0.0,0,0.0
E01004256,23,0,0.0,0,0.0,0,0.0,0,0.0,0,0.0,0,0.0,0,0.0,0,0.0,0,0.0,0,0.0,0,0.0,0,0.0
E01004257,39,0,0.0,0,0.0,0,0.0,0,0.0,0,0.0,0,0.0,0,0.0,0,0.0,0,0.0,0,0.0,0,0.0,0,0.0
E01004258,3,0,0.0,0,0.0,0,0.0,0,0.0,0,0.0,0,0.0,0,0.0,0,0.0,0,0.0,0,0.0,0,0.0,0,0.0
E01004259,23,0,0.0,0,0.0,0,0.0,0,0.0,0,0.0,0,0.0,0,0.0,0,0.0,0,0.0,0,0.0,0,0.0,0,0.0
E01004260,5,0,0.0,0,0.0,0,0.0,0,0.0,0,0.0,0,0.0,0,0.0,0,0.0,0,0.0,0,0.0,0,0.0,0,0.0
E01004263,40,0,0.0,0,0.0,0,0.0,0,0.0,0,0.0,0,0.0,0,0.0,0,0.0,0,0.0,0,0.0,0,0.0,0,0.0
E01004264,5,0,0.0,0,0.0,0,0.0,0,0.0,0,0.0,0,0.0,0,0.0,0,0.0,0,0.0,0,0.0,0,0.0,0,0.0
E01004266,39,0,0.0,0,0.0,0,0.0,0,0.0,0,0.0,0,0.0,0,0.0,0,0.0,0,0.0,0,0.0,0,0.0,0,0.0
E01004267,11,0,0.0,0,0.0,0,0.0,0,0.0,0,0.0,0,0.0,0,0.0,0,0.0,0,0.0,0,0.0,0,0.0,0,0.0
E01004268,0,0,0.0,0,0.0,0,0.0,0,0.0,0,0.0,0,0.0,0,0.0,0,0.0,0,0.0,0,0.0,0,0.0,0,0.0
E01004270,12,0,0.0,0,0.0,0,0.0,0,0.0,0,0.0,0,0.0,0,0.0,0,0.0,0,0.0,0,0.0,0,0.0,0,0.0
E01004271,16,0,0.0,0,0.0,0,0.0,0,0.0,0,0.0,0,0.0,0,0.0,0,0.0,0,0.0,0,0.0,0,0.0,0,0.0
E01004272,7,0,0.0,0,0.0,0,0.0,0,0.0,0,0.0,0,0.0,0,0.0,0,0.0,0,0.0,0,0.0,0,0.0,0,0.0
E01004274,5,0,0.0,0,0.0,0,0.0,0,0.0,0,0.0,0,0.0,0,0.0,0,0.0,0,0.0,0,0.0,0,0.0,0,0.0
E01004275,31,0,0.0,0,0.0,0,0.0,0,0.0,0,0.0,0,0.0,0,0.0,0,0.0,0,0.0,0,0.0,0,0.0,0,0.0
E01004276,3,0,0.0,0,0.0,0,0.0,0,0.0,0,0.0,0,0.0,0,0.0,0,0.0,0,0.0,0,0.0,0,0.0,0,0.0
E01004277,0,0,0.0,0,0.0,0,0.0,0,0.0,0,0.0,0,0.0,0,0.0,0,0.0,0,0.0,0,0.0,0,0.0,0,0.0
E01004280,15,0,0.0,0,0.0,0,0.0,0,0.0,0,0.0,0,0.0,0,0.0,0,0.0,0,0.0,0,0.0,0,0.0,0,0.0
E01004281,2,0,0.0,0,0.0,0,0.0,0,0.0,0,0.0,0,0.0,0,0.0,0,0.0,0,0.0,0,0.0,0,0.0,0,0.0
E01004283,15,0,0.0,0,0.0,0,0.0,0,0.0,0,0.0,0,0.0,0,0.0,0,0.0,0,0.0,0,0.0,0,0.0,0,0.0
E01004286,35,0,0.0,0,0.0,0,0.0,0,0.0,0,0.0,0,0.0,0,0.0,0,0.0,0,0.0,0,0.0,0,0.0,0,0.0
E01004287,9,0,0.0,0,0.0,0,0.0,0,0.0,0,0.0,0,0.0,0,0.0,0,0.0,0,0.0,0,0.0,0,0.0,0,0.0
E01004288,23,0,0.0,0,0.0,0,0.0,0,0.0,0,0.0,0,0.0,0,0.0,0,0.0,0,0.0,0,0.0,0,0.0,0,0.0
E01004289,44,0,0.0,0,0.0,0,0.0,0,0.0,0,0.0,0,0.0,0,0.0,0,0.0,0,0.0,0,0.0,0,0.0,0,0.0
E01004290,20,0,0.0,0,0.0,0,0.0,0,0.0,0,0.0,0,0.0,0,0.0,0,0.0,0,0.0,0,0.0,0,0.0,0,0.0
E01004291,13,0,0.0,0,0.0,0,0.0,0,0.0,0,0.0,0,0.0,0,0.0,0,0.0,0,0.0,0,0.0,0,0.0,0,0.0
E01004292,2,0,0.0,0,0.0,0,0.0,0,0.0,0,0.0,0,0.0,0,0.0,0,0.0,0,0.0,0,0.0,0,0.0,0,0.0
E01004293,18,0,0.0,0,0.0,0,0.0,0,0.0,0,0.0,0,0.0,0,0.0,0,0.0,0,0.0,0,0.0,0,0.0,0,0.0
E01004295,8,0,0.0,0,0.0,0,0.0,0,0.0,0,0.0,0,0.0,0,0.0,0,0.0,0,0.0,0,0.0,0,0.0,0,0.0
E01004296,8,0,0.0,0,0.0,0,0.0,0,0.0,0,0.0,0,0.0,0,0.0,0,0.0,0,0.0,0,0.0,0,0.0,0,0.0
E01004297,3,0,0.0,0,0.0,0,0.0,0,0.0,0,0.0,0,0.0,0,0.0,0,0.0,0,0.0,0,0.0,0,0.0,0,0.0
E01004298,9,0,0.0,0,0.0,0,0.0,0,0.0,0,0.0,0,0.0,0,0.0,0,0.0,0,0.0,0,0.0,0,0.0,0,0.0
E01004300,4,0,0.0,0,0.0,0,0.0,0,0.0,0,0.0,0,0.0,0,0.0,0,0.0,0,0.0,0,0.0,0,0.0,0,0.0
E01004301,9,0,0.0,0,0.0,0,0.0,0,0.0,0,0.0,0,0.0,0,0.0,0,0.0,0,0.0,0,0.0,0,0.0,0,0.0
E01004302,6,0,0.0,0,0.0,0,0.0,0,0.0,0,0.0,0,0.0,0,0.0,0,0.0,0,0.0,0,0.0,0,0.0,0,0.0
E01004303,7,0,0.0,0,0.0,0,0.0,0,0.0,0,0.0,0,0.0,0,0.0,0,0.0,0,0.0,0,0.0,0,0.0,0,0.0
E01004304,14,0,0.0,0,0.0,0,0.0,0,0.0,0,0.0,0,0.0,0,0.0,0,0.0,0,0.0,0,0.0,0,0.0,0,0.0
E01004305,21,0,0.0,0,0.0,0,0.0,0,0.0,0,0.0,0,0.0,0,0.0,0,0.0,0,0.0,0,0.0,0,0.0,0,0.0
E01004306,19,0,0.0,0,0.0,0,0.0,0,0.0,0,0.0,0,0.0,0,0.0,0,0.0,0,0.0,0,0.0,0,0.0,0,0.0
E01004307,19,0,0.0,0,0.0,0,0.0,0,0.0,0,0.0,0,0.0,0,0.0,0,0.0,0,0.0,0,0.0,0,0.0,0,0.0
E01004308,6,0,0.0,0,0.0,0,0.0,0,0.0,0,0.0,0,0.0,0,0.0,0,0.0,0,0.0,0,0.0,0,0.0,0,0.0
E01004309,10,0,0.0,0,0.0,0,0.0,0,0.0,0,0.0,0,0.0,0,0.0,0,0.0,0,0.0,0,0.0,0,0.0,0,0.0
E01004310,8,0,0.0,0,0.0,0,0.0,0,0.0,0,0.0,0,0.0,0,0.0,0,0.0,0,0.0,0,0.0,0,0.0,0,0.0
E01004311,11,0,0.0,0,0.0,0,0.0,0,0.0,0,0.0,0,0.0,0,0.0,0,0.0,0,0.0,0,0.0,0,0.0,0,0.0
E01004312,5,0,0.0,0,0.0,0,0.0,0,0.0,0,0.0,0,0.0,0,0.0,0,0.0,0,0.0,0,0.0,0,0.0,0,0.0
E01004313,19,0,0.0,0,0.0,0,0.0,0,0.0,0,0.0,0,0.0,0,0.0,0,0.0,0,0.0,0,0.0,0,0.0,0,0.0
E01004315,11,0,0.0,0,0.0,0,0.0,0,0.0,0,0.0,0,0.0,0,0.0,0,0.0,0,0.0,0,0.0,0,0.0,0,0.0
E01004316,19,0,0.0,0,0.0,0,0.0,0,0.0,0,0.0,0,0.0,0,0.0,0,0.0,0,0.0,0,0.0,0,0.0,0,0.0
E01004319,27,0,0.0,0,0.0,0,0.0,0,0.0,0,0.0,0,0.0,0,0.0,0,0.0,0,0.0,0,0.0,0,0.0,0,0.0
E01004321,28,0,0.0,0,0.0,0,0.0,0,0.0,0,0.0,0,0.0,0,0.0,0,0.0,0,0.0,0,0.0,0,0.0,0,0.0
E01004322,9,0,0.0,0,0.0,0,0.0,0,0.0,0,0.0,0,0.0,0,0.0,0,0.0,0,0.0,0,0.0,0,0.0,0,0.0
E01004323,16,0,0.0,0,0.0,0,0.0,0,0.0,0,0.0,0,0.0,0,0.0,0,0.0,0,0.0,0,0.0,0,0.0,0,0.0
E01004324,19,0,0.0,0,0.0,0,0.0,0,0.0,0,0.0,0,0.0,0,0.0,0,0.0,0,0.0,0,0.0,0,0.0,0,0.0
E01004326,20,0,0.0,0,0.0,0,0.0,0,0.0,0,0.0,0,0.0,0,0.0,0,0.0,0,0.0,0,0.0,0,0.0,0,0.0
E01004327,6,0,0.0,0,0.0,0,0.0,0,0.0,0,0.0,0,0.0,0,0.0,0,0.0,0,0.0,0,0.0,0,0.0,0,0.0
E01004328,13,0,0.0,0,0.0,0,0.0,0,0.0,0,0.0,0,0.0,0,0.0,0,0.0,0,0.0,0,0.0,0,0.0,0,0.0
E01004329,20,0,0.0,0,0.0,0,0.0,0,0.0,0,0.0,0,0.0,0,0.0,0,0.0,0,0.0,0,0.0,0,0.0,0,0.0
E01004330,16,0,0.0,0,0.0,0,0.0,0,0.0,0,0.0,0,0.0,0,0.0,0,0.0,0,0.0,0,0.0,0,0.0,0,0.0
E01004331,16,0,0.0,0,0.0,0,0.0,0,0.0,0,0.0,0,0.0,0,0.0,0,0.0,0,0.0,0,0.0,0,0.0,0,0.0
E01004332,18,0,0.0,0,0.0,0,0.0,0,0.0,0,0.0,0,0.0,0,0.0,0,0.0,0,0.0,0,0.0,0,0.0,0,0.0
E01004333,9,0,0.0,0,0.0,0,0.0,0,0.0,0,0.0,0,0.0,0,0.0,0,0.0,0,0.0,0,0.0,0,0.0,0,0.0
E01004334,7,0,0.0,0,0.0,0,0.0,0,0.0,0,0.0,0,0.0,0,0.0,0,0.0,0,0.0,0,0.0,0,0.0,0,0.0
E01004335,8,0,0.0,0,0.0,0,0.0,0,0.0,0,0.0,0,0.0,0,0.0,0,0.0,0,0.0,0,0.0,0,0.0,0,0.0
E01004336,12,0,0.0,0,0.0,0,0.0,0,0.0,0,0.0,0,0.0,0,0.0,0,0.0,0,0.0,0,0.0,0,0.0,0,0.0
E01004337,12,0,0.0,0,0.0,0,0.0,0,0.0,0,0.0,0,0.0,0,0.0,0,0.0,0,0.0,0,0.0,0,0.0,0,0.0
E01004338,10,0,0.0,0,0.0,0,0.0,0,0.0,0,0.0,0,0.0,0,0.0,0,0.0,0,0.0,0,0.0,0,0.0,0,0.0
E01004339,11,0,0.0,0,0.0,0,0.0,0,0.0,0,0.0,0,0.0,0,0.0,0,0.0,0,0.0,0,0.0,0,0.0,0,0.0
E01004340,11,0,0.0,0,0.0,0,0.0,0,0.0,0,0.0,0,0.0,0,0.0,0,0.0,0,0.0,0,0.0,0,0.0,0,0.0
E01004341,3,0,0.0,0,0.0,0,0.0,0,0.0,0,0.0,0,0.0,0,0.0,0,0.0,0,0.0,0,0.0,0,0.0,0,0.0
E01004342,9,0,0.0,0,0.0,0,0.0,0,0.0,0,0.0,0,0.0,0,0.0,0,0.0,0,0.0,0,0.0,0,0.0,0,0.0
E01004343,8,0,0.0,0,0.0,0,0.0,0,0.0,0,0.0,0,0.0,0,0.0,0,0.0,0,0.0,0,0.0,0,0.0,0,0.0
E01004344,12,0,0.0,0,0.0,0,0.0,0,0.0,0,0.0,0,0.0,0,0.0,0,0.0,0,0.0,0,0.0,0,0.0,0,0.0
E01004345,11,0,0.0,0,0.0,0,0.0,0,0.0,0,0.0,0,0.0,0,0.0,0,0.0,0,0.0,0,0.0,0,0.0,0,0.0
E01004346,11,0,0.0,0,0.0,0,0.0,0,0.0,0,0.0,0,0.0,0,0.0,0,0.0,0,0.0,0,0.0,0,0.0,0,0.0
E01004347,8,0,0.0,0,0.0,0,0.0,0,0.0,0,0.0,0,0.0,0,0.0,0,0.0,0,0.0,0,0.0,0,0.0,0,0.0
E01004348,16,0,0.0,0,0.0,0,0.0,0,0.0,0,0.0,0,0.0,0,0.0,0,0.0,0,0.0,0,0.0,0,0.0,0,0.0
E01004349,5,0,0.0,0,0.0,0,0.0,0,0.0,0,0.0,0,0.0,0,0.0,0,0.0,0,0.0,0,0.0,0,0.0,0,0.0
E01004350,3,0,0.0,0,0.0,0,0.0,0,0.0,0,0.0,0,0.0,0,0.0,0,0.0,0,0.0,0,0.0,0,0.0,0,0.0
E01004351,2,0,0.0,0,0.0,0,0.0,0,0.0,0,0.0,0,0.0,0,0.0,0,0.0,0,0.0,0,0.0,0,0.0,0,0.0
E01004352,5,0,0.0,0,0.0,0,0.0,0,0.0,0,0.0,0,0.0,0,0.0,0,0.0,0,0.0,0,0.0,0,0.0,0,0.0
E01004353,3,0,0.0,0,0.0,0,0.0,0,0.0,0,0.0,0,0.0,0,0.0,0,0.0,0,0.0,0,0.0,0,0.0,0,0.0
E01004354,7,0,0.0,0,0.0,0,0.0,0,0.0,0,0.0,0,0.0,0,0.0,0,0.0,0,0.0,0,0.0,0,0.0,0,0.0
E01004355,2,0,0.0,0,0.0,0,0.0,0,0.0,0,0.0,0,0.0,0,0.0,0,0.0,0,0.0,0,0.0,0,0.0,0,0.0
E01004356,3,0,0.0,0,0.0,0,0.0,0,0.0,0,0.0,0,0.0,0,0.0,0,0.0,0,0.0,0,0.0,0,0.0,0,0.0
E01004357,0,0,0.0,0,0.0,0,0.0,0,0.0,0,0.0,0,0.0,0,0.0,0,0.0,0,0.0,0,0.0,0,0.0,0,0.0
E01004358,4,0,0.0,0,0.0,0,0.0,0,0.0,0,0.0,0,0.0,0,0.0,0,0.0,0,0.0,0,0.0,0,0.0,0,0.0
E01004359,6,0,0.0,0,0.0,0,0.0,0,0.0,0,0.0,0,0.0,0,0.0,0,0.0,0,0.0,0,0.0,0,0.0,0,0.0
E01004360,3,0,0.0,0,0.0,0,0.0,0,0.0,0,0.0,0,0.0,0,0.0,0,0.0,0,0.0,0,0.0,0,0.0,0,0.0
E01004361,7,0,0.0,0,0.0,0,0.0,0,0.0,0,0.0,0,0.0,0,0.0,0,0.0,0,0.0,0,0.0,0,0.0,0,0.0
E01004362,8,0,0.0,0,0.0,0,0.0,0,0.0,0,0.0,0,0.0,0,0.0,0,0.0,0,0.0,0,0.0,0,0.0,0,0.0
E01004363,17,0,0.0,0,0.0,0,0.0,0,0.0,0,0.0,0,0.0,0,0.0,0,0.0,0,0.0,0,0.0,0,0.0,0,0.0
E01004364,19,0,0.0,0,0.0,0,0.0,0,0.0,0,0.0,0,0.0,0,0.0,0,0.0,0,0.0,0,0.0,0,0.0,0,0.0
E01004365,8,0,0.0,0,0.0,0,0.0,0,0.0,0,0.0,0,0.0,0,0.0,0,0.0,0,0.0,0,0.0,0,0.0,0,0.0
E01004366,13,0,0.0,0,0.0,0,0.0,0,0.0,0,0.0,0,0.0,0,0.0,0,0.0,0,0.0,0,0.0,0,0.0,0,0.0
E01004367,11,0,0.0,0,0.0,0,0.0,0,0.0,0,0.0,0,0.0,0,0.0,0,0.0,0,0.0,0,0.0,0,0.0,0,0.0
E01004368,8,0,0.0,0,0.0,0,0.0,0,0.0,0,0.0,0,0.0,0,0.0,0,0.0,0,0.0,0,0.0,0,0.0,0,0.0
E01004369,12,0,0.0,0,0.0,0,0.0,0,0.0,0,0.0,0,0.0,0,0.0,0,0.0,0,0.0,0,0.0,0,0.0,0,0.0
E01004370,13,0,0.0,0,0.0,0,0.0,0,0.0,0,0.0,0,0.0,0,0.0,0,0.0,0,0.0,0,0.0,0,0.0,0,0.0
E01004371,14,0,0.0,0,0.0,0,0.0,0,0.0,0,0.0,0,0.0,0,0.0,0,0.0,0,0.0,0,0.0,0,0.0,0,0.0
E01004372,6,0,0.0,0,0.0,0,0.0,0,0.0,0,0.0,0,0.0,0,0.0,0,0.0,0,0.0,0,0.0,0,0.0,0,0.0
E01004373,7,0,0.0,0,0.0,0,0.0,0,0.0,0,0.0,0,0.0,0,0.0,0,0.0,0,0.0,0,0.0,0,0.0,0,0.0
E01004374,14,0,0.0,0,0.0,0,0.0,0,0.0,0,0.0,0,0.0,0,0.0,0,0.0,0,0.0,0,0.0,0,0.0,0,0.0
E01004375,12,0,0.0,0,0.0,0,0.0,0,0.0,0,0.0,0,0.0,0,0.0,0,0.0,0,0.0,0,0.0,0,0.0,0,0.0
E01004376,8,0,0.0,0,0.0,0,0.0,0,0.0,0,0.0,0,0.0,0,0.0,0,0.0,0,0.0,0,0.0,0,0.0,0,0.0
E01004377,14,0,0.0,0,0.0,0,0.0,0,0.0,0,0.0,0,0.0,0,0.0,0,0.0,0,0.0,0,0.0,0,0.0,0,0.0
E01004378,10,0,0.0,0,0.0,0,0.0,0,0.0,0,0.0,0,0.0,0,0.0,0,0.0,0,0.0,0,0.0,0,0.0,0,0.0
E01004379,5,0,0.0,0,0.0,0,0.0,0,0.0,0,0.0,0,0.0,0,0.0,0,0.0,0,0.0,0,0.0,0,0.0,0,0.0
E01004380,4,0,0.0,0,0.0,0,0.0,0,0.0,0,0.0,0,0.0,0,0.0,0,0.0,0,0.0,0,0.0,0,0.0,0,0.0
E01004381,20,0,0.0,0,0.0,0,0.0,0,0.0,0,0.0,0,0.0,0,0.0,0,0.0,0,0.0,0,0.0,0,0.0,0,0.0
E01004382,6,0,0.0,0,0.0,0,0.0,0,0.0,0,0.0,0,0.0,0,0.0,0,0.0,0,0.0,0,0.0,0,0.0,0,0.0
E01004383,8,0,0.0,0,0.0,0,0.0,0,0.0,0,0.0,0,0.0,0,0.0,0,0.0,0,0.0,0,0.0,0,0.0,0,0.0
E01004384,5,0,0.0,0,0.0,0,0.0,0,0.0,0,0.0,0,0.0,0,0.0,0,0.0,0,0.0,0,0.0,0,0.0,0,0.0
E01004385,12,0,0.0,0,0.0,0,0.0,0,0.0,0,0.0,0,0.0,0,0.0,0,0.0,0,0.0,0,0.0,0,0.0,0,0.0
E01004386,10,0,0.0,0,0.0,0,0.0,0,0.0,0,0.0,0,0.0,0,0.0,0,0.0,0,0.0,0,0.0,0,0.0,0,0.0
E01004387,5,0,0.0,0,0.0,0,0.0,0,0.0,0,0.0,0,0.0,0,0.0,0,0.0,0,0.0,0,0.0,0,0.0,0,0.0
E01004388,4,0,0.0,0,0.0,0,0.0,0,0.0,0,0.0,0,0.0,0,0.0,0,0.0,0,0.0,0,0.0,0,0.0,0,0.0
E01004389,6,0,0.0,0,0.0,0,0.0,0,0.0,0,0.0,0,0.0,0,0.0,0,0.0,0,0.0,0,0.0,0,0.0,0,0.0
E01004390,2,0,0.0,0,0.0,0,0.0,0,0.0,0,0.0,0,0.0,0,0.0,0,0.0,0,0.0,0,0.0,0,0.0,0,0.0
E01004391,8,0,0.0,0,0.0,0,0.0,0,0.0,0,0.0,0,0.0,0,0.0,0,0.0,0,0.0,0,0.0,0,0.0,0,0.0
E01004392,10,0,0.0,0,0.0,0,0.0,0,0.0,0,0.0,0,0.0,0,0.0,0,0.0,0,0.0,0,0.0,0,0.0,0,0.0
E01004393,3,0,0.0,0,0.0,0,0.0,0,0.0,0,0.0,0,0.0,0,0.0,0,0.0,0,0.0,0,0.0,0,0.0,0,0.0
E01004394,5,0,0.0,0,0.0,0,0.0,0,0.0,0,0.0,0,0.0,0,0.0,0,0.0,0,0.0,0,0.0,0,0.0,0,0.0
E01004395,17,0,0.0,0,0.0,0,0.0,0,0.0,0,0.0,0,0.0,0,0.0,0,0.0,0,0.0,0,0.0,0,0.0,0,0.0
E01004396,5,0,0.0,0,0.0,0,0.0,0,0.0,0,0.0,0,0.0,0,0.0,0,0.0,0,0.0,0,0.0,0,0.0,0,0.0
E01004397,15,0,0.0,0,0.0,0,0.0,0,0.0,0,0.0,0,0.0,0,0.0,0,0.0,0,0.0,0,0.0,0,0.0,0,0.0
E01004398,6,0,0.0,0,0.0,0,0.0,0,0.0,0,0.0,0,0.0,0,0.0,0,0.0,0,0.0,0,0.0,0,0.0,0,0.0
E01004399,3,0,0.0,0,0.0,0,0.0,0,0.0,0,0.0,0,0.0,0,0.0,0,0.0,0,0.0,0,0.0,0,0.0,0,0.0
E01004400,8,0,0.0,0,0.0,0,0.0,0,0.0,0,0.0,0,0.0,0,0.0,0,0.0,0,0.0,0,0.0,0,0.0,0,0.0
E01004401,13,0,0.0,0,0.0,0,0.0,0,0.0,0,0.0,0,0.0,0,0.0,0,0.0,0,0.0,0,0.0,0,0.0,0,0.0
E01004402,10,0,0.0,0,0.0,0,0.0,0,0.0,0,0.0,0,0.0,0,0.0,0,0.0,0,0.0,0,0.0,0,0.0,0,0.0
E01004403,5,0,0.0,0,0.0,0,0.0,0,0.0,0,0.0,0,0.0,0,0.0,0,0.0,0,0.0,0,0.0,0,0.0,0,0.0
E01004404,9,0,0.0,0,0.0,0,0.0,0,0.0,0,0.0,0,0.0,0,0.0,0,0.0,0,0.0,0,0.0,0,0.0,0,0.0
E01004405,13,0,0.0,0,0.0,0,0.0,0,0.0,0,0.0,0,0.0,0,0.0,0,0.0,0,0.0,0,0.0,0,0.0,0,0.0
E01004406,6,0,0.0,0,0.0,0,0.0,0,0.0,0,0.0,0,0.0,0,0.0,0,0.0,0,0.0,0,0.0,0,0.0,0,0.0
E01004407,2,0,0.0,0,0.0,0,0.0,0,0.0,0,0.0,0,0.0,0,0.0,0,0.0,0,0.0,0,0.0,0,0.0,0,0.0
E01004408,8,0,0.0,0,0.0,0,0.0,0,0.0,0,0.0,0,0.0,0,0.0,0,0.0,0,0.0,0,0.0,0,0.0,0,0.0
E01004409,15,0,0.0,0,0.0,0,0.0,0,0.0,0,0.0,0,0.0,0,0.0,0,0.0,0,0.0,0,0.0,0,0.0,0,0.0
E01004410,10,0,0.0,0,0.0,0,0.0,0,0.0,0,0.0,0,0.0,0,0.0,0,0.0,0,0.0,0,0.0,0,0.0,0,0.0
E01004411,7,0,0.0,0,0.0,0,0.0,0,0.0,0,0.0,0,0.0,0,0.0,0,0.0,0,0.0,0,0.0,0,0.0,0,0.0
E01004412,10,0,0.0,0,0.0,0,0.0,0,0.0,0,0.0,0,0.0,0,0.0,0,0.0,0,0.0,0,0.0,0,0.0,0,0.0
E01004413,0,0,0.0,0,0.0,0,0.0,0,0.0,0,0.0,0,0.0,0,0.0,0,0.0,0,0.0,0,0.0,0,0.0,0,0.0
E01004414,4,0,0.0,0,0.0,0,0.0,0,0.0,0,0.0,0,0.0,0,0.0,0,0.0,0,0.0,0,0.0,0,0.0,0,0.0
E01004415,2,0,0.0,0,0.0,0,0.0,0,0.0,0,0.0,0,0.0,0,0.0,0,0.0,0,0.0,0,0.0,0,0.0,0,0.0
E01004416,5,0,0.0,0,0.0,0,0.0,0,0.0,0,0.0,0,0.0,0,0.0,0,0.0,0,0.0,0,0.0,0,0.0,0,0.0
E01004417,2,0,0.0,0,0.0,0,0.0,0,0.0,0,0.0,0,0.0,0,0.0,0,0.0,0,0.0,0,0.0,0,0.0,0,0.0
E01004418,11,0,0.0,0,0.0,0,0.0,0,0.0,0,0.0,0,0.0,0,0.0,0,0.0,0,0.0,0,0.0,0,0.0,0,0.0
E01004419,9,0,0.0,0,0.0,0,0.0,0,0.0,0,0.0,0,0.0,0,0.0,0,0.0,0,0.0,0,0.0,0,0.0,0,0.0
E01004420,13,0,0.0,0,0.0,0,0.0,0,0.0,0,0.0,0,0.0,0,0.0,0,0.0,0,0.0,0,0.0,0,0.0,0,0.0
E01004421,13,0,0.0,0,0.0,0,0.0,0,0.0,0,0.0,0,0.0,0,0.0,0,0.0,0,0.0,0,0.0,0,0.0,0,0.0
E01004422,10,0,0.0,0,0.0,0,0.0,0,0.0,0,0.0,0,0.0,0,0.0,0,0.0,0,0.0,0,0.0,0,0.0,0,0.0
E01004423,9,0,0.0,0,0.0,0,0.0,0,0.0,0,0.0,0,0.0,0,0.0,0,0.0,0,0.0,0,0.0,0,0.0,0,0.0
E01004424,8,0,0.0,0,0.0,0,0.0,0,0.0,0,0.0,0,0.0,0,0.0,0,0.0,0,0.0,0,0.0,0,0.0,0,0.0
E01004425,13,0,0.0,0,0.0,0,0.0,0,0.0,0,0.0,0,0.0,0,0.0,0,0.0,0,0.0,0,0.0,0,0.0,0,0.0
E01004426,15,0,0.0,0,0.0,0,0.0,0,0.0,0,0.0,0,0.0,0,0.0,0,0.0,0,0.0,0,0.0,0,0.0,0,0.0
E01004427,9,0,0.0,0,0.0,0,0.0,0,0.0,0,0.0,0,0.0,0,0.0,0,0.0,0,0.0,0,0.0,0,0.0,0,0.0
E01004428,7,0,0.0,0,0.0,0,0.0,0,0.0,0,0.0,0,0.0,0,0.0,0,0.0,0,0.0,0,0.0,0,0.0,0,0.0
E01004429,6,0,0.0,0,0.0,0,0.0,0,0.0,0,0.0,0,0.0,0,0.0,0,0.0,0,0.0,0,0.0,0,0.0,0,0.0
E01004430,7,0,0.0,0,0.0,0,0.0,0,0.0,0,0.0,0,0.0,0,0.0,0,0.0,0,0.0,0,0.0,0,0.0,0,0.0
E01004432,13,0,0.0,0,0.0,0,0.0,0,0.0,0,0.0,0,0.0,0,0.0,0,0.0,0,0.0,0,0.0,0,0.0,0,0.0
E01004434,6,0,0.0,0,0.0,0,0.0,0,0.0,0,0.0,0,0.0,0,0.0,0,0.0,0,0.0,0,0.0,0,0.0,0,0.0
E01004435,8,0,0.0,0,0.0,0,0.0,0,0.0,0,0.0,0,0.0,0,0.0,0,0.0,0,0.0,0,0.0,0,0.0,0,0.0
E01004436,16,0,0.0,0,0.0,0,0.0,0,0.0,0,0.0,0,0.0,0,0.0,0,0.0,0,0.0,0,0.0,0,0.0,0,0.0
E01004437,6,0,0.0,0,0.0,0,0.0,0,0.0,0,0.0,0,0.0,0,0.0,0,0.0,0,0.0,0,0.0,0,0.0,0,0.0
E01004438,21,0,0.0,0,0.0,0,0.0,0,0.0,0,0.0,0,0.0,0,0.0,0,0.0,0,0.0,0,0.0,0,0.0,0,0.0
E01004439,8,0,0.0,0,0.0,0,0.0,0,0.0,0,0.0,0,0.0,0,0.0,0,0.0,0,0.0,0,0.0,0,0.0,0,0.0
E01004440,14,0,0.0,0,0.0,0,0.0,0,0.0,0,0.0,0,0.0,0,0.0,0,0.0,0,0.0,0,0.0,0,0.0,0,0.0
E01004441,7,0,0.0,0,0.0,0,0.0,0,0.0,0,0.0,0,0.0,0,0.0,0,0.0,0,0.0,0,0.0,0,0.0,0,0.0
E01004442,13,0,0.0,0,0.0,0,0.0,0,0.0,0,0.0,0,0.0,0,0.0,0,0.0,0,0.0,0,0.0,0,0.0,0,0.0
E01004443,15,0,0.0,0,0.0,0,0.0,0,0.0,0,0.0,0,0.0,0,0.0,0,0.0,0,0.0,0,0.0,0,0.0,0,0.0
E01004444,13,0,0.0,0,0.0,0,0.0,0,0.0,0,0.0,0,0.0,0,0.0,0,0.0,0,0.0,0,0.0,0,0.0,0,0.0
E01004445,10,0,0.0,0,0.0,0,0.0,0,0.0,0,0.0,0,0.0,0,0.0,0,0.0,0,0.0,0,0.0,0,0.0,0,0.0
E01004446,12,0,0.0,0,0.0,0,0.0,0,0.0,0,0.0,0,0.0,0,0.0,0,0.0,0,0.0,0,0.0,0,0.0,0,0.0
E01004447,19,0,0.0,0,0.0,0,0.0,0,0.0,0,0.0,0,0.0,0,0.0,0,0.0,0,0.0,0,0.0,0,0.0,0,0.0
E01004448,9,0,0.0,0,0.0,0,0.0,0,0.0,0,0.0,0,0.0,0,0.0,0,0.0,0,0.0,0,0.0,0,0.0,0,0.0
E01004449,3,0,0.0,0,0.0,0,0.0,0,0.0,0,0.0,0,0.0,0,0.0,0,0.0,0,0.0,0,0.0,0,0.0,0,0.0
E01004450,3,0,0.0,0,0.0,0,0.0,0,0.0,0,0.0,0,0.0,0,0.0,0,0.0,0,0.0,0,0.0,0,0.0,0,0.0
E01004451,7,0,0.0,0,0.0,0,0.0,0,0.0,0,0.0,0,0.0,0,0.0,0,0.0,0,0.0,0,0.0,0,0.0,0,0.0
E01004452,4,0,0.0,0,0.0,0,0.0,0,0.0,0,0.0,0,0.0,0,0.0,0,0.0,0,0.0,0,0.0,0,0.0,0,0.0
E01004453,2,0,0.0,0,0.0,0,0.0,0,0.0,0,0.0,0,0.0,0,0.0,0,0.0,0,0.0,0,0.0,0,0.0,0,0.0
E01004454,7,0,0.0,0,0.0,0,0.0,0,0.0,0,0.0,0,0.0,0,0.0,0,0.0,0,0.0,0,0.0,0,0.0,0,0.0
E01004455,5,0,0.0,0,0.0,0,0.0,0,0.0,0,0.0,0,0.0,0,0.0,0,0.0,0,0.0,0,0.0,0,0.0,0,0.0
E01004456,2,0,0.0,0,0.0,0,0.0,0,0.0,0,0.0,0,0.0,0,0.0,0,0.0,0,0.0,0,0.0,0,0.0,0,0.0
E01004457,9,0,0.0,0,0.0,0,0.0,0,0.0,0,0.0,0,0.0,0,0.0,0,0.0,0,0.0,0,0.0,0,0.0,0,0.0
E01004458,7,0,0.0,0,0.0,0,0.0,0,0.0,0,0.0,0,0.0,0,0.0,0,0.0,0,0.0,0,0.0,0,0.0,0,0.0
E01004459,1,0,0.0,0,0.0,0,0.0,0,0.0,0,0.0,0,0.0,0,0.0,0,0.0,0,0.0,0,0.0,0,0.0,0,0.0
E01004460,15,0,0.0,0,0.0,0,0.0,0,0.0,0,0.0,0,0.0,0,0.0,0,0.0,0,0.0,0,0.0,0,0.0,0,0.0
E01004462,10,0,0.0,0,0.0,0,0.0,0,0.0,0,0.0,0,0.0,0,0.0,0,0.0,0,0.0,0,0.0,0,0.0,0,0.0
E01004463,16,0,0.0,0,0.0,0,0.0,0,0.0,0,0.0,0,0.0,0,0.0,0,0.0,0,0.0,0,0.0,0,0.0,0,0.0
E01004464,4,0,0.0,0,0.0,0,0.0,0,0.0,0,0.0,0,0.0,0,0.0,0,0.0,0,0.0,0,0.0,0,0.0,0,0.0
E01004465,14,0,0.0,0,0.0,0,0.0,0,0.0,0,0.0,0,0.0,0,0.0,0,0.0,0,0.0,0,0.0,0,0.0,0,0.0
E01004466,11,0,0.0,0,0.0,0,0.0,0,0.0,0,0.0,0,0.0,0,0.0,0,0.0,0,0.0,0,0.0,0,0.0,0,0.0
E01004467,5,0,0.0,0,0.0,0,0.0,0,0.0,0,0.0,0,0.0,0,0.0,0,0.0,0,0.0,0,0.0,0,0.0,0,0.0
E01004468,10,0,0.0,0,0.0,0,0.0,0,0.0,0,0.0,0,0.0,0,0.0,0,0.0,0,0.0,0,0.0,0,0.0,0,0.0
E01004469,10,0,0.0,0,0.0,0,0.0,0,0.0,0,0.0,0,0.0,0,0.0,0,0.0,0,0.0,0,0.0,0,0.0,0,0.0
E01004470,11,0,0.0,0,0.0,0,0.0,0,0.0,0,0.0,0,0.0,0,0.0,0,0.0,0,0.0,0,0.0,0,0.0,0,0.0
E01004471,6,0,0.0,0,0.0,0,0.0,0,0.0,0,0.0,0,0.0,0,0.0,0,0.0,0,0.0,0,0.0,0,0.0,0,0.0
E01004472,9,0,0.0,0,0.0,0,0.0,0,0.0,0,0.0,0,0.0,0,0.0,0,0.0,0,0.0,0,0.0,0,0.0,0,0.0
E01004473,10,0,0.0,0,0.0,0,0.0,0,0.0,0,0.0,0,0.0,0,0.0,0,0.0,0,0.0,0,0.0,0,0.0,0,0.0
E01004474,7,0,0.0,0,0.0,0,0.0,0,0.0,0,0.0,0,0.0,0,0.0,0,0.0,0,0.0,0,0.0,0,0.0,0,0.0
E01004475,12,0,0.0,0,0.0,0,0.0,0,0.0,0,0.0,0,0.0,0,0.0,0,0.0,0,0.0,0,0.0,0,0.0,0,0.0
E01004476,2,0,0.0,0,0.0,0,0.0,0,0.0,0,0.0,0,0.0,0,0.0,0,0.0,0,0.0,0,0.0,0,0.0,0,0.0
E01004477,19,0,0.0,0,0.0,0,0.0,0,0.0,0,0.0,0,0.0,0,0.0,0,0.0,0,0.0,0,0.0,0,0.0,0,0.0
E01004478,34,0,0.0,0,0.0,0,0.0,0,0.0,0,0.0,0,0.0,0,0.0,0,0.0,0,0.0,0,0.0,0,0.0,0,0.0
E01004479,16,0,0.0,0,0.0,0,0.0,0,0.0,0,0.0,0,0.0,0,0.0,0,0.0,0,0.0,0,0.0,0,0.0,0,0.0
E01004480,7,0,0.0,0,0.0,0,0.0,0,0.0,0,0.0,0,0.0,0,0.0,0,0.0,0,0.0,0,0.0,0,0.0,0,0.0
E01004481,5,0,0.0,0,0.0,0,0.0,0,0.0,0,0.0,0,0.0,0,0.0,0,0.0,0,0.0,0,0.0,0,0.0,0,0.0
E01004482,10,0,0.0,0,0.0,0,0.0,0,0.0,0,0.0,0,0.0,0,0.0,0,0.0,0,0.0,0,0.0,0,0.0,0,0.0
E01004483,3,0,0.0,0,0.0,0,0.0,0,0.0,0,0.0,0,0.0,0,0.0,0,0.0,0,0.0,0,0.0,0,0.0,0,0.0
E01004484,5,0,0.0,0,0.0,0,0.0,0,0.0,0,0.0,0,0.0,0,0.0,0,0.0,0,0.0,0,0.0,0,0.0,0,0.0
E01004485,10,0,0.0,0,0.0,0,0.0,0,0.0,0,0.0,0,0.0,0,0.0,0,0.0,0,0.0,0,0.0,0,0.0,0,0.0
E01004486,7,0,0.0,0,0.0,0,0.0,0,0.0,0,0.0,0,0.0,0,0.0,0,0.0,0,0.0,0,0.0,0,0.0,0,0.0
E01004487,5,0,0.0,0,0.0,0,0.0,0,0.0,0,0.0,0,0.0,0,0.0,0,0.0,0,0.0,0,0.0,0,0.0,0,0.0
E01004488,9,0,0.0,0,0.0,0,0.0,0,0.0,0,0.0,0,0.0,0,0.0,0,0.0,0,0.0,0,0.0,0,0.0,0,0.0
E01004489,16,0,0.0,0,0.0,0,0.0,0,0.0,0,0.0,0,0.0,0,0.0,0,0.0,0,0.0,0,0.0,0,0.0,0,0.0
E01004490,8,0,0.0,0,0.0,0,0.0,0,0.0,0,0.0,0,0.0,0,0.0,0,0.0,0,0.0,0,0.0,0,0.0,0,0.0
E01004491,3,0,0.0,0,0.0,0,0.0,0,0.0,0,0.0,0,0.0,0,0.0,0,0.0,0,0.0,0,0.0,0,0.0,0,0.0
E01004492,10,0,0.0,0,0.0,0,0.0,0,0.0,0,0.0,0,0.0,0,0.0,0,0.0,0,0.0,0,0.0,0,0.0,0,0.0
E01004493,8,0,0.0,0,0.0,0,0.0,0,0.0,0,0.0,0,0.0,0,0.0,0,0.0,0,0.0,0,0.0,0,0.0,0,0.0
E01004494,6,0,0.0,0,0.0,0,0.0,0,0.0,0,0.0,0,0.0,0,0.0,0,0.0,0,0.0,0,0.0,0,0.0,0,0.0
E01004495,5,0,0.0,0,0.0,0,0.0,0,0.0,0,0.0,0,0.0,0,0.0,0,0.0,0,0.0,0,0.0,0,0.0,0,0.0
E01004496,4,0,0.0,0,0.0,0,0.0,0,0.0,0,0.0,0,0.0,0,0.0,0,0.0,0,0.0,0,0.0,0,0.0,0,0.0
E01004497,2,0,0.0,0,0.0,0,0.0,0,0.0,0,0.0,0,0.0,0,0.0,0,0.0,0,0.0,0,0.0,0,0.0,0,0.0
E01004498,13,0,0.0,0,0.0,0,0.0,0,0.0,0,0.0,0,0.0,0,0.0,0,0.0,0,0.0,0,0.0,0,0.0,0,0.0
E01004499,7,0,0.0,0,0.0,0,0.0,0,0.0,0,0.0,0,0.0,0,0.0,0,0.0,0,0.0,0,0.0,0,0.0,0,0.0
E01004500,8,0,0.0,0,0.0,0,0.0,0,0.0,0,0.0,0,0.0,0,0.0,0,0.0,0,0.0,0,0.0,0,0.0,0,0.0
E01004501,4,0,0.0,0,0.0,0,0.0,0,0.0,0,0.0,0,0.0,0,0.0,0,0.0,0,0.0,0,0.0,0,0.0,0,0.0
E01004502,10,0,0.0,0,0.0,0,0.0,0,0.0,0,0.0,0,0.0,0,0.0,0,0.0,0,0.0,0,0.0,0,0.0,0,0.0
E01004503,3,0,0.0,0,0.0,0,0.0,0,0.0,0,0.0,0,0.0,0,0.0,0,0.0,0,0.0,0,0.0,0,0.0,0,0.0
E01004504,4,0,0.0,0,0.0,0,0.0,0,0.0,0,0.0,0,0.0,0,0.0,0,0.0,0,0.0,0,0.0,0,0.0,0,0.0
E01004505,8,0,0.0,0,0.0,0,0.0,0,0.0,0,0.0,0,0.0,0,0.0,0,0.0,0,0.0,0,0.0,0,0.0,0,0.0
E01004506,3,0,0.0,0,0.0,0,0.0,0,0.0,0,0.0,0,0.0,0,0.0,0,0.0,0,0.0,0,0.0,0,0.0,0,0.0
E01004507,5,0,0.0,0,0.0,0,0.0,0,0.0,0,0.0,0,0.0,0,0.0,0,0.0,0,0.0,0,0.0,0,0.0,0,0.0
E01004508,5,0,0.0,0,0.0,0,0.0,0,0.0,0,0.0,0,0.0,0,0.0,0,0.0,0,0.0,0,0.0,0,0.0,0,0.0
E01004510,3,0,0.0,0,0.0,0,0.0,0,0.0,0,0.0,0,0.0,0,0.0,0,0.0,0,0.0,0,0.0,0,0.0,0,0.0
E01004511,7,0,0.0,0,0.0,0,0.0,0,0.0,0,0.0,0,0.0,0,0.0,0,0.0,0,0.0,0,0.0,0,0.0,0,0.0
E01004512,16,0,0.0,0,0.0,0,0.0,0,0.0,0,0.0,0,0.0,0,0.0,0,0.0,0,0.0,0,0.0,0,0.0,0,0.0
E01004513,6,0,0.0,0,0.0,0,0.0,0,0.0,0,0.0,0,0.0,0,0.0,0,0.0,0,0.0,0,0.0,0,0.0,0,0.0
E01004514,12,0,0.0,0,0.0,0,0.0,0,0.0,0,0.0,0,0.0,0,0.0,0,0.0,0,0.0,0,0.0,0,0.0,0,0.0
E01004515,4,0,0.0,0,0.0,0,0.0,0,0.0,0,0.0,0,0.0,0,0.0,0,0.0,0,0.0,0,0.0,0,0.0,0,0.0
E01004516,22,0,0.0,0,0.0,0,0.0,0,0.0,0,0.0,0,0.0,0,0.0,0,0.0,0,0.0,0,0.0,0,0.0,0,0.0
E01004517,8,0,0.0,0,0.0,0,0.0,0,0.0,0,0.0,0,0.0,0,0.0,0,0.0,0,0.0,0,0.0,0,0.0,0,0.0
E01004518,15,0,0.0,0,0.0,0,0.0,0,0.0,0,0.0,0,0.0,0,0.0,0,0.0,0,0.0,0,0.0,0,0.0,0,0.0
E01004519,5,0,0.0,0,0.0,0,0.0,0,0.0,0,0.0,0,0.0,0,0.0,0,0.0,0,0.0,0,0.0,0,0.0,0,0.0
E01004520,5,0,0.0,0,0.0,0,0.0,0,0.0,0,0.0,0,0.0,0,0.0,0,0.0,0,0.0,0,0.0,0,0.0,0,0.0
E01004521,18,0,0.0,0,0.0,0,0.0,0,0.0,0,0.0,0,0.0,0,0.0,0,0.0,0,0.0,0,0.0,0,0.0,0,0.0
E01004522,2,0,0.0,0,0.0,0,0.0,0,0.0,0,0.0,0,0.0,0,0.0,0,0.0,0,0.0,0,0.0,0,0.0,0,0.0
E01004523,4,0,0.0,0,0.0,0,0.0,0,0.0,0,0.0,0,0.0,0,0.0,0,0.0,0,0.0,0,0.0,0,0.0,0,0.0
E01004524,3,0,0.0,0,0.0,0,0.0,0,0.0,0,0.0,0,0.0,0,0.0,0,0.0,0,0.0,0,0.0,0,0.0,0,0.0
E01004525,0,0,0.0,0,0.0,0,0.0,0,0.0,0,0.0,0,0.0,0,0.0,0,0.0,0,0.0,0,0.0,0,0.0,0,0.0
E01004526,2,0,0.0,0,0.0,0,0.0,0,0.0,0,0.0,0,0.0,0,0.0,0,0.0,0,0.0,0,0.0,0,0.0,0,0.0
E01004527,0,0,0.0,0,0.0,0,0.0,0,0.0,0,0.0,0,0.0,0,0.0,0,0.0,0,0.0,0,0.0,0,0.0,0,0.0
E01004528,2,0,0.0,0,0.0,0,0.0,0,0.0,0,0.0,0,0.0,0,0.0,0,0.0,0,0.0,0,0.0,0,0.0,0,0.0
E01004529,13,0,0.0,0,0.0,0,0.0,0,0.0,0,0.0,0,0.0,0,0.0,0,0.0,0,0.0,0,0.0,0,0.0,0,0.0
E01004530,8,0,0.0,0,0.0,0,0.0,0,0.0,0,0.0,0,0.0,0,0.0,0,0.0,0,0.0,0,0.0,0,0.0,0,0.0
E01004531,4,0,0.0,0,0.0,0,0.0,0,0.0,0,0.0,0,0.0,0,0.0,0,0.0,0,0.0,0,0.0,0,0.0,0,0.0
E01004532,5,0,0.0,0,0.0,0,0.0,0,0.0,0,0.0,0,0.0,0,0.0,0,0.0,0,0.0,0,0.0,0,0.0,0,0.0
E01004533,3,0,0.0,0,0.0,0,0.0,0,0.0,0,0.0,0,0.0,0,0.0,0,0.0,0,0.0,0,0.0,0,0.0,0,0.0
E01004534,10,0,0.0,0,0.0,0,0.0,0,0.0,0,0.0,0,0.0,0,0.0,0,0.0,0,0.0,0,0.0,0,0.0,0,0.0
E01004535,3,0,0.0,0,0.0,0,0.0,0,0.0,0,0.0,0,0.0,0,0.0,0,0.0,0,0.0,0,0.0,0,0.0,0,0.0
E01004536,6,0,0.0,0,0.0,0,0.0,0,0.0,0,0.0,0,0.0,0,0.0,0,0.0,0,0.0,0,0.0,0,0.0,0,0.0
E01004537,2,0,0.0,0,0.0,0,0.0,0,0.0,0,0.0,0,0.0,0,0.0,0,0.0,0,0.0,0,0.0,0,0.0,0,0.0
E01004538,5,0,0.0,0,0.0,0,0.0,0,0.0,0,0.0,0,0.0,0,0.0,0,0.0,0,0.0,0,0.0,0,0.0,0,0.0
E01004539,2,0,0.0,0,0.0,0,0.0,0,0.0,0,0.0,0,0.0,0,0.0,0,0.0,0,0.0,0,0.0,0,0.0,0,0.0
E01004540,11,0,0.0,0,0.0,0,0.0,0,0.0,0,0.0,0,0.0,0,0.0,0,0.0,0,0.0,0,0.0,0,0.0,0,0.0
E01004541,4,0,0.0,0,0.0,0,0.0,0,0.0,0,0.0,0,0.0,0,0.0,0,0.0,0,0.0,0,0.0,0,0.0,0,0.0
E01004542,23,0,0.0,0,0.0,0,0.0,0,0.0,0,0.0,0,0.0,0,0.0,0,0.0,0,0.0,0,0.0,0,0.0,0,0.0
E01004543,13,0,0.0,0,0.0,0,0.0,0,0.0,0,0.0,0,0.0,0,0.0,0,0.0,0,0.0,0,0.0,0,0.0,0,0.0
E01004544,14,0,0.0,0,0.0,0,0.0,0,0.0,0,0.0,0,0.0,0,0.0,0,0.0,0,0.0,0,0.0,0,0.0,0,0.0
E01004545,3,0,0.0,0,0.0,0,0.0,0,0.0,0,0.0,0,0.0,0,0.0,0,0.0,0,0.0,0,0.0,0,0.0,0,0.0
E01004546,12,0,0.0,0,0.0,0,0.0,0,0.0,0,0.0,0,0.0,0,0.0,0,0.0,0,0.0,0,0.0,0,0.0,0,0.0
E01004547,7,0,0.0,0,0.0,0,0.0,0,0.0,0,0.0,0,0.0,0,0.0,0,0.0,0,0.0,0,0.0,0,0.0,0,0.0
E01004548,12,0,0.0,0,0.0,0,0.0,0,0.0,0,0.0,0,0.0,0,0.0,0,0.0,0,0.0,0,0.0,0,0.0,0,0.0
E01004549,6,0,0.0,0,0.0,0,0.0,0,0.0,0,0.0,0,0.0,0,0.0,0,0.0,0,0.0,0,0.0,0,0.0,0,0.0
E01004550,8,0,0.0,0,0.0,0,0.0,0,0.0,0,0.0,0,0.0,0,0.0,0,0.0,0,0.0,0,0.0,0,0.0,0,0.0
E01004551,3,0,0.0,0,0.0,0,0.0,0,0.0,0,0.0,0,0.0,0,0.0,0,0.0,0,0.0,0,0.0,0,0.0,0,0.0
E01004552,13,0,0.0,0,0.0,0,0.0,0,0.0,0,0.0,0,0.0,0,0.0,0,0.0,0,0.0,0,0.0,0,0.0,0,0.0
E01004553,10,0,0.0,0,0.0,0,0.0,0,0.0,0,0.0,0,0.0,0,0.0,0,0.0,0,0.0,0,0.0,0,0.0,0,0.0
E01004554,18,0,0.0,0,0.0,0,0.0,0,0.0,0,0.0,0,0.0,0,0.0,0,0.0,0,0.0,0,0.0,0,0.0,0,0.0
E01004555,27,0,0.0,0,0.0,0,0.0,0,0.0,0,0.0,0,0.0,0,0.0,0,0.0,0,0.0,0,0.0,0,0.0,0,0.0
E01004556,18,0,0.0,0,0.0,0,0.0,0,0.0,0,0.0,0,0.0,0,0.0,0,0.0,0,0.0,0,0.0,0,0.0,0,0.0
E01004557,16,0,0.0,0,0.0,0,0.0,0,0.0,0,0.0,0,0.0,0,0.0,0,0.0,0,0.0,0,0.0,0,0.0,0,0.0
E01004558,8,0,0.0,0,0.0,0,0.0,0,0.0,0,0.0,0,0.0,0,0.0,0,0.0,0,0.0,0,0.0,0,0.0,0,0.0
E01004559,13,0,0.0,0,0.0,0,0.0,0,0.0,0,0.0,0,0.0,0,0.0,0,0.0,0,0.0,0,0.0,0,0.0,0,0.0
E01004560,9,0,0.0,0,0.0,0,0.0,0,0.0,0,0.0,0,0.0,0,0.0,0,0.0,0,0.0,0,0.0,0,0.0,0,0.0
E01004563,4,0,0.0,0,0.0,0,0.0,0,0.0,0,0.0,0,0.0,0,0.0,0,0.0,0,0.0,0,0.0,0,0.0,0,0.0
E01004564,9,0,0.0,0,0.0,0,0.0,0,0.0,0,0.0,0,0.0,0,0.0,0,0.0,0,0.0,0,0.0,0,0.0,0,0.0
E01004565,10,0,0.0,0,0.0,0,0.0,0,0.0,0,0.0,0,0.0,0,0.0,0,0.0,0,0.0,0,0.0,0,0.0,0,0.0
E01004566,2,0,0.0,0,0.0,0,0.0,0,0.0,0,0.0,0,0.0,0,0.0,0,0.0,0,0.0,0,0.0,0,0.0,0,0.0
E01004567,2,0,0.0,0,0.0,0,0.0,0,0.0,0,0.0,0,0.0,0,0.0,0,0.0,0,0.0,0,0.0,0,0.0,0,0.0
E01004568,0,0,0.0,0,0.0,0,0.0,0,0.0,0,0.0,0,0.0,0,0.0,0,0.0,0,0.0,0,0.0,0,0.0,0,0.0
E01004569,10,0,0.0,0,0.0,0,0.0,0,0.0,0,0.0,0,0.0,0,0.0,0,0.0,0,0.0,0,0.0,0,0.0,0,0.0
E01004570,2,0,0.0,0,0.0,0,0.0,0,0.0,0,0.0,0,0.0,0,0.0,0,0.0,0,0.0,0,0.0,0,0.0,0,0.0
E01004571,2,0,0.0,0,0.0,0,0.0,0,0.0,0,0.0,0,0.0,0,0.0,0,0.0,0,0.0,0,0.0,0,0.0,0,0.0
E01004572,5,0,0.0,0,0.0,0,0.0,0,0.0,0,0.0,0,0.0,0,0.0,0,0.0,0,0.0,0,0.0,0,0.0,0,0.0
E01004573,7,0,0.0,0,0.0,0,0.0,0,0.0,0,0.0,0,0.0,0,0.0,0,0.0,0,0.0,0,0.0,0,0.0,0,0.0
E01004574,2,0,0.0,0,0.0,0,0.0,0,0.0,0,0.0,0,0.0,0,0.0,0,0.0,0,0.0,0,0.0,0,0.0,0,0.0
E01004575,5,0,0.0,0,0.0,0,0.0,0,0.0,0,0.0,0,0.0,0,0.0,0,0.0,0,0.0,0,0.0,0,0.0,0,0.0
E01004576,3,0,0.0,0,0.0,0,0.0,0,0.0,0,0.0,0,0.0,0,0.0,0,0.0,0,0.0,0,0.0,0,0.0,0,0.0
E01004577,8,0,0.0,0,0.0,0,0.0,0,0.0,0,0.0,0,0.0,0,0.0,0,0.0,0,0.0,0,0.0,0,0.0,0,0.0
E01004579,12,0,0.0,0,0.0,0,0.0,0,0.0,0,0.0,0,0.0,0,0.0,0,0.0,0,0.0,0,0.0,0,0.0,0,0.0
E01004580,10,0,0.0,0,0.0,0,0.0,0,0.0,0,0.0,0,0.0,0,0.0,0,0.0,0,0.0,0,0.0,0,0.0,0,0.0
E01004581,3,0,0.0,0,0.0,0,0.0,0,0.0,0,0.0,0,0.0,0,0.0,0,0.0,0,0.0,0,0.0,0,0.0,0,0.0
E01004582,4,0,0.0,0,0.0,0,0.0,0,0.0,0,0.0,0,0.0,0,0.0,0,0.0,0,0.0,0,0.0,0,0.0,0,0.0
E01004583,0,0,0.0,0,0.0,0,0.0,0,0.0,0,0.0,0,0.0,0,0.0,0,0.0,0,0.0,0,0.0,0,0.0,0,0.0
E01004584,1,0,0.0,0,0.0,0,0.0,0,0.0,0,0.0,0,0.0,0,0.0,0,0.0,0,0.0,0,0.0,0,0.0,0,0.0
E01004585,9,0,0.0,0,0.0,0,0.0,0,0.0,0,0.0,0,0.0,0,0.0,0,0.0,0,0.0,0,0.0,0,0.0,0,0.0
E01004586,43,0,0.0,0,0.0,0,0.0,0,0.0,0,0.0,0,0.0,0,0.0,0,0.0,0,0.0,0,0.0,0,0.0,0,0.0
E01004587,57,0,0.0,0,0.0,0,0.0,0,0.0,0,0.0,0,0.0,0,0.0,0,0.0,0,0.0,0,0.0,0,0.0,0,0.0
E01004588,6,0,0.0,0,0.0,0,0.0,0,0.0,0,0.0,0,0.0,0,0.0,0,0.0,0,0.0,0,0.0,0,0.0,0,0.0
E01004589,43,0,0.0,0,0.0,0,0.0,0,0.0,0,0.0,0,0.0,0,0.0,0,0.0,0,0.0,0,0.0,0,0.0,0,0.0
E01004590,6,0,0.0,0,0.0,0,0.0,0,0.0,0,0.0,0,0.0,0,0.0,0,0.0,0,0.0,0,0.0,0,0.0,0,0.0
E01004591,29,0,0.0,0,0.0,0,0.0,0,0.0,0,0.0,0,0.0,0,0.0,0,0.0,0,0.0,0,0.0,0,0.0,0,0.0
E01004592,4,0,0.0,0,0.0,0,0.0,0,0.0,0,0.0,0,0.0,0,0.0,0,0.0,0,0.0,0,0.0,0,0.0,0,0.0
E01004593,14,0,0.0,0,0.0,0,0.0,0,0.0,0,0.0,0,0.0,0,0.0,0,0.0,0,0.0,0,0.0,0,0.0,0,0.0
E01004594,12,0,0.0,0,0.0,0,0.0,0,0.0,0,0.0,0,0.0,0,0.0,0,0.0,0,0.0,0,0.0,0,0.0,0,0.0
E01004595,7,0,0.0,0,0.0,0,0.0,0,0.0,0,0.0,0,0.0,0,0.0,0,0.0,0,0.0,0,0.0,0,0.0,0,0.0
E01004596,22,0,0.0,0,0.0,0,0.0,0,0.0,0,0.0,0,0.0,0,0.0,0,0.0,0,0.0,0,0.0,0,0.0,0,0.0
E01004597,9,0,0.0,0,0.0,0,0.0,0,0.0,0,0.0,0,0.0,0,0.0,0,0.0,0,0.0,0,0.0,0,0.0,0,0.0
E01004598,8,0,0.0,0,0.0,0,0.0,0,0.0,0,0.0,0,0.0,0,0.0,0,0.0,0,0.0,0,0.0,0,0.0,0,0.0
E01004599,19,0,0.0,0,0.0,0,0.0,0,0.0,0,0.0,0,0.0,0,0.0,0,0.0,0,0.0,0,0.0,0,0.0,0,0.0
E01004601,3,0,0.0,0,0.0,0,0.0,0,0.0,0,0.0,0,0.0,0,0.0,0,0.0,0,0.0,0,0.0,0,0.0,0,0.0
E01004602,38,0,0.0,0,0.0,0,0.0,0,0.0,0,0.0,0,0.0,0,0.0,0,0.0,0,0.0,0,0.0,0,0.0,0,0.0
E01004604,17,0,0.0,0,0.0,0,0.0,0,0.0,0,0.0,0,0.0,0,0.0,0,0.0,0,0.0,0,0.0,0,0.0,0,0.0
E01004605,20,0,0.0,0,0.0,0,0.0,0,0.0,0,0.0,0,0.0,0,0.0,0,0.0,0,0.0,0,0.0,0,0.0,0,0.0
E01004606,17,0,0.0,0,0.0,0,0.0,0,0.0,0,0.0,0,0.0,0,0.0,0,0.0,0,0.0,0,0.0,0,0.0,0,0.0
E01004607,6,0,0.0,0,0.0,0,0.0,0,0.0,0,0.0,0,0.0,0,0.0,0,0.0,0,0.0,0,0.0,0,0.0,0,0.0
E01004608,6,0,0.0,0,0.0,0,0.0,0,0.0,0,0.0,0,0.0,0,0.0,0,0.0,0,0.0,0,0.0,0,0.0,0,0.0
E01004609,8,0,0.0,0,0.0,0,0.0,0,0.0,0,0.0,0,0.0,0,0.0,0,0.0,0,0.0,0,0.0,0,0.0,0,0.0
E01004610,15,0,0.0,0,0.0,0,0.0,0,0.0,0,0.0,0,0.0,0,0.0,0,0.0,0,0.0,0,0.0,0,0.0,0,0.0
E01004611,12,0,0.0,0,0.0,0,0.0,0,0.0,0,0.0,0,0.0,0,0.0,0,0.0,0,0.0,0,0.0,0,0.0,0,0.0
E01004612,5,0,0.0,0,0.0,0,0.0,0,0.0,0,0.0,0,0.0,0,0.0,0,0.0,0,0.0,0,0.0,0,0.0,0,0.0
E01004613,4,0,0.0,0,0.0,0,0.0,0,0.0,0,0.0,0,0.0,0,0.0,0,0.0,0,0.0,0,0.0,0,0.0,0,0.0
E01004614,7,0,0.0,0,0.0,0,0.0,0,0.0,0,0.0,0,0.0,0,0.0,0,0.0,0,0.0,0,0.0,0,0.0,0,0.0
E01004615,4,0,0.0,0,0.0,0,0.0,0,0.0,0,0.0,0,0.0,0,0.0,0,0.0,0,0.0,0,0.0,0,0.0,0,0.0
E01004616,0,0,0.0,0,0.0,0,0.0,0,0.0,0,0.0,0,0.0,0,0.0,0,0.0,0,0.0,0,0.0,0,0.0,0,0.0
E01004617,2,0,0.0,0,0.0,0,0.0,0,0.0,0,0.0,0,0.0,0,0.0,0,0.0,0,0.0,0,0.0,0,0.0,0,0.0
E01004618,11,0,0.0,0,0.0,0,0.0,0,0.0,0,0.0,0,0.0,0,0.0,0,0.0,0,0.0,0,0.0,0,0.0,0,0.0
E01004619,7,0,0.0,0,0.0,0,0.0,0,0.0,0,0.0,0,0.0,0,0.0,0,0.0,0,0.0,0,0.0,0,0.0,0,0.0
E01004620,16,0,0.0,0,0.0,0,0.0,0,0.0,0,0.0,0,0.0,0,0.0,0,0.0,0,0.0,0,0.0,0,0.0,0,0.0
E01004621,3,0,0.0,0,0.0,0,0.0,0,0.0,0,0.0,0,0.0,0,0.0,0,0.0,0,0.0,0,0.0,0,0.0,0,0.0
E01004622,7,0,0.0,0,0.0,0,0.0,0,0.0,0,0.0,0,0.0,0,0.0,0,0.0,0,0.0,0,0.0,0,0.0,0,0.0
E01004623,12,0,0.0,0,0.0,0,0.0,0,0.0,0,0.0,0,0.0,0,0.0,0,0.0,0,0.0,0,0.0,0,0.0,0,0.0
E01004624,12,0,0.0,0,0.0,0,0.0,0,0.0,0,0.0,0,0.0,0,0.0,0,0.0,0,0.0,0,0.0,0,0.0,0,0.0
E01004625,14,0,0.0,0,0.0,0,0.0,0,0.0,0,0.0,0,0.0,0,0.0,0,0.0,0,0.0,0,0.0,0,0.0,0,0.0
E01004626,8,0,0.0,0,0.0,0,0.0,0,0.0,0,0.0,0,0.0,0,0.0,0,0.0,0,0.0,0,0.0,0,0.0,0,0.0
E01004627,13,0,0.0,0,0.0,0,0.0,0,0.0,0,0.0,0,0.0,0,0.0,0,0.0,0,0.0,0,0.0,0,0.0,0,0.0
E01004628,9,0,0.0,0,0.0,0,0.0,0,0.0,0,0.0,0,0.0,0,0.0,0,0.0,0,0.0,0,0.0,0,0.0,0,0.0
E01004629,5,0,0.0,0,0.0,0,0.0,0,0.0,0,0.0,0,0.0,0,0.0,0,0.0,0,0.0,0,0.0,0,0.0,0,0.0
E01004630,7,0,0.0,0,0.0,0,0.0,0,0.0,0,0.0,0,0.0,0,0.0,0,0.0,0,0.0,0,0.0,0,0.0,0,0.0
E01004631,6,0,0.0,0,0.0,0,0.0,0,0.0,0,0.0,0,0.0,0,0.0,0,0.0,0,0.0,0,0.0,0,0.0,0,0.0
E01004632,13,0,0.0,0,0.0,0,0.0,0,0.0,0,0.0,0,0.0,0,0.0,0,0.0,0,0.0,0,0.0,0,0.0,0,0.0
E01004633,4,0,0.0,0,0.0,0,0.0,0,0.0,0,0.0,0,0.0,0,0.0,0,0.0,0,0.0,0,0.0,0,0.0,0,0.0
E01004634,0,0,0.0,0,0.0,0,0.0,0,0.0,0,0.0,0,0.0,0,0.0,0,0.0,0,0.0,0,0.0,0,0.0,0,0.0
E01004635,7,0,0.0,0,0.0,0,0.0,0,0.0,0,0.0,0,0.0,0,0.0,0,0.0,0,0.0,0,0.0,0,0.0,0,0.0
E01004636,0,0,0.0,0,0.0,0,0.0,0,0.0,0,0.0,0,0.0,0,0.0,0,0.0,0,0.0,0,0.0,0,0.0,0,0.0
E01004637,4,0,0.0,0,0.0,0,0.0,0,0.0,0,0.0,0,0.0,0,0.0,0,0.0,0,0.0,0,0.0,0,0.0,0,0.0
E01004638,3,0,0.0,0,0.0,0,0.0,0,0.0,0,0.0,0,0.0,0,0.0,0,0.0,0,0.0,0,0.0,0,0.0,0,0.0
E01004639,0,0,0.0,0,0.0,0,0.0,0,0.0,0,0.0,0,0.0,0,0.0,0,0.0,0,0.0,0,0.0,0,0.0,0,0.0
E01004640,6,0,0.0,0,0.0,0,0.0,0,0.0,0,0.0,0,0.0,0,0.0,0,0.0,0,0.0,0,0.0,0,0.0,0,0.0
E01004641,3,0,0.0,0,0.0,0,0.0,0,0.0,0,0.0,0,0.0,0,0.0,0,0.0,0,0.0,0,0.0,0,0.0,0,0.0
E01004642,9,0,0.0,0,0.0,0,0.0,0,0.0,0,0.0,0,0.0,0,0.0,0,0.0,0,0.0,0,0.0,0,0.0,0,0.0
E01004643,2,0,0.0,0,0.0,0,0.0,0,0.0,0,0.0,0,0.0,0,0.0,0,0.0,0,0.0,0,0.0,0,0.0,0,0.0
E01004644,9,0,0.0,0,0.0,0,0.0,0,0.0,0,0.0,0,0.0,0,0.0,0,0.0,0,0.0,0,0.0,0,0.0,0,0.0
E01004645,5,0,0.0,0,0.0,0,0.0,0,0.0,0,0.0,0,0.0,0,0.0,0,0.0,0,0.0,0,0.0,0,0.0,0,0.0
E01004646,55,0,0.0,0,0.0,0,0.0,0,0.0,0,0.0,0,0.0,0,0.0,0,0.0,0,0.0,0,0.0,0,0.0,0,0.0
E01004647,41,0,0.0,0,0.0,0,0.0,0,0.0,0,0.0,0,0.0,0,0.0,0,0.0,0,0.0,0,0.0,0,0.0,0,0.0
E01004648,31,0,0.0,0,0.0,0,0.0,0,0.0,0,0.0,0,0.0,0,0.0,0,0.0,0,0.0,0,0.0,0,0.0,0,0.0
E01004649,19,0,0.0,0,0.0,0,0.0,0,0.0,0,0.0,0,0.0,0,0.0,0,0.0,0,0.0,0,0.0,0,0.0,0,0.0
E01004650,38,0,0.0,0,0.0,0,0.0,0,0.0,0,0.0,0,0.0,0,0.0,0,0.0,0,0.0,0,0.0,0,0.0,0,0.0
E01004651,14,0,0.0,0,0.0,0,0.0,0,0.0,0,0.0,0,0.0,0,0.0,0,0.0,0,0.0,0,0.0,0,0.0,0,0.0
E01004652,7,0,0.0,0,0.0,0,0.0,0,0.0,0,0.0,0,0.0,0,0.0,0,0.0,0,0.0,0,0.0,0,0.0,0,0.0
E01004653,38,0,0.0,0,0.0,0,0.0,0,0.0,0,0.0,0,0.0,0,0.0,0,0.0,0,0.0,0,0.0,0,0.0,0,0.0
E01004654,31,0,0.0,0,0.0,0,0.0,0,0.0,0,0.0,0,0.0,0,0.0,0,0.0,0,0.0,0,0.0,0,0.0,0,0.0
E01004656,31,0,0.0,0,0.0,0,0.0,0,0.0,0,0.0,0,0.0,0,0.0,0,0.0,0,0.0,0,0.0,0,0.0,0,0.0
E01004657,25,0,0.0,0,0.0,0,0.0,0,0.0,0,0.0,0,0.0,0,0.0,0,0.0,0,0.0,0,0.0,0,0.0,0,0.0
E01004658,8,0,0.0,0,0.0,0,0.0,0,0.0,0,0.0,0,0.0,0,0.0,0,0.0,0,0.0,0,0.0,0,0.0,0,0.0
E01004659,20,0,0.0,0,0.0,0,0.0,0,0.0,0,0.0,0,0.0,0,0.0,0,0.0,0,0.0,0,0.0,0,0.0,0,0.0
E01004660,11,0,0.0,0,0.0,0,0.0,0,0.0,0,0.0,0,0.0,0,0.0,0,0.0,0,0.0,0,0.0,0,0.0,0,0.0
E01004661,14,0,0.0,0,0.0,0,0.0,0,0.0,0,0.0,0,0.0,0,0.0,0,0.0,0,0.0,0,0.0,0,0.0,0,0.0
E01004662,8,0,0.0,0,0.0,0,0.0,0,0.0,0,0.0,0,0.0,0,0.0,0,0.0,0,0.0,0,0.0,0,0.0,0,0.0
E01004663,19,0,0.0,0,0.0,0,0.0,0,0.0,0,0.0,0,0.0,0,0.0,0,0.0,0,0.0,0,0.0,0,0.0,0,0.0
E01004665,12,0,0.0,0,0.0,0,0.0,0,0.0,0,0.0,0,0.0,0,0.0,0,0.0,0,0.0,0,0.0,0,0.0,0,0.0
E01004668,16,0,0.0,0,0.0,0,0.0,0,0.0,0,0.0,0,0.0,0,0.0,0,0.0,0,0.0,0,0.0,0,0.0,0,0.0
E01004669,12,0,0.0,0,0.0,0,0.0,0,0.0,0,0.0,0,0.0,0,0.0,0,0.0,0,0.0,0,0.0,0,0.0,0,0.0
E01004670,9,0,0.0,0,0.0,0,0.0,0,0.0,0,0.0,0,0.0,0,0.0,0,0.0,0,0.0,0,0.0,0,0.0,0,0.0
E01004674,28,0,0.0,0,0.0,0,0.0,0,0.0,0,0.0,0,0.0,0,0.0,0,0.0,0,0.0,0,0.0,0,0.0,0,0.0
E01004675,33,0,0.0,0,0.0,0,0.0,0,0.0,0,0.0,0,0.0,0,0.0,0,0.0,0,0.0,0,0.0,0,0.0,0,0.0
E01004676,29,0,0.0,0,0.0,0,0.0,0,0.0,0,0.0,0,0.0,0,0.0,0,0.0,0,0.0,0,0.0,0,0.0,0,0.0
E01004677,39,0,0.0,0,0.0,0,0.0,0,0.0,0,0.0,0,0.0,0,0.0,0,0.0,0,0.0,0,0.0,0,0.0,0,0.0
E01004678,31,0,0.0,0,0.0,0,0.0,0,0.0,0,0.0,0,0.0,0,0.0,0,0.0,0,0.0,0,0.0,0,0.0,0,0.0
E01004679,27,0,0.0,0,0.0,0,0.0,0,0.0,0,0.0,0,0.0,0,0.0,0,0.0,0,0.0,0,0.0,0,0.0,0,0.0
E01004680,14,0,0.0,0,0.0,0,0.0,0,0.0,0,0.0,0,0.0,0,0.0,0,0.0,0,0.0,0,0.0,0,0.0,0,0.0
E01004681,6,0,0.0,0,0.0,0,0.0,0,0.0,0,0.0,0,0.0,0,0.0,0,0.0,0,0.0,0,0.0,0,0.0,0,0.0
E01004682,6,0,0.0,0,0.0,0,0.0,0,0.0,0,0.0,0,0.0,0,0.0,0,0.0,0,0.0,0,0.0,0,0.0,0,0.0
E01004683,36,0,0.0,0,0.0,0,0.0,0,0.0,0,0.0,0,0.0,0,0.0,0,0.0,0,0.0,0,0.0,0,0.0,0,0.0
E01004684,14,0,0.0,0,0.0,0,0.0,0,0.0,0,0.0,0,0.0,0,0.0,0,0.0,0,0.0,0,0.0,0,0.0,0,0.0
E01004686,17,0,0.0,0,0.0,0,0.0,0,0.0,0,0.0,0,0.0,0,0.0,0,0.0,0,0.0,0,0.0,0,0.0,0,0.0
E01004687,24,0,0.0,0,0.0,0,0.0,0,0.0,0,0.0,0,0.0,0,0.0,0,0.0,0,0.0,0,0.0,0,0.0,0,0.0
E01004690,35,0,0.0,0,0.0,0,0.0,0,0.0,0,0.0,0,0.0,0,0.0,0,0.0,0,0.0,0,0.0,0,0.0,0,0.0
E01004691,28,0,0.0,0,0.0,0,0.0,0,0.0,0,0.0,0,0.0,0,0.0,0,0.0,0,0.0,0,0.0,0,0.0,0,0.0
E01004692,16,0,0.0,0,0.0,0,0.0,0,0.0,0,0.0,0,0.0,0,0.0,0,0.0,0,0.0,0,0.0,0,0.0,0,0.0
E01004693,23,0,0.0,0,0.0,0,0.0,0,0.0,0,0.0,0,0.0,0,0.0,0,0.0,0,0.0,0,0.0,0,0.0,0,0.0
E01004694,31,0,0.0,0,0.0,0,0.0,0,0.0,0,0.0,0,0.0,0,0.0,0,0.0,0,0.0,0,0.0,0,0.0,0,0.0
E01004695,3,0,0.0,0,0.0,0,0.0,0,0.0,0,0.0,0,0.0,0,0.0,0,0.0,0,0.0,0,0.0,0,0.0,0,0.0
E01004696,5,0,0.0,0,0.0,0,0.0,0,0.0,0,0.0,0,0.0,0,0.0,0,0.0,0,0.0,0,0.0,0,0.0,0,0.0
E01004697,23,0,0.0,0,0.0,0,0.0,0,0.0,0,0.0,0,0.0,0,0.0,0,0.0,0,0.0,0,0.0,0,0.0,0,0.0
E01004698,27,0,0.0,0,0.0,0,0.0,0,0.0,0,0.0,0,0.0,0,0.0,0,0.0,0,0.0,0,0.0,0,0.0,0,0.0
E01004699,26,0,0.0,0,0.0,0,0.0,0,0.0,0,0.0,0,0.0,0,0.0,0,0.0,0,0.0,0,0.0,0,0.0,0,0.0
E01004700,22,0,0.0,0,0.0,0,0.0,0,0.0,0,0.0,0,0.0,0,0.0,0,0.0,0,0.0,0,0.0,0,0.0,0,0.0
E01004701,22,0,0.0,0,0.0,0,0.0,0,0.0,0,0.0,0,0.0,0,0.0,0,0.0,0,0.0,0,0.0,0,0.0,0,0.0
E01004702,20,0,0.0,0,0.0,0,0.0,0,0.0,0,0.0,0,0.0,0,0.0,0,0.0,0,0.0,0,0.0,0,0.0,0,0.0
E01004703,63,0,0.0,0,0.0,0,0.0,0,0.0,0,0.0,0,0.0,0,0.0,0,0.0,0,0.0,0,0.0,0,0.0,0,0.0
E01004705,20,0,0.0,0,0.0,0,0.0,0,0.0,0,0.0,0,0.0,0,0.0,0,0.0,0,0.0,0,0.0,0,0.0,0,0.0
E01004706,29,0,0.0,0,0.0,0,0.0,0,0.0,0,0.0,0,0.0,0,0.0,0,0.0,0,0.0,0,0.0,0,0.0,0,0.0
E01004707,57,0,0.0,0,0.0,0,0.0,0,0.0,0,0.0,0,0.0,0,0.0,0,0.0,0,0.0,0,0.0,0,0.0,0,0.0
E01004708,21,0,0.0,0,0.0,0,0.0,0,0.0,0,0.0,0,0.0,0,0.0,0,0.0,0,0.0,0,0.0,0,0.0,0,0.0
E01004709,23,0,0.0,0,0.0,0,0.0,0,0.0,0,0.0,0,0.0,0,0.0,0,0.0,0,0.0,0,0.0,0,0.0,0,0.0
E01004710,20,0,0.0,0,0.0,0,0.0,0,0.0,0,0.0,0,0.0,0,0.0,0,0.0,0,0.0,0,0.0,0,0.0,0,0.0
E01004711,10,0,0.0,0,0.0,0,0.0,0,0.0,0,0.0,0,0.0,0,0.0,0,0.0,0,0.0,0,0.0,0,0.0,0,0.0
E01004712,9,0,0.0,0,0.0,0,0.0,0,0.0,0,0.0,0,0.0,0,0.0,0,0.0,0,0.0,0,0.0,0,0.0,0,0.0
E01004713,30,0,0.0,0,0.0,0,0.0,0,0.0,0,0.0,0,0.0,0,0.0,0,0.0,0,0.0,0,0.0,0,0.0,0,0.0
E01004714,50,0,0.0,0,0.0,0,0.0,0,0.0,0,0.0,0,0.0,0,0.0,0,0.0,0,0.0,0,0.0,0,0.0,0,0.0
E01004715,20,0,0.0,0,0.0,0,0.0,0,0.0,0,0.0,0,0.0,0,0.0,0,0.0,0,0.0,0,0.0,0,0.0,0,0.0
E01004716,18,0,0.0,0,0.0,0,0.0,0,0.0,0,0.0,0,0.0,0,0.0,0,0.0,0,0.0,0,0.0,0,0.0,0,0.0
E01004717,10,0,0.0,0,0.0,0,0.0,0,0.0,0,0.0,0,0.0,0,0.0,0,0.0,0,0.0,0,0.0,0,0.0,0,0.0
E01004718,38,0,0.0,0,0.0,0,0.0,0,0.0,0,0.0,0,0.0,0,0.0,0,0.0,0,0.0,0,0.0,0,0.0,0,0.0
E01004719,46,0,0.0,0,0.0,0,0.0,0,0.0,0,0.0,0,0.0,0,0.0,0,0.0,0,0.0,0,0.0,0,0.0,0,0.0
E01004720,55,0,0.0,0,0.0,0,0.0,0,0.0,0,0.0,0,0.0,0,0.0,0,0.0,0,0.0,0,0.0,0,0.0,0,0.0
E01004721,42,0,0.0,0,0.0,0,0.0,0,0.0,0,0.0,0,0.0,0,0.0,0,0.0,0,0.0,0,0.0,0,0.0,0,0.0
E01004722,35,0,0.0,0,0.0,0,0.0,0,0.0,0,0.0,0,0.0,0,0.0,0,0.0,0,0.0,0,0.0,0,0.0,0,0.0
E01004723,30,0,0.0,0,0.0,0,0.0,0,0.0,0,0.0,0,0.0,0,0.0,0,0.0,0,0.0,0,0.0,0,0.0,0,0.0
E01004724,21,0,0.0,0,0.0,0,0.0,0,0.0,0,0.0,0,0.0,0,0.0,0,0.0,0,0.0,0,0.0,0,0.0,0,0.0
E01004725,17,0,0.0,0,0.0,0,0.0,0,0.0,0,0.0,0,0.0,0,0.0,0,0.0,0,0.0,0,0.0,0,0.0,0,0.0
E01004726,21,0,0.0,0,0.0,0,0.0,0,0.0,0,0.0,0,0.0,0,0.0,0,0.0,0,0.0,0,0.0,0,0.0,0,0.0
E01004727,8,0,0.0,0,0.0,0,0.0,0,0.0,0,0.0,0,0.0,0,0.0,0,0.0,0,0.0,0,0.0,0,0.0,0,0.0
E01004728,12,0,0.0,0,0.0,0,0.0,0,0.0,0,0.0,0,0.0,0,0.0,0,0.0,0,0.0,0,0.0,0,0.0,0,0.0
E01004729,6,0,0.0,0,0.0,0,0.0,0,0.0,0,0.0,0,0.0,0,0.0,0,0.0,0,0.0,0,0.0,0,0.0,0,0.0
E01004730,24,0,0.0,0,0.0,0,0.0,0,0.0,0,0.0,0,0.0,0,0.0,0,0.0,0,0.0,0,0.0,0,0.0,0,0.0
E01004731,17,0,0.0,0,0.0,0,0.0,0,0.0,0,0.0,0,0.0,0,0.0,0,0.0,0,0.0,0,0.0,0,0.0,0,0.0
E01004732,7,0,0.0,0,0.0,0,0.0,0,0.0,0,0.0,0,0.0,0,0.0,0,0.0,0,0.0,0,0.0,0,0.0,0,0.0
E01004733,15,0,0.0,0,0.0,0,0.0,0,0.0,0,0.0,0,0.0,0,0.0,0,0.0,0,0.0,0,0.0,0,0.0,0,0.0
E01004734,3,0,0.0,0,0.0,0,0.0,0,0.0,0,0.0,0,0.0,0,0.0,0,0.0,0,0.0,0,0.0,0,0.0,0,0.0
E01004735,15,0,0.0,0,0.0,0,0.0,0,0.0,0,0.0,0,0.0,0,0.0,0,0.0,0,0.0,0,0.0,0,0.0,0,0.0
E01004736,14,0,0.0,0,0.0,0,0.0,0,0.0,0,0.0,0,0.0,0,0.0,0,0.0,0,0.0,0,0.0,0,0.0,0,0.0
E01004737,4,0,0.0,0,0.0,0,0.0,0,0.0,0,0.0,0,0.0,0,0.0,0,0.0,0,0.0,0,0.0,0,0.0,0,0.0
E01004740,14,0,0.0,0,0.0,0,0.0,0,0.0,0,0.0,0,0.0,0,0.0,0,0.0,0,0.0,0,0.0,0,0.0,0,0.0
E01004741,10,0,0.0,0,0.0,0,0.0,0,0.0,0,0.0,0,0.0,0,0.0,0,0.0,0,0.0,0,0.0,0,0.0,0,0.0
E01004742,10,0,0.0,0,0.0,0,0.0,0,0.0,0,0.0,0,0.0,0,0.0,0,0.0,0,0.0,0,0.0,0,0.0,0,0.0
E01004743,8,0,0.0,0,0.0,0,0.0,0,0.0,0,0.0,0,0.0,0,0.0,0,0.0,0,0.0,0,0.0,0,0.0,0,0.0
E01004744,15,0,0.0,0,0.0,0,0.0,0,0.0,0,0.0,0,0.0,0,0.0,0,0.0,0,0.0,0,0.0,0,0.0,0,0.0
E01004746,12,0,0.0,0,0.0,0,0.0,0,0.0,0,0.0,0,0.0,0,0.0,0,0.0,0,0.0,0,0.0,0,0.0,0,0.0
E01004747,22,0,0.0,0,0.0,0,0.0,0,0.0,0,0.0,0,0.0,0,0.0,0,0.0,0,0.0,0,0.0,0,0.0,0,0.0
E01004748,13,0,0.0,0,0.0,0,0.0,0,0.0,0,0.0,0,0.0,0,0.0,0,0.0,0,0.0,0,0.0,0,0.0,0,0.0
E01004749,33,0,0.0,0,0.0,0,0.0,0,0.0,0,0.0,0,0.0,0,0.0,0,0.0,0,0.0,0,0.0,0,0.0,0,0.0
E01004750,6,0,0.0,0,0.0,0,0.0,0,0.0,0,0.0,0,0.0,0,0.0,0,0.0,0,0.0,0,0.0,0,0.0,0,0.0
E01004751,17,0,0.0,0,0.0,0,0.0,0,0.0,0,0.0,0,0.0,0,0.0,0,0.0,0,0.0,0,0.0,0,0.0,0,0.0
E01004752,11,0,0.0,0,0.0,0,0.0,0,0.0,0,0.0,0,0.0,0,0.0,0,0.0,0,0.0,0,0.0,0,0.0,0,0.0
E01004753,14,0,0.0,0,0.0,0,0.0,0,0.0,0,0.0,0,0.0,0,0.0,0,0.0,0,0.0,0,0.0,0,0.0,0,0.0
E01004754,10,0,0.0,0,0.0,0,0.0,0,0.0,0,0.0,0,0.0,0,0.0,0,0.0,0,0.0,0,0.0,0,0.0,0,0.0
E01004755,7,0,0.0,0,0.0,0,0.0,0,0.0,0,0.0,0,0.0,0,0.0,0,0.0,0,0.0,0,0.0,0,0.0,0,0.0
E01004756,19,0,0.0,0,0.0,0,0.0,0,0.0,0,0.0,0,0.0,0,0.0,0,0.0,0,0.0,0,0.0,0,0.0,0,0.0
E01004757,24,0,0.0,0,0.0,0,0.0,0,0.0,0,0.0,0,0.0,0,0.0,0,0.0,0,0.0,0,0.0,0,0.0,0,0.0
E01004760,18,0,0.0,0,0.0,0,0.0,0,0.0,0,0.0,0,0.0,0,0.0,0,0.0,0,0.0,0,0.0,0,0.0,0,0.0
E01004761,26,0,0.0,0,0.0,0,0.0,0,0.0,0,0.0,0,0.0,0,0.0,0,0.0,0,0.0,0,0.0,0,0.0,0,0.0
E01004762,23,0,0.0,0,0.0,0,0.0,0,0.0,0,0.0,0,0.0,0,0.0,0,0.0,0,0.0,0,0.0,0,0.0,0,0.0
E01004763,14,0,0.0,0,0.0,0,0.0,0,0.0,0,0.0,0,0.0,0,0.0,0,0.0,0,0.0,0,0.0,0,0.0,0,0.0
E01004765,20,0,0.0,0,0.0,0,0.0,0,0.0,0,0.0,0,0.0,0,0.0,0,0.0,0,0.0,0,0.0,0,0.0,0,0.0
E01032512,8,0,0.0,0,0.0,0,0.0,0,0.0,0,0.0,0,0.0,0,0.0,0,0.0,0,0.0,0,0.0,0,0.0,0,0.0
E01032513,15,0,0.0,0,0.0,0,0.0,0,0.0,0,0.0,0,0.0,0,0.0,0,0.0,0,0.0,0,0.0,0,0.0,0,0.0
E01032562,0,0,72.625325,4,8.3267015,4,8.3267015,0,73.455494,0,73.455494,4,9.1568704,0,75.000917,0,75.000917,4,10.702294,0,76.410017,0,76.410017,4,12.111394
E01032563,0,0,97.378247,6,0.93031205,6,0.93031205,0,95.783206,5,15.409927,5,15.409927,0,92.813915,5,12.440636,5,12.440636,0,90.106548,5,9.7332692,5,9.7332692
E01032564,0,0,50.887987,0,50.887987,3,2.6640197,0,51.941423,0,51.941423,3,3.7174557,0,53.902476,0,53.902476,3,5.6785088,0,55.690542,0,55.690542,3,7.4665747
E01032565,0,0,32.656573,0,32.656573,2,0.50726128,0,34.503346,0,34.503346,2,2.3540345,0,37.941258,0,37.941258,2,5.7919463,0,41.075907,0,41.075907,2,8.9265952
E01032566,0,0,95.242208,5,14.868929,5,14.868929,5,15.242,0,95.615279,5,15.242,0,96.309781,5,15.936502,5,15.936502,6,0.49508437,6,0.49508437,6,0.49508437
E01032567,0,0,85.441558,5,5.0682795,5,5.0682795,5,5.0027608,5,5.0027608,5,5.0027608,5,4.8807926,5,4.8807926,5,4.8807926,5,4.7695834,5,4.7695834,5,4.7695834
E01032568,0,0,82.425974,0,82.425974,5,2.0526951,0,82.949924,0,82.949924,5,2.5766453,0,83.925298,0,83.925298,5,3.5520192,0,84.814633,0,84.814633,5,4.4413541
E01032569,1,0,53.660734,0,53.660734,3,5.4367665,0,55.315282,0,55.315282,3,7.0913151,0,58.395353,0,58.395353,3,10.171386,0,61.203727,0,61.203727,3,12.97976
E01032570,1,0,130.41343,0,130.41343,8,1.816184,0,129.20042,8,0.60317619,0,129.20042,0,126.94231,0,126.94231,7,14.419724,0,124.8834,0,124.8834,7,12.360806
E01032572,2,0,0.0,0,0.0,0,0.0,0,0.0,0,0.0,0,0.0,0,0.0,0,0.0,0,0.0,0,0.0,0,0.0,0,0.0
E01032573,3,0,0.0,0,0.0,0,0.0,0,0.0,0,0.0,0,0.0,0,0.0,0,0.0,0,0.0,0,0.0,0,0.0,0,0.0
E01032574,7,0,0.0,0,0.0,0,0.0,0,0.0,0,0.0,0,0.0,0,0.0,0,0.0,0,0.0,0,0.0,0,0.0,0,0.0
E01032575,0,0,48.626299,0,48.626299,0,48.626299,0,50.040987,0,50.040987,0,50.040987,0,52.67454,0,52.67454,0,52.67454,0,55.075783,0,55.075783,3,6.8518155
E01032576,0,0,95.619156,0,95.619156,0,95.619156,0,95.228591,0,95.228591,5,14.855312,0,94.501523,0,94.501523,5,14.128244,0,93.838591,5,13.465312,5,13.465312
E01032577,0,6,13.243948,6,13.243948,6,13.243948,6,12.43197,0,108.8799,6,12.43197,6,10.920409,6,10.920409,6,10.920409,6,9.5421843,6,9.5421843,6,9.5421843
E01032579,1,0,0.0,0,0.0,0,0.0,0,0.0,0,0.0,0,0.0,0,0.0,0,0.0,0,0.0,0,0.0,0,0.0,0,0.0
E01032580,0,0,60.814286,0,60.814286,3,12.590318,0,61.918914,0,61.918914,3,13.694947,0,63.975265,0,63.975265,3,15.751298,0,65.850223,4,1.5515999,4,1.5515999
E01032581,0,0,81.420779,0,81.420779,5,1.0475003,0,82.581897,0,82.581897,5,2.208618,0,84.743408,5,4.3701289,5,4.3701289,0,86.714249,0,86.714249,5,6.34097
E01032582,10,0,0.0,0,0.0,0,0.0,0,0.0,0,0.0,0,0.0,0,0.0,0,0.0,0,0.0,0,0.0,0,0.0,0,0.0
E01032583,18,0,0.0,0,0.0,0,0.0,0,0.0,0,0.0,0,0.0,0,0.0,0,0.0,0,0.0,0,0.0,0,0.0,0,0.0
E01032584,7,0,0.0,0,0.0,0,0.0,0,0.0,0,0.0,0,0.0,0,0.0,0,0.0,0,0.0,0,0.0,0,0.0,0,0.0
E01032623,0,0,137.58604,8,8.9887927,8,8.9887927,0,134.92963,8,6.3323799,8,6.3323799,8,1.387261,8,1.387261,8,1.387261,7,12.953014,7,12.953014,7,12.953014
E01032637,0,0,0.0,0,0.0,0,0.0,0,0.0,0,0.0,0,0.0,0,0.0,0,0.0,0,0.0,0,0.0,0,0.0,0,0.0
E01032638,1,0,0.0,0,0.0,0,0.0,0,0.0,0,0.0,0,0.0,0,0.0,0,0.0,0,0.0,0,0.0,0,0.0,0,0.0
E01032639,4,0,0.0,0,0.0,0,0.0,0,0.0,0,0.0,0,0.0,0,0.0,0,0.0,0,0.0,0,0.0,0,0.0,0,0.0
E01032640,2,0,0.0,0,0.0,0,0.0,0,0.0,0,0.0,0,0.0,0,0.0,0,0.0,0,0.0,0,0.0,0,0.0,0,0.0
E01032646,3,0,0.0,0,0.0,0,0.0,0,0.0,0,0.0,0,0.0,0,0.0,0,0.0,0,0.0,0,0.0,0,0.0,0,0.0
E01032719,3,0,0.0,0,0.0,0,0.0,0,0.0,0,0.0,0,0.0,0,0.0,0,0.0,0,0.0,0,0.0,0,0.0,0,0.0
E01032739,13,0,0.0,0,0.0,0,0.0,0,0.0,0,0.0,0,0.0,0,0.0,0,0.0,0,0.0,0,0.0,0,0.0,0,0.0
E01032740,0,0,0.0,0,0.0,0,0.0,0,0.0,0,0.0,0,0.0,0,0.0,0,0.0,0,0.0,0,0.0,0,0.0,0,0.0
E01032741,0,0,47.244156,2,15.094844,2,15.094844,0,47.309351,2,15.16004,2,15.16004,0,47.430717,2,15.281406,2,15.281406,2,15.392066,2,15.392066,2,15.392066
E01032742,0,0,81.29513,0,81.29513,5,0.92185095,5,1.4148141,0,81.788093,5,1.4148141,0,82.705782,5,2.3325033,5,2.3325033,5,3.1692419,5,3.1692419,5,3.1692419
E01032743,1,0,79.418851,0,79.418851,4,15.120228,0,81.777723,0,81.777723,5,1.4044439,0,86.168947,0,86.168947,5,5.7956677,0,90.172815,0,90.172815,0,90.172815
E01032744,2,0,33.062701,0,33.062701,2,0.91338985,0,34.39357,0,34.39357,2,2.2442582,0,36.871085,0,36.871085,2,4.7217731,0,39.130055,2,6.9807431,2,6.9807431
E01032764,27,0,0.0,0,0.0,0,0.0,0,0.0,0,0.0,0,0.0,0,0.0,0,0.0,0,0.0,0,0.0,0,0.0,0,0.0
E01032765,16,0,0.0,0,0.0,0,0.0,0,0.0,0,0.0,0,0.0,0,0.0,0,0.0,0,0.0,0,0.0,0,0.0,0,0.0
E01032767,12,0,0.0,0,0.0,0,0.0,0,0.0,0,0.0,0,0.0,0,0.0,0,0.0,0,0.0,0,0.0,0,0.0,0,0.0
E01032768,1,0,0.0,0,0.0,0,0.0,0,0.0,0,0.0,0,0.0,0,0.0,0,0.0,0,0.0,0,0.0,0,0.0,0,0.0
E01032769,2,0,0.0,0,0.0,0,0.0,0,0.0,0,0.0,0,0.0,0,0.0,0,0.0,0,0.0,0,0.0,0,0.0,0,0.0
E01032770,15,0,0.0,0,0.0,0,0.0,0,0.0,0,0.0,0,0.0,0,0.0,0,0.0,0,0.0,0,0.0,0,0.0,0,0.0
E01032771,3,0,0.0,0,0.0,0,0.0,0,0.0,0,0.0,0,0.0,0,0.0,0,0.0,0,0.0,0,0.0,0,0.0,0,0.0
E01032772,17,0,0.0,0,0.0,0,0.0,0,0.0,0,0.0,0,0.0,0,0.0,0,0.0,0,0.0,0,0.0,0,0.0,0,0.0
E01032774,10,0,0.0,0,0.0,0,0.0,0,0.0,0,0.0,0,0.0,0,0.0,0,0.0,0,0.0,0,0.0,0,0.0,0,0.0
E01032775,0,0,0.0,0,0.0,0,0.0,0,0.0,0,0.0,0,0.0,0,0.0,0,0.0,0,0.0,0,0.0,0,0.0,0,0.0
E01032776,0,0,0.0,0,0.0,0,0.0,0,0.0,0,0.0,0,0.0,0,0.0,0,0.0,0,0.0,0,0.0,0,0.0,0,0.0
E01032777,5,0,0.0,0,0.0,0,0.0,0,0.0,0,0.0,0,0.0,0,0.0,0,0.0,0,0.0,0,0.0,0,0.0,0,0.0
E01032779,2,0,0.0,0,0.0,0,0.0,0,0.0,0,0.0,0,0.0,0,0.0,0,0.0,0,0.0,0,0.0,0,0.0,0,0.0
E01032780,2,0,0.0,0,0.0,0,0.0,0,0.0,0,0.0,0,0.0,0,0.0,0,0.0,0,0.0,0,0.0,0,0.0,0,0.0
E01032781,1,0,0.0,0,0.0,0,0.0,0,0.0,0,0.0,0,0.0,0,0.0,0,0.0,0,0.0,0,0.0,0,0.0,0,0.0
E01032782,5,0,0.0,0,0.0,0,0.0,0,0.0,0,0.0,0,0.0,0,0.0,0,0.0,0,0.0,0,0.0,0,0.0,0,0.0
E01032783,1,0,0.0,0,0.0,0,0.0,0,0.0,0,0.0,0,0.0,0,0.0,0,0.0,0,0.0,0,0.0,0,0.0,0,0.0
E01032784,11,0,0.0,0,0.0,0,0.0,0,0.0,0,0.0,0,0.0,0,0.0,0,0.0,0,0.0,0,0.0,0,0.0,0,0.0
E01032785,0,0,0.0,0,0.0,0,0.0,0,0.0,0,0.0,0,0.0,0,0.0,0,0.0,0,0.0,0,0.0,0,0.0,0,0.0
E01032786,1,0,0.0,0,0.0,0,0.0,0,0.0,0,0.0,0,0.0,0,0.0,0,0.0,0,0.0,0,0.0,0,0.0,0,0.0
E01032787,16,0,0.0,0,0.0,0,0.0,0,0.0,0,0.0,0,0.0,0,0.0,0,0.0,0,0.0,0,0.0,0,0.0,0,0.0
E01032788,18,0,0.0,0,0.0,0,0.0,0,0.0,0,0.0,0,0.0,0,0.0,0,0.0,0,0.0,0,0.0,0,0.0,0,0.0
E01032789,0,0,0.0,0,0.0,0,0.0,0,0.0,0,0.0,0,0.0,0,0.0,0,0.0,0,0.0,0,0.0,0,0.0,0,0.0
E01032790,0,0,0.0,0,0.0,0,0.0,0,0.0,0,0.0,0,0.0,0,0.0,0,0.0,0,0.0,0,0.0,0,0.0,0,0.0
E01032803,0,0,0.0,0,0.0,0,0.0,0,0.0,0,0.0,0,0.0,0,0.0,0,0.0,0,0.0,0,0.0,0,0.0,0,0.0
E01032834,1,0,0.0,0,0.0,0,0.0,0,0.0,0,0.0,0,0.0,0,0.0,0,0.0,0,0.0,0,0.0,0,0.0,0,0.0
E01033000,0,0,58.426948,0,58.426948,3,10.202981,0,59.653553,3,11.429585,3,11.429585,0,61.936973,3,13.713006,3,13.713006,0,64.01897,0,64.01897,0,64.01897
E01033030,0,0,46.113312,0,46.113312,0,46.113312,0,45.834962,0,45.834962,0,45.834962,0,45.316791,2,13.16748,2,13.16748,0,44.84433,0,44.84433,2,12.695018
E01033081,0,0,0.0,0,0.0,0,0.0,0,0.0,0,0.0,0,0.0,0,0.0,0,0.0,0,0.0,0,0.0,0,0.0,0,0.0
E01033082,1,0,0.0,0,0.0,0,0.0,0,0.0,0,0.0,0,0.0,0,0.0,0,0.0,0,0.0,0,0.0,0,0.0,0,0.0
E01033083,0,0,0.0,0,0.0,0,0.0,0,0.0,0,0.0,0,0.0,0,0.0,0,0.0,0,0.0,0,0.0,0,0.0,0,0.0
E01033084,0,0,0.0,0,0.0,0,0.0,0,0.0,0,0.0,0,0.0,0,0.0,0,0.0,0,0.0,0,0.0,0,0.0,0,0.0
E01033086,1,0,0.0,0,0.0,0,0.0,0,0.0,0,0.0,0,0.0,0,0.0,0,0.0,0,0.0,0,0.0,0,0.0,0,0.0
E01033098,0,0,0.0,0,0.0,0,0.0,0,0.0,0,0.0,0,0.0,0,0.0,0,0.0,0,0.0,0,0.0,0,0.0,0,0.0
E01033099,2,0,0.0,0,0.0,0,0.0,0,0.0,0,0.0,0,0.0,0,0.0,0,0.0,0,0.0,0,0.0,0,0.0,0,0.0
E01033100,3,0,0.0,0,0.0,0,0.0,0,0.0,0,0.0,0,0.0,0,0.0,0,0.0,0,0.0,0,0.0,0,0.0,0,0.0
E01033132,2,0,0.0,0,0.0,0,0.0,0,0.0,0,0.0,0,0.0,0,0.0,0,0.0,0,0.0,0,0.0,0,0.0,0,0.0
E01033133,0,0,0.0,0,0.0,0,0.0,0,0.0,0,0.0,0,0.0,0,0.0,0,0.0,0,0.0,0,0.0,0,0.0,0,0.0
E01033135,22,0,0.0,0,0.0,0,0.0,0,0.0,0,0.0,0,0.0,0,0.0,0,0.0,0,0.0,0,0.0,0,0.0,0,0.0
E01033146,1,0,0.0,0,0.0,0,0.0,0,0.0,0,0.0,0,0.0,0,0.0,0,0.0,0,0.0,0,0.0,0,0.0,0,0.0
E01033148,0,0,69.794617,4,5.4959942,4,5.4959942,0,74.139751,4,9.8411283,4,9.8411283,0,82.228556,5,1.8552775,5,1.8552775,0,89.603837,0,89.603837,5,9.2305579
E01033150,0,0,65.463312,4,1.1646886,4,1.1646886,0,67.259245,4,2.9606214,4,2.9606214,0,70.602513,4,6.3038901,4,6.3038901,0,73.650868,0,73.650868,4,9.3522445
E01033151,0,0,0.0,0,0.0,0,0.0,0,0.0,0,0.0,0,0.0,0,0.0,0,0.0,0,0.0,0,0.0,0,0.0,0,0.0
E01033208,2,0,0.0,0,0.0,0,0.0,0,0.0,0,0.0,0,0.0,0,0.0,0,0.0,0,0.0,0,0.0,0,0.0,0,0.0
E01033320,1,0,46.381061,0,46.381061,0,46.381061,0,46.296601,0,46.296601,0,46.296601,0,46.139373,0,46.139373,0,46.139373,0,45.996014,0,45.996014,0,45.996014
E01033322,0,0,38.323052,0,38.323052,0,38.323052,0,38.323582,0,38.323582,0,38.323582,0,38.324568,0,38.324568,0,38.324568,0,38.325468,0,38.325468,0,38.325468
E01033324,4,0,0.0,0,0.0,0,0.0,0,0.0,0,0.0,0,0.0,0,0.0,0,0.0,0,0.0,0,0.0,0,0.0,0,0.0
E01033325,0,0,0.0,0,0.0,0,0.0,0,0.0,0,0.0,0,0.0,0,0.0,0,0.0,0,0.0,0,0.0,0,0.0,0,0.0
E01033327,0,0,43.580499,0,43.580499,0,43.580499,0,43.288702,0,43.288702,0,43.288702,0,42.745499,0,42.745499,0,42.745499,0,42.250213,0,42.250213,0,42.250213
E01033341,2,0,1.7071983,0,1.7071983,0,1.7071983,0,2.1569784,0,2.1569784,0,2.1569784,0,2.9942789,0,2.9942789,0,2.9942789,0,3.75772,0,3.75772,0,3.75772
E01033455,0,0,0.0,0,0.0,0,0.0,0,0.0,0,0.0,0,0.0,0,0.0,0,0.0,0,0.0,0,0.0,0,0.0,0,0.0
E01033456,3,0,0.0,0,0.0,0,0.0,0,0.0,0,0.0,0,0.0,0,0.0,0,0.0,0,0.0,0,0.0,0,0.0,0,0.0
E01033457,0,0,0.0,0,0.0,0,0.0,0,0.0,0,0.0,0,0.0,0,0.0,0,0.0,0,0.0,0,0.041123065,0,0.041123065,0,0.041123065
E01033463,0,0,157.56429,0,157.56429,9,12.892384,0,156.84382,9,12.171921,9,12.171921,0,155.50263,0,155.50263,0,155.50263,0,154.27974,0,154.27974,0,154.27974
E01033485,14,0,0.0,0,0.0,0,0.0,0,0.0,0,0.0,0,0.0,0,0.0,0,0.0,0,0.0,0,0.0,0,0.0,0,0.0
E01033486,0,0,0.0,0,0.0,0,0.0,0,0.0,0,0.0,0,0.0,0,0.0,0,0.0,0,0.0,0,0.0,0,0.0,0,0.0
E01033487,2,0,0.0,0,0.0,0,0.0,0,0.0,0,0.0,0,0.0,0,0.0,0,0.0,0,0.0,0,0.0,0,0.0,0,0.0
E01033488,5,0,0.0,0,0.0,0,0.0,0,0.0,0,0.0,0,0.0,0,0.0,0,0.0,0,0.0,0,0.0,0,0.0,0,0.0
E01033489,2,0,0.0,0,0.0,0,0.0,0,0.0,0,0.0,0,0.0,0,0.0,0,0.0,0,0.0,0,0.0,0,0.0,0,0.0
E01033490,1,0,0.0,0,0.0,0,0.0,0,0.0,0,0.0,0,0.0,0,0.0,0,0.0,0,0.0,0,0.0,0,0.0,0,0.0
E01033491,2,0,0.0,0,0.0,0,0.0,0,0.0,0,0.0,0,0.0,0,0.0,0,0.0,0,0.0,0,0.0,0,0.0,0,0.0
E01033493,0,0,0.0,0,0.0,0,0.0,0,0.0,0,0.0,0,0.0,0,0.0,0,0.0,0,0.0,0,0.0,0,0.0,0,0.0
E01033494,2,0,0.0,0,0.0,0,0.0,0,0.0,0,0.0,0,0.0,0,0.0,0,0.0,0,0.0,0,0.0,0,0.0,0,0.0
E01033569,1,0,0.0,0,0.0,0,0.0,0,0.0,0,0.0,0,0.0,0,0.0,0,0.0,0,0.0,0,0.0,0,0.0,0,0.0
E01033570,0,0,0.0,0,0.0,0,0.0,0,0.0,0,0.0,0,0.0,0,0.0,0,0.0,0,0.0,0,0.0,0,0.0,0,0.0
E01033571,6,0,0.0,0,0.0,0,0.0,0,0.0,0,0.0,0,0.0,0,0.0,0,0.0,0,0.0,0,0.0,0,0.0,0,0.0
E01033579,0,0,0.0,0,0.0,0,0.0,0,0.0,0,0.0,0,0.0,0,0.0,0,0.0,0,0.0,0,0.0,0,0.0,0,0.0
E01033580,1,0,41.056192,0,41.056192,0,41.056192,0,40.454892,0,40.454892,0,40.454892,0,39.335525,0,39.335525,0,39.335525,0,38.314899,0,38.314899,0,38.314899
E01033581,2,0,36.7215,0,36.7215,0,36.7215,0,37.979187,0,37.979187,0,37.979187,0,40.320469,0,40.320469,0,40.320469,0,42.455224,0,42.455224,0,42.455224
E01033582,2,0,19.115623,0,19.115623,0,19.115623,0,18.841195,0,18.841195,1,2.7665389,0,18.330324,0,18.330324,1,2.2556682,0,17.864518,0,17.864518,0,17.864518
E01033584,0,0,0.0,0,0.0,0,0.0,0,0.0,0,0.0,0,0.0,0,0.0,0,0.0,0,0.0,0,0.0,0,0.0,0,0.0
E01033586,0,0,0.0,0,0.0,0,0.0,0,0.0,0,0.0,0,0.0,0,0.0,0,0.0,0,0.0,0,0.0,0,0.0,0,0.0
E01033587,0,0,73.756169,4,9.4575457,4,9.4575457,0,74.995112,4,10.696489,4,10.696489,0,77.3015,4,13.002877,4,13.002877,0,79.404439,4,15.105816,4,15.105816
E01033589,0,0,30.155844,0,30.155844,0,30.155844,0,30.72125,0,30.72125,0,30.72125,0,31.773796,0,31.773796,0,31.773796,0,32.733495,0,32.733495,0,32.733495
E01033590,0,0,46.867208,0,46.867208,2,14.717896,0,47.370926,0,47.370926,0,47.370926,0,48.308637,0,48.308637,3,0.084669381,0,49.163631,0,49.163631,0,49.163631
E01033591,9,0,0.0,0,0.0,0,0.0,0,0.0,0,0.0,0,0.0,0,0.0,0,0.0,0,0.0,0,0.0,0,0.0,0,0.0
E01033592,0,5,11.727695,5,11.727695,5,11.727695,0,92.821235,5,12.447956,5,12.447956,5,13.788776,5,13.788776,5,13.788776,5,15.011322,5,15.011322,5,15.011322
E01033593,3,0,0.0,0,0.0,0,0.0,0,0.0,0,0.0,0,0.0,0,0.0,0,0.0,0,0.0,0,0.0,0,0.0,0,0.0
E01033594,21,0,0.0,0,0.0,0,0.0,0,0.0,0,0.0,0,0.0,0,0.0,0,0.0,0,0.0,0,0.0,0,0.0,0,0.0
E01033597,1,0,0.0,0,0.0,0,0.0,0,0.0,0,0.0,0,0.0,0,0.0,0,0.0,0,0.0,0,0.0,0,0.0,0,0.0
E01033598,7,0,0.0,0,0.0,0,0.0,0,0.0,0,0.0,0,0.0,0,0.0,0,0.0,0,0.0,0,0.0,0,0.0,0,0.0
E01033599,1,0,0.0,0,0.0,0,0.0,0,0.0,0,0.0,0,0.0,0,0.0,0,0.0,0,0.0,0,0.0,0,0.0,0,0.0
E01033601,4,0,0.0,0,0.0,0,0.0,0,0.0,0,0.0,0,0.0,0,0.0,0,0.0,0,0.0,0,0.0,0,0.0,0,0.0
E01033602,2,0,0.0,0,0.0,0,0.0,0,0.0,0,0.0,0,0.0,0,0.0,0,0.0,0,0.0,0,0.0,0,0.0,0,0.0
E01033603,3,0,0.0,0,0.0,0,0.0,0,0.0,0,0.0,0,0.0,0,0.0,0,0.0,0,0.0,0,0.0,0,0.0,0,0.0
E01033604,5,0,0.0,0,0.0,0,0.0,0,0.0,0,0.0,0,0.0,0,0.0,0,0.0,0,0.0,0,0.0,0,0.0,0,0.0
E01033605,15,0,0.0,0,0.0,0,0.0,0,0.0,0,0.0,0,0.0,0,0.0,0,0.0,0,0.0,0,0.0,0,0.0,0,0.0
E01033699,5,0,0.0,0,0.0,0,0.0,0,0.0,0,0.0,0,0.0,0,0.0,0,0.0,0,0.0,0,0.0,0,0.0,0,0.0
E01033700,5,0,0.0,0,0.0,0,0.0,0,0.0,0,0.0,0,0.0,0,0.0,0,0.0,0,0.0,0,0.0,0,0.0,0,0.0
E01033702,7,0,0.0,0,0.0,0,0.0,0,0.0,0,0.0,0,0.0,0,0.0,0,0.0,0,0.0,0,0.0,0,0.0,0,0.0
E01033703,8,0,0.0,0,0.0,0,0.0,0,0.0,0,0.0,0,0.0,0,0.0,0,0.0,0,0.0,0,0.0,0,0.0,0,0.0
E01033704,6,0,0.0,0,0.0,0,0.0,0,0.0,0,0.0,0,0.0,0,0.0,0,0.0,0,0.0,0,0.0,0,0.0,0,0.0
E01033705,3,0,0.0,0,0.0,0,0.0,0,0.0,0,0.0,0,0.0,0,0.0,0,0.0,0,0.0,0,0.0,0,0.0,0,0.0
E01033706,11,0,0.0,0,0.0,0,0.0,0,0.0,0,0.0,0,0.0,0,0.0,0,0.0,0,0.0,0,0.0,0,0.0,0,0.0
E01033708,16,0,0.0,0,0.0,0,0.0,0,0.0,0,0.0,0,0.0,0,0.0,0,0.0,0,0.0,0,0.0,0,0.0,0,0.0
E01033709,4,0,0.0,0,0.0,0,0.0,0,0.0,0,0.0,0,0.0,0,0.0,0,0.0,0,0.0,0,0.0,0,0.0,0,0.0
E01033710,2,0,0.0,0,0.0,0,0.0,0,0.0,0,0.0,0,0.0,0,0.0,0,0.0,0,0.0,0,0.0,0,0.0,0,0.0
E01033711,5,0,0.0,0,0.0,0,0.0,0,0.0,0,0.0,0,0.0,0,0.0,0,0.0,0,0.0,0,0.0,0,0.0,0,0.0
E01033712,9,0,0.0,0,0.0,0,0.0,0,0.0,0,0.0,0,0.0,0,0.0,0,0.0,0,0.0,0,0.0,0,0.0,0,0.0
E01033713,7,0,0.0,0,0.0,0,0.0,0,0.0,0,0.0,0,0.0,0,0.0,0,0.0,0,0.0,0,0.0,0,0.0,0,0.0
E01033727,0,0,0.0,0,0.0,0,0.0,0,0.0,0,0.0,0,0.0,0,0.0,0,0.0,0,0.0,0,0.0,0,0.0,0,0.0
E01033728,0,0,0.0,0,0.0,0,0.0,0,0.0,0,0.0,0,0.0,0,0.0,0,0.0,0,0.0,0,0.0,0,0.0,0,0.0
E01033729,0,0,78.530844,4,14.232221,4,14.232221,0,79.037698,4,14.739074,4,14.739074,4,15.682622,0,79.981245,0,79.981245,0,80.84156,0,80.84156,5,0.46828135
E01033732,0,0,0.0,0,0.0,0,0.0,0,0.0,0,0.0,0,0.0,0,0.0,0,0.0,0,0.0,0,0.0,0,0.0,0,0.0
E01033734,4,0,0.0,0,0.0,0,0.0,0,0.0,0,0.0,0,0.0,0,0.0,0,0.0,0,0.0,0,0.0,0,0.0,0,0.0
E01033735,1,0,3.0240455,0,3.0240455,0,3.0240455,0,3.3821356,0,3.3821356,0,3.3821356,0,4.0487482,0,4.0487482,0,4.0487482,0,4.656558,0,4.656558,0,4.656558
E01033736,0,0,55.913961,0,55.913961,0,55.913961,0,54.878064,0,54.878064,3,6.6540962,0,52.94966,0,52.94966,0,52.94966,0,51.191363,0,51.191363,3,2.967396
E01033737,0,0,46.49026,0,46.49026,2,14.340948,0,46.790317,0,46.790317,2,14.641005,0,47.348897,0,47.348897,2,15.199585,0,47.858204,0,47.858204,0,47.858204
E01033738,0,0,0.0,0,0.0,0,0.0,0,0.0,0,0.0,0,0.0,0,0.0,0,0.0,0,0.0,0,0.0,0,0.0,0,0.0
E01033739,0,0,55.285714,0,55.285714,0,55.285714,0,55.766621,0,55.766621,3,7.5426534,0,56.661866,0,56.661866,0,56.661866,0,57.47814,0,57.47814,0,57.47814
E01033740,0,0,59.683442,0,59.683442,0,59.683442,0,60.231722,0,60.231722,0,60.231722,0,61.252389,0,61.252389,3,13.028421,0,62.183021,0,62.183021,3,13.959053
E01033741,1,0,52.958163,0,52.958163,0,52.958163,0,52.831127,0,52.831127,0,52.831127,0,52.594641,0,52.594641,0,52.594641,0,52.379015,0,52.379015,3,4.1550474
E01033742,0,0,50.762338,0,50.762338,0,50.762338,0,50.559948,0,50.559948,0,50.559948,0,50.183183,0,50.183183,3,1.9592157,0,49.839653,0,49.839653,3,1.615686
E01033743,0,0,71.243182,0,71.243182,4,6.9445587,0,71.355399,0,71.355399,4,7.0567758,0,71.5643,0,71.5643,4,7.2656767,0,71.754773,0,71.754773,4,7.4561501
E01033744,0,0,36.372308,0,36.372308,0,36.372308,0,36.695136,0,36.695136,2,4.5458241,0,37.296105,0,37.296105,2,5.1467934,0,37.844062,0,37.844062,2,5.6947504
E01033745,0,0,71.494481,0,71.494481,4,7.1958574,0,72.179169,0,72.179169,4,7.8805457,0,73.453769,0,73.453769,4,9.1551462,0,74.615936,0,74.615936,4,10.317313
E01033746,1,0,0.0,0,0.0,0,0.0,0,0.0,0,0.0,0,0.0,0,0.0,0,0.0,0,0.0,0,0.0,0,0.0,0,0.0
E01033784,0,6,0.0507666,6,0.0507666,6,0.0507666,5,15.411104,5,15.411104,5,15.411104,0,94.454625,5,14.081346,5,14.081346,5,12.868888,5,12.868888,5,12.868888
E01033785,1,0,55.671123,3,7.4471561,3,7.4471561,0,54.951007,3,6.7270398,3,6.7270398,0,53.610455,3,5.3864873,3,5.3864873,3,4.1641868,3,4.1641868,3,4.1641868
E01033786,0,0,39.830844,0,39.830844,0,39.830844,0,39.850829,2,7.701517,2,7.701517,0,39.888031,0,39.888031,0,39.888031,2,7.7726405,2,7.7726405,2,7.7726405
E01033787,0,0,41.841234,0,41.841234,2,9.6919222,0,42.03371,2,9.8843982,2,9.8843982,0,42.392019,0,42.392019,0,42.392019,2,10.569409,0,42.718721,0,42.718721
E01033788,0,4,10.839689,0,75.138312,4,10.839689,0,74.868063,4,10.56944,4,10.56944,0,74.364974,0,74.364974,4,10.066351,0,73.906263,4,9.6076396,4,9.6076396
E01033789,1,0,78.352149,0,78.352149,4,14.053526,0,78.123097,0,78.123097,4,13.824474,0,77.696699,0,77.696699,4,13.398076,4,13.009291,4,13.009291,4,13.009291
E01033790,3,0,17.241863,0,17.241863,1,1.1672075,0,17.951864,1,1.8772078,1,1.8772078,0,19.273584,0,19.273584,1,3.1989286,1,4.4040586,0,20.478714,1,4.4040586
E01033791,2,0,31.554909,0,31.554909,1,15.480253,0,32.252021,2,0.10270903,2,0.10270903,0,33.549748,0,33.549748,2,1.4004361,0,34.733,0,34.733,2,2.5836888
E01033792,0,0,85.818506,5,5.4452276,5,5.4452276,5,4.6089854,5,4.6089854,5,4.6089854,0,83.425534,5,3.0522556,5,3.0522556,5,1.632847,5,1.632847,5,1.632847
E01033862,1,0,0.0,0,0.0,0,0.0,0,0.0,0,0.0,0,0.0,0,0.0,0,0.0,0,0.0,0,0.0,0,0.0,0,0.0
E01033863,2,0,0.0,0,0.0,0,0.0,0,0.0,0,0.0,0,0.0,0,0.0,0,0.0,0,0.0,0,0.0,0,0.0,0,0.0
E01033864,4,0,0.0,0,0.0,0,0.0,0,0.0,0,0.0,0,0.0,0,0.0,0,0.0,0,0.0,0,0.0,0,0.0,0,0.0
E01033865,3,0,0.0,0,0.0,0,0.0,0,0.0,0,0.0,0,0.0,0,0.0,0,0.0,0,0.0,0,0.0,0,0.0,0,0.0
E01033866,1,0,0.0,0,0.0,0,0.0,0,0.0,0,0.0,0,0.0,0,0.0,0,0.0,0,0.0,0,0.0,0,0.0,0,0.0
E01033867,6,0,0.0,0,0.0,0,0.0,0,0.0,0,0.0,0,0.0,0,0.0,0,0.0,0,0.0,0,0.0,0,0.0,0,0.0
E01033868,7,0,0.0,0,0.0,0,0.0,0,0.0,0,0.0,0,0.0,0,0.0,0,0.0,0,0.0,0,0.0,0,0.0,0,0.0
E01033869,4,0,0.0,0,0.0,0,0.0,0,0.0,0,0.0,0,0.0,0,0.0,0,0.0,0,0.0,0,0.0,0,0.0,0,0.0
E01033870,0,0,0.0,0,0.0,0,0.0,0,0.0,0,0.0,0,0.0,0,0.0,0,0.0,0,0.0,0,0.0,0,0.0,0,0.0
E01033871,21,0,0.0,0,0.0,0,0.0,0,0.0,0,0.0,0,0.0,0,0.0,0,0.0,0,0.0,0,0.0,0,0.0,0,0.0
E01033872,5,0,0.0,0,0.0,0,0.0,0,0.0,0,0.0,0,0.0,0,0.0,0,0.0,0,0.0,0,0.0,0,0.0,0,0.0
E01033873,3,0,0.0,0,0.0,0,0.0,0,0.0,0,0.0,0,0.0,0,0.0,0,0.0,0,0.0,0,0.0,0,0.0,0,0.0
E01033874,0,0,0.0,0,0.0,0,0.0,0,0.0,0,0.0,0,0.0,0,0.0,0,0.0,0,0.0,0,0.0,0,0.0,0,0.0
E01033875,3,0,0.0,0,0.0,0,0.0,0,0.0,0,0.0,0,0.0,0,0.0,0,0.0,0,0.0,0,0.0,0,0.0,0,0.0
E01033876,7,0,0.0,0,0.0,0,0.0,0,0.0,0,0.0,0,0.0,0,0.0,0,0.0,0,0.0,0,0.0,0,0.0,0,0.0
E01033877,13,0,0.0,0,0.0,0,0.0,0,0.0,0,0.0,0,0.0,0,0.0,0,0.0,0,0.0,0,0.0,0,0.0,0,0.0
E01033878,15,0,0.0,0,0.0,0,0.0,0,0.0,0,0.0,0,0.0,0,0.0,0,0.0,0,0.0,0,0.0,0,0.0,0,0.0
E01033879,8,0,0.0,0,0.0,0,0.0,0,0.0,0,0.0,0,0.0,0,0.0,0,0.0,0,0.0,0,0.0,0,0.0,0,0.0
E01033880,11,0,0.0,0,0.0,0,0.0,0,0.0,0,0.0,0,0.0,0,0.0,0,0.0,0,0.0,0,0.0,0,0.0,0,0.0
E01033881,9,0,0.0,0,0.0,0,0.0,0,0.0,0,0.0,0,0.0,0,0.0,0,0.0,0,0.0,0,0.0,0,0.0,0,0.0
E01033882,22,0,0.0,0,0.0,0,0.0,0,0.0,0,0.0,0,0.0,0,0.0,0,0.0,0,0.0,0,0.0,0,0.0,0,0.0
E01033883,7,0,0.0,0,0.0,0,0.0,0,0.0,0,0.0,0,0.0,0,0.0,0,0.0,0,0.0,0,0.0,0,0.0,0,0.0
E01033884,0,0,0.0,0,0.0,0,0.0,0,0.0,0,0.0,0,0.0,0,0.0,0,0.0,0,0.0,0,0.0,0,0.0,0,0.0
E01033885,1,0,0.0,0,0.0,0,0.0,0,0.0,0,0.0,0,0.0,0,0.0,0,0.0,0,0.0,0,0.0,0,0.0,0,0.0
E01033911,2,0,0.0,0,0.0,0,0.0,0,0.0,0,0.0,0,0.0,0,0.0,0,0.0,0,0.0,0,0.0,0,0.0,0,0.0
E01033912,0,0,0.0,0,0.0,0,0.0,0,0.0,0,0.0,0,0.0,0,0.0,0,0.0,0,0.0,0,0.0,0,0.0,0,0.0
E01033913,3,0,4.0472329,0,4.0472329,0,4.0472329,0,5.2466189,0,5.2466189,0,5.2466189,0,7.4793692,0,7.4793692,0,7.4793692,0,9.5151656,0,9.5151656,0,9.5151656
E01033914,2,0,33.307401,2,1.1580898,2,1.1580898,0,34.272797,0,34.272797,2,2.1234854,0,36.069956,0,36.069956,2,3.9206445,0,37.708585,2,5.5592737,2,5.5592737
E01033915,0,0,0.0,0,0.0,0,0.0,0,0.0,0,0.0,0,0.0,0,0.0,0,0.0,0,0.0,0,0.0,0,0.0,0,0.0
E01033916,6,0,0.0,0,0.0,0,0.0,0,0.0,0,0.0,0,0.0,0,0.0,0,0.0,0,0.0,0,0.0,0,0.0,0,0.0
E01033917,0,0,0.0,0,0.0,0,0.0,0,0.0,0,0.0,0,0.0,0,0.0,0,0.0,0,0.0,0,0.0,0,0.0,0,0.0
E01033918,5,0,0.0,0,0.0,0,0.0,0,0.0,0,0.0,0,0.0,0,0.0,0,0.0,0,0.0,0,0.0,0,0.0,0,0.0
E01033919,0,0,0.0,0,0.0,0,0.0,0,0.0,0,0.0,0,0.0,0,0.0,0,0.0,0,0.0,0,0.0,0,0.0,0,0.0
E01033920,5,0,0.0,0,0.0,0,0.0,0,0.0,0,0.0,0,0.0,0,0.0,0,0.0,0,0.0,0,0.0,0,0.0,0,0.0
E01033921,0,0,0.0,0,0.0,0,0.0,0,0.0,0,0.0,0,0.0,0,0.0,0,0.0,0,0.0,0,0.0,0,0.0,0,0.0
E01033922,10,0,0.0,0,0.0,0,0.0,0,0.0,0,0.0,0,0.0,0,0.0,0,0.0,0,0.0,0,0.0,0,0.0,0,0.0
E01033923,0,0,0.0,0,0.0,0,0.0,0,0.0,0,0.0,0,0.0,0,0.0,0,0.0,0,0.0,0,0.0,0,0.0,0,0.0
E01033924,0,0,0.0,0,0.0,0,0.0,0,0.0,0,0.0,0,0.0,0,0.0,0,0.0,0,0.0,0,0.0,0,0.0,0,0.0
E01033925,3,0,0.0,0,0.0,0,0.0,0,0.0,0,0.0,0,0.0,0,0.0,0,0.0,0,0.0,0,0.0,0,0.0,0,0.0
E01033926,0,0,0.0,0,0.0,0,0.0,0,0.0,0,0.0,0,0.0,0,0.0,0,0.0,0,0.0,0,0.0,0,0.0,0,0.0
E01033927,2,0,31.489214,0,31.489214,1,15.414558,0,32.278755,0,32.278755,2,0.12944357,2,1.5992364,2,1.5992364,2,1.5992364,0,35.088688,0,35.088688,2,2.9393769
E01033928,0,0,52.27013,3,4.0461625,0,52.27013,0,52.525882,0,52.525882,3,4.3019147,0,53.001985,3,4.7780174,3,4.7780174,0,53.43609,3,5.2121223,3,5.2121223
E01033929,0,0,36.955978,2,4.8066661,0,36.955978,0,38.981573,0,38.981573,0,38.981573,0,42.752377,0,42.752377,0,42.752377,0,50.473641,0,50.473641,3,2.2496739
E01033930,3,0,0.0,0,0.0,0,0.0,0,0.0,0,0.0,0,0.0,0,0.0,0,0.0,0,0.0,0,4.9137934,0,4.9137934,0,4.9137934
E01033931,1,0,0.0,0,0.0,0,0.0,0,0.0,0,0.0,0,0.0,0,0.0,0,0.0,0,0.0,0,0.0,0,0.0,0,0.0
E01033932,1,0,0.0,0,0.0,0,0.0,0,0.0,0,0.0,0,0.0,0,0.0,0,0.0,0,0.0,0,0.0,0,0.0,0,0.0
E01033933,1,0,0.0,0,0.0,0,0.0,0,0.0,0,0.0,0,0.0,0,0.0,0,0.0,0,0.0,0,0.0,0,0.0,0,0.0
E01033934,1,0,0.0,0,0.0,0,0.0,0,0.0,0,0.0,0,0.0,0,0.0,0,0.0,0,0.0,0,0.0,0,0.0,0,0.0
E01033935,3,0,0.0,0,0.0,0,0.0,0,0.0,0,0.0,0,0.0,0,0.0,0,0.0,0,0.0,0,0.0,0,0.0,0,0.0
E01033936,3,0,0.0,0,0.0,0,0.0,0,0.0,0,0.0,0,0.0,0,0.0,0,0.0,0,0.0,0,0.0,0,0.0,0,0.0
E01033937,2,0,0.0,0,0.0,0,0.0,0,0.0,0,0.0,0,0.0,0,0.0,0,0.0,0,0.0,0,0.0,0,0.0,0,0.0
E01033938,3,0,0.0,0,0.0,0,0.0,0,0.0,0,0.0,0,0.0,0,0.0,0,0.0,0,0.0,0,0.0,0,0.0,0,0.0
E01033939,1,0,0.0,0,0.0,0,0.0,0,0.0,0,0.0,0,0.0,0,0.0,0,0.0,0,0.0,0,0.0,0,0.0,0,0.0
E01033940,0,0,28.145455,0,28.145455,0,28.145455,0,27.753098,0,27.753098,0,27.753098,0,27.022696,0,27.022696,0,27.022696,0,26.356724,0,26.356724,1,10.282069
E01033941,0,0,0.0,0,0.0,0,0.0,0,0.0,0,0.0,0,0.0,0,0.0,0,0.0,0,0.0,0,0.0,0,0.0,0,0.0
E01033942,0,0,0.0,0,0.0,0,0.0,0,0.0,0,0.0,0,0.0,0,0.0,0,0.0,0,0.0,0,0.0,0,0.0,0,0.0
E01033943,0,0,0.0,0,0.0,0,0.0,0,0.0,0,0.0,0,0.0,0,0.0,0,0.0,0,0.0,0,0.0,0,0.0,0,0.0
E01033944,0,0,0.0,0,0.0,0,0.0,0,0.0,0,0.0,0,0.0,0,0.0,0,0.0,0,0.0,0,0.0,0,0.0,0,0.0
E01033945,0,0,0.0,0,0.0,0,0.0,0,0.0,0,0.0,0,0.0,0,0.0,0,0.0,0,0.0,0,0.0,0,0.0,0,0.0
E01033946,0,0,0.0,0,0.0,0,0.0,0,0.0,0,0.0,0,0.0,0,0.0,0,0.0,0,0.0,0,0.0,0,0.0,0,0.0
E01034026,0,0,0.0,0,0.0,0,0.0,0,0.0,0,0.0,0,0.0,0,0.0,0,0.0,0,0.0,0,0.0,0,0.0,0,0.0
E01034027,1,0,0.0,0,0.0,0,0.0,0,0.0,0,0.0,0,0.0,0,0.0,0,0.0,0,0.0,0,0.0,0,0.0,0,0.0
E01034028,1,0,23.50489,0,23.50489,0,23.50489,0,23.999802,0,23.999802,0,23.999802,0,24.921119,0,24.921119,0,24.921119,0,25.761166,0,25.761166,0,25.761166
E01034029,2,0,15.196828,0,15.196828,0,15.196828,0,15.770376,0,15.770376,0,15.770376,0,16.838078,0,16.838078,0,16.838078,0,17.811597,0,17.811597,0,17.811597
E01034030,3,0,0.0,0,0.0,0,0.0,0,0.0,0,0.0,0,0.0,0,0.0,0,0.0,0,0.0,0,0.0,0,0.0,0,0.0
E01034031,0,0,0.0,0,0.0,0,0.0,0,0.0,0,0.0,0,0.0,0,0.0,0,0.0,0,0.0,0,0.0,0,0.0,0,0.0
E01034032,2,0,0.0,0,0.0,0,0.0,0,0.0,0,0.0,0,0.0,0,0.0,0,0.0,0,0.0,0,0.0,0,0.0,0,0.0
E01034033,0,0,0.0,0,0.0,0,0.0,0,0.0,0,0.0,0,0.0,0,0.0,0,0.0,0,0.0,0,0.0,0,0.0,0,0.0
E01034034,0,0,0.0,0,0.0,0,0.0,0,0.0,0,0.0,0,0.0,0,0.0,0,0.0,0,0.0,0,0.0,0,0.0,0,0.0
E01034035,10,0,0.0,0,0.0,0,0.0,0,0.0,0,0.0,0,0.0,0,0.0,0,0.0,0,0.0,0,0.0,0,0.0,0,0.0
E01034036,0,0,0.0,0,0.0,0,0.0,0,0.0,0,0.0,0,0.0,0,0.0,0,0.0,0,0.0,0,0.0,0,0.0,0,0.0
E01034037,1,0,0.0,0,0.0,0,0.0,0,0.0,0,0.0,0,0.0,0,0.0,0,0.0,0,0.0,0,0.0,0,0.0,0,0.0
E01034038,0,0,0.0,0,0.0,0,0.0,0,0.0,0,0.0,0,0.0,0,0.0,0,0.0,0,0.0,0,0.0,0,0.0,0,0.0
E01034039,0,0,34.443688,0,34.443688,0,34.443688,0,38.854252,0,38.854252,2,6.7049409,0,44.102375,2,11.953063,2,4.8586706,0,46.150747,0,46.150747,2,14.001435
E01034040,1,0,0.0,0,0.0,0,0.0,0,0.0,0,0.0,0,0.0,0,0.0,0,0.0,0,0.0,0,0.0,0,0.0,0,0.0
E01034041,1,0,0.0,0,0.0,0,0.0,0,0.0,0,0.0,0,0.0,0,0.0,0,0.0,0,0.0,0,0.0,0,0.0,0,0.0
E01034042,1,0,0.0,0,0.0,0,0.0,0,0.0,0,0.0,0,0.0,0,0.0,0,0.0,0,0.0,0,0.0,0,0.0,0,0.0
E01034043,0,0,0.0,0,0.0,0,0.0,0,0.0,0,0.0,0,0.0,0,0.0,0,0.0,0,0.0,0,0.0,0,0.0,0,0.0
E01034044,0,0,0.0,0,0.0,0,0.0,0,0.0,0,0.0,0,0.0,0,0.0,0,0.0,0,0.0,0,0.0,0,0.0,0,0.0
E01034045,0,0,0.0,0,0.0,0,0.0,0,0.0,0,0.0,0,0.0,0,0.0,0,0.0,0,0.0,0,0.0,0,0.0,0,0.0
E01034046,0,0,0.0,0,0.0,0,0.0,0,0.0,0,0.0,0,0.0,0,0.0,0,0.0,0,0.0,0,0.0,0,0.0,0,0.0
E01034139,2,0,24.141598,0,24.141598,0,24.141598,0,24.960824,0,24.960824,0,24.960824,0,26.485879,0,26.485879,0,26.485879,0,27.876406,0,27.876406,0,27.876406
E01034140,1,0,21.018245,0,21.018245,0,21.018245,0,21.395194,0,21.395194,0,21.395194,0,22.096913,0,22.096913,0,22.096913,0,22.736733,0,22.736733,0,22.736733
E01034141,2,0,1.0076954,0,1.0076954,0,1.0076954,0,0.93050168,0,0.93050168,0,0.93050168,0,0.78679957,0,0.78679957,0,0.78679957,0,0.65577362,0,0.65577362,0,0.65577362
E01034142,0,0,39.202597,0,39.202597,0,39.202597,0,39.623938,0,39.623938,2,7.4746266,0,40.408297,0,40.408297,0,40.408297,0,41.123466,0,41.123466,0,41.123466
E01034143,1,0,5.5370325,0,5.5370325,0,5.5370325,0,5.8494482,0,5.8494482,0,5.8494482,0,6.4310344,0,6.4310344,0,6.4310344,0,6.961318,0,6.961318,0,6.961318
E01034144,1,0,35.135767,0,35.135767,0,35.135767,0,35.321371,0,35.321371,0,35.321371,0,35.666887,0,35.666887,0,35.666887,0,35.981925,0,35.981925,0,35.981925
E01034145,1,0,14.332487,0,14.332487,0,14.332487,0,14.967882,0,14.967882,0,14.967882,0,16.150719,0,16.150719,0,16.150719,0,17.229216,0,17.229216,0,17.229216
E01034146,0,0,46.992857,0,46.992857,0,46.992857,0,47.154004,0,47.154004,0,47.154004,0,47.453991,0,47.453991,0,47.453991,0,47.727516,0,47.727516,0,47.727516
E01034147,0,0,17.088312,0,17.088312,0,17.088312,0,16.94014,0,16.94014,0,16.94014,0,16.664308,0,16.664308,0,16.664308,0,16.412807,0,16.412807,0,16.412807
E01034148,0,0,27.265909,0,27.265909,0,27.265909,0,27.23968,0,27.23968,0,27.23968,0,27.190851,0,27.190851,0,27.190851,0,27.14633,0,27.14633,1,11.071675
E01034149,0,0,64.206818,0,64.206818,0,64.206818,0,64.871837,0,64.871837,4,0.57321399,0,66.109822,0,66.109822,0,66.109822,0,67.238602,0,67.238602,4,2.9399786
E01034150,1,0,18.701542,0,18.701542,0,18.701542,0,19.597909,0,19.597909,1,3.5232532,0,21.266566,0,21.266566,0,21.266566,0,22.788029,0,22.788029,1,6.7133729
E01034151,0,0,34.302273,0,34.302273,0,34.302273,0,34.22576,0,34.22576,0,34.22576,0,34.083325,0,34.083325,2,1.9340139,0,33.953455,0,33.953455,2,1.8041437
E01034152,1,0,32.93279,0,32.93279,0,32.93279,0,33.602977,0,33.602977,0,33.602977,0,34.850583,0,34.850583,2,2.7012717,0,35.988136,0,35.988136,2,3.8388247
E01034153,1,0,1.4996699,0,1.4996699,0,1.4996699,0,14.855436,0,14.855436,0,14.855436,0,22.659693,0,22.659693,0,22.659693,0,21.372397,0,21.372397,0,21.372397
E01034154,4,0,9.7444742,0,9.7444742,0,9.7444742,0,8.9145969,0,8.9145969,0,8.9145969,0,7.3697157,0,7.3697157,0,7.3697157,0,5.9611106,0,5.9611106,0,5.9611106
E01034155,0,0,69.277452,0,69.277452,0,69.277452,0,69.15076,0,69.15076,4,4.8521366,0,68.914912,0,68.914912,4,4.6162887,0,68.699868,0,68.699868,0,68.699868
E01034156,4,0,0.0,0,0.0,0,0.0,0,0.0,0,0.0,0,0.0,0,0.0,0,0.0,0,0.0,0,0.0,0,0.0,0,0.0
E01034173,0,0,53.024026,0,53.024026,3,4.8000586,0,54.080287,0,54.080287,3,5.8563197,0,56.046599,0,56.046599,3,7.8226319,0,57.83946,0,57.83946,3,9.6154929
E01034174,0,0,48.249351,0,48.249351,3,0.0253833,0,48.024022,0,48.024022,0,48.024022,0,47.604556,0,47.604556,0,47.604556,0,47.222092,0,47.222092,2,15.07278
E01034175,0,0,40.459091,0,40.459091,0,40.459091,0,40.214871,0,40.214871,0,40.214871,0,39.760237,0,39.760237,0,39.760237,2,7.1963946,0,39.345706,0,39.345706
E01034176,0,0,78.153896,0,78.153896,4,13.855273,0,78.65069,0,78.65069,4,14.352067,0,79.575511,0,79.575511,4,15.276888,0,80.418753,0,80.418753,5,0.045473699
E01034177,0,0,55.411364,0,55.411364,3,7.1873963,0,55.6933,0,55.6933,3,7.4693325,0,56.218146,0,56.218146,3,7.9941786,0,56.696695,0,56.696695,3,8.4727273
E01034178,1,0,0.0,0,0.0,0,0.0,0,0.0,0,0.0,0,0.0,0,0.0,0,0.0,0,0.0,0,0.0,0,0.0,0,0.0
E01034179,1,0,0.0,0,0.0,0,0.0,0,0.0,0,0.0,0,0.0,0,0.0,0,0.0,0,0.0,0,0.0,0,0.0,0,0.0
E01034180,0,0,0.0,0,0.0,0,0.0,0,0.0,0,0.0,0,0.0,0,0.0,0,0.0,0,0.0,0,0.0,0,0.0,0,0.0
E01034181,1,0,0.0,0,0.0,0,0.0,0,0.0,0,0.0,0,0.0,0,0.0,0,0.0,0,0.0,0,0.0,0,0.0,0,0.0
E01034182,1,0,0.0,0,0.0,0,0.0,0,0.0,0,0.0,0,0.0,0,0.0,0,0.0,0,0.0,0,0.0,0,0.0,0,0.0
E01034183,0,0,0.0,0,0.0,0,0.0,0,0.0,0,0.0,0,0.0,0,0.0,0,0.0,0,0.0,0,0.0,0,0.0,0,0.0
E01034184,0,0,0.0,0,0.0,0,0.0,0,0.0,0,0.0,0,0.0,0,0.0,0,0.0,0,0.0,0,0.0,0,0.0,0,0.0
E01034185,0,0,0.0,0,0.0,0,0.0,0,0.0,0,0.0,0,0.0,0,0.0,0,0.0,0,0.0,0,0.0,0,0.0,0,0.0
E01034186,0,0,28.899351,0,28.899351,0,28.899351,0,28.358303,0,28.358303,1,12.283647,0,27.3511,0,27.3511,0,27.3511,0,26.432745,0,26.432745,0,26.432745
E01034187,0,0,29.527597,0,29.527597,0,29.527597,0,29.70953,0,29.70953,0,29.70953,0,30.048212,0,30.048212,0,30.048212,0,30.357019,0,30.357019,0,30.357019
E01034188,0,0,0.0,0,0.0,0,0.0,0,0.0,0,0.0,0,0.0,0,0.0,0,0.0,0,0.0,0,0.0,0,0.0,0,0.0
E01034189,1,0,0.0,0,0.0,0,0.0,0,0.0,0,0.0,0,0.0,0,0.0,0,0.0,0,0.0,0,0.0,0,0.0,0,0.0
E01034190,0,0,0.0,0,0.0,0,0.0,0,0.0,0,0.0,0,0.0,0,0.0,0,0.0,0,0.0,0,0.0,0,0.0,0,0.0
E01034191,0,0,0.0,0,0.0,0,0.0,0,0.0,0,0.0,0,0.0,0,0.0,0,0.0,0,0.0,0,0.0,0,0.0,0,0.0
E01034192,2,0,0.0,0,0.0,0,0.0,0,0.0,0,0.0,0,0.0,0,0.0,0,0.0,0,0.0,0,0.0,0,0.0,0,0.0
E01034193,0,0,0.0,0,0.0,0,0.0,0,0.0,0,0.0,0,0.0,0,0.0,0,0.0,0,0.0,0,0.0,0,0.0,0,0.0
E01034194,0,0,0.0,0,0.0,0,0.0,0,0.0,0,0.0,0,0.0,0,0.0,0,0.0,0,0.0,0,0.0,0,0.0,0,0.0
E01034195,1,0,0.0,0,0.0,0,0.0,0,0.0,0,0.0,0,0.0,0,0.0,0,0.0,0,0.0,0,0.0,0,0.0,0,0.0
E01034196,0,0,0.0,0,0.0,0,0.0,0,0.0,0,0.0,0,0.0,0,0.0,0,0.0,0,0.0,0,0.0,0,0.0,0,0.0
E01034198,0,0,73.002273,4,8.7036496,4,8.7036496,0,73.615917,4,9.3172938,4,9.3172938,0,74.758263,0,74.758263,4,10.45964,0,75.799842,4,11.501219,4,11.501219
E01034199,2,0,0.0,0,0.0,0,0.0,0,0.0,0,0.0,0,0.0,0,0.0,0,0.0,0,0.0,0,0.0,0,0.0,0,0.0
E01034200,1,0,0.0,0,0.0,0,0.0,0,0.0,0,0.0,0,0.0,0,0.0,0,0.0,0,0.0,0,0.0,0,0.0,0,0.0
E01034201,1,0,18.101968,0,18.101968,0,18.101968,0,18.88283,0,18.88283,0,18.88283,0,20.336467,0,20.336467,0,20.336467,0,21.661877,0,21.661877,0,21.661877
E01034202,2,0,0.0,0,0.0,0,0.0,0,0.0,0,0.0,0,0.0,0,0.0,0,0.0,0,0.0,0,0.026880898,0,0.026880898,0,0.026880898
E01034203,0,0,24.250325,0,24.250325,0,24.250325,0,24.137074,0,24.137074,0,24.137074,0,23.926248,0,23.926248,0,23.926248,0,23.73402,0,23.73402,0,23.73402
E01034204,2,0,16.100039,0,16.100039,0,16.100039,0,17.169476,0,17.169476,0,17.169476,0,19.160316,0,19.160316,0,19.160316,0,20.975542,0,20.975542,0,20.975542
E01034205,2,0,24.878672,0,24.878672,0,24.878672,0,25.641847,0,25.641847,0,25.641847,0,27.062558,0,27.062558,0,27.062558,0,28.357945,0,28.357945,0,28.357945
E01034206,0,0,45.485065,0,45.485065,0,45.485065,0,46.191414,0,46.191414,2,14.042103,0,47.506339,0,47.506339,2,15.357027,0,48.705272,0,48.705272,3,0.48130496
E01034207,0,0,46.113312,0,46.113312,0,46.113312,0,46.068951,0,46.068951,2,13.91964,0,45.986371,0,45.986371,2,13.837059,0,45.911075,0,45.911075,2,13.761763
E01034208,4,0,0.0,0,0.0,0,0.0,0,0.0,0,0.0,0,0.0,0,0.0,0,0.0,0,0.0,0,0.0,0,0.0,0,0.0
E01034209,1,0,0.0,0,0.0,0,0.0,0,0.0,0,0.0,0,0.0,0,0.0,0,0.0,0,0.0,0,0.0,0,0.0,0,0.0
E01034210,0,0,0.0,0,0.0,0,0.0,0,0.0,0,0.0,0,0.0,0,0.0,0,0.0,0,0.0,0,0.0,0,0.0,0,0.0
E01034211,0,0,0.0,0,0.0,0,0.0,0,0.0,0,0.0,0,0.0,0,0.0,0,0.0,0,0.0,0,0.0,0,0.0,0,0.0
E01034212,0,0,20.54007,0,20.54007,0,20.54007,0,22.104736,0,22.104736,0,22.104736,0,21.135584,0,21.135584,0,21.135584,0,20.251922,0,20.251922,0,20.251922
E01034213,1,0,0.0,0,0.0,0,0.0,0,0.0,0,0.0,0,0.0,0,0.0,0,0.0,0,0.0,0,0.0,0,0.0,0,0.0
E01034214,0,0,0.0,0,0.0,0,0.0,0,0.0,0,0.0,0,0.0,0,0.0,0,0.0,0,0.0,0,0.0,0,0.0,0,0.0
E01034215,0,0,0.0,0,0.0,0,0.0,0,0.0,0,0.0,0,0.0,0,0.0,0,0.0,0,0.0,0,0.0,0,0.0,0,0.0
E01034216,1,0,0.0,0,0.0,0,0.0,0,0.0,0,0.0,0,0.0,0,0.0,0,0.0,0,0.0,0,0.0,0,0.0,0,0.0
E01034217,0,0,0.0,0,0.0,0,0.0,0,0.0,0,0.0,0,0.0,0,0.0,0,0.0,0,0.0,0,0.0,0,0.0,0,0.0
E01034218,1,0,0.0,0,0.0,0,0.0,0,0.0,0,0.0,0,0.0,0,0.0,0,0.0,0,0.0,0,0.0,0,0.0,0,0.0
E01034219,0,0,0.0,0,0.0,0,0.0,0,0.0,0,0.0,0,0.0,0,0.0,0,0.0,0,0.0,0,0.0,0,0.0,0,0.0
E01034220,2,0,0.0,0,0.0,0,0.0,0,0.0,0,0.0,0,0.0,0,0.0,0,0.0,0,0.0,0,0.0,0,0.0,0,0.0
E01034221,1,0,0.0,0,0.0,0,0.0,0,0.0,0,0.0,0,0.0,0,0.0,0,0.0,0,0.0,0,0.0,0,0.0,0,0.0
E01034222,0,0,0.0,0,0.0,0,0.0,0,0.0,0,0.0,0,0.0,0,0.0,0,0.0,0,0.0,0,0.0,0,0.0,0,0.0
E01034223,0,0,0.0,0,0.0,0,0.0,0,0.0,0,0.0,0,0.0,0,0.0,0,0.0,0,0.0,0,0.0,0,0.0,0,0.0
E01034224,1,0,29.661708,0,29.661708,0,29.661708,0,30.804872,0,30.804872,0,30.804872,0,32.932962,0,32.932962,0,32.932962,0,34.87333,0,34.87333,0,34.87333
E01034225,1,0,29.15911,0,29.15911,0,29.15911,0,29.729138,0,29.729138,0,29.729138,0,30.79029,0,30.79029,0,30.79029,0,31.757835,0,31.757835,0,31.757835
E01034226,0,0,36.312662,0,36.312662,0,36.312662,0,36.100558,0,36.100558,0,36.100558,0,35.705709,0,35.705709,0,35.705709,0,35.345691,0,35.345691,0,35.345691
E01034227,0,0,33.422727,0,33.422727,0,33.422727,0,33.550385,0,33.550385,0,33.550385,0,33.788031,0,33.788031,0,33.788031,0,34.004713,0,34.004713,0,34.004713
E01034228,0,0,31.03539,0,31.03539,0,31.03539,0,30.445266,0,30.445266,0,30.445266,0,29.346705,0,29.346705,0,29.346705,0,28.345049,0,28.345049,0,28.345049
E01034229,0,0,25.138331,0,25.138331,0,25.138331,0,25.038361,0,25.038361,0,25.038361,0,24.852257,0,24.852257,0,24.852257,0,24.682571,0,24.682571,0,24.682571
E01034230,0,0,21.611688,0,21.611688,0,21.611688,0,21.179663,0,21.179663,0,21.179663,0,20.375414,0,20.375414,0,20.375414,0,19.64211,0,19.64211,0,19.64211
E01034231,0,0,31.412338,0,31.412338,0,31.412338,0,30.808916,0,30.808916,1,14.73426,0,29.6856,0,29.6856,0,29.6856,0,28.661373,0,28.661373,0,28.661373
E01034383,0,0,0.0,0,0.0,0,0.0,0,0.0,0,0.0,0,0.0,0,0.0,0,0.0,0,0.0,0,0.0,0,0.0,0,0.0
E01034384,0,0,0.0,0,0.0,0,0.0,0,0.0,0,0.0,0,0.0,0,0.0,0,0.0,0,0.0,0,0.0,0,0.0,0,0.0
E01034385,0,0,77.776948,4,13.478325,4,13.478325,0,76.715482,0,76.715482,4,12.416859,0,74.739481,4,10.440858,4,1.8734126,0,72.937785,4,8.6391619,4,8.6391619
E01034386,1,0,18.390339,1,2.3156837,1,2.3156837,0,18.461442,0,18.461442,0,18.461442,0,18.593805,0,18.593805,2,0.0,0,18.714492,1,2.6398358,0,18.714492
E01034387,1,0,0.0,0,0.0,0,0.0,0,0.0,0,0.0,0,0.0,0,0.0,0,0.0,0,0.0,0,0.0,0,0.0,0,0.0
E01034388,0,0,0.0,0,0.0,0,0.0,0,0.0,0,0.0,0,0.0,0,0.0,0,0.0,0,0.0,0,0.0,0,0.0,0,0.0
E01034389,3,0,0.0,0,0.0,0,0.0,0,0.0,0,0.0,0,0.0,0,0.0,0,0.0,0,0.0,0,0.0,0,0.0,0,0.0
E01034390,1,0,0.0,0,0.0,0,0.0,0,0.0,0,0.0,0,0.0,0,0.0,0,0.0,0,0.0,0,0.0,0,0.0,0,0.0
E01034391,1,0,0.0,0,0.0,0,0.0,0,0.0,0,0.0,0,0.0,0,0.0,0,0.0,0,0.0,0,0.0,0,0.0,0,0.0
E01034392,0,0,33.045779,0,33.045779,0,33.045779,0,33.01399,0,33.01399,0,33.01399,0,32.954811,0,32.954811,0,32.954811,0,32.900852,0,32.900852,0,32.900852
E01034393,0,0,16.334416,0,16.334416,0,16.334416,0,16.144963,0,16.144963,0,16.144963,0,15.792283,0,15.792283,0,15.792283,0,15.470713,0,15.470713,0,15.470713
E01034394,0,0,14.952273,0,14.952273,0,14.952273,0,14.713193,0,14.713193,0,14.713193,0,14.268128,0,14.268128,0,14.268128,0,13.862322,0,13.862322,0,13.862322
E01034395,0,0,36.061364,0,36.061364,0,36.061364,0,36.42783,0,36.42783,0,36.42783,0,37.110034,0,37.110034,0,37.110034,0,37.732061,0,37.732061,0,37.732061
E01034469,0,4,5.1854678,0,69.484091,4,5.1854678,0,69.532514,4,5.2338909,4,5.2338909,0,69.622658,4,5.3240344,4,5.3240344,0,69.704849,0,69.704849,4,5.4062261
E01034470,0,0,66.468506,4,2.1698834,4,2.1698834,0,67.014257,4,2.7156337,4,2.7156337,0,68.030214,0,68.030214,4,3.7315904,0,68.956551,4,4.6579282,4,4.6579282
E01034471,0,0,82.174675,0,82.174675,5,1.8013964,0,83.242301,5,2.8690219,5,2.8690219,0,85.229769,0,85.229769,5,4.8564898,0,87.041919,5,6.6686404,5,6.6686404
E01034472,0,0,57.798701,0,57.798701,3,9.5747339,0,58.622952,3,10.398984,3,10.398984,0,60.157357,3,11.93339,3,11.93339,0,61.556411,3,13.332444,3,13.332444
E01034473,0,0,22.993831,0,22.993831,0,22.993831,0,23.790687,0,23.790687,1,7.7160314,0,25.274097,0,25.274097,0,25.274097,0,26.626653,0,26.626653,0,26.626653
E01034474,1,0,21.754054,0,21.754054,0,21.754054,0,21.990825,0,21.990825,1,5.9161693,0,22.431593,0,22.431593,0,22.431593,0,22.83348,0,22.83348,0,22.83348
E01034475,1,0,54.877338,0,54.877338,0,54.877338,0,55.999941,0,55.999941,3,7.7759734,0,58.089753,0,58.089753,0,58.089753,0,59.995221,0,59.995221,3,11.771253
E01034476,0,0,64.709416,0,64.709416,4,0.41079245,0,65.531187,0,65.531187,4,1.2325634,0,67.060977,4,2.762354,4,2.762354,0,68.455823,0,68.455823,4,4.1571996
E01034477,0,0,58.301299,3,10.077331,3,10.077331,0,59.525266,3,11.301298,3,11.301298,0,61.803775,3,13.579808,3,13.579808,0,63.881294,3,15.657327,3,15.657327
E01034478,0,0,50.636688,0,50.636688,3,2.412721,0,50.385387,0,50.385387,3,2.16142,0,49.917571,0,49.917571,3,1.6936037,0,49.491022,0,49.491022,3,1.2670542
E01034479,1,0,44.73963,0,44.73963,0,44.73963,0,46.437692,0,46.437692,2,14.288381,0,49.598767,0,49.598767,0,49.598767,0,52.481,0,52.481,0,52.481
E01034480,0,0,0.0,0,0.0,0,0.0,0,0.0,0,0.0,0,0.0,0,0.0,0,0.0,0,0.0,0,0.0,0,0.0,0,0.0
E01034481,1,0,19.689426,0,19.689426,1,3.6147701,0,22.917736,0,22.917736,0,22.917736,0,28.927487,0,28.927487,0,28.927487,0,34.407109,0,34.407109,0,34.407109
E01034482,0,0,12.062338,0,12.062338,0,12.062338,0,11.956569,0,11.956569,0,11.956569,0,11.759673,0,11.759673,0,11.759673,0,11.580145,0,11.580145,0,11.580145
E01034483,1,0,12.196448,0,12.196448,0,12.196448,0,12.505817,0,12.505817,0,12.505817,0,13.081731,0,13.081731,0,13.081731,0,13.606844,0,13.606844,0,13.606844
E01034484,9,0,0.0,0,0.0,0,0.0,0,0.0,0,0.0,0,0.0,0,0.0,0,0.0,0,0.0,0,0.0,0,0.0,0,0.0
E01034485,10,0,0.0,0,0.0,0,0.0,0,0.0,0,0.0,0,0.0,0,0.0,0,0.0,0,0.0,0,0.0,0,0.0,0,0.0
E01034486,0,0,0.0,0,0.0,0,0.0,0,0.0,0,0.0,0,0.0,0,0.0,0,0.0,0,0.0,0,0.0,0,0.0,0,0.0
E01034487,1,0,0.0,0,0.0,0,0.0,0,0.0,0,0.0,0,0.0,0,0.0,0,0.0,0,0.0,0,0.0,0,0.0,0,0.0
E01034488,5,0,0.0,0,0.0,0,0.0,0,0.0,0,0.0,0,0.0,0,0.0,0,0.0,0,0.0,0,0.0,0,0.0,0,0.0
E01034576,0,0,0.0,0,0.0,0,0.0,0,0.0,0,0.0,0,0.0,0,0.0,0,0.0,0,0.0,0,0.0,0,0.0,0,0.0
E01034577,0,0,0.0,0,0.0,0,0.0,0,0.0,0,0.0,0,0.0,0,0.0,0,0.0,0,0.0,0,0.0,0,0.0,0,0.0
E01034578,4,0,0.0,0,0.0,0,0.0,0,0.0,0,0.0,0,0.0,0,0.0,0,0.0,0,0.0,0,0.0,0,0.0,0,0.0
E01034579,3,0,0.0,0,0.0,0,0.0,0,0.0,0,0.0,0,0.0,0,0.0,0,0.0,0,0.0,0,0.0,0,0.0,0,0.0
E01034580,6,0,0.0,0,0.0,0,0.0,0,0.0,0,0.0,0,0.0,0,0.0,0,0.0,0,0.0,0,0.0,0,0.0,0,0.0
E01034581,5,0,0.0,0,0.0,0,0.0,0,0.0,0,0.0,0,0.0,0,0.0,0,0.0,0,0.0,0,0.0,0,0.0,0,0.0
E01034589,0,0,108.81234,6,12.364403,6,12.364403,0,108.47406,6,12.02613,6,12.02613,0,107.84434,6,11.396407,6,11.396407,0,107.27017,6,10.822234,6,10.822234
E01034590,0,0,62.070779,0,62.070779,3,13.846812,0,61.98684,3,13.762873,3,13.762873,0,61.830581,0,61.830581,3,13.606614,0,61.688105,0,61.688105,3,13.464138
E01034591,0,0,59.432143,0,59.432143,3,11.208176,0,60.262289,0,60.262289,3,12.038321,0,61.80767,0,61.80767,3,13.583702,0,63.216731,0,63.216731,3,14.992763
E01034592,0,0,42.469481,0,42.469481,2,10.320169,0,42.872058,0,42.872058,2,10.722746,0,43.621487,2,11.472176,2,11.472176,0,44.304808,0,44.304808,2,12.155497
E01034593,0,0,77.902597,4,13.603974,4,13.603974,0,77.645212,0,77.645212,4,13.346589,0,77.166069,4,12.867446,4,12.867446,0,76.729191,4,12.430568,4,12.430568
E01034594,0,0,81.420779,5,1.0475003,5,1.0475003,0,80.730677,5,0.3573979,5,0.3573979,0,79.445998,4,15.147374,0,79.445998,0,78.274642,0,78.274642,4,13.976018
E01034595,0,0,46.49026,0,46.49026,2,14.340948,0,46.708658,0,46.708658,2,14.559347,0,47.115225,0,47.115225,2,14.965913,0,47.485927,0,47.485927,2,15.336616
E01034596,0,0,31.286688,0,31.286688,1,15.212033,0,31.14363,0,31.14363,0,31.14363,0,30.877316,0,30.877316,1,14.80266,0,30.634494,0,30.634494,1,14.559838
E01034597,0,0,44.982468,2,12.833156,2,12.833156,0,45.110384,0,45.110384,0,45.110384,0,45.348509,0,45.348509,2,13.199198,0,45.565629,0,45.565629,0,45.565629
E01034598,0,0,28.648052,0,28.648052,1,12.573396,0,28.391261,0,28.391261,0,28.391261,0,27.913223,0,27.913223,1,11.838568,0,27.477355,0,27.477355,0,27.477355
E01034599,0,0,74.007468,4,9.7088444,4,9.7088444,0,74.629561,4,10.330938,4,10.330938,0,75.787637,4,11.489014,4,11.489014,0,76.843557,4,12.544934,4,12.544934
E01034600,0,0,63.452922,0,63.452922,3,15.228955,0,64.555944,0,64.555944,4,0.25732069,0,66.609305,0,66.609305,4,2.3106814,0,68.481536,0,68.481536,4,4.1829124
E01034601,0,0,82.677273,5,2.3039938,5,2.3039938,0,82.670348,0,82.670348,5,2.2970691,0,82.657457,0,82.657457,5,2.2841783,0,82.645704,0,82.645704,5,2.2724246
E01034602,0,0,59.557792,3,11.333825,3,11.333825,0,59.477251,0,59.477251,3,11.253284,0,59.327318,0,59.327318,3,11.103351,0,59.190611,0,59.190611,3,10.966644
E01034603,0,0,80.164286,0,80.164286,4,15.865663,0,78.796449,0,78.796449,4,14.497826,0,76.250116,4,11.951493,4,11.951493,0,73.928398,4,9.6297749,4,9.6297749
E01034604,0,0,61.442532,3,13.218565,3,13.218565,0,61.107626,0,61.107626,3,12.883658,0,60.484171,0,60.484171,3,12.260204,0,59.915712,0,59.915712,3,11.691745
E01034605,0,0,86.195455,5,5.8221756,5,5.8221756,0,86.045247,5,5.6719681,5,5.6719681,0,85.765624,0,85.765624,5,5.3923451,0,85.510667,0,85.510667,5,5.137388
E01034606,0,0,65.965909,4,1.667286,4,1.667286,0,65.001265,0,65.001265,4,0.70264148,0,63.205504,0,63.205504,0,63.205504,0,61.56815,0,61.56815,3,13.344182
E01034607,1,0,60.445799,3,12.221831,3,12.221831,0,60.820205,3,12.596238,3,12.596238,0,61.517192,0,61.517192,3,13.293225,0,62.152697,0,62.152697,3,13.928729
E01034608,0,0,111.57662,0,111.57662,6,15.128689,0,112.19877,6,15.750836,6,15.750836,0,113.35695,7,0.83435547,7,0.83435547,0,114.41296,0,114.41296,7,1.8903666
E01034609,1,0,52.547094,3,4.3231264,3,4.3231264,0,52.92303,0,52.92303,3,4.6990626,0,53.622864,0,53.622864,3,5.398897,0,54.260965,0,54.260965,3,6.0369981
E01034610,0,0,83.305519,0,83.305519,5,2.9322406,0,84.36345,0,84.36345,5,3.990171,0,86.33287,5,5.9595906,5,5.9595906,0,88.128564,5,7.7552851,5,7.7552851
E01034611,0,0,57.170455,0,57.170455,3,8.9464872,0,58.247948,0,58.247948,3,10.02398,0,60.253785,3,12.029818,3,12.029818,0,62.082685,3,13.858718,3,13.858718
E01034612,0,0,85.19026,5,4.8169808,5,4.8169808,0,86.114179,0,86.114179,5,5.7408996,0,87.834125,0,87.834125,5,7.4608463,0,89.402353,5,9.0290742,5,9.0290742
E01034613,1,0,20.112357,1,4.0377014,1,4.0377014,0,20.021047,0,20.021047,1,3.9463911,0,19.851066,0,19.851066,1,3.7764099,0,19.696079,1,3.6214229,1,3.6214229
E01034614,0,5,3.0578899,5,3.0578899,5,3.0578899,0,84.319727,5,3.9464481,5,3.9464481,0,85.973847,0,85.973847,5,5.6005682,0,87.482055,0,87.482055,5,7.1087762
E01034615,1,0,98.8945,6,2.4465654,6,2.4465654,0,99.591658,6,3.1437234,6,3.1437234,0,100.88947,0,100.88947,6,4.4415374,0,102.0728,0,102.0728,6,5.6248694
E01034616,1,0,27.40002,1,11.325364,1,11.325364,0,27.969091,0,27.969091,0,27.969091,0,29.028462,0,29.028462,1,12.953807,0,29.994385,1,13.919729,1,13.919729
E01034617,0,0,88.708442,5,8.3351626,5,8.3351626,0,89.809017,5,9.435738,5,9.435738,0,91.857824,5,11.484545,5,11.484545,0,93.725902,5,13.352623,5,13.352623
E01035484,24,0,0.0,0,0.0,0,0.0,0,0.0,0,0.0,0,0.0,0,0.0,0,0.0,0,0.0,0,0.0,0,0.0,0,0.0
E01035485,0,0,0.0,0,0.0,0,0.0,0,0.0,0,0.0,0,0.0,0,0.0,0,0.0,0,0.0,0,0.0,0,0.0,0,0.0
E01035486,0,0,0.0,0,0.0,0,0.0,0,0.0,0,0.0,0,0.0,0,0.0,0,0.0,0,0.0,0,0.0,0,0.0,0,0.0
E01035487,25,0,0.0,0,0.0,0,0.0,0,0.0,0,0.0,0,0.0,0,0.0,0,0.0,0,0.0,0,0.0,0,0.0,0,0.0
E01035488,1,0,0.0,0,0.0,0,0.0,0,0.0,0,0.0,0,0.0,0,0.0,0,0.0,0,0.0,0,0.0,0,0.0,0,0.0
E01035489,0,0,0.0,0,0.0,0,0.0,0,0.0,0,0.0,0,0.0,0,0.0,0,0.0,0,0.0,0,0.0,0,0.0,0,0.0
E01035490,6,0,0.0,0,0.0,0,0.0,0,0.0,0,0.0,0,0.0,0,0.0,0,0.0,0,0.0,0,0.0,0,0.0,0,0.0
E01035491,2,0,0.0,0,0.0,0,0.0,0,0.0,0,0.0,0,0.0,0,0.0,0,0.0,0,0.0,0,0.0,0,0.0,0,0.0
E01035492,0,0,0.0,0,0.0,0,0.0,0,0.0,0,0.0,0,0.0,0,0.0,0,0.0,0,0.0,0,0.0,0,0.0,0,0.0
E01035493,4,0,0.0,0,0.0,0,0.0,0,0.0,0,0.0,0,0.0,0,0.0,0,0.0,0,0.0,0,0.0,0,0.0,0,0.0
E01035494,1,0,0.0,0,0.0,0,0.0,0,0.0,0,0.0,0,0.0,0,0.0,0,0.0,0,0.0,0,0.0,0,0.0,0,0.0
E01035495,0,0,0.0,0,0.0,0,0.0,0,0.0,0,0.0,0,0.0,0,0.0,0,0.0,0,0.0,0,0.0,0,0.0,0,0.0
E01035496,0,0,0.0,0,0.0,0,0.0,0,0.0,0,0.0,0,0.0,0,0.0,0,0.0,0,0.0,0,0.0,0,0.0,0,0.0
E01035497,0,0,0.0,0,0.0,0,0.0,0,0.0,0,0.0,0,0.0,0,0.0,0,0.0,0,0.0,0,0.0,0,0.0,0,0.0
E01035498,1,0,0.0,0,0.0,0,0.0,0,0.0,0,0.0,0,0.0,0,0.0,0,0.0,0,0.0,0,0.0,0,0.0,0,0.0
E01035499,1,0,0.0,0,0.0,0,0.0,0,0.0,0,0.0,0,0.0,0,0.0,0,0.0,0,0.0,0,0.0,0,0.0,0,0.0
E01035638,1,0,0.0,0,0.0,0,0.0,0,0.0,0,0.0,0,0.0,0,0.0,0,0.0,0,0.0,0,0.0,0,0.0,0,0.0
E01035639,3,0,0.0,0,0.0,0,0.0,0,0.0,0,0.0,0,0.0,0,0.0,0,0.0,0,0.0,0,0.0,0,0.0,0,0.0
E01035640,11,0,0.0,0,0.0,0,0.0,0,0.0,0,0.0,0,0.0,0,0.0,0,0.0,0,0.0,0,0.0,0,0.0,0,0.0
E01035641,3,0,0.0,0,0.0,0,0.0,0,0.0,0,0.0,0,0.0,0,0.0,0,0.0,0,0.0,0,0.0,0,0.0,0,0.0
E01035642,3,0,0.0,0,0.0,0,0.0,0,0.0,0,0.0,0,0.0,0,0.0,0,0.0,0,0.0,0,0.0,0,0.0,0,0.0
E01035643,9,0,0.0,0,0.0,0,0.0,0,0.0,0,0.0,0,0.0,0,0.0,0,0.0,0,0.0,0,0.0,0,0.0,0,0.0
E01035644,1,0,0.0,0,0.0,0,0.0,0,0.0,0,0.0,0,0.0,0,0.0,0,0.0,0,0.0,0,0.0,0,0.0,0,0.0
E01035645,7,0,0.0,0,0.0,0,0.0,0,0.0,0,0.0,0,0.0,0,0.0,0,0.0,0,0.0,0,0.0,0,0.0,0,0.0
E01035646,5,0,0.0,0,0.0,0,0.0,0,0.0,0,0.0,0,0.0,0,0.0,0,0.0,0,0.0,0,0.0,0,0.0,0,0.0
E01035647,0,0,0.0,0,0.0,0,0.0,0,0.0,0,0.0,0,0.0,0,0.0,0,0.0,0,0.0,0,0.0,0,0.0,0,0.0
E01035648,1,0,0.0,0,0.0,0,0.0,0,0.0,0,0.0,0,0.0,0,0.0,0,0.0,0,0.0,0,0.0,0,0.0,0,0.0
E01035649,8,0,0.0,0,0.0,0,0.0,0,0.0,0,0.0,0,0.0,0,0.0,0,0.0,0,0.0,0,0.0,0,0.0,0,0.0
E01035650,8,0,0.0,0,0.0,0,0.0,0,0.0,0,0.0,0,0.0,0,0.0,0,0.0,0,0.0,0,0.0,0,0.0,0,0.0
E01035651,1,0,0.0,0,0.0,0,0.0,0,0.0,0,0.0,0,0.0,0,0.0,0,0.0,0,0.0,0,0.0,0,0.0,0,0.0
E01035652,0,0,0.0,0,0.0,0,0.0,0,0.0,0,0.0,0,0.0,0,0.0,0,0.0,0,0.0,0,0.0,0,0.0,0,0.0
E01035653,2,0,0.0,0,0.0,0,0.0,0,0.0,0,0.0,0,0.0,0,0.0,0,0.0,0,0.0,0,0.0,0,0.0,0,0.0
E01035654,1,0,0.0,0,0.0,0,0.0,0,0.0,0,0.0,0,0.0,0,0.0,0,0.0,0,0.0,0,0.0,0,0.0,0,0.0
E01035655,4,0,0.0,0,0.0,0,0.0,0,0.0,0,0.0,0,0.0,0,0.0,0,0.0,0,0.0,0,0.0,0,0.0,0,0.0
E01035656,0,0,0.0,0,0.0,0,0.0,0,0.0,0,0.0,0,0.0,0,0.0,0,0.0,0,0.0,0,0.0,0,0.0,0,0.0
E01035657,1,0,0.0,0,0.0,0,0.0,0,0.0,0,0.0,0,0.0,0,0.0,0,0.0,0,0.0,0,0.0,0,0.0,0,0.0
E01035658,6,0,0.0,0,0.0,0,0.0,0,0.0,0,0.0,0,0.0,0,0.0,0,0.0,0,0.0,0,0.0,0,0.0,0,0.0
E01035659,9,0,0.0,0,0.0,0,0.0,0,0.0,0,0.0,0,0.0,0,0.0,0,0.0,0,0.0,0,0.0,0,0.0,0,0.0
E01035660,18,0,0.0,0,0.0,0,0.0,0,0.0,0,0.0,0,0.0,0,0.0,0,0.0,0,0.0,0,0.0,0,0.0,0,0.0
E01035661,13,0,0.0,0,0.0,0,0.0,0,0.0,0,0.0,0,0.0,0,0.0,0,0.0,0,0.0,0,0.0,0,0.0,0,0.0
E01035662,9,0,0.0,0,0.0,0,0.0,0,0.0,0,0.0,0,0.0,0,0.0,0,0.0,0,0.0,0,0.0,0,0.0,0,0.0
E01035663,29,0,0.0,0,0.0,0,0.0,0,0.0,0,0.0,0,0.0,0,0.0,0,0.0,0,0.0,0,0.0,0,0.0,0,0.0
E01035664,14,0,0.0,0,0.0,0,0.0,0,0.0,0,0.0,0,0.0,0,0.0,0,0.0,0,0.0,0,0.0,0,0.0,0,0.0
E01035665,1,0,0.0,0,0.0,0,0.0,0,0.0,0,0.0,0,0.0,0,0.0,0,0.0,0,0.0,0,0.0,0,0.0,0,0.0
E01035666,6,0,0.0,0,0.0,0,0.0,0,0.0,0,0.0,0,0.0,0,0.0,0,0.0,0,0.0,0,0.0,0,0.0,0,0.0
E01035667,8,0,0.0,0,0.0,0,0.0,0,0.0,0,0.0,0,0.0,0,0.0,0,0.0,0,0.0,0,0.0,0,0.0,0,0.0
E01035668,9,0,0.0,0,0.0,0,0.0,0,0.0,0,0.0,0,0.0,0,0.0,0,0.0,0,0.0,0,0.0,0,0.0,0,0.0
E01035669,4,0,0.0,0,0.0,0,0.0,0,0.0,0,0.0,0,0.0,0,0.0,0,0.0,0,0.0,0,0.0,0,0.0,0,0.0
E01035670,36,0,0.0,0,0.0,0,0.0,0,0.0,0,0.0,0,0.0,0,0.0,0,0.0,0,0.0,0,0.0,0,0.0,0,0.0
E01035671,0,0,0.0,0,0.0,0,0.0,0,0.0,0,0.0,0,0.0,0,0.0,0,0.0,0,0.0,0,0.0,0,0.0,0,0.0
E01035672,29,0,0.0,0,0.0,0,0.0,0,0.0,0,0.0,0,0.0,0,0.0,0,0.0,0,0.0,0,0.0,0,0.0,0,0.0
E01035673,4,0,0.0,0,0.0,0,0.0,0,0.0,0,0.0,0,0.0,0,0.0,0,0.0,0,0.0,0,0.0,0,0.0,0,0.0
E01035674,6,0,0.0,0,0.0,0,0.0,0,0.0,0,0.0,0,0.0,0,0.0,0,0.0,0,0.0,0,0.0,0,0.0,0,0.0
E01035675,12,0,0.0,0,0.0,0,0.0,0,0.0,0,0.0,0,0.0,0,0.0,0,0.0,0,0.0,0,0.0,0,0.0,0,0.0
E01035676,13,0,0.0,0,0.0,0,0.0,0,0.0,0,0.0,0,0.0,0,0.0,0,0.0,0,0.0,0,0.0,0,0.0,0,0.0
E01035677,5,0,0.0,0,0.0,0,0.0,0,0.0,0,0.0,0,0.0,0,0.0,0,0.0,0,0.0,0,0.0,0,0.0,0,0.0
E01035678,2,0,0.0,0,0.0,0,0.0,0,0.0,0,0.0,0,0.0,0,0.0,0,0.0,0,0.0,0,0.0,0,0.0,0,0.0
E01035679,5,0,0.0,0,0.0,0,0.0,0,0.0,0,0.0,0,0.0,0,0.0,0,0.0,0,0.0,0,0.0,0,0.0,0,0.0
E01035680,3,0,0.0,0,0.0,0,0.0,0,0.0,0,0.0,0,0.0,0,0.0,0,0.0,0,0.0,0,0.0,0,0.0,0,0.0
E01035681,9,0,0.0,0,0.0,0,0.0,0,0.0,0,0.0,0,0.0,0,0.0,0,0.0,0,0.0,0,0.0,0,0.0,0,0.0
E01035682,3,0,0.0,0,0.0,0,0.0,0,0.0,0,0.0,0,0.0,0,0.0,0,0.0,0,0.0,0,0.0,0,0.0,0,0.0
E01035683,10,0,0.0,0,0.0,0,0.0,0,0.0,0,0.0,0,0.0,0,0.0,0,0.0,0,0.0,0,0.0,0,0.0,0,0.0
E01035684,3,0,0.0,0,0.0,0,0.0,0,0.0,0,0.0,0,0.0,0,0.0,0,0.0,0,0.0,0,0.0,0,0.0,0,0.0
E01035685,4,0,0.0,0,0.0,0,0.0,0,0.0,0,0.0,0,0.0,0,0.0,0,0.0,0,0.0,0,0.0,0,0.0,0,0.0
E01035686,13,0,0.0,0,0.0,0,0.0,0,0.0,0,0.0,0,0.0,0,0.0,0,0.0,0,0.0,0,0.0,0,0.0,0,0.0
E01035687,10,0,0.0,0,0.0,0,0.0,0,0.0,0,0.0,0,0.0,0,0.0,0,0.0,0,0.0,0,0.0,0,0.0,0,0.0
E01035688,0,0,0.0,0,0.0,0,0.0,0,0.0,0,0.0,0,0.0,0,0.0,0,0.0,0,0.0,0,0.0,0,0.0,0,0.0
E01035689,6,0,0.0,0,0.0,0,0.0,0,0.0,0,0.0,0,0.0,0,0.0,0,0.0,0,0.0,0,0.0,0,0.0,0,0.0
E01035690,5,0,0.0,0,0.0,0,0.0,0,0.0,0,0.0,0,0.0,0,0.0,0,0.0,0,0.0,0,0.0,0,0.0,0,0.0
E01035691,2,0,0.0,0,0.0,0,0.0,0,0.0,0,0.0,0,0.0,0,0.0,0,0.0,0,0.0,0,0.0,0,0.0,0,0.0
E01035692,18,0,0.0,0,0.0,0,0.0,0,0.0,0,0.0,0,0.0,0,0.0,0,0.0,0,0.0,0,0.0,0,0.0,0,0.0
E01035693,12,0,0.0,0,0.0,0,0.0,0,0.0,0,0.0,0,0.0,0,0.0,0,0.0,0,0.0,0,0.0,0,0.0,0,0.0
E01035694,29,0,0.0,0,0.0,0,0.0,0,0.0,0,0.0,0,0.0,0,0.0,0,0.0,0,0.0,0,0.0,0,0.0,0,0.0
E01035695,18,0,0.0,0,0.0,0,0.0,0,0.0,0,0.0,0,0.0,0,0.0,0,0.0,0,0.0,0,0.0,0,0.0,0,0.0
E01035696,2,0,0.0,0,0.0,0,0.0,0,0.0,0,0.0,0,0.0,0,0.0,0,0.0,0,0.0,0,0.0,0,0.0,0,0.0
E01035697,7,0,0.0,0,0.0,0,0.0,0,0.0,0,0.0,0,0.0,0,0.0,0,0.0,0,0.0,0,0.0,0,0.0,0,0.0
E01035698,1,0,0.0,0,0.0,0,0.0,0,0.0,0,0.0,0,0.0,0,0.0,0,0.0,0,0.0,0,0.0,0,0.0,0,0.0
E01035699,0,0,0.0,0,0.0,0,0.0,0,0.0,0,0.0,0,0.0,0,0.0,0,0.0,0,0.0,0,0.0,0,0.0,0,0.0
E01035700,0,0,0.0,0,0.0,0,0.0,0,0.0,0,0.0,0,0.0,0,0.0,0,0.0,0,0.0,0,0.0,0,0.0,0,0.0
E01035701,0,0,0.0,0,0.0,0,0.0,0,0.0,0,0.0,0,0.0,0,0.0,0,0.0,0,0.0,0,0.0,0,0.0,0,0.0
E01035702,0,0,0.0,0,0.0,0,0.0,0,0.0,0,0.0,0,0.0,0,0.0,0,0.0,0,0.0,0,0.0,0,0.0,0,0.0
E01035703,0,0,0.0,0,0.0,0,0.0,0,0.0,0,0.0,0,0.0,0,0.0,0,0.0,0,0.0,0,0.0,0,0.0,0,0.0
E01035704,0,0,0.0,0,0.0,0,0.0,0,0.0,0,0.0,0,0.0,0,0.0,0,0.0,0,0.0,0,0.0,0,0.0,0,0.0
E01035705,30,0,0.0,0,0.0,0,0.0,0,0.0,0,0.0,0,0.0,0,0.0,0,0.0,0,0.0,0,0.0,0,0.0,0,0.0
E01035706,4,0,0.0,0,0.0,0,0.0,0,0.0,0,0.0,0,0.0,0,0.0,0,0.0,0,0.0,0,0.0,0,0.0,0,0.0
E01035707,16,0,0.0,0,0.0,0,0.0,0,0.0,0,0.0,0,0.0,0,0.0,0,0.0,0,0.0,0,0.0,0,0.0,0,0.0
E01035708,3,0,0.0,0,0.0,0,0.0,0,0.0,0,0.0,0,0.0,0,0.0,0,0.0,0,0.0,0,0.0,0,0.0,0,0.0
E01035709,1,0,0.0,0,0.0,0,0.0,0,0.0,0,0.0,0,0.0,0,0.0,0,0.0,0,0.0,0,0.0,0,0.0,0,0.0
E01035710,2,0,0.0,0,0.0,0,0.0,0,0.0,0,0.0,0,0.0,0,0.0,0,0.0,0,0.0,0,0.0,0,0.0,0,0.0
E01035711,9,0,0.0,0,0.0,0,0.0,0,0.0,0,0.0,0,0.0,0,0.0,0,0.0,0,0.0,0,0.0,0,0.0,0,0.0
E01035712,3,0,0.0,0,0.0,0,0.0,0,0.0,0,0.0,0,0.0,0,0.0,0,0.0,0,0.0,0,0.0,0,0.0,0,0.0
E01035713,18,0,0.0,0,0.0,0,0.0,0,0.0,0,0.0,0,0.0,0,0.0,0,0.0,0,0.0,0,0.0,0,0.0,0,0.0
E01035714,13,0,0.0,0,0.0,0,0.0,0,0.0,0,0.0,0,0.0,0,0.0,0,0.0,0,0.0,0,0.0,0,0.0,0,0.0
E01035715,40,0,0.0,0,0.0,0,0.0,0,0.0,0,0.0,0,0.0,0,0.0,0,0.0,0,0.0,0,0.0,0,0.0,0,0.0
E01035716,18,0,0.0,0,0.0,0,0.0,0,0.0,0,0.0,0,0.0,0,0.0,0,0.0,0,0.0,0,0.0,0,0.0,0,0.0
E01035717,36,0,0.0,0,0.0,0,0.0,0,0.0,0,0.0,0,0.0,0,0.0,0,0.0,0,0.0,0,0.0,0,0.0,0,0.0
E01035718,16,0,0.0,0,0.0,0,0.0,0,0.0,0,0.0,0,0.0,0,0.0,0,0.0,0,0.0,0,0.0,0,0.0,0,0.0
E01035719,17,0,0.0,0,0.0,0,0.0,0,0.0,0,0.0,0,0.0,0,0.0,0,0.0,0,0.0,0,0.0,0,0.0,0,0.0
E01035720,13,0,0.0,0,0.0,0,0.0,0,0.0,0,0.0,0,0.0,0,0.0,0,0.0,0,0.0,0,0.0,0,0.0,0,0.0
E01035721,10,0,0.0,0,0.0,0,0.0,0,0.0,0,0.0,0,0.0,0,0.0,0,0.0,0,0.0,0,0.0,0,0.0,0,0.0
E01035722,22,0,0.0,0,0.0,0,0.0,0,0.0,0,0.0,0,0.0,0,0.0,0,0.0,0,0.0,0,0.0,0,0.0,0,0.0
