lsoa_code,lsoa_name,ej,seff,ubar_i,has_evse_i,desert_condition
E01000001,City of London 001A,1,0.2439112654158952,0.2439112654158952,True,normal
E01000002,City of London 001B,1,0.1277727623441354,0.018253251763447914,True,normal
E01000003,City of London 001C,0,0.0,,False,A_true_desert
E01000005,City of London 001E,0,0.0,,False,A_true_desert
E01032739,City of London 001F,13,0.0999853395057868,0.005631840574534054,True,normal
E01032740,City of London 001G,0,0.0,,False,A_true_desert
E01000027,Barking and Dagenham 001A,0,0.0,,False,A_true_desert
E01000028,Barking and Dagenham 001B,0,0.0,,False,A_true_desert
E01000029,Barking and Dagenham 001C,0,0.0,,False,A_true_desert
E01000030,Barking and Dagenham 001D,0,0.0,,False,A_true_desert
E01000031,Barking and Dagenham 002A,0,0.0,,False,A_true_desert
E01000032,Barking and Dagenham 002B,0,0.0,,False,A_true_desert
E01000110,Barking and Dagenham 002C,0,0.0,,False,A_true_desert
E01000111,Barking and Dagenham 002D,1,0.1350999228391201,0.03377498070978002,True,normal
E01000112,Barking and Dagenham 002E,0,0.0,,False,A_true_desert
E01000113,Barking and Dagenham 002F,3,0.9892654320929781,0.08243878600774818,True,normal
E01000034,Barking and Dagenham 003A,0,0.0,,False,A_true_desert
E01000037,Barking and Dagenham 003B,0,0.0,,False,A_true_desert
E01000038,Barking and Dagenham 003C,0,0.0,,False,A_true_desert
E01000039,Barking and Dagenham 003D,0,0.0,,False,A_true_desert
E01000063,Barking and Dagenham 004A,0,0.0,,False,A_true_desert
E01000100,Barking and Dagenham 004B,0,0.0,,False,A_true_desert
E01000101,Barking and Dagenham 004C,1,0.0078063271604938,0.0078063271604938,True,normal
E01000114,Barking and Dagenham 004E,0,0.0,,False,A_true_desert
E01034469,Barking and Dagenham 004F,0,0.0,,False,A_true_desert
E01034470,Barking and Dagenham 004G,0,0.0,,False,A_true_desert
E01000033,Barking and Dagenham 006A,0,0.0,,False,A_true_desert
E01000060,Barking and Dagenham 006B,0,0.0,,False,A_true_desert
E01000061,Barking and Dagenham 006C,0,0.0,,False,A_true_desert
E01000062,Barking and Dagenham 006D,1,0.4746277006138116,0.1186569251534529,True,normal
E01000064,Barking and Dagenham 006E,0,0.0,,False,A_true_desert
E01000065,Barking and Dagenham 007A,1,0.4922932098749997,0.12307330246874992,True,normal
E01000078,Barking and Dagenham 007B,0,0.0,,False,A_true_desert
E01000080,Barking and Dagenham 007C,0,0.0,,False,A_true_desert
E01000081,Barking and Dagenham 007D,0,0.0,,False,A_true_desert
E01000082,Barking and Dagenham 007E,0,0.0,,False,A_true_desert
E01000083,Barking and Dagenham 007F,1,1.0123140432033175,0.2530785108008294,True,normal
E01000102,Barking and Dagenham 007G,0,0.0,,False,A_true_desert
E01000021,Barking and Dagenham 008A,0,0.0,,False,A_true_desert
E01000022,Barking and Dagenham 008B,0,0.0,,False,A_true_desert
E01000024,Barking and Dagenham 008D,0,0.0,,False,A_true_desert
E01000025,Barking and Dagenham 008E,0,0.0,,False,A_true_desert
E01000077,Barking and Dagenham 008F,0,0.0,,False,A_true_desert
E01034471,Barking and Dagenham 008G,0,0.0,,False,A_true_desert
E01034472,Barking and Dagenham 008H,0,0.0,,False,A_true_desert
E01000015,Barking and Dagenham 009A,0,0.0,,False,A_true_desert
E01000016,Barking and Dagenham 009B,0,0.0,,False,A_true_desert
E01000017,Barking and Dagenham 009C,0,0.0,,False,A_true_desert
E01000018,Barking and Dagenham 009D,0,0.0,,False,A_true_desert
E01000079,Barking and Dagenham 009E,1,0.9782361111072528,0.2445590277768132,True,normal
E01000035,Barking and Dagenham 010A,3,1.2073487654216817,0.15545138888734564,True,normal
E01000036,Barking and Dagenham 010B,0,0.0,,False,A_true_desert
E01000107,Barking and Dagenham 010C,0,0.0,,False,A_true_desert
E01000108,Barking and Dagenham 010D,0,0.0,,False,A_true_desert
E01000066,Barking and Dagenham 011A,1,0.3253726851840276,0.0813431712960069,True,normal
E01000067,Barking and Dagenham 011B,0,0.0,,False,A_true_desert
E01000069,Barking and Dagenham 011C,1,0.10640470678973749,0.05320235339486874,True,normal
E01000070,Barking and Dagenham 011D,2,0.35766358024614164,0.049148951903179604,True,normal
E01000071,Barking and Dagenham 011E,0,0.0,,False,A_true_desert
E01000057,Barking and Dagenham 012A,2,0.0,0.0,True,B_underutilised
E01000073,Barking and Dagenham 012B,0,0.0,,False,A_true_desert
E01000074,Barking and Dagenham 012C,0,0.0,,False,A_true_desert
E01000075,Barking and Dagenham 012D,1,0.0572584876543208,0.01908616255144027,True,normal
E01000076,Barking and Dagenham 012E,0,0.0,,False,A_true_desert
E01000013,Barking and Dagenham 013A,0,0.0,,False,A_true_desert
E01000014,Barking and Dagenham 013B,0,0.0,,False,A_true_desert
E01000059,Barking and Dagenham 013C,1,0.3002982253078702,0.07507455632696755,True,normal
E01000084,Barking and Dagenham 013D,2,0.5091562499976847,0.07075425990192574,True,normal
E01000085,Barking and Dagenham 013E,0,0.0,,False,A_true_desert
E01000086,Barking and Dagenham 013F,0,0.0,,False,A_true_desert
E01000103,Barking and Dagenham 014A,0,0.0,,False,A_true_desert
E01000104,Barking and Dagenham 014B,0,0.0,,False,A_true_desert
E01000105,Barking and Dagenham 014C,0,0.0,,False,A_true_desert
E01000106,Barking and Dagenham 014D,0,0.0,,False,A_true_desert
E01000007,Barking and Dagenham 015A,0,0.0,,False,A_true_desert
E01000008,Barking and Dagenham 015B,0,0.0,,False,A_true_desert
E01000012,Barking and Dagenham 015D,1,0.2562912808614966,0.06407282021537415,True,normal
E01034473,Barking and Dagenham 015E,0,0.0,,False,A_true_desert
E01034474,Barking and Dagenham 015F,1,0.7411921296253857,0.18529803240634643,True,normal
E01000006,Barking and Dagenham 016A,0,0.0,,False,A_true_desert
E01000009,Barking and Dagenham 016B,1,0.8519047067870371,0.21297617669675928,True,normal
E01000011,Barking and Dagenham 016C,0,0.0,,False,A_true_desert
E01000044,Barking and Dagenham 016D,0,0.0,,False,A_true_desert
E01000068,Barking and Dagenham 016E,0,0.0,,False,A_true_desert
E01000041,Barking and Dagenham 017A,0,0.0,,False,A_true_desert
E01000042,Barking and Dagenham 017B,0,0.0,,False,A_true_desert
E01000045,Barking and Dagenham 017C,0,0.0,,False,A_true_desert
E01000046,Barking and Dagenham 017D,0,0.0,,False,A_true_desert
E01000072,Barking and Dagenham 017E,0,0.0,,False,A_true_desert
E01000054,Barking and Dagenham 018A,0,0.0,,False,A_true_desert
E01000055,Barking and Dagenham 018B,0,0.0,,False,A_true_desert
E01000056,Barking and Dagenham 018C,0,0.0,,False,A_true_desert
E01000058,Barking and Dagenham 018D,0,0.0,,False,A_true_desert
E01000095,Barking and Dagenham 018E,0,0.0,,False,A_true_desert
E01000040,Barking and Dagenham 019A,0,0.0,,False,A_true_desert
E01000043,Barking and Dagenham 019B,0,0.0,,False,A_true_desert
E01000050,Barking and Dagenham 019C,0,0.0,,False,A_true_desert
E01000052,Barking and Dagenham 019D,0,0.0,,False,A_true_desert
E01034475,Barking and Dagenham 019F,1,0.226757330245756,0.07558577674858534,True,normal
E01034476,Barking and Dagenham 019G,0,0.0,,False,A_true_desert
E01034477,Barking and Dagenham 019H,0,0.0,,False,A_true_desert
E01034478,Barking and Dagenham 019I,0,0.0,,False,A_true_desert
E01000053,Barking and Dagenham 020A,1,0.4540806327152776,0.1135201581788194,True,normal
E01000087,Barking and Dagenham 020B,1,0.0265594135802469,0.01327970679012345,True,normal
E01000088,Barking and Dagenham 020C,0,0.0,,False,A_true_desert
E01000089,Barking and Dagenham 020D,0,0.0,,False,A_true_desert
E01000090,Barking and Dagenham 020E,0,0.0,,False,A_true_desert
E01000049,Barking and Dagenham 021C,1,0.6131431327148917,0.15328578317872293,True,normal
E01000051,Barking and Dagenham 021D,1,0.0,0.0,True,B_underutilised
E01033587,Barking and Dagenham 021E,0,0.0,,False,A_true_desert
E01034479,Barking and Dagenham 021G,1,0.0,0.0,True,B_underutilised
E01000091,Barking and Dagenham 022A,2,0.3372283950586419,0.042153549382330235,True,normal
E01000093,Barking and Dagenham 022B,0,0.0,,False,A_true_desert
E01000094,Barking and Dagenham 022C,0,0.0,,False,A_true_desert
E01000096,Barking and Dagenham 022D,2,0.36113001543209844,0.04892690650720159,True,normal
E01000019,Barking and Dagenham 023A,0,0.0,,False,A_true_desert
E01000020,Barking and Dagenham 023B,0,0.0,,False,A_true_desert
E01000097,Barking and Dagenham 023C,0,0.0,,False,A_true_desert
E01000098,Barking and Dagenham 023D,0,0.0,,False,A_true_desert
E01000099,Barking and Dagenham 023E,0,0.0,,False,A_true_desert
E01032580,Barking and Dagenham 023F,0,0.0,,False,A_true_desert
E01000248,Barnet 001A,26,0.2969953703676693,0.011422898860294973,True,normal
E01000249,Barnet 001B,3,0.0070972222222222,0.0023657407407407334,True,normal
E01000250,Barnet 001C,1,0.0339614197527006,0.0339614197527006,True,normal
E01000254,Barnet 001D,5,0.0988749999988424,0.01977499999976848,True,normal
E01000292,Barnet 001E,1,0.0,0.0,True,B_underutilised
E01000293,Barnet 001F,3,0.0047638888888888,0.0015879629629629334,True,normal
E01000167,Barnet 002A,3,0.0077249228395061,0.0025749742798353665,True,normal
E01000246,Barnet 002B,2,0.1476226851851851,0.07381134259259255,True,normal
E01000247,Barnet 002C,0,0.0,,False,A_true_desert
E01000251,Barnet 002D,6,0.0645054012330245,0.010750900205504085,True,normal
E01000252,Barnet 002E,0,0.0,,False,A_true_desert
E01000166,Barnet 003A,0,0.0,,False,A_true_desert
E01000168,Barnet 003B,0,0.0,,False,A_true_desert
E01000169,Barnet 003C,0,0.0,,False,A_true_desert
E01000172,Barnet 003D,0,0.0,,False,A_true_desert
E01000285,Barnet 004A,3,0.1659992283950616,0.0553330761316872,True,normal
E01000287,Barnet 004B,1,0.0234263117280092,0.0234263117280092,True,normal
E01000288,Barnet 004C,1,0.0020015432098765,0.0020015432098765,True,normal
E01000289,Barnet 004D,1,0.0,0.0,True,B_underutilised
E01000291,Barnet 004E,0,0.0,,False,A_true_desert
E01000294,Barnet 004F,4,0.0137388117280091,0.003434702932002275,True,normal
E01000267,Barnet 005A,1,0.0071153549382716,0.0071153549382716,True,normal
E01000268,Barnet 005B,9,0.9058896604722215,0.053292738338970295,True,normal
E01000269,Barnet 005C,3,0.06772415123456779,0.022574717078189265,True,normal
E01000270,Barnet 005D,3,0.0863912037013887,0.028797067900462898,True,normal
E01000170,Barnet 006A,0,0.0,,False,A_true_desert
E01000171,Barnet 006B,2,0.1477226080243055,0.07386130401215275,True,normal
E01000173,Barnet 006C,6,0.0051087962955246,0.0008514660492541,True,normal
E01000174,Barnet 006D,4,0.3835339506080246,0.051201340662422816,True,normal
E01000175,Barnet 006E,2,0.0508229166662807,0.02541145833314035,True,normal
E01000228,Barnet 007A,1,0.0,0.0,True,B_underutilised
E01000253,Barnet 007B,1,0.0147060185185185,0.0147060185185185,True,normal
E01000279,Barnet 007C,0,0.0,,False,A_true_desert
E01000280,Barnet 007D,0,0.0,,False,A_true_desert
E01000286,Barnet 007E,2,0.1902129629621914,0.0951064814810957,True,normal
E01000290,Barnet 007F,1,0.0080385802469135,0.0080385802469135,True,normal
E01000271,Barnet 008A,2,0.3676782407345675,0.09552758487499988,True,normal
E01000272,Barnet 008B,1,0.0,0.0,True,B_underutilised
E01000273,Barnet 008C,5,0.7382820215887342,0.07382820215887342,True,normal
E01000281,Barnet 008D,0,0.0,,False,A_true_desert
E01000282,Barnet 008E,1,0.0170177469128086,0.0170177469128086,True,normal
E01000115,Barnet 009A,0,0.0,,False,A_true_desert
E01000116,Barnet 009B,6,1.2413387345362652,0.10344489454468876,True,normal
E01000119,Barnet 009C,1,0.0221902006168981,0.0221902006168981,True,normal
E01000120,Barnet 009D,2,0.0080088734567901,0.00400443672839505,True,normal
E01000122,Barnet 009E,1,0.0183788580246913,0.0183788580246913,True,normal
E01000117,Barnet 010A,4,0.4567951388757716,0.05842708333169366,True,normal
E01000118,Barnet 010B,1,0.0,0.0,True,B_underutilised
E01000121,Barnet 010C,0,0.0,,False,A_true_desert
E01000123,Barnet 010D,2,0.0181064814814814,0.0090532407407407,True,normal
E01000124,Barnet 010E,4,0.09302006172723759,0.023255015431809398,True,normal
E01000265,Barnet 011A,2,0.0126006944444444,0.0063003472222222,True,normal
E01000266,Barnet 011B,2,0.049043209876157304,0.024521604938078652,True,normal
E01000274,Barnet 011C,3,0.09672183641898134,0.032240612139660445,True,normal
E01000320,Barnet 011D,4,0.4844174382596454,0.060552179782455674,True,normal
E01000322,Barnet 011E,3,0.0071141975308641,0.0023713991769547,True,normal
E01000275,Barnet 012A,3,0.1040516975297067,0.034683899176568896,True,normal
E01000277,Barnet 012B,3,0.0597588734556326,0.019919624485210865,True,normal
E01000283,Barnet 012C,0,0.0,,False,A_true_desert
E01000284,Barnet 012D,12,0.5810042438217587,0.0304976208844682,True,normal
E01000321,Barnet 012E,11,0.4415312499907407,0.020299593153338943,True,normal
E01000195,Barnet 013A,1,0.0001983024691358,0.0001983024691358,True,normal
E01000229,Barnet 013B,0,0.0,,False,A_true_desert
E01000230,Barnet 013C,5,0.7333522376350309,0.07350432098564814,True,normal
E01000231,Barnet 013D,3,0.040275848765432,0.013425282921810666,True,normal
E01000232,Barnet 013E,1,0.0,0.0,True,B_underutilised
E01000233,Barnet 013F,1,0.0129764660493827,0.0129764660493827,True,normal
E01000186,Barnet 014A,0,0.0,,False,A_true_desert
E01000187,Barnet 014B,1,0.0,0.0,True,B_underutilised
E01000188,Barnet 014C,0,0.0,,False,A_true_desert
E01000189,Barnet 014D,6,0.350641975306327,0.05844032921772117,True,normal
E01000190,Barnet 014E,3,0.0520266203699845,0.017342206789994832,True,normal
E01000191,Barnet 014F,3,0.1176774691323302,0.01961291152205503,True,normal
E01000158,Barnet 015A,7,0.0713707561724536,0.010195822310350515,True,normal
E01000159,Barnet 015B,2,0.0554278549382716,0.0277139274691358,True,normal
E01000160,Barnet 015C,4,0.023928240738811602,0.0059820601847029005,True,normal
E01000161,Barnet 015D,10,0.079804783950617,0.007980478395061701,True,normal
E01000162,Barnet 015E,3,0.4382723765273916,0.0730453960878986,True,normal
E01000324,Barnet 015F,8,0.0075690586419753,0.0009461323302469125,True,normal
E01000256,Barnet 016A,0,0.0,,False,A_true_desert
E01000258,Barnet 016B,0,0.0,,False,A_true_desert
E01000263,Barnet 016C,0,0.0,,False,A_true_desert
E01000264,Barnet 016D,11,2.119040123408179,0.09632097011563552,True,normal
E01000255,Barnet 017A,5,0.0226647376543208,0.00453294753086416,True,normal
E01000257,Barnet 017B,1,0.0,0.0,True,B_underutilised
E01000261,Barnet 017C,0,0.0,,False,A_true_desert
E01033911,Barnet 017E,2,0.013108410493827001,0.0032771026234567503,True,normal
E01033912,Barnet 017F,0,0.0,,False,A_true_desert
E01000192,Barnet 018A,1,0.051848765431327,0.0259243827156635,True,normal
E01000193,Barnet 018B,2,0.0252777777773919,0.01263888888869595,True,normal
E01000194,Barnet 018C,6,1.13574344133912,0.09566644161365094,True,normal
E01000226,Barnet 018D,0,0.0,,False,A_true_desert
E01000227,Barnet 018E,0,0.0,,False,A_true_desert
E01000299,Barnet 019A,9,0.41970447530054006,0.025741962448023816,True,normal
E01000300,Barnet 019B,1,0.0,0.0,True,B_underutilised
E01000302,Barnet 019C,9,0.1257067901215277,0.013967421124614188,True,normal
E01000317,Barnet 019D,8,0.0392550154309411,0.0049068769288676374,True,normal
E01000318,Barnet 019E,8,0.064125771604938,0.00801572145061725,True,normal
E01000323,Barnet 019F,9,1.0458236882496141,0.060202181926075946,True,normal
E01000276,Barnet 020A,0,0.0,,False,A_true_desert
E01000278,Barnet 020B,0,0.0,,False,A_true_desert
E01000301,Barnet 020C,0,0.0,,False,A_true_desert
E01000303,Barnet 020D,4,0.0206894290123455,0.005172357253086375,True,normal
E01000304,Barnet 020E,9,0.0867318672839506,0.009636874142661178,True,normal
E01000130,Barnet 021A,0,0.0,,False,A_true_desert
E01000132,Barnet 021B,0,0.0,,False,A_true_desert
E01000133,Barnet 021C,0,0.0,,False,A_true_desert
E01000234,Barnet 021D,4,0.1928668981427469,0.024108362267843363,True,normal
E01000235,Barnet 021E,0,0.0,,False,A_true_desert
E01000156,Barnet 022A,11,0.16634374999922807,0.015122159090838916,True,normal
E01000157,Barnet 022B,11,0.0695412808630398,0.006321934623912709,True,normal
E01000163,Barnet 022C,5,0.0486778549374998,0.00973557098749996,True,normal
E01000164,Barnet 022D,4,0.0611230709876543,0.015280767746913575,True,normal
E01000165,Barnet 022E,0,0.0,,False,A_true_desert
E01000315,Barnet 022F,1,0.069279706788966,0.069279706788966,True,normal
E01000197,Barnet 023A,9,0.3010999228387344,0.0334555469820816,True,normal
E01000295,Barnet 023B,9,0.5052935956778547,0.056143732853094964,True,normal
E01000296,Barnet 023C,7,0.075465663579475,0.010780809082782143,True,normal
E01000298,Barnet 023D,11,1.0291003086207557,0.051008505189832326,True,normal
E01000127,Barnet 024B,0,0.0,,False,A_true_desert
E01000128,Barnet 024C,0,0.0,,False,A_true_desert
E01000129,Barnet 024D,0,0.0,,False,A_true_desert
E01000131,Barnet 024E,3,0.6578067129517746,0.13548849022440843,True,normal
E01000134,Barnet 024F,0,0.0,,False,A_true_desert
E01033913,Barnet 024G,3,0.28427777777546304,0.09475925925848767,True,normal
E01033914,Barnet 024H,2,0.092158564814429,0.0460792824072145,True,normal
E01000198,Barnet 025A,2,0.0,0.0,True,B_underutilised
E01000199,Barnet 025B,9,0.029473379629629374,0.0032748199588477083,True,normal
E01000204,Barnet 025C,14,0.5223584104903545,0.03731131503502532,True,normal
E01000259,Barnet 025D,2,0.018885802469135703,0.009442901234567851,True,normal
E01000260,Barnet 025E,0,0.0,,False,A_true_desert
E01000126,Barnet 026A,2,0.0040763888888888,0.0020381944444444,True,normal
E01000151,Barnet 026B,0,0.0,,False,A_true_desert
E01000152,Barnet 026C,0,0.0,,False,A_true_desert
E01000153,Barnet 026D,0,0.0,,False,A_true_desert
E01000154,Barnet 026E,0,0.0,,False,A_true_desert
E01000176,Barnet 027A,3,0.0460663580239197,0.0153554526746399,True,normal
E01000178,Barnet 027B,11,0.1688981481450614,0.01535437710409649,True,normal
E01000184,Barnet 027C,2,0.0,0.0,True,B_underutilised
E01000297,Barnet 027D,3,0.0001157407407407,3.8580246913566666e-05,True,normal
E01000316,Barnet 027E,5,0.0703248456790122,0.01406496913580244,True,normal
E01000319,Barnet 027F,7,0.0661033950617281,0.009443342151675443,True,normal
E01000196,Barnet 028A,7,1.1814409722029315,0.10645995921378963,True,normal
E01000200,Barnet 028B,8,0.0894529320983794,0.011181616512297425,True,normal
E01000201,Barnet 028C,4,0.020820216048996802,0.0052050540122492005,True,normal
E01000202,Barnet 028D,5,0.08729398148148144,0.017458796296296288,True,normal
E01000203,Barnet 028E,0,0.0,,False,A_true_desert
E01000177,Barnet 029A,2,0.0137083333333332,0.0068541666666666,True,normal
E01000179,Barnet 029B,10,0.0342199074070213,0.00342199074070213,True,normal
E01000180,Barnet 029C,2,0.0278591820987653,0.01392959104938265,True,normal
E01000181,Barnet 029D,8,0.6007951388796292,0.038965012538001505,True,normal
E01000182,Barnet 029E,13,0.2996612654317126,0.0230508665716702,True,normal
E01000185,Barnet 029F,0,0.0,,False,A_true_desert
E01000239,Barnet 031A,2,0.418092978388117,0.10452324459702925,True,normal
E01000240,Barnet 031B,2,0.23384066357600292,0.06089187885686723,True,normal
E01000241,Barnet 031C,1,0.0211577932098765,0.0211577932098765,True,normal
E01000309,Barnet 031D,4,0.0445960648148147,0.011149016203703675,True,normal
E01000237,Barnet 032A,5,0.4321878857978392,0.043921682098302425,True,normal
E01000242,Barnet 032B,1,0.0022681327160493,0.0022681327160493,True,normal
E01000243,Barnet 032C,3,0.3822403549282404,0.06370672582137339,True,normal
E01000244,Barnet 032D,4,0.020994984567901,0.00524874614197525,True,normal
E01000245,Barnet 032E,7,0.7382503857851076,0.05304533178888334,True,normal
E01000314,Barnet 032F,11,1.036143518494985,0.04933005401127597,True,normal
E01000183,Barnet 033A,16,0.042858410493827,0.0026786506558641875,True,normal
E01000206,Barnet 033B,3,0.056537422839506,0.018845807613168668,True,normal
E01000207,Barnet 033C,11,0.2107110339417433,0.019155548540158482,True,normal
E01000208,Barnet 033D,4,0.0631327160493826,0.01578317901234565,True,normal
E01000210,Barnet 033E,10,0.0642245370362652,0.00642245370362652,True,normal
E01000213,Barnet 033F,1,0.0,0.0,True,B_underutilised
E01000236,Barnet 034A,3,0.0064081790123456,0.0021360596707818667,True,normal
E01000238,Barnet 034B,13,0.0330108024691354,0.0025392924976258002,True,normal
E01000310,Barnet 034C,11,0.4753252314760801,0.021605692339821823,True,normal
E01000311,Barnet 034D,6,0.065261188271219,0.010876864711869834,True,normal
E01000205,Barnet 035A,15,0.1642156635787031,0.010947710905246873,True,normal
E01000209,Barnet 035B,27,0.37287461419560053,0.013810170896133353,True,normal
E01000211,Barnet 035C,27,2.2943379629054785,0.04348665409129944,True,normal
E01000212,Barnet 035D,13,0.1715910493827157,0.01319931149097813,True,normal
E01000216,Barnet 035E,12,0.05453202160378056,0.00454433513364838,True,normal
E01000217,Barnet 035F,4,0.182422839505787,0.04560570987644675,True,normal
E01000150,Barnet 036A,1,0.0189259259255401,0.0189259259255401,True,normal
E01000305,Barnet 036B,3,0.08570717592592579,0.028569058641975262,True,normal
E01000306,Barnet 036C,3,0.1278418209876542,0.042613940329218065,True,normal
E01000308,Barnet 036D,1,0.0,0.0,True,B_underutilised
E01000312,Barnet 036E,0,0.0,,False,A_true_desert
E01000313,Barnet 036F,3,0.0349826388888888,0.0116608796296296,True,normal
E01000145,Barnet 037A,10,0.108810185185185,0.0108810185185185,True,normal
E01000215,Barnet 037B,6,0.0402719907407406,0.0067119984567901,True,normal
E01000218,Barnet 037C,8,0.9011535493599532,0.05694907407262727,True,normal
E01000219,Barnet 037D,3,0.0,0.0,True,B_underutilised
E01000220,Barnet 037E,11,0.0938969907403546,0.008536090067304963,True,normal
E01000225,Barnet 037F,3,0.0,0.0,True,B_underutilised
E01000135,Barnet 038A,6,0.3984382716033949,0.06640637860056582,True,normal
E01000136,Barnet 038B,6,0.1323788580239196,0.0220631430039866,True,normal
E01000144,Barnet 038C,3,0.0954429012326388,0.0318143004108796,True,normal
E01000146,Barnet 038D,5,0.0446570216045523,0.00893140432091046,True,normal
E01000214,Barnet 038E,7,0.0819834104934411,0.0117119157847773,True,normal
E01000141,Barnet 039A,6,0.0369402006145831,0.0061567001024305165,True,normal
E01000221,Barnet 039B,2,0.0,0.0,True,B_underutilised
E01000223,Barnet 039C,1,0.0,0.0,True,B_underutilised
E01000307,Barnet 039D,5,0.1692631172824074,0.033852623456481476,True,normal
E01000138,Barnet 040A,3,0.035347222221450494,0.011782407407150164,True,normal
E01000142,Barnet 040B,7,0.2263190586412034,0.03233129409160049,True,normal
E01000222,Barnet 040C,1,0.0131558641975308,0.0131558641975308,True,normal
E01000224,Barnet 040D,2,0.0125945216049382,0.0062972608024691,True,normal
E01000137,Barnet 041A,7,0.0804996141971448,0.0114999448853064,True,normal
E01000139,Barnet 041B,8,0.28413117283834866,0.03551639660479358,True,normal
E01000140,Barnet 041C,7,0.696824845667438,0.0499763833765983,True,normal
E01000143,Barnet 041D,4,0.4838765432021607,0.06482904127989972,True,normal
E01033915,Barnet 042A,0,0.0,,False,A_true_desert
E01033916,Barnet 042B,6,0.08304668209760788,0.008588284464859805,True,normal
E01033917,Barnet 042C,0,0.0,,False,A_true_desert
E01033918,Barnet 042D,5,0.030932870370370298,0.00309328703703703,True,normal
E01033919,Barnet 042E,0,0.0,,False,A_true_desert
E01033920,Barnet 042F,5,0.0,0.0,True,B_underutilised
E01000147,Barnet 043F,3,0.49162152776890417,0.08193692129481736,True,normal
E01033921,Barnet 043A,0,0.0,,False,A_true_desert
E01033922,Barnet 043B,10,0.8715327932064035,0.005267694716755164,True,normal
E01033923,Barnet 043C,0,0.0,,False,A_true_desert
E01033924,Barnet 043D,0,0.0,,False,A_true_desert
E01033925,Barnet 043E,3,0.4383804012287808,0.0730634002047968,True,normal
E01000466,Bexley 001A,0,0.0,,False,A_true_desert
E01000467,Bexley 001B,1,0.204687114197145,0.204687114197145,True,normal
E01000468,Bexley 001C,1,0.0,0.0,True,B_underutilised
E01000469,Bexley 001D,0,0.0,,False,A_true_desert
E01000416,Bexley 002A,2,0.14151195987654308,0.07075597993827154,True,normal
E01000418,Bexley 002B,0,0.0,,False,A_true_desert
E01000422,Bexley 002C,1,0.0,0.0,True,B_underutilised
E01000464,Bexley 002D,0,0.0,,False,A_true_desert
E01000465,Bexley 002E,1,0.0,0.0,True,B_underutilised
E01000470,Bexley 002F,0,0.0,,False,A_true_desert
E01000333,Bexley 003A,4,0.1528113425922066,0.02649262152768129,True,normal
E01000335,Bexley 003B,1,0.1165821759259259,0.1165821759259259,True,normal
E01000336,Bexley 003C,0,0.0,,False,A_true_desert
E01000337,Bexley 003D,3,0.3858973765412807,0.12863245884709357,True,normal
E01000338,Bexley 003E,0,0.0,,False,A_true_desert
E01000403,Bexley 004A,1,0.1147854938263888,0.0573927469131944,True,normal
E01000404,Bexley 004B,0,0.0,,False,A_true_desert
E01000405,Bexley 004C,0,0.0,,False,A_true_desert
E01000408,Bexley 004D,0,0.0,,False,A_true_desert
E01000332,Bexley 005A,1,0.0,0.0,True,B_underutilised
E01000402,Bexley 005B,0,0.0,,False,A_true_desert
E01000406,Bexley 005C,1,0.0397372685185185,0.0397372685185185,True,normal
E01000407,Bexley 005D,1,0.0664529320983796,0.0664529320983796,True,normal
E01000334,Bexley 006A,0,0.0,,False,A_true_desert
E01000417,Bexley 006B,0,0.0,,False,A_true_desert
E01000419,Bexley 006C,1,0.17024189814776228,0.08512094907388114,True,normal
E01000420,Bexley 006D,0,0.0,,False,A_true_desert
E01000442,Bexley 006E,1,1.2731481095679012e-05,1.2731481095679012e-05,True,normal
E01000437,Bexley 007A,0,0.0,,False,A_true_desert
E01000438,Bexley 007B,1,0.0434386574074074,0.0434386574074074,True,normal
E01000439,Bexley 007C,0,0.0,,False,A_true_desert
E01000440,Bexley 007D,0,0.0,,False,A_true_desert
E01000441,Bexley 007E,0,0.0,,False,A_true_desert
E01000373,Bexley 008A,0,0.0,,False,A_true_desert
E01000429,Bexley 008B,0,0.0,,False,A_true_desert
E01000430,Bexley 008C,1,0.0,0.0,True,B_underutilised
E01000431,Bexley 008D,1,0.0001157407407407,0.0001157407407407,True,normal
E01000433,Bexley 008F,0,0.0,,False,A_true_desert
E01000434,Bexley 008G,1,0.012426311728395,0.012426311728395,True,normal
E01033789,Bexley 008H,1,0.087569444443287,0.087569444443287,True,normal
E01033790,Bexley 008I,3,0.0233271604934412,0.0077757201644804005,True,normal
E01000356,Bexley 009A,1,0.0005,0.0005,True,normal
E01000357,Bexley 009B,1,1.1574074074074074e-06,1.1574074074074074e-06,True,normal
E01000359,Bexley 009C,0,0.0,,False,A_true_desert
E01000421,Bexley 009D,0,0.0,,False,A_true_desert
E01000450,Bexley 009E,1,0.0290725308641975,0.0290725308641975,True,normal
E01000451,Bexley 009F,3,0.0148202160493827,0.0049400720164609,True,normal
E01000452,Bexley 009G,2,0.023408179012345598,0.011704089506172799,True,normal
E01000367,Bexley 010A,0,0.0,,False,A_true_desert
E01000368,Bexley 010B,0,0.0,,False,A_true_desert
E01000372,Bexley 010C,0,0.0,,False,A_true_desert
E01000380,Bexley 010D,0,0.0,,False,A_true_desert
E01000435,Bexley 010E,1,0.0127206790123455,0.00636033950617275,True,normal
E01000353,Bexley 011A,1,0.0198761574074074,0.0198761574074074,True,normal
E01000354,Bexley 011B,2,0.0694016203703703,0.017350405092592575,True,normal
E01000355,Bexley 011C,1,0.0,0.0,True,B_underutilised
E01000358,Bexley 011D,0,0.0,,False,A_true_desert
E01000436,Bexley 011E,0,0.0,,False,A_true_desert
E01000401,Bexley 013A,0,0.0,,False,A_true_desert
E01000453,Bexley 013B,1,0.004186728395061641,0.0020933641975308206,True,normal
E01000454,Bexley 013C,0,0.0,,False,A_true_desert
E01000455,Bexley 013D,2,0.0439776234560185,0.02198881172800925,True,normal
E01000456,Bexley 013E,0,0.0,,False,A_true_desert
E01000325,Bexley 014A,0,0.0,,False,A_true_desert
E01000326,Bexley 014B,0,0.0,,False,A_true_desert
E01000369,Bexley 014C,1,0.0049648919753086,0.0049648919753086,True,normal
E01000370,Bexley 014D,0,0.0,,False,A_true_desert
E01000371,Bexley 014E,0,0.0,,False,A_true_desert
E01000360,Bexley 015A,3,0.0764849537029319,0.0128694701644804,True,normal
E01000362,Bexley 015B,1,0.0058499228391203,0.0058499228391203,True,normal
E01000365,Bexley 015C,0,0.0,,False,A_true_desert
E01000366,Bexley 015D,1,0.0018834876543209,0.0018834876543209,True,normal
E01000394,Bexley 015E,0,0.0,,False,A_true_desert
E01000388,Bexley 016A,0,0.0,,False,A_true_desert
E01000392,Bexley 016B,0,0.0,,False,A_true_desert
E01000409,Bexley 016C,0,0.0,,False,A_true_desert
E01000411,Bexley 016D,0,0.0,,False,A_true_desert
E01000414,Bexley 016E,0,0.0,,False,A_true_desert
E01000415,Bexley 016F,0,0.0,,False,A_true_desert
E01000327,Bexley 017A,0,0.0,,False,A_true_desert
E01000328,Bexley 017B,0,0.0,,False,A_true_desert
E01000329,Bexley 017C,1,0.0,0.0,True,B_underutilised
E01000330,Bexley 017D,0,0.0,,False,A_true_desert
E01000331,Bexley 017E,0,0.0,,False,A_true_desert
E01000340,Bexley 018A,2,0.0001184413580246,5.92206790123e-05,True,normal
E01000395,Bexley 018B,3,0.0070362654320987,0.0023454218106995664,True,normal
E01000396,Bexley 018C,2,0.019176697530864102,0.009588348765432051,True,normal
E01000410,Bexley 018D,2,0.0865667438267745,0.02603867669743435,True,normal
E01000412,Bexley 018E,1,0.0,0.0,True,B_underutilised
E01000413,Bexley 018F,2,0.030023533949845502,0.00753481867264655,True,normal
E01000374,Bexley 019A,1,0.0,0.0,True,B_underutilised
E01000375,Bexley 019B,0,0.0,,False,A_true_desert
E01000376,Bexley 019C,0,0.0,,False,A_true_desert
E01000377,Bexley 019D,3,0.0383429783939043,0.0127809927979681,True,normal
E01000379,Bexley 019F,0,0.0,,False,A_true_desert
E01033791,Bexley 019G,2,0.0,0.0,True,B_underutilised
E01033792,Bexley 019H,0,0.0,,False,A_true_desert
E01000348,Bexley 020A,0,0.0,,False,A_true_desert
E01000349,Bexley 020B,0,0.0,,False,A_true_desert
E01000361,Bexley 020C,0,0.0,,False,A_true_desert
E01000363,Bexley 020D,0,0.0,,False,A_true_desert
E01000389,Bexley 020E,0,0.0,,False,A_true_desert
E01000390,Bexley 020F,2,0.06742052469135801,0.033710262345679004,True,normal
E01000393,Bexley 020G,3,0.024946373455632602,0.008315457818544201,True,normal
E01000346,Bexley 021A,3,0.1677337962943671,0.04767245370325355,True,normal
E01000347,Bexley 021B,0,0.0,,False,A_true_desert
E01000350,Bexley 021C,0,0.0,,False,A_true_desert
E01000352,Bexley 021D,0,0.0,,False,A_true_desert
E01000391,Bexley 021E,0,0.0,,False,A_true_desert
E01000341,Bexley 022A,2,0.03435146604861094,0.008604938271411993,True,normal
E01000342,Bexley 022B,0,0.0,,False,A_true_desert
E01000343,Bexley 022C,0,0.0,,False,A_true_desert
E01000345,Bexley 022D,0,0.0,,False,A_true_desert
E01000460,Bexley 022E,1,0.0308456790123456,0.0308456790123456,True,normal
E01000364,Bexley 023A,1,0.0016454475308641,0.0016454475308641,True,normal
E01000444,Bexley 023B,0,0.0,,False,A_true_desert
E01000447,Bexley 023C,1,0.0088476080235339,0.0088476080235339,True,normal
E01000448,Bexley 023D,1,0.0,0.0,True,B_underutilised
E01000449,Bexley 023E,2,0.0027735339506172,0.0013867669753086,True,normal
E01000351,Bexley 024A,1,0.0,0.0,True,B_underutilised
E01000443,Bexley 024B,0,0.0,,False,A_true_desert
E01000445,Bexley 024C,1,0.0,0.0,True,B_underutilised
E01000446,Bexley 024D,0,0.0,,False,A_true_desert
E01000461,Bexley 024E,0,0.0,,False,A_true_desert
E01000339,Bexley 025A,0,0.0,,False,A_true_desert
E01000344,Bexley 025B,1,0.0133360339502314,0.0133360339502314,True,normal
E01000423,Bexley 025C,0,0.0,,False,A_true_desert
E01000425,Bexley 025D,0,0.0,,False,A_true_desert
E01000463,Bexley 025E,0,0.0,,False,A_true_desert
E01000424,Bexley 026A,1,0.028490740739969,0.0142453703699845,True,normal
E01000426,Bexley 026B,2,0.026412037037037,0.0132060185185185,True,normal
E01000427,Bexley 026C,0,0.0,,False,A_true_desert
E01000457,Bexley 026D,0,0.0,,False,A_true_desert
E01000462,Bexley 026E,0,0.0,,False,A_true_desert
E01000382,Bexley 027A,0,0.0,,False,A_true_desert
E01000384,Bexley 027B,4,0.052167824074073804,0.0073987750771604376,True,normal
E01000387,Bexley 027C,0,0.0,,False,A_true_desert
E01000428,Bexley 027D,0,0.0,,False,A_true_desert
E01000458,Bexley 027E,2,0.0516504629629628,0.02447598379629625,True,normal
E01000459,Bexley 027F,0,0.0,,False,A_true_desert
E01000381,Bexley 028A,0,0.0,,False,A_true_desert
E01000383,Bexley 028B,1,0.0,0.0,True,B_underutilised
E01000385,Bexley 028C,2,0.0,0.0,True,B_underutilised
E01000386,Bexley 028D,1,0.0076049382716049,0.0076049382716049,True,normal
E01000398,Bexley 029A,0,0.0,,False,A_true_desert
E01000399,Bexley 029B,3,0.0337164351844134,0.0056194058640689,True,normal
E01000400,Bexley 029C,1,0.0,0.0,True,B_underutilised
E01032566,Bexley 029D,0,0.0,,False,A_true_desert
E01000587,Brent 001A,2,0.038552083333333195,0.009638020833333299,True,normal
E01000589,Brent 001B,0,0.0,,False,A_true_desert
E01000590,Brent 001C,4,0.0087175925925925,0.002179398148148125,True,normal
E01000592,Brent 001D,1,0.0188680555555555,0.0188680555555555,True,normal
E01000593,Brent 001E,0,0.0,,False,A_true_desert
E01000594,Brent 001F,2,0.060307098765046196,0.015076774691261549,True,normal
E01000513,Brent 002A,3,0.0504768518514659,0.01013406635796035,True,normal
E01000514,Brent 002B,1,0.0,0.0,True,B_underutilised
E01000516,Brent 002C,4,0.0099907407407406,0.00249768518518515,True,normal
E01000520,Brent 002D,2,0.0,0.0,True,B_underutilised
E01033929,Brent 002F,0,0.0,,False,A_true_desert
E01033930,Brent 002G,3,0.0076570216049382,0.0025523405349794,True,normal
E01000515,Brent 003A,0,0.0,,False,A_true_desert
E01000517,Brent 003B,0,0.0,,False,A_true_desert
E01000543,Brent 003E,0,0.0,,False,A_true_desert
E01000591,Brent 003F,2,0.0321006944444444,0.0080251736111111,True,normal
E01033463,Brent 003G,0,0.0,,False,A_true_desert
E01000536,Brent 004A,1,0.0338132716049382,0.0169066358024691,True,normal
E01000538,Brent 004B,1,0.0087079475304783,0.0087079475304783,True,normal
E01000539,Brent 004C,1,0.0,0.0,True,B_underutilised
E01000540,Brent 004D,0,0.0,,False,A_true_desert
E01000541,Brent 004E,0,0.0,,False,A_true_desert
E01000518,Brent 005A,2,0.0040027006172839,0.00200135030864195,True,normal
E01000519,Brent 005B,3,0.0591944444436727,0.011222479423611065,True,normal
E01000623,Brent 005C,0,0.0,,False,A_true_desert
E01000624,Brent 005D,1,0.0349081790123456,0.0174540895061728,True,normal
E01000629,Brent 005E,0,0.0,,False,A_true_desert
E01000480,Brent 006A,0,0.0,,False,A_true_desert
E01000484,Brent 006B,0,0.0,,False,A_true_desert
E01000485,Brent 006C,0,0.0,,False,A_true_desert
E01000486,Brent 006D,0,0.0,,False,A_true_desert
E01000487,Brent 006E,2,0.00033834876543200004,0.00016917438271600002,True,normal
E01000572,Brent 007A,0,0.0,,False,A_true_desert
E01000573,Brent 007B,1,0.0,0.0,True,B_underutilised
E01000574,Brent 007C,1,0.051922067900462804,0.025961033950231402,True,normal
E01000575,Brent 007D,1,0.0,0.0,True,B_underutilised
E01000577,Brent 007E,2,0.0054552469131944,0.0027276234565972,True,normal
E01000562,Brent 008A,0,0.0,,False,A_true_desert
E01000563,Brent 008B,0,0.0,,False,A_true_desert
E01000566,Brent 008C,0,0.0,,False,A_true_desert
E01000568,Brent 008D,0,0.0,,False,A_true_desert
E01000569,Brent 008E,0,0.0,,False,A_true_desert
E01000479,Brent 009A,1,0.0,0.0,True,B_underutilised
E01000481,Brent 009B,1,0.0,0.0,True,B_underutilised
E01000483,Brent 009D,1,0.085141589505787,0.0425707947528935,True,normal
E01000625,Brent 009E,3,0.08215856481442889,0.027386188271476295,True,normal
E01033931,Brent 009F,1,0.1419540894926696,0.0709770447463348,True,normal
E01033932,Brent 009G,1,0.0,0.0,True,B_underutilised
E01000498,Brent 010B,0,0.0,,False,A_true_desert
E01000622,Brent 010D,0,0.0,,False,A_true_desert
E01000626,Brent 010E,0,0.0,,False,A_true_desert
E01033933,Brent 010G,1,0.0,0.0,True,B_underutilised
E01033934,Brent 010H,1,0.0,0.0,True,B_underutilised
E01000497,Brent 011A,3,0.0287542438271604,0.0047923739711934,True,normal
E01000499,Brent 011B,0,0.0,,False,A_true_desert
E01000501,Brent 011C,0,0.0,,False,A_true_desert
E01000502,Brent 011D,3,0.0910239197530862,0.015170653292181034,True,normal
E01000503,Brent 011E,0,0.0,,False,A_true_desert
E01000570,Brent 012A,0,0.0,,False,A_true_desert
E01000571,Brent 012B,0,0.0,,False,A_true_desert
E01000576,Brent 012C,2,0.0001539351851851,7.696759259255e-05,True,normal
E01000578,Brent 012D,3,0.1065366512330245,0.02031691529458159,True,normal
E01000564,Brent 013A,0,0.0,,False,A_true_desert
E01000565,Brent 013B,0,0.0,,False,A_true_desert
E01000607,Brent 013C,3,0.0012091049378857,0.0004030349792952333,True,normal
E01000608,Brent 013D,2,0.0345347222222222,0.0172673611111111,True,normal
E01000613,Brent 013E,1,0.0,0.0,True,B_underutilised
E01000506,Brent 014A,11,0.09084799382716019,0.008258908529741836,True,normal
E01000509,Brent 014B,1,0.0,0.0,True,B_underutilised
E01000510,Brent 014C,3,0.320622685167824,0.05598212448270317,True,normal
E01000511,Brent 014D,21,0.11106558641859539,0.005288837448504542,True,normal
E01000627,Brent 014E,2,0.1063641975304783,0.017727366255079716,True,normal
E01000628,Brent 014F,1,0.0447974537033178,0.0223987268516589,True,normal
E01000553,Brent 015A,11,0.1120628858001537,0.00863005050487509,True,normal
E01000554,Brent 015B,5,0.1590482253074844,0.02172685185165893,True,normal
E01000555,Brent 015C,9,0.0440189043202158,0.004890989368912867,True,normal
E01000556,Brent 015D,1,0.0,0.0,True,B_underutilised
E01000557,Brent 015E,9,0.1209664351847991,0.013440715020533234,True,normal
E01000558,Brent 015F,6,0.05252121913503066,0.006505401234439277,True,normal
E01000567,Brent 016A,3,0.07397222222029301,0.024657407406764337,True,normal
E01000606,Brent 016B,5,0.0986084104930553,0.01972168209861106,True,normal
E01000609,Brent 016C,0,0.0,,False,A_true_desert
E01000611,Brent 016D,0,0.0,,False,A_true_desert
E01000504,Brent 018A,6,0.010877700616898005,0.0018129501028163342,True,normal
E01000505,Brent 018B,4,0.0327384259259258,0.00818460648148145,True,normal
E01000507,Brent 018C,4,0.0190258487646603,0.004756462191165075,True,normal
E01000512,Brent 018D,10,0.3823128857970674,0.03316392746864708,True,normal
E01000559,Brent 018E,1,0.0158271604938271,0.0158271604938271,True,normal
E01000610,Brent 019A,3,0.0,0.0,True,B_underutilised
E01000612,Brent 019B,0,0.0,,False,A_true_desert
E01000631,Brent 019C,9,0.0211736111111109,0.0023526234567901,True,normal
E01000633,Brent 019D,4,0.022467592592206702,0.0056168981480516755,True,normal
E01000634,Brent 019E,5,0.1628418209864968,0.03256836419729936,True,normal
E01000616,Brent 020A,12,0.2699614197515427,0.016013647762265267,True,normal
E01000620,Brent 020B,1,0.0,0.0,True,B_underutilised
E01000621,Brent 020C,1,0.0370405092588733,0.01852025462943665,True,normal
E01000636,Brent 020E,0,0.0,,False,A_true_desert
E01033935,Brent 020F,3,0.036999228395061694,0.01233307613168723,True,normal
E01033936,Brent 020G,3,0.1210501543206017,0.04035005144020057,True,normal
E01000596,Brent 021A,4,0.14748881172492279,0.036872202931230696,True,normal
E01000601,Brent 021B,0,0.0,,False,A_true_desert
E01000602,Brent 021C,0,0.0,,False,A_true_desert
E01000603,Brent 021D,0,0.0,,False,A_true_desert
E01000604,Brent 021E,0,0.0,,False,A_true_desert
E01000605,Brent 021F,1,0.0,0.0,True,B_underutilised
E01000488,Brent 022A,4,0.14551929012307072,0.014811985596675625,True,normal
E01000637,Brent 022B,14,0.3303726851840273,0.023598048941716236,True,normal
E01000639,Brent 022C,14,0.170667438268904,0.012190531304921714,True,normal
E01000642,Brent 022D,10,0.14298919752932074,0.014298919752932075,True,normal
E01000644,Brent 022E,23,0.2704039351832555,0.009681872316072839,True,normal
E01000490,Brent 023A,3,0.07321141975231449,0.01672961676935435,True,normal
E01000494,Brent 023B,0,0.0,,False,A_true_desert
E01000495,Brent 023C,3,0.28045486108063256,0.057162229933191845,True,normal
E01000560,Brent 023D,10,0.069991512344521,0.0069991512344521,True,normal
E01000561,Brent 023E,4,0.038466435184799294,0.009616608796199824,True,normal
E01000638,Brent 024A,7,0.0096408179008486,0.0013772597001212286,True,normal
E01000640,Brent 024B,18,0.1328387345667433,0.007379929698152406,True,normal
E01000641,Brent 024C,9,0.0571523919741508,0.006350265774905644,True,normal
E01000643,Brent 024D,4,0.14940354938155842,0.0257452256942515,True,normal
E01000508,Brent 025A,8,0.13828086419637312,0.009936029127989932,True,normal
E01000521,Brent 025B,3,0.0647033179008487,0.02156777263361623,True,normal
E01000522,Brent 025C,4,0.0976643518503085,0.024416087962577125,True,normal
E01000526,Brent 025D,3,0.0544714506172838,0.009078575102880633,True,normal
E01000527,Brent 025E,9,0.3716419753063268,0.04129355281181409,True,normal
E01000528,Brent 025F,2,0.1279594907403548,0.02132658179005913,True,normal
E01000471,Brent 026A,0,0.0,,False,A_true_desert
E01000474,Brent 026B,0,0.0,,False,A_true_desert
E01000476,Brent 026C,0,0.0,,False,A_true_desert
E01000477,Brent 026D,0,0.0,,False,A_true_desert
E01000630,Brent 026E,1,0.0390760030864196,0.0195380015432098,True,normal
E01000595,Brent 027A,6,0.4445713734556324,0.06345045653276102,True,normal
E01000599,Brent 027D,1,0.0466022376543209,0.02330111882716045,True,normal
E01033456,Brent 027F,3,0.0215543981481481,0.007184799382716034,True,normal
E01033937,Brent 027G,2,0.0,0.0,True,B_underutilised
E01033938,Brent 027H,3,0.1881701388877311,0.025959533607553098,True,normal
E01033939,Brent 027I,1,0.028829861111111,0.0144149305555555,True,normal
E01000545,Brent 028A,8,0.0781778549374997,0.009772231867187462,True,normal
E01000546,Brent 028B,13,0.1531396604930553,0.010440868352282156,True,normal
E01000547,Brent 028C,18,0.2036836419699068,0.011315757887217044,True,normal
E01000548,Brent 028D,3,0.0436658950617283,0.014555298353909433,True,normal
E01000549,Brent 028E,4,0.17793364197492256,0.02919489454722861,True,normal
E01000472,Brent 029A,0,0.0,,False,A_true_desert
E01000473,Brent 029B,2,0.2625081018364197,0.08214023919357638,True,normal
E01000475,Brent 029C,0,0.0,,False,A_true_desert
E01000478,Brent 029D,0,0.0,,False,A_true_desert
E01000632,Brent 029E,3,0.0539899691358023,0.017996656378600765,True,normal
E01000489,Brent 030A,6,0.1285887345671295,0.02143145576118825,True,normal
E01000491,Brent 030B,11,0.37781520061496865,0.03182343106981853,True,normal
E01000492,Brent 030C,4,0.0218827160489969,0.005470679012249225,True,normal
E01000493,Brent 030D,4,0.0036581790119598,0.00091454475298995,True,normal
E01000581,Brent 030E,20,0.09109529320833269,0.004554764660416635,True,normal
E01000523,Brent 031A,5,0.1494483024687499,0.02988966049374998,True,normal
E01000524,Brent 031B,3,0.10988348765432081,0.0206287937242798,True,normal
E01000525,Brent 031C,4,0.0656651234548609,0.016416280863715226,True,normal
E01000533,Brent 031E,7,0.1652079475293207,0.015833498677064926,True,normal
E01000535,Brent 031F,11,0.13796257715972188,0.012542052469065625,True,normal
E01033455,Brent 031G,0,0.0,,False,A_true_desert
E01033485,Brent 031H,14,0.3463881172604162,0.015631710206321613,True,normal
E01000579,Brent 032A,20,0.2128202160482246,0.009451784336371494,True,normal
E01000580,Brent 032B,35,0.5238506944378845,0.014109617504238281,True,normal
E01000582,Brent 032C,37,0.4812229938217577,0.012672427635828497,True,normal
E01000583,Brent 032D,14,0.2572168209861103,0.01675176366833843,True,normal
E01000586,Brent 032E,6,0.13147723765162012,0.017999903549029025,True,normal
E01000530,Brent 033A,21,0.141373842590663,0.006732087742412523,True,normal
E01000531,Brent 033B,21,0.4696176697511568,0.022362746178626516,True,normal
E01000532,Brent 033C,15,0.11339544753009217,0.007559696502006145,True,normal
E01000534,Brent 033D,15,0.062064814814428805,0.00413765432096192,True,normal
E01000584,Brent 033E,5,0.08801929012307082,0.012240624999922813,True,normal
E01000585,Brent 033F,6,0.0823796296280861,0.013729938271347684,True,normal
E01000544,Brent 034A,6,0.031598765432098504,0.005266460905349751,True,normal
E01000550,Brent 034B,4,0.07216666666628067,0.009598717206741866,True,normal
E01000551,Brent 034C,10,0.044556327160493694,0.004455632716049369,True,normal
E01000552,Brent 034D,5,0.093774305554398,0.01691118827137343,True,normal
E01033457,Brent 035A,0,0.0,,False,A_true_desert
E01033940,Brent 035B,0,0.0,,False,A_true_desert
E01033941,Brent 035C,0,0.0,,False,A_true_desert
E01033942,Brent 035D,0,0.0,,False,A_true_desert
E01000615,Brent 036A,1,0.0,0.0,True,B_underutilised
E01000617,Brent 036B,1,0.0,0.0,True,B_underutilised
E01000618,Brent 036D,0,0.0,,False,A_true_desert
E01000619,Brent 036C,0,0.0,,False,A_true_desert
E01000779,Bromley 001A,0,0.0,,False,A_true_desert
E01000780,Bromley 001B,0,0.0,,False,A_true_desert
E01000781,Bromley 001C,0,0.0,,False,A_true_desert
E01000782,Bromley 001D,0,0.0,,False,A_true_desert
E01000783,Bromley 001E,0,0.0,,False,A_true_desert
E01000785,Bromley 001F,0,0.0,,False,A_true_desert
E01000689,Bromley 002A,0,0.0,,False,A_true_desert
E01000690,Bromley 002B,0,0.0,,False,A_true_desert
E01000691,Bromley 002C,0,0.0,,False,A_true_desert
E01000692,Bromley 002D,0,0.0,,False,A_true_desert
E01000784,Bromley 002E,0,0.0,,False,A_true_desert
E01000799,Bromley 004A,1,0.1570108024687499,0.07850540123437495,True,normal
E01000802,Bromley 004B,0,0.0,,False,A_true_desert
E01000803,Bromley 004C,0,0.0,,False,A_true_desert
E01000804,Bromley 004D,0,0.0,,False,A_true_desert
E01000805,Bromley 004E,0,0.0,,False,A_true_desert
E01000741,Bromley 005B,0,0.0,,False,A_true_desert
E01000742,Bromley 005C,0,0.0,,False,A_true_desert
E01000745,Bromley 005D,0,0.0,,False,A_true_desert
E01000746,Bromley 005E,0,0.0,,False,A_true_desert
E01034383,Bromley 005F,0,0.0,,False,A_true_desert
E01034384,Bromley 005G,0,0.0,,False,A_true_desert
E01000709,Bromley 006A,0,0.0,,False,A_true_desert
E01000710,Bromley 006B,0,0.0,,False,A_true_desert
E01000711,Bromley 006C,0,0.0,,False,A_true_desert
E01000714,Bromley 006D,0,0.0,,False,A_true_desert
E01000718,Bromley 006E,0,0.0,,False,A_true_desert
E01000645,Bromley 007A,0,0.0,,False,A_true_desert
E01000649,Bromley 007B,0,0.0,,False,A_true_desert
E01000694,Bromley 007C,0,0.0,,False,A_true_desert
E01000695,Bromley 007D,0,0.0,,False,A_true_desert
E01000696,Bromley 007E,0,0.0,,False,A_true_desert
E01000697,Bromley 007F,0,0.0,,False,A_true_desert
E01000674,Bromley 008A,0,0.0,,False,A_true_desert
E01000676,Bromley 008B,0,0.0,,False,A_true_desert
E01000820,Bromley 008C,0,0.0,,False,A_true_desert
E01000822,Bromley 008D,0,0.0,,False,A_true_desert
E01000823,Bromley 008E,0,0.0,,False,A_true_desert
E01000824,Bromley 008F,0,0.0,,False,A_true_desert
E01000825,Bromley 008G,0,0.0,,False,A_true_desert
E01000743,Bromley 009A,0,0.0,,False,A_true_desert
E01000744,Bromley 009B,0,0.0,,False,A_true_desert
E01000796,Bromley 009C,0,0.0,,False,A_true_desert
E01000798,Bromley 009D,0,0.0,,False,A_true_desert
E01000800,Bromley 009E,0,0.0,,False,A_true_desert
E01000806,Bromley 009F,1,0.5168306327098765,0.25841531635493825,True,normal
E01000693,Bromley 010A,0,0.0,,False,A_true_desert
E01000698,Bromley 010B,0,0.0,,False,A_true_desert
E01000736,Bromley 010C,0,0.0,,False,A_true_desert
E01000737,Bromley 010D,0,0.0,,False,A_true_desert
E01000672,Bromley 011A,0,0.0,,False,A_true_desert
E01000673,Bromley 011B,0,0.0,,False,A_true_desert
E01000716,Bromley 011C,0,0.0,,False,A_true_desert
E01000717,Bromley 011D,0,0.0,,False,A_true_desert
E01000828,Bromley 011E,1,0.0351496913576388,0.0351496913576388,True,normal
E01000712,Bromley 012A,0,0.0,,False,A_true_desert
E01000713,Bromley 012B,0,0.0,,False,A_true_desert
E01000715,Bromley 012C,0,0.0,,False,A_true_desert
E01000770,Bromley 012D,0,0.0,,False,A_true_desert
E01000772,Bromley 012E,0,0.0,,False,A_true_desert
E01000700,Bromley 013A,0,0.0,,False,A_true_desert
E01000702,Bromley 013B,0,0.0,,False,A_true_desert
E01000703,Bromley 013C,0,0.0,,False,A_true_desert
E01000706,Bromley 013D,0,0.0,,False,A_true_desert
E01000797,Bromley 013E,0,0.0,,False,A_true_desert
E01000729,Bromley 014A,0,0.0,,False,A_true_desert
E01000730,Bromley 014B,0,0.0,,False,A_true_desert
E01000735,Bromley 014C,0,0.0,,False,A_true_desert
E01000738,Bromley 014D,0,0.0,,False,A_true_desert
E01000739,Bromley 014E,0,0.0,,False,A_true_desert
E01000699,Bromley 015A,0,0.0,,False,A_true_desert
E01000701,Bromley 015B,0,0.0,,False,A_true_desert
E01000704,Bromley 015C,0,0.0,,False,A_true_desert
E01000705,Bromley 015D,0,0.0,,False,A_true_desert
E01000801,Bromley 015E,0,0.0,,False,A_true_desert
E01000646,Bromley 016A,0,0.0,,False,A_true_desert
E01000647,Bromley 016B,0,0.0,,False,A_true_desert
E01000648,Bromley 016C,0,0.0,,False,A_true_desert
E01000653,Bromley 016D,0,0.0,,False,A_true_desert
E01000678,Bromley 016E,0,0.0,,False,A_true_desert
E01000670,Bromley 018A,0,0.0,,False,A_true_desert
E01000677,Bromley 018C,1,1.1574074074074072e-05,1.1574074074074072e-05,True,normal
E01000762,Bromley 018D,0,0.0,,False,A_true_desert
E01000829,Bromley 018E,0,0.0,,False,A_true_desert
E01034385,Bromley 018F,0,0.0,,False,A_true_desert
E01034386,Bromley 018G,1,0.016875385802083302,0.008437692901041651,True,normal
E01000719,Bromley 019A,0,0.0,,False,A_true_desert
E01000720,Bromley 019B,0,0.0,,False,A_true_desert
E01000721,Bromley 019C,0,0.0,,False,A_true_desert
E01000724,Bromley 019D,0,0.0,,False,A_true_desert
E01000728,Bromley 019E,0,0.0,,False,A_true_desert
E01000651,Bromley 020A,0,0.0,,False,A_true_desert
E01000668,Bromley 020B,0,0.0,,False,A_true_desert
E01000669,Bromley 020C,1,0.0630551697530862,0.0210183899176954,True,normal
E01000671,Bromley 020D,0,0.0,,False,A_true_desert
E01000679,Bromley 020E,0,0.0,,False,A_true_desert
E01000826,Bromley 021A,0,0.0,,False,A_true_desert
E01000827,Bromley 021B,1,0.041874614197145,0.041874614197145,True,normal
E01000830,Bromley 021C,0,0.0,,False,A_true_desert
E01000831,Bromley 021D,0,0.0,,False,A_true_desert
E01000833,Bromley 021E,0,0.0,,False,A_true_desert
E01000650,Bromley 022A,0,0.0,,False,A_true_desert
E01000652,Bromley 022B,0,0.0,,False,A_true_desert
E01000807,Bromley 022C,0,0.0,,False,A_true_desert
E01000809,Bromley 022D,0,0.0,,False,A_true_desert
E01000722,Bromley 023A,0,0.0,,False,A_true_desert
E01000725,Bromley 023B,0,0.0,,False,A_true_desert
E01000731,Bromley 023C,0,0.0,,False,A_true_desert
E01000732,Bromley 023D,0,0.0,,False,A_true_desert
E01000733,Bromley 023E,0,0.0,,False,A_true_desert
E01000769,Bromley 024A,0,0.0,,False,A_true_desert
E01000773,Bromley 024B,0,0.0,,False,A_true_desert
E01000775,Bromley 024C,1,0.0,0.0,True,B_underutilised
E01000777,Bromley 024D,0,0.0,,False,A_true_desert
E01000778,Bromley 024E,0,0.0,,False,A_true_desert
E01000808,Bromley 025A,0,0.0,,False,A_true_desert
E01000810,Bromley 025B,0,0.0,,False,A_true_desert
E01000811,Bromley 025C,0,0.0,,False,A_true_desert
E01000813,Bromley 025D,0,0.0,,False,A_true_desert
E01000815,Bromley 025E,0,0.0,,False,A_true_desert
E01000661,Bromley 026A,0,0.0,,False,A_true_desert
E01000662,Bromley 026B,0,0.0,,False,A_true_desert
E01000663,Bromley 026C,0,0.0,,False,A_true_desert
E01000664,Bromley 026D,0,0.0,,False,A_true_desert
E01000763,Bromley 027A,0,0.0,,False,A_true_desert
E01000764,Bromley 027B,0,0.0,,False,A_true_desert
E01000766,Bromley 027C,0,0.0,,False,A_true_desert
E01000767,Bromley 027D,0,0.0,,False,A_true_desert
E01000834,Bromley 027E,0,0.0,,False,A_true_desert
E01000727,Bromley 028A,0,0.0,,False,A_true_desert
E01000734,Bromley 028B,0,0.0,,False,A_true_desert
E01000790,Bromley 028C,1,0.036960262345679,0.036960262345679,True,normal
E01000812,Bromley 028D,0,0.0,,False,A_true_desert
E01000814,Bromley 028E,0,0.0,,False,A_true_desert
E01000723,Bromley 029A,0,0.0,,False,A_true_desert
E01000726,Bromley 029B,0,0.0,,False,A_true_desert
E01000787,Bromley 029C,0,0.0,,False,A_true_desert
E01000788,Bromley 029D,0,0.0,,False,A_true_desert
E01000791,Bromley 029E,0,0.0,,False,A_true_desert
E01000832,Bromley 030A,0,0.0,,False,A_true_desert
E01000835,Bromley 030B,3,0.3185713734537037,0.05309522890895061,True,normal
E01000836,Bromley 030C,0,0.0,,False,A_true_desert
E01000837,Bromley 030D,0,0.0,,False,A_true_desert
E01000838,Bromley 030E,0,0.0,,False,A_true_desert
E01000839,Bromley 030F,0,0.0,,False,A_true_desert
E01000840,Bromley 030G,0,0.0,,False,A_true_desert
E01000841,Bromley 030H,3,0.3246415894999999,0.054106931583333316,True,normal
E01000753,Bromley 031A,0,0.0,,False,A_true_desert
E01000754,Bromley 031B,0,0.0,,False,A_true_desert
E01000755,Bromley 031C,0,0.0,,False,A_true_desert
E01000757,Bromley 031D,0,0.0,,False,A_true_desert
E01000758,Bromley 031E,0,0.0,,False,A_true_desert
E01000786,Bromley 032A,0,0.0,,False,A_true_desert
E01000789,Bromley 032B,0,0.0,,False,A_true_desert
E01000792,Bromley 032C,0,0.0,,False,A_true_desert
E01000793,Bromley 032D,0,0.0,,False,A_true_desert
E01000795,Bromley 032E,0,0.0,,False,A_true_desert
E01000665,Bromley 033A,0,0.0,,False,A_true_desert
E01000666,Bromley 033B,0,0.0,,False,A_true_desert
E01000667,Bromley 033C,0,0.0,,False,A_true_desert
E01000756,Bromley 033D,0,0.0,,False,A_true_desert
E01000759,Bromley 034A,0,0.0,,False,A_true_desert
E01000760,Bromley 034B,1,0.3399467592268514,0.08498668980671285,True,normal
E01000761,Bromley 034C,0,0.0,,False,A_true_desert
E01000765,Bromley 034D,0,0.0,,False,A_true_desert
E01000768,Bromley 034E,0,0.0,,False,A_true_desert
E01000681,Bromley 035A,0,0.0,,False,A_true_desert
E01000682,Bromley 035B,0,0.0,,False,A_true_desert
E01000683,Bromley 035C,0,0.0,,False,A_true_desert
E01000684,Bromley 035D,0,0.0,,False,A_true_desert
E01000794,Bromley 035E,0,0.0,,False,A_true_desert
E01000749,Bromley 036A,0,0.0,,False,A_true_desert
E01000750,Bromley 036B,0,0.0,,False,A_true_desert
E01000751,Bromley 036C,0,0.0,,False,A_true_desert
E01000752,Bromley 036D,0,0.0,,False,A_true_desert
E01000680,Bromley 037A,0,0.0,,False,A_true_desert
E01000685,Bromley 037B,1,0.0224340277773919,0.0224340277773919,True,normal
E01000686,Bromley 037C,0,0.0,,False,A_true_desert
E01000687,Bromley 037D,0,0.0,,False,A_true_desert
E01000688,Bromley 037E,0,0.0,,False,A_true_desert
E01000654,Bromley 039A,0,0.0,,False,A_true_desert
E01000655,Bromley 039B,0,0.0,,False,A_true_desert
E01000656,Bromley 039C,0,0.0,,False,A_true_desert
E01000657,Bromley 039D,0,0.0,,False,A_true_desert
E01000659,Bromley 039E,0,0.0,,False,A_true_desert
E01000816,Bromley 040A,0,0.0,,False,A_true_desert
E01000818,Bromley 040B,0,0.0,,False,A_true_desert
E01000819,Bromley 040C,2,0.2879888117253084,0.0719972029313271,True,normal
E01032562,Bromley 040D,0,0.0,,False,A_true_desert
E01032563,Bromley 040E,0,0.0,,False,A_true_desert
E01000707,Bromley 041A,1,0.0659209104934412,0.02197363683114707,True,normal
E01000708,Bromley 041B,1,0.0223506944440586,0.0111753472220293,True,normal
E01000771,Bromley 041C,0,0.0,,False,A_true_desert
E01000774,Bromley 041D,0,0.0,,False,A_true_desert
E01032568,Bromley 041E,0,0.0,,False,A_true_desert
E01000658,Bromley 042A,0,0.0,,False,A_true_desert
E01000747,Bromley 042B,0,0.0,,False,A_true_desert
E01000748,Bromley 042C,0,0.0,,False,A_true_desert
E01032570,Bromley 042D,1,0.1589783950594135,0.07948919752970675,True,normal
E01000907,Camden 001A,3,0.0229494598749998,0.0076498199583332665,True,normal
E01000908,Camden 001B,3,0.1474093364189813,0.027865354938142965,True,normal
E01000909,Camden 001C,6,0.30651388888773123,0.04763384130642356,True,normal
E01000912,Camden 001D,4,0.0407253086412036,0.00509066358015045,True,normal
E01000913,Camden 001E,7,0.208066743825617,0.029723820546516712,True,normal
E01000893,Camden 002A,0,0.0,,False,A_true_desert
E01000894,Camden 002B,2,0.099225308640432,0.024806327160108,True,normal
E01000895,Camden 002C,1,0.06945949073881161,0.034729745369405804,True,normal
E01000896,Camden 002D,3,0.1114367283939042,0.0371455761313014,True,normal
E01000899,Camden 002E,9,0.4358719135760026,0.03583264746195555,True,normal
E01000910,Camden 003A,6,0.2331990740721447,0.03573810442354676,True,normal
E01000911,Camden 003B,3,0.0508433641975307,0.01694778806584357,True,normal
E01000921,Camden 003C,4,0.1446277006153548,0.02727787422805745,True,normal
E01000923,Camden 003D,2,0.0564340277770061,0.02821701388850305,True,normal
E01000928,Camden 003E,4,0.2003707561716819,0.03951605902748839,True,normal
E01000878,Camden 004A,15,0.1853472222210643,0.010418428497865197,True,normal
E01000879,Camden 004B,5,0.1946658950590275,0.026440702160146566,True,normal
E01000880,Camden 004C,8,0.1169058641959874,0.012076147762176862,True,normal
E01000884,Camden 004D,8,0.21565162036844085,0.016907166280695374,True,normal
E01000885,Camden 004E,8,0.19974382715895012,0.016137514467471987,True,normal
E01000871,Camden 005A,3,0.0860254629621912,0.0143375771603652,True,normal
E01000872,Camden 005B,4,0.0833684413572528,0.013169174382571324,True,normal
E01000873,Camden 005C,5,0.24608641975077122,0.03402847222187495,True,normal
E01000874,Camden 005D,1,0.0729043209861111,0.0729043209861111,True,normal
E01000877,Camden 005E,3,0.10527739197492271,0.017906121399048316,True,normal
E01000886,Camden 006A,3,0.2030779320964505,0.060350308641396566,True,normal
E01000887,Camden 006B,3,0.17984876543094108,0.02997479423849018,True,normal
E01000888,Camden 006C,4,0.2392854938252312,0.0532021604934413,True,normal
E01000892,Camden 006D,3,0.16699884259143488,0.027833140431905812,True,normal
E01000903,Camden 006E,1,0.127930169751929,0.127930169751929,True,normal
E01000889,Camden 007A,1,0.0518873456782407,0.02594367283912035,True,normal
E01000890,Camden 007B,1,0.0130736882716049,0.0130736882716049,True,normal
E01000891,Camden 007C,0,0.0,,False,A_true_desert
E01000901,Camden 007D,4,0.1825135030829473,0.03499377893446176,True,normal
E01000922,Camden 007E,6,0.4218472222191356,0.05628096064776233,True,normal
E01000927,Camden 007F,4,0.1885208333321757,0.039203269675636525,True,normal
E01000881,Camden 008A,3,0.0992268518518516,0.02284291409465013,True,normal
E01000882,Camden 008B,3,0.0632125771593363,0.0210708590531121,True,normal
E01000883,Camden 008C,2,0.0731219135794753,0.03656095678973765,True,normal
E01000897,Camden 008D,8,0.3062719907380397,0.021710455246720644,True,normal
E01000898,Camden 008E,3,0.0852407407399689,0.016221643518389867,True,normal
E01000866,Camden 009A,8,0.2367179783935182,0.029589747299189777,True,normal
E01000870,Camden 009B,7,0.2755027006161261,0.0259532076718474,True,normal
E01000924,Camden 009C,5,0.0888985339494596,0.01202129629614194,True,normal
E01000925,Camden 009D,3,0.022256944444444402,0.007418981481481467,True,normal
E01000926,Camden 009E,4,0.2592048611103393,0.05984780092573298,True,normal
E01000969,Camden 010A,8,0.2648962191334873,0.024137996720486082,True,normal
E01000970,Camden 010B,4,0.0893996913568671,0.013635995370080988,True,normal
E01000971,Camden 010C,3,0.0652947530848763,0.017767746913065784,True,normal
E01000972,Camden 010D,5,0.1320312499988423,0.01738086419737651,True,normal
E01000973,Camden 010E,7,0.4338773148132711,0.042906690916969754,True,normal
E01000842,Camden 011A,4,0.1283757716026232,0.02445765817862649,True,normal
E01000844,Camden 011B,4,0.1340466820964502,0.0295199170519868,True,normal
E01000848,Camden 011C,11,0.3168699845655858,0.021814990179450718,True,normal
E01000849,Camden 011D,2,0.0191153549382715,0.00955767746913575,True,normal
E01000900,Camden 012A,2,0.13476157407407402,0.0350851658950617,True,normal
E01000902,Camden 012B,1,0.0458942901226851,0.0458942901226851,True,normal
E01000904,Camden 012C,6,0.2583290895038577,0.04305484825064295,True,normal
E01000905,Camden 012D,1,0.0,0.0,True,B_underutilised
E01000906,Camden 012E,8,0.1832422839494595,0.012597029320891176,True,normal
E01000875,Camden 013A,3,0.0833626543206018,0.027787551440200602,True,normal
E01000876,Camden 013B,4,0.181042052464506,0.0452605131161265,True,normal
E01000931,Camden 013C,4,0.3572337962939812,0.0893084490734953,True,normal
E01000932,Camden 013D,5,0.09661496913425892,0.015729938271334825,True,normal
E01000974,Camden 013E,4,0.06649035493749982,0.012335165894965252,True,normal
E01000843,Camden 014A,1,0.0061385030864197,0.0061385030864197,True,normal
E01000845,Camden 014B,3,0.055297067900077004,0.014269804526427433,True,normal
E01000846,Camden 014C,0,0.0,,False,A_true_desert
E01000847,Camden 014D,4,0.4588032407368825,0.1046930459095775,True,normal
E01000867,Camden 015C,3,0.0699193672831788,0.017128536522440802,True,normal
E01000868,Camden 015D,1,0.1495108024687499,0.049836934156249964,True,normal
E01000869,Camden 015E,3,0.034324459876157204,0.00929745370357505,True,normal
E01035707,Camden 015F,16,0.3059398148117275,0.015547212576991659,True,normal
E01000962,Camden 016A,2,0.0591685956778549,0.014792148919463725,True,normal
E01000964,Camden 016B,4,0.07089930555555529,0.016164110725308586,True,normal
E01000965,Camden 016C,8,0.24812962962692842,0.02411467978373355,True,normal
E01000966,Camden 016D,1,0.0416763117276233,0.02083815586381165,True,normal
E01000968,Camden 016E,3,0.0661458333325616,0.015978523662358517,True,normal
E01000960,Camden 017A,2,0.11128433641936711,0.037505787036940526,True,normal
E01000961,Camden 017B,3,0.39863850308603366,0.11415631430034717,True,normal
E01000963,Camden 017C,4,0.0292372685181327,0.007309317129533175,True,normal
E01000967,Camden 017D,3,0.1303780864189813,0.021729681069830215,True,normal
E01000857,Camden 018A,4,0.1911219135779319,0.04499488811680166,True,normal
E01000858,Camden 018B,5,0.16485108024498424,0.023590895061419696,True,normal
E01000859,Camden 018C,3,0.2340825617268516,0.042307741769290065,True,normal
E01000860,Camden 018D,2,0.11914891975154299,0.0404379822526041,True,normal
E01000862,Camden 018E,7,0.3580243055513113,0.03755817350035819,True,normal
E01000856,Camden 019A,1,0.0170223765424382,0.0170223765424382,True,normal
E01000861,Camden 019B,3,0.0610165895061728,0.020338863168724266,True,normal
E01000957,Camden 019C,3,0.0169255401230709,0.0056418467076903,True,normal
E01000958,Camden 019D,1,0.0613109567897376,0.0613109567897376,True,normal
E01000959,Camden 019E,2,0.1852349537010029,0.046308738425250726,True,normal
E01000929,Camden 020A,1,0.0815744598761574,0.0815744598761574,True,normal
E01000930,Camden 020B,1,0.0459961419745369,0.02299807098726845,True,normal
E01000933,Camden 020C,5,0.3276516203695984,0.038913888888811685,True,normal
E01000934,Camden 020D,0,0.0,,False,A_true_desert
E01000935,Camden 020E,0,0.0,,False,A_true_desert
E01000863,Camden 021A,1,0.0361284722218363,0.01806423611091815,True,normal
E01000946,Camden 021B,2,0.7758055554749227,0.17998234952276226,True,normal
E01000947,Camden 021C,1,0.0436315586415894,0.0218157793207947,True,normal
E01000948,Camden 021D,8,0.17150540123148098,0.015169921874710597,True,normal
E01000952,Camden 022A,3,0.21827739197260781,0.059344714505401186,True,normal
E01000954,Camden 022C,0,0.0,,False,A_true_desert
E01000955,Camden 022D,2,0.0006454475304783,0.00032272376523915,True,normal
E01000956,Camden 022E,5,0.3441080246886572,0.065092785493287,True,normal
E01035708,Camden 022F,3,0.0,0.0,True,B_underutilised
E01035709,Camden 022G,1,0.0077334104934413,0.0077334104934413,True,normal
E01000944,Camden 023A,0,0.0,,False,A_true_desert
E01000949,Camden 023C,1,0.1141010802457561,0.05705054012287805,True,normal
E01000951,Camden 023E,3,0.3329911265397374,0.07563380915560695,True,normal
E01035710,Camden 023F,2,0.1466616512341819,0.036665412808545475,True,normal
E01000850,Camden 026A,6,0.3407870370351078,0.04207436342563655,True,normal
E01000851,Camden 026B,8,0.3715995370354935,0.031025945215928795,True,normal
E01035711,Camden 026E,9,0.5810185185142742,0.04351135973900461,True,normal
E01000915,Camden 027A,1,0.0410034722210648,0.0410034722210648,True,normal
E01000916,Camden 027B,0,0.0,,False,A_true_desert
E01000917,Camden 027C,0,0.0,,False,A_true_desert
E01000920,Camden 027D,4,0.10547453703703691,0.013184317129629614,True,normal
E01000855,Camden 028A,7,0.3605586419737652,0.04494527116385579,True,normal
E01000914,Camden 028B,9,0.7648487654286261,0.04826279578161434,True,normal
E01000918,Camden 028C,6,0.4221959876516201,0.0629204603905928,True,normal
E01000919,Camden 028D,1,0.0024309413576388,0.0024309413576388,True,normal
E01000853,Camden 029H,0,0.0,,False,A_true_desert
E01000937,Camden 029G,0,0.0,,False,A_true_desert
E01000938,Camden 029A,3,0.10797608024691349,0.035992026748971166,True,normal
E01000939,Camden 029B,1,0.0,0.0,True,B_underutilised
E01000941,Camden 029D,3,0.1348796296280861,0.022479938271347685,True,normal
E01000942,Camden 029C,1,0.0758240740740739,0.025274691358024636,True,normal
E01000943,Camden 029F,0,0.0,,False,A_true_desert
E01035712,Camden 029E,3,0.1130956790115738,0.0188492798352623,True,normal
E01001137,Croydon 001A,4,0.0,0.0,True,B_underutilised
E01001138,Croydon 001B,3,0.0,0.0,True,B_underutilised
E01001156,Croydon 001C,3,0.0,0.0,True,B_underutilised
E01001162,Croydon 001D,5,0.0109926697530864,0.00219853395061728,True,normal
E01001164,Croydon 001E,1,0.0667870370362653,0.03339351851813265,True,normal
E01001084,Croydon 002A,1,0.0,0.0,True,B_underutilised
E01001157,Croydon 002B,0,0.0,,False,A_true_desert
E01001159,Croydon 002C,1,0.0,0.0,True,B_underutilised
E01001160,Croydon 002D,0,0.0,,False,A_true_desert
E01001163,Croydon 002E,2,0.0326261574070215,0.01035937499980705,True,normal
E01001083,Croydon 003A,0,0.0,,False,A_true_desert
E01001086,Croydon 003B,1,0.0,0.0,True,B_underutilised
E01001087,Croydon 003C,1,0.1628560956778549,0.1628560956778549,True,normal
E01001161,Croydon 003D,0,0.0,,False,A_true_desert
E01001085,Croydon 004A,2,0.0,0.0,True,B_underutilised
E01001088,Croydon 004B,0,0.0,,False,A_true_desert
E01001089,Croydon 004C,3,0.0143078703703703,0.004769290123456767,True,normal
E01001090,Croydon 004D,1,0.023697530864197403,0.011848765432098701,True,normal
E01001091,Croydon 004E,1,0.0,0.0,True,B_underutilised
E01001147,Croydon 005A,0,0.0,,False,A_true_desert
E01001148,Croydon 005B,2,0.0,0.0,True,B_underutilised
E01001151,Croydon 005C,1,0.042902777777391904,0.021451388888695952,True,normal
E01001152,Croydon 005D,1,0.0,0.0,True,B_underutilised
E01001158,Croydon 005E,1,0.0451805555551697,0.0451805555551697,True,normal
E01001146,Croydon 006A,1,0.0,0.0,True,B_underutilised
E01001149,Croydon 006B,1,0.0305613425925926,0.0305613425925926,True,normal
E01001150,Croydon 006C,1,0.0391450617280092,0.0195725308640046,True,normal
E01001153,Croydon 006D,1,0.0,0.0,True,B_underutilised
E01001154,Croydon 006E,1,0.0,0.0,True,B_underutilised
E01001136,Croydon 007A,2,0.1345100308638117,0.06725501543190585,True,normal
E01001139,Croydon 007B,1,0.0,0.0,True,B_underutilised
E01001140,Croydon 007C,0,0.0,,False,A_true_desert
E01001142,Croydon 007D,1,0.0,0.0,True,B_underutilised
E01001144,Croydon 007E,4,0.2768248456770831,0.0608492959101562,True,normal
E01001141,Croydon 008A,0,0.0,,False,A_true_desert
E01001143,Croydon 008B,0,0.0,,False,A_true_desert
E01001145,Croydon 008C,0,0.0,,False,A_true_desert
E01001191,Croydon 008D,3,0.1340767746890431,0.04469225822968104,True,normal
E01001192,Croydon 008E,1,0.0185509259259258,0.0092754629629629,True,normal
E01000994,Croydon 009A,0,0.0,,False,A_true_desert
E01000995,Croydon 009B,0,0.0,,False,A_true_desert
E01000996,Croydon 009C,0,0.0,,False,A_true_desert
E01000997,Croydon 009D,2,0.143596836419753,0.0717984182098765,True,normal
E01000999,Croydon 009E,0,0.0,,False,A_true_desert
E01001002,Croydon 009F,1,0.0867773919753086,0.0433886959876543,True,normal
E01000998,Croydon 010A,2,0.0,0.0,True,B_underutilised
E01001000,Croydon 010B,2,0.0426373456786264,0.0106593364196566,True,normal
E01001003,Croydon 010C,1,0.0,0.0,True,B_underutilised
E01001111,Croydon 010D,0,0.0,,False,A_true_desert
E01001155,Croydon 010E,0,0.0,,False,A_true_desert
E01001174,Croydon 011A,1,0.0,0.0,True,B_underutilised
E01001175,Croydon 011B,0,0.0,,False,A_true_desert
E01001176,Croydon 011C,1,0.6979367283495372,0.1744841820873843,True,normal
E01001182,Croydon 011D,1,0.5794101080246912,0.2897050540123456,True,normal
E01001183,Croydon 011E,3,0.2216473765370368,0.05160963220016714,True,normal
E01001184,Croydon 011F,0,0.0,,False,A_true_desert
E01001001,Croydon 013A,0,0.0,,False,A_true_desert
E01001109,Croydon 013B,0,0.0,,False,A_true_desert
E01001112,Croydon 013C,0,0.0,,False,A_true_desert
E01001113,Croydon 013D,1,0.0,0.0,True,B_underutilised
E01001114,Croydon 013E,0,0.0,,False,A_true_desert
E01001116,Croydon 013F,2,0.0,0.0,True,B_underutilised
E01000992,Croydon 014A,0,0.0,,False,A_true_desert
E01001185,Croydon 014B,1,0.0,0.0,True,B_underutilised
E01001186,Croydon 014C,1,0.0,0.0,True,B_underutilised
E01001188,Croydon 014D,2,0.1336138117276233,0.049476321373215636,True,normal
E01001193,Croydon 014E,1,0.0931543209868827,0.0931543209868827,True,normal
E01001004,Croydon 015A,0,0.0,,False,A_true_desert
E01001115,Croydon 015B,0,0.0,,False,A_true_desert
E01001178,Croydon 015D,0,0.0,,False,A_true_desert
E01001181,Croydon 015E,0,0.0,,False,A_true_desert
E01034139,Croydon 015F,2,0.0,0.0,True,B_underutilised
E01034140,Croydon 015G,1,0.0657388117280092,0.0657388117280092,True,normal
E01001006,Croydon 016A,0,0.0,,False,A_true_desert
E01001007,Croydon 016B,1,0.0,0.0,True,B_underutilised
E01001177,Croydon 016C,2,0.0710119598765432,0.0355059799382716,True,normal
E01001179,Croydon 016D,0,0.0,,False,A_true_desert
E01001180,Croydon 016E,0,0.0,,False,A_true_desert
E01000980,Croydon 017A,1,0.0170733024691358,0.0170733024691358,True,normal
E01000981,Croydon 017B,2,0.0965925925918209,0.04829629629591045,True,normal
E01000982,Croydon 017C,0,0.0,,False,A_true_desert
E01000983,Croydon 017D,2,0.0178703703703703,0.00893518518518515,True,normal
E01001187,Croydon 017E,1,0.0,0.0,True,B_underutilised
E01000989,Croydon 018A,0,0.0,,False,A_true_desert
E01000991,Croydon 018B,0,0.0,,False,A_true_desert
E01001131,Croydon 018C,0,0.0,,False,A_true_desert
E01001132,Croydon 018D,0,0.0,,False,A_true_desert
E01001134,Croydon 018E,0,0.0,,False,A_true_desert
E01001005,Croydon 019A,0,0.0,,False,A_true_desert
E01001008,Croydon 019B,0,0.0,,False,A_true_desert
E01001009,Croydon 019C,1,0.3097453703695988,0.3097453703695988,True,normal
E01001010,Croydon 019D,0,0.0,,False,A_true_desert
E01001011,Croydon 019E,0,0.0,,False,A_true_desert
E01001012,Croydon 020A,0,0.0,,False,A_true_desert
E01001013,Croydon 020B,2,0.2674992283927469,0.13374961419637346,True,normal
E01001110,Croydon 020D,0,0.0,,False,A_true_desert
E01001118,Croydon 020E,0,0.0,,False,A_true_desert
E01034141,Croydon 020F,2,0.2044934413533948,0.08149681712770052,True,normal
E01034142,Croydon 020G,0,0.0,,False,A_true_desert
E01034143,Croydon 020H,1,0.0,0.0,True,B_underutilised
E01000985,Croydon 021A,1,0.1170844907403549,0.1170844907403549,True,normal
E01000986,Croydon 021B,1,0.0109556327160493,0.0109556327160493,True,normal
E01000987,Croydon 021C,1,0.0,0.0,True,B_underutilised
E01000993,Croydon 021D,1,0.1808568672835648,0.1808568672835648,True,normal
E01000975,Croydon 022A,4,0.124158564814043,0.023340181326967562,True,normal
E01000976,Croydon 022B,0,0.0,,False,A_true_desert
E01000977,Croydon 022C,1,0.0,0.0,True,B_underutilised
E01000978,Croydon 022D,3,0.1414529320972221,0.0471509773657407,True,normal
E01000979,Croydon 022E,0,0.0,,False,A_true_desert
E01000984,Croydon 022F,2,0.0581682098761574,0.0290841049380787,True,normal
E01001044,Croydon 023A,2,0.0702588734552468,0.0351294367276234,True,normal
E01001046,Croydon 023B,1,0.0499718364185956,0.0499718364185956,True,normal
E01001049,Croydon 023C,0,0.0,,False,A_true_desert
E01001050,Croydon 023D,3,0.0081674382716049,0.0027224794238683,True,normal
E01001042,Croydon 024B,3,0.22638155864120352,0.03773025977353392,True,normal
E01001165,Croydon 024C,3,0.15435416666589488,0.0338407278804655,True,normal
E01001166,Croydon 024D,2,0.36434992283757706,0.13651745756076386,True,normal
E01001168,Croydon 024E,2,0.3275636574047067,0.11391319444328701,True,normal
E01034144,Croydon 024F,1,0.1480736882716049,0.1480736882716049,True,normal
E01034145,Croydon 024G,1,0.0,0.0,True,B_underutilised
E01034146,Croydon 024H,0,0.0,,False,A_true_desert
E01001127,Croydon 025A,0,0.0,,False,A_true_desert
E01001128,Croydon 025B,0,0.0,,False,A_true_desert
E01001130,Croydon 025C,1,0.0,0.0,True,B_underutilised
E01001135,Croydon 025D,0,0.0,,False,A_true_desert
E01001062,Croydon 026A,0,0.0,,False,A_true_desert
E01001063,Croydon 026B,1,0.4194625771574073,0.20973128857870366,True,normal
E01001064,Croydon 026C,0,0.0,,False,A_true_desert
E01001129,Croydon 026D,0,0.0,,False,A_true_desert
E01001133,Croydon 026E,0,0.0,,False,A_true_desert
E01001167,Croydon 028A,2,0.0546010802465277,0.02730054012326385,True,normal
E01001169,Croydon 028B,1,0.0,0.0,True,B_underutilised
E01001171,Croydon 028C,0,0.0,,False,A_true_desert
E01001172,Croydon 028D,0,0.0,,False,A_true_desert
E01001173,Croydon 028E,1,0.0,0.0,True,B_underutilised
E01001036,Croydon 029A,0,0.0,,False,A_true_desert
E01001037,Croydon 029B,2,0.5785979938209876,0.2892989969104938,True,normal
E01001038,Croydon 029C,2,0.028616512345678802,0.0035770640432098502,True,normal
E01001039,Croydon 029D,0,0.0,,False,A_true_desert
E01001040,Croydon 029E,0,0.0,,False,A_true_desert
E01001051,Croydon 030A,1,0.0,0.0,True,B_underutilised
E01001052,Croydon 030B,0,0.0,,False,A_true_desert
E01001054,Croydon 030C,0,0.0,,False,A_true_desert
E01001056,Croydon 030D,2,0.0,0.0,True,B_underutilised
E01001057,Croydon 030E,0,0.0,,False,A_true_desert
E01001033,Croydon 031A,0,0.0,,False,A_true_desert
E01001034,Croydon 031B,1,0.0,0.0,True,B_underutilised
E01001041,Croydon 031C,1,0.0,0.0,True,B_underutilised
E01001095,Croydon 031D,0,0.0,,False,A_true_desert
E01001100,Croydon 031E,0,0.0,,False,A_true_desert
E01001053,Croydon 032A,0,0.0,,False,A_true_desert
E01001055,Croydon 032B,0,0.0,,False,A_true_desert
E01001077,Croydon 032C,0,0.0,,False,A_true_desert
E01001078,Croydon 032D,0,0.0,,False,A_true_desert
E01001082,Croydon 032E,0,0.0,,False,A_true_desert
E01001120,Croydon 033A,0,0.0,,False,A_true_desert
E01001122,Croydon 033B,0,0.0,,False,A_true_desert
E01001123,Croydon 033C,0,0.0,,False,A_true_desert
E01001124,Croydon 033D,0,0.0,,False,A_true_desert
E01001125,Croydon 033E,0,0.0,,False,A_true_desert
E01001058,Croydon 034A,0,0.0,,False,A_true_desert
E01001059,Croydon 034B,0,0.0,,False,A_true_desert
E01001060,Croydon 034C,0,0.0,,False,A_true_desert
E01001061,Croydon 034D,0,0.0,,False,A_true_desert
E01001065,Croydon 034E,0,0.0,,False,A_true_desert
E01001066,Croydon 034F,1,0.0812337962947531,0.0812337962947531,True,normal
E01001119,Croydon 034G,0,0.0,,False,A_true_desert
E01001126,Croydon 034H,0,0.0,,False,A_true_desert
E01001032,Croydon 035A,1,0.5131956018468362,0.17106520061561206,True,normal
E01001101,Croydon 035B,0,0.0,,False,A_true_desert
E01001102,Croydon 035C,0,0.0,,False,A_true_desert
E01001107,Croydon 035D,0,0.0,,False,A_true_desert
E01001108,Croydon 035E,0,0.0,,False,A_true_desert
E01001076,Croydon 036A,1,0.2800069444386572,0.1400034722193286,True,normal
E01001079,Croydon 036B,1,0.0,0.0,True,B_underutilised
E01001080,Croydon 036C,0,0.0,,False,A_true_desert
E01001081,Croydon 036D,0,0.0,,False,A_true_desert
E01001073,Croydon 037A,1,0.0,0.0,True,B_underutilised
E01001092,Croydon 037B,0,0.0,,False,A_true_desert
E01001093,Croydon 037C,1,0.0,0.0,True,B_underutilised
E01001096,Croydon 037D,0,0.0,,False,A_true_desert
E01001097,Croydon 037E,4,0.2125829475219903,0.024401491768438095,True,normal
E01001098,Croydon 037F,0,0.0,,False,A_true_desert
E01001028,Croydon 038A,0,0.0,,False,A_true_desert
E01001029,Croydon 038B,1,0.11591087961728391,0.057955439808641956,True,normal
E01001030,Croydon 038C,0,0.0,,False,A_true_desert
E01001031,Croydon 038D,0,0.0,,False,A_true_desert
E01001094,Croydon 038E,0,0.0,,False,A_true_desert
E01001103,Croydon 039A,0,0.0,,False,A_true_desert
E01001105,Croydon 039B,0,0.0,,False,A_true_desert
E01001106,Croydon 039C,0,0.0,,False,A_true_desert
E01001121,Croydon 039D,0,0.0,,False,A_true_desert
E01001069,Croydon 040A,1,0.0321570216041666,0.0321570216041666,True,normal
E01001070,Croydon 040B,1,0.0,0.0,True,B_underutilised
E01001075,Croydon 040C,3,0.2001994598657405,0.03336657664429008,True,normal
E01001099,Croydon 040D,0,0.0,,False,A_true_desert
E01001015,Croydon 041A,0,0.0,,False,A_true_desert
E01001016,Croydon 041B,0,0.0,,False,A_true_desert
E01001023,Croydon 041C,2,0.1219552469097222,0.0609776234548611,True,normal
E01001067,Croydon 041D,1,0.0550555555540123,0.0550555555540123,True,normal
E01001074,Croydon 041E,0,0.0,,False,A_true_desert
E01001068,Croydon 042A,0,0.0,,False,A_true_desert
E01001071,Croydon 042B,0,0.0,,False,A_true_desert
E01001072,Croydon 042C,0,0.0,,False,A_true_desert
E01001104,Croydon 042D,0,0.0,,False,A_true_desert
E01001017,Croydon 043A,0,0.0,,False,A_true_desert
E01001024,Croydon 043B,0,0.0,,False,A_true_desert
E01001025,Croydon 043C,0,0.0,,False,A_true_desert
E01001026,Croydon 043D,1,0.016522376543209802,0.008261188271604901,True,normal
E01001027,Croydon 043E,1,0.0,0.0,True,B_underutilised
E01001018,Croydon 044A,0,0.0,,False,A_true_desert
E01001019,Croydon 044B,0,0.0,,False,A_true_desert
E01001020,Croydon 044C,0,0.0,,False,A_true_desert
E01001021,Croydon 044D,0,0.0,,False,A_true_desert
E01001022,Croydon 044E,1,0.0,0.0,True,B_underutilised
E01000990,Croydon 045A,2,0.1210219907399691,0.06051099536998455,True,normal
E01001189,Croydon 045B,3,0.1537735339483023,0.025628922324717047,True,normal
E01001190,Croydon 045C,0,0.0,,False,A_true_desert
E01001194,Croydon 045D,1,0.1196385030856481,0.1196385030856481,True,normal
E01032569,Croydon 045E,1,0.0,0.0,True,B_underutilised
E01034147,Croydon 046A,0,0.0,,False,A_true_desert
E01034148,Croydon 046B,0,0.0,,False,A_true_desert
E01034149,Croydon 046C,0,0.0,,False,A_true_desert
E01034150,Croydon 046D,1,0.1290138888888888,0.0645069444444444,True,normal
E01034151,Croydon 046E,0,0.0,,False,A_true_desert
E01001035,Croydon 047C,2,0.0,0.0,True,B_underutilised
E01001047,Croydon 047A,0,0.0,,False,A_true_desert
E01001170,Croydon 047D,0,0.0,,False,A_true_desert
E01034152,Croydon 047B,1,0.0373229166666666,0.0373229166666666,True,normal
E01001269,Ealing 001A,0,0.0,,False,A_true_desert
E01001271,Ealing 001B,1,0.0,0.0,True,B_underutilised
E01001309,Ealing 001C,2,0.0,0.0,True,B_underutilised
E01001310,Ealing 001D,1,0.0,0.0,True,B_underutilised
E01001311,Ealing 001E,1,0.0108132716049382,0.0108132716049382,True,normal
E01001307,Ealing 002A,3,0.23943981481365711,0.05895698302440197,True,normal
E01001308,Ealing 002B,0,0.0,,False,A_true_desert
E01001312,Ealing 002C,2,0.0309463734560185,0.01547318672800925,True,normal
E01001313,Ealing 002D,0,0.0,,False,A_true_desert
E01001314,Ealing 002E,0,0.0,,False,A_true_desert
E01001315,Ealing 003A,0,0.0,,False,A_true_desert
E01001316,Ealing 003B,5,0.2793846450597992,0.05587692901195984,True,normal
E01001317,Ealing 003C,2,0.0374351851851851,0.009358796296296275,True,normal
E01001318,Ealing 003D,0,0.0,,False,A_true_desert
E01001320,Ealing 003E,0,0.0,,False,A_true_desert
E01001321,Ealing 003F,1,0.0,0.0,True,B_underutilised
E01001270,Ealing 004A,1,0.0,0.0,True,B_underutilised
E01001319,Ealing 004B,1,0.0,0.0,True,B_underutilised
E01001322,Ealing 004C,1,0.0,0.0,True,B_underutilised
E01001323,Ealing 004D,2,0.0,0.0,True,B_underutilised
E01001341,Ealing 005A,3,0.040451774690586306,0.006741962448431051,True,normal
E01001342,Ealing 005B,0,0.0,,False,A_true_desert
E01001343,Ealing 005C,0,0.0,,False,A_true_desert
E01001345,Ealing 005D,1,0.0,0.0,True,B_underutilised
E01001265,Ealing 006A,1,0.0,0.0,True,B_underutilised
E01001266,Ealing 006B,1,0.0,0.0,True,B_underutilised
E01001267,Ealing 006C,0,0.0,,False,A_true_desert
E01001272,Ealing 006D,2,0.1307183641971448,0.02083670910487393,True,normal
E01001349,Ealing 006E,1,0.0,0.0,True,B_underutilised
E01001344,Ealing 007A,1,0.0151597222218364,0.0075798611109182,True,normal
E01001346,Ealing 007B,0,0.0,,False,A_true_desert
E01001347,Ealing 007C,2,0.1138784722114196,0.0284696180528549,True,normal
E01001348,Ealing 007D,3,0.0214938271597222,0.007164609053240734,True,normal
E01001257,Ealing 008A,1,0.0,0.0,True,B_underutilised
E01001324,Ealing 008B,0,0.0,,False,A_true_desert
E01001326,Ealing 008C,3,0.030859567900077097,0.010286522633359033,True,normal
E01001330,Ealing 008D,1,0.0529236111107252,0.0264618055553626,True,normal
E01001332,Ealing 008E,2,0.0,0.0,True,B_underutilised
E01001325,Ealing 009A,2,0.0289872685185185,0.01449363425925925,True,normal
E01001327,Ealing 009B,2,0.0536975308641974,0.01342438271604935,True,normal
E01001328,Ealing 009C,4,0.44172299382098773,0.06013396990653935,True,normal
E01001329,Ealing 009D,1,0.0,0.0,True,B_underutilised
E01001331,Ealing 009E,2,0.3085605709837962,0.1542802854918981,True,normal
E01001258,Ealing 010B,0,0.0,,False,A_true_desert
E01001262,Ealing 010C,4,0.1046801697515431,0.026170042437885774,True,normal
E01001263,Ealing 010D,1,0.046639660493827007,0.023319830246913503,True,normal
E01001264,Ealing 010E,0,0.0,,False,A_true_desert
E01032743,Ealing 010F,1,0.0,0.0,True,B_underutilised
E01032744,Ealing 010G,2,0.0,0.0,True,B_underutilised
E01001276,Ealing 011A,1,0.1151593364182098,0.1151593364182098,True,normal
E01001277,Ealing 011B,1,0.0,0.0,True,B_underutilised
E01001278,Ealing 011C,6,0.0657272376531633,0.005477269804430275,True,normal
E01001280,Ealing 011D,2,0.0,0.0,True,B_underutilised
E01001218,Ealing 012A,1,0.0,0.0,True,B_underutilised
E01001260,Ealing 012B,1,0.0,0.0,True,B_underutilised
E01001261,Ealing 012C,2,0.0837172067897376,0.0418586033948688,True,normal
E01001268,Ealing 012D,1,0.046613040122684996,0.015537680040894999,True,normal
E01001209,Ealing 013A,3,0.146025848763503,0.04867528292116766,True,normal
E01001211,Ealing 013B,5,0.134049768516975,0.02277851080216044,True,normal
E01001279,Ealing 013C,3,0.0,0.0,True,B_underutilised
E01001281,Ealing 013D,1,0.0,0.0,True,B_underutilised
E01001217,Ealing 014A,0,0.0,,False,A_true_desert
E01001259,Ealing 014B,1,0.0419957561724536,0.013998585390817867,True,normal
E01001291,Ealing 014C,0,0.0,,False,A_true_desert
E01001292,Ealing 014D,1,0.0,0.0,True,B_underutilised
E01001293,Ealing 014E,0,0.0,,False,A_true_desert
E01001196,Ealing 015A,0,0.0,,False,A_true_desert
E01001239,Ealing 015C,2,0.20601851851736108,0.03433641975289351,True,normal
E01001246,Ealing 015D,3,4.822530864197531e-05,1.6075102880658438e-05,True,normal
E01001247,Ealing 015E,1,0.0,0.0,True,B_underutilised
E01034026,Ealing 015F,0,0.0,,False,A_true_desert
E01034027,Ealing 015G,1,0.1002627314814814,0.0501313657407407,True,normal
E01001210,Ealing 016A,2,0.0097222222222222,0.0048611111111111,True,normal
E01001282,Ealing 016B,2,0.038214120368827,0.0191070601844135,True,normal
E01001283,Ealing 016C,2,0.0,0.0,True,B_underutilised
E01001285,Ealing 016D,3,0.0,0.0,True,B_underutilised
E01001286,Ealing 016E,0,0.0,,False,A_true_desert
E01001287,Ealing 016F,1,0.0197519290123456,0.0197519290123456,True,normal
E01001294,Ealing 017A,0,0.0,,False,A_true_desert
E01001295,Ealing 017B,0,0.0,,False,A_true_desert
E01001296,Ealing 017C,0,0.0,,False,A_true_desert
E01001297,Ealing 017D,2,0.0,0.0,True,B_underutilised
E01001298,Ealing 017E,1,0.013325617283178801,0.004441872427726267,True,normal
E01001204,Ealing 018A,2,0.0,0.0,True,B_underutilised
E01001205,Ealing 018B,1,0.0,0.0,True,B_underutilised
E01001206,Ealing 018C,2,0.0069023919753086,0.0034511959876543,True,normal
E01001207,Ealing 018D,3,0.2292665895057868,0.05873238168719989,True,normal
E01001208,Ealing 018E,2,0.0197854938271604,0.0032975823045267335,True,normal
E01001212,Ealing 018F,1,0.032279320986882604,0.0107597736622942,True,normal
E01001224,Ealing 019B,3,0.0542457561724535,0.009040959362075584,True,normal
E01001226,Ealing 019C,1,0.0,0.0,True,B_underutilised
E01001227,Ealing 019D,3,0.0464000771601079,0.015466692386702632,True,normal
E01001228,Ealing 019E,2,0.244714891974537,0.1223574459872685,True,normal
E01034028,Ealing 019F,1,0.0,0.0,True,B_underutilised
E01034029,Ealing 019G,2,0.0534695216045524,0.0267347608022762,True,normal
E01001195,Ealing 021A,2,0.0608557098761571,0.011230902777713417,True,normal
E01001197,Ealing 021B,2,0.0,0.0,True,B_underutilised
E01001198,Ealing 021C,1,0.0,0.0,True,B_underutilised
E01001199,Ealing 021D,5,0.049805169751929,0.0099610339503858,True,normal
E01001284,Ealing 022A,2,0.0068040123452931,0.001701003086323275,True,normal
E01001288,Ealing 022B,0,0.0,,False,A_true_desert
E01001289,Ealing 022C,1,0.1411404320983795,0.03528510802459488,True,normal
E01001290,Ealing 022D,2,0.0826192129625771,0.020654803240644275,True,normal
E01001213,Ealing 023A,0,0.0,,False,A_true_desert
E01001214,Ealing 023B,0,0.0,,False,A_true_desert
E01001215,Ealing 023C,0,0.0,,False,A_true_desert
E01001216,Ealing 023D,2,0.0935189043206017,0.015586484053433616,True,normal
E01001361,Ealing 023E,2,0.0,0.0,True,B_underutilised
E01001240,Ealing 024A,2,0.1008352623437499,0.025208815585937475,True,normal
E01001241,Ealing 024B,3,0.0,0.0,True,B_underutilised
E01001242,Ealing 024C,1,0.0,0.0,True,B_underutilised
E01001243,Ealing 024D,2,0.0,0.0,True,B_underutilised
E01001244,Ealing 024E,1,0.07761998456790101,0.025873328189300337,True,normal
E01001245,Ealing 024F,4,0.0480898919753085,0.012022472993827126,True,normal
E01001200,Ealing 025A,3,0.0485185185185185,0.016172839506172834,True,normal
E01001201,Ealing 025B,1,0.0138981481477623,0.0138981481477623,True,normal
E01001202,Ealing 025C,4,0.1429726080246912,0.0357431520061728,True,normal
E01001203,Ealing 025D,3,0.13885956789930545,0.02314326131655091,True,normal
E01001351,Ealing 025E,2,0.0514398148136574,0.0257199074068287,True,normal
E01001359,Ealing 026A,2,0.07818595678973761,0.019546489197434402,True,normal
E01001360,Ealing 026B,1,0.0,0.0,True,B_underutilised
E01001362,Ealing 026C,1,0.0,0.0,True,B_underutilised
E01001363,Ealing 026D,2,0.0382654320987654,0.0191327160493827,True,normal
E01001364,Ealing 026E,0,0.0,,False,A_true_desert
E01001365,Ealing 026F,1,0.0,0.0,True,B_underutilised
E01001231,Ealing 027A,3,0.2974232253040123,0.04957053755066871,True,normal
E01001234,Ealing 027B,5,0.0557777777773917,0.00659463734560181,True,normal
E01001350,Ealing 027C,1,0.0,0.0,True,B_underutilised
E01001352,Ealing 027D,4,0.0999224537033176,0.02117698688261954,True,normal
E01001354,Ealing 027E,4,0.013580632715277735,0.0033951581788194338,True,normal
E01001249,Ealing 028A,0,0.0,,False,A_true_desert
E01001250,Ealing 028B,2,0.1065312499999998,0.023578896604938233,True,normal
E01001255,Ealing 028C,1,0.0521450617280092,0.0521450617280092,True,normal
E01001383,Ealing 028D,3,0.1045389660489966,0.012964977709147762,True,normal
E01001388,Ealing 028E,3,0.0376385030864197,0.012546167695473233,True,normal
E01001389,Ealing 028F,2,0.20212307098688248,0.06728607253057478,True,normal
E01001219,Ealing 029A,0,0.0,,False,A_true_desert
E01001220,Ealing 029B,0,0.0,,False,A_true_desert
E01001334,Ealing 029C,1,0.0909494598757715,0.0909494598757715,True,normal
E01001337,Ealing 029D,0,0.0,,False,A_true_desert
E01001338,Ealing 029E,0,0.0,,False,A_true_desert
E01001339,Ealing 029F,1,0.039011188271604796,0.019505594135802398,True,normal
E01001340,Ealing 029G,1,0.0,0.0,True,B_underutilised
E01001251,Ealing 030A,1,0.028865740740740598,0.009621913580246865,True,normal
E01001252,Ealing 030B,2,0.046179012345679,0.0230895061728395,True,normal
E01001253,Ealing 030C,3,0.0442577160489969,0.0147525720163323,True,normal
E01001254,Ealing 030D,0,0.0,,False,A_true_desert
E01001229,Ealing 031A,2,0.0,0.0,True,B_underutilised
E01001230,Ealing 031B,1,0.0190154320983794,0.006338477366126467,True,normal
E01001232,Ealing 031C,2,0.1387280092573302,0.0693640046286651,True,normal
E01001233,Ealing 031D,4,0.13184490740663568,0.024149064428819426,True,normal
E01001237,Ealing 031E,1,0.0420378086419753,0.0420378086419753,True,normal
E01001386,Ealing 031F,1,0.020187114197145,0.0100935570985725,True,normal
E01001303,Ealing 032A,5,0.1420073302457559,0.01420073302457559,True,normal
E01001382,Ealing 032B,5,0.0549579475300924,0.00980432098749997,True,normal
E01001384,Ealing 032C,1,0.0268499228391203,0.0268499228391203,True,normal
E01001385,Ealing 032D,3,0.0117993827160493,0.0019665637860082166,True,normal
E01001387,Ealing 032E,4,0.1850061728383484,0.021122958461805515,True,normal
E01001353,Ealing 033A,1,0.0866435185185184,0.02888117283950613,True,normal
E01001355,Ealing 033B,2,0.0764679783946758,0.03364448302462703,True,normal
E01001356,Ealing 033C,0,0.0,,False,A_true_desert
E01001357,Ealing 033D,3,0.1124934413580245,0.012499271262002723,True,normal
E01001358,Ealing 033E,0,0.0,,False,A_true_desert
E01001375,Ealing 034A,6,0.054163580245756,0.009027263374292667,True,normal
E01001377,Ealing 034B,8,0.24719058641898128,0.025836250964409703,True,normal
E01001379,Ealing 034C,7,0.0925015432091046,0.010213881540160162,True,normal
E01001381,Ealing 034D,1,0.0901932870370369,0.03006442901234563,True,normal
E01001248,Ealing 035A,3,0.0707546296288577,0.008291323731052765,True,normal
E01001299,Ealing 035B,3,0.033378086419367,0.006787808641932378,True,normal
E01001305,Ealing 035C,5,0.2186523919733792,0.03180985082269799,True,normal
E01001306,Ealing 035D,1,0.0,0.0,True,B_underutilised
E01001333,Ealing 038A,2,0.0343989197527005,0.01719945987635025,True,normal
E01001335,Ealing 038B,2,0.0023121141975308,0.0011560570987654,True,normal
E01001336,Ealing 038C,1,0.0450528549378857,0.02252642746894285,True,normal
E01001369,Ealing 038D,1,0.0,0.0,True,B_underutilised
E01001300,Ealing 039A,0,0.0,,False,A_true_desert
E01001301,Ealing 039B,2,0.0,0.0,True,B_underutilised
E01001302,Ealing 039C,2,0.0,0.0,True,B_underutilised
E01001304,Ealing 039D,6,0.0699934413560955,0.011665573559349251,True,normal
E01001374,Ealing 040A,1,0.0236030092592592,0.0118015046296296,True,normal
E01001376,Ealing 040B,4,0.1307550154313271,0.03268875385783177,True,normal
E01001380,Ealing 040C,4,0.0967962962955245,0.014665830761188242,True,normal
E01032572,Ealing 040D,2,0.0498136574070215,0.012453414351755374,True,normal
E01001223,Ealing 041B,2,0.037481095679012304,0.018740547839506152,True,normal
E01001225,Ealing 041A,2,0.1190640432094906,0.02976601080237265,True,normal
E01001273,Ealing 041C,2,0.0065042438271603,0.001626060956790075,True,normal
E01001274,Ealing 041E,1,0.0,0.0,True,B_underutilised
E01001275,Ealing 041D,2,0.12229128086304011,0.03846373456751542,True,normal
E01001235,Ealing 042D,1,0.0099764660493827,0.0099764660493827,True,normal
E01001236,Ealing 042C,2,0.0701365740733023,0.017534143518325575,True,normal
E01034030,Ealing 042A,3,0.1611689814791664,0.03518743569900972,True,normal
E01034031,Ealing 042B,0,0.0,,False,A_true_desert
E01001367,Ealing 043B,1,0.035775077160493704,0.017887538580246852,True,normal
E01001372,Ealing 043C,2,0.0,0.0,True,B_underutilised
E01001373,Ealing 043A,4,0.017294753086033798,0.004323688271508449,True,normal
E01001366,Ealing 044C,2,0.0,0.0,True,B_underutilised
E01001368,Ealing 044D,0,0.0,,False,A_true_desert
E01001370,Ealing 044A,1,0.0,0.0,True,B_underutilised
E01001371,Ealing 044B,1,0.0,0.0,True,B_underutilised
E01001444,Enfield 001A,0,0.0,,False,A_true_desert
E01001446,Enfield 001B,0,0.0,,False,A_true_desert
E01001546,Enfield 001C,0,0.0,,False,A_true_desert
E01001552,Enfield 001D,0,0.0,,False,A_true_desert
E01001442,Enfield 002A,0,0.0,,False,A_true_desert
E01001545,Enfield 002B,0,0.0,,False,A_true_desert
E01001547,Enfield 002C,0,0.0,,False,A_true_desert
E01001548,Enfield 002D,0,0.0,,False,A_true_desert
E01001551,Enfield 002E,1,0.1669702931940587,0.1669702931940587,True,normal
E01001445,Enfield 003B,0,0.0,,False,A_true_desert
E01001447,Enfield 003C,0,0.0,,False,A_true_desert
E01001448,Enfield 003D,0,0.0,,False,A_true_desert
E01001449,Enfield 003E,0,0.0,,False,A_true_desert
E01033148,Enfield 003F,0,0.0,,False,A_true_desert
E01033150,Enfield 003G,0,0.0,,False,A_true_desert
E01001408,Enfield 004A,2,0.0688734567885802,0.01721836419714505,True,normal
E01001411,Enfield 004B,1,8.101851851851852e-06,8.101851851851852e-06,True,normal
E01001412,Enfield 004C,0,0.0,,False,A_true_desert
E01001413,Enfield 004D,0,0.0,,False,A_true_desert
E01001414,Enfield 004E,0,0.0,,False,A_true_desert
E01001407,Enfield 005A,0,0.0,,False,A_true_desert
E01001409,Enfield 005B,0,0.0,,False,A_true_desert
E01001410,Enfield 005C,0,0.0,,False,A_true_desert
E01001516,Enfield 005D,0,0.0,,False,A_true_desert
E01001537,Enfield 005E,0,0.0,,False,A_true_desert
E01001439,Enfield 006A,2,0.949663580239583,0.11870794752994787,True,normal
E01001441,Enfield 006B,0,0.0,,False,A_true_desert
E01001517,Enfield 006C,0,0.0,,False,A_true_desert
E01001549,Enfield 006D,0,0.0,,False,A_true_desert
E01001550,Enfield 006E,0,0.0,,False,A_true_desert
E01001433,Enfield 007A,0,0.0,,False,A_true_desert
E01001434,Enfield 007B,0,0.0,,False,A_true_desert
E01001435,Enfield 007C,0,0.0,,False,A_true_desert
E01001436,Enfield 007D,0,0.0,,False,A_true_desert
E01001438,Enfield 007E,0,0.0,,False,A_true_desert
E01001469,Enfield 008A,0,0.0,,False,A_true_desert
E01001536,Enfield 008B,0,0.0,,False,A_true_desert
E01001540,Enfield 008C,2,0.11105594135802462,0.019571952160493802,True,normal
E01001541,Enfield 008D,2,0.0420879629625771,0.02104398148128855,True,normal
E01001542,Enfield 008E,0,0.0,,False,A_true_desert
E01001538,Enfield 009A,0,0.0,,False,A_true_desert
E01001539,Enfield 009B,0,0.0,,False,A_true_desert
E01001543,Enfield 009C,0,0.0,,False,A_true_desert
E01001544,Enfield 009D,0,0.0,,False,A_true_desert
E01001457,Enfield 010A,0,0.0,,False,A_true_desert
E01001468,Enfield 010B,0,0.0,,False,A_true_desert
E01001471,Enfield 010C,0,0.0,,False,A_true_desert
E01001472,Enfield 010D,0,0.0,,False,A_true_desert
E01001474,Enfield 010E,1,0.1338788580239197,0.1338788580239197,True,normal
E01001415,Enfield 011A,1,0.25730594135455237,0.12865297067727618,True,normal
E01001417,Enfield 011B,0,0.0,,False,A_true_desert
E01001418,Enfield 011C,1,0.0,0.0,True,B_underutilised
E01001422,Enfield 011D,0,0.0,,False,A_true_desert
E01001440,Enfield 012A,0,0.0,,False,A_true_desert
E01001504,Enfield 012B,0,0.0,,False,A_true_desert
E01001505,Enfield 012C,0,0.0,,False,A_true_desert
E01001507,Enfield 012D,0,0.0,,False,A_true_desert
E01001508,Enfield 012E,0,0.0,,False,A_true_desert
E01001513,Enfield 012F,0,0.0,,False,A_true_desert
E01001416,Enfield 013A,0,0.0,,False,A_true_desert
E01001470,Enfield 013B,1,0.0,0.0,True,B_underutilised
E01001473,Enfield 013C,0,0.0,,False,A_true_desert
E01001475,Enfield 013D,0,0.0,,False,A_true_desert
E01001437,Enfield 014A,0,0.0,,False,A_true_desert
E01001509,Enfield 014C,0,0.0,,False,A_true_desert
E01033926,Enfield 014E,0,0.0,,False,A_true_desert
E01001405,Enfield 015A,0,0.0,,False,A_true_desert
E01001406,Enfield 015B,2,0.1104259259259259,0.05521296296296295,True,normal
E01001450,Enfield 015C,0,0.0,,False,A_true_desert
E01001512,Enfield 015D,1,0.3307376543186727,0.16536882715933635,True,normal
E01001515,Enfield 015E,0,0.0,,False,A_true_desert
E01001401,Enfield 016A,0,0.0,,False,A_true_desert
E01001478,Enfield 016B,0,0.0,,False,A_true_desert
E01001484,Enfield 016C,0,0.0,,False,A_true_desert
E01001511,Enfield 016D,0,0.0,,False,A_true_desert
E01001514,Enfield 016E,0,0.0,,False,A_true_desert
E01001518,Enfield 016F,0,0.0,,False,A_true_desert
E01001451,Enfield 017A,0,0.0,,False,A_true_desert
E01001452,Enfield 017B,0,0.0,,False,A_true_desert
E01001453,Enfield 017C,0,0.0,,False,A_true_desert
E01001454,Enfield 017D,1,0.0310895061724537,0.0310895061724537,True,normal
E01001476,Enfield 018A,0,0.0,,False,A_true_desert
E01001477,Enfield 018B,0,0.0,,False,A_true_desert
E01001481,Enfield 018C,0,0.0,,False,A_true_desert
E01001502,Enfield 018D,0,0.0,,False,A_true_desert
E01001503,Enfield 018E,0,0.0,,False,A_true_desert
E01001520,Enfield 019A,0,0.0,,False,A_true_desert
E01001522,Enfield 019B,0,0.0,,False,A_true_desert
E01001523,Enfield 019C,0,0.0,,False,A_true_desert
E01001524,Enfield 019D,0,0.0,,False,A_true_desert
E01001526,Enfield 019E,0,0.0,,False,A_true_desert
E01001419,Enfield 020A,1,0.0778121141975308,0.0778121141975308,True,normal
E01001420,Enfield 020B,5,0.0,0.0,True,B_underutilised
E01001421,Enfield 020C,0,0.0,,False,A_true_desert
E01001525,Enfield 020E,0,0.0,,False,A_true_desert
E01033927,Enfield 020F,2,0.6787727623445216,0.1696931905861304,True,normal
E01033928,Enfield 020G,0,0.0,,False,A_true_desert
E01001398,Enfield 021A,0,0.0,,False,A_true_desert
E01001399,Enfield 021B,0,0.0,,False,A_true_desert
E01001400,Enfield 021C,0,0.0,,False,A_true_desert
E01001402,Enfield 021D,0,0.0,,False,A_true_desert
E01001403,Enfield 021E,1,0.0013140432098765,0.0013140432098765,True,normal
E01001455,Enfield 021F,0,0.0,,False,A_true_desert
E01001456,Enfield 022A,0,0.0,,False,A_true_desert
E01001564,Enfield 022B,0,0.0,,False,A_true_desert
E01001567,Enfield 022C,0,0.0,,False,A_true_desert
E01001568,Enfield 022D,0,0.0,,False,A_true_desert
E01001569,Enfield 022E,0,0.0,,False,A_true_desert
E01001479,Enfield 023A,0,0.0,,False,A_true_desert
E01001482,Enfield 023B,1,0.0569529320983796,0.0569529320983796,True,normal
E01001487,Enfield 023C,0,0.0,,False,A_true_desert
E01001489,Enfield 023D,0,0.0,,False,A_true_desert
E01001491,Enfield 023E,0,0.0,,False,A_true_desert
E01001459,Enfield 024A,0,0.0,,False,A_true_desert
E01001460,Enfield 024B,0,0.0,,False,A_true_desert
E01001462,Enfield 024C,0,0.0,,False,A_true_desert
E01001480,Enfield 024D,0,0.0,,False,A_true_desert
E01001488,Enfield 024E,0,0.0,,False,A_true_desert
E01001483,Enfield 025A,0,0.0,,False,A_true_desert
E01001485,Enfield 025B,9,0.1260023148140428,0.014000257201560312,True,normal
E01001486,Enfield 025C,9,0.2680042438256169,0.029778249313957433,True,normal
E01001492,Enfield 025E,4,0.2442885802442128,0.0610721450610532,True,normal
E01033146,Enfield 025F,1,0.2255424382716049,0.2255424382716049,True,normal
E01033151,Enfield 025G,0,0.0,,False,A_true_desert
E01001404,Enfield 026A,0,0.0,,False,A_true_desert
E01001493,Enfield 026B,0,0.0,,False,A_true_desert
E01001494,Enfield 026C,0,0.0,,False,A_true_desert
E01001496,Enfield 026D,0,0.0,,False,A_true_desert
E01001570,Enfield 026E,0,0.0,,False,A_true_desert
E01001423,Enfield 027A,0,0.0,,False,A_true_desert
E01001425,Enfield 027B,1,0.229696759257716,0.229696759257716,True,normal
E01001428,Enfield 027C,0,0.0,,False,A_true_desert
E01001461,Enfield 027D,1,0.2682384259085647,0.13411921295428236,True,normal
E01001464,Enfield 027E,0,0.0,,False,A_true_desert
E01001521,Enfield 028A,0,0.0,,False,A_true_desert
E01001531,Enfield 028B,1,0.0370964506161265,0.0370964506161265,True,normal
E01001532,Enfield 028C,1,0.0014598765432098,0.0014598765432098,True,normal
E01001533,Enfield 028D,0,0.0,,False,A_true_desert
E01001535,Enfield 028E,2,0.1399324845559412,0.03833265817592588,True,normal
E01001495,Enfield 029A,1,0.0242206790123456,0.0242206790123456,True,normal
E01001498,Enfield 029B,0,0.0,,False,A_true_desert
E01001563,Enfield 029C,0,0.0,,False,A_true_desert
E01001565,Enfield 029D,4,0.1846003086415892,0.0461500771603973,True,normal
E01001566,Enfield 029E,1,0.7729695216037809,0.3864847608018904,True,normal
E01001424,Enfield 030A,0,0.0,,False,A_true_desert
E01001426,Enfield 030B,0,0.0,,False,A_true_desert
E01001427,Enfield 030C,0,0.0,,False,A_true_desert
E01001429,Enfield 030D,0,0.0,,False,A_true_desert
E01001430,Enfield 030E,2,0.1703275462955246,0.0851637731477623,True,normal
E01001463,Enfield 031A,0,0.0,,False,A_true_desert
E01001465,Enfield 031B,0,0.0,,False,A_true_desert
E01001466,Enfield 031C,4,0.1613672839498455,0.04034182098746138,True,normal
E01001467,Enfield 031D,0,0.0,,False,A_true_desert
E01001497,Enfield 031E,0,0.0,,False,A_true_desert
E01001499,Enfield 031F,0,0.0,,False,A_true_desert
E01001392,Enfield 032A,3,0.0370219907407406,0.012340663580246866,True,normal
E01001528,Enfield 032B,1,0.0403530092584876,0.0403530092584876,True,normal
E01001529,Enfield 032C,0,0.0,,False,A_true_desert
E01001530,Enfield 032D,3,0.0384486882716048,0.012816229423868267,True,normal
E01001534,Enfield 032E,0,0.0,,False,A_true_desert
E01001431,Enfield 033A,2,0.0096682098761574,0.0048341049380787,True,normal
E01001432,Enfield 033B,7,0.9578626543078703,0.07674674823528438,True,normal
E01001555,Enfield 033C,6,0.1377210648136573,0.022953510802276218,True,normal
E01001557,Enfield 033D,0,0.0,,False,A_true_desert
E01001558,Enfield 033E,5,0.14292554012229924,0.02858510802445985,True,normal
E01001559,Enfield 033F,7,0.1574521604938269,0.022493165784832413,True,normal
E01001394,Enfield 035A,7,0.1038132716033949,0.014830467371913557,True,normal
E01001395,Enfield 035B,0,0.0,,False,A_true_desert
E01001397,Enfield 035C,0,0.0,,False,A_true_desert
E01001500,Enfield 035D,0,0.0,,False,A_true_desert
E01001556,Enfield 035E,0,0.0,,False,A_true_desert
E01001560,Enfield 035F,0,0.0,,False,A_true_desert
E01001390,Enfield 036A,6,0.0429297839502312,0.0071549639917052,True,normal
E01001391,Enfield 036B,0,0.0,,False,A_true_desert
E01001393,Enfield 036C,5,0.16878587962847202,0.021295177469020023,True,normal
E01001396,Enfield 036D,0,0.0,,False,A_true_desert
E01001501,Enfield 036E,0,0.0,,False,A_true_desert
E01001527,Enfield 036F,0,0.0,,False,A_true_desert
E01001458,Enfield 037A,5,0.2512692901230706,0.050253858024614115,True,normal
E01001553,Enfield 037B,0,0.0,,False,A_true_desert
E01001554,Enfield 037C,0,0.0,,False,A_true_desert
E01001562,Enfield 037D,0,0.0,,False,A_true_desert
E01032574,Enfield 037E,7,0.16854359567746902,0.024077656525352716,True,normal
E01001690,Greenwich 001A,2,0.0,0.0,True,B_underutilised
E01001692,Greenwich 001B,0,0.0,,False,A_true_desert
E01001693,Greenwich 001C,0,0.0,,False,A_true_desert
E01001694,Greenwich 001D,0,0.0,,False,A_true_desert
E01001687,Greenwich 002A,0,0.0,,False,A_true_desert
E01001688,Greenwich 002B,1,0.0549575617268518,0.0549575617268518,True,normal
E01033739,Greenwich 002E,0,0.0,,False,A_true_desert
E01033740,Greenwich 002F,0,0.0,,False,A_true_desert
E01033741,Greenwich 002G,1,0.050031635802469,0.0250158179012345,True,normal
E01033743,Greenwich 002H,0,0.0,,False,A_true_desert
E01033745,Greenwich 002I,0,0.0,,False,A_true_desert
E01001575,Greenwich 003A,0,0.0,,False,A_true_desert
E01001576,Greenwich 003B,0,0.0,,False,A_true_desert
E01001577,Greenwich 003C,0,0.0,,False,A_true_desert
E01001578,Greenwich 003D,0,0.0,,False,A_true_desert
E01001579,Greenwich 003E,0,0.0,,False,A_true_desert
E01001705,Greenwich 005A,0,0.0,,False,A_true_desert
E01001708,Greenwich 005C,0,0.0,,False,A_true_desert
E01001710,Greenwich 005D,1,0.1675266203695986,0.0558422067898662,True,normal
E01034173,Greenwich 005F,0,0.0,,False,A_true_desert
E01001672,Greenwich 006A,0,0.0,,False,A_true_desert
E01001673,Greenwich 006B,0,0.0,,False,A_true_desert
E01001674,Greenwich 006C,0,0.0,,False,A_true_desert
E01001675,Greenwich 006D,1,0.1046979166655091,0.0348993055551697,True,normal
E01001677,Greenwich 006E,0,0.0,,False,A_true_desert
E01001631,Greenwich 007B,0,0.0,,False,A_true_desert
E01001632,Greenwich 007C,1,0.0425806327152777,0.0425806327152777,True,normal
E01001635,Greenwich 007D,0,0.0,,False,A_true_desert
E01001636,Greenwich 007E,0,0.0,,False,A_true_desert
E01033742,Greenwich 007F,0,0.0,,False,A_true_desert
E01033744,Greenwich 007G,0,0.0,,False,A_true_desert
E01001571,Greenwich 008A,0,0.0,,False,A_true_desert
E01001572,Greenwich 008B,2,0.18978047839506168,0.04744511959876542,True,normal
E01001573,Greenwich 008C,0,0.0,,False,A_true_desert
E01001574,Greenwich 008D,0,0.0,,False,A_true_desert
E01001629,Greenwich 009A,0,0.0,,False,A_true_desert
E01001633,Greenwich 009B,0,0.0,,False,A_true_desert
E01001634,Greenwich 009C,0,0.0,,False,A_true_desert
E01001637,Greenwich 009D,0,0.0,,False,A_true_desert
E01001695,Greenwich 011A,0,0.0,,False,A_true_desert
E01001696,Greenwich 011B,1,0.0819077932091049,0.04095389660455245,True,normal
E01001697,Greenwich 011C,1,0.1337048611107253,0.04456828703690843,True,normal
E01001700,Greenwich 011D,1,0.0,0.0,True,B_underutilised
E01001703,Greenwich 011E,1,0.113963348765432,0.056981674382716,True,normal
E01001704,Greenwich 011F,0,0.0,,False,A_true_desert
E01001588,Greenwich 012A,1,0.0,0.0,True,B_underutilised
E01001589,Greenwich 012B,0,0.0,,False,A_true_desert
E01001591,Greenwich 012C,1,0.0,0.0,True,B_underutilised
E01001595,Greenwich 012D,2,0.1121763117276234,0.0560881558638117,True,normal
E01001590,Greenwich 014A,2,0.0,0.0,True,B_underutilised
E01001592,Greenwich 014B,2,0.0,0.0,True,B_underutilised
E01001593,Greenwich 014C,0,0.0,,False,A_true_desert
E01001594,Greenwich 014D,0,0.0,,False,A_true_desert
E01001698,Greenwich 015A,0,0.0,,False,A_true_desert
E01001699,Greenwich 015B,0,0.0,,False,A_true_desert
E01001701,Greenwich 015C,1,0.1172831790123455,0.039094393004115165,True,normal
E01001702,Greenwich 015D,0,0.0,,False,A_true_desert
E01001581,Greenwich 016A,3,0.2332669753070986,0.03887782921784977,True,normal
E01001585,Greenwich 016B,0,0.0,,False,A_true_desert
E01001586,Greenwich 016C,0,0.0,,False,A_true_desert
E01001587,Greenwich 016D,1,0.1315262345679012,0.0657631172839506,True,normal
E01001678,Greenwich 017A,1,0.0201774691358024,0.0201774691358024,True,normal
E01001683,Greenwich 017B,3,0.2425057870339505,0.08083526234465017,True,normal
E01001684,Greenwich 017C,0,0.0,,False,A_true_desert
E01001685,Greenwich 017D,0,0.0,,False,A_true_desert
E01001646,Greenwich 019A,1,0.0647673611107252,0.0323836805553626,True,normal
E01001650,Greenwich 019B,0,0.0,,False,A_true_desert
E01001651,Greenwich 019C,0,0.0,,False,A_true_desert
E01001652,Greenwich 019D,1,0.0068495370366512,0.0068495370366512,True,normal
E01001679,Greenwich 020A,0,0.0,,False,A_true_desert
E01001680,Greenwich 020B,0,0.0,,False,A_true_desert
E01001681,Greenwich 020C,3,0.0059938271604938,0.0019979423868312666,True,normal
E01001682,Greenwich 020D,0,0.0,,False,A_true_desert
E01001686,Greenwich 020E,1,0.055298611111111,0.018432870370370332,True,normal
E01001580,Greenwich 021A,0,0.0,,False,A_true_desert
E01001582,Greenwich 021B,0,0.0,,False,A_true_desert
E01001583,Greenwich 021C,2,0.0,0.0,True,B_underutilised
E01001584,Greenwich 021D,0,0.0,,False,A_true_desert
E01001645,Greenwich 022A,0,0.0,,False,A_true_desert
E01001647,Greenwich 022B,1,0.080746913579861,0.026915637859953667,True,normal
E01001648,Greenwich 022C,0,0.0,,False,A_true_desert
E01001649,Greenwich 022D,0,0.0,,False,A_true_desert
E01001605,Greenwich 023A,0,0.0,,False,A_true_desert
E01001606,Greenwich 023B,1,0.0416230709876542,0.0208115354938271,True,normal
E01001610,Greenwich 023C,1,0.019629243826774598,0.009814621913387299,True,normal
E01001611,Greenwich 023D,0,0.0,,False,A_true_desert
E01001620,Greenwich 025A,1,0.058253086419753,0.019417695473251,True,normal
E01001621,Greenwich 025B,1,0.3762102623410491,0.18810513117052455,True,normal
E01001623,Greenwich 025C,0,0.0,,False,A_true_desert
E01001624,Greenwich 025D,1,0.3457862654286263,0.17289313271431314,True,normal
E01001625,Greenwich 025E,4,0.3024768518506944,0.0378096064813368,True,normal
E01001604,Greenwich 027A,1,0.0,0.0,True,B_underutilised
E01001607,Greenwich 027B,0,0.0,,False,A_true_desert
E01001608,Greenwich 027C,0,0.0,,False,A_true_desert
E01001609,Greenwich 027D,0,0.0,,False,A_true_desert
E01001613,Greenwich 028A,0,0.0,,False,A_true_desert
E01001614,Greenwich 028B,0,0.0,,False,A_true_desert
E01001615,Greenwich 028C,1,0.046426311728395,0.046426311728395,True,normal
E01001617,Greenwich 028D,0,0.0,,False,A_true_desert
E01001653,Greenwich 029A,0,0.0,,False,A_true_desert
E01001654,Greenwich 029B,0,0.0,,False,A_true_desert
E01001655,Greenwich 029C,0,0.0,,False,A_true_desert
E01001660,Greenwich 029D,0,0.0,,False,A_true_desert
E01001661,Greenwich 029E,0,0.0,,False,A_true_desert
E01001618,Greenwich 030C,0,0.0,,False,A_true_desert
E01001619,Greenwich 030D,0,0.0,,False,A_true_desert
E01033729,Greenwich 030E,0,0.0,,False,A_true_desert
E01001597,Greenwich 031A,0,0.0,,False,A_true_desert
E01001598,Greenwich 031B,0,0.0,,False,A_true_desert
E01001602,Greenwich 031C,0,0.0,,False,A_true_desert
E01001603,Greenwich 031D,0,0.0,,False,A_true_desert
E01001596,Greenwich 032A,0,0.0,,False,A_true_desert
E01001599,Greenwich 032B,3,0.0262214506172838,0.0029134945130315335,True,normal
E01001600,Greenwich 032C,2,0.23888155864043187,0.05972038966010797,True,normal
E01001601,Greenwich 032D,0,0.0,,False,A_true_desert
E01001669,Greenwich 033A,0,0.0,,False,A_true_desert
E01001671,Greenwich 033B,0,0.0,,False,A_true_desert
E01001676,Greenwich 033C,0,0.0,,False,A_true_desert
E01032567,Greenwich 033D,0,0.0,,False,A_true_desert
E01001656,Greenwich 034A,0,0.0,,False,A_true_desert
E01001657,Greenwich 034B,0,0.0,,False,A_true_desert
E01001658,Greenwich 034C,1,0.030315200617283898,0.015157600308641949,True,normal
E01001659,Greenwich 034D,0,0.0,,False,A_true_desert
E01034174,Greenwich 034F,0,0.0,,False,A_true_desert
E01034175,Greenwich 034G,0,0.0,,False,A_true_desert
E01034176,Greenwich 034H,0,0.0,,False,A_true_desert
E01034177,Greenwich 034I,0,0.0,,False,A_true_desert
E01033727,Greenwich 035B,0,0.0,,False,A_true_desert
E01033728,Greenwich 035C,0,0.0,,False,A_true_desert
E01034178,Greenwich 035E,1,0.07001890432098751,0.035009452160493754,True,normal
E01034179,Greenwich 035F,1,0.0861361882716048,0.0287120627572016,True,normal
E01034180,Greenwich 035G,0,0.0,,False,A_true_desert
E01034181,Greenwich 035H,1,0.087007716048611,0.029002572016203668,True,normal
E01034182,Greenwich 035I,1,0.34022723765162033,0.17011361882581016,True,normal
E01001664,Greenwich 037B,0,0.0,,False,A_true_desert
E01001665,Greenwich 037C,3,0.0210817901226851,0.007027263374228367,True,normal
E01033738,Greenwich 037D,0,0.0,,False,A_true_desert
E01034183,Greenwich 037E,0,0.0,,False,A_true_desert
E01034184,Greenwich 037F,0,0.0,,False,A_true_desert
E01034185,Greenwich 037G,0,0.0,,False,A_true_desert
E01001638,Greenwich 038A,0,0.0,,False,A_true_desert
E01001641,Greenwich 038B,2,0.1116508487646602,0.022273180298225247,True,normal
E01001642,Greenwich 038C,0,0.0,,False,A_true_desert
E01001644,Greenwich 038D,0,0.0,,False,A_true_desert
E01033746,Greenwich 038E,1,0.0723900462959105,0.0723900462959105,True,normal
E01033734,Greenwich 039B,4,0.17362268518248442,0.021702835647810552,True,normal
E01033736,Greenwich 039A,0,0.0,,False,A_true_desert
E01034186,Greenwich 039C,0,0.0,,False,A_true_desert
E01034187,Greenwich 039D,0,0.0,,False,A_true_desert
E01034188,Greenwich 040A,0,0.0,,False,A_true_desert
E01034189,Greenwich 040B,1,0.0,0.0,True,B_underutilised
E01034190,Greenwich 040C,0,0.0,,False,A_true_desert
E01034191,Greenwich 040D,0,0.0,,False,A_true_desert
E01034192,Greenwich 040E,2,0.26262499999807076,0.04912471064782661,True,normal
E01001666,Greenwich 041G,1,0.0,0.0,True,B_underutilised
E01033732,Greenwich 041E,0,0.0,,False,A_true_desert
E01034193,Greenwich 041A,0,0.0,,False,A_true_desert
E01034194,Greenwich 041B,0,0.0,,False,A_true_desert
E01034195,Greenwich 041C,1,0.06264429012268499,0.031322145061342496,True,normal
E01034196,Greenwich 041D,0,0.0,,False,A_true_desert
E01001712,Greenwich 042A,1,0.09216396604861089,0.03072132201620363,True,normal
E01033735,Greenwich 042D,1,0.0,0.0,True,B_underutilised
E01033737,Greenwich 042B,0,0.0,,False,A_true_desert
E01034198,Greenwich 042C,0,0.0,,False,A_true_desert
E01001808,Hackney 001A,4,0.3006929012330246,0.037586612654128077,True,normal
E01001809,Hackney 001B,2,0.0,0.0,True,B_underutilised
E01001814,Hackney 001C,4,0.0,0.0,True,B_underutilised
E01001823,Hackney 001D,6,0.0,0.0,True,B_underutilised
E01001825,Hackney 001E,4,0.0,0.0,True,B_underutilised
E01001714,Hackney 002A,1,0.0,0.0,True,B_underutilised
E01001811,Hackney 002D,1,0.0,0.0,True,B_underutilised
E01001813,Hackney 002E,2,0.0,0.0,True,B_underutilised
E01035638,Hackney 002G,1,0.2175493827156635,0.10877469135783174,True,normal
E01035639,Hackney 002H,3,0.0,0.0,True,B_underutilised
E01001799,Hackney 003A,3,0.0,0.0,True,B_underutilised
E01001802,Hackney 003B,11,0.0760605709876543,0.0034572986812570136,True,normal
E01001804,Hackney 003C,10,0.0341192129625769,0.0008643229166570126,True,normal
E01001807,Hackney 003D,13,0.0079699074074073,0.0003065349002848962,True,normal
E01001812,Hackney 003E,15,0.0,0.0,True,B_underutilised
E01001725,Hackney 004A,9,0.1025605709872684,0.011395618998585377,True,normal
E01001726,Hackney 004B,1,0.0,0.0,True,B_underutilised
E01001800,Hackney 004C,0,0.0,,False,A_true_desert
E01001824,Hackney 004D,4,0.022374614197530802,0.0027968267746913502,True,normal
E01001826,Hackney 004E,5,0.0594378858024691,0.00594378858024691,True,normal
E01001723,Hackney 006A,15,0.0,0.0,True,B_underutilised
E01001724,Hackney 006B,7,0.25242824072916636,0.018030588623511885,True,normal
E01001727,Hackney 006C,12,0.0,0.0,True,B_underutilised
E01001768,Hackney 006D,18,0.07678665123456786,0.004265925068587103,True,normal
E01001769,Hackney 006E,16,0.2539440586415894,0.00793575183254967,True,normal
E01001715,Hackney 007A,14,7.638888888888889e-05,5.456349206349206e-06,True,normal
E01001716,Hackney 007B,7,0.0337557870362654,0.0024111276454475286,True,normal
E01001717,Hackney 007C,0,0.0,,False,A_true_desert
E01001718,Hackney 007D,11,0.0535115740733023,0.004864688552118391,True,normal
E01001719,Hackney 007E,1,0.0,0.0,True,B_underutilised
E01001720,Hackney 007F,14,0.0355192901230708,0.002537092151647914,True,normal
E01001742,Hackney 008A,8,0.4967503857974538,0.03104689911234086,True,normal
E01001801,Hackney 008B,3,0.007335262345679,0.0024450874485596667,True,normal
E01001803,Hackney 008C,9,0.37383796296141947,0.03167496141962447,True,normal
E01001806,Hackney 008D,10,0.05059259259182079,0.00273628472218363,True,normal
E01001741,Hackney 009A,17,0.09843016975308609,0.004489061365286841,True,normal
E01001805,Hackney 009B,6,0.0,0.0,True,B_underutilised
E01001829,Hackney 009C,16,0.098714891973765,0.006169680748360312,True,normal
E01001831,Hackney 009D,7,0.0,0.0,True,B_underutilised
E01001832,Hackney 009E,10,0.6028379629517746,0.03246942515376157,True,normal
E01001764,Hackney 010A,11,0.0468680555555555,0.004260732323232318,True,normal
E01001765,Hackney 010B,1,0.0,0.0,True,B_underutilised
E01001767,Hackney 010D,15,0.07257754629475291,0.004838503086316861,True,normal
E01001770,Hackney 010E,13,0.0360844907403549,0.002775730056950377,True,normal
E01033703,Hackney 010F,8,0.0855914351847992,0.0106989293980999,True,normal
E01033713,Hackney 010G,7,0.42367901234220656,0.030262786595871897,True,normal
E01001792,Hackney 011A,13,0.0348622685181327,0.0026817129629332845,True,normal
E01001793,Hackney 011B,10,0.072025077159722,0.005364210390895047,True,normal
E01001794,Hackney 011C,17,0.2614363425918206,0.013057768246141955,True,normal
E01001795,Hackney 011D,14,0.07010995370370351,0.005007853835978822,True,normal
E01001796,Hackney 011E,15,0.05264737654282375,0.0019008058984653477,True,normal
E01001736,Hackney 012A,15,0.1209390432071756,0.005288143004012333,True,normal
E01001737,Hackney 012B,16,0.08108757715972201,0.0050679735724826255,True,normal
E01001738,Hackney 012C,12,0.21725810185146596,0.009516541280832043,True,normal
E01001739,Hackney 012D,14,0.0,0.0,True,B_underutilised
E01001786,Hackney 013A,5,0.2009880401226851,0.04019760802453702,True,normal
E01001787,Hackney 013B,8,0.0724737654317128,0.007839964313223369,True,normal
E01001788,Hackney 013C,8,0.181180555554398,0.013931592399619006,True,normal
E01001790,Hackney 013D,2,0.0111292438267746,0.0055646219133873,True,normal
E01001740,Hackney 014A,6,0.24750810185030853,0.010312837577096189,True,normal
E01001747,Hackney 014B,8,0.0002060185185185,2.57523148148125e-05,True,normal
E01001830,Hackney 014C,2,0.0,0.0,True,B_underutilised
E01001833,Hackney 014D,11,0.0,0.0,True,B_underutilised
E01001834,Hackney 014E,9,0.0378352623452929,0.004203918038365877,True,normal
E01001835,Hackney 014F,12,0.0039668209876542,0.00033056841563785,True,normal
E01001733,Hackney 015A,15,0.43832600308526215,0.015112872942348244,True,normal
E01001785,Hackney 015B,20,0.1386539351851849,0.005814004629629617,True,normal
E01001789,Hackney 015C,20,0.014958719135416599,0.0007479359567708299,True,normal
E01001791,Hackney 015D,13,0.0804992283935184,0.0061922483379629545,True,normal
E01001745,Hackney 016A,5,0.25557986111033937,0.025557986111033937,True,normal
E01001746,Hackney 016B,0,0.0,,False,A_true_desert
E01001757,Hackney 016C,1,0.0,0.0,True,B_underutilised
E01001758,Hackney 016D,5,0.0,0.0,True,B_underutilised
E01001759,Hackney 016E,11,0.2070300925906634,0.009410458754121064,True,normal
E01001761,Hackney 016F,4,0.00471875,0.0011796875,True,normal
E01001731,Hackney 017A,7,0.0,0.0,True,B_underutilised
E01001734,Hackney 017B,10,0.0710543981477622,0.0071054398147762194,True,normal
E01001760,Hackney 017C,2,0.0,0.0,True,B_underutilised
E01001762,Hackney 017D,10,0.0565806327160493,0.00565806327160493,True,normal
E01001846,Hackney 018A,2,0.06862191357870359,0.034310956789351796,True,normal
E01001847,Hackney 018B,12,0.41500347222029316,0.01729182741759902,True,normal
E01001848,Hackney 018C,10,0.10549189814737639,0.010549189814737639,True,normal
E01001849,Hackney 018D,11,0.3760081018487653,0.017796997755173252,True,normal
E01001729,Hackney 019A,0,0.0,,False,A_true_desert
E01001730,Hackney 019B,3,0.0,0.0,True,B_underutilised
E01001732,Hackney 019C,4,0.31396875,0.03924609375,True,normal
E01001735,Hackney 019D,7,0.3844255401219135,0.02745896715156525,True,normal
E01001838,Hackney 019E,4,0.0,0.0,True,B_underutilised
E01001850,Hackney 019F,3,0.0,0.0,True,B_underutilised
E01001749,Hackney 020B,19,0.022439814814814697,0.0011810428849902473,True,normal
E01001763,Hackney 020C,13,0.0490486111107252,0.0018864850427202,True,normal
E01001816,Hackney 020D,17,0.06937499999922811,0.004080882352895771,True,normal
E01001819,Hackney 020E,10,0.0706284722222219,0.004060995370370345,True,normal
E01035640,Hackney 020F,11,0.0135424382716049,0.001231130751964082,True,normal
E01035641,Hackney 020G,3,0.0,0.0,True,B_underutilised
E01001836,Hackney 022A,6,0.1088140432094906,0.012813786008166133,True,normal
E01001840,Hackney 022B,7,0.0350536265432098,0.005007660934744257,True,normal
E01001841,Hackney 022C,9,0.0467206790119598,0.005191186556884423,True,normal
E01001844,Hackney 022D,20,0.3398441357978391,0.013891406249797433,True,normal
E01001845,Hackney 022E,8,0.1743576388881172,0.02179470486101465,True,normal
E01001837,Hackney 023B,10,0.12310763888811689,0.0041035879629372305,True,normal
E01001839,Hackney 023C,3,0.0,0.0,True,B_underutilised
E01001842,Hackney 023D,7,0.1314845678996912,0.018783509699955885,True,normal
E01001843,Hackney 023E,9,9.29783950617284e-05,1.033093278463649e-05,True,normal
E01033704,Hackney 023F,6,0.3033672839471448,0.04889194315788962,True,normal
E01033712,Hackney 023G,9,0.18676311728356468,0.01133191872423696,True,normal
E01001772,Hackney 024A,2,0.0733537808641975,0.018338445216049375,True,normal
E01001774,Hackney 024B,8,0.0,0.0,True,B_underutilised
E01001775,Hackney 024C,8,0.0785756172839506,0.009821952160493825,True,normal
E01001815,Hackney 024D,7,0.0180667438271604,0.002580963403880057,True,normal
E01001820,Hackney 024E,9,0.0683391203703703,0.00759323559670781,True,normal
E01001821,Hackney 024F,6,0.0313391203699844,0.005223186728330734,True,normal
E01001753,Hackney 025B,1,0.0,0.0,True,B_underutilised
E01001755,Hackney 025D,10,0.5190489969081789,0.01768985339483024,True,normal
E01001773,Hackney 025E,8,0.2660258487650461,0.01662661554781538,True,normal
E01001776,Hackney 025F,9,0.25304745370370363,0.01405819187242798,True,normal
E01035642,Hackney 025G,3,0.0064818672839506,0.0021606224279835332,True,normal
E01035643,Hackney 025H,9,0.2744506172638887,0.015440114882265935,True,normal
E01035644,Hackney 025I,1,0.0,0.0,True,B_underutilised
E01035645,Hackney 025J,7,0.3213699845663579,0.03173514660482803,True,normal
E01001781,Hackney 026B,6,0.0,0.0,True,B_underutilised
E01001783,Hackney 026D,7,0.4550806327129628,0.05311213073153658,True,normal
E01035646,Hackney 026E,5,0.0,0.0,True,B_underutilised
E01035647,Hackney 026F,0,0.0,,False,A_true_desert
E01035648,Hackney 026G,1,0.0,0.0,True,B_underutilised
E01035649,Hackney 026H,8,0.510223765425926,0.06377797067824074,True,normal
E01001798,Hackney 028A,6,0.045662422839120316,0.007610403806520053,True,normal
E01001828,Hackney 028B,6,0.4570374228391204,0.07617290380652007,True,normal
E01033702,Hackney 028C,7,0.7367071759251542,0.06733005401229054,True,normal
E01033705,Hackney 028D,3,0.0,0.0,True,B_underutilised
E01033710,Hackney 028E,2,0.0637685185185185,0.03188425925925925,True,normal
E01001722,Hackney 029A,10,0.07436419753047821,0.00655844907403548,True,normal
E01001728,Hackney 029B,8,0.2636670524440586,0.01647919077775366,True,normal
E01001822,Hackney 029C,1,0.0,0.0,True,B_underutilised
E01001827,Hackney 029D,5,0.0,0.0,True,B_underutilised
E01001756,Hackney 030C,14,0.17510378086342582,0.008776813271577375,True,normal
E01033699,Hackney 030A,5,0.046570987654320904,0.00465709876543209,True,normal
E01033700,Hackney 030B,5,0.0,0.0,True,B_underutilised
E01001744,Hackney 031A,9,0.0684425154317129,0.0076047239368569886,True,normal
E01001750,Hackney 031D,15,0.0428699845675154,0.0028579989711676936,True,normal
E01001751,Hackney 031B,24,0.0999120370362652,0.004163001543177717,True,normal
E01035650,Hackney 031C,8,0.0,0.0,True,B_underutilised
E01001780,Hackney 032D,10,0.0561601080246913,0.00561601080246913,True,normal
E01001784,Hackney 032A,5,0.06431635802430541,0.012863271604861082,True,normal
E01033709,Hackney 032B,4,0.0,0.0,True,B_underutilised
E01033711,Hackney 032C,5,0.1209575617280092,0.008063837448533947,True,normal
E01001777,Hackney 033A,11,0.0890119598757714,0.008091996352342855,True,normal
E01033706,Hackney 033B,11,0.1999645061724534,0.018178591470223035,True,normal
E01033708,Hackney 033C,16,0.5513043981442894,0.025453691647207722,True,normal
E01001875,Hammersmith and Fulham 001B,34,0.25639043209606416,0.006161208696384787,True,normal
E01001876,Hammersmith and Fulham 001C,18,0.0866153549374999,0.0033319401577289057,True,normal
E01001877,Hammersmith and Fulham 001D,29,0.3124510030852616,0.007408238878238065,True,normal
E01001878,Hammersmith and Fulham 001E,38,0.3703221450609561,0.009745319606867267,True,normal
E01035484,Hammersmith and Fulham 001F,24,0.09571913580169719,0.003139451517473625,True,normal
E01035485,Hammersmith and Fulham 001G,0,0.0,,False,A_true_desert
E01001955,Hammersmith and Fulham 002A,31,0.800916280857638,0.023003777130413655,True,normal
E01001957,Hammersmith and Fulham 002B,13,0.4323236882696753,0.033255668328436565,True,normal
E01001958,Hammersmith and Fulham 002C,8,0.3195864197496137,0.032180483217303185,True,normal
E01001961,Hammersmith and Fulham 002D,17,0.7503117283892737,0.04331736791904951,True,normal
E01001954,Hammersmith and Fulham 003A,15,0.1580397376539346,0.007501703960898896,True,normal
E01001956,Hammersmith and Fulham 003B,34,0.151705632715663,0.004063526915384425,True,normal
E01001959,Hammersmith and Fulham 003C,15,0.1250084876543207,0.008333899176954714,True,normal
E01001960,Hammersmith and Fulham 003D,29,0.2966956018495364,0.010230882822397808,True,normal
E01001943,Hammersmith and Fulham 004A,24,0.7222245370297058,0.02408805941338731,True,normal
E01001944,Hammersmith and Fulham 004B,1,0.0446666666662808,0.0446666666662808,True,normal
E01001945,Hammersmith and Fulham 004C,28,0.4292187499961414,0.015329241071290764,True,normal
E01001946,Hammersmith and Fulham 004D,30,0.2460162037033175,0.008200540123443918,True,normal
E01001862,Hammersmith and Fulham 005A,23,0.0904980709876542,0.0039346987385936606,True,normal
E01001940,Hammersmith and Fulham 005B,19,0.1623043981469904,0.008542336744578443,True,normal
E01001941,Hammersmith and Fulham 005C,19,0.3239745370370365,0.01705129142300192,True,normal
E01001942,Hammersmith and Fulham 005D,37,0.5141010802457551,0.013894623790425813,True,normal
E01001858,Hammersmith and Fulham 006A,16,0.16283834876504572,0.008222632137321535,True,normal
E01001860,Hammersmith and Fulham 006B,17,0.035792052468364,0.0017574437182053294,True,normal
E01001861,Hammersmith and Fulham 006C,22,0.6379753086392741,0.02899887766542155,True,normal
E01001863,Hammersmith and Fulham 006D,18,0.354114583332561,0.0196730324073645,True,normal
E01001864,Hammersmith and Fulham 006E,26,0.16248649691357991,0.006245043922127242,True,normal
E01001852,Hammersmith and Fulham 007A,26,0.1542905092592588,0.004929843304843288,True,normal
E01001853,Hammersmith and Fulham 007B,27,0.627783564811342,0.023251243141160814,True,normal
E01001854,Hammersmith and Fulham 007C,19,0.0892353395061726,0.004696596816114347,True,normal
E01001857,Hammersmith and Fulham 007D,6,0.0438560956782406,0.004956500771540616,True,normal
E01001859,Hammersmith and Fulham 008A,25,0.717461033945987,0.01971165895046294,True,normal
E01001865,Hammersmith and Fulham 008B,53,0.3156554783927457,0.005955763743259353,True,normal
E01001927,Hammersmith and Fulham 008C,42,0.3097002314795515,0.006639896261956794,True,normal
E01001930,Hammersmith and Fulham 008D,25,0.0813784722218358,0.0032551388888734318,True,normal
E01001895,Hammersmith and Fulham 009A,45,0.32992631172762293,0.007331695816169399,True,normal
E01001896,Hammersmith and Fulham 009B,26,0.2156207561724533,0.008293106006632819,True,normal
E01001897,Hammersmith and Fulham 009C,52,0.283222993826388,0.005446596035122846,True,normal
E01001929,Hammersmith and Fulham 009D,34,0.2581844135783174,0.007593659222891688,True,normal
E01001851,Hammersmith and Fulham 010A,25,0.1473684413572526,0.005886172839490725,True,normal
E01001855,Hammersmith and Fulham 010B,24,0.04071952160455213,0.0016966467335230056,True,normal
E01001856,Hammersmith and Fulham 010C,23,0.1395486111099533,0.006067330917824057,True,normal
E01001869,Hammersmith and Fulham 010D,27,0.1286917438260027,0.0024835962505501156,True,normal
E01001873,Hammersmith and Fulham 010E,13,0.18033449074035476,0.013871883903104213,True,normal
E01001928,Hammersmith and Fulham 011A,31,0.2151427469120363,0.006940088610065687,True,normal
E01001931,Hammersmith and Fulham 011B,8,0.1192052469131941,0.014900655864149263,True,normal
E01001932,Hammersmith and Fulham 011C,18,0.3208047839498452,0.014623585390903613,True,normal
E01001933,Hammersmith and Fulham 011D,36,0.3892793209872678,0.01081331447186855,True,normal
E01001866,Hammersmith and Fulham 012A,10,0.09796180555439793,0.005989216820929767,True,normal
E01001867,Hammersmith and Fulham 012B,5,0.39456404318865723,0.04910100308429781,True,normal
E01001868,Hammersmith and Fulham 012C,8,0.1354702932098763,0.015828703703703675,True,normal
E01001870,Hammersmith and Fulham 012D,23,0.25680709876388863,0.01116552603321255,True,normal
E01001871,Hammersmith and Fulham 012E,11,0.166898148147762,0.015172558922523817,True,normal
E01001872,Hammersmith and Fulham 012F,22,0.3141072530833327,0.01086827476140307,True,normal
E01001893,Hammersmith and Fulham 013A,9,1.3614023918121134,0.02658235810812111,True,normal
E01001894,Hammersmith and Fulham 013B,17,0.48587229938155807,0.02858072349303283,True,normal
E01001898,Hammersmith and Fulham 013C,36,0.3043198302442123,0.004747433341879915,True,normal
E01001899,Hammersmith and Fulham 013D,11,0.2728032407403548,0.024800294612759524,True,normal
E01001900,Hammersmith and Fulham 013E,14,0.2026716820979933,0.014476548721285235,True,normal
E01001889,Hammersmith and Fulham 014A,29,0.2715802469131936,0.008499940134086286,True,normal
E01001910,Hammersmith and Fulham 014B,14,0.06136612654320939,0.004383294753086385,True,normal
E01001913,Hammersmith and Fulham 014C,28,0.5602256943973762,0.012439215442253623,True,normal
E01001914,Hammersmith and Fulham 014D,19,0.06532523148109538,0.0034381700779523884,True,normal
E01001885,Hammersmith and Fulham 015A,1,0.0076369598761574,0.0076369598761574,True,normal
E01001908,Hammersmith and Fulham 015B,29,0.0762669753086417,0.0026298957002979895,True,normal
E01001909,Hammersmith and Fulham 015C,30,0.2041450617268511,0.006804835390895036,True,normal
E01001911,Hammersmith and Fulham 015D,12,0.0768526234567898,0.006404385288065816,True,normal
E01001912,Hammersmith and Fulham 015E,1,0.0547098765428239,0.02735493827141195,True,normal
E01001886,Hammersmith and Fulham 016A,16,0.1497897376535491,0.00936185860334682,True,normal
E01001887,Hammersmith and Fulham 016B,16,0.12320216049344099,0.007700135030840062,True,normal
E01001890,Hammersmith and Fulham 016C,26,0.2387723765420517,0.009183552943925064,True,normal
E01001892,Hammersmith and Fulham 016D,15,0.1067596450601848,0.007117309670678987,True,normal
E01001880,Hammersmith and Fulham 017A,4,0.0822114197527004,0.011101176697434375,True,normal
E01001881,Hammersmith and Fulham 017B,30,0.1790516975300921,0.005968389917669736,True,normal
E01001882,Hammersmith and Fulham 017C,19,0.2056786265424377,0.010825190870654616,True,normal
E01001883,Hammersmith and Fulham 017D,24,0.5525729166643512,0.0230238715276813,True,normal
E01001884,Hammersmith and Fulham 017E,23,0.22232214505979891,0.0081409856413882,True,normal
E01001888,Hammersmith and Fulham 018A,33,0.177670910493441,0.0041328056802554785,True,normal
E01001891,Hammersmith and Fulham 018B,35,0.2634162808626539,0.0059414958112544,True,normal
E01001917,Hammersmith and Fulham 018C,17,0.08139313271604891,0.004787831336238171,True,normal
E01001918,Hammersmith and Fulham 018D,21,0.3470030864174376,0.016523956496068457,True,normal
E01001919,Hammersmith and Fulham 018E,29,0.5144104938248445,0.016891962005028696,True,normal
E01001879,Hammersmith and Fulham 019A,23,0.3046809413568665,0.010729362363520945,True,normal
E01001901,Hammersmith and Fulham 019B,20,0.1469452160489966,0.00734726080244983,True,normal
E01001902,Hammersmith and Fulham 019C,33,0.284869984567129,0.006709946689089956,True,normal
E01001903,Hammersmith and Fulham 019D,11,0.15928973765123436,0.007802890011065502,True,normal
E01001920,Hammersmith and Fulham 020A,11,0.1011674382704473,0.006455246913510081,True,normal
E01001921,Hammersmith and Fulham 020B,22,0.1499606481469902,0.005028432472859361,True,normal
E01001922,Hammersmith and Fulham 020C,39,0.410812499997684,0.009920826408614247,True,normal
E01001923,Hammersmith and Fulham 020D,26,0.124366898147762,0.004783342236452385,True,normal
E01001924,Hammersmith and Fulham 020E,17,0.16369868827083264,0.009629334604166626,True,normal
E01001947,Hammersmith and Fulham 021A,9,0.3049297839494595,0.022074194101414583,True,normal
E01001948,Hammersmith and Fulham 021B,21,0.13613657407253038,0.006482694003453827,True,normal
E01001949,Hammersmith and Fulham 021C,23,0.2706107253082553,0.011765683709054578,True,normal
E01001950,Hammersmith and Fulham 021D,22,0.16945486110995311,0.007702493686816051,True,normal
E01001951,Hammersmith and Fulham 021E,23,0.173447916665123,0.005693362520099454,True,normal
E01001953,Hammersmith and Fulham 021F,8,0.1786986882689041,0.02233733603361301,True,normal
E01001904,Hammersmith and Fulham 022A,25,0.3386639660486104,0.013546558641944415,True,normal
E01001905,Hammersmith and Fulham 022B,34,0.319270447529706,0.008925551470554172,True,normal
E01001906,Hammersmith and Fulham 022C,19,0.070199459876543,0.0036947084145548944,True,normal
E01001907,Hammersmith and Fulham 022D,23,0.23753819444251492,0.009956723027299698,True,normal
E01001935,Hammersmith and Fulham 023A,36,0.15719483024652717,0.004366523062403533,True,normal
E01032788,Hammersmith and Fulham 023D,18,0.2954810956790116,0.016415616426611754,True,normal
E01032789,Hammersmith and Fulham 023E,0,0.0,,False,A_true_desert
E01032790,Hammersmith and Fulham 023F,0,0.0,,False,A_true_desert
E01035486,Hammersmith and Fulham 023G,0,0.0,,False,A_true_desert
E01035487,Hammersmith and Fulham 023H,25,0.3722804783942895,0.01191437757200615,True,normal
E01001915,Hammersmith and Fulham 024A,36,0.3742970678954467,0.009238506301317067,True,normal
E01001916,Hammersmith and Fulham 024B,22,0.0831041666662803,0.0037774621211945593,True,normal
E01001926,Hammersmith and Fulham 024C,17,0.132469521604166,0.007792324800245059,True,normal
E01001952,Hammersmith and Fulham 024D,11,0.0260706018518517,0.0023700547138046997,True,normal
E01001925,Hammersmith and Fulham 025A,23,0.22617554012191293,0.008182090378363167,True,normal
E01001934,Hammersmith and Fulham 025B,9,0.2461427469108792,0.01969920267472561,True,normal
E01001937,Hammersmith and Fulham 025C,27,0.1423356481477617,0.005271690672139322,True,normal
E01001938,Hammersmith and Fulham 025D,16,0.1733699845671295,0.010835624035445593,True,normal
E01001969,Haringey 001A,2,0.2344108796288579,0.11720543981442895,True,normal
E01001971,Haringey 001B,0,0.0,,False,A_true_desert
E01001974,Haringey 001C,1,0.028456404320987498,0.014228202160493749,True,normal
E01001975,Haringey 001D,1,0.0041084104938271,0.0041084104938271,True,normal
E01002036,Haringey 002A,1,0.0353599537033178,0.0176799768516589,True,normal
E01002037,Haringey 002B,0,0.0,,False,A_true_desert
E01002039,Haringey 002C,0,0.0,,False,A_true_desert
E01002040,Haringey 002D,0,0.0,,False,A_true_desert
E01001962,Haringey 004A,1,0.0167766203703703,0.0167766203703703,True,normal
E01001970,Haringey 004B,0,0.0,,False,A_true_desert
E01001972,Haringey 004C,3,0.143354938270833,0.01949014060343788,True,normal
E01001973,Haringey 004D,1,0.0096184413580246,0.0096184413580246,True,normal
E01002090,Haringey 005A,1,0.0,0.0,True,B_underutilised
E01002093,Haringey 005B,4,0.4880316357959104,0.0610039544744888,True,normal
E01002096,Haringey 005C,1,0.0,0.0,True,B_underutilised
E01002097,Haringey 005D,1,0.029798611111110998,0.014899305555555499,True,normal
E01002091,Haringey 006A,0,0.0,,False,A_true_desert
E01002092,Haringey 006B,0,0.0,,False,A_true_desert
E01002094,Haringey 006C,0,0.0,,False,A_true_desert
E01002095,Haringey 006D,1,0.0,0.0,True,B_underutilised
E01002098,Haringey 007A,1,0.0219305555555555,0.01096527777777775,True,normal
E01002101,Haringey 007B,3,0.1628040123445215,0.0500009002054398,True,normal
E01002102,Haringey 007C,4,0.0174706790115738,0.00145588991763115,True,normal
E01002105,Haringey 007D,3,0.1204641203680553,0.020077353394675885,True,normal
E01002099,Haringey 008A,1,0.0417067901230708,0.013902263374356932,True,normal
E01002100,Haringey 008B,1,0.0729417438271603,0.024313914609053435,True,normal
E01002103,Haringey 008C,0,0.0,,False,A_true_desert
E01002104,Haringey 008D,1,0.054544753085648004,0.027272376542824002,True,normal
E01001963,Haringey 009A,1,0.0227754629629628,0.0113877314814814,True,normal
E01001964,Haringey 009B,0,0.0,,False,A_true_desert
E01001965,Haringey 009C,1,0.1002334104930554,0.0501167052465277,True,normal
E01001966,Haringey 009D,4,0.16913001543094108,0.033450327931905825,True,normal
E01002027,Haringey 010A,1,0.0112314814810956,0.0112314814810956,True,normal
E01002028,Haringey 010B,1,0.0749351851851851,0.03746759259259255,True,normal
E01002032,Haringey 010C,0,0.0,,False,A_true_desert
E01002033,Haringey 010D,3,0.3096701388869596,0.05161168981449327,True,normal
E01001976,Haringey 011A,0,0.0,,False,A_true_desert
E01001977,Haringey 011B,1,0.0297094907407407,0.01485474537037035,True,normal
E01001978,Haringey 011C,0,0.0,,False,A_true_desert
E01001979,Haringey 011D,0,0.0,,False,A_true_desert
E01002074,Haringey 012A,1,0.10377970678935171,0.03459323559645057,True,normal
E01002077,Haringey 012B,0,0.0,,False,A_true_desert
E01002079,Haringey 012C,0,0.0,,False,A_true_desert
E01002081,Haringey 012D,1,0.041214506171682,0.020607253085841,True,normal
E01002082,Haringey 013A,0,0.0,,False,A_true_desert
E01002086,Haringey 013B,0,0.0,,False,A_true_desert
E01002088,Haringey 013C,0,0.0,,False,A_true_desert
E01002089,Haringey 013D,0,0.0,,False,A_true_desert
E01001967,Haringey 014A,3,0.17250925925733002,0.025065682870113126,True,normal
E01001968,Haringey 014B,0,0.0,,False,A_true_desert
E01001996,Haringey 014C,1,0.0,0.0,True,B_underutilised
E01001997,Haringey 014D,2,0.1671238425902776,0.0417809606475694,True,normal
E01002075,Haringey 015A,1,0.0683375771604937,0.017084394290123425,True,normal
E01002076,Haringey 015B,1,0.125975694443287,0.0629878472216435,True,normal
E01002078,Haringey 015C,1,0.1023495370362653,0.025587384259066325,True,normal
E01033943,Haringey 015E,0,0.0,,False,A_true_desert
E01033944,Haringey 015F,0,0.0,,False,A_true_desert
E01002026,Haringey 016A,1,0.0,0.0,True,B_underutilised
E01002029,Haringey 016B,1,0.0,0.0,True,B_underutilised
E01002030,Haringey 016C,4,0.0,0.0,True,B_underutilised
E01002031,Haringey 016D,2,0.2121647376527776,0.04078677983510155,True,normal
E01001991,Haringey 017A,0,0.0,,False,A_true_desert
E01001992,Haringey 017B,0,0.0,,False,A_true_desert
E01001993,Haringey 017C,1,0.0888402777770061,0.04442013888850305,True,normal
E01001995,Haringey 017D,0,0.0,,False,A_true_desert
E01001980,Haringey 018A,1,0.0648811728387343,0.016220293209683576,True,normal
E01001981,Haringey 018B,0,0.0,,False,A_true_desert
E01001982,Haringey 018C,0,0.0,,False,A_true_desert
E01001983,Haringey 018D,1,0.0884170524691357,0.04420852623456785,True,normal
E01002083,Haringey 019A,0,0.0,,False,A_true_desert
E01002084,Haringey 019B,1,1.0421597222206787,0.34738657407355955,True,normal
E01002085,Haringey 019C,1,0.0604216820987653,0.03021084104938265,True,normal
E01002087,Haringey 019D,0,0.0,,False,A_true_desert
E01002014,Haringey 020B,2,0.08230709876543191,0.01696318801440325,True,normal
E01002015,Haringey 020C,0,0.0,,False,A_true_desert
E01002018,Haringey 020D,1,0.0331226851851851,0.01656134259259255,True,normal
E01033086,Haringey 020F,1,0.09752662036959871,0.048763310184799354,True,normal
E01033945,Haringey 020G,0,0.0,,False,A_true_desert
E01033946,Haringey 020H,0,0.0,,False,A_true_desert
E01002020,Haringey 021A,0,0.0,,False,A_true_desert
E01002022,Haringey 021B,4,0.2981111111095676,0.04843486368287032,True,normal
E01002023,Haringey 021C,0,0.0,,False,A_true_desert
E01002025,Haringey 021D,2,0.1089239969128085,0.027230999228202126,True,normal
E01002013,Haringey 022A,1,0.0792662037037036,0.0396331018518518,True,normal
E01002019,Haringey 022B,0,0.0,,False,A_true_desert
E01002021,Haringey 022C,1,0.0384239969135802,0.0192119984567901,True,normal
E01002024,Haringey 022D,0,0.0,,False,A_true_desert
E01001998,Haringey 023A,2,0.1583707561724535,0.027764178240644248,True,normal
E01001999,Haringey 023B,1,0.0670208333329474,0.01675520833323685,True,normal
E01002003,Haringey 023C,1,0.1160794753067127,0.0386931584355709,True,normal
E01002004,Haringey 023D,0,0.0,,False,A_true_desert
E01002067,Haringey 024A,1,0.0659625771597222,0.0329812885798611,True,normal
E01002069,Haringey 024B,1,0.041187885802469,0.0205939429012345,True,normal
E01002070,Haringey 024C,4,0.24398341049189778,0.032031860853620066,True,normal
E01002073,Haringey 024D,0,0.0,,False,A_true_desert
E01002066,Haringey 025A,1,0.0077357253086419,0.00386786265432095,True,normal
E01002068,Haringey 025B,2,0.0473055555551697,0.011826388888792425,True,normal
E01002071,Haringey 025C,2,0.0414814814814813,0.01225713734567895,True,normal
E01002072,Haringey 025D,1,0.0160972222222221,0.00804861111111105,True,normal
E01002043,Haringey 026A,0,0.0,,False,A_true_desert
E01002045,Haringey 026B,0,0.0,,False,A_true_desert
E01002046,Haringey 026C,0,0.0,,False,A_true_desert
E01002049,Haringey 026D,0,0.0,,False,A_true_desert
E01002042,Haringey 027A,1,0.059940200617283904,0.029970100308641952,True,normal
E01002044,Haringey 027B,0,0.0,,False,A_true_desert
E01002047,Haringey 027C,1,0.047942129628858,0.047942129628858,True,normal
E01002048,Haringey 027D,0,0.0,,False,A_true_desert
E01002016,Haringey 028A,0,0.0,,False,A_true_desert
E01002017,Haringey 028B,0,0.0,,False,A_true_desert
E01002059,Haringey 028C,0,0.0,,False,A_true_desert
E01002060,Haringey 028D,1,0.0917380401230708,0.0458690200615354,True,normal
E01002050,Haringey 029A,3,0.027038580246913402,0.004542373971193384,True,normal
E01002051,Haringey 029B,0,0.0,,False,A_true_desert
E01002052,Haringey 029C,3,0.0489737654320987,0.016324588477366234,True,normal
E01002055,Haringey 029D,1,0.0,0.0,True,B_underutilised
E01001994,Haringey 030A,1,0.0280270061724534,0.00700675154311335,True,normal
E01002008,Haringey 030B,2,0.0914552469128085,0.022863811728202125,True,normal
E01002010,Haringey 030C,1,0.0077210648148148,0.0077210648148148,True,normal
E01002011,Haringey 030D,3,0.2474764660451386,0.0549953703692129,True,normal
E01002000,Haringey 031A,2,0.098530864197145,0.02463271604928625,True,normal
E01002001,Haringey 031B,0,0.0,,False,A_true_desert
E01002002,Haringey 031C,2,0.0328001543209875,0.008447241512345624,True,normal
E01002058,Haringey 031D,0,0.0,,False,A_true_desert
E01002053,Haringey 032A,1,0.1205972222222221,0.04019907407407403,True,normal
E01002054,Haringey 032B,0,0.0,,False,A_true_desert
E01002056,Haringey 032C,0,0.0,,False,A_true_desert
E01002057,Haringey 032D,2,0.1731493055520833,0.08657465277604165,True,normal
E01001984,Haringey 033A,0,0.0,,False,A_true_desert
E01001985,Haringey 033B,1,0.11231057098688259,0.028077642746720647,True,normal
E01001987,Haringey 033C,1,0.0379124228395059,0.012637474279835298,True,normal
E01001989,Haringey 033D,2,0.0867206790108023,0.021680169752700575,True,normal
E01001986,Haringey 034A,1,0.0,0.0,True,B_underutilised
E01001988,Haringey 034B,3,0.1418449074062498,0.0344856610079732,True,normal
E01001990,Haringey 034C,2,0.2212256944417434,0.027653211805217924,True,normal
E01002062,Haringey 034D,1,0.0419903549382716,0.0419903549382716,True,normal
E01002005,Haringey 035A,2,0.2974880401195986,0.07437201002989965,True,normal
E01002006,Haringey 035B,1,0.0250844907399691,0.01254224536998455,True,normal
E01002007,Haringey 035C,3,0.1245397376543208,0.019872042181069926,True,normal
E01002009,Haringey 035D,1,0.08775270061651211,0.021938175154128027,True,normal
E01002061,Haringey 036A,4,0.3384540895042435,0.06566075906594808,True,normal
E01002063,Haringey 036B,1,0.0280748456786264,0.009358281892875466,True,normal
E01002064,Haringey 036C,1,0.0417488425922067,0.02087442129610335,True,normal
E01002065,Haringey 036D,1,0.08751581790007709,0.021878954475019273,True,normal
E01002034,Haringey 037A,1,0.0482920524691357,0.02414602623456785,True,normal
E01002038,Haringey 037B,0,0.0,,False,A_true_desert
E01002041,Haringey 037C,0,0.0,,False,A_true_desert
E01032575,Haringey 037D,0,0.0,,False,A_true_desert
E01002112,Harrow 001A,0,0.0,,False,A_true_desert
E01002114,Harrow 001B,0,0.0,,False,A_true_desert
E01002225,Harrow 001C,0,0.0,,False,A_true_desert
E01002226,Harrow 001D,0,0.0,,False,A_true_desert
E01002113,Harrow 002A,0,0.0,,False,A_true_desert
E01002115,Harrow 002B,0,0.0,,False,A_true_desert
E01002116,Harrow 002C,0,0.0,,False,A_true_desert
E01002118,Harrow 002E,0,0.0,,False,A_true_desert
E01034589,Harrow 002F,0,0.0,,False,A_true_desert
E01034590,Harrow 002G,0,0.0,,False,A_true_desert
E01002227,Harrow 003A,0,0.0,,False,A_true_desert
E01002228,Harrow 003B,0,0.0,,False,A_true_desert
E01002229,Harrow 003C,0,0.0,,False,A_true_desert
E01002230,Harrow 003D,0,0.0,,False,A_true_desert
E01002144,Harrow 004A,0,0.0,,False,A_true_desert
E01002146,Harrow 004B,0,0.0,,False,A_true_desert
E01002147,Harrow 004C,0,0.0,,False,A_true_desert
E01002149,Harrow 004D,0,0.0,,False,A_true_desert
E01002140,Harrow 005A,0,0.0,,False,A_true_desert
E01002141,Harrow 005B,0,0.0,,False,A_true_desert
E01002142,Harrow 005C,0,0.0,,False,A_true_desert
E01002143,Harrow 005D,0,0.0,,False,A_true_desert
E01002145,Harrow 005E,0,0.0,,False,A_true_desert
E01002139,Harrow 006A,0,0.0,,False,A_true_desert
E01002148,Harrow 006B,0,0.0,,False,A_true_desert
E01002150,Harrow 006C,2,0.03222762345679,0.0080569058641975,True,normal
E01002151,Harrow 006D,0,0.0,,False,A_true_desert
E01002152,Harrow 006E,0,0.0,,False,A_true_desert
E01002119,Harrow 007A,0,0.0,,False,A_true_desert
E01002120,Harrow 007B,0,0.0,,False,A_true_desert
E01002121,Harrow 007C,0,0.0,,False,A_true_desert
E01002122,Harrow 007D,0,0.0,,False,A_true_desert
E01002123,Harrow 007E,0,0.0,,False,A_true_desert
E01002106,Harrow 008A,0,0.0,,False,A_true_desert
E01002108,Harrow 008B,0,0.0,,False,A_true_desert
E01002109,Harrow 008C,0,0.0,,False,A_true_desert
E01002110,Harrow 008D,0,0.0,,False,A_true_desert
E01002111,Harrow 008E,0,0.0,,False,A_true_desert
E01002185,Harrow 009A,0,0.0,,False,A_true_desert
E01002186,Harrow 009B,0,0.0,,False,A_true_desert
E01002187,Harrow 009C,0,0.0,,False,A_true_desert
E01002190,Harrow 009D,0,0.0,,False,A_true_desert
E01002124,Harrow 010A,0,0.0,,False,A_true_desert
E01002125,Harrow 010B,0,0.0,,False,A_true_desert
E01002198,Harrow 010C,0,0.0,,False,A_true_desert
E01002200,Harrow 010D,0,0.0,,False,A_true_desert
E01002203,Harrow 010E,0,0.0,,False,A_true_desert
E01002232,Harrow 011A,0,0.0,,False,A_true_desert
E01002233,Harrow 011B,0,0.0,,False,A_true_desert
E01002234,Harrow 011C,0,0.0,,False,A_true_desert
E01002235,Harrow 011D,0,0.0,,False,A_true_desert
E01002236,Harrow 011E,0,0.0,,False,A_true_desert
E01002107,Harrow 012A,0,0.0,,False,A_true_desert
E01002197,Harrow 012B,0,0.0,,False,A_true_desert
E01002199,Harrow 012C,0,0.0,,False,A_true_desert
E01002201,Harrow 012D,0,0.0,,False,A_true_desert
E01002202,Harrow 012E,0,0.0,,False,A_true_desert
E01002179,Harrow 013A,0,0.0,,False,A_true_desert
E01002183,Harrow 013C,2,0.0468186728371912,0.0234093364185956,True,normal
E01002184,Harrow 013D,1,0.0428626543194444,0.0428626543194444,True,normal
E01002231,Harrow 013E,0,0.0,,False,A_true_desert
E01034591,Harrow 013F,0,0.0,,False,A_true_desert
E01034592,Harrow 013G,0,0.0,,False,A_true_desert
E01002156,Harrow 015B,0,0.0,,False,A_true_desert
E01002162,Harrow 015C,0,0.0,,False,A_true_desert
E01002163,Harrow 015D,0,0.0,,False,A_true_desert
E01034593,Harrow 015E,0,0.0,,False,A_true_desert
E01034594,Harrow 015F,0,0.0,,False,A_true_desert
E01002188,Harrow 016A,0,0.0,,False,A_true_desert
E01002189,Harrow 016B,0,0.0,,False,A_true_desert
E01002192,Harrow 016C,0,0.0,,False,A_true_desert
E01002193,Harrow 016D,0,0.0,,False,A_true_desert
E01002165,Harrow 017A,0,0.0,,False,A_true_desert
E01002166,Harrow 017B,0,0.0,,False,A_true_desert
E01002167,Harrow 017C,0,0.0,,False,A_true_desert
E01002168,Harrow 017D,0,0.0,,False,A_true_desert
E01002169,Harrow 017E,0,0.0,,False,A_true_desert
E01002153,Harrow 019A,0,0.0,,False,A_true_desert
E01002155,Harrow 019B,0,0.0,,False,A_true_desert
E01002157,Harrow 019C,0,0.0,,False,A_true_desert
E01002158,Harrow 019D,0,0.0,,False,A_true_desert
E01002128,Harrow 020A,0,0.0,,False,A_true_desert
E01002130,Harrow 020B,2,0.11538618827006161,0.028846547067515403,True,normal
E01002181,Harrow 020C,0,0.0,,False,A_true_desert
E01002182,Harrow 020D,0,0.0,,False,A_true_desert
E01002159,Harrow 021A,3,0.3122677469120369,0.10408924897067896,True,normal
E01002160,Harrow 021B,9,0.2090482253078698,0.02322758058976331,True,normal
E01002161,Harrow 021C,0,0.0,,False,A_true_desert
E01002164,Harrow 021D,0,0.0,,False,A_true_desert
E01002191,Harrow 022A,0,0.0,,False,A_true_desert
E01002194,Harrow 022B,0,0.0,,False,A_true_desert
E01002195,Harrow 022C,0,0.0,,False,A_true_desert
E01002196,Harrow 022D,0,0.0,,False,A_true_desert
E01002127,Harrow 023B,0,0.0,,False,A_true_desert
E01002129,Harrow 023C,3,0.0,0.0,True,B_underutilised
E01002131,Harrow 023D,0,0.0,,False,A_true_desert
E01034595,Harrow 023E,0,0.0,,False,A_true_desert
E01034596,Harrow 023F,0,0.0,,False,A_true_desert
E01034597,Harrow 023G,0,0.0,,False,A_true_desert
E01034598,Harrow 023H,0,0.0,,False,A_true_desert
E01002237,Harrow 024A,0,0.0,,False,A_true_desert
E01002238,Harrow 024B,2,0.027724537037037,0.0138622685185185,True,normal
E01002240,Harrow 024C,4,0.1730509259251542,0.04326273148128855,True,normal
E01002242,Harrow 024D,0,0.0,,False,A_true_desert
E01002208,Harrow 025A,0,0.0,,False,A_true_desert
E01002209,Harrow 025B,0,0.0,,False,A_true_desert
E01002239,Harrow 025C,0,0.0,,False,A_true_desert
E01002241,Harrow 025D,0,0.0,,False,A_true_desert
E01002133,Harrow 027A,1,0.0493993055555555,0.02469965277777775,True,normal
E01002136,Harrow 027B,0,0.0,,False,A_true_desert
E01002138,Harrow 027C,0,0.0,,False,A_true_desert
E01034599,Harrow 027E,0,0.0,,False,A_true_desert
E01034600,Harrow 027F,0,0.0,,False,A_true_desert
E01002211,Harrow 028A,0,0.0,,False,A_true_desert
E01002212,Harrow 028B,0,0.0,,False,A_true_desert
E01002216,Harrow 028C,0,0.0,,False,A_true_desert
E01002217,Harrow 028D,1,0.0540104166666666,0.0540104166666666,True,normal
E01002132,Harrow 029A,0,0.0,,False,A_true_desert
E01002134,Harrow 029B,0,0.0,,False,A_true_desert
E01002135,Harrow 029C,0,0.0,,False,A_true_desert
E01002137,Harrow 029D,0,0.0,,False,A_true_desert
E01002218,Harrow 030A,0,0.0,,False,A_true_desert
E01002219,Harrow 030B,0,0.0,,False,A_true_desert
E01002221,Harrow 030C,0,0.0,,False,A_true_desert
E01002222,Harrow 030D,1,0.0,0.0,True,B_underutilised
E01002214,Harrow 031A,0,0.0,,False,A_true_desert
E01002215,Harrow 031B,0,0.0,,False,A_true_desert
E01002220,Harrow 031C,0,0.0,,False,A_true_desert
E01002223,Harrow 031D,0,0.0,,False,A_true_desert
E01002224,Harrow 031E,0,0.0,,False,A_true_desert
E01002204,Harrow 032A,0,0.0,,False,A_true_desert
E01002206,Harrow 032B,2,0.1313680555528549,0.06568402777642746,True,normal
E01002207,Harrow 032C,0,0.0,,False,A_true_desert
E01002210,Harrow 032D,0,0.0,,False,A_true_desert
E01032576,Harrow 032E,0,0.0,,False,A_true_desert
E01002170,Harrow 033A,0,0.0,,False,A_true_desert
E01002171,Harrow 033B,0,0.0,,False,A_true_desert
E01002172,Harrow 033C,0,0.0,,False,A_true_desert
E01002173,Harrow 033D,0,0.0,,False,A_true_desert
E01002174,Harrow 033E,0,0.0,,False,A_true_desert
E01002175,Harrow 033F,0,0.0,,False,A_true_desert
E01002176,Harrow 033G,0,0.0,,False,A_true_desert
E01002177,Harrow 033H,0,0.0,,False,A_true_desert
E01002178,Harrow 033I,0,0.0,,False,A_true_desert
E01002276,Havering 001A,0,0.0,,False,A_true_desert
E01002278,Havering 001B,0,0.0,,False,A_true_desert
E01002312,Havering 001C,0,0.0,,False,A_true_desert
E01002313,Havering 001D,0,0.0,,False,A_true_desert
E01002277,Havering 002A,0,0.0,,False,A_true_desert
E01002279,Havering 002B,0,0.0,,False,A_true_desert
E01002281,Havering 002C,0,0.0,,False,A_true_desert
E01002283,Havering 002D,1,0.043931327160108,0.043931327160108,True,normal
E01002299,Havering 002E,0,0.0,,False,A_true_desert
E01002301,Havering 003A,0,0.0,,False,A_true_desert
E01002303,Havering 003B,0,0.0,,False,A_true_desert
E01002304,Havering 003C,0,0.0,,False,A_true_desert
E01002306,Havering 003D,0,0.0,,False,A_true_desert
E01002307,Havering 003E,0,0.0,,False,A_true_desert
E01002280,Havering 004A,0,0.0,,False,A_true_desert
E01002282,Havering 004B,0,0.0,,False,A_true_desert
E01002284,Havering 004C,0,0.0,,False,A_true_desert
E01002297,Havering 004D,0,0.0,,False,A_true_desert
E01002314,Havering 004E,0,0.0,,False,A_true_desert
E01002316,Havering 004F,0,0.0,,False,A_true_desert
E01002302,Havering 005A,0,0.0,,False,A_true_desert
E01002305,Havering 005B,0,0.0,,False,A_true_desert
E01002308,Havering 005C,0,0.0,,False,A_true_desert
E01002326,Havering 005D,0,0.0,,False,A_true_desert
E01002331,Havering 005E,0,0.0,,False,A_true_desert
E01002309,Havering 006A,0,0.0,,False,A_true_desert
E01002310,Havering 006B,0,0.0,,False,A_true_desert
E01002311,Havering 006C,0,0.0,,False,A_true_desert
E01002315,Havering 006D,0,0.0,,False,A_true_desert
E01002294,Havering 007B,0,0.0,,False,A_true_desert
E01002296,Havering 007C,0,0.0,,False,A_true_desert
E01002298,Havering 007D,0,0.0,,False,A_true_desert
E01002300,Havering 007E,0,0.0,,False,A_true_desert
E01033784,Havering 007F,0,0.0,,False,A_true_desert
E01033785,Havering 007G,1,0.0,0.0,True,B_underutilised
E01002333,Havering 008A,0,0.0,,False,A_true_desert
E01002334,Havering 008B,0,0.0,,False,A_true_desert
E01002336,Havering 008C,0,0.0,,False,A_true_desert
E01002339,Havering 008D,0,0.0,,False,A_true_desert
E01002341,Havering 008E,0,0.0,,False,A_true_desert
E01002327,Havering 009A,0,0.0,,False,A_true_desert
E01002328,Havering 009B,0,0.0,,False,A_true_desert
E01002332,Havering 009C,0,0.0,,False,A_true_desert
E01002335,Havering 009D,0,0.0,,False,A_true_desert
E01002338,Havering 009E,0,0.0,,False,A_true_desert
E01002340,Havering 009F,0,0.0,,False,A_true_desert
E01002268,Havering 010A,0,0.0,,False,A_true_desert
E01002269,Havering 010B,0,0.0,,False,A_true_desert
E01002295,Havering 010C,0,0.0,,False,A_true_desert
E01002377,Havering 010D,0,0.0,,False,A_true_desert
E01002378,Havering 010E,0,0.0,,False,A_true_desert
E01002383,Havering 010F,0,0.0,,False,A_true_desert
E01002244,Havering 011A,0,0.0,,False,A_true_desert
E01002245,Havering 011B,0,0.0,,False,A_true_desert
E01002325,Havering 011C,0,0.0,,False,A_true_desert
E01002329,Havering 011D,0,0.0,,False,A_true_desert
E01002330,Havering 011E,0,0.0,,False,A_true_desert
E01002337,Havering 012A,0,0.0,,False,A_true_desert
E01002354,Havering 012B,0,0.0,,False,A_true_desert
E01002376,Havering 012C,0,0.0,,False,A_true_desert
E01002379,Havering 012D,1,0.0438472222210647,0.02192361111053235,True,normal
E01002380,Havering 012E,0,0.0,,False,A_true_desert
E01002381,Havering 012F,0,0.0,,False,A_true_desert
E01002243,Havering 013A,1,0.0,0.0,True,B_underutilised
E01002353,Havering 013B,0,0.0,,False,A_true_desert
E01002356,Havering 013C,0,0.0,,False,A_true_desert
E01032741,Havering 013E,0,0.0,,False,A_true_desert
E01032742,Havering 013F,0,0.0,,False,A_true_desert
E01002272,Havering 014A,0,0.0,,False,A_true_desert
E01002274,Havering 014B,0,0.0,,False,A_true_desert
E01002317,Havering 014C,0,0.0,,False,A_true_desert
E01002318,Havering 014D,0,0.0,,False,A_true_desert
E01002355,Havering 014E,0,0.0,,False,A_true_desert
E01002382,Havering 014F,0,0.0,,False,A_true_desert
E01002270,Havering 015A,0,0.0,,False,A_true_desert
E01002271,Havering 015B,0,0.0,,False,A_true_desert
E01002273,Havering 015C,0,0.0,,False,A_true_desert
E01002275,Havering 015D,0,0.0,,False,A_true_desert
E01002319,Havering 016A,0,0.0,,False,A_true_desert
E01002350,Havering 016B,0,0.0,,False,A_true_desert
E01002351,Havering 016C,0,0.0,,False,A_true_desert
E01002352,Havering 016D,0,0.0,,False,A_true_desert
E01002358,Havering 016E,0,0.0,,False,A_true_desert
E01002246,Havering 017A,0,0.0,,False,A_true_desert
E01002247,Havering 017B,0,0.0,,False,A_true_desert
E01002248,Havering 017C,0,0.0,,False,A_true_desert
E01002250,Havering 017E,0,0.0,,False,A_true_desert
E01002251,Havering 017F,0,0.0,,False,A_true_desert
E01033786,Havering 017G,0,0.0,,False,A_true_desert
E01033787,Havering 017H,0,0.0,,False,A_true_desert
E01033788,Havering 017I,0,0.0,,False,A_true_desert
E01002252,Havering 018A,0,0.0,,False,A_true_desert
E01002256,Havering 018B,0,0.0,,False,A_true_desert
E01002258,Havering 018C,0,0.0,,False,A_true_desert
E01002259,Havering 018D,0,0.0,,False,A_true_desert
E01002391,Havering 018E,0,0.0,,False,A_true_desert
E01002253,Havering 019A,0,0.0,,False,A_true_desert
E01002254,Havering 019B,0,0.0,,False,A_true_desert
E01002257,Havering 019C,0,0.0,,False,A_true_desert
E01002384,Havering 019D,0,0.0,,False,A_true_desert
E01002359,Havering 020A,0,0.0,,False,A_true_desert
E01002360,Havering 020B,0,0.0,,False,A_true_desert
E01002361,Havering 020C,0,0.0,,False,A_true_desert
E01002363,Havering 020D,0,0.0,,False,A_true_desert
E01002367,Havering 020E,0,0.0,,False,A_true_desert
E01002320,Havering 021A,0,0.0,,False,A_true_desert
E01002321,Havering 021B,0,0.0,,False,A_true_desert
E01002322,Havering 021C,0,0.0,,False,A_true_desert
E01002323,Havering 021D,0,0.0,,False,A_true_desert
E01002324,Havering 021E,0,0.0,,False,A_true_desert
E01002255,Havering 022A,0,0.0,,False,A_true_desert
E01002289,Havering 022B,0,0.0,,False,A_true_desert
E01002292,Havering 022C,0,0.0,,False,A_true_desert
E01002362,Havering 022D,0,0.0,,False,A_true_desert
E01002386,Havering 022E,0,0.0,,False,A_true_desert
E01002287,Havering 023A,0,0.0,,False,A_true_desert
E01002291,Havering 023B,0,0.0,,False,A_true_desert
E01002364,Havering 023C,0,0.0,,False,A_true_desert
E01002365,Havering 023D,0,0.0,,False,A_true_desert
E01002366,Havering 023E,0,0.0,,False,A_true_desert
E01002385,Havering 024A,0,0.0,,False,A_true_desert
E01002387,Havering 024B,0,0.0,,False,A_true_desert
E01002388,Havering 024C,0,0.0,,False,A_true_desert
E01002389,Havering 024D,0,0.0,,False,A_true_desert
E01002390,Havering 024E,0,0.0,,False,A_true_desert
E01002265,Havering 025A,0,0.0,,False,A_true_desert
E01002285,Havering 025B,0,0.0,,False,A_true_desert
E01002286,Havering 025C,0,0.0,,False,A_true_desert
E01002288,Havering 025D,0,0.0,,False,A_true_desert
E01002290,Havering 025E,0,0.0,,False,A_true_desert
E01002260,Havering 026A,0,0.0,,False,A_true_desert
E01002261,Havering 026B,0,0.0,,False,A_true_desert
E01002262,Havering 026C,0,0.0,,False,A_true_desert
E01002263,Havering 026D,0,0.0,,False,A_true_desert
E01002264,Havering 026E,0,0.0,,False,A_true_desert
E01002266,Havering 027A,0,0.0,,False,A_true_desert
E01002267,Havering 027B,0,0.0,,False,A_true_desert
E01002372,Havering 027C,0,0.0,,False,A_true_desert
E01002373,Havering 027D,0,0.0,,False,A_true_desert
E01002374,Havering 027E,0,0.0,,False,A_true_desert
E01002368,Havering 028A,0,0.0,,False,A_true_desert
E01002369,Havering 028B,0,0.0,,False,A_true_desert
E01002370,Havering 028C,1,0.0,0.0,True,B_underutilised
E01002371,Havering 028D,1,0.0076651234567901,0.0076651234567901,True,normal
E01002375,Havering 028E,0,0.0,,False,A_true_desert
E01002343,Havering 029A,0,0.0,,False,A_true_desert
E01002344,Havering 029B,0,0.0,,False,A_true_desert
E01002348,Havering 029C,0,0.0,,False,A_true_desert
E01002349,Havering 029D,0,0.0,,False,A_true_desert
E01002342,Havering 030A,0,0.0,,False,A_true_desert
E01002345,Havering 030B,0,0.0,,False,A_true_desert
E01002346,Havering 030C,0,0.0,,False,A_true_desert
E01002347,Havering 030D,0,0.0,,False,A_true_desert
E01002473,Hillingdon 001A,0,0.0,,False,A_true_desert
E01002475,Hillingdon 001B,0,0.0,,False,A_true_desert
E01002476,Hillingdon 001C,0,0.0,,False,A_true_desert
E01002477,Hillingdon 001D,0,0.0,,False,A_true_desert
E01002482,Hillingdon 001E,0,0.0,,False,A_true_desert
E01002472,Hillingdon 002A,1,0.2024533179004628,0.0506133294751157,True,normal
E01002474,Hillingdon 002B,0,0.0,,False,A_true_desert
E01002478,Hillingdon 002C,0,0.0,,False,A_true_desert
E01002483,Hillingdon 002D,0,0.0,,False,A_true_desert
E01002484,Hillingdon 002E,0,0.0,,False,A_true_desert
E01002485,Hillingdon 002F,0,0.0,,False,A_true_desert
E01002438,Hillingdon 003A,0,0.0,,False,A_true_desert
E01002439,Hillingdon 003B,0,0.0,,False,A_true_desert
E01002440,Hillingdon 003C,1,0.0,0.0,True,B_underutilised
E01002441,Hillingdon 003D,0,0.0,,False,A_true_desert
E01002442,Hillingdon 003E,0,0.0,,False,A_true_desert
E01002433,Hillingdon 004A,0,0.0,,False,A_true_desert
E01002436,Hillingdon 004B,0,0.0,,False,A_true_desert
E01002479,Hillingdon 004C,0,0.0,,False,A_true_desert
E01002480,Hillingdon 004D,0,0.0,,False,A_true_desert
E01002481,Hillingdon 004E,0,0.0,,False,A_true_desert
E01002533,Hillingdon 005A,0,0.0,,False,A_true_desert
E01002534,Hillingdon 005B,0,0.0,,False,A_true_desert
E01002538,Hillingdon 005C,0,0.0,,False,A_true_desert
E01002539,Hillingdon 005D,0,0.0,,False,A_true_desert
E01002418,Hillingdon 006A,0,0.0,,False,A_true_desert
E01002419,Hillingdon 006B,0,0.0,,False,A_true_desert
E01002431,Hillingdon 006C,0,0.0,,False,A_true_desert
E01002432,Hillingdon 006D,0,0.0,,False,A_true_desert
E01002437,Hillingdon 006E,0,0.0,,False,A_true_desert
E01002430,Hillingdon 007A,0,0.0,,False,A_true_desert
E01002434,Hillingdon 007B,0,0.0,,False,A_true_desert
E01002435,Hillingdon 007C,0,0.0,,False,A_true_desert
E01002470,Hillingdon 007D,1,0.061880401234567804,0.015470100308641951,True,normal
E01002535,Hillingdon 007E,0,0.0,,False,A_true_desert
E01002416,Hillingdon 008A,0,0.0,,False,A_true_desert
E01002417,Hillingdon 008B,0,0.0,,False,A_true_desert
E01002420,Hillingdon 008C,0,0.0,,False,A_true_desert
E01002421,Hillingdon 008D,0,0.0,,False,A_true_desert
E01002471,Hillingdon 008E,0,0.0,,False,A_true_desert
E01002465,Hillingdon 009A,0,0.0,,False,A_true_desert
E01002467,Hillingdon 009B,0,0.0,,False,A_true_desert
E01002494,Hillingdon 009C,0,0.0,,False,A_true_desert
E01002536,Hillingdon 009D,0,0.0,,False,A_true_desert
E01002537,Hillingdon 009E,0,0.0,,False,A_true_desert
E01002415,Hillingdon 010A,0,0.0,,False,A_true_desert
E01002466,Hillingdon 010B,0,0.0,,False,A_true_desert
E01002468,Hillingdon 010C,0,0.0,,False,A_true_desert
E01002469,Hillingdon 010D,0,0.0,,False,A_true_desert
E01002495,Hillingdon 010E,0,0.0,,False,A_true_desert
E01002458,Hillingdon 011A,0,0.0,,False,A_true_desert
E01002459,Hillingdon 011B,0,0.0,,False,A_true_desert
E01002460,Hillingdon 011C,0,0.0,,False,A_true_desert
E01002462,Hillingdon 011D,0,0.0,,False,A_true_desert
E01002464,Hillingdon 011E,0,0.0,,False,A_true_desert
E01002461,Hillingdon 013A,0,0.0,,False,A_true_desert
E01002463,Hillingdon 013B,0,0.0,,False,A_true_desert
E01002512,Hillingdon 013C,0,0.0,,False,A_true_desert
E01002513,Hillingdon 013D,0,0.0,,False,A_true_desert
E01002516,Hillingdon 013E,0,0.0,,False,A_true_desert
E01002450,Hillingdon 014A,0,0.0,,False,A_true_desert
E01002451,Hillingdon 014B,0,0.0,,False,A_true_desert
E01002452,Hillingdon 014C,0,0.0,,False,A_true_desert
E01002453,Hillingdon 014D,0,0.0,,False,A_true_desert
E01002454,Hillingdon 014E,0,0.0,,False,A_true_desert
E01002414,Hillingdon 015A,0,0.0,,False,A_true_desert
E01002514,Hillingdon 015C,0,0.0,,False,A_true_desert
E01034601,Hillingdon 015G,0,0.0,,False,A_true_desert
E01034602,Hillingdon 015H,0,0.0,,False,A_true_desert
E01034603,Hillingdon 015I,0,0.0,,False,A_true_desert
E01034604,Hillingdon 015J,0,0.0,,False,A_true_desert
E01034605,Hillingdon 015K,0,0.0,,False,A_true_desert
E01002520,Hillingdon 016B,0,0.0,,False,A_true_desert
E01002521,Hillingdon 016C,0,0.0,,False,A_true_desert
E01002523,Hillingdon 016D,0,0.0,,False,A_true_desert
E01034606,Hillingdon 016G,0,0.0,,False,A_true_desert
E01034607,Hillingdon 016H,1,0.0,0.0,True,B_underutilised
E01002410,Hillingdon 017A,0,0.0,,False,A_true_desert
E01002412,Hillingdon 017B,0,0.0,,False,A_true_desert
E01002456,Hillingdon 017C,0,0.0,,False,A_true_desert
E01002509,Hillingdon 017D,0,0.0,,False,A_true_desert
E01002511,Hillingdon 017E,0,0.0,,False,A_true_desert
E01002422,Hillingdon 018A,0,0.0,,False,A_true_desert
E01002423,Hillingdon 018B,0,0.0,,False,A_true_desert
E01002424,Hillingdon 018C,0,0.0,,False,A_true_desert
E01002425,Hillingdon 018D,0,0.0,,False,A_true_desert
E01002427,Hillingdon 018E,0,0.0,,False,A_true_desert
E01002428,Hillingdon 018F,0,0.0,,False,A_true_desert
E01002408,Hillingdon 019A,0,0.0,,False,A_true_desert
E01002409,Hillingdon 019B,0,0.0,,False,A_true_desert
E01002429,Hillingdon 019C,0,0.0,,False,A_true_desert
E01002455,Hillingdon 019D,0,0.0,,False,A_true_desert
E01002457,Hillingdon 019E,0,0.0,,False,A_true_desert
E01002392,Hillingdon 020A,0,0.0,,False,A_true_desert
E01002393,Hillingdon 020B,0,0.0,,False,A_true_desert
E01002540,Hillingdon 020C,0,0.0,,False,A_true_desert
E01002542,Hillingdon 020D,0,0.0,,False,A_true_desert
E01002543,Hillingdon 020E,0,0.0,,False,A_true_desert
E01002394,Hillingdon 021A,0,0.0,,False,A_true_desert
E01002395,Hillingdon 021B,0,0.0,,False,A_true_desert
E01002397,Hillingdon 021C,0,0.0,,False,A_true_desert
E01002398,Hillingdon 021D,0,0.0,,False,A_true_desert
E01002399,Hillingdon 021E,0,0.0,,False,A_true_desert
E01002426,Hillingdon 021F,0,0.0,,False,A_true_desert
E01002411,Hillingdon 022A,0,0.0,,False,A_true_desert
E01002413,Hillingdon 022B,0,0.0,,False,A_true_desert
E01002518,Hillingdon 022C,0,0.0,,False,A_true_desert
E01002519,Hillingdon 022D,0,0.0,,False,A_true_desert
E01002550,Hillingdon 022E,0,0.0,,False,A_true_desert
E01034608,Hillingdon 022G,0,0.0,,False,A_true_desert
E01034609,Hillingdon 022H,1,0.0002507716049382,0.0002507716049382,True,normal
E01002541,Hillingdon 023A,0,0.0,,False,A_true_desert
E01002544,Hillingdon 023B,0,0.0,,False,A_true_desert
E01002545,Hillingdon 023C,0,0.0,,False,A_true_desert
E01002546,Hillingdon 023D,0,0.0,,False,A_true_desert
E01002547,Hillingdon 023E,0,0.0,,False,A_true_desert
E01002400,Hillingdon 024A,0,0.0,,False,A_true_desert
E01002401,Hillingdon 024B,0,0.0,,False,A_true_desert
E01002402,Hillingdon 024C,0,0.0,,False,A_true_desert
E01002403,Hillingdon 024D,0,0.0,,False,A_true_desert
E01002404,Hillingdon 024E,0,0.0,,False,A_true_desert
E01002548,Hillingdon 025A,0,0.0,,False,A_true_desert
E01002549,Hillingdon 025B,0,0.0,,False,A_true_desert
E01002551,Hillingdon 025C,0,0.0,,False,A_true_desert
E01002552,Hillingdon 025D,0,0.0,,False,A_true_desert
E01002553,Hillingdon 025E,0,0.0,,False,A_true_desert
E01002396,Hillingdon 026A,0,0.0,,False,A_true_desert
E01002501,Hillingdon 026B,0,0.0,,False,A_true_desert
E01002502,Hillingdon 026C,0,0.0,,False,A_true_desert
E01002505,Hillingdon 026D,0,0.0,,False,A_true_desert
E01002508,Hillingdon 026E,0,0.0,,False,A_true_desert
E01002405,Hillingdon 027A,0,0.0,,False,A_true_desert
E01002503,Hillingdon 027C,1,0.1976670524683641,0.06588901748945471,True,normal
E01002506,Hillingdon 027E,0,0.0,,False,A_true_desert
E01002507,Hillingdon 027F,1,0.23819328703587947,0.05954832175896987,True,normal
E01034610,Hillingdon 027G,0,0.0,,False,A_true_desert
E01034611,Hillingdon 027H,0,0.0,,False,A_true_desert
E01034612,Hillingdon 027I,0,0.0,,False,A_true_desert
E01034613,Hillingdon 027J,1,0.0,0.0,True,B_underutilised
E01002486,Hillingdon 028A,0,0.0,,False,A_true_desert
E01002487,Hillingdon 028B,0,0.0,,False,A_true_desert
E01002526,Hillingdon 028C,1,0.0,0.0,True,B_underutilised
E01002528,Hillingdon 028D,0,0.0,,False,A_true_desert
E01034614,Hillingdon 028F,0,0.0,,False,A_true_desert
E01034615,Hillingdon 028G,1,0.0,0.0,True,B_underutilised
E01002445,Hillingdon 029A,0,0.0,,False,A_true_desert
E01002525,Hillingdon 029B,0,0.0,,False,A_true_desert
E01002529,Hillingdon 029C,1,0.12115007715972201,0.030287519289930502,True,normal
E01002530,Hillingdon 029D,0,0.0,,False,A_true_desert
E01002531,Hillingdon 029E,0,0.0,,False,A_true_desert
E01002488,Hillingdon 030B,0,0.0,,False,A_true_desert
E01002489,Hillingdon 030C,0,0.0,,False,A_true_desert
E01002490,Hillingdon 030D,0,0.0,,False,A_true_desert
E01002492,Hillingdon 030E,0,0.0,,False,A_true_desert
E01034616,Hillingdon 030F,1,0.0,0.0,True,B_underutilised
E01034617,Hillingdon 030G,0,0.0,,False,A_true_desert
E01002444,Hillingdon 031A,0,0.0,,False,A_true_desert
E01002446,Hillingdon 031B,0,0.0,,False,A_true_desert
E01002447,Hillingdon 031C,0,0.0,,False,A_true_desert
E01002527,Hillingdon 031D,0,0.0,,False,A_true_desert
E01002443,Hillingdon 032A,0,0.0,,False,A_true_desert
E01002448,Hillingdon 032B,0,0.0,,False,A_true_desert
E01002449,Hillingdon 032C,0,0.0,,False,A_true_desert
E01002491,Hillingdon 032D,0,0.0,,False,A_true_desert
E01002493,Hillingdon 032E,0,0.0,,False,A_true_desert
E01002496,Hillingdon 033A,0,0.0,,False,A_true_desert
E01002497,Hillingdon 033B,0,0.0,,False,A_true_desert
E01002498,Hillingdon 033C,0,0.0,,False,A_true_desert
E01002499,Hillingdon 033D,0,0.0,,False,A_true_desert
E01032577,Hillingdon 033E,0,0.0,,False,A_true_desert
E01002569,Hounslow 001A,17,0.22453395061651202,0.013207879448030119,True,normal
E01002570,Hounslow 001B,7,0.191668981479938,0.02738128306856257,True,normal
E01002573,Hounslow 001C,16,0.3093159722218361,0.019332248263864756,True,normal
E01002574,Hounslow 001D,9,0.1959903549371135,0.01458759859386783,True,normal
E01002575,Hounslow 001E,8,0.2516188271593361,0.03145235339491701,True,normal
E01002620,Hounslow 004A,0,0.0,,False,A_true_desert
E01002625,Hounslow 004B,0,0.0,,False,A_true_desert
E01002626,Hounslow 004C,0,0.0,,False,A_true_desert
E01002627,Hounslow 004D,0,0.0,,False,A_true_desert
E01002631,Hounslow 004E,0,0.0,,False,A_true_desert
E01002633,Hounslow 005A,2,0.47905285493750005,0.23952642746875002,True,normal
E01002634,Hounslow 005B,1,0.048949074074074,0.024474537037037,True,normal
E01002637,Hounslow 005C,0,0.0,,False,A_true_desert
E01002638,Hounslow 005D,0,0.0,,False,A_true_desert
E01002563,Hounslow 006A,0,0.0,,False,A_true_desert
E01002565,Hounslow 006B,7,0.2142260802461418,0.030603725749448828,True,normal
E01002567,Hounslow 006C,9,0.182867669753086,0.01905817043895744,True,normal
E01002686,Hounslow 006E,1,0.1290100308638117,0.04300334362127056,True,normal
E01034032,Hounslow 006G,2,0.015738811728395,0.0078694058641975,True,normal
E01034033,Hounslow 006H,0,0.0,,False,A_true_desert
E01002571,Hounslow 007A,5,0.1937824074062498,0.023810956789969098,True,normal
E01002572,Hounslow 007B,3,0.1056790123445214,0.0176131687240869,True,normal
E01002577,Hounslow 007C,5,0.0289382716049382,0.00578765432098764,True,normal
E01002578,Hounslow 007D,5,0.1322334104926694,0.017319830246797792,True,normal
E01002689,Hounslow 007E,8,0.311699845677469,0.035208333333188645,True,normal
E01002690,Hounslow 007F,6,0.1533626543202159,0.025560442386702648,True,normal
E01002576,Hounslow 008A,5,0.0489517746905862,0.009790354938117241,True,normal
E01002579,Hounslow 008B,3,0.054045910493441304,0.01801530349781377,True,normal
E01002580,Hounslow 008C,6,0.1225636574062499,0.020427276234374982,True,normal
E01002581,Hounslow 008D,9,0.38706905864081737,0.03840867912655745,True,normal
E01002582,Hounslow 008E,17,0.6020941358013111,0.035417302105959475,True,normal
E01002675,Hounslow 009A,3,0.1866886574066357,0.06222955246887857,True,normal
E01002678,Hounslow 009B,1,0.0861192129621913,0.0861192129621913,True,normal
E01002679,Hounslow 009C,4,0.0525416666666665,0.013135416666666625,True,normal
E01002680,Hounslow 009D,2,0.0796770833329474,0.0398385416664737,True,normal
E01002619,Hounslow 010A,0,0.0,,False,A_true_desert
E01002622,Hounslow 010B,0,0.0,,False,A_true_desert
E01002632,Hounslow 010C,0,0.0,,False,A_true_desert
E01002635,Hounslow 010D,0,0.0,,False,A_true_desert
E01002636,Hounslow 010E,1,0.0037044753086419,0.0037044753086419,True,normal
E01002618,Hounslow 011A,0,0.0,,False,A_true_desert
E01002621,Hounslow 011B,2,0.0,0.0,True,B_underutilised
E01002623,Hounslow 011C,1,0.0441720679008486,0.0147240226336162,True,normal
E01002628,Hounslow 011D,0,0.0,,False,A_true_desert
E01002629,Hounslow 011E,1,0.0807210648148147,0.04036053240740735,True,normal
E01002630,Hounslow 012A,0,0.0,,False,A_true_desert
E01002639,Hounslow 012B,0,0.0,,False,A_true_desert
E01002640,Hounslow 012C,1,0.0610293209872684,0.020343106995756133,True,normal
E01002674,Hounslow 012D,0,0.0,,False,A_true_desert
E01002676,Hounslow 012E,1,0.0359023919753085,0.0119674639917695,True,normal
E01002583,Hounslow 013A,0,0.0,,False,A_true_desert
E01002584,Hounslow 013B,1,0.0,0.0,True,B_underutilised
E01002585,Hounslow 013C,0,0.0,,False,A_true_desert
E01002586,Hounslow 013D,0,0.0,,False,A_true_desert
E01002589,Hounslow 013E,0,0.0,,False,A_true_desert
E01002668,Hounslow 014A,1,0.0545351080243053,0.0181783693414351,True,normal
E01002669,Hounslow 014B,1,0.0,0.0,True,B_underutilised
E01002681,Hounslow 014C,0,0.0,,False,A_true_desert
E01002682,Hounslow 014D,1,0.053497299382715996,0.026748649691357998,True,normal
E01034034,Hounslow 014F,0,0.0,,False,A_true_desert
E01034035,Hounslow 014G,10,0.2100779320983793,0.02100779320983793,True,normal
E01002643,Hounslow 015B,2,0.1484722222222222,0.0742361111111111,True,normal
E01002645,Hounslow 015C,0,0.0,,False,A_true_desert
E01002658,Hounslow 015D,2,0.1563742283946759,0.07818711419733795,True,normal
E01002677,Hounslow 015E,0,0.0,,False,A_true_desert
E01034036,Hounslow 015F,0,0.0,,False,A_true_desert
E01034037,Hounslow 015G,1,0.0171273148148148,0.0171273148148148,True,normal
E01002587,Hounslow 016A,0,0.0,,False,A_true_desert
E01002588,Hounslow 016B,0,0.0,,False,A_true_desert
E01002660,Hounslow 016C,3,0.1836840277773917,0.039468364197402205,True,normal
E01002661,Hounslow 016D,1,0.11953433641820971,0.029883584104552427,True,normal
E01002665,Hounslow 016E,1,0.07911072530825611,0.039555362654128054,True,normal
E01002624,Hounslow 017A,0,0.0,,False,A_true_desert
E01002646,Hounslow 017B,0,0.0,,False,A_true_desert
E01002662,Hounslow 017C,0,0.0,,False,A_true_desert
E01002663,Hounslow 017D,5,0.1446782407403548,0.02893564814807096,True,normal
E01034038,Hounslow 017F,0,0.0,,False,A_true_desert
E01034039,Hounslow 017G,0,0.0,,False,A_true_desert
E01002641,Hounslow 018A,3,0.2220443672831787,0.03118698559662203,True,normal
E01002649,Hounslow 018D,2,0.0349548611107253,0.01747743055536265,True,normal
E01002657,Hounslow 018E,1,0.0040196759259259,0.0040196759259259,True,normal
E01033083,Hounslow 018F,0,0.0,,False,A_true_desert
E01033084,Hounslow 018G,0,0.0,,False,A_true_desert
E01034040,Hounslow 018H,1,0.0334510030860339,0.0334510030860339,True,normal
E01034041,Hounslow 018I,1,0.0717546296296296,0.0717546296296296,True,normal
E01002653,Hounslow 019A,0,0.0,,False,A_true_desert
E01002654,Hounslow 019B,0,0.0,,False,A_true_desert
E01002655,Hounslow 019C,0,0.0,,False,A_true_desert
E01002656,Hounslow 019D,1,0.0312503858020832,0.0156251929010416,True,normal
E01002659,Hounslow 019E,0,0.0,,False,A_true_desert
E01002667,Hounslow 020A,0,0.0,,False,A_true_desert
E01002670,Hounslow 020B,0,0.0,,False,A_true_desert
E01002671,Hounslow 020C,4,0.0342581018518518,0.00856452546296295,True,normal
E01002672,Hounslow 020D,0,0.0,,False,A_true_desert
E01002673,Hounslow 020E,0,0.0,,False,A_true_desert
E01002647,Hounslow 021A,0,0.0,,False,A_true_desert
E01002650,Hounslow 021B,0,0.0,,False,A_true_desert
E01002651,Hounslow 021C,1,0.1086755401230709,0.1086755401230709,True,normal
E01002652,Hounslow 021D,0,0.0,,False,A_true_desert
E01002666,Hounslow 021E,0,0.0,,False,A_true_desert
E01002555,Hounslow 022A,0,0.0,,False,A_true_desert
E01002556,Hounslow 022B,0,0.0,,False,A_true_desert
E01002590,Hounslow 022C,0,0.0,,False,A_true_desert
E01002592,Hounslow 022D,0,0.0,,False,A_true_desert
E01002595,Hounslow 022E,0,0.0,,False,A_true_desert
E01002557,Hounslow 023A,0,0.0,,False,A_true_desert
E01002558,Hounslow 023B,0,0.0,,False,A_true_desert
E01002559,Hounslow 023C,0,0.0,,False,A_true_desert
E01002560,Hounslow 023D,0,0.0,,False,A_true_desert
E01002561,Hounslow 023E,0,0.0,,False,A_true_desert
E01002591,Hounslow 024A,1,0.1089101080243055,0.1089101080243055,True,normal
E01002593,Hounslow 024B,0,0.0,,False,A_true_desert
E01002594,Hounslow 024C,0,0.0,,False,A_true_desert
E01002611,Hounslow 024D,0,0.0,,False,A_true_desert
E01002612,Hounslow 024E,2,0.3230312499965276,0.0807578124991319,True,normal
E01002613,Hounslow 024F,0,0.0,,False,A_true_desert
E01002598,Hounslow 025B,2,0.15513194444405848,0.07756597222202924,True,normal
E01002599,Hounslow 025C,0,0.0,,False,A_true_desert
E01002600,Hounslow 025D,3,0.2747820216045524,0.09159400720151746,True,normal
E01002603,Hounslow 025E,0,0.0,,False,A_true_desert
E01033000,Hounslow 025F,0,0.0,,False,A_true_desert
E01033030,Hounslow 025G,0,0.0,,False,A_true_desert
E01002604,Hounslow 026A,0,0.0,,False,A_true_desert
E01002605,Hounslow 026B,0,0.0,,False,A_true_desert
E01002606,Hounslow 026C,0,0.0,,False,A_true_desert
E01002607,Hounslow 026D,1,0.0,0.0,True,B_underutilised
E01002615,Hounslow 026E,0,0.0,,False,A_true_desert
E01002596,Hounslow 027A,0,0.0,,False,A_true_desert
E01002601,Hounslow 027B,0,0.0,,False,A_true_desert
E01002602,Hounslow 027C,0,0.0,,False,A_true_desert
E01002614,Hounslow 027D,0,0.0,,False,A_true_desert
E01002616,Hounslow 027E,0,0.0,,False,A_true_desert
E01002608,Hounslow 028A,0,0.0,,False,A_true_desert
E01002609,Hounslow 028B,0,0.0,,False,A_true_desert
E01002610,Hounslow 028C,0,0.0,,False,A_true_desert
E01002617,Hounslow 028D,0,0.0,,False,A_true_desert
E01002687,Hounslow 029A,6,0.1379645061724534,0.022994084362075565,True,normal
E01002691,Hounslow 029B,0,0.0,,False,A_true_desert
E01002692,Hounslow 029C,10,0.7816994598684409,0.04156622299338346,True,normal
E01002693,Hounslow 029D,3,0.1286141975285492,0.03420537551382455,True,normal
E01032573,Hounslow 029E,3,0.0636493055555554,0.021216435185185133,True,normal
E01002562,Hounslow 030D,0,0.0,,False,A_true_desert
E01034042,Hounslow 030A,1,2.26949112651466,0.18912426054288833,True,normal
E01034043,Hounslow 030B,0,0.0,,False,A_true_desert
E01034044,Hounslow 030C,0,0.0,,False,A_true_desert
E01002564,Hounslow 031E,0,0.0,,False,A_true_desert
E01033081,Hounslow 031D,0,0.0,,False,A_true_desert
E01033082,Hounslow 031C,1,0.12657870369637203,0.002260333994578072,True,normal
E01034045,Hounslow 031A,0,0.0,,False,A_true_desert
E01034046,Hounslow 031B,0,0.0,,False,A_true_desert
E01002755,Islington 001A,1,0.055887345678240594,0.027943672839120297,True,normal
E01002756,Islington 001B,10,0.1734525462947524,0.0133522376541859,True,normal
E01002758,Islington 001C,6,0.060131944444444196,0.0056196952160493495,True,normal
E01002804,Islington 001D,0,0.0,,False,A_true_desert
E01002807,Islington 001E,5,0.1029043209868823,0.01125381944436724,True,normal
E01002811,Islington 001F,0,0.0,,False,A_true_desert
E01002753,Islington 002A,0,0.0,,False,A_true_desert
E01002754,Islington 002B,9,0.2454147376516199,0.018389353280549803,True,normal
E01002757,Islington 002C,7,0.09939969135686706,0.014199955908123866,True,normal
E01002759,Islington 002D,0,0.0,,False,A_true_desert
E01002760,Islington 002E,3,0.09733564814699061,0.016222608024498434,True,normal
E01002772,Islington 002F,1,0.1955744598753856,0.0488936149688464,True,normal
E01002735,Islington 003A,1,0.08603086419714501,0.043015432098572504,True,normal
E01002805,Islington 003B,1,0.021770061728009202,0.010885030864004601,True,normal
E01002806,Islington 003C,6,0.1271728395057866,0.015444958847672274,True,normal
E01002808,Islington 003D,1,0.0231608796296296,0.0231608796296296,True,normal
E01002809,Islington 003E,4,0.1719544753074844,0.0429886188268711,True,normal
E01002810,Islington 003F,12,0.17848302468788532,0.0125972061468621,True,normal
E01002768,Islington 004A,2,0.0079938271604938,0.0039969135802469,True,normal
E01002770,Islington 004B,3,0.2105918209861109,0.047349922839184634,True,normal
E01002771,Islington 004C,1,0.034803240739969,0.0174016203699845,True,normal
E01002773,Islington 004D,1,0.1220108024675925,0.06100540123379625,True,normal
E01002774,Islington 004E,0,0.0,,False,A_true_desert
E01002732,Islington 005A,6,0.6741242283873455,0.05617701903227879,True,normal
E01002734,Islington 005B,2,0.12191165123379619,0.030477912808449047,True,normal
E01002736,Islington 005C,1,0.1661832561724537,0.08309162808622685,True,normal
E01002737,Islington 005D,1,0.1264212962943673,0.06321064814718365,True,normal
E01002751,Islington 005E,4,0.1113942901234567,0.02153534915123455,True,normal
E01002742,Islington 006A,12,0.16345216049151204,0.012034995498810418,True,normal
E01002747,Islington 006B,5,0.0565019290119596,0.00634672067897372,True,normal
E01002748,Islington 006C,2,0.4498090277716048,0.1124522569429012,True,normal
E01002749,Islington 006D,2,0.3850347221936727,0.10189255400520827,True,normal
E01033493,Islington 006F,0,0.0,,False,A_true_desert
E01033494,Islington 006G,2,0.0967611882704473,0.024190297067611825,True,normal
E01002730,Islington 007A,1,0.0780077160489969,0.0780077160489969,True,normal
E01002733,Islington 007C,2,0.1511222993819444,0.0755611496909722,True,normal
E01002763,Islington 007D,2,0.1210455246909721,0.030261381172743025,True,normal
E01035651,Islington 007E,1,0.09213657407330239,0.046068287036651195,True,normal
E01035652,Islington 007F,0,0.0,,False,A_true_desert
E01002769,Islington 008A,19,0.14941203703549313,0.0066358024690545475,True,normal
E01002785,Islington 008B,25,0.2725987654278541,0.009482314814660464,True,normal
E01002788,Islington 008C,7,0.06005594135763861,0.004930031966462708,True,normal
E01002789,Islington 008D,14,0.2181581790092587,0.012670290453965465,True,normal
E01002738,Islington 009A,2,0.13686458333333318,0.06843229166666659,True,normal
E01002741,Islington 009B,2,0.08755979938271591,0.021889949845678977,True,normal
E01002743,Islington 009C,10,0.12575154320794701,0.009582754629494549,True,normal
E01002744,Islington 009D,0,0.0,,False,A_true_desert
E01002752,Islington 009E,3,0.1698726851840276,0.05007349536998453,True,normal
E01002764,Islington 010A,1,0.0681655092584876,0.0340827546292438,True,normal
E01002783,Islington 010B,0,0.0,,False,A_true_desert
E01002784,Islington 010C,5,0.1153252314807096,0.01888595678996909,True,normal
E01002786,Islington 010D,5,0.0935038580246912,0.01186423611111109,True,normal
E01002787,Islington 010E,1,0.031559799382716,0.015779899691358,True,normal
E01002762,Islington 011C,8,0.5464517746851848,0.04016102430509738,True,normal
E01002767,Islington 011D,1,0.6523962191277006,0.3261981095638503,True,normal
E01033486,Islington 011E,0,0.0,,False,A_true_desert
E01033487,Islington 011F,2,0.0407546296296295,0.02037731481481475,True,normal
E01033488,Islington 011G,5,0.0828375771589504,0.00875848765412806,True,normal
E01033491,Islington 011H,2,0.0,0.0,True,B_underutilised
E01035653,Islington 011J,2,8.217592554012346e-05,4.108796277006173e-05,True,normal
E01035654,Islington 011K,1,0.0456851851847993,0.02284259259239965,True,normal
E01002777,Islington 012A,20,0.1374290123441353,0.005010619212895425,True,normal
E01002778,Islington 012B,1,0.0773769290119598,0.0386884645059799,True,normal
E01002779,Islington 012C,2,0.0600146604934411,0.011380272633680483,True,normal
E01002781,Islington 012D,2,0.051925154320215904,0.015807966820794703,True,normal
E01002782,Islington 012E,2,0.0181261574074074,0.0090630787037037,True,normal
E01002739,Islington 013A,3,0.0581770833321759,0.0193923611107253,True,normal
E01002740,Islington 013B,8,0.30579436728279275,0.022428361303903806,True,normal
E01002745,Islington 013C,1,0.0,0.0,True,B_underutilised
E01002795,Islington 013D,5,0.0912276234560183,0.01824552469120366,True,normal
E01002796,Islington 013E,9,0.1560177469128081,0.017335305212534232,True,normal
E01002716,Islington 014A,5,0.1148070987642743,0.01299089506157402,True,normal
E01002718,Islington 014B,3,0.0535142746913579,0.017838091563785966,True,normal
E01002721,Islington 014C,4,0.11311574073842559,0.01927203896561531,True,normal
E01002775,Islington 014D,9,0.19028317900848699,0.019117198216327947,True,normal
E01002776,Islington 014E,4,0.1318942901230707,0.016486786265383836,True,normal
E01002780,Islington 014F,0,0.0,,False,A_true_desert
E01002708,Islington 015A,2,0.2144633487445986,0.05361583718614965,True,normal
E01002712,Islington 015B,4,0.1706913580235337,0.02312744341547707,True,normal
E01002713,Islington 015C,2,0.07551157407368819,0.024332368827064025,True,normal
E01002765,Islington 015D,1,0.1073993055551697,0.05369965277758485,True,normal
E01002766,Islington 015E,1,0.296194058621142,0.148097029310571,True,normal
E01002717,Islington 016A,4,0.0121894290123456,0.0030473572530864,True,normal
E01002719,Islington 016B,3,0.09716319444405841,0.020702803497878033,True,normal
E01002720,Islington 016C,6,0.1886199845679008,0.024412551440329156,True,normal
E01002790,Islington 016D,2,0.0367291666658949,0.01111140046267355,True,normal
E01002791,Islington 016E,2,0.0163198302465277,0.00815991512326385,True,normal
E01002793,Islington 016F,6,0.39903356481134217,0.050396572787712146,True,normal
E01002698,Islington 017A,5,0.0715316358009258,0.01430632716018516,True,normal
E01002699,Islington 017B,1,0.0054911265432098,0.0054911265432098,True,normal
E01002700,Islington 017C,20,0.5024417438213726,0.022086236496662776,True,normal
E01002714,Islington 017D,4,0.1021581790123455,0.025539544753086375,True,normal
E01002792,Islington 017E,13,0.1834664351836415,0.014112802706433962,True,normal
E01002722,Islington 018A,3,0.0413464506172837,0.009152199074074018,True,normal
E01002797,Islington 018B,1,0.0444074074070215,0.02220370370351075,True,normal
E01002798,Islington 018C,3,0.0232233796296295,0.007741126543209833,True,normal
E01002799,Islington 018D,3,0.0287087191358024,0.009569573045267466,True,normal
E01002800,Islington 018E,2,0.1445694444436727,0.036142361110918175,True,normal
E01002694,Islington 019A,1,0.1261554783946758,0.0630777391973379,True,normal
E01002697,Islington 019B,5,0.2960003858016971,0.023616435185127273,True,normal
E01002709,Islington 019C,2,0.1771890432094905,0.059154996141878774,True,normal
E01002710,Islington 019D,2,0.23027160493711418,0.11513580246855709,True,normal
E01002715,Islington 019E,1,0.1308572530864197,0.06542862654320986,True,normal
E01002696,Islington 020A,4,0.11832330246797809,0.015665123456645398,True,normal
E01002794,Islington 020B,8,0.0345381944440583,0.004317274305507287,True,normal
E01002801,Islington 020C,0,0.0,,False,A_true_desert
E01002802,Islington 020D,14,0.3508688271585642,0.02152258322296623,True,normal
E01035655,Islington 020F,4,0.1807465277754627,0.02962196180526616,True,normal
E01035656,Islington 020G,0,0.0,,False,A_true_desert
E01002695,Islington 021A,0,0.0,,False,A_true_desert
E01002711,Islington 021B,7,0.1670640432071756,0.02386629188673937,True,normal
E01002727,Islington 021C,3,0.12998032407291651,0.027323366769354384,True,normal
E01002728,Islington 021D,3,0.0083217592592592,0.0027739197530864002,True,normal
E01002729,Islington 021E,5,0.2341412037010027,0.031950668723893974,True,normal
E01002707,Islington 022B,2,0.0988688271593362,0.03114525462924375,True,normal
E01002723,Islington 022C,10,0.6397523147827926,0.040492689041531596,True,normal
E01002724,Islington 022D,4,0.3949834104930555,0.04918349729923803,True,normal
E01002725,Islington 022E,1,0.3854587191018517,0.19272935955092585,True,normal
E01002726,Islington 022F,1,0.0796905864193672,0.0398452932096836,True,normal
E01033489,Islington 022G,2,0.1320555555547838,0.051741415894868775,True,normal
E01033490,Islington 022H,1,0.0167214506172839,0.0167214506172839,True,normal
E01002701,Islington 023A,3,0.1498850308638116,0.03437274948546808,True,normal
E01002702,Islington 023B,1,0.17452353394945969,0.04363088348736492,True,normal
E01002703,Islington 023C,6,0.0109506172835647,0.0018251028805941168,True,normal
E01002704,Islington 023D,2,0.1897160493823301,0.0628413387344714,True,normal
E01002706,Islington 023E,2,0.5449421296022374,0.12507507072379753,True,normal
E01002852,Kensington and Chelsea 001A,3,0.23884182098495352,0.05090734310635284,True,normal
E01002853,Kensington and Chelsea 001B,2,0.0366334876539351,0.01831674382696755,True,normal
E01002854,Kensington and Chelsea 001C,4,0.1500389660482251,0.03750974151205627,True,normal
E01002855,Kensington and Chelsea 001D,2,0.1526998456786263,0.038326003086323224,True,normal
E01002857,Kensington and Chelsea 001E,3,0.1041114969124228,0.03470383230414093,True,normal
E01002904,Kensington and Chelsea 002A,3,0.1839305555540122,0.06131018518467073,True,normal
E01002905,Kensington and Chelsea 002B,9,0.2829216820979934,0.025581983024627022,True,normal
E01002906,Kensington and Chelsea 002C,10,0.3218788580239192,0.025761908436136786,True,normal
E01002907,Kensington and Chelsea 002D,1,0.09669675925925911,0.024174189814814777,True,normal
E01002876,Kensington and Chelsea 003A,10,0.3388757716033947,0.03388757716033947,True,normal
E01002877,Kensington and Chelsea 003B,7,0.1677989969131941,0.020869102733630907,True,normal
E01002878,Kensington and Chelsea 003C,6,0.0631423611107251,0.0076262860081982775,True,normal
E01002908,Kensington and Chelsea 003D,7,0.040809413580246603,0.005829916225749515,True,normal
E01002909,Kensington and Chelsea 003E,15,0.5208067129579468,0.026642373970949037,True,normal
E01002829,Kensington and Chelsea 004A,7,0.16812229938155832,0.019668733465470645,True,normal
E01002830,Kensington and Chelsea 004B,10,0.11864043209760759,0.010323688271489159,True,normal
E01002831,Kensington and Chelsea 004C,9,0.1294729938267743,0.01118897890944355,True,normal
E01002832,Kensington and Chelsea 004D,6,0.19339737654205227,0.03223289609034204,True,normal
E01002856,Kensington and Chelsea 004E,9,0.3600516975262341,0.02750767318207729,True,normal
E01002870,Kensington and Chelsea 005A,7,0.2798117283931325,0.03521999007908948,True,normal
E01002872,Kensington and Chelsea 005B,7,0.0932588734548609,0.009393077601162893,True,normal
E01002879,Kensington and Chelsea 005C,4,0.12726003086303989,0.0183547935955343,True,normal
E01002880,Kensington and Chelsea 005D,3,0.1303279320972221,0.023564171810378048,True,normal
E01002881,Kensington and Chelsea 005E,9,0.13446412036921274,0.014940457818801415,True,normal
E01002882,Kensington and Chelsea 006A,10,0.2320393518495365,0.021620814042997642,True,normal
E01002883,Kensington and Chelsea 006B,9,0.18037654320833313,0.015989133230302623,True,normal
E01002884,Kensington and Chelsea 006C,4,0.0435690586415894,0.01089226466039735,True,normal
E01002885,Kensington and Chelsea 006D,4,0.0670775462951388,0.0167693865737847,True,normal
E01002886,Kensington and Chelsea 006E,9,0.14720023147916642,0.009796253429140922,True,normal
E01002833,Kensington and Chelsea 007A,9,0.12464930555516948,0.013849922839463276,True,normal
E01002871,Kensington and Chelsea 007B,19,0.36265895061419695,0.0179366370206404,True,normal
E01002873,Kensington and Chelsea 007C,11,0.2005219907388111,0.017075880330913246,True,normal
E01002874,Kensington and Chelsea 007D,11,0.285767746911265,0.02597888608284227,True,normal
E01002875,Kensington and Chelsea 007E,21,0.5038518518479929,0.019611037624788694,True,normal
E01002824,Kensington and Chelsea 008A,9,0.25100771604745337,0.022291988168574216,True,normal
E01002825,Kensington and Chelsea 008B,8,0.3940135030837187,0.041548345871624176,True,normal
E01002826,Kensington and Chelsea 008C,4,0.0305636574070215,0.007640914351755375,True,normal
E01002827,Kensington and Chelsea 008D,11,0.17788695987499978,0.016171541806818162,True,normal
E01002828,Kensington and Chelsea 008E,6,0.0477685185173609,0.007961419752893483,True,normal
E01002864,Kensington and Chelsea 009A,11,0.3046655092584871,0.021663738075143765,True,normal
E01002866,Kensington and Chelsea 009B,11,0.4625231481446755,0.042047558922243225,True,normal
E01002867,Kensington and Chelsea 009C,7,0.1734486882692898,0.02477838403846997,True,normal
E01002868,Kensington and Chelsea 009D,13,0.2023167438240735,0.010611942070126988,True,normal
E01002869,Kensington and Chelsea 009E,8,0.0903406635802467,0.011292582947530837,True,normal
E01002887,Kensington and Chelsea 010A,6,0.2549174382704471,0.03324909979407787,True,normal
E01002889,Kensington and Chelsea 010B,9,0.0852442129618053,0.009471579217978367,True,normal
E01002890,Kensington and Chelsea 010C,13,0.3564633487623451,0.02192856718879092,True,normal
E01002891,Kensington and Chelsea 010D,10,0.17019444444290072,0.01266630015416662,True,normal
E01002892,Kensington and Chelsea 010E,11,0.2859810956770827,0.022468504489162402,True,normal
E01002813,Kensington and Chelsea 011A,17,0.33672569444097156,0.015064553830587295,True,normal
E01002815,Kensington and Chelsea 011B,2,0.0266631944444444,0.0133315972222222,True,normal
E01002816,Kensington and Chelsea 011C,4,0.1484278549359565,0.020678674768132663,True,normal
E01002817,Kensington and Chelsea 011D,9,0.1016446759255398,0.011293852880615534,True,normal
E01002865,Kensington and Chelsea 011E,14,0.0376350308634258,0.0026882164902447,True,normal
E01002818,Kensington and Chelsea 012A,12,0.4681072530833329,0.03168886638355193,True,normal
E01002819,Kensington and Chelsea 012B,7,0.1929818672820213,0.022157655423032375,True,normal
E01002859,Kensington and Chelsea 012C,14,0.2946222993796291,0.018616953262579884,True,normal
E01002860,Kensington and Chelsea 012D,17,0.4219355709834097,0.02257490241441989,True,normal
E01002863,Kensington and Chelsea 012E,11,0.25348765431905806,0.019703019781021982,True,normal
E01002812,Kensington and Chelsea 013A,2,0.06700655864197509,0.018273148148148073,True,normal
E01002834,Kensington and Chelsea 013B,10,0.1125652006153546,0.01125652006153546,True,normal
E01002839,Kensington and Chelsea 013C,4,0.0749729938260029,0.018743248456500727,True,normal
E01002850,Kensington and Chelsea 013D,3,0.095894290122685,0.02686979166640943,True,normal
E01002888,Kensington and Chelsea 013E,5,0.07822685185185183,0.015645370370370365,True,normal
E01002821,Kensington and Chelsea 014A,8,0.45273225308294696,0.0339250819827353,True,normal
E01002823,Kensington and Chelsea 014B,9,0.154420138886188,0.009330461248028093,True,normal
E01002858,Kensington and Chelsea 014C,6,0.07391473765354918,0.012319122942258197,True,normal
E01002861,Kensington and Chelsea 014D,6,0.19126543209683614,0.023540252057452384,True,normal
E01002862,Kensington and Chelsea 014E,3,0.1276851851836418,0.029565136316422286,True,normal
E01002814,Kensington and Chelsea 015A,1,0.0,0.0,True,B_underutilised
E01002847,Kensington and Chelsea 015B,8,0.11189969135763855,0.01398746141970482,True,normal
E01002848,Kensington and Chelsea 015C,9,0.06743595678858004,0.0056179483880315325,True,normal
E01002851,Kensington and Chelsea 015D,8,0.2484810956759255,0.026382619598500145,True,normal
E01002835,Kensington and Chelsea 016C,10,0.26453549382600244,0.017705671296238373,True,normal
E01002836,Kensington and Chelsea 016D,6,0.15642939814699056,0.018373617541023637,True,normal
E01002837,Kensington and Chelsea 016E,5,0.1812488425910493,0.03624976851820986,True,normal
E01035713,Kensington and Chelsea 016F,18,0.5421246141940577,0.023611636230967032,True,normal
E01002846,Kensington and Chelsea 017A,6,0.05855555555478372,0.0071319444443479615,True,normal
E01002849,Kensington and Chelsea 017B,8,0.3202519290096448,0.0400314911262056,True,normal
E01002893,Kensington and Chelsea 017C,6,0.2231674382692897,0.037194573044881614,True,normal
E01002894,Kensington and Chelsea 017D,3,0.023885030864197458,0.007961676954732487,True,normal
E01002898,Kensington and Chelsea 017E,13,0.2004567901211415,0.012174115621898709,True,normal
E01002899,Kensington and Chelsea 018A,9,0.1189976851844132,0.008479080932698871,True,normal
E01002900,Kensington and Chelsea 018B,5,0.39321296296064806,0.0397727237652006,True,normal
E01002901,Kensington and Chelsea 018C,9,0.1845354938248455,0.020503943758316167,True,normal
E01002902,Kensington and Chelsea 018D,7,0.0497199074074073,0.005970899470899458,True,normal
E01002903,Kensington and Chelsea 018E,12,0.059259645060956594,0.004938303755079716,True,normal
E01002844,Kensington and Chelsea 019A,8,0.0905902777766199,0.008988884066213306,True,normal
E01002845,Kensington and Chelsea 019B,3,0.0189506172835648,0.006316872427854933,True,normal
E01002910,Kensington and Chelsea 019C,14,0.36291936728240665,0.018438657407338473,True,normal
E01002911,Kensington and Chelsea 019D,11,0.1088796296280858,0.007189306256874245,True,normal
E01002914,Kensington and Chelsea 019E,15,0.29118904320794686,0.015260609567811183,True,normal
E01002896,Kensington and Chelsea 020C,8,0.35713618826813254,0.031877194251205616,True,normal
E01002897,Kensington and Chelsea 020D,2,0.061293595678240595,0.019275945215759975,True,normal
E01002912,Kensington and Chelsea 020E,10,0.4051786265416662,0.028921662808526198,True,normal
E01035714,Kensington and Chelsea 020F,13,0.2683337191327153,0.01736980650507474,True,normal
E01002840,Kensington and Chelsea 021A,5,0.033491898148148076,0.006698379629629615,True,normal
E01002841,Kensington and Chelsea 021B,17,0.4874158950582554,0.027554466230743875,True,normal
E01002842,Kensington and Chelsea 021C,0,0.0,,False,A_true_desert
E01002843,Kensington and Chelsea 021D,3,0.1467125771597219,0.03882092335378078,True,normal
E01002913,Kensington and Chelsea 021E,4,0.1510949074062497,0.03351171874975881,True,normal
E01003006,Kingston upon Thames 001A,1,0.0,0.0,True,B_underutilised
E01003007,Kingston upon Thames 001B,2,0.0144672067901234,0.0072336033950617,True,normal
E01003008,Kingston upon Thames 001C,6,0.0398113425925925,0.006635223765432084,True,normal
E01003009,Kingston upon Thames 001D,4,0.108587962962577,0.019809220678915863,True,normal
E01003010,Kingston upon Thames 001E,1,0.0,0.0,True,B_underutilised
E01002952,Kingston upon Thames 002A,0,0.0,,False,A_true_desert
E01002953,Kingston upon Thames 002B,0,0.0,,False,A_true_desert
E01002955,Kingston upon Thames 002C,0,0.0,,False,A_true_desert
E01002956,Kingston upon Thames 002D,4,0.0221041666666666,0.00552604166666665,True,normal
E01002959,Kingston upon Thames 002E,0,0.0,,False,A_true_desert
E01002935,Kingston upon Thames 003A,7,0.2423395061720674,0.023367614638411183,True,normal
E01002938,Kingston upon Thames 003B,9,0.07882754629552449,0.008758616255058277,True,normal
E01002951,Kingston upon Thames 003C,2,0.0237260802469135,0.01186304012345675,True,normal
E01002954,Kingston upon Thames 003D,0,0.0,,False,A_true_desert
E01002957,Kingston upon Thames 003E,0,0.0,,False,A_true_desert
E01002933,Kingston upon Thames 004A,11,0.1293950617283949,0.011763187429854082,True,normal
E01002934,Kingston upon Thames 004B,4,0.1131975308641973,0.028299382716049325,True,normal
E01002937,Kingston upon Thames 004D,25,0.2506813271597214,0.010027253086388856,True,normal
E01003011,Kingston upon Thames 004E,12,0.3981296296288574,0.03126217421120538,True,normal
E01033569,Kingston upon Thames 004G,1,0.0462982253086419,0.0462982253086419,True,normal
E01034576,Kingston upon Thames 004H,0,0.0,,False,A_true_desert
E01034577,Kingston upon Thames 004I,0,0.0,,False,A_true_desert
E01002964,Kingston upon Thames 005A,7,0.1510439814810955,0.0215777116401565,True,normal
E01002969,Kingston upon Thames 005B,5,0.0303248456790121,0.00606496913580242,True,normal
E01002971,Kingston upon Thames 005C,6,0.1375173611107251,0.02291956018512085,True,normal
E01002972,Kingston upon Thames 005D,2,0.0,0.0,True,B_underutilised
E01002974,Kingston upon Thames 005E,10,0.1098013117276232,0.007764197530806305,True,normal
E01002932,Kingston upon Thames 006A,0,0.0,,False,A_true_desert
E01002960,Kingston upon Thames 006B,6,0.350867283946759,0.03230619855934925,True,normal
E01002962,Kingston upon Thames 006C,0,0.0,,False,A_true_desert
E01002970,Kingston upon Thames 006D,5,0.0,0.0,True,B_underutilised
E01002973,Kingston upon Thames 006E,1,0.0079857253086419,0.0079857253086419,True,normal
E01002929,Kingston upon Thames 007A,3,0.0718761574070215,0.023958719135673833,True,normal
E01002930,Kingston upon Thames 007B,9,0.37580825617052455,0.019650684442036746,True,normal
E01002931,Kingston upon Thames 007C,7,0.0989594907407406,0.014137070105820087,True,normal
E01002963,Kingston upon Thames 007D,2,0.066200617283179,0.0331003086415895,True,normal
E01002985,Kingston upon Thames 007E,4,0.0384656635802467,0.007044270833333309,True,normal
E01002927,Kingston upon Thames 008A,2,0.0275416666666666,0.0137708333333333,True,normal
E01002928,Kingston upon Thames 008B,3,0.1284733796296295,0.042824459876543174,True,normal
E01002958,Kingston upon Thames 008C,11,0.3176983024683637,0.025804801487040504,True,normal
E01002961,Kingston upon Thames 008D,4,0.017599537037037,0.00439988425925925,True,normal
E01002986,Kingston upon Thames 008E,2,0.19558101851620358,0.048895254629050894,True,normal
E01002965,Kingston upon Thames 009A,4,0.058725308641589404,0.009944926697482625,True,normal
E01002967,Kingston upon Thames 009B,6,0.0940304783946756,0.010818394204325244,True,normal
E01002968,Kingston upon Thames 009C,1,0.0078055555555555,0.0078055555555555,True,normal
E01002990,Kingston upon Thames 009D,6,0.1075015432091048,0.013549125514338975,True,normal
E01002991,Kingston upon Thames 009E,4,0.5136311728371913,0.12840779320929782,True,normal
E01002922,Kingston upon Thames 010A,1,0.0025474537037037,0.0025474537037037,True,normal
E01002926,Kingston upon Thames 010B,1,0.0327723765432098,0.0163861882716049,True,normal
E01002966,Kingston upon Thames 010C,8,0.2411983024687495,0.030149787808593686,True,normal
E01002992,Kingston upon Thames 010D,4,0.0214116512345679,0.005352912808641975,True,normal
E01002921,Kingston upon Thames 011A,5,0.11493325617245351,0.0229866512344907,True,normal
E01002987,Kingston upon Thames 011B,3,0.1180030864193672,0.022155606995820448,True,normal
E01002988,Kingston upon Thames 011C,2,0.0,0.0,True,B_underutilised
E01002989,Kingston upon Thames 011D,8,0.0209475308641973,0.0026184413580246624,True,normal
E01002975,Kingston upon Thames 012A,1,0.0580949074070215,0.02904745370351075,True,normal
E01002977,Kingston upon Thames 012B,2,0.0,0.0,True,B_underutilised
E01002980,Kingston upon Thames 012C,0,0.0,,False,A_true_desert
E01002981,Kingston upon Thames 012D,0,0.0,,False,A_true_desert
E01002984,Kingston upon Thames 012E,3,0.0381948302469135,0.0127316100823045,True,normal
E01002923,Kingston upon Thames 013A,1,0.0821755401230709,0.0821755401230709,True,normal
E01002925,Kingston upon Thames 013B,8,0.14107947530864168,0.01763493441358021,True,normal
E01002993,Kingston upon Thames 013C,3,0.050231481481095595,0.0167438271603652,True,normal
E01002995,Kingston upon Thames 013D,0,0.0,,False,A_true_desert
E01002999,Kingston upon Thames 013E,2,0.0133105709876543,0.00665528549382715,True,normal
E01002915,Kingston upon Thames 014A,0,0.0,,False,A_true_desert
E01002916,Kingston upon Thames 014B,0,0.0,,False,A_true_desert
E01002917,Kingston upon Thames 014C,0,0.0,,False,A_true_desert
E01002920,Kingston upon Thames 014D,0,0.0,,False,A_true_desert
E01002924,Kingston upon Thames 014E,0,0.0,,False,A_true_desert
E01002976,Kingston upon Thames 015A,0,0.0,,False,A_true_desert
E01002978,Kingston upon Thames 015B,1,0.026089891974922702,0.013044945987461351,True,normal
E01002979,Kingston upon Thames 015C,0,0.0,,False,A_true_desert
E01002982,Kingston upon Thames 015D,0,0.0,,False,A_true_desert
E01002983,Kingston upon Thames 015E,0,0.0,,False,A_true_desert
E01002994,Kingston upon Thames 016A,0,0.0,,False,A_true_desert
E01002996,Kingston upon Thames 016B,4,0.0449077932094906,0.01122694830237265,True,normal
E01002997,Kingston upon Thames 016C,1,0.027769675925925802,0.013884837962962901,True,normal
E01002998,Kingston upon Thames 016D,5,0.1148206018510802,0.02296412037021604,True,normal
E01003002,Kingston upon Thames 016E,1,0.0034706790123456,0.0034706790123456,True,normal
E01002918,Kingston upon Thames 017A,0,0.0,,False,A_true_desert
E01002919,Kingston upon Thames 017B,2,0.0,0.0,True,B_underutilised
E01003000,Kingston upon Thames 017C,2,0.0880837191358024,0.0440418595679012,True,normal
E01003001,Kingston upon Thames 017D,0,0.0,,False,A_true_desert
E01003003,Kingston upon Thames 017E,3,0.10473032407291649,0.013410708161736942,True,normal
E01002939,Kingston upon Thames 018A,4,0.1279266975297067,0.015990837191213338,True,normal
E01002941,Kingston upon Thames 018B,2,0.15439081790084852,0.05196662808635538,True,normal
E01002942,Kingston upon Thames 018C,0,0.0,,False,A_true_desert
E01003004,Kingston upon Thames 018D,4,0.1513398919729938,0.018917486496624225,True,normal
E01003005,Kingston upon Thames 018E,0,0.0,,False,A_true_desert
E01002944,Kingston upon Thames 019A,3,0.0069421296296296,0.0023140432098765333,True,normal
E01002945,Kingston upon Thames 019B,0,0.0,,False,A_true_desert
E01002946,Kingston upon Thames 019C,0,0.0,,False,A_true_desert
E01002947,Kingston upon Thames 019D,0,0.0,,False,A_true_desert
E01002940,Kingston upon Thames 020A,5,0.0998958333333332,0.019979166666666638,True,normal
E01002943,Kingston upon Thames 020B,6,0.1480273919753085,0.02467123199588475,True,normal
E01002948,Kingston upon Thames 020C,0,0.0,,False,A_true_desert
E01002949,Kingston upon Thames 020D,1,0.0,0.0,True,B_underutilised
E01002950,Kingston upon Thames 020E,7,0.022338348765432,0.003191192680776,True,normal
E01003015,Lambeth 002A,2,0.0787619598757715,0.03938097993788575,True,normal
E01003108,Lambeth 002B,0,0.0,,False,A_true_desert
E01003110,Lambeth 002C,9,0.2410976080239195,0.026788623113768832,True,normal
E01003111,Lambeth 002D,0,0.0,,False,A_true_desert
E01003112,Lambeth 002E,4,0.240320216048611,0.06008005401215275,True,normal
E01003101,Lambeth 003A,4,0.3310767746631941,0.05598162615383867,True,normal
E01003105,Lambeth 003B,7,0.6458819444425151,0.035874889770521,True,normal
E01003106,Lambeth 003C,4,0.2745401234564042,0.06863503086410105,True,normal
E01003107,Lambeth 003D,6,0.35466358024614175,0.05911059670769029,True,normal
E01033862,Lambeth 003F,1,0.0,0.0,True,B_underutilised
E01033863,Lambeth 003G,2,0.14686458333294738,0.07343229166647369,True,normal
E01003102,Lambeth 004A,3,0.3214185956585647,0.058817386827803464,True,normal
E01003104,Lambeth 004C,3,0.1549317129621912,0.0516439043207304,True,normal
E01003122,Lambeth 004D,2,0.0706450617280091,0.03532253086400455,True,normal
E01003129,Lambeth 004E,4,0.0950239197527004,0.0237559799381751,True,normal
E01033208,Lambeth 004G,2,0.0715690586369595,0.011955729165830684,True,normal
E01033864,Lambeth 004H,4,0.0902797067901233,0.014221788194444413,True,normal
E01033865,Lambeth 004I,3,0.0796246141975307,0.026541538065843567,True,normal
E01033866,Lambeth 004J,1,0.0326593364189814,0.0326593364189814,True,normal
E01003098,Lambeth 005A,4,0.0646986882708332,0.0161746720677083,True,normal
E01003099,Lambeth 005B,1,0.0274934413580246,0.0274934413580246,True,normal
E01003100,Lambeth 005C,4,0.4500995370351078,0.11252488425877695,True,normal
E01003180,Lambeth 005D,4,0.24792515432021583,0.023864583333204705,True,normal
E01003183,Lambeth 005E,2,0.19010030864120359,0.09505015432060179,True,normal
E01003097,Lambeth 006A,4,0.12455015432021589,0.031137538580053973,True,normal
E01003121,Lambeth 006B,0,0.0,,False,A_true_desert
E01003123,Lambeth 006C,4,0.16362152777391958,0.04045736882619596,True,normal
E01003124,Lambeth 006D,2,0.0,0.0,True,B_underutilised
E01003125,Lambeth 006E,1,0.0252361111111111,0.0252361111111111,True,normal
E01003181,Lambeth 007A,2,0.0638877314814814,0.0319438657407407,True,normal
E01003184,Lambeth 007B,0,0.0,,False,A_true_desert
E01003185,Lambeth 007C,2,0.1201284722206789,0.06006423611033945,True,normal
E01003186,Lambeth 007D,5,0.1996909722218364,0.03993819444436728,True,normal
E01003187,Lambeth 007E,2,0.40207600308410474,0.20103800154205237,True,normal
E01003089,Lambeth 008A,3,0.1401601080239197,0.023360018003986616,True,normal
E01003091,Lambeth 008B,3,0.21997800925848757,0.03891319444418723,True,normal
E01003092,Lambeth 008C,6,0.6362256944417436,0.07735317000990222,True,normal
E01003126,Lambeth 008D,2,0.0662407407403549,0.03312037037017745,True,normal
E01003128,Lambeth 008E,0,0.0,,False,A_true_desert
E01003046,Lambeth 009A,3,0.25856790123341034,0.08618930041113677,True,normal
E01003048,Lambeth 009B,4,0.1569421296292436,0.0392355324073109,True,normal
E01003075,Lambeth 009C,3,0.037991126543209804,0.0126637088477366,True,normal
E01003182,Lambeth 009D,6,0.3771327160470676,0.06285545267451127,True,normal
E01003188,Lambeth 009E,2,0.2225725308622685,0.11128626543113425,True,normal
E01003088,Lambeth 010A,3,0.09063541666628079,0.03021180555542693,True,normal
E01003093,Lambeth 010B,1,0.0638908179012345,0.0638908179012345,True,normal
E01003094,Lambeth 010C,3,0.37362615740702143,0.06900462962956529,True,normal
E01003096,Lambeth 010D,8,0.228125385802083,0.028515673225260375,True,normal
E01003127,Lambeth 010E,8,0.454768518513503,0.028423032407093936,True,normal
E01003045,Lambeth 011A,1,0.1277793209876543,0.1277793209876543,True,normal
E01003047,Lambeth 011B,5,0.20799498456712942,0.04159899691342588,True,normal
E01003049,Lambeth 011C,3,0.0753171296292437,0.025105709876414566,True,normal
E01003059,Lambeth 011D,2,0.2266219135802469,0.05665547839506172,True,normal
E01003060,Lambeth 011E,1,0.0944510030856481,0.0944510030856481,True,normal
E01003061,Lambeth 011F,2,0.0489567901234567,0.012239197530864176,True,normal
E01003034,Lambeth 012A,3,0.12186496913580229,0.04062165637860076,True,normal
E01003035,Lambeth 012B,1,0.0551134259247685,0.0551134259247685,True,normal
E01003036,Lambeth 012C,8,0.2904074074066354,0.03408745659712573,True,normal
E01003090,Lambeth 012D,3,0.0510416666666666,0.017013888888888867,True,normal
E01003095,Lambeth 012E,5,0.1675169753082559,0.03350339506165118,True,normal
E01003037,Lambeth 013A,2,0.09999035493788569,0.049995177468942845,True,normal
E01003038,Lambeth 013B,7,0.0723711419749227,0.0103387345678461,True,normal
E01003039,Lambeth 013C,6,0.2560817901215276,0.042680298353587935,True,normal
E01003040,Lambeth 013D,4,0.079861111111111,0.01996527777777775,True,normal
E01003042,Lambeth 013E,1,0.0,0.0,True,B_underutilised
E01003072,Lambeth 014A,5,0.0630999228387345,0.0126199845677469,True,normal
E01003073,Lambeth 014B,11,0.29143248456712934,0.019538843293998995,True,normal
E01003076,Lambeth 014C,7,0.3548599537021602,0.050694279100308604,True,normal
E01003077,Lambeth 014D,9,0.7322997685169752,0.04904562471413465,True,normal
E01003078,Lambeth 014E,8,0.2404486882708331,0.030056086033854137,True,normal
E01003019,Lambeth 015A,4,0.0684359567893518,0.01710898919733795,True,normal
E01003053,Lambeth 015B,6,0.1175914351844134,0.019598572530735565,True,normal
E01003054,Lambeth 015C,5,0.13449112654282389,0.026898225308564776,True,normal
E01003056,Lambeth 015D,3,0.1609498456782407,0.05364994855941357,True,normal
E01003058,Lambeth 015E,6,0.8213148148117283,0.10260818544196887,True,normal
E01003020,Lambeth 016A,7,0.0607542438267745,0.008679177689539215,True,normal
E01003050,Lambeth 016B,1,0.0388885030864197,0.0388885030864197,True,normal
E01003052,Lambeth 016C,3,0.1544027777758486,0.05146759259194953,True,normal
E01003055,Lambeth 016D,2,0.0212959104934413,0.01064795524672065,True,normal
E01003176,Lambeth 016E,3,0.2299205246905863,0.0766401748968621,True,normal
E01003029,Lambeth 017A,4,0.08887345679012329,0.022218364197530822,True,normal
E01003032,Lambeth 017B,0,0.0,,False,A_true_desert
E01003041,Lambeth 017C,1,0.0408506944444444,0.0408506944444444,True,normal
E01003057,Lambeth 017D,2,0.22346682098688259,0.11173341049344129,True,normal
E01003043,Lambeth 018A,5,0.2154745370362652,0.04309490740725304,True,normal
E01003044,Lambeth 018B,1,0.0380540123452932,0.0380540123452932,True,normal
E01003051,Lambeth 018C,7,0.3041550925918209,0.02552786044968033,True,normal
E01003071,Lambeth 018D,7,0.2136469907399687,0.02611472111981917,True,normal
E01003074,Lambeth 018E,5,0.052663966048611004,0.00825246913568671,True,normal
E01003026,Lambeth 019A,5,0.0699128086415894,0.00699128086415894,True,normal
E01003027,Lambeth 019B,5,0.3286099537025462,0.06572199074050925,True,normal
E01003028,Lambeth 019C,8,0.1795451388881171,0.02078691647366896,True,normal
E01003030,Lambeth 019D,3,0.030654706790123297,0.010218235596707766,True,normal
E01003033,Lambeth 019E,6,0.2981500771593362,0.04969167952655604,True,normal
E01003018,Lambeth 020A,14,0.1228630401219133,0.008775931437279522,True,normal
E01003171,Lambeth 020B,7,0.1377291666658949,0.019675595237984986,True,normal
E01003173,Lambeth 020C,7,0.2289625771589503,0.032708939594135754,True,normal
E01003177,Lambeth 020D,7,0.0714861111103392,0.007825947971726156,True,normal
E01003178,Lambeth 020E,9,0.0625027006168978,0.005497985253750827,True,normal
E01003021,Lambeth 021A,5,0.0751145833329474,0.008926929012268506,True,normal
E01003022,Lambeth 021B,7,0.2166172839486881,0.030945326278384012,True,normal
E01003023,Lambeth 021C,6,0.6986103395034718,0.11643505658391197,True,normal
E01003024,Lambeth 021D,0,0.0,,False,A_true_desert
E01003025,Lambeth 021E,2,0.0243047839506172,0.0121523919753086,True,normal
E01003136,Lambeth 022A,4,0.1444155092581017,0.036103877314525426,True,normal
E01003137,Lambeth 022B,1,0.3869818672739197,0.3869818672739197,True,normal
E01003159,Lambeth 022C,1,0.0,0.0,True,B_underutilised
E01003160,Lambeth 022D,0,0.0,,False,A_true_desert
E01003162,Lambeth 022E,1,0.008912037037037,0.008912037037037,True,normal
E01003031,Lambeth 023A,2,0.0368993055547838,0.01168451003067125,True,normal
E01003156,Lambeth 023B,3,0.04669675925810175,0.015552019032600275,True,normal
E01003157,Lambeth 023C,3,0.0,0.0,True,B_underutilised
E01003158,Lambeth 023D,3,0.1374976851840277,0.04583256172800923,True,normal
E01003161,Lambeth 023E,5,0.0879398148148146,0.01758796296296292,True,normal
E01003163,Lambeth 023F,3,0.039345679011574,0.013115226337191333,True,normal
E01003132,Lambeth 024A,0,0.0,,False,A_true_desert
E01003172,Lambeth 024B,1,0.0,0.0,True,B_underutilised
E01003174,Lambeth 024C,3,0.2354402006099535,0.0784800668699845,True,normal
E01003175,Lambeth 024D,1,0.0556774691358024,0.0556774691358024,True,normal
E01003179,Lambeth 024E,2,0.0,0.0,True,B_underutilised
E01003164,Lambeth 025A,4,0.0992785493827158,0.02481963734567895,True,normal
E01003165,Lambeth 025B,3,0.0386404320983795,0.012880144032793167,True,normal
E01003168,Lambeth 025C,0,0.0,,False,A_true_desert
E01003169,Lambeth 025D,4,0.2083159722218363,0.05207899305545907,True,normal
E01003170,Lambeth 025E,6,0.7783622685158176,0.12972704475263627,True,normal
E01003130,Lambeth 026A,3,0.3739672067889659,0.08046945730433382,True,normal
E01003131,Lambeth 026B,2,0.2067145061724536,0.1033572530862268,True,normal
E01003135,Lambeth 026C,3,0.1741975308638116,0.058065843621270534,True,normal
E01003138,Lambeth 026D,4,0.419101080243441,0.10477527006086025,True,normal
E01003151,Lambeth 026E,3,0.3690906635790893,0.09667959104899687,True,normal
E01003079,Lambeth 027A,3,0.1511898148144289,0.02566158693409205,True,normal
E01003080,Lambeth 027B,5,0.5493202160489966,0.06516439043206015,True,normal
E01003133,Lambeth 027C,4,0.187616126542824,0.046904031635706,True,normal
E01003134,Lambeth 027D,3,0.0892094907403549,0.029736496913451635,True,normal
E01003152,Lambeth 027E,1,0.0106489197530864,0.0106489197530864,True,normal
E01003064,Lambeth 028A,6,0.2350115740733023,0.03916859567888372,True,normal
E01003066,Lambeth 028B,2,0.3195524691342592,0.10150289351803626,True,normal
E01003081,Lambeth 028C,7,0.39040316357831767,0.03043570877411263,True,normal
E01003166,Lambeth 028D,3,0.2094899691346449,0.0698299897115483,True,normal
E01003167,Lambeth 028E,4,0.1413016975308641,0.03532542438271603,True,normal
E01003116,Lambeth 029A,1,0.0231512345679012,0.0231512345679012,True,normal
E01003117,Lambeth 029B,6,0.24229398147878078,0.04038233024646346,True,normal
E01003118,Lambeth 029C,4,0.0429309413576388,0.00536636766970485,True,normal
E01003153,Lambeth 029D,1,0.1252380401226852,0.1252380401226852,True,normal
E01003155,Lambeth 029E,3,0.2126439043209874,0.05649061213991763,True,normal
E01003083,Lambeth 030A,2,0.0902770061728394,0.0451385030864197,True,normal
E01003084,Lambeth 030B,4,0.0320613425922067,0.008015335648051675,True,normal
E01003085,Lambeth 030C,8,0.24622415123341002,0.030778018904176252,True,normal
E01003149,Lambeth 030D,2,0.09004475308526229,0.045022376542631144,True,normal
E01003154,Lambeth 030E,2,0.03684143518441358,0.01842071759220679,True,normal
E01003065,Lambeth 031A,4,0.3892314814810955,0.05387668788570599,True,normal
E01003068,Lambeth 031B,2,0.16270717592592582,0.08135358796296291,True,normal
E01003082,Lambeth 031C,3,0.21308641975270048,0.0710288065842335,True,normal
E01003086,Lambeth 031D,1,0.0511616512345679,0.0511616512345679,True,normal
E01003087,Lambeth 031E,0,0.0,,False,A_true_desert
E01003113,Lambeth 032A,3,0.1856334876535492,0.061877829217849734,True,normal
E01003114,Lambeth 032B,7,0.3357129629621911,0.04795899470888444,True,normal
E01003119,Lambeth 032C,10,0.2746427469070214,0.018809239968711405,True,normal
E01003120,Lambeth 032D,5,0.3180401234560184,0.06360802469120368,True,normal
E01003148,Lambeth 032E,2,0.0970995370370369,0.04854976851851845,True,normal
E01003150,Lambeth 032F,1,0.1261315586415895,0.1261315586415895,True,normal
E01003062,Lambeth 033A,8,0.15084760802469122,0.018855951003086402,True,normal
E01003063,Lambeth 033B,1,0.0339135802465277,0.0339135802465277,True,normal
E01003067,Lambeth 033C,10,0.14219830246643486,0.014219830246643486,True,normal
E01003069,Lambeth 033D,3,0.0038213734567901,0.0012737911522633667,True,normal
E01003070,Lambeth 033E,3,0.1870543981477623,0.0623514660492541,True,normal
E01003115,Lambeth 034A,1,0.1713433641959876,0.1713433641959876,True,normal
E01003141,Lambeth 034B,9,0.3663078703603392,0.04070087448448213,True,normal
E01003144,Lambeth 034C,5,0.2259621913576387,0.04519243827152774,True,normal
E01003145,Lambeth 034D,2,0.15689776234452152,0.07844888117226076,True,normal
E01003147,Lambeth 034E,4,0.22985609567746892,0.03920042438242666,True,normal
E01003139,Lambeth 035A,2,0.1739475308641975,0.04348688271604938,True,normal
E01003140,Lambeth 035B,1,0.0460613425925926,0.0460613425925926,True,normal
E01003142,Lambeth 035C,1,0.0728734567897376,0.0728734567897376,True,normal
E01003143,Lambeth 035D,2,0.2767010030864197,0.13835050154320985,True,normal
E01003146,Lambeth 035E,1,0.0460077160489969,0.0460077160489969,True,normal
E01003013,Lambeth 036A,3,0.0012735339506172,0.00042451131687240004,True,normal
E01003014,Lambeth 036B,6,0.2180030864189813,0.03633384773649689,True,normal
E01003016,Lambeth 036C,2,0.0757002314807098,0.0378501157403549,True,normal
E01003017,Lambeth 036D,6,0.2287299382704474,0.0381216563784079,True,normal
E01032582,Lambeth 036E,10,0.1419614197523144,0.014196141975231441,True,normal
E01003244,Lewisham 001A,0,0.0,,False,A_true_desert
E01003245,Lewisham 001B,0,0.0,,False,A_true_desert
E01003247,Lewisham 001C,1,0.0927260802469135,0.04636304012345675,True,normal
E01003249,Lewisham 001D,1,0.1311983024683641,0.06559915123418204,True,normal
E01034387,Lewisham 001F,1,0.0671358024683642,0.0671358024683642,True,normal
E01034388,Lewisham 001G,0,0.0,,False,A_true_desert
E01034389,Lewisham 001H,3,0.0277758487646604,0.0092586162548868,True,normal
E01003246,Lewisham 002A,2,0.2464911265412807,0.12324556327064035,True,normal
E01003248,Lewisham 002B,2,0.431101466046682,0.215550733023341,True,normal
E01003251,Lewisham 002C,0,0.0,,False,A_true_desert
E01003252,Lewisham 002D,0,0.0,,False,A_true_desert
E01003253,Lewisham 002E,0,0.0,,False,A_true_desert
E01003297,Lewisham 003A,1,0.177931327160108,0.177931327160108,True,normal
E01003299,Lewisham 003B,0,0.0,,False,A_true_desert
E01003301,Lewisham 003C,0,0.0,,False,A_true_desert
E01003302,Lewisham 003D,0,0.0,,False,A_true_desert
E01003305,Lewisham 003E,2,0.207136959875,0.1035684799375,True,normal
E01003207,Lewisham 005A,0,0.0,,False,A_true_desert
E01003209,Lewisham 005B,1,0.1457939814814814,0.1457939814814814,True,normal
E01003210,Lewisham 005C,1,0.32037307096257694,0.16018653548128847,True,normal
E01003212,Lewisham 005D,0,0.0,,False,A_true_desert
E01003215,Lewisham 005E,0,0.0,,False,A_true_desert
E01003338,Lewisham 006A,1,0.0228935185181327,0.0228935185181327,True,normal
E01003339,Lewisham 006B,2,0.027716820987654302,0.013858410493827151,True,normal
E01003340,Lewisham 006C,2,0.036807098765432,0.018403549382716,True,normal
E01003341,Lewisham 006D,3,0.2328028549378857,0.0776009516459619,True,normal
E01003343,Lewisham 006E,0,0.0,,False,A_true_desert
E01003199,Lewisham 007A,2,0.010319444444444353,0.005159722222222177,True,normal
E01003201,Lewisham 007B,1,0.1178665123452931,0.1178665123452931,True,normal
E01003204,Lewisham 007C,1,0.0407349537037037,0.0407349537037037,True,normal
E01003205,Lewisham 007D,0,0.0,,False,A_true_desert
E01003206,Lewisham 007E,0,0.0,,False,A_true_desert
E01003211,Lewisham 008B,0,0.0,,False,A_true_desert
E01003213,Lewisham 008C,2,0.0972561728387345,0.04862808641936725,True,normal
E01003214,Lewisham 008D,0,0.0,,False,A_true_desert
E01033324,Lewisham 008E,4,0.29495871913233,0.0737396797830825,True,normal
E01033325,Lewisham 008F,0,0.0,,False,A_true_desert
E01003198,Lewisham 009A,2,0.0389498456782406,0.0194749228391203,True,normal
E01003200,Lewisham 009B,1,0.0869984567893518,0.0869984567893518,True,normal
E01003202,Lewisham 009C,1,0.0001956018518518,0.0001956018518518,True,normal
E01003203,Lewisham 009D,1,0.0124120370366512,0.0124120370366512,True,normal
E01003336,Lewisham 010A,1,0.0198368055551697,0.0198368055551697,True,normal
E01003337,Lewisham 010B,2,0.0545887345667438,0.0272943672833719,True,normal
E01003342,Lewisham 010C,2,0.067497685185185,0.0233751929012345,True,normal
E01003344,Lewisham 010D,0,0.0,,False,A_true_desert
E01003345,Lewisham 010E,1,0.0263287037033179,0.0263287037033179,True,normal
E01003273,Lewisham 011A,3,0.13366628086265409,0.03705677726292433,True,normal
E01003277,Lewisham 011B,0,0.0,,False,A_true_desert
E01003278,Lewisham 011C,0,0.0,,False,A_true_desert
E01003279,Lewisham 011D,4,0.23934722222106447,0.05143214699045132,True,normal
E01003282,Lewisham 013A,1,0.0137554012345679,0.0137554012345679,True,normal
E01003283,Lewisham 013B,5,0.1779371141971448,0.03230787037029317,True,normal
E01003284,Lewisham 013C,3,0.34743749999961393,0.10097307956091385,True,normal
E01003286,Lewisham 013D,1,0.0635177469135802,0.0635177469135802,True,normal
E01003272,Lewisham 014A,2,0.06984259259259251,0.034921296296296256,True,normal
E01003274,Lewisham 014B,2,0.1072125771601079,0.05360628858005395,True,normal
E01003275,Lewisham 014C,0,0.0,,False,A_true_desert
E01003276,Lewisham 014D,0,0.0,,False,A_true_desert
E01003225,Lewisham 015A,0,0.0,,False,A_true_desert
E01003231,Lewisham 015B,0,0.0,,False,A_true_desert
E01003232,Lewisham 015C,3,0.33093171296064805,0.11031057098688268,True,normal
E01003233,Lewisham 015D,2,0.251956404320216,0.125978202160108,True,normal
E01003280,Lewisham 016A,0,0.0,,False,A_true_desert
E01003281,Lewisham 016B,0,0.0,,False,A_true_desert
E01003285,Lewisham 016C,1,0.0201350308641975,0.0201350308641975,True,normal
E01003287,Lewisham 016D,3,0.019257716048611,0.006419238682870333,True,normal
E01003292,Lewisham 017A,0,0.0,,False,A_true_desert
E01003293,Lewisham 017B,2,0.0357843364185956,0.0178921682092978,True,normal
E01003295,Lewisham 017D,3,0.1090123456778547,0.0334373713987911,True,normal
E01033320,Lewisham 017E,1,0.0852916666662808,0.0852916666662808,True,normal
E01033322,Lewisham 017F,0,0.0,,False,A_true_desert
E01003319,Lewisham 018A,0,0.0,,False,A_true_desert
E01003320,Lewisham 018B,1,0.0113993055555555,0.0113993055555555,True,normal
E01003323,Lewisham 018C,0,0.0,,False,A_true_desert
E01003325,Lewisham 018D,0,0.0,,False,A_true_desert
E01003226,Lewisham 019A,2,0.2716763117272375,0.13583815586361875,True,normal
E01003227,Lewisham 019B,0,0.0,,False,A_true_desert
E01003228,Lewisham 019C,3,0.1507932098765431,0.050264403292181035,True,normal
E01003229,Lewisham 019D,1,0.1326666666651234,0.1326666666651234,True,normal
E01003230,Lewisham 019E,0,0.0,,False,A_true_desert
E01003318,Lewisham 020B,0,0.0,,False,A_true_desert
E01003321,Lewisham 020C,1,0.0046720679012345,0.0046720679012345,True,normal
E01003322,Lewisham 020D,0,0.0,,False,A_true_desert
E01003324,Lewisham 020E,0,0.0,,False,A_true_desert
E01034390,Lewisham 020F,1,0.0022368827160493,0.0022368827160493,True,normal
E01034391,Lewisham 020G,1,0.0,0.0,True,B_underutilised
E01003254,Lewisham 021A,3,0.0553715277770061,0.0184571759256687,True,normal
E01003255,Lewisham 021B,1,0.0542422839506172,0.0271211419753086,True,normal
E01003260,Lewisham 021C,1,0.0533051697530864,0.0533051697530864,True,normal
E01003261,Lewisham 021D,0,0.0,,False,A_true_desert
E01003262,Lewisham 021E,0,0.0,,False,A_true_desert
E01003217,Lewisham 022A,0,0.0,,False,A_true_desert
E01003218,Lewisham 022B,0,0.0,,False,A_true_desert
E01003220,Lewisham 022C,0,0.0,,False,A_true_desert
E01003222,Lewisham 022D,1,0.0647839506172838,0.0323919753086419,True,normal
E01003224,Lewisham 022E,0,0.0,,False,A_true_desert
E01003263,Lewisham 023A,0,0.0,,False,A_true_desert
E01003268,Lewisham 023B,1,0.0394475308638117,0.0394475308638117,True,normal
E01003269,Lewisham 023C,1,0.0354444444436728,0.0354444444436728,True,normal
E01003270,Lewisham 023D,0,0.0,,False,A_true_desert
E01003271,Lewisham 023E,2,0.0479398148148147,0.02396990740740735,True,normal
E01003307,Lewisham 024A,0,0.0,,False,A_true_desert
E01003308,Lewisham 024B,1,0.0935297067897376,0.0935297067897376,True,normal
E01003314,Lewisham 024C,2,0.1451558641959875,0.07257793209799375,True,normal
E01003315,Lewisham 024D,1,0.081372299382716,0.081372299382716,True,normal
E01003316,Lewisham 024E,1,0.0151238425922067,0.0151238425922067,True,normal
E01003216,Lewisham 025A,1,0.1973846450613426,0.1973846450613426,True,normal
E01003219,Lewisham 025B,1,0.032886574074074,0.016443287037037,True,normal
E01003221,Lewisham 025C,0,0.0,,False,A_true_desert
E01003223,Lewisham 025D,0,0.0,,False,A_true_desert
E01003346,Lewisham 026A,1,0.0730848765424382,0.0730848765424382,True,normal
E01003349,Lewisham 026B,0,0.0,,False,A_true_desert
E01003351,Lewisham 026C,0,0.0,,False,A_true_desert
E01003354,Lewisham 026D,1,0.0466851851851851,0.0466851851851851,True,normal
E01003309,Lewisham 027A,1,0.0755798611107252,0.0377899305553626,True,normal
E01003310,Lewisham 027B,1,0.4676215277716051,0.23381076388580255,True,normal
E01003311,Lewisham 027C,1,0.0345690586412037,0.0345690586412037,True,normal
E01003312,Lewisham 027D,1,0.005866512345679,0.005866512345679,True,normal
E01003313,Lewisham 027E,0,0.0,,False,A_true_desert
E01003256,Lewisham 028A,2,0.5862519290115742,0.2931259645057871,True,normal
E01003257,Lewisham 028B,0,0.0,,False,A_true_desert
E01003258,Lewisham 028C,0,0.0,,False,A_true_desert
E01003259,Lewisham 028D,0,0.0,,False,A_true_desert
E01003193,Lewisham 029A,1,0.0601932870362654,0.0601932870362654,True,normal
E01003194,Lewisham 029B,0,0.0,,False,A_true_desert
E01003195,Lewisham 029C,1,0.0956358024679783,0.0956358024679783,True,normal
E01003196,Lewisham 029D,0,0.0,,False,A_true_desert
E01003197,Lewisham 029E,0,0.0,,False,A_true_desert
E01003347,Lewisham 030A,0,0.0,,False,A_true_desert
E01003348,Lewisham 030B,2,0.3227307098734566,0.08068267746836415,True,normal
E01003350,Lewisham 030C,0,0.0,,False,A_true_desert
E01003352,Lewisham 030D,0,0.0,,False,A_true_desert
E01003353,Lewisham 030E,1,0.0,0.0,True,B_underutilised
E01003264,Lewisham 031A,0,0.0,,False,A_true_desert
E01003265,Lewisham 031B,1,0.1271628086419752,0.0635814043209876,True,normal
E01003266,Lewisham 031C,0,0.0,,False,A_true_desert
E01003267,Lewisham 031D,0,0.0,,False,A_true_desert
E01003329,Lewisham 033A,0,0.0,,False,A_true_desert
E01003330,Lewisham 033B,1,0.1167395833333333,0.1167395833333333,True,normal
E01003331,Lewisham 033C,0,0.0,,False,A_true_desert
E01003332,Lewisham 033D,2,0.2636535493819444,0.10134577546277004,True,normal
E01003334,Lewisham 033E,0,0.0,,False,A_true_desert
E01003189,Lewisham 034A,0,0.0,,False,A_true_desert
E01003190,Lewisham 034B,1,0.0637527006161265,0.03187635030806325,True,normal
E01003191,Lewisham 034C,0,0.0,,False,A_true_desert
E01003192,Lewisham 034D,2,0.0930185185177469,0.04650925925887345,True,normal
E01003326,Lewisham 035A,2,0.1343688271601079,0.06718441358005395,True,normal
E01003327,Lewisham 035B,0,0.0,,False,A_true_desert
E01003328,Lewisham 035C,1,0.0085185185181327,0.0085185185181327,True,normal
E01003333,Lewisham 035D,1,0.0394374999999999,0.0394374999999999,True,normal
E01003335,Lewisham 035E,0,0.0,,False,A_true_desert
E01003236,Lewisham 037A,1,0.1137183641975308,0.1137183641975308,True,normal
E01003237,Lewisham 037B,0,0.0,,False,A_true_desert
E01003238,Lewisham 037C,0,0.0,,False,A_true_desert
E01003239,Lewisham 037D,0,0.0,,False,A_true_desert
E01032564,Lewisham 037E,0,0.0,,False,A_true_desert
E01003235,Lewisham 038A,10,1.011571373442515,0.03541261574017166,True,normal
E01003240,Lewisham 038B,0,0.0,,False,A_true_desert
E01003241,Lewisham 038C,0,0.0,,False,A_true_desert
E01003243,Lewisham 038D,0,0.0,,False,A_true_desert
E01032565,Lewisham 038E,0,0.0,,False,A_true_desert
E01003298,Lewisham 039A,1,0.0,0.0,True,B_underutilised
E01003300,Lewisham 039B,0,0.0,,False,A_true_desert
E01003303,Lewisham 039C,1,0.14597453702700608,0.07298726851350304,True,normal
E01003304,Lewisham 039D,0,0.0,,False,A_true_desert
E01032579,Lewisham 039E,1,0.5197114197453702,0.12992785493634254,True,normal
E01034392,Lewisham 040A,0,0.0,,False,A_true_desert
E01034393,Lewisham 040B,0,0.0,,False,A_true_desert
E01034394,Lewisham 040C,0,0.0,,False,A_true_desert
E01034395,Lewisham 040D,0,0.0,,False,A_true_desert
E01003288,Lewisham 041A,1,0.0035644290123456,0.0035644290123456,True,normal
E01003290,Lewisham 041E,0,0.0,,False,A_true_desert
E01003291,Lewisham 041D,2,0.0365609567897375,0.01828047839486875,True,normal
E01033327,Lewisham 041B,0,0.0,,False,A_true_desert
E01033341,Lewisham 041C,2,0.0780536265428239,0.02844399434149945,True,normal
E01003472,Merton 001A,8,0.0932148919745367,0.010440224729841787,True,normal
E01003473,Merton 001B,14,0.4046064814807093,0.02303270135209065,True,normal
E01003474,Merton 001C,9,0.0949097222214503,0.008537422839441845,True,normal
E01003478,Merton 001E,14,0.2629236111087957,0.01878025793634255,True,normal
E01034578,Merton 001F,4,0.0979467592584874,0.02448668981462185,True,normal
E01034579,Merton 001G,3,0.0142422839506172,0.004747427983539066,True,normal
E01003460,Merton 002A,10,0.16048186728356462,0.01604818672835646,True,normal
E01003462,Merton 002B,6,0.04009182098726816,0.005820719735907454,True,normal
E01003464,Merton 002C,3,0.0673364197523145,0.013101337448302412,True,normal
E01003465,Merton 002D,3,0.2832878086415893,0.09070055298341045,True,normal
E01003400,Merton 003A,6,0.0640667438267745,0.0058055769889617395,True,normal
E01003454,Merton 003B,7,0.1151419753082559,0.01644885361546513,True,normal
E01003456,Merton 003C,9,0.39168479937615674,0.022889667637924327,True,normal
E01003476,Merton 003D,8,0.1721419753063267,0.02014506172812977,True,normal
E01003477,Merton 003E,10,0.1856693672827928,0.01856693672827928,True,normal
E01003401,Merton 004A,6,0.2239355709864965,0.023706340020426053,True,normal
E01003402,Merton 004B,7,0.1173846450609565,0.011129050925843221,True,normal
E01003403,Merton 004C,12,0.1267052469131941,0.010558770576099509,True,normal
E01003404,Merton 004D,6,0.4819456018495369,0.08032426697492281,True,normal
E01003461,Merton 004E,3,0.029201388888503002,0.009733796296167668,True,normal
E01003369,Merton 005B,5,0.1221543209864966,0.02201998456774686,True,normal
E01003370,Merton 005C,5,0.3439185956539348,0.03831013374234821,True,normal
E01003371,Merton 005D,9,0.45073842592554003,0.050082047325060004,True,normal
E01003455,Merton 005E,10,0.12811805555362615,0.011253954475115704,True,normal
E01034580,Merton 005F,6,0.27015277777662017,0.03779600694428367,True,normal
E01034581,Merton 005G,5,0.1276215277762344,0.02552430555524688,True,normal
E01003359,Merton 006A,16,0.2284448302457557,0.01289202353389031,True,normal
E01003360,Merton 006B,13,0.1613954475308639,0.01241503442545107,True,normal
E01003457,Merton 006C,12,0.276548996911265,0.0196646197700617,True,normal
E01003458,Merton 006D,5,0.0698449074070213,0.01396898148140426,True,normal
E01003459,Merton 006E,5,0.0458877314807097,0.00917754629614194,True,normal
E01003394,Merton 007A,10,0.1434205246909718,0.01099965277775845,True,normal
E01003395,Merton 007B,8,0.11122029320833322,0.013902536651041653,True,normal
E01003396,Merton 007C,9,0.2072469135802466,0.016627743484224942,True,normal
E01003397,Merton 007D,13,0.31893441357638846,0.02453341642895296,True,normal
E01003398,Merton 007E,9,0.0768634259255398,0.00854038065839331,True,normal
E01003368,Merton 008A,6,0.0264749228395061,0.004412487139917684,True,normal
E01003372,Merton 008B,7,0.0576512345675152,0.008235890652502171,True,normal
E01003393,Merton 008C,7,0.049490354938271405,0.005510912698412679,True,normal
E01003406,Merton 008D,3,0.1803927469120369,0.0521140260625857,True,normal
E01003407,Merton 008E,2,0.2101631944444444,0.1050815972222222,True,normal
E01003355,Merton 009A,9,0.238705246911265,0.023423653977816317,True,normal
E01003356,Merton 009B,15,0.1541014660482246,0.01027343106988164,True,normal
E01003358,Merton 009C,10,0.39407253086419697,0.036800823045267446,True,normal
E01003383,Merton 009D,11,0.0740887345655861,0.006735339505962373,True,normal
E01003384,Merton 009E,7,0.0806149691354164,0.007803240740713158,True,normal
E01003442,Merton 010A,6,0.0641902006172838,0.0106983667695473,True,normal
E01003443,Merton 010B,12,0.09561033950578673,0.007967528292148895,True,normal
E01003444,Merton 010C,8,0.0707708333317898,0.006019000771444159,True,normal
E01003445,Merton 010D,10,0.0866956018518516,0.00866956018518516,True,normal
E01003463,Merton 010E,1,0.0519544753086419,0.0519544753086419,True,normal
E01003380,Merton 011A,6,0.0782515432087189,0.010198431069808783,True,normal
E01003382,Merton 011B,4,0.08983719135725289,0.022459297839313223,True,normal
E01003385,Merton 011C,10,0.12730825617283908,0.01069358281893001,True,normal
E01003399,Merton 011D,14,0.2172276234537033,0.014594728284611969,True,normal
E01003423,Merton 011E,9,0.162712962960648,0.015750278634880818,True,normal
E01003357,Merton 012A,6,0.4219556327021603,0.044311921295106714,True,normal
E01003376,Merton 012B,1,0.0772955246909722,0.0772955246909722,True,normal
E01003377,Merton 012C,1,0.0,0.0,True,B_underutilised
E01003408,Merton 012D,5,0.42949652777623415,0.07902168209855961,True,normal
E01003410,Merton 012E,4,0.1278013117283949,0.031950327932098725,True,normal
E01003386,Merton 013A,2,0.0622665895057869,0.03113329475289345,True,normal
E01003388,Merton 013B,6,0.1875898919753084,0.03126498199588473,True,normal
E01003389,Merton 013C,7,0.24799961419598732,0.03334570656947196,True,normal
E01003392,Merton 013D,8,0.3924023919737652,0.04905029899672065,True,normal
E01003409,Merton 013E,3,0.1486902006165123,0.0495634002055041,True,normal
E01003387,Merton 014A,6,0.2107280092577158,0.035121334876285965,True,normal
E01003391,Merton 014B,1,0.0802519290119598,0.0401259645059799,True,normal
E01003411,Merton 014C,6,0.471189429011188,0.07853157150186467,True,normal
E01003412,Merton 014D,4,0.1669220679004629,0.041730516975115726,True,normal
E01003435,Merton 014E,2,0.0,0.0,True,B_underutilised
E01003361,Merton 015A,6,0.24265624999922808,0.04044270833320468,True,normal
E01003424,Merton 015B,7,0.0716415895046294,0.010234512786375629,True,normal
E01003425,Merton 015C,3,0.31526774691319426,0.10508924897106475,True,normal
E01003426,Merton 015D,4,0.056343749999999894,0.007484471450617262,True,normal
E01003428,Merton 015E,1,0.005545138888503,0.005545138888503,True,normal
E01003366,Merton 016A,3,0.0118896604938271,0.003963220164609034,True,normal
E01003381,Merton 016B,12,0.1372361111103392,0.011436342592528266,True,normal
E01003446,Merton 016C,7,0.0917380401230708,0.013105434303295829,True,normal
E01003447,Merton 016D,2,0.1186535493819444,0.0593267746909722,True,normal
E01003471,Merton 016E,3,0.0268742283950616,0.0044790380658436,True,normal
E01003413,Merton 017A,4,0.11952739197029301,0.02635252700491894,True,normal
E01003414,Merton 017B,5,0.1464949845586418,0.02929899691172836,True,normal
E01003415,Merton 017C,9,0.4582816357951386,0.0509201817550154,True,normal
E01003416,Merton 017D,6,0.2510837191346448,0.041847286522440796,True,normal
E01003434,Merton 017E,10,0.4304648919737648,0.043046489197376483,True,normal
E01003373,Merton 018A,2,0.2531419753036265,0.12657098765181324,True,normal
E01003378,Merton 018B,3,0.256549382714892,0.08551646090496401,True,normal
E01003379,Merton 018C,2,0.0216408179008487,0.01082040895042435,True,normal
E01003390,Merton 018D,1,0.1434853395046296,0.1434853395046296,True,normal
E01003405,Merton 018E,5,0.5306751543202158,0.10354837962951384,True,normal
E01003429,Merton 019A,2,0.1225482253086419,0.06127411265432095,True,normal
E01003430,Merton 019B,0,0.0,,False,A_true_desert
E01003431,Merton 019C,1,0.0605933641975308,0.0605933641975308,True,normal
E01003432,Merton 019D,4,0.3277445987638888,0.0819361496909722,True,normal
E01003433,Merton 019E,5,0.2763572530856479,0.03040365226327158,True,normal
E01003466,Merton 020A,5,0.1349116512334104,0.02698233024668208,True,normal
E01003467,Merton 020B,2,0.0053321759259259,0.00266608796296295,True,normal
E01003468,Merton 020C,7,0.1043595679004627,0.014908509700066101,True,normal
E01003469,Merton 020D,3,0.09996103394907391,0.0333203446496913,True,normal
E01003470,Merton 020E,6,0.1248202160482251,0.019624839248778267,True,normal
E01003362,Merton 021A,1,0.0372241512341821,0.0372241512341821,True,normal
E01003363,Merton 021B,6,0.0151473765428239,0.0025245627571373165,True,normal
E01003364,Merton 021C,6,0.0821361882716047,0.013689364711934117,True,normal
E01003365,Merton 021D,4,0.0458101851847993,0.011452546296199824,True,normal
E01003421,Merton 021E,3,0.0288468364197529,0.009615612139917634,True,normal
E01003374,Merton 022A,3,0.0265991512326388,0.008866383744212933,True,normal
E01003375,Merton 022B,3,0.016220679011959803,0.005406893003986601,True,normal
E01003437,Merton 022C,8,0.158859182097222,0.01985739776215275,True,normal
E01003440,Merton 022D,1,0.0,0.0,True,B_underutilised
E01003441,Merton 022E,4,0.2038078703699844,0.0509519675924961,True,normal
E01003427,Merton 023A,10,0.47823688271103343,0.027582484567631137,True,normal
E01003436,Merton 023B,6,0.6882141203684411,0.11470235339474018,True,normal
E01003439,Merton 023C,4,0.0168611111103394,0.00421527777758485,True,normal
E01003448,Merton 023D,3,0.026665895061728298,0.008888631687242765,True,normal
E01003453,Merton 023E,5,0.2273499228395059,0.045469984567901175,True,normal
E01003438,Merton 024A,4,0.0374633487650461,0.009365837191261526,True,normal
E01003449,Merton 024B,13,0.4501705246871138,0.02400443672820213,True,normal
E01003450,Merton 024C,4,0.0568495370370369,0.014212384259259225,True,normal
E01003451,Merton 024D,3,0.0005266203703703,0.00017554012345676666,True,normal
E01003452,Merton 024E,8,0.6563198302449843,0.07687116608772182,True,normal
E01003417,Merton 025A,3,0.0222048611099536,0.007401620369984534,True,normal
E01003418,Merton 025B,4,0.013990740740740599,0.001971450617283925,True,normal
E01003419,Merton 025C,1,0.0,0.0,True,B_underutilised
E01003420,Merton 025D,4,0.066719135802469,0.008765142746913562,True,normal
E01003422,Merton 025E,2,0.0,0.0,True,B_underutilised
E01003543,Newham 001A,5,0.0856269290123456,0.01712538580246912,True,normal
E01003544,Newham 001B,2,0.0501770833333333,0.02508854166666665,True,normal
E01003546,Newham 001C,0,0.0,,False,A_true_desert
E01003550,Newham 001D,0,0.0,,False,A_true_desert
E01003576,Newham 002A,2,0.2489872685181326,0.06224681712953315,True,normal
E01003581,Newham 002B,2,0.2978294753078704,0.0744573688269676,True,normal
E01003582,Newham 002C,0,0.0,,False,A_true_desert
E01003583,Newham 002D,3,0.615663966046682,0.14618332047260799,True,normal
E01003578,Newham 003A,2,0.0,0.0,True,B_underutilised
E01003584,Newham 003B,3,0.5673310185150462,0.09772910236561212,True,normal
E01003586,Newham 003C,0,0.0,,False,A_true_desert
E01003590,Newham 003D,0,0.0,,False,A_true_desert
E01003579,Newham 004A,1,0.0,0.0,True,B_underutilised
E01003585,Newham 004B,0,0.0,,False,A_true_desert
E01003587,Newham 004C,0,0.0,,False,A_true_desert
E01003591,Newham 004D,3,0.3407816358016975,0.05679693930028292,True,normal
E01003528,Newham 005A,0,0.0,,False,A_true_desert
E01003575,Newham 005B,1,0.0,0.0,True,B_underutilised
E01003577,Newham 005C,1,0.0,0.0,True,B_underutilised
E01003580,Newham 005D,2,0.0206851851851851,0.01034259259259255,True,normal
E01003545,Newham 006A,3,0.1638788580246913,0.027313143004115217,True,normal
E01003548,Newham 006B,3,0.1400092592569443,0.02836529063728135,True,normal
E01003549,Newham 006C,1,0.0424031635802469,0.0424031635802469,True,normal
E01003557,Newham 006D,1,0.0,0.0,True,B_underutilised
E01003547,Newham 007A,4,0.4196419753043979,0.05886820023085451,True,normal
E01003555,Newham 007B,1,0.0,0.0,True,B_underutilised
E01003561,Newham 007C,1,0.0,0.0,True,B_underutilised
E01003567,Newham 007D,2,0.0,0.0,True,B_underutilised
E01003556,Newham 008A,1,0.0,0.0,True,B_underutilised
E01003558,Newham 008B,0,0.0,,False,A_true_desert
E01003570,Newham 008C,0,0.0,,False,A_true_desert
E01003571,Newham 008D,1,0.0,0.0,True,B_underutilised
E01003572,Newham 008E,0,0.0,,False,A_true_desert
E01003551,Newham 009A,1,0.0,0.0,True,B_underutilised
E01003553,Newham 009B,1,0.0385239197530864,0.0385239197530864,True,normal
E01003554,Newham 009C,1,0.0002735339502314,0.0002735339502314,True,normal
E01003559,Newham 009D,2,0.1252689043209876,0.0626344521604938,True,normal
E01003529,Newham 010A,3,0.102715277777006,0.03423842592566866,True,normal
E01003530,Newham 010B,3,0.0644787808641973,0.016335133744855918,True,normal
E01003531,Newham 010C,2,0.2116114969128085,0.08833622685156245,True,normal
E01003532,Newham 010D,3,0.1594660493819444,0.05315534979398146,True,normal
E01003534,Newham 010E,2,0.0,0.0,True,B_underutilised
E01003533,Newham 011A,0,0.0,,False,A_true_desert
E01003560,Newham 011B,1,0.0676234567901234,0.0676234567901234,True,normal
E01003563,Newham 011C,1,0.0,0.0,True,B_underutilised
E01003588,Newham 011D,1,0.0,0.0,True,B_underutilised
E01003589,Newham 011E,0,0.0,,False,A_true_desert
E01003616,Newham 012A,1,0.0008020833329475,0.0008020833329475,True,normal
E01003618,Newham 012C,2,0.4116458333329474,0.10291145833323685,True,normal
E01003619,Newham 012D,1,0.3030351080216049,0.15151755401080244,True,normal
E01034199,Newham 012E,2,0.2991361882696758,0.0789230324067322,True,normal
E01034200,Newham 012F,1,0.218937499997685,0.1094687499988425,True,normal
E01003562,Newham 014A,3,0.3234660493807869,0.07440309927932094,True,normal
E01003564,Newham 014B,0,0.0,,False,A_true_desert
E01003565,Newham 014C,0,0.0,,False,A_true_desert
E01003566,Newham 014D,2,0.0,0.0,True,B_underutilised
E01003625,Newham 015A,0,0.0,,False,A_true_desert
E01003626,Newham 015B,2,0.0151319444444444,0.0075659722222222,True,normal
E01003627,Newham 015C,1,0.0,0.0,True,B_underutilised
E01003628,Newham 015D,1,0.0,0.0,True,B_underutilised
E01003629,Newham 015E,2,0.0,0.0,True,B_underutilised
E01003552,Newham 016A,1,0.0,0.0,True,B_underutilised
E01003596,Newham 016B,1,0.0512623456790123,0.0512623456790123,True,normal
E01003597,Newham 016C,2,0.0,0.0,True,B_underutilised
E01003635,Newham 016D,6,0.25994868826967554,0.02315441743811082,True,normal
E01003568,Newham 017A,2,0.0,0.0,True,B_underutilised
E01003569,Newham 017B,1,0.0,0.0,True,B_underutilised
E01003573,Newham 017C,1,0.1310015432091049,0.1310015432091049,True,normal
E01003574,Newham 017D,1,0.0,0.0,True,B_underutilised
E01003520,Newham 018A,2,0.20247800925848752,0.10123900462924376,True,normal
E01003521,Newham 018B,0,0.0,,False,A_true_desert
E01003522,Newham 018C,2,0.0,0.0,True,B_underutilised
E01003525,Newham 018D,1,0.0,0.0,True,B_underutilised
E01003526,Newham 018E,2,0.0356913580246913,0.01784567901234565,True,normal
E01003488,Newham 019A,1,0.0,0.0,True,B_underutilised
E01003489,Newham 019B,0,0.0,,False,A_true_desert
E01003490,Newham 019C,0,0.0,,False,A_true_desert
E01003524,Newham 019D,0,0.0,,False,A_true_desert
E01003631,Newham 020A,0,0.0,,False,A_true_desert
E01003632,Newham 020B,1,0.0,0.0,True,B_underutilised
E01003633,Newham 020C,1,0.0,0.0,True,B_underutilised
E01003634,Newham 020D,1,0.0,0.0,True,B_underutilised
E01003636,Newham 020E,0,0.0,,False,A_true_desert
E01003598,Newham 021A,1,0.0,0.0,True,B_underutilised
E01003600,Newham 021B,2,0.1049139660482252,0.0262284915120563,True,normal
E01003630,Newham 021C,0,0.0,,False,A_true_desert
E01003637,Newham 021D,1,0.0002704475308641,0.0002704475308641,True,normal
E01003491,Newham 022A,0,0.0,,False,A_true_desert
E01003592,Newham 022B,2,0.0,0.0,True,B_underutilised
E01003599,Newham 022C,1,0.0,0.0,True,B_underutilised
E01034201,Newham 022E,1,0.0,0.0,True,B_underutilised
E01034202,Newham 022F,2,0.3239398148144289,0.16196990740721445,True,normal
E01003535,Newham 023A,0,0.0,,False,A_true_desert
E01003536,Newham 023B,2,0.0,0.0,True,B_underutilised
E01003621,Newham 023C,1,0.0757750771593364,0.0757750771593364,True,normal
E01003622,Newham 023D,1,0.0,0.0,True,B_underutilised
E01003623,Newham 023E,1,0.0,0.0,True,B_underutilised
E01003523,Newham 024A,2,0.0,0.0,True,B_underutilised
E01003527,Newham 024B,2,0.167589891974537,0.0837949459872685,True,normal
E01003537,Newham 024C,1,0.1123931327160493,0.1123931327160493,True,normal
E01003542,Newham 024D,3,0.0,0.0,True,B_underutilised
E01003624,Newham 024E,0,0.0,,False,A_true_desert
E01003492,Newham 025A,1,0.0,0.0,True,B_underutilised
E01003494,Newham 025C,3,0.092579861111111,0.030859953703703664,True,normal
E01003495,Newham 025D,3,0.2994884259220677,0.04991473765367795,True,normal
E01034203,Newham 025E,0,0.0,,False,A_true_desert
E01034204,Newham 025F,2,0.0,0.0,True,B_underutilised
E01003594,Newham 026A,2,0.0,0.0,True,B_underutilised
E01003595,Newham 026B,1,0.0,0.0,True,B_underutilised
E01003602,Newham 026C,2,0.0,0.0,True,B_underutilised
E01003607,Newham 026D,4,0.1317287808568673,0.03293219521421682,True,normal
E01003496,Newham 027A,0,0.0,,False,A_true_desert
E01003498,Newham 027B,2,0.0074425154320987,0.00372125771604935,True,normal
E01003500,Newham 027C,0,0.0,,False,A_true_desert
E01003593,Newham 027D,1,0.0,0.0,True,B_underutilised
E01003601,Newham 028A,3,0.0,0.0,True,B_underutilised
E01003603,Newham 028B,3,0.5220868055532407,0.11954282407355966,True,normal
E01003605,Newham 028C,3,0.0,0.0,True,B_underutilised
E01003608,Newham 028D,2,0.1929020061709103,0.06721547067814422,True,normal
E01003538,Newham 029A,3,0.2836423611103394,0.047273726851723236,True,normal
E01003539,Newham 029B,2,0.1364471450605709,0.034111786265142725,True,normal
E01003540,Newham 029C,1,0.0463757716037808,0.0463757716037808,True,normal
E01003541,Newham 029D,1,0.0,0.0,True,B_underutilised
E01003499,Newham 030A,2,0.0,0.0,True,B_underutilised
E01003501,Newham 030B,1,0.0155972222222222,0.0155972222222222,True,normal
E01003502,Newham 030C,2,0.0381462191354166,0.0190731095677083,True,normal
E01003503,Newham 030D,1,0.0,0.0,True,B_underutilised
E01003507,Newham 031A,2,0.0128537808638117,0.00642689043190585,True,normal
E01003508,Newham 031B,2,0.1752418981473764,0.0438104745368441,True,normal
E01003509,Newham 031C,0,0.0,,False,A_true_desert
E01003604,Newham 031D,1,0.0,0.0,True,B_underutilised
E01003483,Newham 032A,0,0.0,,False,A_true_desert
E01003484,Newham 032B,0,0.0,,False,A_true_desert
E01003516,Newham 032C,1,0.0,0.0,True,B_underutilised
E01003518,Newham 032D,0,0.0,,False,A_true_desert
E01003519,Newham 032E,0,0.0,,False,A_true_desert
E01003480,Newham 033A,0,0.0,,False,A_true_desert
E01003486,Newham 033C,1,0.0652303240733023,0.03261516203665115,True,normal
E01003487,Newham 033D,0,0.0,,False,A_true_desert
E01034205,Newham 033E,2,0.2220104166574074,0.05550260416435185,True,normal
E01034206,Newham 033F,0,0.0,,False,A_true_desert
E01034207,Newham 033G,0,0.0,,False,A_true_desert
E01003497,Newham 034A,2,0.0589320987646605,0.02946604938233025,True,normal
E01003506,Newham 034D,0,0.0,,False,A_true_desert
E01033584,Newham 034I,0,0.0,,False,A_true_desert
E01034208,Newham 034J,4,0.3399857253074843,0.042498215663435535,True,normal
E01034209,Newham 034K,1,0.0,0.0,True,B_underutilised
E01034210,Newham 034L,0,0.0,,False,A_true_desert
E01034211,Newham 034M,0,0.0,,False,A_true_desert
E01034212,Newham 034N,0,0.0,,False,A_true_desert
E01003479,Newham 035A,0,0.0,,False,A_true_desert
E01003481,Newham 035B,0,0.0,,False,A_true_desert
E01003485,Newham 035C,1,0.0,0.0,True,B_underutilised
E01003513,Newham 035D,0,0.0,,False,A_true_desert
E01003511,Newham 036A,2,0.1523587962955246,0.03808969907388115,True,normal
E01003512,Newham 036B,2,0.0320821759255401,0.01604108796277005,True,normal
E01003514,Newham 036C,1,0.0,0.0,True,B_underutilised
E01003515,Newham 036D,0,0.0,,False,A_true_desert
E01003517,Newham 036E,2,0.0656072530856481,0.03280362654282405,True,normal
E01034213,Newham 038A,1,0.0,0.0,True,B_underutilised
E01034214,Newham 038B,0,0.0,,False,A_true_desert
E01034215,Newham 038C,0,0.0,,False,A_true_desert
E01034216,Newham 038D,1,0.2744695216030092,0.2744695216030092,True,normal
E01034217,Newham 038E,0,0.0,,False,A_true_desert
E01003615,Newham 039A,2,0.2209845679012346,0.1104922839506173,True,normal
E01034218,Newham 039B,1,0.0,0.0,True,B_underutilised
E01034219,Newham 039C,0,0.0,,False,A_true_desert
E01034220,Newham 039D,2,0.3546604938233025,0.08866512345582563,True,normal
E01034221,Newham 039E,1,0.0,0.0,True,B_underutilised
E01033579,Newham 040C,0,0.0,,False,A_true_desert
E01033586,Newham 040D,0,0.0,,False,A_true_desert
E01034222,Newham 040A,0,0.0,,False,A_true_desert
E01034223,Newham 040B,0,0.0,,False,A_true_desert
E01003611,Newham 041C,2,0.0,0.0,True,B_underutilised
E01033581,Newham 041A,2,0.1837415123433642,0.0918707561716821,True,normal
E01033582,Newham 041B,2,0.0,0.0,True,B_underutilised
E01034224,Newham 041D,1,0.0,0.0,True,B_underutilised
E01033580,Newham 042A,1,0.3317168209872684,0.1658584104936342,True,normal
E01034225,Newham 042B,1,0.0,0.0,True,B_underutilised
E01034226,Newham 042C,0,0.0,,False,A_true_desert
E01034227,Newham 042D,0,0.0,,False,A_true_desert
E01034228,Newham 042E,0,0.0,,False,A_true_desert
E01034229,Newham 042F,0,0.0,,False,A_true_desert
E01034230,Newham 042G,0,0.0,,False,A_true_desert
E01034231,Newham 042H,0,0.0,,False,A_true_desert
E01003744,Redbridge 001A,1,0.0,0.0,True,B_underutilised
E01003745,Redbridge 001B,0,0.0,,False,A_true_desert
E01003746,Redbridge 001C,0,0.0,,False,A_true_desert
E01003747,Redbridge 001D,1,0.0,0.0,True,B_underutilised
E01003748,Redbridge 001E,0,0.0,,False,A_true_desert
E01003749,Redbridge 001F,0,0.0,,False,A_true_desert
E01003750,Redbridge 001G,10,0.0108190586419753,0.0010819058641975301,True,normal
E01003720,Redbridge 002A,3,0.1603186728391203,0.053439557613040096,True,normal
E01003722,Redbridge 002B,2,0.0066828703703703,0.00334143518518515,True,normal
E01003723,Redbridge 002C,1,0.0396732253082561,0.0396732253082561,True,normal
E01003726,Redbridge 002D,5,0.0253580246909721,0.00507160493819442,True,normal
E01003721,Redbridge 003A,0,0.0,,False,A_true_desert
E01003724,Redbridge 003B,1,0.0,0.0,True,B_underutilised
E01003725,Redbridge 003C,0,0.0,,False,A_true_desert
E01003727,Redbridge 003D,0,0.0,,False,A_true_desert
E01003654,Redbridge 004A,1,0.0,0.0,True,B_underutilised
E01003655,Redbridge 004B,0,0.0,,False,A_true_desert
E01003658,Redbridge 004C,2,0.0,0.0,True,B_underutilised
E01003660,Redbridge 004D,0,0.0,,False,A_true_desert
E01003656,Redbridge 005A,4,0.0003672839506172,9.18209876543e-05,True,normal
E01003657,Redbridge 005B,3,0.0379490740740739,0.012649691358024634,True,normal
E01003659,Redbridge 005C,1,0.0,0.0,True,B_underutilised
E01003698,Redbridge 006A,1,0.0,0.0,True,B_underutilised
E01003699,Redbridge 006B,0,0.0,,False,A_true_desert
E01003700,Redbridge 006C,1,0.0,0.0,True,B_underutilised
E01003701,Redbridge 006D,1,0.0,0.0,True,B_underutilised
E01003702,Redbridge 006E,3,0.0079903549382714,0.0026634516460904666,True,normal
E01003703,Redbridge 006F,1,0.0,0.0,True,B_underutilised
E01003704,Redbridge 006G,1,0.0,0.0,True,B_underutilised
E01003668,Redbridge 007A,7,0.3934043209868825,0.056200617283840355,True,normal
E01003669,Redbridge 007B,7,0.0567121913580246,0.008101741622574942,True,normal
E01003670,Redbridge 007C,4,0.0341358024691356,0.0085339506172839,True,normal
E01003671,Redbridge 007D,5,0.0059618055551697,0.00119236111103394,True,normal
E01003672,Redbridge 007E,1,0.0692199074074074,0.0692199074074074,True,normal
E01003673,Redbridge 007F,3,0.017545910493827102,0.005848636831275701,True,normal
E01003674,Redbridge 007G,6,0.1584413580243052,0.026406893004050868,True,normal
E01003707,Redbridge 008A,0,0.0,,False,A_true_desert
E01003708,Redbridge 008B,3,0.0,0.0,True,B_underutilised
E01003709,Redbridge 008C,0,0.0,,False,A_true_desert
E01003710,Redbridge 008D,0,0.0,,False,A_true_desert
E01003759,Redbridge 009A,7,0.2575798611099535,0.036797123015707645,True,normal
E01003760,Redbridge 009B,4,9.25925925925926e-06,2.314814814814815e-06,True,normal
E01003761,Redbridge 009C,0,0.0,,False,A_true_desert
E01003762,Redbridge 009D,4,0.0392912808638116,0.0098228202159529,True,normal
E01003763,Redbridge 009E,4,0.0,0.0,True,B_underutilised
E01003764,Redbridge 009F,9,0.1179645061720676,0.013107167352451956,True,normal
E01003765,Redbridge 009G,4,0.0581280864185956,0.0145320216046489,True,normal
E01003705,Redbridge 010A,0,0.0,,False,A_true_desert
E01003706,Redbridge 010B,1,0.0,0.0,True,B_underutilised
E01003711,Redbridge 010C,1,0.0048935185185185,0.0048935185185185,True,normal
E01003712,Redbridge 010D,0,0.0,,False,A_true_desert
E01003646,Redbridge 012A,7,0.0,0.0,True,B_underutilised
E01003648,Redbridge 012B,0,0.0,,False,A_true_desert
E01003649,Redbridge 012C,1,0.0,0.0,True,B_underutilised
E01003651,Redbridge 012D,0,0.0,,False,A_true_desert
E01003639,Redbridge 013A,1,0.0037407407407407,0.0037407407407407,True,normal
E01003640,Redbridge 013B,1,0.0,0.0,True,B_underutilised
E01003641,Redbridge 013C,1,0.0,0.0,True,B_underutilised
E01003642,Redbridge 013D,1,0.0141585648140432,0.0141585648140432,True,normal
E01003774,Redbridge 014A,8,0.1885154320964505,0.023564429012056312,True,normal
E01003775,Redbridge 014B,8,0.1807939814791663,0.02259924768489579,True,normal
E01003776,Redbridge 014C,0,0.0,,False,A_true_desert
E01003777,Redbridge 014D,4,0.1063290895057869,0.026582272376446725,True,normal
E01003778,Redbridge 014E,10,0.3593931327129627,0.03593931327129627,True,normal
E01003779,Redbridge 014F,6,0.0030547839506172,0.0005091306584362,True,normal
E01003780,Redbridge 014G,9,0.0814301697515429,0.006903549382587422,True,normal
E01003647,Redbridge 015A,0,0.0,,False,A_true_desert
E01003650,Redbridge 015B,3,2.430555555555556e-05,8.101851851851854e-06,True,normal
E01003652,Redbridge 015C,0,0.0,,False,A_true_desert
E01003653,Redbridge 015D,0,0.0,,False,A_true_desert
E01003638,Redbridge 017A,6,0.0350790895054011,0.0058465149175668495,True,normal
E01003643,Redbridge 017B,1,0.0,0.0,True,B_underutilised
E01003644,Redbridge 017C,0,0.0,,False,A_true_desert
E01003645,Redbridge 017D,1,0.0,0.0,True,B_underutilised
E01003789,Redbridge 018A,3,0.08448225308564801,0.028160751028549338,True,normal
E01003794,Redbridge 018B,1,0.1294043209868827,0.1294043209868827,True,normal
E01003795,Redbridge 018C,1,0.0471076388888888,0.0471076388888888,True,normal
E01003796,Redbridge 018D,1,0.0097800925918209,0.0097800925918209,True,normal
E01003751,Redbridge 020A,2,0.0,0.0,True,B_underutilised
E01003753,Redbridge 020B,0,0.0,,False,A_true_desert
E01003754,Redbridge 020C,1,0.0,0.0,True,B_underutilised
E01003757,Redbridge 020D,1,0.0,0.0,True,B_underutilised
E01003769,Redbridge 022A,0,0.0,,False,A_true_desert
E01003770,Redbridge 022B,0,0.0,,False,A_true_desert
E01003771,Redbridge 022C,0,0.0,,False,A_true_desert
E01003773,Redbridge 022D,0,0.0,,False,A_true_desert
E01003752,Redbridge 023A,1,0.0,0.0,True,B_underutilised
E01003755,Redbridge 023B,0,0.0,,False,A_true_desert
E01003756,Redbridge 023C,0,0.0,,False,A_true_desert
E01034480,Redbridge 023E,0,0.0,,False,A_true_desert
E01034481,Redbridge 023F,1,0.0,0.0,True,B_underutilised
E01003766,Redbridge 024A,1,0.1890196759251543,0.1890196759251543,True,normal
E01003767,Redbridge 024B,2,0.0409054783946758,0.0204527391973379,True,normal
E01003768,Redbridge 024C,0,0.0,,False,A_true_desert
E01003772,Redbridge 024D,0,0.0,,False,A_true_desert
E01003781,Redbridge 026A,1,0.0,0.0,True,B_underutilised
E01003782,Redbridge 026B,1,0.0,0.0,True,B_underutilised
E01003786,Redbridge 026C,1,0.0,0.0,True,B_underutilised
E01003787,Redbridge 026D,1,0.0,0.0,True,B_underutilised
E01003790,Redbridge 027A,3,0.110807870368827,0.036935956789609,True,normal
E01003791,Redbridge 027B,2,0.0464359567897375,0.02321797839486875,True,normal
E01003792,Redbridge 027C,2,0.0069976851851851,0.00349884259259255,True,normal
E01003793,Redbridge 027D,4,0.1184104938248455,0.029602623456211376,True,normal
E01003783,Redbridge 029A,1,0.0,0.0,True,B_underutilised
E01003784,Redbridge 029B,0,0.0,,False,A_true_desert
E01003785,Redbridge 029C,0,0.0,,False,A_true_desert
E01003788,Redbridge 029D,0,0.0,,False,A_true_desert
E01003737,Redbridge 031A,0,0.0,,False,A_true_desert
E01003738,Redbridge 031B,1,0.0,0.0,True,B_underutilised
E01003739,Redbridge 031C,2,0.0,0.0,True,B_underutilised
E01003740,Redbridge 031D,4,0.0,0.0,True,B_underutilised
E01003741,Redbridge 031E,0,0.0,,False,A_true_desert
E01003742,Redbridge 031F,2,0.0,0.0,True,B_underutilised
E01003743,Redbridge 031G,6,0.00011844135802461481,1.97402263374358e-05,True,normal
E01003729,Redbridge 032B,0,0.0,,False,A_true_desert
E01003730,Redbridge 032C,1,0.0,0.0,True,B_underutilised
E01003732,Redbridge 032D,1,0.0,0.0,True,B_underutilised
E01003733,Redbridge 032E,0,0.0,,False,A_true_desert
E01034482,Redbridge 032F,0,0.0,,False,A_true_desert
E01034483,Redbridge 032G,1,0.0,0.0,True,B_underutilised
E01034484,Redbridge 032H,9,0.022188271604166303,0.0024653635115740335,True,normal
E01003731,Redbridge 033A,4,0.0001157407407407,2.8935185185175e-05,True,normal
E01003734,Redbridge 033B,1,0.0,0.0,True,B_underutilised
E01003735,Redbridge 033C,1,0.0,0.0,True,B_underutilised
E01003736,Redbridge 033D,0,0.0,,False,A_true_desert
E01003713,Redbridge 034A,0,0.0,,False,A_true_desert
E01003714,Redbridge 034B,11,0.18431597222029292,0.016755997474572085,True,normal
E01003715,Redbridge 034C,2,0.0,0.0,True,B_underutilised
E01003716,Redbridge 034D,2,0.0,0.0,True,B_underutilised
E01003718,Redbridge 034E,2,0.0,0.0,True,B_underutilised
E01003719,Redbridge 034F,5,0.615957175917824,0.061595717591782395,True,normal
E01032581,Redbridge 034G,0,0.0,,False,A_true_desert
E01003690,Redbridge 035A,1,0.0,0.0,True,B_underutilised
E01003691,Redbridge 035B,1,0.0,0.0,True,B_underutilised
E01003692,Redbridge 035C,5,0.030648919752700402,0.0061297839505400804,True,normal
E01003693,Redbridge 035D,0,0.0,,False,A_true_desert
E01003694,Redbridge 035E,3,0.0056419753086419,0.0018806584362139665,True,normal
E01003695,Redbridge 035F,3,0.0741350308638116,0.024711676954603867,True,normal
E01003696,Redbridge 035G,0,0.0,,False,A_true_desert
E01003697,Redbridge 035H,1,0.0,0.0,True,B_underutilised
E01003675,Redbridge 036A,0,0.0,,False,A_true_desert
E01003676,Redbridge 036B,0,0.0,,False,A_true_desert
E01003677,Redbridge 036C,1,0.0,0.0,True,B_underutilised
E01003678,Redbridge 036D,0,0.0,,False,A_true_desert
E01003679,Redbridge 036E,0,0.0,,False,A_true_desert
E01003680,Redbridge 036F,0,0.0,,False,A_true_desert
E01003681,Redbridge 036G,1,0.0,0.0,True,B_underutilised
E01003682,Redbridge 036H,0,0.0,,False,A_true_desert
E01003663,Redbridge 037A,1,0.0,0.0,True,B_underutilised
E01003664,Redbridge 037B,0,0.0,,False,A_true_desert
E01003665,Redbridge 037E,0,0.0,,False,A_true_desert
E01033590,Redbridge 037C,0,0.0,,False,A_true_desert
E01033592,Redbridge 037D,0,0.0,,False,A_true_desert
E01003661,Redbridge 038A,0,0.0,,False,A_true_desert
E01003662,Redbridge 038C,0,0.0,,False,A_true_desert
E01003666,Redbridge 038B,2,0.0,0.0,True,B_underutilised
E01003689,Redbridge 039C,0,0.0,,False,A_true_desert
E01033589,Redbridge 039B,0,0.0,,False,A_true_desert
E01033591,Redbridge 039A,9,0.0003742283950616494,4.1580932784627715e-05,True,normal
E01003683,Redbridge 040C,3,0.0001157407407407,3.8580246913566666e-05,True,normal
E01003684,Redbridge 040E,2,0.0,0.0,True,B_underutilised
E01003685,Redbridge 040D,4,0.0,0.0,True,B_underutilised
E01003686,Redbridge 040A,1,0.0,0.0,True,B_underutilised
E01003688,Redbridge 040B,1,0.0,0.0,True,B_underutilised
E01003797,Richmond upon Thames 001A,14,0.2596535493792432,0.016188051146173173,True,normal
E01003798,Richmond upon Thames 001B,16,0.20608719135648101,0.011618983892674548,True,normal
E01003799,Richmond upon Thames 001C,19,0.1860667438256168,0.009792986517137727,True,normal
E01003800,Richmond upon Thames 001D,13,0.383744598760802,0.029518815289292462,True,normal
E01003801,Richmond upon Thames 001E,12,0.2218719135790889,0.018489326131590742,True,normal
E01003802,Richmond upon Thames 001F,6,0.0951666666662805,0.01586111111104675,True,normal
E01003803,Richmond upon Thames 001G,9,0.09991859567785465,0.008734803669302954,True,normal
E01003846,Richmond upon Thames 002A,23,0.2884610339494592,0.010969163759141814,True,normal
E01003847,Richmond upon Thames 002B,7,0.0482372685177467,0.0068910383596781,True,normal
E01003849,Richmond upon Thames 002C,15,0.219652006170524,0.013064420438820272,True,normal
E01003851,Richmond upon Thames 002D,15,0.1976512345667434,0.013176748971116228,True,normal
E01003860,Richmond upon Thames 002E,18,0.10271219135648113,0.00570623285313784,True,normal
E01003864,Richmond upon Thames 002F,17,0.1991323302434408,0.010564996368736354,True,normal
E01003852,Richmond upon Thames 003A,9,0.2526246141963728,0.023029963991640888,True,normal
E01003853,Richmond upon Thames 003B,15,0.1929290123452928,0.012861934156352854,True,normal
E01003854,Richmond upon Thames 003C,14,0.31929050925540037,0.015409106775242461,True,normal
E01003855,Richmond upon Thames 003D,4,0.08809606481481469,0.022024016203703672,True,normal
E01003856,Richmond upon Thames 003E,11,0.232810570981481,0.02116459736195282,True,normal
E01003857,Richmond upon Thames 003F,19,0.164320216047453,0.008648432423550158,True,normal
E01003858,Richmond upon Thames 003G,27,0.2054147376535484,0.007607953246427718,True,normal
E01003848,Richmond upon Thames 004A,21,0.3409934413456785,0.016237782921222785,True,normal
E01003861,Richmond upon Thames 004C,18,0.21800424382523081,0.011987772204968241,True,normal
E01003862,Richmond upon Thames 004D,5,0.0718622685092591,0.008425038579282378,True,normal
E01003863,Richmond upon Thames 004E,11,0.125522376542052,0.009692831088559164,True,normal
E01003865,Richmond upon Thames 004F,12,0.3534999999764655,0.023474890688207257,True,normal
E01033570,Richmond upon Thames 004G,0,0.0,,False,A_true_desert
E01033571,Richmond upon Thames 004H,6,0.0822870370370369,0.013714506172839482,True,normal
E01003804,Richmond upon Thames 005A,7,0.3332673611053239,0.03272010030811835,True,normal
E01003807,Richmond upon Thames 005B,18,0.08429243826890385,0.003583226165873606,True,normal
E01003808,Richmond upon Thames 005C,23,0.2996929012295521,0.013030126140415309,True,normal
E01003809,Richmond upon Thames 005D,11,0.293834876542052,0.026712261503822908,True,normal
E01003859,Richmond upon Thames 005E,22,0.400653163576774,0.01383681432368824,True,normal
E01003873,Richmond upon Thames 006A,11,0.05485879629629608,0.00498716329966328,True,normal
E01003874,Richmond upon Thames 006B,6,0.0692735339490739,0.011545588991512317,True,normal
E01003875,Richmond upon Thames 006C,2,0.0015972222214506,0.0007986111107253,True,normal
E01003878,Richmond upon Thames 006D,14,0.2372187499984563,0.016944196428461164,True,normal
E01003866,Richmond upon Thames 007A,20,0.4782831790100302,0.02391415895050151,True,normal
E01003868,Richmond upon Thames 007B,21,0.15054282407330188,0.007168705908252471,True,normal
E01003871,Richmond upon Thames 007C,13,0.3111176697503853,0.022657120528460327,True,normal
E01003872,Richmond upon Thames 007D,6,0.046089506171296035,0.007681584361882672,True,normal
E01003821,Richmond upon Thames 008A,3,0.10070216049382702,0.01903112139917692,True,normal
E01003876,Richmond upon Thames 008B,4,0.0090459104934412,0.0022614776233603,True,normal
E01003877,Richmond upon Thames 008C,8,0.13925038580131138,0.017406298225163923,True,normal
E01003879,Richmond upon Thames 008D,7,0.05086419753086402,0.007266313932980574,True,normal
E01003892,Richmond upon Thames 009A,15,0.19728009259104887,0.008526680384019183,True,normal
E01003893,Richmond upon Thames 009B,10,0.1375231481473764,0.01375231481473764,True,normal
E01003894,Richmond upon Thames 009C,19,0.2234710648101845,0.010055697693063642,True,normal
E01003895,Richmond upon Thames 009D,14,0.09161188271412012,0.006543705908151437,True,normal
E01003905,Richmond upon Thames 010A,8,0.0488564814810954,0.004272987397071091,True,normal
E01003906,Richmond upon Thames 010B,13,0.1093402777773916,0.008410790598260892,True,normal
E01003907,Richmond upon Thames 010C,4,0.1297515432087191,0.032437885802179774,True,normal
E01003908,Richmond upon Thames 010D,3,0.09505478394945979,0.03168492798315326,True,normal
E01003909,Richmond upon Thames 010E,2,0.032159722221064696,0.016079861110532348,True,normal
E01003867,Richmond upon Thames 011A,9,0.18194714506057064,0.016138045839006025,True,normal
E01003869,Richmond upon Thames 011B,7,0.08840624999999971,0.012629464285714246,True,normal
E01003870,Richmond upon Thames 011C,10,0.1144614197523144,0.01144614197523144,True,normal
E01003910,Richmond upon Thames 011D,5,0.0560960648140432,0.011219212962808641,True,normal
E01003805,Richmond upon Thames 012A,10,0.10436844135686703,0.010436844135686702,True,normal
E01003806,Richmond upon Thames 012B,6,0.0732129629625769,0.012202160493762817,True,normal
E01003816,Richmond upon Thames 012C,8,0.0734112654305552,0.0091764081788194,True,normal
E01003817,Richmond upon Thames 012D,17,0.2928966049347987,0.017229212054988157,True,normal
E01003840,Richmond upon Thames 013A,2,0.00015277777777773706,7.638888888886853e-05,True,normal
E01003841,Richmond upon Thames 013B,6,0.2369533178993053,0.03949221964988422,True,normal
E01003842,Richmond upon Thames 013C,7,0.034946759259259,0.004992394179894143,True,normal
E01003843,Richmond upon Thames 013D,3,0.1744668209868826,0.05815560699562753,True,normal
E01003844,Richmond upon Thames 013E,8,0.0285825617276231,0.0035728202159528875,True,normal
E01003845,Richmond upon Thames 013F,1,0.0765721450617284,0.0765721450617284,True,normal
E01003882,Richmond upon Thames 014A,12,0.0953792438244595,0.007948270318704959,True,normal
E01003883,Richmond upon Thames 014B,23,0.27747530864043163,0.01206414385393181,True,normal
E01003896,Richmond upon Thames 014C,9,0.1101249999996141,0.012236111111068234,True,normal
E01003897,Richmond upon Thames 014D,8,0.1595771604934411,0.019947145061680136,True,normal
E01003898,Richmond upon Thames 015A,7,0.04228587962847207,0.006040839946924581,True,normal
E01003899,Richmond upon Thames 015B,5,0.0274888117283948,0.0044219907407407,True,normal
E01003900,Richmond upon Thames 015C,6,0.038222608024305396,0.006370434670717566,True,normal
E01003901,Richmond upon Thames 015D,1,0.0064722222222221,0.00323611111111105,True,normal
E01003902,Richmond upon Thames 015E,4,0.0103005401234567,0.002575135030864175,True,normal
E01003903,Richmond upon Thames 015F,7,0.0571975308634257,0.008171075837632243,True,normal
E01003904,Richmond upon Thames 015G,12,0.0540401234540891,0.004503343621174092,True,normal
E01003880,Richmond upon Thames 016A,10,0.2161929012318668,0.02161929012318668,True,normal
E01003881,Richmond upon Thames 016B,6,0.0553804012345677,0.00923006687242795,True,normal
E01003884,Richmond upon Thames 016C,14,0.1387364969108791,0.009909749779348508,True,normal
E01003885,Richmond upon Thames 016D,5,0.11513310185108,0.01825061728379626,True,normal
E01003818,Richmond upon Thames 017A,7,0.3362461419733793,0.04803516313905419,True,normal
E01003819,Richmond upon Thames 017B,9,0.4095933641956016,0.04551037379951129,True,normal
E01003820,Richmond upon Thames 017C,19,0.5196508487631167,0.027350044671742985,True,normal
E01003811,Richmond upon Thames 018A,13,0.21304706789891903,0.01638823599222454,True,normal
E01003812,Richmond upon Thames 018B,17,0.2139351851836413,0.012584422657861253,True,normal
E01003890,Richmond upon Thames 018C,6,0.018217206789737473,0.0030362011316229123,True,normal
E01003891,Richmond upon Thames 018D,5,0.10577854938233011,0.021155709876466023,True,normal
E01003810,Richmond upon Thames 019A,11,0.1639124228387342,0.014901129348975835,True,normal
E01003813,Richmond upon Thames 019B,4,0.1257908950617282,0.03144772376543205,True,normal
E01003814,Richmond upon Thames 019C,11,0.287693672837191,0.026153970257926453,True,normal
E01003815,Richmond upon Thames 019D,7,0.5150169753074844,0.07357385361535491,True,normal
E01003828,Richmond upon Thames 020A,1,0.0129421296284722,0.0129421296284722,True,normal
E01003829,Richmond upon Thames 020B,9,0.1500524691358022,0.01667249657064469,True,normal
E01003830,Richmond upon Thames 020C,4,0.1679089506165122,0.04197723765412805,True,normal
E01003831,Richmond upon Thames 020D,2,0.0322098765432098,0.0161049382716049,True,normal
E01003832,Richmond upon Thames 020E,2,0.0,0.0,True,B_underutilised
E01003833,Richmond upon Thames 020F,3,0.0789243827156634,0.0263081275718878,True,normal
E01003886,Richmond upon Thames 021A,16,0.1790825617276226,0.010704716435136912,True,normal
E01003887,Richmond upon Thames 021B,17,0.12091126543094091,0.007112427378290642,True,normal
E01003888,Richmond upon Thames 021C,17,0.27789236111072474,0.016346609477101454,True,normal
E01003889,Richmond upon Thames 021D,11,0.11178626543132669,0.010162387766484244,True,normal
E01003834,Richmond upon Thames 022A,7,0.10585030864043189,0.015121472662918842,True,normal
E01003835,Richmond upon Thames 022B,12,0.08146141975270041,0.006788451646058367,True,normal
E01003836,Richmond upon Thames 022C,5,0.09389197530825599,0.018778395061651198,True,normal
E01003837,Richmond upon Thames 022D,6,0.2268163580227622,0.037802726337127036,True,normal
E01003838,Richmond upon Thames 022E,7,0.1267569444436725,0.018108134920524644,True,normal
E01003839,Richmond upon Thames 022F,4,0.0169537037037037,0.004238425925925925,True,normal
E01003822,Richmond upon Thames 023A,3,0.0054429012345678,0.0018143004115226,True,normal
E01003823,Richmond upon Thames 023B,6,0.0695597993819442,0.0115932998969907,True,normal
E01003824,Richmond upon Thames 023C,8,0.0847210648128856,0.0105901331016107,True,normal
E01003825,Richmond upon Thames 023D,6,0.010071373456790099,0.0016785622427983498,True,normal
E01003826,Richmond upon Thames 023E,6,0.0356678240729165,0.0046703317900591386,True,normal
E01003827,Richmond upon Thames 023F,13,0.07096103394984539,0.00545854107306503,True,normal
E01004029,Southwark 001A,7,0.3274112654293977,0.04677303791848538,True,normal
E01004032,Southwark 001B,1,0.0563900462962963,0.0563900462962963,True,normal
E01004053,Southwark 001C,1,0.1022345679012345,0.1022345679012345,True,normal
E01004054,Southwark 001D,2,0.0260690586419753,0.01303452932098765,True,normal
E01004055,Southwark 001E,4,0.2462345679008485,0.061558641975212124,True,normal
E01003929,Southwark 002B,6,0.0265675154313271,0.004427919238554516,True,normal
E01003934,Southwark 002C,18,0.8573572530814038,0.04763095850452243,True,normal
E01003935,Southwark 002D,1,0.0,0.0,True,B_underutilised
E01003939,Southwark 002E,3,0.23051851851620359,0.07683950617206786,True,normal
E01033867,Southwark 002F,6,0.1552862654313268,0.025881044238554463,True,normal
E01033868,Southwark 002G,7,0.19204050925810154,0.027434358465443075,True,normal
E01003975,Southwark 004A,5,0.1420046296280863,0.02840092592561726,True,normal
E01004023,Southwark 004D,6,0.4265216049340275,0.07108693415567126,True,normal
E01004028,Southwark 004E,15,0.5244336419699068,0.03013261316840275,True,normal
E01033869,Southwark 004F,4,0.2662827932079473,0.06657069830198682,True,normal
E01033870,Southwark 004G,0,0.0,,False,A_true_desert
E01033871,Southwark 004H,21,1.352765432094135,0.06441740152829215,True,normal
E01033872,Southwark 004I,5,0.2927654320979936,0.05855308641959872,True,normal
E01003938,Southwark 006A,6,0.6080640432071757,0.10134400720119595,True,normal
E01003940,Southwark 006B,10,1.134140817891589,0.1134140817891589,True,normal
E01003941,Southwark 006C,6,0.2705767746882715,0.04116284079166665,True,normal
E01003942,Southwark 006D,6,0.6161643518479935,0.09386709104873965,True,normal
E01003979,Southwark 006E,2,0.0692789351847993,0.03463946759239965,True,normal
E01003981,Southwark 006F,4,0.45736419752932084,0.11434104938233021,True,normal
E01004030,Southwark 007A,5,0.329085648130401,0.06581712962608019,True,normal
E01004031,Southwark 007B,4,0.0391450617276234,0.00978626543190585,True,normal
E01004033,Southwark 007C,6,0.2124702932079472,0.03541171553465786,True,normal
E01004034,Southwark 007D,6,0.5152619598742282,0.08587699331237136,True,normal
E01004036,Southwark 007E,5,0.4170046296238423,0.08340092592476847,True,normal
E01004056,Southwark 008A,5,0.3798692129606479,0.07597384259212958,True,normal
E01004057,Southwark 008B,3,0.10795447530748449,0.03598482510249483,True,normal
E01004058,Southwark 008C,3,0.0479880401234567,0.015996013374485567,True,normal
E01004059,Southwark 008D,2,0.21162268518402771,0.10581134259201386,True,normal
E01004060,Southwark 008E,5,0.3981188271566357,0.07962376543132714,True,normal
E01003936,Southwark 009A,4,0.3868985339494598,0.09672463348736494,True,normal
E01003937,Southwark 009B,4,0.2296720678981481,0.05741801697453702,True,normal
E01003943,Southwark 009C,16,1.2040393518414345,0.07525245949008966,True,normal
E01033873,Southwark 009G,3,0.1931338734560184,0.0643779578186728,True,normal
E01033874,Southwark 009H,0,0.0,,False,A_true_desert
E01003977,Southwark 010A,6,0.4622472993815585,0.07704121656359308,True,normal
E01004037,Southwark 010B,2,0.1285100308626542,0.0642550154313271,True,normal
E01004038,Southwark 010C,8,0.6160725308607251,0.07700906635759064,True,normal
E01004042,Southwark 010D,11,0.7665756172812496,0.0696886924801136,True,normal
E01004043,Southwark 010E,12,0.2641932870339502,0.017045171038858855,True,normal
E01003986,Southwark 011A,3,0.1708942901234567,0.05696476337448556,True,normal
E01003987,Southwark 011B,7,0.4537191357993823,0.06481701939991176,True,normal
E01004024,Southwark 011C,6,0.3586520061693671,0.05977533436156118,True,normal
E01004035,Southwark 011D,9,0.303582947528549,0.03373143861428322,True,normal
E01003960,Southwark 012A,11,0.1606049382696754,0.014600448933606854,True,normal
E01003961,Southwark 012B,11,0.798561728391975,0.07259652076290682,True,normal
E01003994,Southwark 012E,16,1.1109425154243822,0.06943390721402388,True,normal
E01033875,Southwark 012G,3,0.06263233024498441,0.0208774434149948,True,normal
E01033876,Southwark 012H,7,0.0599066358013113,0.008558090828758757,True,normal
E01033877,Southwark 012I,13,0.4144432870331786,0.03188025284870605,True,normal
E01003980,Southwark 013A,6,0.1974972993823301,0.032916216563721686,True,normal
E01004039,Southwark 013B,5,0.3925270061712961,0.07850540123425923,True,normal
E01004040,Southwark 013C,1,0.0759309413557099,0.0759309413557099,True,normal
E01004041,Southwark 013D,1,0.1073823302469135,0.1073823302469135,True,normal
E01004044,Southwark 013E,3,0.3874656635787036,0.1291552211929012,True,normal
E01003992,Southwark 014A,14,0.7944313271558636,0.0567450947968474,True,normal
E01003995,Southwark 014B,10,0.4339502314791662,0.04339502314791662,True,normal
E01003998,Southwark 014D,12,0.8495466820976075,0.0707955568414673,True,normal
E01003999,Southwark 014E,16,0.5020416666631938,0.031377604166449614,True,normal
E01032639,Southwark 014F,4,0.0809081790108023,0.020227044752700575,True,normal
E01032719,Southwark 014G,3,0.22269868826890418,0.07423289608963472,True,normal
E01003966,Southwark 015B,16,1.6229726080165887,0.09715661168933251,True,normal
E01003971,Southwark 015D,2,0.2640316358013117,0.13201581790065586,True,normal
E01033878,Southwark 015F,15,0.5722604166620364,0.03815069444413576,True,normal
E01033879,Southwark 015G,8,0.2893846450594133,0.03617308063242666,True,normal
E01033880,Southwark 015H,11,1.0923263888865735,0.0993023989896885,True,normal
E01003963,Southwark 016A,4,0.49109490740393513,0.12277372685098378,True,normal
E01003972,Southwark 016D,16,0.7321874999965271,0.045761718749782944,True,normal
E01003973,Southwark 016E,6,0.16326273148070972,0.02721045524678495,True,normal
E01033881,Southwark 016F,9,0.4617430555532404,0.05130478395036005,True,normal
E01003923,Southwark 017A,8,0.2682638888865737,0.03093910751003083,True,normal
E01003969,Southwark 017B,8,0.1753047839498454,0.021913097993730674,True,normal
E01003991,Southwark 017C,9,0.7054035493788577,0.07283470507505999,True,normal
E01003993,Southwark 017D,3,0.163536651234182,0.05451221707806067,True,normal
E01003997,Southwark 017E,10,0.2604888117260798,0.02604888117260798,True,normal
E01003983,Southwark 018A,11,0.5964479166620367,0.05422253787836697,True,normal
E01003988,Southwark 018B,20,0.8882380401192121,0.04441190200596061,True,normal
E01003989,Southwark 018C,7,0.3768333333310181,0.05383333333300259,True,normal
E01003990,Southwark 018D,14,0.8894980709822524,0.057443406451737906,True,normal
E01004007,Southwark 018E,5,0.2752584876527775,0.0550516975305555,True,normal
E01003912,Southwark 019A,3,0.2834899691350307,0.09449665637834358,True,normal
E01004011,Southwark 019B,10,0.4736149691331014,0.04736149691331014,True,normal
E01004012,Southwark 019C,13,0.6632843364158942,0.05102187203199186,True,normal
E01004013,Southwark 019D,7,0.21466203703472192,0.03066600529067456,True,normal
E01004014,Southwark 019E,3,0.5609857253067129,0.18699524176890428,True,normal
E01003911,Southwark 020A,2,0.212350308640432,0.106175154320216,True,normal
E01003916,Southwark 020B,10,0.5156689814799376,0.051566898147993756,True,normal
E01003917,Southwark 020C,6,0.6392106481462188,0.08070955504086287,True,normal
E01003918,Southwark 020D,3,0.2494837962939813,0.0831612654313271,True,normal
E01003925,Southwark 020E,8,0.9126952160424379,0.1044863281243007,True,normal
E01003919,Southwark 021A,20,1.1675474536959871,0.05837737268479935,True,normal
E01003920,Southwark 021B,9,0.6164737654274689,0.06849708504749655,True,normal
E01003921,Southwark 021C,2,0.05860686728395059,0.029303433641975296,True,normal
E01003922,Southwark 021D,8,0.3435327932075613,0.04294159915094516,True,normal
E01003924,Southwark 021E,6,0.3565999228360337,0.05943332047267228,True,normal
E01003926,Southwark 021F,5,0.3170605709853394,0.06341211419706788,True,normal
E01004008,Southwark 022B,9,0.4536651234552465,0.050407235939471835,True,normal
E01004010,Southwark 022D,7,0.4983256172824072,0.07118937389748674,True,normal
E01004067,Southwark 022E,13,0.22494251543016922,0.017303270417705324,True,normal
E01033882,Southwark 022G,22,0.866361111108024,0.03938005050491018,True,normal
E01033883,Southwark 022H,7,0.08098919753009247,0.011569885361441781,True,normal
E01003984,Southwark 023A,19,0.5838422067858785,0.030728537199256764,True,normal
E01004003,Southwark 023B,17,0.43920949073726756,0.024865967683199385,True,normal
E01004004,Southwark 023C,17,0.43595216049189756,0.025644244734817502,True,normal
E01004005,Southwark 023D,11,0.2235540123449069,0.020323092031355173,True,normal
E01004006,Southwark 023E,33,0.5137426697492273,0.015567959689370525,True,normal
E01003913,Southwark 024A,12,0.719880401227237,0.05295240161979161,True,normal
E01003914,Southwark 024B,33,0.7405505401172827,0.022440925458099475,True,normal
E01003915,Southwark 024C,13,0.5986894290061722,0.04469322768233614,True,normal
E01004050,Southwark 024D,10,0.372229552466049,0.0372229552466049,True,normal
E01004052,Southwark 024E,23,0.5247222222195203,0.02281400966171827,True,normal
E01004061,Southwark 025A,25,0.4448437499969127,0.017793749999876506,True,normal
E01004062,Southwark 025B,3,0.12047955246836412,0.040159850822788036,True,normal
E01004063,Southwark 025C,4,0.1325038580223763,0.033125964505594074,True,normal
E01004065,Southwark 025D,0,0.0,,False,A_true_desert
E01004066,Southwark 025E,21,0.9233109567839496,0.043739399617577855,True,normal
E01004000,Southwark 026A,10,0.247261574071373,0.0247261574071373,True,normal
E01004001,Southwark 026B,11,0.3995601851840274,0.036323653198547946,True,normal
E01004019,Southwark 026C,17,0.386131944442515,0.022713643790736177,True,normal
E01004064,Southwark 026D,11,0.3022083333310181,0.027473484848274374,True,normal
E01004068,Southwark 026E,23,0.6400223765428233,0.02782705984968797,True,normal
E01004045,Southwark 027A,10,0.7019533178966046,0.07019533178966046,True,normal
E01004047,Southwark 027B,14,0.4157611882700611,0.029697227733575794,True,normal
E01004048,Southwark 027C,14,0.1322654320983791,0.009447530864169936,True,normal
E01004049,Southwark 027D,3,0.0713831018518517,0.023794367283950568,True,normal
E01004051,Southwark 027E,6,0.0291593364185954,0.004859889403099233,True,normal
E01003953,Southwark 028A,31,0.2517565586396595,0.008121179310956758,True,normal
E01003955,Southwark 028B,25,0.19124305555208257,0.0076497222220833026,True,normal
E01004015,Southwark 028C,12,0.1314247685169749,0.010952064043081243,True,normal
E01004021,Southwark 028D,21,0.5905902777723756,0.028123346560589315,True,normal
E01004046,Southwark 028E,6,0.0668549382716048,0.011142489711934133,True,normal
E01004002,Southwark 029A,27,0.85986574073611,0.03184687928652259,True,normal
E01004016,Southwark 029B,42,0.9875856481419738,0.02351394400338033,True,normal
E01004017,Southwark 029C,14,0.25762075617206726,0.01840148258371909,True,normal
E01004020,Southwark 029D,10,0.2063587962955242,0.02063587962955242,True,normal
E01003952,Southwark 030A,28,0.18188194444290046,0.006495783730103588,True,normal
E01003954,Southwark 030B,21,0.1900416666639654,0.009049603174474544,True,normal
E01003956,Southwark 030C,24,0.1838842592569436,0.007661844135705983,True,normal
E01004071,Southwark 030D,23,0.167554783949845,0.0072849906065149996,True,normal
E01004072,Southwark 030E,24,0.18187075617168105,0.0059712255657953595,True,normal
E01004069,Southwark 031A,2,0.0459247685185185,0.011481192129629624,True,normal
E01004070,Southwark 031B,41,0.5042669753043968,0.01013181270692936,True,normal
E01004073,Southwark 031C,26,0.112690586418595,0.004334253323792115,True,normal
E01004074,Southwark 031D,31,0.8257044753047831,0.025370071684463334,True,normal
E01004075,Southwark 031E,28,0.36587075617090964,0.01306681272038963,True,normal
E01003949,Southwark 032A,6,0.16670100308526198,0.02778350051421033,True,normal
E01003950,Southwark 032B,15,0.23120717592361048,0.015413811728240698,True,normal
E01003957,Southwark 032C,14,0.1848070987638884,0.013200507054563456,True,normal
E01003958,Southwark 032D,11,0.0560949074062498,0.0050995370369318,True,normal
E01004018,Southwark 032E,23,0.784161651230323,0.034093984836101,True,normal
E01003945,Southwark 033A,10,0.2966192129614194,0.02696722608011185,True,normal
E01003946,Southwark 033B,13,1.386390046291666,0.10664538817628201,True,normal
E01003947,Southwark 033C,1,7.716041666666666e-07,7.716041666666666e-07,True,normal
E01003948,Southwark 033D,8,0.2432777777773918,0.030409722222173974,True,normal
E01003951,Southwark 033E,15,0.5267237654301692,0.03511491769534461,True,normal
E01003930,Southwark 034A,6,0.3235868055478393,0.05393113425797322,True,normal
E01003932,Southwark 034B,4,0.1046701388850307,0.026167534721257674,True,normal
E01003933,Southwark 034C,5,0.1282685185181324,0.02565370370362648,True,normal
E01032583,Southwark 034D,18,0.6358680555439807,0.03532600308577671,True,normal
E01032584,Southwark 034E,7,0.311123070983796,0.03417954512014988,True,normal
E01032637,Southwark 035E,0,0.0,,False,A_true_desert
E01032638,Southwark 035D,1,0.0003317901234567,0.0003317901234567,True,normal
E01032640,Southwark 035B,2,0.0330250771601079,0.008256269290026975,True,normal
E01032834,Southwark 035C,1,0.0864197530860339,0.0864197530860339,True,normal
E01033884,Southwark 035A,0,0.0,,False,A_true_desert
E01003976,Southwark 036D,6,0.5736277006149688,0.09560461676916147,True,normal
E01032646,Southwark 036B,3,0.1556558641975307,0.05188528806584356,True,normal
E01032803,Southwark 036C,0,0.0,,False,A_true_desert
E01033885,Southwark 036A,1,0.0648074845671296,0.0648074845671296,True,normal
E01004125,Sutton 001A,2,0.012185185185185151,0.006092592592592576,True,normal
E01004183,Sutton 001B,0,0.0,,False,A_true_desert
E01004184,Sutton 001C,0,0.0,,False,A_true_desert
E01004185,Sutton 001D,0,0.0,,False,A_true_desert
E01004189,Sutton 001E,0,0.0,,False,A_true_desert
E01004123,Sutton 002A,1,0.0,0.0,True,B_underutilised
E01004124,Sutton 002B,1,1.58179012345679e-05,1.58179012345679e-05,True,normal
E01004126,Sutton 002C,0,0.0,,False,A_true_desert
E01004128,Sutton 002D,0,0.0,,False,A_true_desert
E01004129,Sutton 002E,0,0.0,,False,A_true_desert
E01004130,Sutton 003A,3,0.2909718364166666,0.04849530606944443,True,normal
E01004131,Sutton 003B,1,0.0,0.0,True,B_underutilised
E01004134,Sutton 003C,0,0.0,,False,A_true_desert
E01004135,Sutton 003D,0,0.0,,False,A_true_desert
E01004136,Sutton 003E,0,0.0,,False,A_true_desert
E01004164,Sutton 004A,0,0.0,,False,A_true_desert
E01004166,Sutton 004B,2,0.0188395061728395,0.00941975308641975,True,normal
E01004169,Sutton 004C,0,0.0,,False,A_true_desert
E01004186,Sutton 004D,4,0.248419367282793,0.06210484182069825,True,normal
E01034153,Sutton 004F,1,0.2749020061716821,0.13745100308584104,True,normal
E01034154,Sutton 004G,4,0.0261952160493825,0.002182934670781875,True,normal
E01004127,Sutton 005A,0,0.0,,False,A_true_desert
E01004163,Sutton 005B,0,0.0,,False,A_true_desert
E01004165,Sutton 005C,2,0.011290509259259233,0.005645254629629616,True,normal
E01004167,Sutton 005D,0,0.0,,False,A_true_desert
E01004187,Sutton 005E,0,0.0,,False,A_true_desert
E01004117,Sutton 006A,0,0.0,,False,A_true_desert
E01004121,Sutton 006B,3,0.2203402777735338,0.037358860596000486,True,normal
E01004192,Sutton 006C,1,0.0172307098765432,0.0172307098765432,True,normal
E01004193,Sutton 006D,0,0.0,,False,A_true_desert
E01004195,Sutton 006E,2,0.02534837962885796,0.01267418981442898,True,normal
E01004144,Sutton 007A,0,0.0,,False,A_true_desert
E01004145,Sutton 007B,0,0.0,,False,A_true_desert
E01004146,Sutton 007C,4,0.0184729938271604,0.0046182484567901,True,normal
E01004147,Sutton 007D,0,0.0,,False,A_true_desert
E01004116,Sutton 008A,0,0.0,,False,A_true_desert
E01004122,Sutton 008B,0,0.0,,False,A_true_desert
E01004190,Sutton 008C,0,0.0,,False,A_true_desert
E01004191,Sutton 008D,2,0.090800540123071,0.0454002700615355,True,normal
E01004194,Sutton 008E,0,0.0,,False,A_true_desert
E01004196,Sutton 008F,0,0.0,,False,A_true_desert
E01004115,Sutton 009A,1,0.0035231481481481,0.0035231481481481,True,normal
E01004118,Sutton 009B,6,0.1703989197515432,0.014199909979295267,True,normal
E01004119,Sutton 009C,2,0.2198233024668209,0.05495582561670523,True,normal
E01004132,Sutton 009D,0,0.0,,False,A_true_desert
E01004133,Sutton 009E,0,0.0,,False,A_true_desert
E01004171,Sutton 010A,0,0.0,,False,A_true_desert
E01004172,Sutton 010B,5,0.0260007716037807,0.005200154320756141,True,normal
E01004173,Sutton 010C,1,0.0,0.0,True,B_underutilised
E01004175,Sutton 010D,1,0.0253796296296296,0.0253796296296296,True,normal
E01004176,Sutton 010E,0,0.0,,False,A_true_desert
E01004076,Sutton 011A,4,0.0976890432094905,0.024422260802372624,True,normal
E01004077,Sutton 011B,2,0.0001157407407407,5.787037037035e-05,True,normal
E01004078,Sutton 011C,2,0.0420922067893518,0.0210461033946759,True,normal
E01004079,Sutton 011D,3,0.012341820987654099,0.0029988425925925335,True,normal
E01004080,Sutton 011E,0,0.0,,False,A_true_desert
E01004081,Sutton 011F,0,0.0,,False,A_true_desert
E01004082,Sutton 011G,0,0.0,,False,A_true_desert
E01004137,Sutton 012A,1,0.0,0.0,True,B_underutilised
E01004140,Sutton 012B,3,0.1326820987635029,0.03806423611053236,True,normal
E01004141,Sutton 012C,3,0.030803240739969,0.010267746913323,True,normal
E01004149,Sutton 012E,1,0.0020096450617283,0.0020096450617283,True,normal
E01034155,Sutton 012F,0,0.0,,False,A_true_desert
E01034156,Sutton 012G,4,0.28194714505902774,0.03642983217558834,True,normal
E01004101,Sutton 013A,0,0.0,,False,A_true_desert
E01004103,Sutton 013B,3,0.0397472993827159,0.013249099794238633,True,normal
E01004138,Sutton 013C,2,0.0,0.0,True,B_underutilised
E01004139,Sutton 013D,2,0.0816983024691357,0.04084915123456785,True,normal
E01004168,Sutton 013E,0,0.0,,False,A_true_desert
E01004143,Sutton 014A,5,0.1186018518483794,0.02372037036967588,True,normal
E01004148,Sutton 014B,1,0.0140713734564043,0.0140713734564043,True,normal
E01004159,Sutton 014C,0,0.0,,False,A_true_desert
E01004160,Sutton 014D,3,0.014488811728395,0.004829603909465,True,normal
E01004161,Sutton 014E,1,0.0,0.0,True,B_underutilised
E01004097,Sutton 015A,0,0.0,,False,A_true_desert
E01004098,Sutton 015B,3,0.0689942129629629,0.0229980709876543,True,normal
E01004099,Sutton 015C,6,0.2324490740721449,0.01960249485577416,True,normal
E01004100,Sutton 015D,1,0.0247608024687499,0.0247608024687499,True,normal
E01004102,Sutton 015E,5,0.0862075617264659,0.01724151234529318,True,normal
E01004110,Sutton 016A,0,0.0,,False,A_true_desert
E01004111,Sutton 016B,0,0.0,,False,A_true_desert
E01004112,Sutton 016C,0,0.0,,False,A_true_desert
E01004120,Sutton 016D,0,0.0,,False,A_true_desert
E01004157,Sutton 016E,0,0.0,,False,A_true_desert
E01004087,Sutton 017A,2,6.520061689814814e-05,3.260030844907407e-05,True,normal
E01004170,Sutton 017B,1,0.0036381172839506,0.0036381172839506,True,normal
E01004174,Sutton 017C,2,0.0952183641971449,0.04760918209857245,True,normal
E01004178,Sutton 017D,0,0.0,,False,A_true_desert
E01004179,Sutton 017E,4,0.0342137345675154,0.00855343364187885,True,normal
E01004152,Sutton 018A,1,0.0650181327152777,0.0650181327152777,True,normal
E01004155,Sutton 018B,4,0.0745748456774688,0.0186437114193672,True,normal
E01004156,Sutton 018C,1,0.0509664351851851,0.02548321759259255,True,normal
E01004158,Sutton 018D,2,0.1029934413576388,0.0514967206788194,True,normal
E01004162,Sutton 018E,3,0.012883873456404151,0.0021966949587834002,True,normal
E01004083,Sutton 019A,0,0.0,,False,A_true_desert
E01004086,Sutton 019B,0,0.0,,False,A_true_desert
E01004088,Sutton 019C,0,0.0,,False,A_true_desert
E01004089,Sutton 019D,0,0.0,,False,A_true_desert
E01004182,Sutton 019E,4,0.0401574074074072,0.0100393518518518,True,normal
E01004104,Sutton 020A,1,0.0,0.0,True,B_underutilised
E01004107,Sutton 020B,2,0.018503086419753,0.0092515432098765,True,normal
E01004177,Sutton 020C,3,0.1236635802465277,0.041221193415509234,True,normal
E01004180,Sutton 020D,2,0.1300358796292438,0.0650179398146219,True,normal
E01004181,Sutton 020E,4,0.0639606481477622,0.01599016203694055,True,normal
E01004090,Sutton 021A,0,0.0,,False,A_true_desert
E01004096,Sutton 021B,2,0.046415509259259205,0.023207754629629603,True,normal
E01004150,Sutton 021C,2,0.0832885802465277,0.04164429012326385,True,normal
E01004151,Sutton 021D,1,0.0,0.0,True,B_underutilised
E01004153,Sutton 021E,1,0.0619363425922067,0.0619363425922067,True,normal
E01004091,Sutton 022A,0,0.0,,False,A_true_desert
E01004092,Sutton 022B,3,0.2094371141967592,0.06981237139891973,True,normal
E01004105,Sutton 022C,0,0.0,,False,A_true_desert
E01004106,Sutton 022D,0,0.0,,False,A_true_desert
E01004154,Sutton 022E,1,0.0133329475308641,0.0133329475308641,True,normal
E01004084,Sutton 024A,0,0.0,,False,A_true_desert
E01004085,Sutton 024B,0,0.0,,False,A_true_desert
E01004108,Sutton 024C,0,0.0,,False,A_true_desert
E01004109,Sutton 024D,0,0.0,,False,A_true_desert
E01004093,Sutton 025A,0,0.0,,False,A_true_desert
E01004094,Sutton 025B,0,0.0,,False,A_true_desert
E01004095,Sutton 025C,0,0.0,,False,A_true_desert
E01004114,Sutton 025D,0,0.0,,False,A_true_desert
E01032623,Sutton 025E,0,0.0,,False,A_true_desert
E01004222,Tower Hamlets 001A,12,0.07379398148070959,0.006149498456725799,True,normal
E01004223,Tower Hamlets 001B,9,0.24330015431983001,0.01231984453585103,True,normal
E01004226,Tower Hamlets 001D,25,0.43433989197299316,0.017373595678919728,True,normal
E01035657,Tower Hamlets 001E,1,0.0897970679012345,0.0897970679012345,True,normal
E01035658,Tower Hamlets 001F,6,0.10578742283912,0.017631237139853335,True,normal
E01035659,Tower Hamlets 001G,9,0.2850868055555551,0.03167631172839501,True,normal
E01004198,Tower Hamlets 002B,9,0.4326855709853391,0.035774362711276826,True,normal
E01004199,Tower Hamlets 002C,18,0.5476477623437493,0.030424875685763852,True,normal
E01004201,Tower Hamlets 002D,20,0.49203858024575553,0.024601929012287777,True,normal
E01035660,Tower Hamlets 002E,18,0.8881292438233019,0.049340513545739,True,normal
E01035661,Tower Hamlets 002F,13,0.3980528549378853,0.030619450379837328,True,normal
E01004228,Tower Hamlets 003A,41,0.130217206790123,0.003176029433905439,True,normal
E01004230,Tower Hamlets 003B,35,0.3619899691338723,0.010342570546682067,True,normal
E01004232,Tower Hamlets 003C,63,0.3832449845667425,0.006083253723281627,True,normal
E01004233,Tower Hamlets 003D,6,0.0874332561720677,0.014572209362011283,True,normal
E01004234,Tower Hamlets 003E,46,0.38961535493595545,0.008469899020346857,True,normal
E01004229,Tower Hamlets 004C,32,0.2658977623437491,0.00830930507324216,True,normal
E01004231,Tower Hamlets 004D,42,0.6736222993796279,0.016038626175705426,True,normal
E01032764,Tower Hamlets 004E,27,0.3349976851824837,0.012407321673425321,True,normal
E01032765,Tower Hamlets 004F,16,0.3255733024679777,0.020348331404248608,True,normal
E01032784,Tower Hamlets 004G,11,0.2887083333325614,0.026246212121141945,True,normal
E01035662,Tower Hamlets 004H,9,0.2544139660474534,0.028268218449717046,True,normal
E01035663,Tower Hamlets 004I,29,0.27420601851620285,0.009455379948834582,True,normal
E01004200,Tower Hamlets 005A,20,1.0003688271574067,0.050018441357870334,True,normal
E01004202,Tower Hamlets 005B,16,0.6953437499953696,0.0434589843747106,True,normal
E01004203,Tower Hamlets 005C,22,0.3182241512310947,0.014464734146867941,True,normal
E01004204,Tower Hamlets 005D,16,0.1477060185181322,0.009231626157383262,True,normal
E01004311,Tower Hamlets 006A,11,0.5305308641936723,0.04823007856306112,True,normal
E01004315,Tower Hamlets 006C,11,0.2700964506149688,0.02455422278317898,True,normal
E01035664,Tower Hamlets 006E,14,0.30151273148148117,0.021536623677248654,True,normal
E01004259,Tower Hamlets 007A,23,0.3555077160493821,0.015456857219538352,True,normal
E01004260,Tower Hamlets 007B,5,0.2611898148136572,0.05223796296273144,True,normal
E01004263,Tower Hamlets 007C,40,1.619430555550153,0.04048576388875382,True,normal
E01004266,Tower Hamlets 007D,39,0.9547955246898135,0.02448193653050804,True,normal
E01004235,Tower Hamlets 008A,0,0.0,,False,A_true_desert
E01004236,Tower Hamlets 008B,17,0.5656859567870364,0.033275644516884494,True,normal
E01004237,Tower Hamlets 008C,1,0.0067060185185185,0.0067060185185185,True,normal
E01004239,Tower Hamlets 008E,11,0.4094726080208328,0.037224782547348435,True,normal
E01035665,Tower Hamlets 008F,1,0.0,0.0,True,B_underutilised
E01035666,Tower Hamlets 008G,6,0.1687264660486107,0.028121077674768447,True,normal
E01035667,Tower Hamlets 008H,8,0.3438398919718361,0.042979986496479515,True,normal
E01004312,Tower Hamlets 009A,5,0.0425096450617283,0.008501929012345661,True,normal
E01004313,Tower Hamlets 009B,19,0.8080185185146597,0.042527290448139986,True,normal
E01004316,Tower Hamlets 009C,19,0.730550540118055,0.03845002842726605,True,normal
E01035668,Tower Hamlets 009E,9,0.1533603395054009,0.017040037722822324,True,normal
E01035669,Tower Hamlets 009F,4,0.1116859567901233,0.027921489197530826,True,normal
E01004264,Tower Hamlets 010C,5,0.026425925925540095,0.005285185185108019,True,normal
E01032785,Tower Hamlets 010E,0,0.0,,False,A_true_desert
E01032786,Tower Hamlets 010F,1,0.0083657407407407,0.0083657407407407,True,normal
E01035670,Tower Hamlets 010G,36,0.3239544753067117,0.008828585819562295,True,normal
E01004207,Tower Hamlets 011A,28,0.2357982253070979,0.00842136518953921,True,normal
E01004209,Tower Hamlets 011B,20,0.6227507716033942,0.03113753858016971,True,normal
E01004212,Tower Hamlets 011D,15,0.3048506944432863,0.02032337962955242,True,normal
E01032787,Tower Hamlets 011F,16,0.3997156635787033,0.024982228973668957,True,normal
E01004240,Tower Hamlets 012A,32,1.372858796292051,0.0429018373841266,True,normal
E01004241,Tower Hamlets 012B,28,0.6232388117249218,0.022258528990175778,True,normal
E01004267,Tower Hamlets 012D,11,0.000238811728395,2.1710157126818183e-05,True,normal
E01004268,Tower Hamlets 012E,0,0.0,,False,A_true_desert
E01035671,Tower Hamlets 012F,0,0.0,,False,A_true_desert
E01035672,Tower Hamlets 012G,29,0.4537160493815577,0.015645381013157163,True,normal
E01035673,Tower Hamlets 012H,4,0.06733024691358,0.016832561728395,True,normal
E01004205,Tower Hamlets 013A,12,0.4076300154293977,0.03396916795244981,True,normal
E01004206,Tower Hamlets 013B,6,0.02147222222067877,0.0035787037034464616,True,normal
E01004208,Tower Hamlets 013C,6,0.3131820987631169,0.03524939986256855,True,normal
E01004211,Tower Hamlets 013D,31,0.6744714506138108,0.021757143568187445,True,normal
E01004270,Tower Hamlets 014B,12,0.2656226851824843,0.022135223765207022,True,normal
E01004271,Tower Hamlets 014C,16,0.4291558641956013,0.026822241512225082,True,normal
E01004272,Tower Hamlets 014D,7,0.1525968364182097,0.021799548059744243,True,normal
E01035674,Tower Hamlets 014F,6,0.19628472222067883,0.03271412037011314,True,normal
E01035675,Tower Hamlets 014G,12,0.29267592592476815,0.02438966049373068,True,normal
E01035676,Tower Hamlets 014H,13,0.6452353395027,0.04963348765405384,True,normal
E01035677,Tower Hamlets 014I,5,0.0885455246905862,0.01770910493811724,True,normal
E01004306,Tower Hamlets 015A,19,0.7566948302434409,0.0398260436970232,True,normal
E01004307,Tower Hamlets 015B,19,0.4614953703688268,0.02428923001941194,True,normal
E01004308,Tower Hamlets 015C,6,0.30096682098572497,0.05016113683095416,True,normal
E01004309,Tower Hamlets 015D,10,0.1422449845671293,0.01422449845671293,True,normal
E01004310,Tower Hamlets 015E,8,0.4564209104926693,0.046780647183521366,True,normal
E01004283,Tower Hamlets 016A,15,0.32640702159992224,0.021760468106661483,True,normal
E01004287,Tower Hamlets 016B,9,0.0451701388873455,0.005018904320816166,True,normal
E01004289,Tower Hamlets 016C,44,1.2020852623402762,0.027320119598642643,True,normal
E01004290,Tower Hamlets 016D,20,0.7050821759228387,0.035254108796141936,True,normal
E01004322,Tower Hamlets 017A,9,0.1842040895050151,0.02046712105611279,True,normal
E01004323,Tower Hamlets 017B,16,0.769938271602623,0.048121141975163935,True,normal
E01004324,Tower Hamlets 017C,19,0.2353695987635022,0.012387873619131694,True,normal
E01004326,Tower Hamlets 017D,20,1.2010324074039342,0.060051620370196714,True,normal
E01004245,Tower Hamlets 018A,15,0.4838692129587189,0.03225794753058126,True,normal
E01004248,Tower Hamlets 018C,12,0.2042264660474535,0.017018872170621126,True,normal
E01004249,Tower Hamlets 018D,5,0.3889506172816356,0.07779012345632712,True,normal
E01035678,Tower Hamlets 018E,2,0.1071909722214506,0.0535954861107253,True,normal
E01035679,Tower Hamlets 018F,5,0.1115613425925924,0.02231226851851848,True,normal
E01004286,Tower Hamlets 019C,35,1.0226122685135015,0.02921749338610004,True,normal
E01004288,Tower Hamlets 019D,23,1.3346824845640421,0.058029673241914874,True,normal
E01035680,Tower Hamlets 019E,3,0.1176358024687499,0.03921193415624997,True,normal
E01035681,Tower Hamlets 019F,9,0.1697418981473763,0.018860210905264033,True,normal
E01035682,Tower Hamlets 019G,3,0.0284753086419753,0.0094917695473251,True,normal
E01035683,Tower Hamlets 019H,10,0.2420208333314039,0.02420208333314039,True,normal
E01004243,Tower Hamlets 020A,4,0.5475999228371912,0.1368999807092978,True,normal
E01004244,Tower Hamlets 020B,29,0.7186589506114958,0.024781343124534335,True,normal
E01004247,Tower Hamlets 020C,10,0.2062534722206787,0.02062534722206787,True,normal
E01035684,Tower Hamlets 020E,3,0.0527118055551697,0.017570601851723235,True,normal
E01035685,Tower Hamlets 020F,4,0.08171489197492264,0.02042872299373066,True,normal
E01004319,Tower Hamlets 021A,27,0.84962847221682,0.03146772119321556,True,normal
E01004321,Tower Hamlets 021C,28,1.2727739197492274,0.04545621141961526,True,normal
E01032767,Tower Hamlets 021F,12,0.1564494598749997,0.013037454989583308,True,normal
E01035686,Tower Hamlets 021G,13,0.6696790123456784,0.0515137701804368,True,normal
E01035687,Tower Hamlets 021H,10,0.5979810956759255,0.05979810956759255,True,normal
E01035688,Tower Hamlets 021I,0,0.0,,False,A_true_desert
E01035689,Tower Hamlets 021J,6,0.1832384259251541,0.03053973765419235,True,normal
E01004298,Tower Hamlets 022A,9,0.2370231481442897,0.026335905349365522,True,normal
E01004300,Tower Hamlets 022B,4,0.04674228395061727,0.011685570987654317,True,normal
E01004304,Tower Hamlets 022C,14,0.2659872685165889,0.018999090608327777,True,normal
E01004305,Tower Hamlets 022D,21,0.22547839505941283,0.010737066431400611,True,normal
E01004251,Tower Hamlets 023A,23,1.1934004629556314,0.051886976650244845,True,normal
E01004255,Tower Hamlets 023C,9,0.4941531635775459,0.05490590706417177,True,normal
E01004258,Tower Hamlets 023D,3,0.2858564814783949,0.09528549382613162,True,normal
E01035690,Tower Hamlets 023E,5,0.0737318672839505,0.014746373456790099,True,normal
E01035691,Tower Hamlets 023F,2,0.0739058641959875,0.03695293209799375,True,normal
E01004256,Tower Hamlets 024C,23,0.505337577158178,0.0219711990068773,True,normal
E01004257,Tower Hamlets 024D,39,0.3791724536998449,0.009722370607688331,True,normal
E01035692,Tower Hamlets 024E,18,0.28841975308371837,0.01602331961576213,True,normal
E01035693,Tower Hamlets 024F,12,0.3469876543206014,0.02891563786005012,True,normal
E01035694,Tower Hamlets 024G,29,0.5464189814787797,0.01884203384409585,True,normal
E01035695,Tower Hamlets 024H,18,0.4570196759236103,0.02538998199575613,True,normal
E01004301,Tower Hamlets 025B,9,0.20511304012307072,0.0227903377914523,True,normal
E01004302,Tower Hamlets 025C,6,0.2423260030833331,0.04038766718055552,True,normal
E01004303,Tower Hamlets 025D,7,0.1251878858016972,0.017883983685956745,True,normal
E01032768,Tower Hamlets 025E,1,0.0061998456786265,0.0061998456786265,True,normal
E01032769,Tower Hamlets 025F,2,0.0298248456790122,0.0149124228395061,True,normal
E01004292,Tower Hamlets 026A,2,0.0510239197527005,0.02551195987635025,True,normal
E01004295,Tower Hamlets 026C,8,0.1900381944417434,0.023754774305217927,True,normal
E01004296,Tower Hamlets 026D,8,0.327829089505401,0.04097863618817513,True,normal
E01035696,Tower Hamlets 026E,2,0.0703842592588733,0.03519212962943665,True,normal
E01035697,Tower Hamlets 026F,7,0.15571412036921278,0.02224487433845897,True,normal
E01004291,Tower Hamlets 027A,13,0.8648395061701384,0.06652611585924141,True,normal
E01004293,Tower Hamlets 027B,18,0.6480088734533169,0.034357906807098715,True,normal
E01004297,Tower Hamlets 027C,3,0.0615887345679011,0.020529578189300367,True,normal
E01004214,Tower Hamlets 030A,3,0.0461531635802468,0.015384387860082267,True,normal
E01004216,Tower Hamlets 030B,14,0.4403128858005396,0.031450920414324256,True,normal
E01004217,Tower Hamlets 030C,45,0.8762700617191339,0.019472668038202974,True,normal
E01004218,Tower Hamlets 030D,29,0.38860455246566267,0.013400156981574575,True,normal
E01004274,Tower Hamlets 031A,5,0.3030505401211418,0.06061010802422836,True,normal
E01004275,Tower Hamlets 031B,31,0.6766199845659715,0.02182645111503134,True,normal
E01004276,Tower Hamlets 031C,3,0.0148572530864197,0.0049524176954732334,True,normal
E01004281,Tower Hamlets 031D,2,0.07949228394984559,0.039746141974922794,True,normal
E01032775,Tower Hamlets 031F,0,0.0,,False,A_true_desert
E01032783,Tower Hamlets 031G,1,0.1818568672827931,0.1818568672827931,True,normal
E01004280,Tower Hamlets 032A,15,0.2633784722187494,0.017558564814583292,True,normal
E01032770,Tower Hamlets 032B,15,0.22950462962808602,0.015300308641872401,True,normal
E01032772,Tower Hamlets 032C,17,0.2394274691342585,0.014083968772603442,True,normal
E01032774,Tower Hamlets 032E,10,0.1383993055543978,0.013839930555439781,True,normal
E01035698,Tower Hamlets 032F,1,0.3309297839479165,0.08273244598697913,True,normal
E01035699,Tower Hamlets 032G,0,0.0,,False,A_true_desert
E01004277,Tower Hamlets 033A,0,0.0,,False,A_true_desert
E01032771,Tower Hamlets 033B,3,0.0151396604938271,0.005046553497942367,True,normal
E01032781,Tower Hamlets 033C,1,0.0199675925925925,0.0199675925925925,True,normal
E01032782,Tower Hamlets 033D,5,0.10160802469058619,0.020321604938117237,True,normal
E01032776,Tower Hamlets 034D,0,0.0,,False,A_true_desert
E01035700,Tower Hamlets 034A,0,0.0,,False,A_true_desert
E01035701,Tower Hamlets 034B,0,0.0,,False,A_true_desert
E01035702,Tower Hamlets 034C,0,0.0,,False,A_true_desert
E01004219,Tower Hamlets 035B,25,0.2647021604930544,0.010588086419722175,True,normal
E01032777,Tower Hamlets 035A,5,0.2631087962947529,0.05262175925895059,True,normal
E01032779,Tower Hamlets 035C,2,0.0967422839506172,0.0483711419753086,True,normal
E01032780,Tower Hamlets 035D,2,0.0287889660493826,0.0143944830246913,True,normal
E01004221,Tower Hamlets 036A,11,0.277152006171296,0.02519563692466327,True,normal
E01035703,Tower Hamlets 036B,0,0.0,,False,A_true_desert
E01035704,Tower Hamlets 036C,0,0.0,,False,A_true_desert
E01035705,Tower Hamlets 036D,30,0.9314737654263109,0.031049125514210362,True,normal
E01035706,Tower Hamlets 036E,4,0.0968773148144288,0.0242193287036072,True,normal
E01004349,Waltham Forest 001A,5,0.0001006944444444,2.0138888888880002e-05,True,normal
E01004350,Waltham Forest 001B,3,0.0469533179008486,0.0102083333332047,True,normal
E01004351,Waltham Forest 001C,2,0.0,0.0,True,B_underutilised
E01004356,Waltham Forest 001D,3,0.0,0.0,True,B_underutilised
E01004357,Waltham Forest 001E,0,0.0,,False,A_true_desert
E01004352,Waltham Forest 002A,5,0.0,0.0,True,B_underutilised
E01004353,Waltham Forest 002B,3,0.0002183641975307,7.278806584356666e-05,True,normal
E01004354,Waltham Forest 002C,7,0.0533152006172838,0.005711640211640193,True,normal
E01004358,Waltham Forest 002D,4,0.0032669753086419,0.000816743827160475,True,normal
E01004359,Waltham Forest 002E,6,0.0,0.0,True,B_underutilised
E01004384,Waltham Forest 003A,5,0.03447530864158941,0.006895061728317882,True,normal
E01004385,Waltham Forest 003B,12,0.07883757716010766,0.006569798096675638,True,normal
E01004386,Waltham Forest 003C,10,0.0131593364193671,0.00131593364193671,True,normal
E01004389,Waltham Forest 003D,6,0.0,0.0,True,B_underutilised
E01004390,Waltham Forest 003E,2,0.0,0.0,True,B_underutilised
E01004355,Waltham Forest 004A,2,0.0086080246913579,0.00430401234567895,True,normal
E01004360,Waltham Forest 004B,3,0.011668209876543099,0.003889403292181033,True,normal
E01004413,Waltham Forest 004C,0,0.0,,False,A_true_desert
E01004415,Waltham Forest 004D,2,0.0190979938267746,0.0095489969133873,True,normal
E01004416,Waltham Forest 004E,5,0.0389475308638116,0.00778950617276232,True,normal
E01004361,Waltham Forest 005A,7,0.009738811728395,0.001391258818342143,True,normal
E01004414,Waltham Forest 005B,4,0.0044864969135801,0.001121624228395025,True,normal
E01004417,Waltham Forest 005C,2,0.0025277777777777,0.00126388888888885,True,normal
E01004451,Waltham Forest 005D,7,0.08825694444444422,0.0075932264109347175,True,normal
E01004452,Waltham Forest 005E,4,0.0018167438271604,0.0004541859567901,True,normal
E01004450,Waltham Forest 006A,3,0.0053699845679012,0.0017899948559670668,True,normal
E01004453,Waltham Forest 006B,2,0.0,0.0,True,B_underutilised
E01004454,Waltham Forest 006C,7,0.0,0.0,True,B_underutilised
E01004455,Waltham Forest 006D,5,0.0055729166666666,0.00111458333333332,True,normal
E01004456,Waltham Forest 006E,2,0.0063105709876543,0.00315528549382715,True,normal
E01004379,Waltham Forest 007A,5,0.0,0.0,True,B_underutilised
E01004380,Waltham Forest 007B,4,0.033713734567901,0.00842843364197525,True,normal
E01004381,Waltham Forest 007C,20,0.18172839506057073,0.006392862654292043,True,normal
E01004383,Waltham Forest 007D,8,0.0,0.0,True,B_underutilised
E01004387,Waltham Forest 007E,5,0.0896222993827159,0.017924459876543182,True,normal
E01004388,Waltham Forest 007F,4,0.0,0.0,True,B_underutilised
E01004343,Waltham Forest 008A,8,0.015578703702932016,0.0019238522376060895,True,normal
E01004344,Waltham Forest 008B,12,0.07017901234567869,0.0058482510288065575,True,normal
E01004382,Waltham Forest 008C,6,3.935185185185186e-05,6.558641975308643e-06,True,normal
E01004418,Waltham Forest 008D,11,0.0667087191350306,0.006064429012275509,True,normal
E01004419,Waltham Forest 008E,9,0.0534567901234566,0.004587255658436201,True,normal
E01004398,Waltham Forest 009A,6,0.0326041666666666,0.005434027777777767,True,normal
E01004399,Waltham Forest 009B,3,1.0802469135802469e-05,3.6008230452674896e-06,True,normal
E01004400,Waltham Forest 009C,8,5.5941358024691354e-05,6.992669753086419e-06,True,normal
E01004402,Waltham Forest 009D,10,0.03073842592438249,0.003073842592438249,True,normal
E01004403,Waltham Forest 009E,5,0.0289544753086419,0.00579089506172838,True,normal
E01004345,Waltham Forest 010A,11,0.08619097222145039,0.007835542929222762,True,normal
E01004348,Waltham Forest 010B,16,0.0353406635802468,0.002208791473765425,True,normal
E01004377,Waltham Forest 010C,14,0.065884259259259,0.0047060185185185,True,normal
E01004378,Waltham Forest 010D,10,0.013337962962962946,0.0013337962962962945,True,normal
E01004342,Waltham Forest 011A,9,0.0017650462962962383,0.0001961162551440265,True,normal
E01004346,Waltham Forest 011B,11,0.014868827159722047,0.0013517115599747315,True,normal
E01004347,Waltham Forest 011C,8,0.011943672839120284,0.0014929591048900355,True,normal
E01004460,Waltham Forest 011D,15,0.3646188271539347,0.016926225994264372,True,normal
E01004462,Waltham Forest 011E,10,0.05595177469097196,0.005167611882677446,True,normal
E01004396,Waltham Forest 012A,5,0.0369868827156635,0.0073973765431327,True,normal
E01004457,Waltham Forest 012B,9,0.0329868827152775,0.0036652091905863887,True,normal
E01004458,Waltham Forest 012C,7,0.0,0.0,True,B_underutilised
E01004459,Waltham Forest 012D,1,0.0,0.0,True,B_underutilised
E01004463,Waltham Forest 012E,16,0.11712075617013859,0.0044365113810884305,True,normal
E01004407,Waltham Forest 013A,2,0.0036057098765432,0.0018028549382716,True,normal
E01004410,Waltham Forest 013B,10,0.0962731481473765,0.004813657407368825,True,normal
E01004464,Waltham Forest 013C,4,0.0090254629629629,0.002256365740740725,True,normal
E01004469,Waltham Forest 013D,10,0.028378086419367198,0.0028378086419367198,True,normal
E01004470,Waltham Forest 013E,11,0.01289197530864186,0.0011719977553310782,True,normal
E01004471,Waltham Forest 013F,6,0.0389633487654321,0.00649389146090535,True,normal
E01004391,Waltham Forest 014A,8,0.12377932098765398,0.013319251543209842,True,normal
E01004393,Waltham Forest 014B,3,0.013295524691357901,0.004431841563785967,True,normal
E01004401,Waltham Forest 014C,13,0.058467592591434844,0.004497507122418065,True,normal
E01004404,Waltham Forest 014D,9,0.0538260030864194,0.0047755701303154666,True,normal
E01034485,Waltham Forest 014F,10,0.01358912036998449,0.001358912036998449,True,normal
E01034486,Waltham Forest 014G,0,0.0,,False,A_true_desert
E01004412,Waltham Forest 015A,10,0.0211331018514659,0.00211331018514659,True,normal
E01004465,Waltham Forest 015B,14,0.03157561728317869,0.0022554012345127636,True,normal
E01004466,Waltham Forest 015C,11,0.0611041666666665,0.0055549242424242275,True,normal
E01004467,Waltham Forest 015D,5,8.719135763888888e-05,1.7438271527777775e-05,True,normal
E01004468,Waltham Forest 015E,10,0.024298611110725198,0.00242986111107252,True,normal
E01004406,Waltham Forest 016A,6,0.003318287037037,0.0005530478395061666,True,normal
E01004408,Waltham Forest 016B,8,0.07510995370331762,0.009388744212914702,True,normal
E01004409,Waltham Forest 016C,15,0.0447932098761571,0.0029862139917438066,True,normal
E01004411,Waltham Forest 016D,7,0.0301685956782406,0.0043097993826058,True,normal
E01004443,Waltham Forest 016E,15,0.01023958333333324,0.0006810442386831213,True,normal
E01004447,Waltham Forest 016F,19,0.14994444444444377,0.007354298651721865,True,normal
E01004392,Waltham Forest 017A,10,0.0702646604903546,0.00702646604903546,True,normal
E01004394,Waltham Forest 017B,5,0.015136574073688224,0.0030273148147376447,True,normal
E01004397,Waltham Forest 017C,15,0.0196836419749228,0.0013122427983281867,True,normal
E01004444,Waltham Forest 017D,13,0.001466049382716,0.00011277302943969231,True,normal
E01004446,Waltham Forest 017E,12,0.0057461419753085,0.0004788451646090417,True,normal
E01004395,Waltham Forest 018A,17,0.0599787808622683,0.0035281635801334295,True,normal
E01004421,Waltham Forest 018B,13,0.08829320987654313,0.006791785375118702,True,normal
E01004445,Waltham Forest 018C,10,0.0059475308641975,0.00059475308641975,True,normal
E01004448,Waltham Forest 018D,9,0.05475462962808628,0.0060838477364540304,True,normal
E01004449,Waltham Forest 018E,3,0.038988811728394995,0.012996270576131666,True,normal
E01004363,Waltham Forest 019A,17,0.17576929012191314,0.010339370007171361,True,normal
E01004364,Waltham Forest 019B,19,0.1174691358020828,0.0061825860948464635,True,normal
E01004366,Waltham Forest 019C,13,0.19900192901157368,0.015307840693197976,True,normal
E01004367,Waltham Forest 019D,11,0.0453348765432098,0.004121352413019073,True,normal
E01004368,Waltham Forest 019E,8,0.0800266203703702,0.010003327546296275,True,normal
E01004365,Waltham Forest 020A,8,0.0002094907403548432,2.61863425443554e-05,True,normal
E01004405,Waltham Forest 020B,13,0.10964776234567873,0.008434443257359902,True,normal
E01004420,Waltham Forest 020C,13,0.0329695216045522,0.0025361170465040155,True,normal
E01004423,Waltham Forest 020D,9,0.14905594135763858,0.016561771261959842,True,normal
E01034487,Waltham Forest 020H,1,0.0,0.0,True,B_underutilised
E01034488,Waltham Forest 020I,5,0.0988468364185956,0.01976936728371912,True,normal
E01004362,Waltham Forest 021A,8,0.0,0.0,True,B_underutilised
E01004436,Waltham Forest 021B,16,0.0634915123456787,0.003968219521604918,True,normal
E01004437,Waltham Forest 021C,6,0.01655941358024685,0.002759902263374475,True,normal
E01004439,Waltham Forest 021D,8,0.010728009259259198,0.0013410011574073997,True,normal
E01004442,Waltham Forest 021E,13,0.07340702160378067,0.00564669396952159,True,normal
E01004422,Waltham Forest 022A,10,0.05274845678896576,0.005274845678896576,True,normal
E01004424,Waltham Forest 022B,8,0.08307445987577129,0.010384307484471412,True,normal
E01004425,Waltham Forest 022C,13,0.026594135802083002,0.0020457027540063846,True,normal
E01004426,Waltham Forest 022D,15,0.039705246912422595,0.0026470164608281732,True,normal
E01004427,Waltham Forest 022E,9,0.0323344907403547,0.0035927211933727446,True,normal
E01004369,Waltham Forest 023A,12,0.05002777777700604,0.00416898148141717,True,normal
E01004370,Waltham Forest 023B,13,0.07325347222222196,0.005634882478632459,True,normal
E01004372,Waltham Forest 023C,6,0.01018711419675907,0.0016978523661265116,True,normal
E01004432,Waltham Forest 023D,13,0.08883641975231464,0.00683357075017805,True,normal
E01004435,Waltham Forest 023E,8,0.0532523148136572,0.00665653935170715,True,normal
E01004333,Waltham Forest 024A,9,0.32686998456751526,0.03631888717416836,True,normal
E01004334,Waltham Forest 024B,7,0.1413441358009257,0.020192019400132242,True,normal
E01004438,Waltham Forest 024C,21,0.23606905864004604,0.006459481554903357,True,normal
E01004440,Waltham Forest 024D,14,0.46554282406751496,0.0189835345015294,True,normal
E01004441,Waltham Forest 024E,7,0.0230254629629629,0.003289351851851843,True,normal
E01004371,Waltham Forest 025A,14,0.027352237653935015,0.0019537312609953584,True,normal
E01004373,Waltham Forest 025B,7,0.045874999999228096,0.0065535714284611565,True,normal
E01004374,Waltham Forest 025C,14,0.04228317901234552,0.003020227072310394,True,normal
E01004375,Waltham Forest 025D,12,0.1203248456786261,0.010027070473218842,True,normal
E01004376,Waltham Forest 025E,8,0.5011581790115738,0.06264477237644672,True,normal
E01004336,Waltham Forest 026A,12,0.12831211419637317,0.01000614068923609,True,normal
E01004428,Waltham Forest 026B,7,3.896604899691358e-05,5.566578428130512e-06,True,normal
E01004429,Waltham Forest 026C,6,0.0524104938271603,0.008735082304526716,True,normal
E01004430,Waltham Forest 026D,7,0.0557098765420523,0.007958553791721756,True,normal
E01004434,Waltham Forest 026E,6,0.002949074074074,0.000491512345679,True,normal
E01004335,Waltham Forest 027A,8,0.024498070987654202,0.0020704571759259127,True,normal
E01004337,Waltham Forest 027B,12,0.1404915123449073,0.011707626028742276,True,normal
E01004338,Waltham Forest 027C,10,0.0403726851847992,0.0040372685184799206,True,normal
E01004339,Waltham Forest 027D,11,0.09062538580053961,0.008238671436412692,True,normal
E01004340,Waltham Forest 027E,11,0.026808256171682,0.0024371141974256364,True,normal
E01004341,Waltham Forest 027F,3,0.011225308641975299,0.0037417695473250996,True,normal
E01004327,Waltham Forest 028A,6,0.06338348765316337,0.010563914608860562,True,normal
E01004328,Waltham Forest 028B,13,0.14379128086342546,0.00956580899805612,True,normal
E01004329,Waltham Forest 028C,20,0.05819135802391951,0.0029095679011959755,True,normal
E01004330,Waltham Forest 028D,16,0.16376466049305516,0.007305073302420887,True,normal
E01004331,Waltham Forest 028E,16,0.2557627314803235,0.01598517071752022,True,normal
E01004332,Waltham Forest 028F,18,0.1521331018510799,0.00845183899172666,True,normal
E01004560,Wandsworth 001A,9,0.6485694444390426,0.053156664380143985,True,normal
E01004566,Wandsworth 001B,2,0.19008256172800903,0.041926440329153734,True,normal
E01004582,Wandsworth 001C,4,0.5614050925910492,0.1403512731477623,True,normal
E01004583,Wandsworth 001D,0,0.0,,False,A_true_desert
E01004539,Wandsworth 003A,2,0.0874895833314042,0.0437447916657021,True,normal
E01004540,Wandsworth 003B,11,0.3456836419714503,0.027670758510732297,True,normal
E01004577,Wandsworth 003C,8,0.0332908950617282,0.004161361882716025,True,normal
E01004584,Wandsworth 003D,1,0.0684193672839506,0.0684193672839506,True,normal
E01004579,Wandsworth 004B,12,0.2615011574066354,0.021791763117219615,True,normal
E01004580,Wandsworth 004C,10,0.23438310184876499,0.0234383101848765,True,normal
E01004581,Wandsworth 004D,3,0.09353626543171291,0.031178755143904304,True,normal
E01033099,Wandsworth 004E,2,0.1260354938267744,0.021005915637795733,True,normal
E01033133,Wandsworth 004G,0,0.0,,False,A_true_desert
E01035488,Wandsworth 004H,1,0.0478341049378858,0.0478341049378858,True,normal
E01035489,Wandsworth 004I,0,0.0,,False,A_true_desert
E01004565,Wandsworth 005A,10,0.39271759258256117,0.039271759258256114,True,normal
E01004590,Wandsworth 005B,6,0.1521759259247684,0.025362654320794733,True,normal
E01004591,Wandsworth 005C,29,0.4236400462932091,0.01275486465862244,True,normal
E01004592,Wandsworth 005D,4,0.0805451388877313,0.020136284721932823,True,normal
E01004604,Wandsworth 006A,17,0.6866269290054006,0.03789750136126994,True,normal
E01004605,Wandsworth 006B,20,0.3416601080231475,0.017083005401157376,True,normal
E01004606,Wandsworth 006C,17,0.3140489969104931,0.018473470406499593,True,normal
E01004607,Wandsworth 006D,6,0.1608260030860337,0.026804333847672283,True,normal
E01004608,Wandsworth 006E,6,0.0912091049374997,0.008551526063057239,True,normal
E01004535,Wandsworth 007A,3,0.0791689814783949,0.0263896604927983,True,normal
E01004537,Wandsworth 007B,2,0.1413317901222993,0.07066589506114965,True,normal
E01004538,Wandsworth 007C,5,0.2839398148136574,0.056787962962731475,True,normal
E01004541,Wandsworth 007D,4,0.1228695987627314,0.03071739969068285,True,normal
E01004534,Wandsworth 008A,10,0.2194679783923606,0.019262487139724754,True,normal
E01004536,Wandsworth 008B,6,0.6604679783919749,0.09484350351471404,True,normal
E01004552,Wandsworth 008C,13,0.41031404317939774,0.022336612652866777,True,normal
E01004585,Wandsworth 008D,9,0.05006134259182069,0.0032328532235510713,True,normal
E01004588,Wandsworth 008E,6,0.08844521604706758,0.01474086934117793,True,normal
E01004554,Wandsworth 009A,18,0.1993240740717585,0.01107355967065325,True,normal
E01004556,Wandsworth 009B,18,0.5209567901195982,0.02894204389553323,True,normal
E01004586,Wandsworth 009C,43,0.16722800925887255,0.00344490800554178,True,normal
E01004587,Wandsworth 009D,57,0.1978437499996131,0.0034709429824493526,True,normal
E01004589,Wandsworth 009E,43,0.3524949845671285,0.007517474758332112,True,normal
E01004511,Wandsworth 010B,7,0.1732295524683638,0.016118845531966446,True,normal
E01004602,Wandsworth 010C,38,0.11212962962577082,0.002950779726993969,True,normal
E01004609,Wandsworth 010E,8,0.0435628858016974,0.005445360725212175,True,normal
E01033135,Wandsworth 010G,22,0.1097858796288573,0.00499026725585715,True,normal
E01035490,Wandsworth 010H,6,0.17658024691203672,0.02450996656356091,True,normal
E01035491,Wandsworth 010I,2,0.0987592592588733,0.01645987654314555,True,normal
E01035492,Wandsworth 010J,0,0.0,,False,A_true_desert
E01035493,Wandsworth 010K,4,0.3920844907229937,0.061533950614920875,True,normal
E01004506,Wandsworth 011A,3,0.1531936728391202,0.017021519204346688,True,normal
E01004638,Wandsworth 011B,3,1.54320987654321e-05,5.1440329218107e-06,True,normal
E01004639,Wandsworth 011C,0,0.0,,False,A_true_desert
E01004640,Wandsworth 011D,6,0.1221111111099535,0.020351851851658918,True,normal
E01004641,Wandsworth 011E,3,0.4266180555547838,0.14220601851826128,True,normal
E01004508,Wandsworth 012A,5,0.2151550925906634,0.02042710905331788,True,normal
E01004510,Wandsworth 012B,3,0.1286624228387344,0.04288747427957814,True,normal
E01004514,Wandsworth 012C,12,0.3814999999976849,0.03179166666647374,True,normal
E01004515,Wandsworth 012D,4,0.10405787036959871,0.026014467592399677,True,normal
E01004551,Wandsworth 012E,3,0.1423491512334103,0.01581657235926781,True,normal
E01004568,Wandsworth 013A,0,0.0,,False,A_true_desert
E01004574,Wandsworth 013B,2,0.164303240739969,0.0821516203699845,True,normal
E01004575,Wandsworth 013C,5,0.0623827160489966,0.01247654320979932,True,normal
E01004576,Wandsworth 013D,3,0.376841820984182,0.11467035322243653,True,normal
E01004500,Wandsworth 014A,8,0.19134452160493812,0.023918065200617265,True,normal
E01004501,Wandsworth 014B,4,0.090996913579475,0.015046031056905818,True,normal
E01004503,Wandsworth 014C,3,0.01982098765354931,0.006606995884516437,True,normal
E01004505,Wandsworth 014D,8,0.1788283178981478,0.022353539737268474,True,normal
E01004507,Wandsworth 014E,5,0.23366203702083313,0.026749421294598737,True,normal
E01004553,Wandsworth 015A,10,0.056402391974536704,0.005640239197453671,True,normal
E01004557,Wandsworth 015B,16,0.3134405864182092,0.019590036651138076,True,normal
E01004558,Wandsworth 015C,8,0.4574031635787032,0.04954552469116508,True,normal
E01004559,Wandsworth 015D,13,0.27968479938194407,0.02151421533707262,True,normal
E01004619,Wandsworth 015E,7,0.074659336419367,0.0098570601851576,True,normal
E01004572,Wandsworth 016A,5,0.5600455246874998,0.11200910493749996,True,normal
E01004642,Wandsworth 016B,9,0.2080609567878084,0.01798326045934068,True,normal
E01004643,Wandsworth 016C,2,0.0202337962962962,0.0101168981481481,True,normal
E01004644,Wandsworth 016D,9,0.4878476080196755,0.03804012345644715,True,normal
E01004645,Wandsworth 016E,5,0.0481049382708331,0.00962098765416662,True,normal
E01004477,Wandsworth 017A,19,0.37629899691087887,0.017628932477670802,True,normal
E01004478,Wandsworth 017B,34,0.5644162808611101,0.016319750816902658,True,normal
E01004479,Wandsworth 017C,16,0.2668804012330239,0.016680025077063995,True,normal
E01004550,Wandsworth 017D,8,0.0675073302465275,0.008438416280815937,True,normal
E01004555,Wandsworth 017E,27,0.3708298611064807,0.013086591220693274,True,normal
E01004494,Wandsworth 018A,6,0.3633742283927468,0.060562371398791136,True,normal
E01004513,Wandsworth 018B,6,0.1554243827160492,0.025904063786008198,True,normal
E01004601,Wandsworth 018D,3,0.1775536265428239,0.059184542180941296,True,normal
E01035494,Wandsworth 018E,1,0.2138557098753856,0.07128523662512853,True,normal
E01035495,Wandsworth 018F,0,0.0,,False,A_true_desert
E01004493,Wandsworth 019A,8,0.5545686728375768,0.0693210841046971,True,normal
E01004512,Wandsworth 019B,16,0.47020987654166635,0.029388117283854147,True,normal
E01004620,Wandsworth 019C,16,0.553562885799768,0.0345976803624855,True,normal
E01004621,Wandsworth 019D,3,0.1099629629618053,0.018649948559456387,True,normal
E01004623,Wandsworth 019E,12,0.3864668209845674,0.032205568415380616,True,normal
E01004627,Wandsworth 019F,13,0.5023753857989965,0.038644260446076655,True,normal
E01004499,Wandsworth 020A,7,0.1339618055520831,0.019137400793154728,True,normal
E01004502,Wandsworth 020B,10,0.5719918981454472,0.057199189814544714,True,normal
E01004504,Wandsworth 020C,4,0.21885262345640422,0.054713155864101054,True,normal
E01004594,Wandsworth 020D,12,0.1757662037021602,0.012049864969039328,True,normal
E01004596,Wandsworth 020E,22,0.5608553240690578,0.024012901000543596,True,normal
E01004629,Wandsworth 020F,5,0.1572098765416664,0.03144197530833328,True,normal
E01004472,Wandsworth 021A,9,0.315513117282407,0.03505701303137856,True,normal
E01004474,Wandsworth 021B,7,0.28492862653742274,0.031175540122859707,True,normal
E01004476,Wandsworth 021C,2,0.0,0.0,True,B_underutilised
E01004542,Wandsworth 021D,23,0.5313973765432094,0.023104233762748234,True,normal
E01004544,Wandsworth 021E,14,0.21995717592399638,0.015711226851714027,True,normal
E01004628,Wandsworth 022A,9,0.3356574074050923,0.03400797325077158,True,normal
E01004630,Wandsworth 022B,7,0.20269367283873438,0.028956238976962055,True,normal
E01004631,Wandsworth 022C,6,0.37698804012114173,0.0628313400201903,True,normal
E01004633,Wandsworth 022D,4,0.0197662037037036,0.0049415509259259,True,normal
E01004569,Wandsworth 023A,10,0.8808128857974532,0.08699064428962186,True,normal
E01004570,Wandsworth 023B,2,0.0119675925925925,0.00598379629629625,True,normal
E01004571,Wandsworth 023C,2,0.0,0.0,True,B_underutilised
E01004573,Wandsworth 023D,7,0.6370979938229164,0.07718736221288025,True,normal
E01004495,Wandsworth 024A,5,0.1498784722210644,0.013702777777719855,True,normal
E01004496,Wandsworth 024B,4,0.0907276234556326,0.02268190586390815,True,normal
E01004497,Wandsworth 024C,2,0.0496913580243055,0.02484567901215275,True,normal
E01004622,Wandsworth 024D,7,0.42904166666242294,0.03064583333303021,True,normal
E01004624,Wandsworth 024E,12,0.2292569444429007,0.014745091735167998,True,normal
E01004593,Wandsworth 025A,14,0.49666242283680506,0.035475887345486075,True,normal
E01004595,Wandsworth 025B,7,0.0999347993815585,0.014276399911651213,True,normal
E01004597,Wandsworth 025C,9,0.11393557098649659,0.01265950788738851,True,normal
E01004598,Wandsworth 025D,8,0.1493692129625768,0.0186711516203221,True,normal
E01004599,Wandsworth 025E,19,0.24104745370177413,0.01268670808956706,True,normal
E01004473,Wandsworth 026A,10,0.3186724537006171,0.031867245370061706,True,normal
E01004475,Wandsworth 026B,12,0.1226844135779319,0.010223701131494326,True,normal
E01004480,Wandsworth 026C,7,0.1159263117272374,0.01656090167531963,True,normal
E01004483,Wandsworth 026D,3,0.0686157407395831,0.02287191357986103,True,normal
E01004484,Wandsworth 026E,5,0.0730316358020832,0.01460632716041664,True,normal
E01004486,Wandsworth 026F,7,0.5402075617280089,0.07530505952378193,True,normal
E01004543,Wandsworth 027A,13,0.1491504629625768,0.011473112535582832,True,normal
E01004545,Wandsworth 027B,3,0.0032476851851851,0.0010825617283950334,True,normal
E01004546,Wandsworth 027C,12,0.10393827160416637,0.008661522633680531,True,normal
E01004549,Wandsworth 027D,6,0.0971496913572529,0.01619161522620882,True,normal
E01004625,Wandsworth 027E,14,0.3934895833298606,0.02810639880927576,True,normal
E01004626,Wandsworth 027F,8,0.1867179783942898,0.0193935988939686,True,normal
E01004632,Wandsworth 028A,13,0.11810879629513843,0.009085292022702956,True,normal
E01004634,Wandsworth 028B,0,0.0,,False,A_true_desert
E01004635,Wandsworth 028C,7,0.28608873456442874,0.04086981922348982,True,normal
E01004636,Wandsworth 028D,0,0.0,,False,A_true_desert
E01004637,Wandsworth 028E,4,0.35856867283796273,0.08964216820949068,True,normal
E01004481,Wandsworth 029A,5,0.4663746141952158,0.07637003600781889,True,normal
E01004488,Wandsworth 029B,9,0.05880324074074041,0.006533693415637824,True,normal
E01004547,Wandsworth 029C,7,0.2923368055536264,0.0417624007933752,True,normal
E01004548,Wandsworth 029D,12,0.5455652006107251,0.02326785943902712,True,normal
E01004482,Wandsworth 030A,10,0.1679969135794751,0.01679969135794751,True,normal
E01004485,Wandsworth 030B,10,0.2425528549347989,0.02425528549347989,True,normal
E01004487,Wandsworth 030C,5,0.097822916665895,0.019564583333179,True,normal
E01004489,Wandsworth 030D,16,0.23749768518209818,0.012002057612991866,True,normal
E01004490,Wandsworth 031A,8,0.13160300925771584,0.013019145447362056,True,normal
E01004491,Wandsworth 031B,3,0.0793854166658949,0.0264618055552983,True,normal
E01004492,Wandsworth 031C,10,0.065606481479552,0.006560648147955201,True,normal
E01004498,Wandsworth 031D,13,0.1803441358005397,0.013872625830810746,True,normal
E01004532,Wandsworth 032A,5,0.153733024690972,0.0307466049381944,True,normal
E01004611,Wandsworth 032B,12,0.1499533179004626,0.007400859482103028,True,normal
E01004612,Wandsworth 032C,5,0.39160841049228384,0.07832168209845677,True,normal
E01004618,Wandsworth 032D,11,0.5976693672816356,0.05433357884378505,True,normal
E01004531,Wandsworth 033A,4,0.0973676697523147,0.024341917438078675,True,normal
E01004533,Wandsworth 033B,3,0.0338614969124228,0.011287165637474268,True,normal
E01004610,Wandsworth 033C,15,0.8627581018495364,0.05751720678996909,True,normal
E01004613,Wandsworth 033D,4,0.24611844135648142,0.061529610339120355,True,normal
E01004614,Wandsworth 034A,7,0.26118441357908917,0.030784915123318962,True,normal
E01004615,Wandsworth 034B,4,0.09414197530709853,0.009778099279578166,True,normal
E01004616,Wandsworth 034C,0,0.0,,False,A_true_desert
E01004617,Wandsworth 034D,2,0.35267091049305554,0.17633545524652777,True,normal
E01004525,Wandsworth 035A,0,0.0,,False,A_true_desert
E01004526,Wandsworth 035B,2,0.1768418209868827,0.08842091049344135,True,normal
E01004527,Wandsworth 035C,0,0.0,,False,A_true_desert
E01004528,Wandsworth 035D,2,0.15093402777662018,0.04872447273617536,True,normal
E01004529,Wandsworth 035E,13,0.1756222993788576,0.013509407644527507,True,normal
E01004530,Wandsworth 035F,8,0.17354629629282375,0.02169328703660297,True,normal
E01004516,Wandsworth 036A,22,0.5580995370289347,0.025368160774042484,True,normal
E01004518,Wandsworth 036B,15,0.6567484567878081,0.04378323045252054,True,normal
E01004519,Wandsworth 036C,5,0.3425084876508487,0.06850169753016974,True,normal
E01004520,Wandsworth 036D,5,0.0815898919753085,0.0163179783950617,True,normal
E01004523,Wandsworth 036E,4,0.0870455246913579,0.021761381172839475,True,normal
E01004517,Wandsworth 037A,8,0.3158445216026231,0.03948056520032789,True,normal
E01004521,Wandsworth 037B,18,0.45335339505555466,0.025186299725308593,True,normal
E01004522,Wandsworth 037C,2,0.0678645833329472,0.015783757715985,True,normal
E01004524,Wandsworth 037D,3,0.0841763117280092,0.028058770576003065,True,normal
E01033098,Wandsworth 038C,0,0.0,,False,A_true_desert
E01033132,Wandsworth 038D,2,2.819398148123456,0.0906064814809876,True,normal
E01035496,Wandsworth 038A,0,0.0,,False,A_true_desert
E01035497,Wandsworth 038B,0,0.0,,False,A_true_desert
E01035498,Wandsworth 038E,1,0.0268101851840277,0.0268101851840277,True,normal
E01004563,Wandsworth 039E,4,0.5295636573877313,0.0914331597197627,True,normal
E01004564,Wandsworth 039D,9,0.2074969135798607,0.02305521261998452,True,normal
E01004567,Wandsworth 039A,2,0.11151003086342581,0.055755015431712907,True,normal
E01033100,Wandsworth 039B,3,0.0001454475304783,4.8482510159433335e-05,True,normal
E01035499,Wandsworth 039C,1,0.0208406635802469,0.0208406635802469,True,normal
E01004647,Westminster 001A,41,0.7186277006122668,0.015826525331112576,True,normal
E01004649,Westminster 001B,19,0.16242283950578665,0.00854857050030456,True,normal
E01004724,Westminster 001C,21,0.43819830246527675,0.011671101098482942,True,normal
E01004730,Westminster 001D,24,0.3231689814760797,0.013465374228169987,True,normal
E01004646,Westminster 002A,55,0.9113445215976059,0.015869276094149794,True,normal
E01004648,Westminster 002B,31,0.42648842592322406,0.011028597089398282,True,normal
E01004650,Westminster 002C,38,0.46845679011766855,0.012327810266254435,True,normal
E01004710,Westminster 002D,20,0.4856358024629623,0.024281790123148114,True,normal
E01004711,Westminster 002E,10,0.20633526234490718,0.020633526234490718,True,normal
E01004651,Westminster 003A,14,0.2004170524672065,0.014315503747657608,True,normal
E01004725,Westminster 003B,17,1.3090073301720668,0.03236709672147327,True,normal
E01004726,Westminster 003C,21,0.43672453703394987,0.019637942754115196,True,normal
E01004728,Westminster 003D,12,0.7503503086134252,0.04041327481865672,True,normal
E01004729,Westminster 003E,6,0.043491898146990574,0.007248649691165096,True,normal
E01004718,Westminster 004A,38,0.2804074074050916,0.00737914230013399,True,normal
E01004719,Westminster 004B,46,0.3206342592554001,0.006970309983813046,True,normal
E01004720,Westminster 004C,55,0.5221118827060168,0.008571095211199935,True,normal
E01004721,Westminster 004D,42,0.47873958332870287,0.010696750073385122,True,normal
E01004722,Westminster 004E,35,0.27268325617090966,0.007790950176311704,True,normal
E01004674,Westminster 005A,28,0.3488927469116506,0.012460455246844665,True,normal
E01004675,Westminster 005B,33,0.9249776234521595,0.02621248363249974,True,normal
E01004677,Westminster 005C,39,0.6091381172584865,0.011309987337418857,True,normal
E01004678,Westminster 005D,31,0.31586458332831646,0.010189180107365046,True,normal
E01004679,Westminster 005E,27,0.7559714506141968,0.02799894261534062,True,normal
E01004723,Westminster 005F,30,0.3613622685146598,0.010016302297556562,True,normal
E01004676,Westminster 006A,29,0.4406041666620359,0.0151932471262771,True,normal
E01004706,Westminster 006B,29,0.24891975308294687,0.008583439761480927,True,normal
E01004707,Westminster 006C,57,0.39910108024035346,0.006170783020974321,True,normal
E01004708,Westminster 006D,21,0.3177168209818667,0.014189263668173106,True,normal
E01004756,Westminster 006E,19,0.41058796295949024,0.02160989278734159,True,normal
E01004701,Westminster 007A,22,0.21153240740354828,0.005466606165675813,True,normal
E01004703,Westminster 007B,63,1.1322353394934397,0.017514283876932046,True,normal
E01004705,Westminster 007D,20,0.43238773147569387,0.021619386573784694,True,normal
E01004709,Westminster 007E,23,0.7821948302102618,0.026981934379143157,True,normal
E01035715,Westminster 007H,40,1.3278993055486095,0.030878192515268098,True,normal
E01004659,Westminster 008A,20,0.5801331018468352,0.02473449074055743,True,normal
E01004660,Westminster 008B,11,0.18507677468827127,0.01682516133529739,True,normal
E01004712,Westminster 008C,9,0.15318479938271587,0.01702053326474621,True,normal
E01004727,Westminster 008D,8,0.3889942129529319,0.03842146508376735,True,normal
E01004670,Westminster 009A,9,0.8052310956462186,0.06692890517637598,True,normal
E01004702,Westminster 009E,20,0.04599189814660435,0.002293508873379602,True,normal
E01033598,Westminster 009F,7,0.07483256172800906,0.008467206790068323,True,normal
E01033601,Westminster 009G,4,0.1947434413560955,0.04548442322497104,True,normal
E01033602,Westminster 009H,2,0.0059506172839506,0.0029753086419753,True,normal
E01033603,Westminster 009I,3,0.011583333332947447,0.0038611111109824823,True,normal
E01033604,Westminster 009J,5,0.17568634259220658,0.03513726851844132,True,normal
E01033605,Westminster 009K,15,0.35963271604475266,0.02397551440298351,True,normal
E01004754,Westminster 010A,10,0.5088452932048609,0.050884529320486094,True,normal
E01004755,Westminster 010B,7,0.2485243055547838,0.03550347222211197,True,normal
E01004757,Westminster 010C,24,0.3104131944390422,0.012933883101626758,True,normal
E01032512,Westminster 010F,8,0.6663649691334875,0.08329562114168594,True,normal
E01032513,Westminster 010G,15,0.09785416666628047,0.006523611111085364,True,normal
E01004713,Westminster 011A,30,0.49334452160185094,0.012021223422427956,True,normal
E01004714,Westminster 011B,50,0.6350648148082549,0.010110250771500748,True,normal
E01004716,Westminster 011C,18,0.3749726080200611,0.016965031292641857,True,normal
E01004717,Westminster 011D,10,0.235763503085262,0.0235763503085262,True,normal
E01004762,Westminster 011E,23,0.7306959876504622,0.01537210648136963,True,normal
E01004657,Westminster 012A,25,0.7407932098333323,0.01943333333237651,True,normal
E01004658,Westminster 012B,8,0.5526222993796293,0.06907778742245366,True,normal
E01004661,Westminster 012C,14,0.2557646604907405,0.015270681767898463,True,normal
E01004662,Westminster 012D,8,0.41950270061226813,0.045647714119839845,True,normal
E01004663,Westminster 012E,19,0.12850655864081734,0.006763503086358807,True,normal
E01004715,Westminster 013A,20,0.34437962962692825,0.013854812885677048,True,normal
E01004763,Westminster 013B,14,0.3204849537013884,0.01474001047164349,True,normal
E01004765,Westminster 013D,20,0.5066122685135024,0.01765066229405218,True,normal
E01035716,Westminster 013G,18,1.062319444437885,0.04170009216370882,True,normal
E01004653,Westminster 014A,38,0.4274174382662029,0.011247827322794812,True,normal
E01004654,Westminster 014B,31,0.4145868055505395,0.013373767920985146,True,normal
E01004656,Westminster 014D,31,0.5295123456728386,0.014086419752930828,True,normal
E01004760,Westminster 014E,18,0.5737916666639656,0.027754843964241806,True,normal
E01035717,Westminster 014H,36,0.717680941335647,0.016654154877898848,True,normal
E01004680,Westminster 015A,14,0.0847843364182095,0.006056024029872107,True,normal
E01004683,Westminster 015B,36,0.6587878086288569,0.015102569872760176,True,normal
E01004684,Westminster 015C,14,0.05609066358024677,0.004006475970017627,True,normal
E01004686,Westminster 015E,17,0.29921913579706727,0.010284393155194688,True,normal
E01033593,Westminster 015F,3,0.2826288580135029,0.04841390174710645,True,normal
E01033594,Westminster 015G,21,0.1884320987638882,0.008972957083994676,True,normal
E01004681,Westminster 016A,6,0.4665154320979936,0.07775257201633227,True,normal
E01004682,Westminster 016B,6,0.0702754629610338,0.0117125771601723,True,normal
E01004694,Westminster 016C,31,0.5678657407388107,0.01722412012141574,True,normal
E01004697,Westminster 016D,23,0.23232060185030795,0.010100895732622085,True,normal
E01004700,Westminster 016E,22,0.2648711419737648,0.01064745545728112,True,normal
E01004652,Westminster 017A,7,0.21562075617052456,0.030802965167217793,True,normal
E01004693,Westminster 017B,23,0.1432530864170519,0.006228395061610952,True,normal
E01004695,Westminster 017C,3,0.1324884259251542,0.044162808641718065,True,normal
E01004696,Westminster 017D,5,0.07169367283873429,0.014338734567746859,True,normal
E01004698,Westminster 017E,27,0.6184490740675146,0.021205889917488254,True,normal
E01004699,Westminster 017F,26,0.7646612654282398,0.02764943910243052,True,normal
E01004734,Westminster 018A,3,0.012647762345292999,0.004215920781764333,True,normal
E01004735,Westminster 018B,15,0.4452835648097987,0.020108667695228875,True,normal
E01004736,Westminster 018C,14,2.344167823921295,0.05627869818855128,True,normal
E01004761,Westminster 018D,26,0.317472222218749,0.0122104700853365,True,normal
E01004687,Westminster 019A,24,0.44544868824228306,0.013612919559550185,True,normal
E01004690,Westminster 019D,35,0.994540509235724,0.02048594135739525,True,normal
E01004691,Westminster 019E,28,1.4254540894398133,0.035838986715921194,True,normal
E01004692,Westminster 019F,16,0.2937557870343357,0.016096655574688905,True,normal
E01035718,Westminster 019G,16,0.8593545524386569,0.04727073688083524,True,normal
E01004731,Westminster 020A,17,0.2508124999969129,0.012305805192299797,True,normal
E01004732,Westminster 020B,7,0.06440316358024681,0.009200451940035258,True,normal
E01004733,Westminster 020C,15,1.5695397375536255,0.043688074415031246,True,normal
E01004744,Westminster 020D,15,0.2822071759220674,0.018813811728137828,True,normal
E01004748,Westminster 020E,13,0.2962619598749994,0.015098542853721473,True,normal
E01004740,Westminster 021A,14,1.0746844135775457,0.07393174052011682,True,normal
E01004743,Westminster 021B,8,0.1623194444421293,0.013767614293836784,True,normal
E01004746,Westminster 021D,12,0.0606107253078701,0.0050508937756558415,True,normal
E01004747,Westminster 021E,22,0.4443055555528542,0.02019570707058428,True,normal
E01035719,Westminster 021F,17,0.5861292438252307,0.031530137981004853,True,normal
E01035720,Westminster 021G,13,0.2303730709857248,0.015796800807069054,True,normal
E01004742,Westminster 022A,10,0.6408333332943669,0.045743749998032365,True,normal
E01004749,Westminster 022B,33,1.8720652006003076,0.0532922687518413,True,normal
E01004751,Westminster 022C,17,0.22696952160146538,0.013351148329497964,True,normal
E01004752,Westminster 022D,11,0.549353395059413,0.04994121773267391,True,normal
E01004753,Westminster 022E,14,0.6972040895023142,0.04507230121961343,True,normal
E01004668,Westminster 023D,16,0.24141435184876495,0.01508839699054781,True,normal
E01004750,Westminster 023E,6,0.029082175925539976,0.00484702932092333,True,normal
E01033597,Westminster 023F,1,0.0596466049378858,0.0596466049378858,True,normal
E01033599,Westminster 023G,1,0.0271288580239197,0.0271288580239197,True,normal
E01035721,Westminster 023H,10,0.2279467592565581,0.02279467592565581,True,normal
E01004665,Westminster 024A,12,0.1342866512337958,0.011190554269482983,True,normal
E01004669,Westminster 024B,12,0.12375655864120341,0.010313046553433618,True,normal
E01004737,Westminster 024C,4,0.0360459104934411,0.009011477623360275,True,normal
E01004741,Westminster 024F,10,0.1705682870331786,0.0131758680552083,True,normal
E01035722,Westminster 024G,22,0.47825038579938206,0.021738653899971913,True,normal
